package_name,package_version,language,language_version,script_path,package_url,download_url,status,complexity,priority
protobuf,v1.3.2,go,,p/protobuf/protobuf_ubi_8.3.sh,https://github.com/gogo/protobuf,,migrated,,
protobuf,v1.3.2,go,,p/protobuf/protobuf_ubi_8.5.sh,https://github.com/gogo/protobuf,,migrated,,
protobuf,v1.2.1,go,,p/protobuf/protobuf_v1.2.1_ubi_8.5.sh,https://github.com/gogo/protobuf,,migrated,,
templates,# Source repo	:,go,,templates/build_script_go.sh,,,migrated,,
3scale-operator,master,go,,3/3scale-operator/3scale-operator-ubi_9.3.sh,https://github.com/3scale/3scale-operator,,migrated,,
3scale_toolbox,v0.18.1,go,,3/3scale_toolbox/3scale_toolbox-build.sh,https://github.com/3scale/3scale_toolbox,,migrated,,
activemq-artemis-operator,amq-broker-7.13.0.OPR.1.CR3,go,,a/activemq-artemis-operator/activemq-artemis-operator_ubi_9_3.sh,https://github.com/rh-messaging/activemq-artemis-operator,,migrated,,
activemq-artemis-operator,main,go,,a/activemq-artemis-operator/activemq-artemis-operator_ubi_8_5.sh,https://github.com/artemiscloud/activemq-artemis-operator.git,,migrated,,
activemq-artemis-operator,v0.19.2,go,,a/activemq-artemis-operator/activemq-artemis-operator_ubi_8.3.sh,https://github.com/artemiscloud/activemq-artemis-operator,,migrated,,
apd,v3.2.1,go,,a/apd/apd_ubi_9.3.sh,https://github.com/cockroachdb/apd,,migrated,,
apd,v1.1.0,go,,a/apd/github.com__cockroachdb__apd_rhel_8.3.sh,https://github.com/cockroachdb/apd,,migrated,,
certificate-transparency-go,v1.1.8,go,,c/certificate-transparency-go/certificate-transparency-go_ubi_9.3.sh,https://github.com/google/certificate-transparency-go,,migrated,,
certificate-transparency-go,v1.1.7,go,,c/certificate-transparency-go/certificate-transparency-go_ubi_8.7.sh,https://github.com/google/certificate-transparency-go,,migrated,,
certificate-transparency-go,v1.0.21,go,,c/certificate-transparency-go/github.com__google__certificate-transparency-go_rhel_8.3.sh,https://github.com/google/certificate-transparency-go,,migrated,,
common,v0.61.0,go,,c/common/common_ubi_9.3.sh,https://github.com/prometheus/common,,migrated,,
console,v1.0.4,go,,c/console/console_ubi_9.3.sh,https://github.com/containerd/console,,migrated,,
console,v0.0.0-20180822173158-c12b1e7919c1,go,,c/console/github.com__containerd__console_rhel_8.3.sh,https://github.com/containerd/console,,migrated,,
consul,v1.18.1,go,,c/consul/consul_v1.18.1_ubi_9.3.sh,https://github.com/hashicorp/consul,,migrated,,
consul,v1.4.4,go,,c/consul/consul_rhel_7.6.sh,https://github.com/hashicorp/consul,,migrated,,
consul,sdk/v0.4.0,go,,c/consul/consul_sdk_ubi8.5.sh,https://github.com/hashicorp/consul,,migrated,,
consul,v1.14.4,go,,c/consul/consul_v1.14.4_ubi_8.5.sh,https://github.com/hashicorp/consul,,migrated,,
consul,v1.22.0,go,,c/consul/consul_v1.22.0_ubi_9.6.sh,https://github.com/hashicorp/consul,,migrated,,
consul,v1.8.3,go,,c/consul/consul_ubi_8.5.sh,https://github.com/hashicorp/consul,,migrated,,
consul,v1.12.0,go,,c/consul/consul_v1.12.0_ubi_8.5.sh,https://github.com/hashicorp/consul,,migrated,,
consul,v1.12.3,go,,c/consul/consul_v1.12.3_ubi_8.5.sh,https://github.com/hashicorp/consul,,migrated,,
consul,v1.16.1,go,,c/consul/consul_v1.16.1_ubi_8.7.sh,https://github.com/hashicorp/consul,,migrated,,
continuity,v0.4.5,go,,c/continuity/continuity_ubi_9.3.sh,https://github.com/containerd/continuity,,migrated,,
eck-operator,v2.9.0,go,,e/eck-operator/eck_operator_rhel_9.3.sh,https://github.com/elastic/cloud-on-k8s,,migrated,,
etcd,v3.5.14,go,,e/etcd/etcd_ubi_9_3.sh,https://github.com/etcd-io/etcd,,migrated,,
etcd,v3.5.1,go,,e/etcd/etcd_ubi_8.5.sh,https://github.com/etcd-io/etcd,,migrated,,
filebeat,v8.13.2,go,,f/filebeat/filebeat_ubi_9.3.sh,https://github.com/elastic/beats,,migrated,,
filebeat,v8.5.0,go,,f/filebeat/filebeat_UBI_8.5.sh,https://github.com/elastic/beats.git,,migrated,,
filebeat,v8.15.2,go,,f/filebeat/filebeat_ubi_8.10.sh,https://github.com/elastic/beats,,migrated,,
filebeat,6.5.4,go,,f/filebeat/filebeat_6.5.4_rhel_7.6.sh,https://github.com/elastic/beats.git,,migrated,,
filebeat,6.5.4,go,,f/filebeat/filebeat_6.5.4_ubuntu_18.04.sh,https://github.com/elastic/beats.git,,migrated,,
filebeat,7.2.0,go,,f/filebeat/filebeat_7.2.0_redhat_7.sh,https://github.com/elastic/beats.git,,migrated,,
filebeat,7.11.1,go,,f/filebeat/filebeat_rhel_7.6.sh,https://github.com/elastic/beats.git,,migrated,,
filebeat,6.8.10,go,,f/filebeat/filebeat_ubi_8.2.sh,https://github.com/elastic/beats.git,,migrated,,
gettext-go,${1:v1.0.3},go,,g/gettext-go/gettext-go_ubi_9.3.sh,https://github.com/chai2010/gettext-go,,migrated,,
ginkgo,v2.23.4,go,,g/ginkgo/ginkgo_ubi_9.6_v2.23.4.sh,https://github.com/onsi/ginkgo,,migrated,,
gitea,v1.22.0,go,,g/gitea/gitea_ubi_9.3.sh,https://github.com/go-gitea/gitea,,migrated,,
gitea,v1.17.2,go,,g/gitea/gitea_v1.17.2.sh,https://github.com/go-gitea/gitea.git,,migrated,,
gitea,1.15.8,go,,g/gitea/build_image_gitea.sh,https://github.com/go-gitea/gitea,,migrated,,
gnostic-models,${1:v0.6.9},go,,g/gnostic-models/gnostic-models_ubi_9.3.sh,https://github.com/google/gnostic-models,,migrated,,
go-metrics,v0.5.3,go,,g/go-metrics/go-metrics_ubi_9.3.sh,https://github.com/hashicorp/go-metrics.git,,migrated,,
go-metrics,3113b8401b8a,go,,g/go-metrics/go-metrics_3113b8401b8a_ubi_8.5.sh,https://github.com/rcrowley/go-metrics,,migrated,,
go-metrics,master,go,,g/go-metrics/go-metrics_ubi_8.5.sh,https://github.com/rcrowley/go-metrics,,migrated,,
go-oidc,v3.10.0,go,,g/go-oidc/go-oidc_ubi_9.3.sh,https://github.com/coreos/go-oidc.git,,migrated,,
go-oidc,v2.1.0,go,,g/go-oidc/go-oidc_ubi_8.5.sh,https://github.com/coreos/go-oidc.git,,migrated,,
go-openapi-runtime,v0.26.2,go,,g/go-openapi-runtime/go-openapi_runtime_ubi_9.3.sh,https://github.com/go-openapi/runtime,,migrated,,
go-openapi-runtime,v0.19.0,go,,g/go-openapi-runtime/go-openapi_runtime_v019.0_ubi_8.7.sh,https://github.com/go-openapi/runtime.git,,migrated,,
gobrake,v5.6.1,go,,g/gobrake/gobrake_ubi_9.3.sh,https://github.com/airbrake/gobrake,,migrated,,
gobrake,v5.6.1,go,,g/gobrake/gobrake_ubi_8.7.sh,https://github.com/airbrake/gobrake,,migrated,,
gobrake,v2.0.9,go,,g/gobrake/gopkg.in__airbrake__gobrake.v2_rhel_8.3.sh,https://github.com/airbrake/gobrake,,migrated,,
godo,v1.114.0,go,,g/godo/godo_ubi_9.3.sh,https://github.com/digitalocean/godo,,migrated,,
godo,v1.6.0,go,,g/godo/github.com__digitalocean__godo_rhel_8.3.sh,https://github.com/digitalocean/godo,,migrated,,
godotenv,v1.5.1,go,,g/godotenv/godotenv_ubi_9.3.sh,https://github.com/joho/godotenv,,migrated,,
godotenv,v1.3.0,go,,g/godotenv/github.com__joho__godotenv_rhel_8.3.sh,https://github.com/joho/godotenv,,migrated,,
gofrs-uuid,v5.1.0,go,,g/gofrs-uuid/gofrs-uuid_ubi_9.3.sh,https://github.com/gofrs/uuid,,migrated,,
gofrs-uuid,v3.2.0+incompatible,go,,g/gofrs-uuid/github.com__gofrs__uuid_rhel_8.3.sh,https://github.com/gofrs/uuid,,migrated,,
google-uuid,v1.6.0,go,,g/google-uuid/google-uuid_ubi_9.3.sh,https://github.com/google/uuid,,migrated,,
google-uuid,v1.1.4,go,,g/google-uuid/github.com__google__uuid_rhel_8.3.sh,https://github.com/google/uuid,,migrated,,
handlers,v1.5.2,go,,h/handlers/handlers_ubi_9.3.sh,https://github.com/gorilla/handlers,,migrated,,
hcl,v2.20.1,go,,h/hcl/hcl_ubi_9.3.sh,https://github.com/hashicorp/hcl,,migrated,,
hcl,v1.0.0,go,,h/hcl/github.com__hashicorp__hcl_rhel_8.3.sh,https://github.com/hashicorp/hcl,,migrated,,
hcl,v1.0.0,go,,h/hcl/hashicorp_hcl_ubi_8.5.sh,https://github.com/hashicorp/hcl,,migrated,,
helm-2to3,v0.10.3,go,,h/helm-2to3/helm-2to3_ubi_9.3.sh,https://github.com/helm/helm-2to3.git,,migrated,,
helm-unittest,v0.5.2,go,,h/helm-unittest/helm-unittest_ubi_9.3.sh,https://github.com/helm-unittest/helm-unittest,,migrated,,
infinispan-operator,2.4.3.Final,go,,i/infinispan-operator/infinispan-operator_ubi_9.3.sh,https://github.com/infinispan/infinispan-operator,,migrated,,
inflection,v1.0.0,go,,i/inflection/inflection_ubi_8.5.sh,https://github.com/jinzhu/inflection,,migrated,,
jackson-annotations,jackson-annotations-2.14.1,go,,j/jackson-annotations/jackson-annotations_ubi_8.5.sh,https://github.com/FasterXML/jackson-annotations,,migrated,,
jaeger,v1.56.0,go,,j/jaeger/jaeger_ubi_9.3.sh,https://github.com/jaegertracing/jaeger,,migrated,,
jaeger,v1.39.0,go,,j/jaeger/jaeger_ubi8.sh,https://github.com/jaegertracing/jaeger.git,,migrated,,
jaeger-operator,v1.56.0,go,,j/jaeger-operator/jaeger-operator_ubi_9.3.sh,https://github.com/jaegertracing/jaeger-operator,,migrated,,
jaeger-operator,v1.53.0,go,,j/jaeger-operator/jaeger-operator_ubi_8.7.sh,https://github.com/jaegertracing/jaeger-operator,,migrated,,
jaeger-operator,v1.16.0,go,,j/jaeger-operator/jaeger_operator_rhel_7.6.sh,https://github.com/jaegertracing/jaeger-operator,,migrated,,
journalbeat,master,go,,j/journalbeat/journalbeat_ubi_9.3.sh,https://github.com/mheese/journalbeat,,migrated,,
kiali,v1.85.0,go,,k/kiali/kiali_ubi_9.3.sh,https://github.com/kiali/kiali.git,,migrated,,
kiali,v1.62.0,go,,k/kiali/kiali_ubi_8.5.sh,https://github.com/kiali/kiali.git,,migrated,,
kiali,v1.12.1,go,,k/kiali/kiali_rhel_7.6.sh,https://github.com/kiali/kiali/,,migrated,,
kiali,v1.35.0,go,,k/kiali/kiali_ubi_8.3.sh,https://github.com/kiali/kiali/,,migrated,,
kiali,f72ddd308c155aa00bd492a423b5aebc88b5922f,go,,k/kiali/kiali_ubi_8.4.sh,https://github.com/kiali/kiali/,,migrated,,
kiali,v1.62.0,go,,k/kiali/kiali_v1_62_0_ubi_8_5.sh,https://github.com/kiali/kiali,,migrated,,
kie-cloud-operator,7.13.4-1,go,,k/kie-cloud-operator/kie-cloud-operator_ubi_9.3.sh,https://github.com/kiegroup/kie-cloud-operator.git,,migrated,,
kie-cloud-operator,7.13.2-2,go,,k/kie-cloud-operator/kie-cloud-operator_ubi_8.6.sh,https://github.com/kiegroup/kie-cloud-operator.git,,migrated,,
metricbeat,v8.13.4,go,,m/metricbeat/metricbeat_ubi_9_3.sh,https://github.com/elastic/beats,,migrated,,
metricbeat,v8.7.0,go,,m/metricbeat/metricbeat_ubi_8.5.sh,https://github.com/elastic/beats,,migrated,,
milvus-operator,v1.1.2,go,,m/milvus-operator/milvus-operatorv1.1.2-ubi9.3.sh,https://github.com/zilliztech/${PACKAGE_NAME},,migrated,,
milvus-operator,v1.1.2,go,,m/milvus-operator/milvus-operatorv1.1.2-ubuntu22.04.sh,https://github.com/zilliztech/${PACKAGE_NAME},,migrated,,
nats-io_nats-server,v2.10.14,go,,n/nats-io_nats-server/nats-io_nata-server_ubi_9.3.sh,https://github.com/nats-io/nats-server,,migrated,,
nats-io_nats-server,v2.9.8,go,,n/nats-io_nats-server/nats-io_nata-server_ubi_8.5.sh,https://github.com/nats-io/nats-server,,migrated,,
nats-io_nats-server,v2.1.6,go,,n/nats-io_nats-server/nats-io_nats-server_rhel_8.3.sh,https://github.com/nats-io/nats-server,,migrated,,
oc,openshift-clients-4.17.0-202409111134,go,,o/oc/oc_ubi_9.3.sh,https://github.com/openshift/oc.git,,migrated,,
oc,openshift-clients-4.12.0-202208031327,go,,o/oc/oc_ubi_8.7.sh,https://github.com/openshift/oc.git,,migrated,,
opentelemetry-collector,v0.102.1,go,,o/opentelemetry-collector/opentelemetry-collector_ubi_9.3.sh,https://github.com/open-telemetry/opentelemetry-collector,,migrated,,
opentelemetry-collector,${1:-,go,,o/opentelemetry-collector/opentelemetry-collector_ubi_8.5.sh,https://github.com/open-telemetry/opentelemetry-collector,,migrated,,
opentelemetry-collector-contrib,${1:-,go,,o/opentelemetry-collector-contrib/opentelemetry-collector-contrib.sh,https://github.com/open-telemetry/opentelemetry-collector-contrib,,migrated,,
opentelemetry-collector-contrib,${1:-,go,,o/opentelemetry-collector-contrib/opentelemetry-collector-contrib_ubi_8.5.sh,https://github.com/open-telemetry/opentelemetry-collector-contrib,,migrated,,
opentelemetry-go-contrib,v1.27.0,go,,o/opentelemetry-go-contrib/opentelemetry-go-contrib_ubi_9.3.sh,https://github.com/open-telemetry/opentelemetry-go-contrib,,migrated,,
opentelemetry-go-contrib,${1:-,go,,o/opentelemetry-go-contrib/opentelemetry-go-contrib_ubi_8.5.sh,https://github.com/open-telemetry/opentelemetry-go-contrib,,migrated,,
opentelemetry-operator,v0.104.0,go,,o/opentelemetry-operator/opentelemetry-operator_ubi_9.3.sh,https://github.com/open-telemetry/opentelemetry-operator,,migrated,,
opentelemetry-operator,${1:-,go,,o/opentelemetry-operator/opentelemetry-operator_ubi_8.5.sh,https://github.com/open-telemetry/opentelemetry-operator,,migrated,,
oras,v1.1.0,go,,o/oras/oras_ubi_9.3.sh,https://github.com/oras-project/oras,,migrated,,
oras,v0.11.1,go,,o/oras/github.com_deislabs_oras_ubi_8.5.sh,https://github.com/oras-project/oras,,migrated,,
oras,v0.12.0,go,,o/oras/oras_ubi8.5.sh,https://github.com/oras-project/oras,,migrated,,
oras,v1.0.0,go,,o/oras/oras_ubi_8.7.sh,https://github.com/oras-project/oras,,migrated,,
procfs,${1:v0.15.1},go,,p/procfs/procfs_ubi_9.3.sh,https://github.com/prometheus/procfs,,migrated,,
procfs,v0.2.0,go,,p/procfs/procfs_ubi_8.5.sh,https://github.com/prometheus/procfs,,migrated,,
prometheus__client_golang,${1:v1.20.5},go,,p/prometheus__client_golang/prometheus__client_golang_ubi_9.3.sh,https://github.com/prometheus/client_golang,,migrated,,
prometheus__client_golang,e7e903064f5e9eb5da98208bae10b475d4db0f8c,go,,p/prometheus__client_golang/prometheus__client_golang_rhel_8.3.sh,https://github.com/prometheus/client_golang,,migrated,,
prometheus__client_golang,v1.8.0,go,,p/prometheus__client_golang/prometheus__client_golang_ubi_8.5.sh,https://github.com/prometheus/client_golang,,migrated,,
rclone,${SCRIPT_PACKAGE_VERSION},go,,r/rclone/rclone_ubi_9.3.sh,https://github.com/rclone/rclone.git,,migrated,,
rclone,${SCRIPT_PACKAGE_VERSION},go,,r/rclone/rclone_ubi_8.10.sh,https://github.com/rclone/rclone.git,,migrated,,
redigo,${1:-,go,,r/redigo/redigo_ubi_9_3.sh,https://github.com/gomodule/redigo,,migrated,,
redigo,${1:-,go,,r/redigo/redigo_ubi8.3.sh,https://github.com/gomodule/redigo,,migrated,,
redigo,${1:-,go,,r/redigo/redigo_ubi_8_7.sh,https://github.com/gomodule/redigo,,migrated,,
redigo,1.6.0,go,,r/redigo/redigo_ubuntu_16.04.sh,https://github.com/garyburd/redigo,,migrated,,
reference,v0.6.0,go,,r/reference/reference_ubi_9.3.sh,https://github.com/distribution/reference,,migrated,,
seaweedfs,3.71,go,,s/seaweedfs/seaweedfs_ubi_9.3.sh,https://github.com/seaweedfs/seaweedfs.git,,migrated,,
tempo-operator,v0.13.0,go,,t/tempo-operator/tempo-operator_ubi_9.3.sh,https://github.com/grafana/tempo-operator,,migrated,,
toml,${1:v1.4.0},go,,t/toml/toml_ubi_9.3.sh,https://github.com/BurntSushi/toml,,migrated,,
toml,v0.4.1,go,,t/toml/toml_v0.4.1_ubi_8.5.sh,https://github.com/BurntSushi/toml.git,,migrated,,
toml,v0.3.1,go,,t/toml/toml_ubi_8.3.sh,https://github.com/BurntSushi/toml-test,,migrated,,
traefik,v3.0.3,go,,t/traefik/traefik_ubi_9.3.sh,https://github.com/traefik/traefik,,migrated,,
traefik,v2.10.1,go,,t/traefik/traefik_ubi_8.7.sh,https://github.com/traefik/traefik,,migrated,,
vault,v1.17.2,go,,v/vault/vault_ubi_9.3.sh,https://github.com/hashicorp/vault,,migrated,,
vault,v1.15.6,go,,v/vault/vault_ubi_8.7.sh,https://github.com/hashicorp/vault,,migrated,,
vault,1.5.3,go,,v/vault/vault_rhel_8.sh,https://github.com/RediSearch/RediSearch.git,,migrated,,
vault-secrets-operator,v1.0.1,go,,v/vault-secrets-operator/vault-secrets-operator_v1.0.1_ubi_9.6.sh,https://github.com/hashicorp/${PACKAGE_NAME}.git,,migrated,,
wildfly-operator,1.1.3,go,,w/wildfly-operator/wildfly_operator_ubi_9.6.sh,https://github.com/wildfly/wildfly-operator.git,,migrated,,
wildfly-operator,0.5.6,go,,w/wildfly-operator/wildfly_operator_ubi_8.5.sh,https://github.com/wildfly/wildfly-operator.git,,migrated,,
zap,${1:-,go,,z/zap/zap_ubi_9_3.sh,https://github.com/uber-go/zap,,migrated,,
zap,${1:-,go,,z/zap/zap_ubi_8.5.sh,https://github.com/uber-go/zap,,migrated,,
zap,${1:-,go,,z/zap/zap_ubi_8_7.sh,https://github.com/uber-go/zap,,migrated,,
zapr,v1.3.0,go,,z/zapr/zapr_ubi_9.3.sh,https://github.com/go-logr/zapr,,migrated,,
zapr,v0.1.1,go,,z/zapr/github.com__go-logr__zapr_rhel_8.3.sh,https://github.com/go-logr/zapr,,migrated,,
zapr,v0.1.0,go,,z/zapr/github.com_go-logr_zapr_0.1.0_rhel_8.4.sh,https://github.com/go-logr/zapr,,migrated,,
abyss,2.3.5,go,,a/abyss/abyss_ubi_8.5.sh,https://github.com/bcgsc/abyss.git,,migrated,,
afero,v1.9.3,go,,a/afero/afero_ubi_8.5.sh,https://github.com/spf13/afero,,migrated,,
ajstarks_svgo,644b8db467af,go,,a/ajstarks_svgo/ajstarks_svgo_ubi_8.5.sh,https://github.com/ajstarks/svgo,,migrated,,
alecthomas__kingpin,2.2.6,go,,a/alecthomas__kingpin/alecthomas__kingpin_rhel_8.3.sh,https://github.com/alecthomas/kingpin,,migrated,,
alecthomas__template,fb15b899a75114aa79cc930e33c46b577cc664b1,go,,a/alecthomas__template/alecthomas__template_rhel_8.3.sh,https://github.com/alecthomas/template,,migrated,,
alecthomas__units,2efee857e7cfd4f3d0138cc3cbb1b4966962b93a,go,,a/alecthomas__units/alecthomas__units_rhel_8.3.sh,https://github.com/alecthomas/units,,migrated,,
alecthomas__units,2efee857e7cfd4f3d0138cc3cbb1b4966962b93a,go,,a/alecthomas__units/alecthomas__units_ubi_8.5.sh,https://github.com/alecthomas/units,,migrated,,
aliyun-sts-go-sdk,v0.0.0-20180326062324-cfa1a18b161f,go,,a/aliyun-sts-go-sdk/aliyun-sts-go-sdk_ubi8.5.sh,https://github.com/baiyubin/aliyun-sts-go-sdk,,migrated,,
analysis,v0.21.4,go,,a/analysis/analysis_ubi_8.7.sh,https://github.com/go-openapi/analysis,,migrated,,
analysis,v0.19.5,go,,a/analysis/github.com__go-openapi__analysis_rhel_8.3.sh,https://github.com/go-openapi/analysis,,migrated,,
analysis,b44dc874b601d9e4e2f6e19140e794ba24bead3b,go,,a/analysis/go-openapi__analysis_rhel_8.3.sh,https://github.com/go-openapi/analysis,,migrated,,
analytics-go,v2.0.1-0.20160426181448-2d840d861c32+incompatible,go,,a/analytics-go/analytics-go_ubi_8.5.sh,https://github.com/segmentio/analytics-go.git,,migrated,,
andybalholm__brotli,71eb68cc467c35a70c4b3d0c46b590260fe3f303,go,,a/andybalholm__brotli/andybalholm__brotli_rhel_8.3.sh,https://github.com/andybalholm/brotli,,migrated,,
andybalholm__brotli,71eb68cc467c35a70c4b3d0c46b590260fe3f303,go,,a/andybalholm__brotli/andybalholm_brotli_ubi_8.5.sh,https://github.com/andybalholm/brotli,,migrated,,
archiver,v3.5.0,go,,a/archiver/archiver_ubi_8.5.sh,https://github.com/mholt/archiver,,migrated,,
archiver,v3.5.0,go,,a/archiver/archiver_ubi_8.4.sh,https://github.com/mholt/archiver,,migrated,,
armon__go-metrics,v0.3.3,go,,a/armon__go-metrics/armon__go-metrics_rhel_8.3.sh,https://github.com/armon/go-metrics,,migrated,,
aryann__difflib,v0.0.0-20170710044230-e206f873d14a,go,,a/aryann__difflib/aryann__difflib_rhel_8.3.sh,https://github.com/aryann/difflib,,migrated,,
asaskevich__govalidator,593d64559f7600f29581a3ee42177f5dbded27a9,go,,a/asaskevich__govalidator/asaskevich__govalidator_rhel_8.3.sh,https://github.com/asaskevich/govalidator,,migrated,,
asdine__storm,2.2.1,go,,a/asdine__storm/asdine__storm_rhel_8.3.sh,https://github.com/asdine/storm,,migrated,,
autorest,v0.11.23,go,,a/autorest/autorest_ubi_8.5.sh,https://github.com/Azure/go-autorest,,migrated,,
aws-sdk-go,v1.44.89,go,,a/aws-sdk-go/aws-sdk-go_ubi_8.5.sh,https://github.com/aws/aws-sdk-go,,migrated,,
aws-sdk-go,v1.27.0,go,,a/aws-sdk-go/aws__aws-sdk-go_rhel_8.3.sh,https://github.com/aws/aws-sdk-go,,migrated,,
aws__aws-lambda-go,v1.13.3,go,,a/aws__aws-lambda-go/aws__aws-lambda-go_rhel_8.3.sh,https://github.com/aws/aws-lambda-go,,migrated,,
aymerick__raymond,2.0.1,go,,a/aymerick__raymond/aymerick__raymond_rhel_8.3.sh,https://github.com/aymerick/raymond,,migrated,,
azure-pipeline-go,v0.2.2,go,,a/azure-pipeline-go/azure-pipeline-go_v0.2.2_ubi8.4.sh,https://github.com/Azure/azure-pipeline-go,,migrated,,
azure__go-autorest,v10.8.1+incompatible,go,,a/azure__go-autorest/azure__go-autorest_rhel_8.3.sh,https://github.com/azure/go-autorest,,migrated,,
backo-go,204274ad699c0983a70203a566887f17a717fef4,go,,b/backo-go/backo-go_ubi_8.5.sh,https://github.com/segmentio/backo-go,,migrated,,
bazel-gazelle,v0.0.0-20181012220611-c728ce9f663e,go,,b/bazel-gazelle/bazel-gazelle_ubi_8.5.sh,https://github.com/bazelbuild/bazel-gazelle,,migrated,,
bigquery,v1.0.1,go,,b/bigquery/bigquery_ubi_8.5.sh,https://github.com/googleapis/google-cloud-go.git,,migrated,,
bketelsen__crypt,v0.0.3-0.20200106085610-5cbc8cc4026c,go,,b/bketelsen__crypt/bketelsen__crypt_rhel_8.3.sh,https://github.com/bketelsen/crypt,,migrated,,
bloom,v2.0.3,go,,b/bloom/bloom_ubi8.4.sh,https://github.com/bits-and-blooms/bloom,,migrated,,
bloom,${1:-,go,,b/bloom/bloom_ubi_8.3.sh,https://github.com/bits-and-blooms/bloom,,migrated,,
bolt,v1.3.1,go,,b/bolt/bolt_rhel_ubi8.4.sh,https://github.com/boltdb/bolt,,migrated,,
buffalo,v1.0.1,go,,b/buffalo/buffalo_v1.0.1_ubi_8.7.sh,https://github.com/gobuffalo/buffalo.git,,migrated,,
bytefmt,v0.0.0-20180906201452-2aa6f33b730c,go,,b/bytefmt/bytefmt_ubi8.5.sh,https://github.com/cloudfoundry/bytefmt,,migrated,,
cadvisor,v0.34.0,go,,c/cadvisor/cadvisor_v0.34.0_rhel_8.3.sh,https://github.com/google/cadvisor,,migrated,,
cadvisor,v0.47.0,go,,c/cadvisor/cadvisor_v0.47.0_ubi_8.5.sh,https://github.com/google/cadvisor,,migrated,,
casbin__casbin__v2,v2.1.2,go,,c/casbin__casbin__v2/casbin__casbin__v2_rhel_8.3.sh,https://github.com/casbin/casbin,,migrated,,
cenkalti__backoff,v2.2.1+incompatible,go,,c/cenkalti__backoff/cenkalti__backoff_rhel_8.3.sh,https://github.com/cenkalti/backoff,,migrated,,
chzyer__readline,v0.0.0-20180603132655-2972be24d48e,go,,c/chzyer__readline/chzyer-readline_ubi_8.4.sh,https://github.com/chzyer/readline,,migrated,,
chzyer__readline,v0.0.0-20180603132655-2972be24d48e,go,,c/chzyer__readline/chzyer__readline_rhel_8.3.sh,https://github.com/chzyer/readline,,migrated,,
chzyer_test,v0.0.0-20180213035817-a1ea475d72b1,go,,c/chzyer_test/chzyer-test_ubi_8.4.sh,https://github.com/chzyer/test,,migrated,,
clockwork,v0.4.0,go,,c/clockwork/clockwork_ubi_8.7.sh,https://github.com/jonboulle/clockwork,,migrated,,
clockwork,v0.1.0,go,,c/clockwork/github.com__jonboulle__clockwork_rhel_8.3.sh,https://github.com/jonboulle/clockwork,,migrated,,
clockwork,72f9bd7c4e0c2a40055ab3d0f09654f730cce982,go,,c/clockwork/jonboulle__clockwork_rhel_8.3.sh,https://github.com/jonboulle/clockwork,,migrated,,
cloud,${1:-,go,,c/cloud/cloud_ubi_8.5.sh,https://code.googlesource.com/gocloud,,migrated,,
cloud.google.com-go-datastore,v1.0.0,go,,c/cloud.google.com-go-datastore/cloud.google.com-go-datastore_ubi_8.5.sh,https://github.com/googleapis/google-cloud-go.git,,migrated,,
cloudflare,v1.6.2,go,,c/cloudflare/cfssl_ubi_8.5.sh,https://github.com/cloudflare/cfssl/,,migrated,,
cloudflare,v1.6.1,go,,c/cloudflare/cloudflare-cfssl_ubi_8.4.sh,https://github.com/cloudflare/cfssl,,migrated,,
cloudfoundry-attic__jibber_jabber,bcc4c8345a21301bf47c032ff42dd1aae2fe3027,go,,c/cloudfoundry-attic__jibber_jabber/cloudfoundry-attic__jibber_jabber_rhel_8.3.sh,https://github.com/cloudfoundry-attic/jibber_jabber,,migrated,,
cloudfoundry__jibber_jabber,bcc4c8345a21301bf47c032ff42dd1aae2fe3027,go,,c/cloudfoundry__jibber_jabber/cloudfoundry-attic_jibber_jabber_ubi_8.5.sh,https://github.com/cloudfoundry-attic/jibber_jabber,,migrated,,
cloudfoundry__jibber_jabber,bcc4c8345a21301bf47c032ff42dd1aae2fe3027,go,,c/cloudfoundry__jibber_jabber/cloudfoundry__jibber_jabber_rhel_8.3.sh,https://github.com/cloudfoundry/jibber_jabber,,migrated,,
configbump,v0.1.5,go,,c/configbump/configbump_ubi_8.5.sh,https://github.com/che-incubator/configbump,,migrated,,
conftest,v0.30.0,go,,c/conftest/conftest_ubi_8.5.sh,https://github.com/open-policy-agent/conftest,,migrated,,
containerd__continuity,v0.0.0-20200413184840-d3ef23f19fbb,go,,c/containerd__continuity/containerd__continuity_rhel_8.3.sh,https://github.com/containerd/continuity,,migrated,,
containerd__ttrpc,v1.0.1,go,,c/containerd__ttrpc/containerd__ttrpc_rhel_8.3.sh,https://github.com/containerd/ttrpc,,migrated,,
contrib.go.opencensus.io__exporter__ocagent,v0.6.0,go,,c/contrib.go.opencensus.io__exporter__ocagent/contrib.go.opencensus.io__exporter__ocagent_rhel_8.3.sh,https://github.com/census-ecosystem/opencensus-go-exporter-ocagent,,migrated,,
coredns,v1.8.6,go,,c/coredns/coredns_ubi_8.4.sh,http://github.com/coredns/coredns,,migrated,,
coreos__go-semver,568e959cd89871e61434c1143528d9162da89ef2,go,,c/coreos__go-semver/coreos__go-semver_rhel_8.3.sh,https://github.com/coreos/go-semver,,migrated,,
cors_go,v1.8.0,go,,c/cors_go/cors_ubi_8.5.sh,https://github.com/rs/cors,,migrated,,
cpuguy83__go-md2man,1.0.7,go,,c/cpuguy83__go-md2man/cpuguy83__go-md2man_rhel_8.3.sh,https://github.com/cpuguy83/go-md2man,,migrated,,
cpuguy83__go-md2man__v2,v2.0.0-20190314233015-f79a8a8ca69d,go,,c/cpuguy83__go-md2man__v2/cpuguy83__go-md2man__v2_rhel_8.3.sh,https://github.com/cpuguy83/go-md2man,,migrated,,
crypt,v0.0.3-0.20200106085610-5cbc8cc4026c,go,,c/crypt/crypt_ubi_8.4.sh,https://github.com/bketelsen/crypt,,migrated,,
crypt,b2862e3d0a77,go,,c/crypt/crypt_master_ubi8.4.sh,https://github.com/xordataexchange/crypt,,migrated,,
cznic,v3.36.0,go,,c/cznic/cznic-cc_ubi_8.5.sh,https://gitlab.com/cznic/cc,,migrated,,
cznic,v3.16.4,go,,c/cznic/cznic-ccgo_ubi_8.5.sh,modernc.org/ccgo/v3,,migrated,,
cznic,v1.16.1,go,,c/cznic/cznic-libc_ubi_8.5.sh,https://gitlab.com/cznic/libc,,migrated,,
cznic,v1.1.1,go,,c/cznic/cznic-memory_ubi_8.5.sh,https://gitlab.com/cznic/memory,,migrated,,
cznic,1.0.0,go,,c/cznic/cznic_ubi_8.4.sh,https://github.com/cznic/internal,,migrated,,
data-dog__go-sqlmock,v1.5.0,go,,d/data-dog__go-sqlmock/data-dog__go-sqlmock_rhel_8.3.sh,https://github.com/data-dog/go-sqlmock,,migrated,,
datadog-go,${1:-,go,,d/datadog-go/datadog-go_ubi_8.5.sh,https://github.com/DataDog/datadog-go,,migrated,,
decimal,v1.3.1,go,,d/decimal/decimal_ubi_8.7.sh,https://github.com/shopspring/decimal,,migrated,,
decimal,v0.0.0-20200227202807-02e2044944cc,go,,d/decimal/github.com__shopspring__decimal_rhel_8.3.sh,https://github.com/shopspring/decimal,,migrated,,
deckarep__golang-set,v1.7.1,go,,d/deckarep__golang-set/deckarep__golang-set_rhel_8.3.sh,https://github.com/deckarep/golang-set,,migrated,,
dex,v2.35.3,go,,d/dex/dex_v2.35.3_ubi_8.5.sh,https://github.com/dexidp/dex.git,,migrated,,
dgrijalva__jwt-go,3.2.0,go,,d/dgrijalva__jwt-go/dgrijalva__jwt-go_rhel_8.3.sh,https://github.com/dgrijalva/jwt-go,,migrated,,
dsnet__compress,0.0.1,go,,d/dsnet__compress/dsnet__compress_rhel_8.3.sh,https://github.com/dsnet/compress,,migrated,,
Etienne42__testrail,9def6bd24a47723c046553ec5504f9ee54b73f9e,go,,e/Etienne42__testrail/Etienne42__testrail_rhel_8.3.sh,https://github.com/etienne42/testrail,,migrated,,
easyjson,${1:-,go,,e/easyjson/easyjson_ubi_8.3.sh,https://github.com/mailru/easyjson,,migrated,,
easyjson,2f5df55504ebc322e4d52d34df6a1f5b503bf26d,go,,e/easyjson/easyjson_ubi_8.5.sh,https://github.com/mailru/easyjson,,migrated,,
elastic,v7.0.22,go,,e/elastic/elastic_ubi_8.5.sh,https://github.com/olivere/elastic,,migrated,,
elazarl__go-bindata-assetfs,3dcc96556217539f50599357fb481ac0dc7439b9,go,,e/elazarl__go-bindata-assetfs/elazarl__go-bindata-assetfs_rhel_8.3.sh,https://github.com/elazarl/go-bindata-assetfs,,migrated,,
emicklei__go-restful,ff4f55a206334ef123e4f79bbf348980da81ca46,go,,e/emicklei__go-restful/emicklei__go-restful_rhel_8.3.sh,https://github.com/emicklei/go-restful,,migrated,,
emicklei__go-restful-swagger12,dcef7f55730566d41eae5db10e7d6981829720f6,go,,e/emicklei__go-restful-swagger12/emicklei__go-restful-swagger12_rhel_8.3.sh,https://github.com/emicklei/go-restful-swagger12,,migrated,,
envoyproxy__go-control-plane,v0.9.9-0.20201210154907-fd9021fe5dad,go,,e/envoyproxy__go-control-plane/envoyproxy__go-control-plane_rhel_8.3.sh,https://github.com/envoyproxy/go-control-plane,,migrated,,
errors,v0.22.0,go,,e/errors/errors_ubi_8.7.sh,https://github.com/go-openapi/errors,,migrated,,
errors,v0.19.2,go,,e/errors/github.com__go-openapi__errors_rhel_8.3.sh,https://github.com/go-openapi/errors,,migrated,,
errors,d24ebc2075bad502fac3a8ae27aa6dd58e1952dc,go,,e/errors/go-openapi__errors_rhel_8.3.sh,https://github.com/go-openapi/errors,,migrated,,
esc,${1:-,go,,e/esc/esc_8.5.sh,https://github.com/mjibson/esc.git,,migrated,,
etcd_bbolt,v1.3.3,go,,e/etcd_bbolt/etcd_bbolt_ubi8.4.sh,https://github.com/etcd-io/bbolt,,migrated,,
evanphx__json-patch,v4.9.0+incompatible,go,,e/evanphx__json-patch/evanphx__json-patch_rhel_8.3.sh,https://github.com/evanphx/json-patch,,migrated,,
evanphx__json-patch,94e38aa1586e8a6c8a75770bddf5ff84c48a106b,go,,e/evanphx__json-patch/evanphx_json-patch_ubi_8.5.sh,https://github.com/evanphx/json-patch,,migrated,,
external-snapshotter,cd45bdb,go,,e/external-snapshotter/external-snapshotter_ubi_8.4.sh,http://github.com/kubernetes-csi/external-snapshotter,,migrated,,
filebrowser,${1:-,go,,f/filebrowser/filebrowser_ubi_8.7.sh,https://github.com/filebrowser/filebrowser,,migrated,,
filetype,v1.0.5,go,,f/filetype/filetype_ubi_8.4.sh,https://github.com/h2non/filetype,,migrated,,
flect,v1.0.2,go,,f/flect/flect_ubi_8.7.sh,https://github.com/gobuffalo/flect,,migrated,,
flect,v0.2.1,go,,f/flect/github.com__gobuffalo__flect_rhel_8.3.sh,https://github.com/gobuffalo/flect,,migrated,,
form3tech-oss__jwt-go,v3.2.2+incompatible,go,,f/form3tech-oss__jwt-go/form3tech-oss__jwt-go_rhel_8.3.sh,https://github.com/form3tech-oss/jwt-go,,migrated,,
franela__goblin,v0.0.0-20200105215937-c9ffbefa60db,go,,f/franela__goblin/franela__goblin_rhel_8.3.sh,https://github.com/franela/goblin,,migrated,,
fsnotify,v1.5.1,go,,f/fsnotify/fsnotify_ubi_8.3.sh,https://github.com/fsnotify/fsnotify.git,,migrated,,
fvbommel__sortorder,v1.0.1,go,,f/fvbommel__sortorder/fvbommel__sortorder_rhel_8.3.sh,https://github.com/fvbommel/sortorder,,migrated,,
GoLLRB,ae3b015,go,,g/GoLLRB/GoLLRRB_ubi_8.4.sh,https://github.com/petar/GoLLRB,,migrated,,
generic_admission_server,v1.14.0,go,,g/generic_admission_server/generic-admission-server_ubi_8.5.sh,https://github.com/openshift/generic-admission-server.git,,migrated,,
genproto,v0.0.0-20211207154714-918901c715cf,go,,g/genproto/genproto_ubi_8.5.sh,https://pkg.go.dev/google.golang.org/genproto,,migrated,,
geo,5b978397cfec,go,,g/geo/geo_ubi_8.5.sh,https://github.com/golang/geo.git,,migrated,,
ghodss__yaml,73d445a93680fa1a78ae23a5839bad48f32ba1ee,go,,g/ghodss__yaml/ghodss__yaml_rhel_8.3.sh,https://github.com/ghodss/yaml,,migrated,,
ghodss__yaml,v1.0.0,go,,g/ghodss__yaml/ghodss_yaml_ubi_8.5.sh,https://github.com/ghodss/yaml,,migrated,,
github.com-jeffashton-win_pdh,v0.0.0-20161109143554-76bb4ee9f0ab,go,,g/github.com-jeffashton-win_pdh/github.com-jeffashton-win_pdh_ubi_8.5.sh,https://github.com/jeffashton/win_pdh,,migrated,,
github.com-maorfr-helm-plugin-utils,v0.0.0-20200216074820-36d2fcf6ae86,go,,g/github.com-maorfr-helm-plugin-utils/github.com-maorfr-helm-plugin-utils_ubi_8.5.sh,https://github.com/maorfr/helm-plugin-utils,,migrated,,
github.com-niemeyer-pretty,v0.0.0-20200227124842-a10e7caefd8e,go,,g/github.com-niemeyer-pretty/github.com-niemeyer-pretty_ubi_8.5.sh,https://github.com/niemeyer/pretty,,migrated,,
github.com-shopify-logrus-bugsnag,v0.0.0-20171204204709-577dee27f20d,go,,g/github.com-shopify-logrus-bugsnag/github.com-shopify-logrus-bugsnag_ubi_8.5.sh,https://github.com/Shopify/logrus-bugsnag,,migrated,,
github.com__Etienne42__testrail,9def6bd24a47723c046553ec5504f9ee54b73f9e,go,,g/github.com__Etienne42__testrail/github.com__Etienne42__testrail_rhel_8.3.sh,https://github.com/etienne42/testrail,,migrated,,
github.com__Etienne42__testrail,9def6bd24a47723c046553ec5504f9ee54b73f9e,go,,g/github.com__Etienne42__testrail/github.com__Etienne42__testrail_ubi_8.5.sh,https://github.com/etienne42/testrail,,migrated,,
github.com__alecthomas__template,v0.0.0-20190718012654-fb15b899a751,go,,g/github.com__alecthomas__template/github.com__alecthomas__template_rhel_8.3.sh,https://github.com/alecthomas/template,,migrated,,
github.com__alecthomas__units,v0.0.0-20190924025748-f65c72e2690d,go,,g/github.com__alecthomas__units/github.com__alecthomas__units_rhel_8.3.sh,https://github.com/alecthomas/units,,migrated,,
github.com__alvaroloes__enumer,v1.1.2,go,,g/github.com__alvaroloes__enumer/github.com__alvaroloes__enumer_rhel_8.3.sh,https://github.com/alvaroloes/enumer,,migrated,,
github.com__andreyvit__diff,v0.0.0-20170406064948-c7f18ee00883,go,,g/github.com__andreyvit__diff/github.com__andreyvit__diff_rhel_8.3.sh,https://github.com/andreyvit/diff,,migrated,,
github.com__andybalholm__brotli,v0.0.0-20190621154722-5f990b63d2d6,go,,g/github.com__andybalholm__brotli/github.com__andybalholm__brotli_rhel_8.3.sh,https://github.com/andybalholm/brotli,,migrated,,
github.com__antihax__optional,v1.0.0,go,,g/github.com__antihax__optional/github.com__antihax__optional_rhel_8.3.sh,https://github.com/antihax/optional,,migrated,,
github.com__armon__circbuf,v0.0.0-20150827004946-bbbad097214e,go,,g/github.com__armon__circbuf/github.com__armon__circbuf_rhel_8.3.sh,https://github.com/armon/circbuf,,migrated,,
github.com__armon__go-metrics,v0.3.0,go,,g/github.com__armon__go-metrics/github.com__armon__go-metrics_rhel_8.3.sh,https://github.com/armon/go-metrics,,migrated,,
github.com__armon__go-radix,v1.0.0,go,,g/github.com__armon__go-radix/github.com__armon__go-radix_rhel_8.3.sh,https://github.com/armon/go-radix,,migrated,,
github.com__asaskevich__eventbus,v0.0.0-20200428142821-4fc0642a29f3,go,,g/github.com__asaskevich__eventbus/github.com__asaskevich__eventbus_rhel_8.3.sh,https://github.com/asaskevich/eventbus,,migrated,,
github.com__asaskevich__govalidator,v0.0.0-20200428143746-21a406dcc535,go,,g/github.com__asaskevich__govalidator/github.com__asaskevich__govalidator_rhel_8.3.sh,https://github.com/asaskevich/govalidator,,migrated,,
github.com__asdine__storm,v2.2.1,go,,g/github.com__asdine__storm/github.com__asdine__storm_rhel_8.3.sh,https://github.com/asdine/storm,,migrated,,
github.com__auth0__go-jwt-middleware,v0.0.0-20170425171159-5493cabe49f7,go,,g/github.com__auth0__go-jwt-middleware/github.com__auth0__go-jwt-middleware_rhel_8.3.sh,https://github.com/auth0/go-jwt-middleware,,migrated,,
github.com__aws__aws-sdk-go,v1.25.48,go,,g/github.com__aws__aws-sdk-go/github.com__aws__aws-sdk-go_rhel_8.3.sh,https://github.com/aws/aws-sdk-go,,migrated,,
github.com__aws__aws-sdk-go-v2,v0.18.0,go,,g/github.com__aws__aws-sdk-go-v2/github.com__aws__aws-sdk-go-v2_rhel_8.3.sh,https://github.com/aws/aws-sdk-go-v2,,migrated,,
github.com__aymerick__raymond,v2.0.1,go,,g/github.com__aymerick__raymond/github.com__aymerick__raymond_rhel_8.3.sh,https://github.com/aymerick/raymond,,migrated,,
github.com__azure__azure-sdk-for-go,v36.1.0+incompatible,go,,g/github.com__azure__azure-sdk-for-go/github.com__azure__azure-sdk-for-go_rhel_8.3.sh,https://github.com/azure/azure-sdk-for-go,,migrated,,
github.com__azure__go-ansiterm,v0.0.0-20170929234023-d6e3b3328b78,go,,g/github.com__azure__go-ansiterm/github.com__azure__go-ansiterm_rhel_8.3.sh,https://github.com/azure/go-ansiterm,,migrated,,
github.com__azure__go-autorest,v14.2.0+incompatible,go,,g/github.com__azure__go-autorest/github.com__azure__go-autorest_rhel_8.3.sh,https://github.com/azure/go-autorest,,migrated,,
github.com__azure__go-autorest__autorest__adal,v0.8.1-0.20191028180845-3492b2aff503,go,,g/github.com__azure__go-autorest__autorest__adal/github.com__azure__go-autorest__autorest__adal_rhel_8.3.sh,https://github.com/azure/go-autorest,,migrated,,
github.com__azure__go-autorest__autorest__date,v0.2.0,go,,g/github.com__azure__go-autorest__autorest__date/github.com__azure__go-autorest__autorest__date_rhel_8.3.sh,https://github.com/azure/go-autorest,,migrated,,
github.com__azure__go-autorest__autorest__mocks,v0.3.0,go,,g/github.com__azure__go-autorest__autorest__mocks/github.com__azure__go-autorest__autorest__mocks_rhel_8.3.sh,https://github.com/azure/go-autorest,,migrated,,
github.com__azure__go-autorest__autorest__to,v0.4.0,go,,g/github.com__azure__go-autorest__autorest__to/github.com__azure__go-autorest__autorest__to_rhel_8.3.sh,https://github.com/azure/go-autorest,,migrated,,
github.com__azure__go-autorest__autorest__validation,v0.3.0,go,,g/github.com__azure__go-autorest__autorest__validation/github.com__azure__go-autorest__autorest__validation_rhel_8.3.sh,https://github.com/azure/go-autorest,,migrated,,
github.com__azure__go-autorest__logger,v0.1.0,go,,g/github.com__azure__go-autorest__logger/github.com__azure__go-autorest__logger_rhel_8.3.sh,https://github.com/azure/go-autorest,,migrated,,
github.com__azure__go-autorest__tracing,v0.5.0,go,,g/github.com__azure__go-autorest__tracing/github.com__azure__go-autorest__tracing_rhel_8.3.sh,https://github.com/azure/go-autorest,,migrated,,
github.com__bep__debounce,v1.2.0,go,,g/github.com__bep__debounce/github.com__bep__debounce_rhel_8.3.sh,https://github.com/bep/debounce,,migrated,,
github.com__bgentry__speakeasy,v0.1.0,go,,g/github.com__bgentry__speakeasy/github.com__bgentry__speakeasy_rhel_8.3.sh,https://github.com/bgentry/speakeasy,,migrated,,
github.com__bitly__go-hostpool,v0.0.0-20171023180738-a3a6125de932,go,,g/github.com__bitly__go-hostpool/github.com__bitly__go-hostpool_rhel_8.3.sh,https://github.com/bitly/go-hostpool,,migrated,,
github.com__bitly__go-simplejson,v0.5.0,go,,g/github.com__bitly__go-simplejson/github.com__bitly__go-simplejson_rhel_8.3.sh,https://github.com/bitly/go-simplejson,,migrated,,
github.com__blang__semver,v3.5.1+incompatible,go,,g/github.com__blang__semver/github.com__blang__semver_rhel_8.3.sh,https://github.com/blang/semver,,migrated,,
github.com__bmizerany__assert,v0.0.0-20160611221934-b7ed37b82869,go,,g/github.com__bmizerany__assert/github.com__bmizerany__assert_rhel_8.3.sh,https://github.com/bmizerany/assert,,migrated,,
github.com__brancz__kube-rbac-proxy,v0.5.0,go,,g/github.com__brancz__kube-rbac-proxy/github.com__brancz__kube-rbac-proxy_rhel_8.3.sh,https://github.com/brancz/kube-rbac-proxy,,migrated,,
github.com__bugsnag__bugsnag-go,v1.5.3,go,,g/github.com__bugsnag__bugsnag-go/github.com__bugsnag__bugsnag-go_rhel_8.3.sh,https://github.com/bugsnag/bugsnag-go,,migrated,,
github.com__bugsnag__osext,v0.0.0-20130617224835-0dd3f918b21b,go,,g/github.com__bugsnag__osext/github.com__bugsnag__osext_rhel_8.3.sh,https://github.com/bugsnag/osext,,migrated,,
github.com__burntsushi__xgb,v0.0.0-20160522181843-27f122750802,go,,g/github.com__burntsushi__xgb/github.com__burntsushi__xgb_rhel_8.3.sh,https://github.com/burntsushi/xgb,,migrated,,
github.com__cenkalti__backoff,v2.1.1+incompatible,go,,g/github.com__cenkalti__backoff/github.com__cenkalti__backoff_rhel_8.3.sh,https://github.com/cenkalti/backoff,,migrated,,
github.com__cespare__prettybench,v0.0.0-20150116022406-03b8cfe5406c,go,,g/github.com__cespare__prettybench/github.com__cespare__prettybench_rhel_8.3.sh,https://github.com/cespare/prettybench,,migrated,,
github.com__cespare__xxhash,v1.1.0,go,,g/github.com__cespare__xxhash/github.com__cespare__xxhash_rhel_8.3.sh,https://github.com/cespare/xxhash,,migrated,,
github.com__cespare__xxhash__v2,v2.1.1,go,,g/github.com__cespare__xxhash__v2/github.com__cespare__xxhash__v2_rhel_8.3.sh,https://github.com/cespare/xxhash,,migrated,,
github.com__checkpoint-restore__go-criu,v0.0.0-20190109184317-bdb7599cd87b,go,,g/github.com__checkpoint-restore__go-criu/github.com__checkpoint-restore__go-criu_rhel_8.3.sh,https://github.com/checkpoint-restore/go-criu,,migrated,,
github.com__cheekybits__genny,v1.0.0,go,,g/github.com__cheekybits__genny/github.com__cheekybits__genny_rhel_8.3.sh,https://github.com/cheekybits/genny,,migrated,,
github.com__cheekybits__is,v0.0.0-20150225183255-68e9c0620927,go,,g/github.com__cheekybits__is/github.com__cheekybits__is_rhel_8.3.sh,https://github.com/cheekybits/is,,migrated,,
github.com__circonus-labs__circonus-gometrics,v2.3.1+incompatible,go,,g/github.com__circonus-labs__circonus-gometrics/github.com__circonus-labs__circonus-gometrics_rhel_8.3.sh,https://github.com/circonus-labs/circonus-gometrics,,migrated,,
github.com__client9__misspell,v0.3.4,go,,g/github.com__client9__misspell/github.com__client9__misspell_rhel_8.3.sh,https://github.com/client9/misspell,,migrated,,
github.com__cloudflare__cloudflare-go,v0.8.5,go,,g/github.com__cloudflare__cloudflare-go/github.com__cloudflare__cloudflare-go_rhel_8.3.sh,https://github.com/cloudflare/cloudflare-go,,migrated,,
github.com__cloudfoundry__jibber_jabber,v0.0.0-20151120183258-bcc4c8345a21,go,,g/github.com__cloudfoundry__jibber_jabber/github.com__cloudfoundry__jibber_jabber_rhel_8.3.sh,https://github.com/cloudfoundry/jibber_jabber,,migrated,,
github.com__clusterhq__flocker-go,v0.0.0-20160920122132-2b8b7259d313,go,,g/github.com__clusterhq__flocker-go/github.com__clusterhq__flocker-go_rhel_8.3.sh,https://github.com/clusterhq/flocker-go,,migrated,,
github.com__cockroachdb__datadriven,v0.0.0-20190809214429-80d97fb3cbaa,go,,g/github.com__cockroachdb__datadriven/github.com__cockroachdb__datadriven_rhel_8.3.sh,https://github.com/cockroachdb/datadriven,,migrated,,
github.com__codahale__hdrhistogram,v0.0.0-20161010025455-3a0bb77429bd,go,,g/github.com__codahale__hdrhistogram/github.com__codahale__hdrhistogram_rhel_8.3.sh,https://github.com/codahale/hdrhistogram,,migrated,,
github.com__codegangsta__negroni,v1.0.0,go,,g/github.com__codegangsta__negroni/github.com__codegangsta__negroni_rhel_8.3.sh,https://github.com/codegangsta/negroni,,migrated,,
github.com__containerd__cgroups,v0.0.0-20190919134610-bf292b21730f,go,,g/github.com__containerd__cgroups/github.com__containerd__cgroups_rhel_8.3.sh,https://github.com/containerd/cgroups,,migrated,,
github.com__containerd__continuity,v0.0.0-20200228182428-0f16d7a0959c,go,,g/github.com__containerd__continuity/github.com__containerd__continuity_rhel_8.3.sh,https://github.com/containerd/continuity,,migrated,,
github.com__containerd__fifo,v0.0.0-20190226154929-a9fb20d87448,go,,g/github.com__containerd__fifo/github.com__containerd__fifo_rhel_8.3.sh,https://github.com/containerd/fifo,,migrated,,
github.com__containerd__go-runc,v0.0.0-20180907222934-5a6d9f37cfa3,go,,g/github.com__containerd__go-runc/github.com__containerd__go-runc_rhel_8.3.sh,https://github.com/containerd/go-runc,,migrated,,
github.com__containerd__ttrpc,v0.0.0-20190828154514-0e0f228740de,go,,g/github.com__containerd__ttrpc/github.com__containerd__ttrpc_rhel_8.3.sh,https://github.com/containerd/ttrpc,,migrated,,
github.com__containerd__typeurl,v0.0.0-20190228175220-2a93cfde8c20,go,,g/github.com__containerd__typeurl/github.com__containerd__typeurl_rhel_8.3.sh,https://github.com/containerd/typeurl,,migrated,,
github.com__coredns__corefile-migration,v1.0.2,go,,g/github.com__coredns__corefile-migration/github.com__coredns__corefile-migration_rhel_8.3.sh,https://github.com/coredns/corefile-migration,,migrated,,
github.com__coreos__go-semver,v0.3.0,go,,g/github.com__coreos__go-semver/github.com__coreos__go-semver_rhel_8.3.sh,https://github.com/coreos/go-semver,,migrated,,
github.com__cpu__goacmedns,v0.0.0-20180701200144-565ecf2a84df,go,,g/github.com__cpu__goacmedns/github.com__cpu__goacmedns_rhel_8.3.sh,https://github.com/cpu/goacmedns,,migrated,,
github.com__cpuguy83__go-md2man,v1.0.7,go,,g/github.com__cpuguy83__go-md2man/github.com__cpuguy83__go-md2man_rhel_8.3.sh,https://github.com/cpuguy83/go-md2man,,migrated,,
github.com__cpuguy83__go-md2man__v2,v2.0.0,go,,g/github.com__cpuguy83__go-md2man__v2/github.com__cpuguy83__go-md2man__v2_rhel_8.3.sh,https://github.com/cpuguy83/go-md2man,,migrated,,
github.com__creack__pty,v1.1.9,go,,g/github.com__creack__pty/github.com__creack__pty_rhel_8.3.sh,https://github.com/creack/pty,,migrated,,
github.com__cyphar__filepath-securejoin,v0.2.2,go,,g/github.com__cyphar__filepath-securejoin/github.com__cyphar__filepath-securejoin_rhel_8.3.sh,https://github.com/cyphar/filepath-securejoin,,migrated,,
github.com__cznic__b,v0.0.0-20180115125044-35e9bbe41f07,go,,g/github.com__cznic__b/github.com__cznic__b_rhel_8.3.sh,https://github.com/cznic/b,,migrated,,
github.com__cznic__mathutil,v0.0.0-20180504122225-ca4c9f2c1369,go,,g/github.com__cznic__mathutil/github.com__cznic__mathutil_rhel_8.3.sh,https://github.com/cznic/mathutil,,migrated,,
github.com__cznic__sortutil,v0.0.0-20150617083342-4c7342852e65,go,,g/github.com__cznic__sortutil/github.com__cznic__sortutil_rhel_8.3.sh,https://github.com/cznic/sortutil,,migrated,,
github.com__cznic__strutil,v0.0.0-20171016134553-529a34b1c186,go,,g/github.com__cznic__strutil/github.com__cznic__strutil_rhel_8.3.sh,https://github.com/cznic/strutil,,migrated,,
github.com__data-dog__go-sqlmock,v1.4.1,go,,g/github.com__data-dog__go-sqlmock/github.com__data-dog__go-sqlmock_rhel_8.3.sh,https://github.com/data-dog/go-sqlmock,,migrated,,
github.com__daviddengcn__go-colortext,v0.0.0-20160507010035-511bcaf42ccd,go,,g/github.com__daviddengcn__go-colortext/github.com__daviddengcn__go-colortext_rhel_8.3.sh,https://github.com/daviddengcn/go-colortext,,migrated,,
github.com__denisenkom__go-mssqldb,v0.0.0-20191001013358-cfbb681360f0,go,,g/github.com__denisenkom__go-mssqldb/github.com__denisenkom__go-mssqldb_rhel_8.3.sh,https://github.com/denisenkom/go-mssqldb,,migrated,,
github.com__dgrijalva__jwt-go,v3.2.0+incompatible,go,,g/github.com__dgrijalva__jwt-go/github.com__dgrijalva__jwt-go_rhel_8.3.sh,https://github.com/dgrijalva/jwt-go,,migrated,,
github.com__dgryski__go-sip13,v0.0.0-20190329191031-25c5027a8c7b,go,,g/github.com__dgryski__go-sip13/github.com__dgryski__go-sip13_rhel_8.3.sh,https://github.com/dgryski/go-sip13,,migrated,,
github.com__docker__go-connections,v0.4.0,go,,g/github.com__docker__go-connections/github.com__docker__go-connections_rhel_8.3.sh,https://github.com/docker/go-connections,,migrated,,
github.com__docker__go-events,v0.0.0-20190806004212-e31b211e4f1c,go,,g/github.com__docker__go-events/github.com__docker__go-events_rhel_8.3.sh,https://github.com/docker/go-events,,migrated,,
github.com__docker__go-units,v0.4.0,go,,g/github.com__docker__go-units/github.com__docker__go-units_rhel_8.3.sh,https://github.com/docker/go-units,,migrated,,
github.com__docopt__docopt-go,v0.0.0-20180111231733-ee0de3bc6815,go,,g/github.com__docopt__docopt-go/github.com__docopt__docopt-go_rhel_8.3.sh,https://github.com/docopt/docopt-go,,migrated,,
github.com__dsnet__compress,v0.0.1,go,,g/github.com__dsnet__compress/github.com__dsnet__compress_rhel_8.3.sh,https://github.com/dsnet/compress,,migrated,,
github.com__dsnet__golib,v0.0.0-20171103203638-1ea166775780,go,,g/github.com__dsnet__golib/github.com__dsnet__golib_rhel_8.3.sh,https://github.com/dsnet/golib,,migrated,,
github.com__duosecurity__duo_api_golang,v0.0.0-20190308151101-6c680f768e74,go,,g/github.com__duosecurity__duo_api_golang/github.com__duosecurity__duo_api_golang_rhel_8.3.sh,https://github.com/duosecurity/duo_api_golang,,migrated,,
github.com__dustin__go-humanize,v1.0.0,go,,g/github.com__dustin__go-humanize/github.com__dustin__go-humanize_rhel_8.3.sh,https://github.com/dustin/go-humanize,,migrated,,
github.com__eapache__go-xerial-snappy,v0.0.0-20180814174437-776d5712da21,go,,g/github.com__eapache__go-xerial-snappy/github.com__eapache__go-xerial-snappy_rhel_8.3.sh,https://github.com/eapache/go-xerial-snappy,,migrated,,
github.com__eapache__queue,v1.1.0,go,,g/github.com__eapache__queue/github.com__eapache__queue_rhel_8.3.sh,https://github.com/eapache/queue,,migrated,,
github.com__edsrzf__mmap-go,v1.0.0,go,,g/github.com__edsrzf__mmap-go/github.com__edsrzf__mmap-go_rhel_8.3.sh,https://github.com/edsrzf/mmap-go,,migrated,,
github.com__elastic__go-windows,v1.0.1,go,,g/github.com__elastic__go-windows/github.com__elastic__go-windows_rhel_8.3.sh,https://github.com/elastic/go-windows,,migrated,,
github.com__evanphx__json-patch,v4.5.0+incompatible,go,,g/github.com__evanphx__json-patch/github.com__evanphx__json-patch_rhel_8.3.sh,https://github.com/evanphx/json-patch,,migrated,,
github.com__evanphx__json-patch,v0.0.0-20190203023257-5858425f7550,go,,g/github.com__evanphx__json-patch/github.com__evanphx_json-patch_rhel_8.4.sh,https://github.com/evanphx/json-patch,,migrated,,
github.com__exponent-io__jsonpath,v0.0.0-20151013193312-d6023ce2651d,go,,g/github.com__exponent-io__jsonpath/github.com__exponent-io__jsonpath_rhel_8.3.sh,https://github.com/exponent-io/jsonpath,,migrated,,
github.com__facette__natsort,v0.0.0-20181210072756-2cd4dd1e2dcb,go,,g/github.com__facette__natsort/github.com__facette__natsort_rhel_8.3.sh,https://github.com/facette/natsort,,migrated,,
github.com__fatih__camelcase,v1.0.0,go,,g/github.com__fatih__camelcase/github.com__fatih__camelcase_rhel_8.3.sh,https://github.com/fatih/camelcase,,migrated,,
github.com__fatih__color,v1.9.0,go,,g/github.com__fatih__color/github.com__fatih__color_rhel_8.3.sh,https://github.com/fatih/color,,migrated,,
github.com__fatih__structs,v1.1.0,go,,g/github.com__fatih__structs/github.com__fatih__structs_rhel_8.3.sh,https://github.com/fatih/structs,,migrated,,
github.com__fatih__structtag,v1.1.0,go,,g/github.com__fatih__structtag/github.com__fatih__structtag_rhel_8.3.sh,https://github.com/fatih/structtag,,migrated,,
github.com__flynn__go-shlex,v0.0.0-20150515145356-3f9db97f8568,go,,g/github.com__flynn__go-shlex/github.com__flynn__go-shlex_rhel_8.3.sh,https://github.com/flynn/go-shlex,,migrated,,
github.com__fortytw2__leaktest,v1.3.0,go,,g/github.com__fortytw2__leaktest/github.com__fortytw2__leaktest_rhel_8.3.sh,https://github.com/fortytw2/leaktest,,migrated,,
github.com__fsnotify__fsnotify,v1.4.9,go,,g/github.com__fsnotify__fsnotify/github.com__fsnotify__fsnotify_rhel_8.3.sh,https://github.com/fsnotify/fsnotify,,migrated,,
github.com__fsouza__fake-gcs-server,v1.7.0,go,,g/github.com__fsouza__fake-gcs-server/github.com__fsouza__fake-gcs-server_rhel_8.3.sh,https://github.com/fsouza/fake-gcs-server,,migrated,,
github.com__ghodss__yaml,v1.0.1-0.20190212211648-25d852aebe32,go,,g/github.com__ghodss__yaml/github.com__ghodss__yaml_rhel_8.3.sh,https://github.com/ghodss/yaml,,migrated,,
github.com__go-bindata__go-bindata,v3.1.2+incompatible,go,,g/github.com__go-bindata__go-bindata/github.com__go-bindata__go-bindata_rhel_8.3.sh,https://github.com/go-bindata/go-bindata,,migrated,,
github.com__go-bindata__go-bindata__v3,v3.1.3,go,,g/github.com__go-bindata__go-bindata__v3/github.com__go-bindata__go-bindata__v3_rhel_8.3.sh,https://github.com/go-bindata/go-bindata,,migrated,,
github.com__go-ini__ini,v1.42.0,go,,g/github.com__go-ini__ini/github.com__go-ini__ini_rhel_8.3.sh,https://github.com/go-ini/ini,,migrated,,
github.com__go-ini__ini,v1.57.0,go,,g/github.com__go-ini__ini/go-ini__ini_ubi_8.4.sh,https://github.com/go-ini/ini,,migrated,,
github.com__go-logfmt__logfmt,v0.4.0,go,,g/github.com__go-logfmt__logfmt/github.com__go-logfmt__logfmt_rhel_8.3.sh,https://github.com/go-logfmt/logfmt,,migrated,,
github.com__go-logr__logr,v0.2.0,go,,g/github.com__go-logr__logr/github.com__go-logr__logr_rhel_8.3.sh,https://github.com/go-logr/logr,,migrated,,
github.com__go-openapi__analysis,v0.19.5,go,,g/github.com__go-openapi__analysis/github.com__go-openapi__analysis_rhel_8.3.sh,https://github.com/go-openapi/analysis,,migrated,,
github.com__go-openapi__inflect,16a898ed1f4943794fb9b0e7afb7376a7619cf21,go,,g/github.com__go-openapi__inflect/github.com__go-openapi__inflect_rhel_8.3.sh,https://github.com/go-openapi/inflect,,migrated,,
github.com__go-openapi__jsonpointer,v0.19.3,go,,g/github.com__go-openapi__jsonpointer/github.com__go-openapi__jsonpointer_rhel_8.3.sh,https://github.com/go-openapi/jsonpointer,,migrated,,
github.com__go-openapi__jsonreference,v0.19.3,go,,g/github.com__go-openapi__jsonreference/github.com__go-openapi__jsonreference_rhel_8.3.sh,https://github.com/go-openapi/jsonreference,,migrated,,
github.com__go-openapi__strfmt,v0.19.3,go,,g/github.com__go-openapi__strfmt/github.com__go-openapi__strfmt_rhel_8.3.sh,https://github.com/go-openapi/strfmt,,migrated,,
github.com__go-ozzo__ozzo-validation,v3.5.0+incompatible,go,,g/github.com__go-ozzo__ozzo-validation/github.com__go-ozzo__ozzo-validation_rhel_8.3.sh,https://github.com/go-ozzo/ozzo-validation,,migrated,,
github.com__go-playground__locales,v0.13.0,go,,g/github.com__go-playground__locales/github.com__go-playground__locales_rhel_8.3.sh,https://github.com/go-playground/locales,,migrated,,
github.com__go-sql-driver__mysql,v1.5.0,go,,g/github.com__go-sql-driver__mysql/github.com__go-sql-driver__mysql_rhel_8.3.sh,https://github.com/go-sql-driver/mysql,,migrated,,
github.com__gobuffalo__flect,v0.2.1,go,,g/github.com__gobuffalo__flect/github.com__gobuffalo__flect_rhel_8.3.sh,https://github.com/gobuffalo/flect,,migrated,,
github.com__gobuffalo__logger,v1.0.1,go,,g/github.com__gobuffalo__logger/github.com__gobuffalo__logger_rhel_8.3.sh,https://github.com/gobuffalo/logger,,migrated,,
github.com__gobuffalo__packd,v0.3.0,go,,g/github.com__gobuffalo__packd/github.com__gobuffalo__packd_rhel_8.3.sh,https://github.com/gobuffalo/packd,,migrated,,
github.com__gobuffalo__packr,v1.30.1,go,,g/github.com__gobuffalo__packr/github.com__gobuffalo__packr_rhel_8.3.sh,https://github.com/gobuffalo/packr,,migrated,,
github.com__gobuffalo__packr__v2,v2.7.1,go,,g/github.com__gobuffalo__packr__v2/github.com__gobuffalo__packr__v2_rhel_8.3.sh,https://github.com/gobuffalo/packr,,migrated,,
github.com__gobwas__glob,v0.2.3,go,,g/github.com__gobwas__glob/github.com__gobwas__glob_rhel_8.3.sh,https://github.com/gobwas/glob,,migrated,,
github.com__gobwas__httphead,v0.0.0-20180130184737-2c6c146eadee,go,,g/github.com__gobwas__httphead/github.com__gobwas__httphead_rhel_8.3.sh,https://github.com/gobwas/httphead,,migrated,,
github.com__gobwas__pool,v0.2.0,go,,g/github.com__gobwas__pool/github.com__gobwas__pool_rhel_8.3.sh,https://github.com/gobwas/pool,,migrated,,
github.com__gobwas__ws,v1.0.2,go,,g/github.com__gobwas__ws/github.com__gobwas__ws_rhel_8.3.sh,https://github.com/gobwas/ws,,migrated,,
github.com__goccy__go-yaml,v1.7.5,go,,g/github.com__goccy__go-yaml/github.com__goccy__go-yaml_rhel_8.3.sh,https://github.com/goccy/go-yaml,,migrated,,
github.com__gocql__gocql,v0.0.0-20190402132108-0e1d5de854df,go,,g/github.com__gocql__gocql/github.com__gocql__gocql_rhel_8.3.sh,https://github.com/gocql/gocql,,migrated,,
github.com__gofrs__flock,v0.7.1,go,,g/github.com__gofrs__flock/github.com__gofrs__flock_rhel_8.3.sh,https://github.com/gofrs/flock,,migrated,,
github.com__golang-migrate__migrate__v4,v4.6.2,go,,g/github.com__golang-migrate__migrate__v4/github.com__golang-migrate__migrate__v4_rhel_8.3.sh,https://github.com/golang-migrate/migrate,,migrated,,
github.com__golang-sql__civil,v0.0.0-20190719163853-cb61b32ac6fe,go,,g/github.com__golang-sql__civil/github.com__golang-sql__civil_rhel_8.3.sh,https://github.com/golang-sql/civil,,migrated,,
github.com__golang__glog,v0.0.0-20160126235308-23def4e6c14b,go,,g/github.com__golang__glog/github.com__golang__glog_rhel_8.3.sh,https://github.com/golang/glog,,migrated,,
github.com__golang__groupcache,v0.0.0-20191027212112-611e8accdfc9,go,,g/github.com__golang__groupcache/github.com__golang__groupcache_rhel_8.3.sh,https://github.com/golang/groupcache,,migrated,,
github.com__golang__mock,v1.3.1,go,,g/github.com__golang__mock/github.com__golang__mock_rhel_8.3.sh,https://github.com/golang/mock,,migrated,,
github.com__golang__protobuf,v1.4.3,go,,g/github.com__golang__protobuf/github.com__golang__protobuf_rhel_8.3.sh,https://github.com/golang/protobuf,,migrated,,
github.com__golang__snappy,v0.0.1,go,,g/github.com__golang__snappy/github.com__golang__snappy_rhel_8.3.sh,https://github.com/golang/snappy,,migrated,,
github.com__golangplus__bytes,v0.0.0-20160111154220-45c989fe5450,go,,g/github.com__golangplus__bytes/github.com__golangplus__bytes_rhel_8.3.sh,https://github.com/golangplus/bytes,,migrated,,
github.com__golangplus__fmt,v0.0.0-20150411045040-2a5d6d7d2995,go,,g/github.com__golangplus__fmt/github.com__golangplus__fmt_rhel_8.3.sh,https://github.com/golangplus/fmt,,migrated,,
github.com__golangplus__testing,v0.0.0-20180327235837-af21d9c3145e,go,,g/github.com__golangplus__testing/github.com__golangplus__testing_rhel_8.3.sh,https://github.com/golangplus/testing,,migrated,,
github.com__google__btree,v1.0.0,go,,g/github.com__google__btree/github.com__google__btree_rhel_8.3.sh,https://github.com/google/btree,,migrated,,
github.com__google__cadvisor,v0.34.0,go,,g/github.com__google__cadvisor/github.com__google__cadvisor_rhel_8.3.sh,https://github.com/google/cadvisor,,migrated,,
github.com__google__certificate-transparency-go,v1.0.21,go,,g/github.com__google__certificate-transparency-go/github.com__google__certificate-transparency-go_rhel_8.3.sh,https://github.com/google/certificate-transparency-go,,migrated,,
github.com__google__go-cmp,v0.4.0,go,,g/github.com__google__go-cmp/github.com__google__go-cmp_rhel_8.3.sh,https://github.com/google/go-cmp,,migrated,,
github.com__google__martian,v2.1.0+incompatible,go,,g/github.com__google__martian/github.com__google__martian_rhel_8.3.sh,https://github.com/google/martian,,migrated,,
github.com__google__pprof,v0.0.0-20190723021845-34ac40c74b70,go,,g/github.com__google__pprof/github.com__google__pprof_rhel_8.3.sh,https://github.com/google/pprof,,migrated,,
github.com__google__renameio,v0.1.0,go,,g/github.com__google__renameio/github.com__google__renameio_rhel_8.3.sh,https://github.com/google/renameio,,migrated,,
github.com__google__shlex,v0.0.0-20191202100458-e7afc7fbc510,go,,g/github.com__google__shlex/github.com__google__shlex_rhel_8.3.sh,https://github.com/google/shlex,,migrated,,
github.com__googleapis__gax-go,v2.0.2+incompatible,go,,g/github.com__googleapis__gax-go/github.com__googleapis__gax-go_rhel_8.3.sh,https://github.com/googleapis/gax-go,,migrated,,
github.com__googleapis__gax-go__v2,v2.0.5,go,,g/github.com__googleapis__gax-go__v2/github.com__googleapis__gax-go__v2_rhel_8.3.sh,https://github.com/googleapis/gax-go,,migrated,,
github.com__gophercloud__gophercloud,v0.6.0,go,,g/github.com__gophercloud__gophercloud/github.com__gophercloud__gophercloud_rhel_8.3.sh,https://github.com/gophercloud/gophercloud,,migrated,,
github.com__gorilla__context,v1.1.1,go,,g/github.com__gorilla__context/github.com__gorilla__context_rhel_8.3.sh,https://github.com/gorilla/context,,migrated,,
github.com__gorilla__handlers,v1.4.2,go,,g/github.com__gorilla__handlers/github.com__gorilla__handlers_rhel_8.3.sh,https://github.com/gorilla/handlers,,migrated,,
github.com__gorilla__mux,v1.7.4,go,,g/github.com__gorilla__mux/github.com__gorilla__mux_rhel_8.3.sh,https://github.com/gorilla/mux,,migrated,,
github.com__gorilla__websocket,v1.4.1,go,,g/github.com__gorilla__websocket/github.com__gorilla__websocket_rhel_8.3.sh,https://github.com/gorilla/websocket,,migrated,,
github.com__gosuri__uitable,v0.0.4,go,,g/github.com__gosuri__uitable/github.com__gosuri__uitable_rhel_8.3.sh,https://github.com/gosuri/uitable,,migrated,,
github.com__grpc-ecosystem__go-grpc-middleware,v1.1.0,go,,g/github.com__grpc-ecosystem__go-grpc-middleware/github.com__grpc-ecosystem__go-grpc-middleware_rhel_8.3.sh,https://github.com/grpc-ecosystem/go-grpc-middleware,,migrated,,
github.com__grpc-ecosystem__go-grpc-prometheus,v1.2.0,go,,g/github.com__grpc-ecosystem__go-grpc-prometheus/github.com__grpc-ecosystem__go-grpc-prometheus_rhel_8.3.sh,https://github.com/grpc-ecosystem/go-grpc-prometheus,,migrated,,
github.com__grpc-ecosystem__grpc-health-probe,v0.2.1-0.20181220223928-2bf0a5b182db,go,,g/github.com__grpc-ecosystem__grpc-health-probe/github.com__grpc-ecosystem__grpc-health-probe_rhel_8.3.sh,https://github.com/grpc-ecosystem/grpc-health-probe,,migrated,,
github.com__hashicorp__errwrap,v1.0.0,go,,g/github.com__hashicorp__errwrap/github.com__hashicorp__errwrap_rhel_8.3.sh,https://github.com/hashicorp/errwrap,,migrated,,
github.com__hashicorp__go-immutable-radix,v1.1.0,go,,g/github.com__hashicorp__go-immutable-radix/github.com__hashicorp__go-immutable-radix_rhel_8.3.sh,https://github.com/hashicorp/go-immutable-radix,,migrated,,
github.com__hashicorp__go-memdb,v1.0.0,go,,g/github.com__hashicorp__go-memdb/github.com__hashicorp__go-memdb_rhel_8.3.sh,https://github.com/hashicorp/go-memdb,,migrated,,
github.com__hashicorp__go-multierror,v1.0.0,go,,g/github.com__hashicorp__go-multierror/github.com__hashicorp__go-multierror_rhel_8.3.sh,https://github.com/hashicorp/go-multierror,,migrated,,
github.com__hashicorp__go-syslog,v1.0.0,go,,g/github.com__hashicorp__go-syslog/github.com__hashicorp__go-syslog_rhel_8.3.sh,https://github.com/hashicorp/go-syslog,,migrated,,
github.com__hashicorp__go-uuid,v1.0.1,go,,g/github.com__hashicorp__go-uuid/github.com__hashicorp__go-uuid_rhel_8.3.sh,https://github.com/hashicorp/go-uuid,,migrated,,
github.com__hashicorp__logutils,v1.0.0,go,,g/github.com__hashicorp__logutils/github.com__hashicorp__logutils_rhel_8.3.sh,https://github.com/hashicorp/logutils,,migrated,,
github.com__hashicorp__memberlist,v0.1.5,go,,g/github.com__hashicorp__memberlist/github.com__hashicorp__memberlist_rhel_8.3.sh,https://github.com/hashicorp/memberlist,,migrated,,
github.com__hashicorp__raft-boltdb,v0.0.0-20171010151810-6e5ba93211ea,go,,g/github.com__hashicorp__raft-boltdb/github.com__hashicorp__raft-boltdb_rhel_8.3.sh,https://github.com/hashicorp/raft-boltdb,,migrated,,
github.com__heketi__rest,v0.0.0-20180404230133-aa6a65207413,go,,g/github.com__heketi__rest/github.com__heketi__rest_rhel_8.3.sh,https://github.com/heketi/rest,,migrated,,
github.com__heketi__tests,v0.0.0-20151005000721-f3775cbcefd6,go,,g/github.com__heketi__tests/github.com__heketi__tests_rhel_8.3.sh,https://github.com/heketi/tests,,migrated,,
github.com__heketi__utils,v0.0.0-20170317161834-435bc5bdfa64,go,,g/github.com__heketi__utils/github.com__heketi__utils_rhel_8.3.sh,https://github.com/heketi/utils,,migrated,,
github.com__hpcloud__tail,v1.0.0,go,,g/github.com__hpcloud__tail/github.com__hpcloud__tail_rhel_8.3.sh,https://github.com/hpcloud/tail,,migrated,,
github.com__huandu__xstrings,v1.3.1,go,,g/github.com__huandu__xstrings/github.com__huandu__xstrings_rhel_8.3.sh,https://github.com/huandu/xstrings,,migrated,,
github.com__iancoleman__strcase,v0.0.0-20191112232945-16388991a334,go,,g/github.com__iancoleman__strcase/github.com__iancoleman__strcase_rhel_8.3.sh,https://github.com/iancoleman/strcase,,migrated,,
github.com__ianlancetaylor__demangle,v0.0.0-20181102032728-5e5cf60278f6,go,,g/github.com__ianlancetaylor__demangle/github.com__ianlancetaylor__demangle_rhel_8.3.sh,https://github.com/ianlancetaylor/demangle,,migrated,,
github.com__imdario__mergo,v0.3.11,go,,g/github.com__imdario__mergo/github.com__imdario__mergo_rhel_8.3.sh,https://github.com/imdario/mergo,,migrated,,
github.com__inconshreveable__mousetrap,v1.0.0,go,,g/github.com__inconshreveable__mousetrap/github.com__inconshreveable__mousetrap_rhel_8.3.sh,https://github.com/inconshreveable/mousetrap,,migrated,,
github.com__inconshreveable__mousetrap,v1.0.0,go,,g/github.com__inconshreveable__mousetrap/mousetrap_ubi_8.5.sh,https://github.com/inconshreveable/mousetrap,,migrated,,
github.com__jackc__chunkreader,v1.0.0,go,,g/github.com__jackc__chunkreader/github.com__jackc__chunkreader_rhel_8.3.sh,https://github.com/jackc/chunkreader,,migrated,,
github.com__jackc__chunkreader__v2,v2.0.1,go,,g/github.com__jackc__chunkreader__v2/github.com__jackc__chunkreader__v2_rhel_8.3.sh,https://github.com/jackc/chunkreader,,migrated,,
github.com__jackc__fake,v0.0.0-20150926172116-812a484cc733,go,,g/github.com__jackc__fake/github.com__jackc__fake_rhel_8.3.sh,https://github.com/jackc/fake,,migrated,,
github.com__jackc__pgio,v1.0.0,go,,g/github.com__jackc__pgio/github.com__jackc__pgio_rhel_8.3.sh,https://github.com/jackc/pgio,,migrated,,
github.com__jackc__pgmock,v0.0.0-20190831213851-13a1b77aafa2,go,,g/github.com__jackc__pgmock/github.com__jackc__pgmock_rhel_8.3.sh,https://github.com/jackc/pgmock,,migrated,,
github.com__jackc__pgpassfile,v1.0.0,go,,g/github.com__jackc__pgpassfile/github.com__jackc__pgpassfile_rhel_8.3.sh,https://github.com/jackc/pgpassfile,,migrated,,
github.com__jackc__pgpassfile,v1.0.0,go,,g/github.com__jackc__pgpassfile/pgpassfile_ubi_8.5.sh,https://github.com/jackc/pgpassfile,,migrated,,
github.com__jackc__pgproto3,v1.1.0,go,,g/github.com__jackc__pgproto3/github.com__jackc__pgproto3_rhel_8.3.sh,https://github.com/jackc/pgproto3,,migrated,,
github.com__jackc__pgproto3,v1.1.0,go,,g/github.com__jackc__pgproto3/pgproto3_ubi_8.5.sh,https://github.com/jackc/pgproto3,,migrated,,
github.com__jackc__pgproto3__v2,v2.0.6,go,,g/github.com__jackc__pgproto3__v2/github.com__jackc__pgproto3__v2_rhel_8.3.sh,https://github.com/jackc/pgproto3,,migrated,,
github.com__jackc__pgservicefile,v0.0.0-20200714003250-2b9c44734f2b,go,,g/github.com__jackc__pgservicefile/github.com__jackc__pgservicefile_rhel_8.3.sh,https://github.com/jackc/pgservicefile,,migrated,,
github.com__jackc__puddle,v1.1.2,go,,g/github.com__jackc__puddle/github.com__jackc__puddle_rhel_8.3.sh,https://github.com/jackc/puddle,,migrated,,
github.com__jeffail__gabs,v1.1.1,go,,g/github.com__jeffail__gabs/github.com__jeffail__gabs_rhel_8.3.sh,https://github.com/jeffail/gabs,,migrated,,
github.com__jefferai__jsonx,v1.0.0,go,,g/github.com__jefferai__jsonx/github.com__jefferai__jsonx_rhel_8.3.sh,https://github.com/jefferai/jsonx,,migrated,,
github.com__jehiah__go-strftime,1d33003b386959af197ba96475f198c114627b5e,go,,g/github.com__jehiah__go-strftime/github.com__jehiah__go-strftime_rhel_8.3.sh,https://github.com/jehiah/go-strftime,,migrated,,
github.com__jessevdk__go-flags,v1.4.0,go,,g/github.com__jessevdk__go-flags/github.com__jessevdk__go-flags_rhel_8.3.sh,https://github.com/jessevdk/go-flags,,migrated,,
github.com__jinzhu__inflection,v1.0.0,go,,g/github.com__jinzhu__inflection/github.com__jinzhu__inflection_rhel_8.3.sh,https://github.com/jinzhu/inflection,,migrated,,
github.com__jmespath__go-jmespath,v0.0.0-20180206201540-c2b33e8439af,go,,g/github.com__jmespath__go-jmespath/github.com__jmespath__go-jmespath_rhel_8.3.sh,https://github.com/jmespath/go-jmespath,,migrated,,
github.com__jmoiron__jsonq,v0.0.0-20150511023944-e874b168d07e,go,,g/github.com__jmoiron__jsonq/github.com__jmoiron__jsonq_rhel_8.3.sh,https://github.com/jmoiron/jsonq,,migrated,,
github.com__jmoiron__sqlx,v1.2.0,go,,g/github.com__jmoiron__sqlx/github.com__jmoiron__sqlx_rhel_8.3.sh,https://github.com/jmoiron/sqlx,,migrated,,
github.com__joefitzgerald__rainbow-reporter,v0.1.0,go,,g/github.com__joefitzgerald__rainbow-reporter/github.com__joefitzgerald__rainbow-reporter_rhel_8.3.sh,https://github.com/joefitzgerald/rainbow-reporter,,migrated,,
github.com__joeshaw__multierror,v0.0.0-20140124173710-69b34d4ec901,go,,g/github.com__joeshaw__multierror/github.com__joeshaw__multierror_rhel_8.3.sh,https://github.com/joeshaw/multierror,,migrated,,
github.com__jonboulle__clockwork,v0.1.0,go,,g/github.com__jonboulle__clockwork/github.com__jonboulle__clockwork_rhel_8.3.sh,https://github.com/jonboulle/clockwork,,migrated,,
github.com__jpillora__backoff,v1.0.0,go,,g/github.com__jpillora__backoff/github.com__jpillora__backoff_rhel_8.3.sh,https://github.com/jpillora/backoff,,migrated,,
github.com__jpillora__backoff,v1.0.0,go,,g/github.com__jpillora__backoff/backoff_ubi_8.5.sh,https://github.com/jpillora/backoff,,migrated,,
github.com__json-iterator__go,v1.1.9,go,,g/github.com__json-iterator__go/github.com__json-iterator__go_rhel_8.3.sh,https://github.com/json-iterator/go,,migrated,,
github.com__jsonnet-bundler__jsonnet-bundler,v0.3.1,go,,g/github.com__jsonnet-bundler__jsonnet-bundler/github.com__jsonnet-bundler__jsonnet-bundler_rhel_8.3.sh,https://github.com/jsonnet-bundler/jsonnet-bundler,,migrated,,
github.com__jstemmer__go-junit-report,v0.9.1,go,,g/github.com__jstemmer__go-junit-report/github.com__jstemmer__go-junit-report_rhel_8.3.sh,https://github.com/jstemmer/go-junit-report,,migrated,,
github.com__jtolds__gls,v4.20.0+incompatible,go,,g/github.com__jtolds__gls/github.com__jtolds__gls_rhel_8.3.sh,https://github.com/jtolds/gls,,migrated,,
github.com__julienschmidt__httprouter,v1.3.0,go,,g/github.com__julienschmidt__httprouter/github.com__julienschmidt__httprouter_rhel_8.3.sh,https://github.com/julienschmidt/httprouter,,migrated,,
github.com__kardianos__osext,v0.0.0-20190222173326-2bc1f35cddc0,go,,g/github.com__kardianos__osext/github.com__kardianos__osext_rhel_8.3.sh,https://github.com/kardianos/osext,,migrated,,
github.com__karrick__godirwalk,v1.7.5,go,,g/github.com__karrick__godirwalk/github.com__karrick__godirwalk_rhel_8.3.sh,https://github.com/karrick/godirwalk,,migrated,,
github.com__kballard__go-shellquote,v0.0.0-20180428030007-95032a82bc51,go,,g/github.com__kballard__go-shellquote/github.com__kballard__go-shellquote_rhel_8.3.sh,https://github.com/kballard/go-shellquote,,migrated,,
github.com__kisielk__errcheck,v1.5.0,go,,g/github.com__kisielk__errcheck/github.com__kisielk__errcheck_rhel_8.3.sh,https://github.com/kisielk/errcheck,,migrated,,
github.com__kisielk__gotool,v1.0.0,go,,g/github.com__kisielk__gotool/github.com__kisielk__gotool_rhel_8.3.sh,https://github.com/kisielk/gotool,,migrated,,
github.com__klauspost__compress,v1.7.4,go,,g/github.com__klauspost__compress/github.com__klauspost__compress_rhel_8.3.sh,https://github.com/klauspost/compress,,migrated,,
github.com__klauspost__cpuid,v1.2.1,go,,g/github.com__klauspost__cpuid/github.com__klauspost__cpuid_rhel_8.3.sh,https://github.com/klauspost/cpuid,,migrated,,
github.com__klauspost__pgzip,v1.2.1,go,,g/github.com__klauspost__pgzip/github.com__klauspost__pgzip_rhel_8.3.sh,https://github.com/klauspost/pgzip,,migrated,,
github.com__konsorten__go-windows-terminal-sequences,v1.0.3,go,,g/github.com__konsorten__go-windows-terminal-sequences/github.com__konsorten__go-windows-terminal-sequences_rhel_8.3.sh,https://github.com/konsorten/go-windows-terminal-sequences,,migrated,,
github.com__kr__logfmt,v0.0.0-20140226030751-b84e30acd515,go,,g/github.com__kr__logfmt/github.com__kr__logfmt_rhel_8.3.sh,https://github.com/kr/logfmt,,migrated,,
github.com__kr__pty,v1.1.8,go,,g/github.com__kr__pty/github.com__kr__pty_rhel_8.3.sh,https://github.com/kr/pty,,migrated,,
github.com__kr__text,v0.2.0,go,,g/github.com__kr__text/github.com__kr__text_rhel_8.3.sh,https://github.com/kr/text,,migrated,,
github.com__kylelemons__godebug,v1.1.0,go,,g/github.com__kylelemons__godebug/github.com__kylelemons__godebug_rhel_8.3.sh,https://github.com/kylelemons/godebug,,migrated,,
github.com__lann__builder,v0.0.0-20180802200727-47ae307949d0,go,,g/github.com__lann__builder/github.com__lann__builder_rhel_8.3.sh,https://github.com/lann/builder,,migrated,,
github.com__lann__ps,v0.0.0-20150810152359-62de8c46ede0,go,,g/github.com__lann__ps/github.com__lann__ps_rhel_8.3.sh,https://github.com/lann/ps,,migrated,,
github.com__leanovate__gopter,v0.2.4,go,,g/github.com__leanovate__gopter/github.com__leanovate__gopter_rhel_8.3.sh,https://github.com/leanovate/gopter,,migrated,,
github.com__leodido__go-urn,v1.2.0,go,,g/github.com__leodido__go-urn/github.com__leodido__go-urn_rhel_8.3.sh,https://github.com/leodido/go-urn,,migrated,,
github.com__liggitt__tabwriter,v0.0.0-20181228230101-89fcab3d43de,go,,g/github.com__liggitt__tabwriter/github.com__liggitt__tabwriter_rhel_8.3.sh,https://github.com/liggitt/tabwriter,,migrated,,
github.com__lithammer__dedent,v1.1.0,go,,g/github.com__lithammer__dedent/github.com__lithammer__dedent_rhel_8.3.sh,https://github.com/lithammer/dedent,,migrated,,
github.com__lovoo__gcloud-opentracing,v0.3.0,go,,g/github.com__lovoo__gcloud-opentracing/github.com__lovoo__gcloud-opentracing_rhel_8.3.sh,https://github.com/lovoo/gcloud-opentracing,,migrated,,
github.com__lpabon__godbc,v0.1.1,go,,g/github.com__lpabon__godbc/github.com__lpabon__godbc_rhel_8.3.sh,https://github.com/lpabon/godbc,,migrated,,
github.com__lucas-clemente__aes12,v0.0.0-20171027163421-cd47fb39b79f,go,,g/github.com__lucas-clemente__aes12/github.com__lucas-clemente__aes12_rhel_8.3.sh,https://github.com/lucas-clemente/aes12,,migrated,,
github.com__lucas-clemente__quic-clients,v0.1.0,go,,g/github.com__lucas-clemente__quic-clients/github.com__lucas-clemente__quic-clients_rhel_8.3.sh,https://github.com/lucas-clemente/quic-clients,,migrated,,
github.com__lucas-clemente__quic-go,v0.10.2,go,,g/github.com__lucas-clemente__quic-go/github.com__lucas-clemente__quic-go_rhel_8.3.sh,https://github.com/lucas-clemente/quic-go,,migrated,,
github.com__lucas-clemente__quic-go-certificates,v0.0.0-20160823095156-d2f86524cced,go,,g/github.com__lucas-clemente__quic-go-certificates/github.com__lucas-clemente__quic-go-certificates_rhel_8.3.sh,https://github.com/lucas-clemente/quic-go-certificates,,migrated,,
github.com__mailru__easyjson,v0.7.0,go,,g/github.com__mailru__easyjson/github.com__mailru__easyjson_rhel_8.3.sh,https://github.com/mailru/easyjson,,migrated,,
github.com__markbates__inflect,v1.0.4,go,,g/github.com__markbates__inflect/github.com__markbates__inflect_rhel_8.3.sh,https://github.com/markbates/inflect,,migrated,,
github.com__marstr__guid,v1.1.0,go,,g/github.com__marstr__guid/github.com__marstr__guid_rhel_8.3.sh,https://github.com/marstr/guid,,migrated,,
github.com__martinlindhe__base36,v1.0.0,go,,g/github.com__martinlindhe__base36/github.com__martinlindhe__base36_rhel_8.3.sh,https://github.com/martinlindhe/base36,,migrated,,
github.com__masterminds__goutils,v1.1.0,go,,g/github.com__masterminds__goutils/github.com__masterminds__goutils_rhel_8.3.sh,https://github.com/masterminds/goutils,,migrated,,
github.com__masterminds__semver,v1.5.0,go,,g/github.com__masterminds__semver/github.com__masterminds__semver_rhel_8.3.sh,https://github.com/masterminds/semver,,migrated,,
github.com__masterminds__semver__v3,v3.1.0,go,,g/github.com__masterminds__semver__v3/github.com__masterminds__semver__v3_rhel_8.3.sh,https://github.com/Masterminds/semver,,migrated,,
github.com__masterminds__sprig,v2.22.0+incompatible,go,,g/github.com__masterminds__sprig/github.com__masterminds__sprig_rhel_8.3.sh,https://github.com/masterminds/sprig,,migrated,,
github.com__masterminds__squirrel,v1.2.0,go,,g/github.com__masterminds__squirrel/github.com__masterminds__squirrel_rhel_8.3.sh,https://github.com/masterminds/squirrel,,migrated,,
github.com__mattn__go-colorable,v0.1.6,go,,g/github.com__mattn__go-colorable/github.com__mattn__go-colorable_rhel_8.3.sh,https://github.com/mattn/go-colorable,,migrated,,
github.com__mattn__go-ieproxy,v0.0.0-20191113090002-7c0f6868bffe,go,,g/github.com__mattn__go-ieproxy/github.com__mattn__go-ieproxy_rhel_8.3.sh,https://github.com/mattn/go-ieproxy,,migrated,,
github.com__mattn__go-isatty,v0.0.9,go,,g/github.com__mattn__go-isatty/github.com__mattn__go-isatty_rhel_8.3.sh,https://github.com/mattn/go-isatty,,migrated,,
github.com__mattn__go-runewidth,v0.0.6,go,,g/github.com__mattn__go-runewidth/github.com__mattn__go-runewidth_rhel_8.3.sh,https://github.com/mattn/go-runewidth,,migrated,,
github.com__mattn__go-sqlite3,v1.9.0,go,,g/github.com__mattn__go-sqlite3/github.com__mattn__go-sqlite3_rhel_8.3.sh,https://github.com/mattn/go-sqlite3,,migrated,,
github.com__mgutz__ansi,v0.0.0-20170206155736-9520e82c474b,go,,g/github.com__mgutz__ansi/github.com__mgutz__ansi_rhel_8.3.sh,https://github.com/mgutz/ansi,,migrated,,
github.com__mholt__certmagic,v0.6.2-0.20190624175158-6a42ef9fe8c2,go,,g/github.com__mholt__certmagic/github.com__mholt__certmagic_rhel_8.3.sh,https://github.com/mholt/certmagic,,migrated,,
github.com__miekg__dns,v1.1.4,go,,g/github.com__miekg__dns/github.com__miekg__dns_rhel_8.3.sh,https://github.com/miekg/dns,,migrated,,
github.com__mindprince__gonvml,v0.0.0-20171110221305-fee913ce8fb2,go,,g/github.com__mindprince__gonvml/github.com__mindprince__gonvml_rhel_8.3.sh,https://github.com/mindprince/gonvml,,migrated,,
github.com__minio__sha256-simd,v0.1.1,go,,g/github.com__minio__sha256-simd/github.com__minio__sha256-simd_rhel_8.3.sh,https://github.com/minio/sha256-simd,,migrated,,
github.com__mitchellh__cli,v1.0.0,go,,g/github.com__mitchellh__cli/github.com__mitchellh__cli_rhel_8.3.sh,https://github.com/mitchellh/cli,,migrated,,
github.com__mitchellh__colorstring,v0.0.0-20190213212951-d06e56a500db,go,,g/github.com__mitchellh__colorstring/github.com__mitchellh__colorstring_rhel_8.3.sh,https://github.com/mitchellh/colorstring,,migrated,,
github.com__mitchellh__copystructure,v1.0.0,go,,g/github.com__mitchellh__copystructure/github.com__mitchellh__copystructure_rhel_8.3.sh,https://github.com/mitchellh/copystructure,,migrated,,
github.com__mitchellh__go-homedir,v1.1.0,go,,g/github.com__mitchellh__go-homedir/github.com__mitchellh__go-homedir_rhel_8.3.sh,https://github.com/mitchellh/go-homedir,,migrated,,
github.com__mitchellh__go-testing-interface,v1.0.0,go,,g/github.com__mitchellh__go-testing-interface/github.com__mitchellh__go-testing-interface_rhel_8.3.sh,https://github.com/mitchellh/go-testing-interface,,migrated,,
github.com__mitchellh__go-wordwrap,v1.0.0,go,,g/github.com__mitchellh__go-wordwrap/github.com__mitchellh__go-wordwrap_rhel_8.3.sh,https://github.com/mitchellh/go-wordwrap,,migrated,,
github.com__mitchellh__gox,v0.4.0,go,,g/github.com__mitchellh__gox/github.com__mitchellh__gox_rhel_8.3.sh,https://github.com/mitchellh/gox,,migrated,,
github.com__mitchellh__hashstructure,v1.0.0,go,,g/github.com__mitchellh__hashstructure/github.com__mitchellh__hashstructure_rhel_8.3.sh,https://github.com/mitchellh/hashstructure,,migrated,,
github.com__mitchellh__iochan,v1.0.0,go,,g/github.com__mitchellh__iochan/github.com__mitchellh__iochan_rhel_8.3.sh,https://github.com/mitchellh/iochan,,migrated,,
github.com__mitchellh__mapstructure,v1.1.2,go,,g/github.com__mitchellh__mapstructure/github.com__mitchellh__mapstructure_rhel_8.3.sh,https://github.com/mitchellh/mapstructure,,migrated,,
github.com__mitchellh__osext,v0.0.0-20151018003038-5e2d6d41470f,go,,g/github.com__mitchellh__osext/github.com__mitchellh__osext_rhel_8.3.sh,https://github.com/mitchellh/osext,,migrated,,
github.com__moby__term,v0.0.0-20200312100748-672ec06f55cd,go,,g/github.com__moby__term/github.com__moby__term_rhel_8.3.sh,https://github.com/moby/term,,migrated,,
github.com__modern-go__concurrent,v0.0.0-20180306012644-bacd9c7ef1dd,go,,g/github.com__modern-go__concurrent/github.com__modern-go__concurrent_rhel_8.3.sh,https://github.com/modern-go/concurrent,,migrated,,
github.com__modern-go__reflect2,v1.0.1,go,,g/github.com__modern-go__reflect2/github.com__modern-go__reflect2_rhel_8.3.sh,https://github.com/modern-go/reflect2,,migrated,,
github.com__mohae__deepcopy,v0.0.0-20170603005431-491d3605edfb,go,,g/github.com__mohae__deepcopy/github.com__mohae__deepcopy_rhel_8.3.sh,https://github.com/mohae/deepcopy,,migrated,,
github.com__morikuni__aec,v1.0.0,go,,g/github.com__morikuni__aec/github.com__morikuni__aec_rhel_8.3.sh,https://github.com/morikuni/aec,,migrated,,
github.com__motemen__go-loghttp,v0.0.0-20170804080138-974ac5ceac27,go,,g/github.com__motemen__go-loghttp/github.com__motemen__go-loghttp_rhel_8.3.sh,https://github.com/motemen/go-loghttp,,migrated,,
github.com__moul__http2curl,9ac6cf4d929b2fa8fd2d2e6dec5bb0feb4f4911d,go,,g/github.com__moul__http2curl/github.com__moul__http2curl_rhel_8.3.sh,https://github.com/moul/http2curl,,migrated,,
github.com__mozillazg__go-cos,v0.13.0,go,,g/github.com__mozillazg__go-cos/github.com__mozillazg__go-cos_rhel_8.3.sh,https://github.com/mozillazg/go-cos,,migrated,,
github.com__munnerz__goautoneg,v0.0.0-20191010083416-a7dc8b61c822,go,,g/github.com__munnerz__goautoneg/github.com__munnerz__goautoneg_rhel_8.3.sh,https://github.com/munnerz/goautoneg,,migrated,,
github.com__mvdan__xurls,v1.1.0,go,,g/github.com__mvdan__xurls/github.com__mvdan__xurls_rhel_8.3.sh,https://github.com/mvdan/xurls,,migrated,,
github.com__mwitkow__go-conntrack,v0.0.0-20190716064945-2f068394615f,go,,g/github.com__mwitkow__go-conntrack/github.com__mwitkow__go-conntrack_rhel_8.3.sh,https://github.com/mwitkow/go-conntrack,,migrated,,
github.com__naoina__go-stringutil,v0.1.0,go,,g/github.com__naoina__go-stringutil/github.com__naoina__go-stringutil_rhel_8.3.sh,https://github.com/naoina/go-stringutil,,migrated,,
github.com__naoina__toml,v0.1.1,go,,g/github.com__naoina__toml/github.com__naoina__toml_rhel_8.3.sh,https://github.com/naoina/toml,,migrated,,
github.com__natefinch__lumberjack,v2.0.0+incompatible,go,,g/github.com__natefinch__lumberjack/github.com__natefinch__lumberjack_rhel_8.3.sh,https://github.com/natefinch/lumberjack,,migrated,,
github.com__nats-io__jwt,v0.3.2,go,,g/github.com__nats-io__jwt/github.com__nats-io__jwt_rhel_8.3.sh,https://github.com/nats-io/jwt,,migrated,,
github.com__nats-io__nats-server,v1.4.1,go,,g/github.com__nats-io__nats-server/github.com__nats-io__nats-server_rhel_8.3.sh,https://github.com/nats-io/nats-server,,migrated,,
github.com__nats-io__nats-server__v2,v2.1.2,go,,g/github.com__nats-io__nats-server__v2/github.com__nats-io__nats-server__v2_rhel_8.3.sh,https://github.com/nats-io/nats-server,,migrated,,
github.com__nats-io__nats.go,v1.9.2,go,,g/github.com__nats-io__nats.go/github.com__nats-io__nats.go_rhel_8.3.sh,https://github.com/nats-io/nats.go,,migrated,,
github.com__nats-io__nkeys,v0.1.4,go,,g/github.com__nats-io__nkeys/github.com__nats-io__nkeys_rhel_8.3.sh,https://github.com/nats-io/nkeys,,migrated,,
github.com__nats-io__nuid,v1.0.1,go,,g/github.com__nats-io__nuid/github.com__nats-io__nuid_rhel_8.3.sh,https://github.com/nats-io/nuid,,migrated,,
github.com__ncw__swift,v1.0.47,go,,g/github.com__ncw__swift/github.com__ncw__swift_rhel_8.3.sh,https://github.com/ncw/swift,,migrated,,
github.com__nvveen__gotty,v0.0.0-20120604004816-cd527374f1e5,go,,g/github.com__nvveen__gotty/github.com__nvveen__gotty_rhel_8.3.sh,https://github.com/nvveen/gotty,,migrated,,
github.com__nwaples__rardecode,v1.0.0,go,,g/github.com__nwaples__rardecode/github.com__nwaples__rardecode_rhel_8.3.sh,https://github.com/nwaples/rardecode,,migrated,,
github.com__nxadm__tail,v1.4.4,go,,g/github.com__nxadm__tail/github.com__nxadm__tail_rhel_8.3.sh,https://github.com/nxadm/tail,,migrated,,
github.com__oklog__run,v1.1.0,go,,g/github.com__oklog__run/github.com__oklog__run_rhel_8.3.sh,https://github.com/oklog/run,,migrated,,
github.com__oklog__ulid,v1.3.1,go,,g/github.com__oklog__ulid/github.com__oklog__ulid_rhel_8.3.sh,https://github.com/oklog/ulid,,migrated,,
github.com__olekukonko__tablewriter,v0.0.2,go,,g/github.com__olekukonko__tablewriter/github.com__olekukonko__tablewriter_rhel_8.3.sh,https://github.com/olekukonko/tablewriter,,migrated,,
github.com__oneofone__xxhash,v1.2.6,go,,g/github.com__oneofone__xxhash/github.com__oneofone__xxhash_rhel_8.3.sh,https://github.com/oneofone/xxhash,,migrated,,
github.com__onsi__ginkgo,v1.14.2,go,,g/github.com__onsi__ginkgo/github.com__onsi__ginkgo_rhel_8.3.sh,https://github.com/onsi/ginkgo,,migrated,,
github.com__onsi__gomega,v1.10.2,go,,g/github.com__onsi__gomega/github.com__onsi__gomega_rhel_8.3.sh,https://github.com/onsi/gomega,,migrated,,
github.com__openshift__api,v0.0.0-20201102162614-9252afb032e1,go,,g/github.com__openshift__api/github.com__openshift__api_rhel_8.3.sh,https://github.com/openshift/api,,migrated,,
github.com__openshift__build-machinery-go,v0.0.0-20200917070002-f171684f77ab,go,,g/github.com__openshift__build-machinery-go/github.com__openshift__build-machinery-go_rhel_8.3.sh,https://github.com/openshift/build-machinery-go,,migrated,,
github.com__openshift__prom-label-proxy,v0.1.1-0.20191016113035-b8153a7f39f1,go,,g/github.com__openshift__prom-label-proxy/github.com__openshift__prom-label-proxy_rhel_8.3.sh,https://github.com/openshift/prom-label-proxy,,migrated,,
github.com__opentracing-contrib__go-observer,v0.0.0-20170622124052-a52f23424492,go,,g/github.com__opentracing-contrib__go-observer/github.com__opentracing-contrib__go-observer_rhel_8.3.sh,https://github.com/opentracing-contrib/go-observer,,migrated,,
github.com__opentracing-contrib__go-stdlib,v0.0.0-20190519235532-cf7a6c988dc9,go,,g/github.com__opentracing-contrib__go-stdlib/github.com__opentracing-contrib__go-stdlib_rhel_8.3.sh,https://github.com/opentracing-contrib/go-stdlib,,migrated,,
github.com__opentracing__basictracer-go,v1.0.0,go,,g/github.com__opentracing__basictracer-go/github.com__opentracing__basictracer-go_rhel_8.3.sh,https://github.com/opentracing/basictracer-go,,migrated,,
github.com__opentracing__opentracing-go,v1.1.0,go,,g/github.com__opentracing__opentracing-go/github.com__opentracing__opentracing-go_rhel_8.3.sh,https://github.com/opentracing/opentracing-go,,migrated,,
github.com__openzipkin-contrib__zipkin-go-opentracing,v0.4.5,go,,g/github.com__openzipkin-contrib__zipkin-go-opentracing/github.com__openzipkin-contrib__zipkin-go-opentracing_rhel_8.3.sh,https://github.com/openzipkin-contrib/zipkin-go-opentracing,,migrated,,
github.com__openzipkin__zipkin-go,v0.2.2,go,,g/github.com__openzipkin__zipkin-go/github.com__openzipkin__zipkin-go_rhel_8.3.sh,https://github.com/openzipkin/zipkin-go,,migrated,,
github.com__operator-framework__operator-lib,v0.1.0,go,,g/github.com__operator-framework__operator-lib/github.com__operator-framework__operator-lib_rhel_8.3.sh,https://github.com/operator-framework/operator-lib,,migrated,,
github.com__otiai10__mint,v1.3.1,go,,g/github.com__otiai10__mint/github.com__otiai10__mint_rhel_8.3.sh,https://github.com/otiai10/mint,,migrated,,
github.com__pascaldekloe__name,v0.0.0-20180628100202-0fd16699aae1,go,,g/github.com__pascaldekloe__name/github.com__pascaldekloe__name_rhel_8.3.sh,https://github.com/pascaldekloe/name,,migrated,,
github.com__patrickmn__go-cache,v2.1.0+incompatible,go,,g/github.com__patrickmn__go-cache/github.com__patrickmn__go-cache_rhel_8.3.sh,https://github.com/patrickmn/go-cache,,migrated,,
github.com__pborman__uuid,v1.2.0,go,,g/github.com__pborman__uuid/github.com__pborman__uuid_rhel_8.3.sh,https://github.com/pborman/uuid,,migrated,,
github.com__pelletier__go-buffruneio,v0.2.0,go,,g/github.com__pelletier__go-buffruneio/github.com__pelletier__go-buffruneio_rhel_8.3.sh,https://github.com/pelletier/go-buffruneio,,migrated,,
github.com__peterbourgon__diskv,v2.0.1+incompatible,go,,g/github.com__peterbourgon__diskv/github.com__peterbourgon__diskv_rhel_8.3.sh,https://github.com/peterbourgon/diskv,,migrated,,
github.com__phayes__freeport,v0.0.0-20180830031419-95f893ade6f2,go,,g/github.com__phayes__freeport/github.com__phayes__freeport_rhel_8.3.sh,https://github.com/phayes/freeport,,migrated,,
github.com__pierrec__cmdflag,v0.0.2,go,,g/github.com__pierrec__cmdflag/github.com__pierrec__cmdflag_rhel_8.3.sh,https://github.com/pierrec/cmdflag,,migrated,,
github.com__pkg__errors,v0.9.1,go,,g/github.com__pkg__errors/github.com__pkg__errors_rhel_8.3.sh,https://github.com/pkg/errors,,migrated,,
github.com__posener__complete,v1.1.1,go,,g/github.com__posener__complete/github.com__posener__complete_rhel_8.3.sh,https://github.com/posener/complete,,migrated,,
github.com__prometheus__client_model,v0.1.0,go,,g/github.com__prometheus__client_model/github.com__prometheus__client_model_rhel_8.3.sh,https://github.com/prometheus/client_model,,migrated,,
github.com__puerkitobio__purell,v1.1.1,go,,g/github.com__puerkitobio__purell/github.com__puerkitobio__purell_rhel_8.3.sh,https://github.com/puerkitobio/purell,,migrated,,
github.com__puerkitobio__urlesc,v0.0.0-20170810143723-de5bf2ad4578,go,,g/github.com__puerkitobio__urlesc/github.com__puerkitobio__urlesc_rhel_8.3.sh,https://github.com/puerkitobio/urlesc,,migrated,,
github.com__remyoudompheng__bigfft,v0.0.0-20170806203942-52369c62f446,go,,g/github.com__remyoudompheng__bigfft/github.com__remyoudompheng__bigfft_rhel_8.3.sh,https://github.com/remyoudompheng/bigfft,,migrated,,
github.com__robfig__cron,v1.2.0,go,,g/github.com__robfig__cron/github.com__robfig__cron_rhel_8.3.sh,https://github.com/robfig/cron,,migrated,,
github.com__rogpeppe__fastuuid,v1.2.0,go,,g/github.com__rogpeppe__fastuuid/github.com__rogpeppe__fastuuid_rhel_8.3.sh,https://github.com/rogpeppe/fastuuid,,migrated,,
github.com__rogpeppe__go-internal,v1.5.0,go,,g/github.com__rogpeppe__go-internal/github.com__rogpeppe__go-internal_ubi_8.5.sh,https://github.com/rogpeppe/go-internal,,migrated,,
github.com__rs__cors,v1.6.0,go,,g/github.com__rs__cors/github.com__rs__cors_rhel_8.3.sh,https://github.com/rs/cors,,migrated,,
github.com__rs__xid,v1.2.1,go,,g/github.com__rs__xid/github.com__rs__xid_rhel_8.3.sh,https://github.com/rs/xid,,migrated,,
github.com__rs__zerolog,v1.15.0,go,,g/github.com__rs__zerolog/github.com__rs__zerolog_rhel_8.3.sh,https://github.com/rs/zerolog,,migrated,,
github.com__rubenv__sql-migrate,v0.0.0-20200616145509-8d140a17f351,go,,g/github.com__rubenv__sql-migrate/github.com__rubenv__sql-migrate_rhel_8.3.sh,https://github.com/rubenv/sql-migrate,,migrated,,
github.com__russross__blackfriday,v1.5.2,go,,g/github.com__russross__blackfriday/github.com__russross__blackfriday_rhel_8.3.sh,https://github.com/russross/blackfriday,,migrated,,
github.com__russross__blackfriday__v2,v2.0.1,go,,g/github.com__russross__blackfriday__v2/github.com__russross__blackfriday__v2_rhel_8.3.sh,https://github.com/russross/blackfriday,,migrated,,
github.com__ryanuber__columnize,v2.1.0+incompatible,go,,g/github.com__ryanuber__columnize/github.com__ryanuber__columnize_rhel_8.3.sh,https://github.com/ryanuber/columnize,,migrated,,
github.com__ryanuber__go-glob,v1.0.0,go,,g/github.com__ryanuber__go-glob/github.com__ryanuber__go-glob_rhel_8.3.sh,https://github.com/ryanuber/go-glob,,migrated,,
github.com__santhosh-tekuri__jsonschema,v1.2.4,go,,g/github.com__santhosh-tekuri__jsonschema/github.com__santhosh-tekuri__jsonschema_rhel_8.3.sh,https://github.com/santhosh-tekuri/jsonschema,,migrated,,
github.com__satori__go.uuid,v1.2.0,go,,g/github.com__satori__go.uuid/github.com__satori__go.uuid_rhel_8.3.sh,https://github.com/satori/go.uuid,,migrated,,
github.com__sclevine__spec,v1.2.0,go,,g/github.com__sclevine__spec/github.com__sclevine__spec_rhel_8.3.sh,https://github.com/sclevine/spec,,migrated,,
github.com__sean-__seed,v0.0.0-20170313163322-e2103e2c3529,go,,g/github.com__sean-__seed/github.com__sean-__seed_rhel_8.3.sh,https://github.com/sean-/seed,,migrated,,
github.com__segmentio__backo-go,204274ad699c0983a70203a566887f17a717fef4,go,,g/github.com__segmentio__backo-go/github.com__segmentio__backo-go_rhel_8.3.sh,https://github.com/segmentio/backo-go,,migrated,,
github.com__serenize__snaker,de5293a32fd929048775e277fa6dd163bdeac7b3,go,,g/github.com__serenize__snaker/github.com__serenize__snaker_rhel_8.3.sh,https://github.com/serenize/snaker,,migrated,,
github.com__sermodigital__jose,v0.9.1,go,,g/github.com__sermodigital__jose/github.com__sermodigital__jose_rhel_8.3.sh,https://github.com/sermodigital/jose,,migrated,,
github.com__sethvargo__go-password,v0.2.0,go,,g/github.com__sethvargo__go-password/github.com__sethvargo__go-password_rhel_8.3.sh,https://github.com/sethvargo/go-password,,migrated,,
github.com__shopify__sarama,v1.19.0,go,,g/github.com__shopify__sarama/github.com__shopify__sarama_rhel_8.3.sh,https://github.com/shopify/sarama,,migrated,,
github.com__shopspring__decimal,v0.0.0-20200227202807-02e2044944cc,go,,g/github.com__shopspring__decimal/github.com__shopspring__decimal_rhel_8.3.sh,https://github.com/shopspring/decimal,,migrated,,
github.com__sigurn__crc16,da416fad5162ac0f3338ba24dccdb26e4da22485,go,,g/github.com__sigurn__crc16/github.com__sigurn__crc16_rhel_8.3.sh,https://github.com/sigurn/crc16,,migrated,,
github.com__sigurn__utils,f19e41f79f8f006116f682c1af454591bc278ad4,go,,g/github.com__sigurn__utils/github.com__sigurn__utils_rhel_8.3.sh,https://github.com/sigurn/utils,,migrated,,
github.com__sirupsen__logrus,v1.7.0,go,,g/github.com__sirupsen__logrus/github.com__sirupsen__logrus_rhel_8.3.sh,https://github.com/sirupsen/logrus,,migrated,,
github.com__smartystreets__assertions,v1.0.1,go,,g/github.com__smartystreets__assertions/github.com__smartystreets__assertions_rhel_8.3.sh,https://github.com/smartystreets/assertions,,migrated,,
github.com__soheilhy__cmux,v0.1.4,go,,g/github.com__soheilhy__cmux/github.com__soheilhy__cmux_rhel_8.3.sh,https://github.com/soheilhy/cmux,,migrated,,
github.com__sony__gobreaker,v0.4.1,go,,g/github.com__sony__gobreaker/github.com__sony__gobreaker_rhel_8.3.sh,https://github.com/sony/gobreaker,,migrated,,
github.com__spaolacci__murmur3,v1.1.0,go,,g/github.com__spaolacci__murmur3/github.com__spaolacci__murmur3_rhel_8.3.sh,https://github.com/spaolacci/murmur3,,migrated,,
github.com__spf13__cobra,v1.1.1,go,,g/github.com__spf13__cobra/github.com__spf13__cobra_rhel_8.3.sh,https://github.com/spf13/cobra,,migrated,,
github.com__spf13__jwalterweatherman,v1.1.0,go,,g/github.com__spf13__jwalterweatherman/github.com__spf13__jwalterweatherman_rhel_8.3.sh,https://github.com/spf13/jwalterweatherman,,migrated,,
github.com__spf13__pflag,v1.0.5,go,,g/github.com__spf13__pflag/github.com__spf13__pflag_rhel_8.3.sh,https://github.com/spf13/pflag,,migrated,,
github.com__spf13__viper,v1.7.0,go,,g/github.com__spf13__viper/github.com__spf13__viper_rhel_8.3.sh,https://github.com/spf13/viper,,migrated,,
github.com__stoewer__go-strcase,v1.2.0,go,,g/github.com__stoewer__go-strcase/github.com__stoewer__go-strcase_rhel_8.3.sh,https://github.com/stoewer/go-strcase,,migrated,,
github.com__storageos__go-api,v0.0.0-20180912212459-343b3eff91fc,go,,g/github.com__storageos__go-api/github.com__storageos__go-api_rhel_8.3.sh,https://github.com/storageos/go-api,,migrated,,
github.com__streadway__amqp,v0.0.0-20190827072141-edfb9018d271,go,,g/github.com__streadway__amqp/github.com__streadway__amqp_rhel_8.3.sh,https://github.com/streadway/amqp,,migrated,,
github.com__stretchr__objx,v0.2.0,go,,g/github.com__stretchr__objx/github.com__stretchr__objx_rhel_8.3.sh,https://github.com/stretchr/objx,,migrated,,
github.com__stretchr__testify,v1.6.1,go,,g/github.com__stretchr__testify/github.com__stretchr__testify_rhel_8.3.sh,https://github.com/stretchr/testify,,migrated,,
github.com__subosito__gotenv,v1.2.0,go,,g/github.com__subosito__gotenv/github.com__subosito__gotenv_rhel_8.3.sh,https://github.com/subosito/gotenv,,migrated,,
github.com__thanos-io__thanos,v0.11.0,go,,g/github.com__thanos-io__thanos/github.com__thanos-io__thanos_rhel_8.3.sh,https://github.com/thanos-io/thanos,,migrated,,
github.com__thecodeteam__goscaleio,v0.1.0,go,,g/github.com__thecodeteam__goscaleio/github.com__thecodeteam__goscaleio_rhel_8.3.sh,https://github.com/thecodeteam/goscaleio,,migrated,,
github.com__tidwall__pretty,v1.0.0,go,,g/github.com__tidwall__pretty/github.com__tidwall__pretty_rhel_8.3.sh,https://github.com/tidwall/pretty,,migrated,,
github.com__uber__jaeger-client-go,v2.20.1+incompatible,go,,g/github.com__uber__jaeger-client-go/github.com__uber__jaeger-client-go_rhel_8.3.sh,https://github.com/uber/jaeger-client-go,,migrated,,
github.com__uber__jaeger-client-go,v2.29.1+incompatible,go,,g/github.com__uber__jaeger-client-go/github.com__uber__jaeger-client-go_ubi_8.5.sh,https://github.com/uber/jaeger-client-go,,migrated,,
github.com__uber__jaeger-lib,v2.2.0+incompatible,go,,g/github.com__uber__jaeger-lib/github.com__uber__jaeger-lib_rhel_8.3.sh,https://github.com/uber/jaeger-lib,,migrated,,
github.com__ugorji__go__codec,v0.0.0-20181204163529-d75b2dcb6bc8,go,,g/github.com__ugorji__go__codec/github.com__ugorji__go__codec_rhel_8.3.sh,https://github.com/ugorji/go,,migrated,,
github.com__ulikunitz__xz,v0.5.6,go,,g/github.com__ulikunitz__xz/github.com__ulikunitz__xz_rhel_8.3.sh,https://github.com/ulikunitz/xz,,migrated,,
github.com__urfave__cli,v1.22.1,go,,g/github.com__urfave__cli/github.com__urfave__cli_rhel_8.3.sh,https://github.com/urfave/cli,,migrated,,
github.com__urfave__negroni,v1.0.0,go,,g/github.com__urfave__negroni/github.com__urfave__negroni_rhel_8.3.sh,https://github.com/urfave/negroni,,migrated,,
github.com__vbauerster__mpb,v3.4.0,go,,g/github.com__vbauerster__mpb/github.com__vbauerster__mpb_rhel_8.3.sh,https://github.com/vbauerster/mpb,,migrated,,
github.com__vektah__gqlparser,v1.1.2,go,,g/github.com__vektah__gqlparser/github.com__vektah__gqlparser_rhel_8.3.sh,https://github.com/vektah/gqlparser,,migrated,,
github.com__venafi__vcert,v0.0.0-20190613103158-62139eb19b25,go,,g/github.com__venafi__vcert/github.com__venafi__vcert_rhel_8.3.sh,https://github.com/venafi/vcert,,migrated,,
github.com__vividcortex__ewma,v1.1.1,go,,g/github.com__vividcortex__ewma/github.com__vividcortex__ewma_rhel_8.3.sh,https://github.com/vividcortex/ewma,,migrated,,
github.com__vmihailenco__msgpack,v4.0.1+incompatible,go,,g/github.com__vmihailenco__msgpack/github.com__vmihailenco__msgpack_rhel_8.3.sh,https://github.com/vmihailenco/msgpack,,migrated,,
github.com__wadey__gocovmerge,v0.0.0-20160331181800-b5bfa59ec0ad,go,,g/github.com__wadey__gocovmerge/github.com__wadey__gocovmerge_rhel_8.3.sh,https://github.com/wadey/gocovmerge,,migrated,,
github.com__xanzy__go-gitlab,v0.15.0,go,,g/github.com__xanzy__go-gitlab/github.com__xanzy__go-gitlab_rhel_8.3.sh,https://github.com/xanzy/go-gitlab,,migrated,,
github.com__xdg__scram,v0.0.0-20180814205039-7eeb5667e42c,go,,g/github.com__xdg__scram/github.com__xdg__scram_rhel_8.3.sh,https://github.com/xdg/scram,,migrated,,
github.com__xdg__stringprep,v1.0.0,go,,g/github.com__xdg__stringprep/github.com__xdg__stringprep_rhel_8.3.sh,https://github.com/xdg/stringprep,,migrated,,
github.com__xeipuuv__gojsonpointer,v0.0.0-20180127040702-4e3ac2762d5f,go,,g/github.com__xeipuuv__gojsonpointer/github.com__xeipuuv__gojsonpointer_rhel_8.3.sh,https://github.com/xeipuuv/gojsonpointer,,migrated,,
github.com__xeipuuv__gojsonreference,v0.0.0-20180127040603-bd5ef7bd5415,go,,g/github.com__xeipuuv__gojsonreference/github.com__xeipuuv__gojsonreference_rhel_8.3.sh,https://github.com/xeipuuv/gojsonreference,,migrated,,
github.com__xeipuuv__gojsonschema,v1.2.0,go,,g/github.com__xeipuuv__gojsonschema/github.com__xeipuuv__gojsonschema_rhel_8.3.sh,https://github.com/xeipuuv/gojsonschema,,migrated,,
github.com__xi2__xz,v0.0.0-20171230120015-48954b6210f8,go,,g/github.com__xi2__xz/github.com__xi2__xz_rhel_8.3.sh,https://github.com/xi2/xz,,migrated,,
github.com__xiang90__probing,v0.0.0-20190116061207-43a291ad63a2,go,,g/github.com__xiang90__probing/github.com__xiang90__probing_rhel_8.3.sh,https://github.com/xiang90/probing,,migrated,,
github.com__xlab__treeprint,v0.0.0-20180616005107-d6fb6747feb6,go,,g/github.com__xlab__treeprint/github.com__xlab__treeprint_rhel_8.3.sh,https://github.com/xlab/treeprint,,migrated,,
github.com__xtgo__uuid,a0b114877d4caeffbd7f87e3757c17fce570fea7,go,,g/github.com__xtgo__uuid/github.com__xtgo__uuid_rhel_8.3.sh,https://github.com/xtgo/uuid,,migrated,,
github.com__yuin__goldmark,v1.2.1,go,,g/github.com__yuin__goldmark/github.com__yuin__goldmark_rhel_8.3.sh,https://github.com/yuin/goldmark,,migrated,,
github.com__yvasiyarov__gorelic,v0.0.7,go,,g/github.com__yvasiyarov__gorelic/github.com__yvasiyarov__gorelic_rhel_8.3.sh,https://github.com/yvasiyarov/gorelic,,migrated,,
github.com__yvasiyarov__newrelic_platform_go,v0.0.0-20160601141957-9c099fbc30e9,go,,g/github.com__yvasiyarov__newrelic_platform_go/github.com__yvasiyarov__newrelic_platform_go_rhel_8.3.sh,https://github.com/yvasiyarov/newrelic_platform_go,,migrated,,
github.com__zenazn__goji,v0.9.0,go,,g/github.com__zenazn__goji/github.com__zenazn__goji_rhel_8.3.sh,https://github.com/zenazn/goji,,migrated,,
github.com__ziutek__mymysql,v1.5.4,go,,g/github.com__ziutek__mymysql/github.com__ziutek__mymysql_rhel_8.3.sh,https://github.com/ziutek/mymysql,,migrated,,
github.com_akamai_akamaiopen-edgegrid-golang,v1.1.1,go,,g/github.com_akamai_akamaiopen-edgegrid-golang/github.com_akamai_akamaiopen-edgegrid-golang_ubi_8.sh,https://github.com/akamai/AkamaiOPEN-edgegrid-golang.git,,migrated,,
github.com_dave_jennifer,v1.2.0,go,,g/github.com_dave_jennifer/github.com_dave_jennifer_ubi_8.sh,https://github.com/dave/jennifer.git,,migrated,,
github.com_deislabs_oras,v0.11.1,go,,g/github.com_deislabs_oras/github.com_deislabs_oras_ubi_8.5.sh,https://github.com/oras-project/oras,,migrated,,
github.com_hdrhistogram_hdrhistogram-go,v1.0.1,go,,g/github.com_hdrhistogram_hdrhistogram-go/github.com_hdrhistogram_hdrhistogram-go_ubi_8.sh,https://github.com/HdrHistogram/hdrhistogram-go.git,,migrated,,
github.com_jinzhu_gorm,v1.9.1,go,,g/github.com_jinzhu_gorm/github.com_jinzhu_gorm_1.9.1_ubi_8.5.sh,https://github.com/jinzhu/gorm,,migrated,,
github.com_lyft_protoc-gen-validate,v0.6.7,go,,g/github.com_lyft_protoc-gen-validate/github.com_lyft_protoc-gen-validate_ubi_8.5.sh,https://github.com/envoyproxy/protoc-gen-validate,,migrated,,
github.com_masterminds_sprig,v3.2.2,go,,g/github.com_masterminds_sprig/github.com_masterminds_sprig_ubi_8.5.sh,https://github.com/masterminds/sprig,,migrated,,
glfw,e6da0acd62b1,go,,g/glfw/glfw_ubi_8.5.sh,https://github.com/go-gl/glfw,,migrated,,
gnostic,v0.5.7,go,,g/gnostic/gnostic_ubi_8.5.sh,https://github.com/google/gnostic,,migrated,,
go,v1.1.4,go,,g/go/go_ubi_8.5.sh,https://github.com/ugorji/go.git,,migrated,,
go-cleanhttp,v0.5.2,go,,g/go-cleanhttp/go-cleanhttp_ubi_8.5.sh,https://github.com/hashicorp/go-cleanhttp,,migrated,,
go-control-plane,v0.9.7,go,,g/go-control-plane/go-control-plane_UBI_8.5.sh,https://github.com/envoyproxy/go-control-plane.git,,migrated,,
go-digest,v1.0.0,go,,g/go-digest/go-digest_ubi8.5.sh,https://github.com/opencontainers/go-digest,,migrated,,
go-gcfg,v1,go,,g/go-gcfg/gcfg_uib_8.5.sh,https://github.com/go-gcfg/gcfg,,migrated,,
go-genproto,b5d43981345bdb2c233eb4bf3277847b48c6fdc6,go,,g/go-genproto/go-genproto_ubi_8.4.sh,https://github.com/googleapis/go-genproto,,migrated,,
go-github,${1:-,go,,g/go-github/go-github_ubi_8.5.sh,https://github.com/google/go-github,,migrated,,
go-grpc-middleware,v1.1.0,go,,g/go-grpc-middleware/github.com__grpc-ecosystem__go-grpc-middleware_rhel_8.3.sh,https://github.com/grpc-ecosystem/go-grpc-middleware,,migrated,,
go-grpc-middleware,v2.0.1,go,,g/go-grpc-middleware/go-grpc-middleware_ubi_8.7.sh,https://github.com/grpc-ecosystem/go-grpc-middleware,,migrated,,
go-hclog,v0.9.2,go,,g/go-hclog/go-hclog_v0.9.2_ubi8.4.sh,https://github.com/hashicorp/go-hclog,,migrated,,
go-http-tunnel,2.1,go,,g/go-http-tunnel/go-http-tunnel_ubi_8.3.sh,https://github.com/mmatczuk/go-http-tunnel.git,,migrated,,
go-i18n,${1:-,go,,g/go-i18n/go-i18n_ubi_8.5.sh,https://github.com/nicksnyder/go-i18n,,migrated,,
go-immutable-radix,v1.1.0,go,,g/go-immutable-radix/github.com__hashicorp__go-immutable-radix_rhel_8.3.sh,https://github.com/hashicorp/go-immutable-radix,,migrated,,
go-immutable-radix,v2.1.0,go,,g/go-immutable-radix/go-immutable-radix_ubi_8.7.sh,https://github.com/hashicorp/go-immutable-radix,,migrated,,
go-immutable-radix,v1.2.0,go,,g/go-immutable-radix/hashicorp__go-immutable-radix_rhel_8.3.sh,https://github.com/hashicorp/go-immutable-radix,,migrated,,
go-inf__inf,3887ee99ecf07df5b447e9b00d9c0b2adaa9f3e4,go,,g/go-inf__inf/go-inf__inf_rhel_8.3.sh,https://github.com/go-inf/inf,,migrated,,
go-jose,v2.3.1,go,,g/go-jose/go-jose_2.3.1_ubi_8.5.sh,https://github.com/square/go-jose,,migrated,,
go-jose,${1:-,go,,g/go-jose/go-jose_2.5.1_ubi_8.5.sh,https://github.com/square/go-jose,,migrated,,
go-jose,v2.6.0,go,,g/go-jose/go-jose_ubi_8.5.sh,https://github.com/square/go-jose,,migrated,,
go-ldap,v3.0.2,go,,g/go-ldap/go-ldap_ubi_8.4.sh,https://github.com/go-ldap/ldap,,migrated,,
go-logfmt__logfmt,v0.5.0,go,,g/go-logfmt__logfmt/go-logfmt__logfmt_rhel_8.3.sh,https://github.com/go-logfmt/logfmt,,migrated,,
go-logr__logr,v0.3.0,go,,g/go-logr__logr/go-logr__logr_rhel_8.3.sh,https://github.com/go-logr/logr,,migrated,,
go-memdb,v1.0.0,go,,g/go-memdb/github.com__hashicorp__go-memdb_rhel_8.3.sh,https://github.com/hashicorp/go-memdb,,migrated,,
go-memdb,v1.3.4,go,,g/go-memdb/go-memdb_ubi_8.7.sh,https://github.com/hashicorp/go-memdb,,migrated,,
go-msgpack,v2.1.1,go,,g/go-msgpack/go-msgpack_ubi_8.7.sh,https://github.com/hashicorp/go-msgpack,,migrated,,
go-nsq,v1.0.8,go,,g/go-nsq/go-nsq_ubi_8.5.sh,https://github.com/nsqio/go-nsq,,migrated,,
go-nuts,1d2432db96,go,,g/go-nuts/go-nuts_ubi8.5.sh,https://github.com/motemen/go-nuts,,migrated,,
go-oci8,v0.0.7,go,,g/go-oci8/go-oci8.sh,https://github.com/mattn/go-oci8,,migrated,,
go-openapi__errors,d24ebc2075bad502fac3a8ae27aa6dd58e1952dc,go,,g/go-openapi__errors/go-openapi__errors_rhel_8.3.sh,https://github.com/go-openapi/errors,,migrated,,
go-openapi__inflect,0.19.0,go,,g/go-openapi__inflect/go-openapi__inflect_rhel_8.3.sh,https://github.com/go-openapi/inflect,,migrated,,
go-openapi__jsonpointer,46af16f9f7b149af66e5d1bd010e3574dc06de98,go,,g/go-openapi__jsonpointer/go-openapi__jsonpointer_rhel_8.3.sh,https://github.com/go-openapi/jsonpointer,,migrated,,
go-openapi__jsonpointer,46af16f9f7b149af66e5d1bd010e3574dc06de98,go,,g/go-openapi__jsonpointer/go-openapi_jsonpointer_ubi_8.5.sh,https://github.com/go-openapi/jsonpointer,,migrated,,
go-openapi__jsonreference,13c6e3589ad90f49bd3e3bbe2c2cb3d7a4142272,go,,g/go-openapi__jsonreference/go-openapi__jsonreference_rhel_8.3.sh,https://github.com/go-openapi/jsonreference,,migrated,,
go-openapi__strfmt,d65c7fdb29eca313476e529628176fe17e58c488,go,,g/go-openapi__strfmt/go-openapi__strfmt_rhel_8.3.sh,https://github.com/go-openapi/strfmt,,migrated,,
go-openapi__strfmt,d65c7fdb29eca313476e529628176fe17e58c488,go,,g/go-openapi__strfmt/go-openapi_strfmt_ubi_8.5.sh,https://github.com/go-openapi/strfmt,,migrated,,
go-openapi__swag,f3f9494671f93fcff853e3c6e9e948b3eb71e590,go,,g/go-openapi__swag/go-openapi__swag_rhel_8.3.sh,https://github.com/go-openapi/swag,,migrated,,
go-openapi__swag,1d0bd113de87027671077d3c71eb3ac5d7dbba72,go,,g/go-openapi__swag/go-openapi_swag_ubi_8.5.sh,https://github.com/go-openapi/swag,,migrated,,
go-openapi_validate,v0.21.0,go,,g/go-openapi_validate/go-openapi_validate_ubi_8.5.sh,https://github.com/go-openapi/validate,,migrated,,
go-querystring,v1.0.0,go,,g/go-querystring/go-querystring_ubi_8.4.sh,https://github.com/google/go-querystring,,migrated,,
go-restful,v3.9.0,go,,g/go-restful/go-restful_ubi_8.5.sh,https://github.com/emicklei/go-restful,,migrated,,
go-restful,v3.7.3,go,,g/go-restful/go-restful_ubi_8.4.sh,https://github.com/emicklei/go-restful.git,,migrated,,
go-rootcerts,v1.0.1,go,,g/go-rootcerts/go-rootcerts_ubi_8.4.sh,https://github.com/hashicorp/go-rootcerts,,migrated,,
go-semver,v0.3.0,go,,g/go-semver/go-semver_ubi_8.5.sh,https://github.com/coreos/go-semver,,migrated,,
go-sockaddr,v1.0.2,go,,g/go-sockaddr/go-sockaddr_v1.0.2_ubi8.4.sh,github.com/hashicorp/go-sockaddr,,migrated,,
go-spew,v1.1.1,go,,g/go-spew/go-spew_ubi_8.5.sh,https://github.com/davecgh/go-spew,,migrated,,
go-spew,v1.1.0,go,,g/go-spew/go-spew_v1.1.0_ubi_8.5.sh,github.com/davecgh/go-spew,,migrated,,
go-sql-driver__mysql,v1.5.0,go,,g/go-sql-driver__mysql/go-sql-driver__mysql_rhel_8.3.sh,https://github.com/go-sql-driver/mysql,,migrated,,
go-syslog,v2.2.1,go,,g/go-syslog/go-syslog_ubi_8.5.sh,https://github.com/mcuadros/go-syslog,,migrated,,
go-systemd,v22.5.0,go,,g/go-systemd/go-systemd_ubi_8.7.sh,https://github.com/coreos/go-systemd,,migrated,,
go-toml,${1:-,go,,g/go-toml/go-toml_ubi8.5.sh,https://github.com/pelletier/go-toml,,migrated,,
go-update,8152e7e,go,,g/go-update/go-update_ubi_8.4.sh,https://github.com/inconshreveable/go-update,,migrated,,
go-zookeeper,2cc03de413da,go,,g/go-zookeeper/go-zookeeper_ubi8.5.sh,https://github.com/samuel/go-zookeeper,,migrated,,
go.opencensus.io,v0.22.5,go,,g/go.opencensus.io/go.opencensus.io_ubi_8.5.sh,https://github.com/census-instrumentation/opencensus-go,,migrated,,
go.uber.org__atomic,v1.6.0,go,,g/go.uber.org__atomic/go.uber.org__atomic_rhel_8.3.sh,https://github.com/uber-go/atomic,,migrated,,
gobwas__glob,0.2.3,go,,g/gobwas__glob/gobwas__glob_rhel_8.3.sh,https://github.com/gobwas/glob,,migrated,,
gobwas__glob,v0.2.3,go,,g/gobwas__glob/glob_ubi_8.5.sh,https://github.com/gobwas/glob,,migrated,,
gocql,v0.0.0-20190402132108-0e1d5de854df,go,,g/gocql/github.com__gocql__gocql_rhel_8.3.sh,https://github.com/gocql/gocql,,migrated,,
gocql,9de8c0414fd7ff72ee819f25a66e4942cb223873,go,,g/gocql/gocql__gocql_rhel_8.3.sh,https://github.com/gocql/gocql,,migrated,,
gocql,v1.6.0,go,,g/gocql/gocql_ubi_8.7.sh,https://github.com/gocql/gocql,,migrated,,
gocql,n/a,go,,g/gocql/gocql_ubuntu_16.04.sh,https://github.com/gocql/gocql,,migrated,,
gocql__gocql,9de8c0414fd7ff72ee819f25a66e4942cb223873,go,,g/gocql__gocql/gocql__gocql_rhel_8.3.sh,https://github.com/gocql/gocql,,migrated,,
godbus,v5.1.0,go,,g/godbus/dbus_rhel_8.4.sh,https://github.com/godbus/dbus,,migrated,,
godog,${1:-,go,,g/godog/godog_ubi_8.5.sh,https://github.com/cucumber/godog,,migrated,,
gofpdf,v1.1.0,go,,g/gofpdf/gofpdf_8.5.sh,https://github.com/jung-kurt/gofpdf.git,,migrated,,
gofrs__flock,v0.8.0,go,,g/gofrs__flock/gofrs__flock_rhel_8.3.sh,https://github.com/gofrs/flock,,migrated,,
gojsonschema,v1.2.0,go,,g/gojsonschema/gojsonschema_ubi_8.3.sh,https://github.com/xeipuuv/gojsonschema.git,,migrated,,
gokrb5.v7,v7.5.0,go,,g/gokrb5.v7/gokrb5.v7_ubi_8.5.sh,https://github.com/jcmturner/gokrb5,,migrated,,
golang-net,v0.20.0,go,,g/golang-net/golang-net_ubi_8.7.sh,https://github.com/golang/net,,migrated,,
golang-net,NA,go,,g/golang-net/golang-net_ubuntu_16.04.sh,https://github.com/golang/net.git,,migrated,,
golang-set,v1.7.1,go,,g/golang-set/deckarep__golang-set_rhel_8.3.sh,https://github.com/deckarep/golang-set,,migrated,,
golang-set,v2.3.1,go,,g/golang-set/golang-set_ubi_8.7.sh,https://github.com/deckarep/golang-set,,migrated,,
golang__glog,44145f04b68cf362d9c4df2182967c2275eaefed,go,,g/golang__glog/golang__glog_rhel_8.3.sh,https://github.com/golang/glog,,migrated,,
golang__groupcache,v0.0.0-20200121045136-8c9f03a8e57e,go,,g/golang__groupcache/golang__groupcache_rhel_8.3.sh,https://github.com/golang/groupcache,,migrated,,
golang__protobuf,b4deda0973fb4c70b50d226b1af49f3da59f5265,go,,g/golang__protobuf/golang__protobuf_rhel_8.3.sh,https://github.com/golang/protobuf,,migrated,,
golang__snappy,2e65f85255dbc3072edf28d6b5b8efc472979f5a,go,,g/golang__snappy/golang__snappy_rhel_8.3.sh,https://github.com/golang/snappy,,migrated,,
golang__text,0.3.0,go,,g/golang__text/golang__text_rhel_8.3.sh,https://github.com/golang/text,,migrated,,
golang_protobuf_extensions,v1.0.1,go,,g/golang_protobuf_extensions/golang_protobuf_extensions_1.0.1_ubi_8.5.sh,https://github.com/matttproud/golang_protobuf_extensions,,migrated,,
golang_protobuf_extensions,${1:-,go,,g/golang_protobuf_extensions/golang_protobuf_extensions_ubi_8.5.sh,https://github.com/matttproud/golang_protobuf_extensions.git,,migrated,,
golex,v1.0.1,go,,g/golex/golex_ubi_8.3.sh,https://gitlab.com/cznic/golex,,migrated,,
gomodules.xyz__orderedmap,v0.1.0,go,,g/gomodules.xyz__orderedmap/gomodules.xyz__orderedmap_rhel_8.3.sh,https://github.com/gomodules/orderedmap,,migrated,,
gomodules_jsonpatch,v2.0.0,go,,g/gomodules_jsonpatch/gomodules_jsonpatch_v2.0.0_ubi_8.5.sh,https://github.com/gomodules/jsonpatch.git,,migrated,,
google.golang.org__api,v0.20.0,go,,g/google.golang.org__api/google.golang.org__api_rhel_8.3.sh,https://github.com/googleapis/google-api-go-client,,migrated,,
google__btree,7d79101e329e5a3adf994758c578dab82b90c017,go,,g/google__btree/google__btree_rhel_8.3.sh,https://github.com/google/btree,,migrated,,
google__go-cmp,v0.5.2,go,,g/google__go-cmp/google__go-cmp_rhel_8.3.sh,https://github.com/google/go-cmp,,migrated,,
google__gofuzz,44d81051d367757e1c7c6a5a86423ece9afcf63c,go,,g/google__gofuzz/google__gofuzz_rhel_8.3.sh,https://github.com/google/gofuzz,,migrated,,
google__pprof,v0.0.0-20200229191704-1ebb73c60ed3,go,,g/google__pprof/google__pprof_rhel_8.3.sh,https://github.com/google/pprof,,migrated,,
gophercloud__gophercloud,781450b3c4fcb4f5182bcc5133adb4b2e4a09d1d,go,,g/gophercloud__gophercloud/gophercloud__gophercloud_rhel_8.3.sh,https://github.com/gophercloud/gophercloud,,migrated,,
gopkg.in__airbrake__gobrake.v2,v2.0.9,go,,g/gopkg.in__airbrake__gobrake.v2/gopkg.in__airbrake__gobrake.v2_rhel_8.3.sh,https://github.com/airbrake/gobrake,,migrated,,
gopkg.in__alecthomas__kingpin.v2,v2.2.6,go,,g/gopkg.in__alecthomas__kingpin.v2/gopkg.in__alecthomas__kingpin.v2_rhel_8.3.sh,https://github.com/alecthomas/kingpin,,migrated,,
gopkg.in__check.v1,v1.0.0-20200227125254-8fa46927fb4f,go,,g/gopkg.in__check.v1/gopkg.in__check.v1_rhel_8.3.sh,https://github.com/go-check/check,,migrated,,
gopkg.in__cheggaaa__pb.v1,v1.0.25,go,,g/gopkg.in__cheggaaa__pb.v1/gopkg.in__cheggaaa__pb.v1_rhel_8.3.sh,https://github.com/cheggaaa/pb,,migrated,,
gopkg.in__errgo.v2,v2.1.0,go,,g/gopkg.in__errgo.v2/gopkg.in__errgo.v2_rhel_8.3.sh,https://github.com/go-errgo/errgo,,migrated,,
gopkg.in__fsnotify.v1,v1.4.7,go,,g/gopkg.in__fsnotify.v1/gopkg.in__fsnotify.v1_rhel_8.3.sh,https://github.com/fsnotify/fsnotify,,migrated,,
gopkg.in__fsnotify__fsnotify.v1,v1.4.7,go,,g/gopkg.in__fsnotify__fsnotify.v1/gopkg.in__fsnotify__fsnotify.v1_rhel_8.3.sh,https://github.com/fsnotify/fsnotify,,migrated,,
gopkg.in__gemnasium__logrus-airbrake-hook.v2,v2.1.2,go,,g/gopkg.in__gemnasium__logrus-airbrake-hook.v2/gopkg.in__gemnasium__logrus-airbrake-hook.v2_rhel_8.3.sh,https://github.com/gemnasium/logrus-airbrake-hook,,migrated,,
gopkg.in__go-playground__assert.v1,v1.2.1,go,,g/gopkg.in__go-playground__assert.v1/gopkg.in__go-playground__assert.v1_rhel_8.3.sh,https://github.com/go-playground/assert,,migrated,,
gopkg.in__go-playground__validator.v9,v9.30.2,go,,g/gopkg.in__go-playground__validator.v9/gopkg.in__go-playground__validator.v9_rhel_8.3.sh,https://github.com/go-playground/validator,,migrated,,
gopkg.in__gorp.v1,v1.7.2,go,,g/gopkg.in__gorp.v1/gopkg.in__gorp.v1_rhel_8.3.sh,https://github.com/go-gorp/gorp,,migrated,,
gopkg.in__imdario__mergo.v0,v0.3.7,go,,g/gopkg.in__imdario__mergo.v0/gopkg.in__imdario__mergo.v0_rhel_8.3.sh,https://github.com/imdario/mergo,,migrated,,
gopkg.in__inconshreveable__log15.v2,v2.0.0-20180818164646-67afb5ed74ec,go,,g/gopkg.in__inconshreveable__log15.v2/gopkg.in__inconshreveable__log15.v2_rhel_8.3.sh,https://github.com/inconshreveable/log15,,migrated,,
gopkg.in__inf.v0,v0.9.1,go,,g/gopkg.in__inf.v0/gopkg.in__inf.v0_rhel_8.3.sh,https://github.com/go-inf/inf,,migrated,,
gopkg.in__ini.v1,v1.51.0,go,,g/gopkg.in__ini.v1/gopkg.in__ini.v1_rhel_8.3.sh,https://github.com/go-ini/ini,,migrated,,
gopkg.in__mikefarah__yq.v1,v1.15.0,go,,g/gopkg.in__mikefarah__yq.v1/gopkg.in__mikefarah__yq.v1_rhel_8.3.sh,https://github.com/mikefarah/yq,,migrated,,
gopkg.in__natefinch__lumberjack.v2,v2.0.0-20150622162204-20b71e5b60d7,go,,g/gopkg.in__natefinch__lumberjack.v2/gopkg.in__natefinch__lumberjack.v2_rhel_8.3.sh,https://github.com/natefinch/lumberjack,,migrated,,
gopkg.in__resty.v1,v1.12.0,go,,g/gopkg.in__resty.v1/gopkg.in__resty.v1_rhel_8.3.sh,https://github.com/go-resty/resty,,migrated,,
gopkg.in__warnings.v0,v0.1.2,go,,g/gopkg.in__warnings.v0/gopkg.in__warnings.v0_rhel_8.3.sh,https://github.com/go-warnings/warnings,,migrated,,
gopsutil,v3.21.1,go,,g/gopsutil/gopsutil_rhel_8.3.sh,https://github.com/shirou/gopsutil,,migrated,,
gorilla__websocket,v1.4.2,go,,g/gorilla__websocket/gorilla__websocket_rhel_8.3.sh,https://github.com/gorilla/websocket,,migrated,,
gotest.tools__gotestsum,v0.3.5,go,,g/gotest.tools__gotestsum/gotest.tools__gotestsum_rhel_8.3.sh,https://github.com/gotestyourself/gotestsum,,migrated,,
gotestsum,v0.3.5,go,,g/gotestsum/gotest.tools__gotestsum_rhel_8.3.sh,https://github.com/gotestyourself/gotestsum,,migrated,,
gotestsum,v1.11.0,go,,g/gotestsum/gotestsum_ubi_8.7.sh,https://github.com/gotestyourself/gotestsum,,migrated,,
grafana,v9.3.6,go,,g/grafana/grafana_ubi_8.5.sh,https://github.com/grafana/grafana.git,,migrated,,
gregjones__httpcache,c63ab54fda8f77302f8d414e19933f2b6026a089,go,,g/gregjones__httpcache/gregjones__httpcache_rhel_8.3.sh,https://github.com/gregjones/httpcache,,migrated,,
gregjones__httpcache,c63ab54fda8f77302f8d414e19933f2b6026a089,go,,g/gregjones__httpcache/gregjones__httpcache_ubi_8.5.sh,https://github.com/gregjones/httpcache,,migrated,,
grpc-ecosystem__go-grpc-prometheus,2500245aa6110c562d17020fb31a2c133d737799,go,,g/grpc-ecosystem__go-grpc-prometheus/grpc-ecosystem__go-grpc-prometheus_rhel_8.3.sh,https://github.com/grpc-ecosystem/go-grpc-prometheus,,migrated,,
grpc-ecosystem__grpc-gateway,v1.16.0,go,,g/grpc-ecosystem__grpc-gateway/grpc-ecosystem__grpc-gateway_rhel_8.3.sh,https://github.com/grpc-ecosystem/grpc-gateway,,migrated,,
grpc-gateway,v2.18.0,go,,g/grpc-gateway/grpc-gateway_ubi_8.7.sh,https://github.com/grpc-ecosystem/grpc-gateway,,migrated,,
grpc-gateway,v1.9.5,go,,g/grpc-gateway/grpc-gateway_v1.9.5_ubi_8.5.sh,https://github.com/grpc-ecosystem/grpc-gateway,,migrated,,
grpc-gateway,v2.6.0,go,,g/grpc-gateway/grpc-gateway_ubi_8.4.sh,https://github.com/grpc-ecosystem/grpc-gateway,,migrated,,
grpc-go,v1.58.2,go,,g/grpc-go/grpc-go_ubi_8.7.sh,https://github.com/grpc/grpc-go,,migrated,,
grpc-go,"v1.16.0, v1.41.0",go,,g/grpc-go/grpc-go_ubi_8.4.sh,https://github.com/grpc/grpc-go,,migrated,,
grpc-websocket-proxy,673ab2c3ae75cc01952b84b88590e30e75dcf395,go,,g/grpc-websocket-proxy/grpc-websocket-proxy_ubi_8.4.sh,https://github.com/tmc/grpc-websocket-proxy,,migrated,,
grpc-websocket-proxy,e5319fda7802,go,,g/grpc-websocket-proxy/grpc-websocket-proxy_ubi_8.5.sh,https://github.com/tmc/grpc-websocket-proxy,,migrated,,
harshicorp_serf,v0.9.5,go,,h/harshicorp_serf/harshicorp_serf_ubi_8.5.sh,https://github.com/hashicorp/serf.git,,migrated,,
hashicorp__go-immutable-radix,v1.2.0,go,,h/hashicorp__go-immutable-radix/hashicorp__go-immutable-radix_rhel_8.3.sh,https://github.com/hashicorp/go-immutable-radix,,migrated,,
hashicorp__golang-lru,a0d98a5f288019575c6d1f4bb1573fef2d1fcdc4,go,,h/hashicorp__golang-lru/hashicorp__golang-lru_rhel_8.3.sh,https://github.com/hashicorp/golang-lru,,migrated,,
highwayhash,v1.0.2,go,,h/highwayhash/highwayhash_ubi8.sh,https://github.com/minio/highwayhash.git,,migrated,,
hudl__fargo,v1.3.0,go,,h/hudl__fargo/hudl__fargo_rhel_8.3.sh,https://github.com/hudl/fargo,,migrated,,
hystrix-go,fa1af6a1f4f5,go,,h/hystrix-go/hystrix-go_ubi_8.5.sh,https://github.com/afex/hystrix-go,,migrated,,
ibm-iam-operator,7d1cdc19978e2bda35ac2660b3ee325474ed5df0,go,,i/ibm-iam-operator/ibm-iam-operator_ubi_8.5.sh,https://github.com/IBM/ibm-iam-operator,,migrated,,
ibm-namespace-scope-operator,v1.0.1,go,,i/ibm-namespace-scope-operator/ibm-namespace-scope-operator_ubi_8.4.sh,https://github.com/IBM/ibm-namespace-scope-operator,,migrated,,
ibm-namespace-scope-operator,v1.5.0,go,,i/ibm-namespace-scope-operator/ibm-namespace-scope-operator_ubi_8.5.sh,https://github.com/IBM/ibm-namespace-scope-operator,,migrated,,
imdario__mergo,6633656539c1639d9d78127b7d47c622b5d7b6dc,go,,i/imdario__mergo/imdario__mergo_rhel_8.3.sh,https://github.com/imdario/mergo,,migrated,,
inconshreveable__mousetrap,76626ae9c91c4f2a10f34cad8ce83ea42c93bb75,go,,i/inconshreveable__mousetrap/inconshreveable__mousetrap_rhel_8.3.sh,https://github.com/inconshreveable/mousetrap,,migrated,,
influxdata,v0.0.0-20180522152040-32c6aa80de5e,go,,i/influxdata/influxdata_line_protocol_ubi_8.5.sh,https://github.com/influxdata/line-protocol,,migrated,,
influxdata-flux,v0.65.1,go,,i/influxdata-flux/flux_ubi_8.5.sh,https://github.com/influxdata/flux,,migrated,,
influxdb,v2.5.1,go,,i/influxdb/influxdb_ubi_8.5.sh,https://github.com/influxdata/influxdb.git,,migrated,,
influxdb,v2.7.6,go,,i/influxdb/influxdb_ubi_9.3.sh,https://github.com/influxdata/influxdb,,migrated,,
influxdb1-client,${1:-,go,,i/influxdb1-client/influxdb1-client_ubi_8.5.sh,https://proxy.golang.org/github.com/influxdata/influxdb1-client/@v/$PACKAGE_VERSION.zip,,migrated,,
istanbul-lib-source-maps,istanbul-lib-source-maps-v4.0.1,go,,i/istanbul-lib-source-maps/istanbul-lib-source-maps_ubi_8.5.sh,https://github.com/istanbuljs/istanbuljs,,migrated,,
istio-api,${SCRIPT_PACKAGE_VERSION},go,,i/istio-api/istio_api_ubi_9.4_v1.26.1.sh,https://github.com/${PACKAGE_ORG}/${PACKAGE_NAME},,migrated,,
istio-api,${1:-,go,,i/istio-api/istio-api_ubi_9_3.sh,https://github.com/istio/api,,migrated,,
istio-api,${1:-,go,,i/istio-api/istio_api_ubi_8.5.sh,https://github.com/istio/api,,migrated,,
istio-api,1.4.3,go,,i/istio-api/istio_api_rhel_7.6.sh,https://github.com/istio/api,,migrated,,
istio-api,a584d151eff9b8f7327087a99b2cba53116c0136,go,,i/istio-api/istio_api_ubi_8.4.sh,https://github.com/istio/api.git,,migrated,,
jaegertracing,v1.30.0,go,,j/jaegertracing/jaegertracing_ubi_8.3.sh,https://github.com/jaegertracing/jaeger.git,,migrated,,
jaegertracing,v1.40.0,go,,j/jaegertracing/jaegertracing_ubi_8_5.sh,https://github.com/jaegertracing/jaeger.git,,migrated,,
jehiah__go-strftime,1d33003b386959af197ba96475f198c114627b5e,go,,j/jehiah__go-strftime/jehiah__go-strftime_rhel_8.3.sh,https://github.com/jehiah/go-strftime,,migrated,,
jinzhu__inflection,1c35d901db3da928c72a72d8458480cc9ade058f,go,,j/jinzhu__inflection/jinzhu__inflection_rhel_8.3.sh,https://github.com/jinzhu/inflection,,migrated,,
jmespath__go-jmespath,0b12d6b5,go,,j/jmespath__go-jmespath/jmespath__go-jmespath_rhel_8.3.sh,https://github.com/jmespath/go-jmespath,,migrated,,
jmoiron__jsonq,e874b168d07ecc7808bc950a17998a8aa3141d82,go,,j/jmoiron__jsonq/jmoiron__jsonq_rhel_8.3.sh,https://github.com/jmoiron/jsonq,,migrated,,
jonboulle__clockwork,72f9bd7c4e0c2a40055ab3d0f09654f730cce982,go,,j/jonboulle__clockwork/jonboulle__clockwork_rhel_8.3.sh,https://github.com/jonboulle/clockwork,,migrated,,
json-iterator__go,f2b4162afba35581b6d4a50d3b8f34e33c144682,go,,j/json-iterator__go/json-iterator__go_rhel_8.3.sh,https://github.com/json-iterator/go,,migrated,,
jsonpatch,81af80346b1a,go,,j/jsonpatch/jsonpatch_ubi_8.5.sh,https://github.com/mattbaird/jsonpatch.git,,migrated,,
jsonpointer,v0.19.3,go,,j/jsonpointer/github.com__go-openapi__jsonpointer_rhel_8.3.sh,https://github.com/go-openapi/jsonpointer,,migrated,,
jsonpointer,46af16f9f7b149af66e5d1bd010e3574dc06de98,go,,j/jsonpointer/go-openapi__jsonpointer_rhel_8.3.sh,https://github.com/go-openapi/jsonpointer,,migrated,,
jsonpointer,46af16f9f7b149af66e5d1bd010e3574dc06de98,go,,j/jsonpointer/go-openapi_jsonpointer_ubi_8.5.sh,https://github.com/go-openapi/jsonpointer,,migrated,,
jsonpointer,v0.20.0,go,,j/jsonpointer/jsonpointer_ubi_8.7.sh,https://github.com/go-openapi/jsonpointer,,migrated,,
jsonreference,v0.19.3,go,,j/jsonreference/github.com__go-openapi__jsonreference_rhel_8.3.sh,https://github.com/go-openapi/jsonreference,,migrated,,
jsonreference,13c6e3589ad90f49bd3e3bbe2c2cb3d7a4142272,go,,j/jsonreference/go-openapi__jsonreference_rhel_8.3.sh,https://github.com/go-openapi/jsonreference,,migrated,,
jsonreference,v0.20.2,go,,j/jsonreference/jsonreference_ubi_8.7.sh,https://github.com/go-openapi/jsonreference,,migrated,,
jteeuwen__go-bindata,3.0.7,go,,j/jteeuwen__go-bindata/jteeuwen__go-bindata_rhel_8.3.sh,https://github.com/jteeuwen/go-bindata,,migrated,,
jteeuwen__go-bindata,v3.0.7,go,,j/jteeuwen__go-bindata/go-bindata_ubi_8.5.sh,https://github.com/jteeuwen/go-bindata,,migrated,,
jwt-go,v1.0.2,go,,j/jwt-go/jwt-go_ubi_8.5.sh,https://github.com/dgrijalva/jwt-go,,migrated,,
k8s.io__api,v0.20.2,go,,k/k8s.io__api/k8s.io__api_rhel_8.3.sh,https://github.com/kubernetes/api,,migrated,,
kafka-go,v0.2.0,go,,k/kafka-go/kafka-go_ubi_8.5.sh,https://github.com/segmentio/kafka-go.git,,migrated,,
keda,v2.16.1,go,,k/keda/keda-v2.16.1-ubi9.3.sh,https://github.com/kedacore/keda.git,,migrated,,
kit,v0.9.0,go,,k/kit/kit_ubi_8.4.sh,https://github.com/go-kit/kit,,migrated,,
klauspost__compress,1.7.4,go,,k/klauspost__compress/klauspost__compress_rhel_8.3.sh,https://github.com/klauspost/compress,,migrated,,
klauspost__cpuid,1.2.1,go,,k/klauspost__cpuid/klauspost__cpuid_rhel_8.3.sh,https://github.com/klauspost/cpuid,,migrated,,
klauspost__pgzip,1.2.1,go,,k/klauspost__pgzip/klauspost__pgzip_rhel_8.3.sh,https://github.com/klauspost/pgzip,,migrated,,
knetic__govaluate,v3.0.1-0.20171022003610-9aa49832a739+incompatible,go,,k/knetic__govaluate/knetic__govaluate_rhel_8.3.sh,https://github.com/knetic/govaluate,,migrated,,
konsorten__go-windows-terminal-sequences,1.0.2,go,,k/konsorten__go-windows-terminal-sequences/konsorten__go-windows-terminal-sequences_rhel_8.3.sh,https://github.com/konsorten/go-windows-terminal-sequences,,migrated,,
kubernetes-client,v5.0.2,go,,k/kubernetes-client/kubernetes-model-apiextensions/kubernetes-model-apiextensions_ubi_8.4.sh,https://github.com/fabric8io/kubernetes-client.git,,migrated,,
kubernetes-client,v5.0.2,go,,k/kubernetes-client/kubernetes-model-apps/kubernetes-model-apps_ubi_8.4.sh,https://github.com/fabric8io/kubernetes-client.git,,migrated,,
kubernetes-client,v5.0.2,go,,k/kubernetes-client/kubernetes-model-batch/kubernetes-model-batch_ubi_8.4.sh,https://github.com/fabric8io/kubernetes-client.git,,migrated,,
kubernetes-client,v5.0.2,go,,k/kubernetes-client/kubernetes-model-core/kubernetes-model-core_ubi_8.4.sh,https://github.com/fabric8io/kubernetes-client.git,,migrated,,
kubernetes-client,v5.0.2,go,,k/kubernetes-client/kubernetes-model-extensions/kubernetes-model-extensions_ubi_8.4.sh,https://github.com/fabric8io/kubernetes-client.git,,migrated,,
kubernetes-client,v5.0.2,go,,k/kubernetes-client/kubernetes-model-networking/kubernetes-model-networking_ubi_8.4.sh,https://github.com/fabric8io/kubernetes-client.git,,migrated,,
kubernetes-client,v5.0.2,go,,k/kubernetes-client/kubernetes-model-policy/kubernetes-model-policy_ubi_8.4.sh,https://github.com/fabric8io/kubernetes-client.git,,migrated,,
kubernetes-client,v5.0.2,go,,k/kubernetes-client/kubernetes-model-rbac/kubernetes-model-rbac_ubi_8.4.sh,https://github.com/fabric8io/kubernetes-client.git,,migrated,,
kubernetes-client,v5.0.2,go,,k/kubernetes-client/kubernetes-model-storageclass/kubernetes-model-storageclass_ubi_8.4.sh,https://github.com/fabric8io/kubernetes-client.git,,migrated,,
kubernetes-client,v5.0.2,go,,k/kubernetes-client/openshift-model/openshit-model_ubi_8.4.sh,https://github.com/fabric8io/kubernetes-client.git,,migrated,,
kubernetes-client,v5.0.2,go,,k/kubernetes-client/openshift-model-monitoring/openshift-model-monitoring_ubi_8.4.sh,https://github.com/fabric8io/kubernetes-client.git,,migrated,,
kubernetes__api,510bcd53e1cfd54b8dd440c94f484dbfb777eaca,go,,k/kubernetes__api/kubernetes__api_rhel_8.3.sh,https://github.com/kubernetes/api,,migrated,,
lego,v2.5.0,go,,l/lego/lego_ubi_8.5.sh,https://github.com/go-acme/lego,,migrated,,
lego,3.5.0 - latest,go,,l/lego/lego_ubi8.3.sh,https://github.com/go-acme/lego,,migrated,,
libseccomp-golang,9006a281d6713ba604f36f9b5caeac23a16bbd55,go,,l/libseccomp-golang/libseccomp-golang_ubi_8.5.sh,https://github.com/seccomp/libseccomp-golang/,,migrated,,
libtrust,v0.0.0-20160708172513-aabc10ec26b7,go,,l/libtrust/libtrust_ubi_8.4.sh,https://github.com/docker/libtrust.git,,migrated,,
lightstep-tracer-common,bc2310a04743,go,,l/lightstep-tracer-common/lightstep-tracer-common_ubi_8.5.sh,https://github.com/lightstep/lightstep-tracer-common,,migrated,,
lint,6edffad,go,,l/lint/lint_ubi_8.4.sh,https://github.com/golang/lint,,migrated,,
logex,v1.1.10,go,,l/logex/logex_ubi_8.5.sh,https://github.com/chzyer/logex,,migrated,,
logger,v1.0.1,go,,l/logger/github.com__gobuffalo__logger_rhel_8.3.sh,https://github.com/gobuffalo/logger,,migrated,,
logger,v1.0.7,go,,l/logger/logger_ubi_8.7.sh,https://github.com/gobuffalo/logger,,migrated,,
logr,v0.2.0,go,,l/logr/github.com__go-logr__logr_rhel_8.3.sh,https://github.com/go-logr/logr,,migrated,,
logr,v0.3.0,go,,l/logr/go-logr__logr_rhel_8.3.sh,https://github.com/go-logr/logr,,migrated,,
logr,v1.2.4,go,,l/logr/logr_ubi_8.7.sh,https://github.com/go-logr/logr,,migrated,,
logrus-logstash-hook,${1:-,go,,l/logrus-logstash-hook/logrus-logstash-hook_ubi_8.5.sh,https://github.com/bshuster-repo/logrus-logstash-hook,,migrated,,
lz4,${1:-,go,,l/lz4/lz4_ubi_8.3.sh,https://github.com/pierrec/lz4,,migrated,,
mailru__easyjson,d5b7844b561a7bc640052f1b935f7b800330d7e0,go,,m/mailru__easyjson/mailru__easyjson_rhel_8.3.sh,https://github.com/mailru/easyjson,,migrated,,
masterminds__squirrel,v1.4.0,go,,m/masterminds__squirrel/masterminds__squirrel_rhel_8.3.sh,https://github.com/masterminds/squirrel,,migrated,,
mathutil,${1:-,go,,m/mathutil/mathutil_ubi8.5.sh,https://gitlab.com/cznic/mathutil,,migrated,,
mattn__go-isatty,0.0.8,go,,m/mattn__go-isatty/mattn__go-isatty_rhel_8.3.sh,https://github.com/mattn/go-isatty,,migrated,,
mattn__go-shellwords,1.0.3,go,,m/mattn__go-shellwords/mattn__go-shellwords_rhel_8.3.sh,https://github.com/mattn/go-shellwords,,migrated,,
mdns,${1:-,go,,m/mdns/mdns_ubi8.5.sh,https://github.com/hashicorp/mdns,,migrated,,
metrics-server,v0.3.2,go,,m/metrics-server/metrics-server_ubi_8.4.sh,https://github.com/kubernetes-sigs/metrics-server,,migrated,,
mgutz_logxi,v0.0.0-20161027140823-aebf8a7d67ab,go,,m/mgutz_logxi/mgutz_logxi_ubi_8.5.sh,https://github.com/mgutz/logxi,,migrated,,
minio-go,v6.0.49,go,,m/minio-go/minio-go_ubi8.5.sh,https://github.com/minio/minio-go,,migrated,,
mint,v0.0.0-20180715133206-93c51c6ce115,go,,m/mint/mint_ubi_8.4.sh,https://github.com/bifurcation/mint,,migrated,,
mitchellh__go-homedir,b8bc1bf767474819792c23f32d8286a45736f1c6,go,,m/mitchellh__go-homedir/mitchellh__go-homedir_rhel_8.3.sh,https://github.com/mitchellh/go-homedir,,migrated,,
mitchellh__mapstructure,bf4a414708fc0bd342b09ba68bdb9e0b90ad849b,go,,m/mitchellh__mapstructure/mitchellh__mapstructure_rhel_8.3.sh,https://github.com/mitchellh/mapstructure,,migrated,,
mockery,e78b021dcb,go,,m/mockery/mockery_ubi_8.5.sh,https://github.com/vektra/mockery,,migrated,,
modern-go__concurrent,bacd9c7ef1dd9b15be4a9909b8ac7a4e313eec94,go,,m/modern-go__concurrent/modern-go__concurrent_rhel_8.3.sh,https://github.com/modern-go/concurrent,,migrated,,
modern-go__reflect2,05fbef0ca5da472bbf96c9322b84a53edc03c9fd,go,,m/modern-go__reflect2/modern-go__reflect2_rhel_8.3.sh,https://github.com/modern-go/reflect2,,migrated,,
moul__http2curl,9ac6cf4d929b2fa8fd2d2e6dec5bb0feb4f4911d,go,,m/moul__http2curl/moul__http2curl_rhel_8.3.sh,https://github.com/moul/http2curl,,migrated,,
msgp,v1.1.3,go,,m/msgp/msgp_ubi8.4.sh,https://github.com/tinylib/msgp,,migrated,,
natefinch__lumberjack,20b71e5b60d756d3d2f80def009790325acc2b23,go,,n/natefinch__lumberjack/natefinch__lumberjack_rhel_8.3.sh,https://github.com/natefinch/lumberjack,,migrated,,
natefinch__lumberjack,v2.1,go,,n/natefinch__lumberjack/natefinch__lumberjack_ubi_8.5.sh,https://github.com/natefinch/lumberjack,,migrated,,
nats-io__jwt,v0.3.2,go,,n/nats-io__jwt/nats-io__jwt_rhel_8.3.sh,https://github.com/nats-io/jwt,,migrated,,
nats-io__nats.go,v1.9.2,go,,n/nats-io__nats.go/nats-io__nats.go_rhel_8.3.sh,https://github.com/nats-io/nats.go,,migrated,,
nats-io__nkeys,v0.1.4,go,,n/nats-io__nkeys/nats-io__nkeys_rhel_8.3.sh,https://github.com/nats-io/nkeys,,migrated,,
nats-io__nuid,v1.0.1,go,,n/nats-io__nuid/nats-io__nuid_rhel_8.3.sh,https://github.com/nats-io/nuid,,migrated,,
nats-io_natscli,main (v0.0.34-32-g2b0a465),go,,n/nats-io_natscli/nats-io_natscli_ubi_8_5.sh,https://github.com/nats-io/natscli,,migrated,,
nats.go,v1.10.0,go,,n/nats.go/nats.go_ubi_8.5.sh,https://github.com/nats-io/nats.go,,migrated,,
netlib,v0.0.0-20190728182440-6a916e37a237,go,,n/netlib/netlib_ubi_8.3.sh,gonum.org/v1/netlib/...,,migrated,,
netns,be1fbeda,go,,n/netns/netns_ubi_8.5.sh,https://github.com/vishvananda/netns,,migrated,,
nwaples__rardecode,1.0.0,go,,n/nwaples__rardecode/nwaples__rardecode_rhel_8.3.sh,https://github.com/nwaples/rardecode,,migrated,,
oauth2,v0.0.0-20211104180415-d3ed0bb246c8,go,,o/oauth2/oauth2_ubi8.4.sh,https://github.com/golang/oauth2,,migrated,,
oklog,v0.3.2,go,,o/oklog/oklog_ubi_8.5.sh,https://github.com/oklog/oklog,,migrated,,
onsi__ginkgo,11459a886d9cd66b319dac7ef1e917ee221372c9,go,,o/onsi__ginkgo/onsi__ginkgo_rhel_8.3.sh,https://github.com/onsi/ginkgo,,migrated,,
onsi__gomega,dcabb60a477c2b6f456df65037cb6708210fbb02,go,,o/onsi__gomega/onsi__gomega_rhel_8.3.sh,https://github.com/onsi/gomega,,migrated,,
openstorage,${1:-,go,,o/openstorage/openstorage_ubi_8.5.sh,https://github.com/libopenstorage/openstorage,,migrated,,
opentelemetry-cpp,v1.8.0,go,,o/opentelemetry-cpp/opentelemetry-cpp_ubi_8.5.sh,https://github.com/open-telemetry/opentelemetry-cpp,,migrated,,
opentelemetry-go,v1.11.1,go,,o/opentelemetry-go/opentelemetry-go_ubi_8.5.sh,https://github.com/open-telemetry/opentelemetry-go.git,,migrated,,
operand-deployment-lifecycle-manager,v1.4.1,go,,o/operand-deployment-lifecycle-manager/operand-deployment-lifecycle-manager_ubi_8.5.sh,https://github.com/IBM/operand-deployment-lifecycle-manager,,migrated,,
operator_utils,v1.1.1,go,,o/operator_utils/operator-utils_ubi_8.4.sh,https://github.com/redhat-cop/operator-utils,,migrated,,
PuerkitoBio__purell,8a290539e2e8629dbc4e6bad948158f790ec31f4,go,,p/PuerkitoBio__purell/PuerkitoBio__purell_rhel_8.3.sh,https://github.com/puerkitobio/purell,,migrated,,
PuerkitoBio__urlesc,5bd2802263f21d8788851d5305584c82a5c75d7e,go,,p/PuerkitoBio__urlesc/PuerkitoBio__urlesc_rhel_8.3.sh,https://github.com/puerkitobio/urlesc,,migrated,,
pact-go,v2.0.8,go,,p/pact-go/pact-go_ubi_9.3.sh,https://github.com/pact-foundation/pact-go,,migrated,,
paho.mqtt.golang,v1.3.0,go,,p/paho.mqtt.golang/paho.mqtt.golang-ubi_8.4.sh,https://github.com/eclipse/paho.mqtt.golang,,migrated,,
pascaldekloe__name,0fd16699aae1833640fca52a937944c6f3b1d58c,go,,p/pascaldekloe__name/pascaldekloe__name_rhel_8.3.sh,https://github.com/pascaldekloe/name,,migrated,,
pborman__uuid,ca53cad383cad2479bbba7f7a1a05797ec1386e4,go,,p/pborman__uuid/pborman__uuid_rhel_8.3.sh,https://github.com/pborman/uuid,,migrated,,
pelletier__go-buffruneio,0.2.0,go,,p/pelletier__go-buffruneio/pelletier__go-buffruneio_rhel_8.3.sh,https://github.com/pelletier/go-buffruneio,,migrated,,
pelletier__go-toml,1.0.1,go,,p/pelletier__go-toml/pelletier__go-toml_rhel_8.3.sh,https://github.com/pelletier/go-toml,,migrated,,
perks,v1.0.1,go,,p/perks/perks_ubi8.4.sh,https://github.com/beorn7/perks,,migrated,,
peterbourgon__diskv,5f041e8faa004a95c88a202771f4cc3e991971e6,go,,p/peterbourgon__diskv/peterbourgon__diskv_rhel_8.3.sh,https://github.com/peterbourgon/diskv,,migrated,,
pgconn,v1.9.0,go,,p/pgconn/pgconn_ubi_8.5.sh,https://github.com/jackc/pgconn.git,,migrated,,
pgtype,v1.8.0,go,,p/pgtype/pgtype_ubi_8.5.sh,https://github.com/jackc/pgtype.git,,migrated,,
pgx,v4.12.0,go,,p/pgx/pgx_ubi_8.5.sh,https://github.com/jackc/pgx.git,,migrated,,
pkg,v0.0.0-20180928190104-399ea9e2e55f,go,,p/pkg/pkg_ubi_8.5.sh,https://github.com/coreos/pkg,,migrated,,
pkg_errors,v0.9.1,go,,p/pkg_errors/pkg_errors_ubi_8.5.sh,https://github.com/pkg/errors,,migrated,,
plist,v0.0.0-20181124034731-591f970eefbb,go,,p/plist/plist_ubi_8.5.sh,https://github.com/DHowett/go-plist,,migrated,,
plot,e2840ee46a6b,go,,p/plot/plot_ubi_8.5.sh,https://github.com/gonum/plot.git,,migrated,,
postgres-operator,b0427ff,go,,p/postgres-operator/postgres-operator_ubi_8.5.sh,https://github.com/CrunchyData/postgres-operator,,migrated,,
pretty,v0.2.0,go,,p/pretty/pretty_ubi_8.5.sh,https://github.com/kr/pretty,,migrated,,
progressbar,v1.0.0,go,,p/progressbar/progressbar_ubi_8.4.sh,https://github.com/schollz/progressbar,,migrated,,
prometheus-operator,${1:-,go,,p/prometheus-operator/prometheus-operator_ubi_8.5.sh,https://github.com/coreos/prometheus-operator,,migrated,,
prometheus__common,v0.14.0,go,,p/prometheus__common/prometheus__common_ubi_8.5.sh,https://github.com/prometheus/common,,migrated,,
promethus_clientmodel,v0.2.0,go,,p/promethus_clientmodel/prometheus_ubi_8.5.sh,https://github.com/prometheus/client_model,,migrated,,
protobuf-go,v1.27.1,go,,p/protobuf-go/protobuf-go_ubi_8.5.sh,https://github.com/protocolbuffers/protobuf-go,,migrated,,
quobyte_api,v0.1.2,go,,q/quobyte_api/quobyte_api_ubi8.5.sh,https://github.com/quobyte/api,,migrated,,
raft,${1:-,go,,r/raft/raft_ubi_8.5.sh,https://github.com/hashicorp/raft,,migrated,,
raft-boltdb,v0.0.0-20171010151810-6e5ba93211ea,go,,r/raft-boltdb/github.com__hashicorp__raft-boltdb_rhel_8.3.sh,https://github.com/hashicorp/raft-boltdb,,migrated,,
raft-boltdb,v2.3.0,go,,r/raft-boltdb/raft-boltdb_ubi_8.7.sh,https://github.com/hashicorp/raft-boltdb,,migrated,,
readahead,v1.3.1,go,,r/readahead/readahead_ubi8.4.sh,https://github.com/klauspost/readahead,,migrated,,
receptor,devel,go,,r/receptor/receptor_ubi_8.5.sh,https://github.com/ansible/receptor,,migrated,,
restic,v0.12.1,go,,r/restic/restic_ubi8.4.sh,https://github.com/restic/restic/,,migrated,,
rpc.v1,v1.1.0,go,,r/rpc.v1/rpc.v1_ubi_8.5.sh,https://github.com/jcmturner/rpc/,,migrated,,
rsc.io__binaryregexp,v0.2.0,go,,r/rsc.io__binaryregexp/rsc.io__binaryregexp_rhel_8.3.sh,https://github.com/rsc/binaryregexp,,migrated,,
rsc.io__letsencrypt,v0.0.3,go,,r/rsc.io__letsencrypt/rsc.io__letsencrypt_rhel_8.3.sh,https://github.com/rsc/letsencrypt,,migrated,,
rules_go,v0.48.0,go,,r/rules_go/rules_go_ubi_9.3.sh,https://github.com/bazelbuild/rules_go,,migrated,,
rules_go,v0.40.1,go,,r/rules_go/rules_go_ubi_8.7.sh,https://github.com/bazelbuild/rules_go,,migrated,,
runtime-tools,1d69bd0f9c39,go,,r/runtime-tools/runtime-tools_ubi_8.5.sh,https://github.com/opencontainers/runtime-tools,,migrated,,
russross__blackfriday,1.5,go,,r/russross__blackfriday/russross__blackfriday_rhel_8.3.sh,https://github.com/russross/blackfriday,,migrated,,
ryanuber__columnize,2.1.0,go,,r/ryanuber__columnize/ryanuber__columnize_rhel_8.3.sh,https://github.com/ryanuber/columnize,,migrated,,
segmentio__backo-go,204274ad699c0983a70203a566887f17a717fef4,go,,s/segmentio__backo-go/segmentio__backo-go_rhel_8.3.sh,https://github.com/segmentio/backo-go,,migrated,,
serenize__snaker,de5293a32fd929048775e277fa6dd163bdeac7b3,go,,s/serenize__snaker/serenize__snaker_rhel_8.3.sh,https://github.com/serenize/snaker,,migrated,,
sha256-simd,v0.1.1,go,,s/sha256-simd/github.com__minio__sha256-simd_rhel_8.3.sh,https://github.com/minio/sha256-simd,,migrated,,
sha256-simd,v1.0.1,go,,s/sha256-simd/sha256-simd_ubi_8.7.sh,https://github.com/minio/sha256-simd,,migrated,,
sigs.k8s.io__controller-runtime,v0.7.0,go,,s/sigs.k8s.io__controller-runtime/sigs.k8s.io__controller-runtime_rhel_8.3.sh,https://github.com/kubernetes-sigs/controller-runtime,,migrated,,
sigs.k8s.io__kubebuilder,v1.0.9-0.20200513134826-f07a0146a40b,go,,s/sigs.k8s.io__kubebuilder/sigs.k8s.io__kubebuilder_rhel_8.3.sh,https://github.com/kubernetes-sigs/kubebuilder,,migrated,,
sigs.k8s.io__yaml,v1.2.0,go,,s/sigs.k8s.io__yaml/sigs.k8s.io__yaml_rhel_8.3.sh,https://github.com/kubernetes-sigs/yaml,,migrated,,
sigurn__crc16,da416fad5162ac0f3338ba24dccdb26e4da22485,go,,s/sigurn__crc16/sigurn__crc16_rhel_8.3.sh,https://github.com/sigurn/crc16,,migrated,,
sigurn__utils,f19e41f79f8f006116f682c1af454591bc278ad4,go,,s/sigurn__utils/sigurn__utils_rhel_8.3.sh,https://github.com/sigurn/utils,,migrated,,
sirupsen__logrus,1.3.0,go,,s/sirupsen__logrus/sirupsen__logrus_rhel_8.3.sh,https://github.com/sirupsen/logrus,,migrated,,
sirupsen__logrus,v1.8.1,go,,s/sirupsen__logrus/sirupsen_logrus_ubi_8.5.sh,https://github.com/sirupsen/logrus.git,,migrated,,
sketches-go,v1.2.1,go,,s/sketches-go/sketches-go_ubi8.4.sh,github.com/DataDog/sketches-go,,migrated,,
slim-sprig,v0.0.0-20210107165309-348f09dbbbc0,go,,s/slim-sprig/slim-sprig_ubi_8.5.sh,https://github.com/go-task/slim-sprig.git,,migrated,,
smart,v0.0.0-20190505152634-909a45200d6d,go,,s/smart/smart_ubi_8.5.sh,https://github.com/dswarbrick/smart,,migrated,,
spdystream,v0.0.0-20181023171402-6480d4af844c,go,,s/spdystream/spdystream-ubi8.4.sh,https://github.com/moby/spdystream.git,,migrated,,
spf13__cobra,95f2f73ed97e57387762620175ccdc277a8597a0,go,,s/spf13__cobra/spf13__cobra_rhel_8.3.sh,https://github.com/spf13/cobra,,migrated,,
spf13__pflag,2e9d26c8c37aae03e3f9d4e90b7116f5accb7cab,go,,s/spf13__pflag/spf13__pflag_rhel_8.3.sh,https://github.com/spf13/pflag,,migrated,,
stack,v1.8.0,go,,s/stack/stack_v1.8.0_UBI_8.5.sh,https://github.com/go-stack/stack.git,,migrated,,
stan.go,v0.7.0,go,,s/stan.go/stan.go_ubi_8.5.sh,https://github.com/nats-io/stan.go,,migrated,,
starlark-go,d1966c6,go,,s/starlark-go/starlark-go_ubi_8.5.sh,https://github.com/google/starlark-go,,migrated,,
stats,v0.6.6,go,,s/stats/stats_ubi_8.5.sh,https://github.com/montanaflynn/stats,,migrated,,
storm,v2.2.1,go,,s/storm/storm_ubi_8.5.sh,https://github.com/asdine/storm.git,,migrated,,
streadway_handy,0f66f006fb2e,go,,s/streadway_handy/handy_ubi_8.5.sh,https://github.com/streadway/handy.git,,migrated,,
streadway_handy,v0.0.0-20190108123426-d5acb3125c2a,go,,s/streadway_handy/streadway_handy_ubi8.5.sh,https://github.com/streadway/handy,,migrated,,
stretchr__objx,0.1.1,go,,s/stretchr__objx/stretchr__objx_rhel_8.3.sh,https://github.com/stretchr/objx,,migrated,,
stretchr__testify,e3a8ff8ce36581f87a15341206f205b1da467059,go,,s/stretchr__testify/stretchr__testify_rhel_8.3.sh,https://github.com/stretchr/testify,,migrated,,
strfmt,v0.19.3,go,,s/strfmt/github.com__go-openapi__strfmt_rhel_8.3.sh,https://github.com/go-openapi/strfmt,,migrated,,
strfmt,d65c7fdb29eca313476e529628176fe17e58c488,go,,s/strfmt/go-openapi__strfmt_rhel_8.3.sh,https://github.com/go-openapi/strfmt,,migrated,,
strfmt,d65c7fdb29eca313476e529628176fe17e58c488,go,,s/strfmt/go-openapi_strfmt_ubi_8.5.sh,https://github.com/go-openapi/strfmt,,migrated,,
strfmt,v0.21.9,go,,s/strfmt/strfmt_ubi_8.7.sh,https://github.com/go-openapi/strfmt,,migrated,,
tcplisten,v1.0.0,go,,t/tcplisten/tcplisten_ubi_8.4.sh,https://github.com/valyala/tcplisten,,migrated,,
tdigest,bf2b5ad3c0a9,go,,t/tdigest/tdigest_ubi_8.5.sh,https://github.com/influxdata/tdigest.git,,migrated,,
technicianted_archiver,fcf9876e4d2f,go,,t/technicianted_archiver/technicianted_archiver_ubi_8.5.sh,https://github.com/technicianted/archiver,,migrated,,
telegraf,v1.30.0,go,,t/telegraf/telegraf_ubi_8.7.sh,https://github.com/influxdata/telegraf.git,,migrated,,
telegraf,1.5.0,go,,t/telegraf/telegraf_rhel_7.3.sh,https://github.com/influxdata/telegraf,,migrated,,
term,v0.0.0-20210927222741-03fcf44c2211,go,,t/term/term_ubi_8.5.sh,https://github.com/golang/term,,migrated,,
try,${1:-,go,,t/try/try_ubi_8.5.sh,https://proxy.golang.org/github.com/matryer/try/@v/${PACKAGE_VERSION}.zip,,migrated,,
try,"master,v1",go,,t/try/try_ubi_8.4.sh,https://github.com/matryer/try,,migrated,,
ttrpc,v1.0.1,go,,t/ttrpc/containerd__ttrpc_rhel_8.3.sh,https://github.com/containerd/ttrpc,,migrated,,
ttrpc,v0.0.0-20190828154514-0e0f228740de,go,,t/ttrpc/github.com__containerd__ttrpc_rhel_8.3.sh,https://github.com/containerd/ttrpc,,migrated,,
ttrpc,v1.2.2,go,,t/ttrpc/ttrpc_ubi_8.7.sh,https://github.com/containerd/ttrpc,,migrated,,
uber-go_tools,v0.0.0-20190618225709-2cfd321de3ee,go,,u/uber-go_tools/uber-go_tools_ubi_8.5.sh,https://github.com/uber-go/tools,,migrated,,
udpa,v0.0.0-20191209042840-269d4d468f6f,go,,u/udpa/udpa_ubi_8.4.sh,https://github.com/cncf/udpa,,migrated,,
ulikunitz__xz,0.5.6,go,,u/ulikunitz__xz/ulikunitz__xz_rhel_8.3.sh,https://github.com/ulikunitz/xz,,migrated,,
VividCortex__ewma,1.1.1,go,,v/VividCortex__ewma/VividCortex__ewma_rhel_8.3.sh,https://github.com/vividcortex/ewma,,migrated,,
vault-k8s,1.2.1,go,,v/vault-k8s/vault-k8s-1.2.1-ubi-8.7.sh,https://github.com/hashicorp/vault-k8s,,migrated,,
vbauerster__mpb,3.4.0,go,,v/vbauerster__mpb/vbauerster__mpb_rhel_8.3.sh,https://github.com/vbauerster/mpb,,migrated,,
vbom.ml__util,v0.0.0-20160121211510-db5cfe13f5cc,go,,v/vbom.ml__util/vbom.ml__util_rhel_8.3.sh,https://github.com/fvbommel/util,,migrated,,
vfsgen,6a9ea43bcacd,go,,v/vfsgen/vfsgen_ubi_8.5.sh,https://github.com/shurcooL/vfsgen,,migrated,,
vividcortex__gohistogram,v1.0.0,go,,v/vividcortex__gohistogram/vividcortex__gohistogram_rhel_8.3.sh,https://github.com/vividcortex/gohistogram,,migrated,,
warnings.v0,${1:-,go,,w/warnings.v0/warnings.v0_ubi_8.5.sh,https://github.com/go-warnings/warnings,,migrated,,
websocket,v1.8.4,go,,w/websocket/websocket_ubi_8.5.sh,https://github.com/nhooyr/websocket,,migrated,,
exp,b0d78118,go,,x/exp/x_exp_ubi_8.5.sh,https://go.googlesource.com/exp,,migrated,,
image,c73c2afc3b81,go,,x/image/x_image_ubi_8.5.sh,https://go.googlesource.com/image,,migrated,,
xeipuuv__gojsonpointer,6fe8760cad3569743d51ddbb243b26f8456742dc,go,,x/xeipuuv__gojsonpointer/xeipuuv__gojsonpointer_rhel_8.3.sh,https://github.com/xeipuuv/gojsonpointer,,migrated,,
xeipuuv__gojsonpointer,02993c407bfbf5f6dae44c4f4b1cf6a39b5fc5bb,go,,x/xeipuuv__gojsonpointer/xeipuuv_gojsonpointer_ubi_8.5.sh,https://github.com/xeipuuv/gojsonpointer,,migrated,,
xeipuuv__gojsonreference,e02fc20de94c78484cd5ffb007f8af96be030a45,go,,x/xeipuuv__gojsonreference/xeipuuv__gojsonreference_rhel_8.3.sh,https://github.com/xeipuuv/gojsonreference,,migrated,,
xeipuuv__gojsonreference,bd5ef7bd5415a7ac448318e64f11a24cd21e594b,go,,x/xeipuuv__gojsonreference/xeipuuv_gojsonreference_ubi_8.5.sh,https://github.com/xeipuuv/gojsonreference,,migrated,,
xeipuuv__gojsonschema,v1.2.0,go,,x/xeipuuv__gojsonschema/xeipuuv__gojsonschema_rhel_8.3.sh,https://github.com/xeipuuv/gojsonschema,,migrated,,
xi2__xz,48954b6210f8d154cb5f8484d3a3e1f83489309e,go,,x/xi2__xz/xi2__xz_rhel_8.3.sh,https://github.com/xi2/xz,,migrated,,
xi2__xz,48954b6210f8d154cb5f8484d3a3e1f83489309e,go,,x/xi2__xz/xi2__xz_ubi_8.5.sh,https://github.com/xi2/xz,,migrated,,
xiang90__probing,07dd2e8dfe18522e9c447ba95f2fe95262f63bb2,go,,x/xiang90__probing/xiang90__probing_rhel_8.3.sh,https://github.com/xiang90/probing,,migrated,,
xiang90__probing,07dd2e8dfe18522e9c447ba95f2fe95262f63bb2,go,,x/xiang90__probing/xiang90__probing_ubi_8.5.sh,https://github.com/xiang90/probing,,migrated,,
xtgo__uuid,a0b114877d4caeffbd7f87e3757c17fce570fea7,go,,x/xtgo__uuid/xtgo__uuid_rhel_8.3.sh,https://github.com/xtgo/uuid,,migrated,,
xtgo__uuid,a0b114877d4caeffbd7f87e3757c17fce570fea7,go,,x/xtgo__uuid/xtgo_uuid_ubi_8.5.sh,https://github.com/xtgo/uuid,,migrated,,
yaml,670d4cfef05,go,,y/yaml/yaml_670d4cfef05_ubi_8.5.sh,https://github.com/go-yaml/yaml,,migrated,,
yaml,master,go,,y/yaml/yaml_master_UBI_8.5.sh,https://github.com/go-yaml/yaml,,migrated,,
yaml,v2.2.8,go,,y/yaml/yaml_ubi_8.5.sh,https://github.com/go-yaml/yaml.git,,migrated,,
yaml,"v2.4.0,v2.3.0",go,,y/yaml/yaml_ubi_8.4.sh,https://github.com/go-yaml/yaml,,migrated,,
zipkin-go,v0.2.2,go,,z/zipkin-go/github.com__openzipkin__zipkin-go_rhel_8.3.sh,https://github.com/openzipkin/zipkin-go,,migrated,,
zipkin-go,v0.4.2,go,,z/zipkin-go/zipkin-go_ubi_8.7.sh,https://github.com/openzipkin/zipkin-go,,migrated,,
zxcvbn-go,ae427f1e4c1d,go,,z/zxcvbn-go/zxcvbn-go_ubi_8.5.sh,https://github.com/nbutton23/zxcvbn-go.git,,migrated,,
badger,${1:-,go,,b/badger/badger_ubi_8.5.sh,https://github.com/dgraph-io/badger,,migrated,,
camel-k,v2.6.0,go,,c/camel-k/camel-k_rhel8.2.sh,https://github.com/apache/camel-k,,migrated,,
cloud.google.com-go-firestore,firestore/v1.1.0,go,,c/cloud.google.com-go-firestore/cloud.google.com-go-firestore_ubi8.5.sh,https://github.com/googleapis/google-cloud-go,,migrated,,
cloudnative-pg,v1.23.2,go,,c/cloudnative-pg/cloudnative-pg-v1.23.2-ubuntu22.04.sh,https://github.com/cloudnative-pg/${PACKAGE_NAME}.git,,migrated,,
cloudnative-pg,release-1.25,go,,c/cloudnative-pg/cloudnative-pg_release-1.25_ubi_9.3.sh,https://github.com/cloudnative-pg/${PACKAGE_NAME}.git,,migrated,,
copy,v1.7.0,go,,c/copy/copy_ubi_8.5.sh,https://github.com/otiai10/copy,,migrated,,
counterfeiter,v6.2.2,go,,c/counterfeiter/counterfieter_ubi_8.5.sh,https://github.com/maxbrunsfeld/counterfeiter,,migrated,,
crunchy-containers,v4.7.2,go,,c/crunchy-containers/crunchy-containers_ubi_8.5.sh,https://github.com/CrunchyData/crunchy-containers,,migrated,,
dgraph-io_badger,${1:-,go,,d/d/dgraph-io_badger/badger_ubi_8.5.sh,https://github.com/dgraph-io/badger,,migrated,,
datadog-agent,7.54.1,go,,d/datadog-agent/datadog-agent_7.54.1_ubi_9.3.sh,https://github.com/DataDog/datadog-agent.git,,migrated,,
datadog-agent,7.38.2,go,,d/datadog-agent/datadog-agent_7.38.2_ubi_8.5.sh,https://github.com/DataDog/datadog-agent.git,,migrated,,
datadog-agent,7.39.0,go,,d/datadog-agent/datadog-agent_7.39.0_ubi_8.5.sh,https://github.com/DataDog/datadog-agent.git,,migrated,,
datadog-agent,7.42.2,go,,d/datadog-agent/datadog-agent_7.42.2_ubi_8.5.sh,https://github.com/DataDog/datadog-agent.git,,migrated,,
datadog-agent,main,go,,d/datadog-agent/datadog-agent_ubi_8.4.sh,https://github.com/DataDog/datadog-agent.git,,migrated,,
etcd-client-v2,client/v2.305.0,go,,e/etcd-client-v2/etcd-client-v2_ubi_8.5.sh,https://github.com/etcd-io/etcd,,migrated,,
flux2,v0.38.3,go,,f/flux2/flux2_v0.38.3_ubi_9.3.sh,https://github.com/fluxcd/${PACKAGE_NAME},,migrated,,
google-cloud-go,${1:-,go,,g/google-cloud-go/google-cloud-go_ubi8.5.sh,https://github.com/googleapis/google-cloud-go,,migrated,,
gotestyourself,v3.0.1,go,,g/gotestyourself/gotestyourself_ubi_8.5.sh,https://github.com/gotestyourself/gotestyourself,,migrated,,
katib,v0.16.0,go,,k/katib/katib_rhel_8.2.sh,https://github.com/kubeflow/katib.git,,migrated,,
odo,v3.13.0,go,,o/odo/odo_ubi_8.7.sh,https://github.com/redhat-developer/odo.git,,migrated,,
ollama,v0.12.10,go,,o/ollama/ollama_v0.12.10_ubi_9.6.sh,https://github.com/ollama/ollama,,migrated,,
ollama,v0.13.1,go,,o/ollama/ollama_v0.13.1_ubi_9.6.sh,https://github.com/ollama/ollama,,migrated,,
ollama,v0.13.5,go,,o/ollama/ollama_v0.13.5_ubi_9.6.sh,https://github.com/ollama/ollama,,migrated,,
pq,v1.8.0,go,,p/pq/pq_ubi8.3.sh,https://github.com/lib/pq,,migrated,,
ristretto,v0.1.0,go,,r/ristretto/ristretto_ubi_8.5.sh,https://github.com/dgraph-io/ristretto,,migrated,,
runtime-spec,v1.0.0,go,,r/runtime-spec/runtime-spec_ubi_8.5.sh,https://github.com/opencontainers/runtime-spec,,migrated,,
rust-prometheus,0.2,go,,r/rust-prometheus/rust-prometheus_rhel_7.3.sh,https://github.com/pingcap/rust-prometheus.git,,migrated,,
rust-prometheus,0.2,go,,r/rust-prometheus/rust-prometheus_ubuntu_16.04.sh,https://github.com/pingcap/rust-prometheus.git,,migrated,,
teleport,${SCRIPT_PACKAGE_VERSION},go,,t/teleport/teleport_v18.1.1_ubi9.6.sh,https://github.com/gravitational/teleport.git,,migrated,,
toxiproxy,v2.1.4,go,,t/toxiproxy/toxiproxy_ubi_8.5.sh,https://github.com/shopify/toxiproxy,,migrated,,
vault-api,v1.1.1,go,,v/vault-api/vault-api-ubi_8.5.sh,https://github.com/hashicorp/vault,,migrated,,
eclipse-che,7.13.1,go,,e/eclipse-che/che-devfile-registry/che-devfiles-registry_7.13.1_rhel_7.6.sh,https://github.com/eclipse/che-devfile-registry,,migrated,,
eclipse-che,7.9.1,go,,e/eclipse-che/che-jwtproxy/che-jwtproxy_7.9.1_rhel_7.6.sh,https://github.com/eclipse/che-jwtproxy,,migrated,,
eclipse-che,v3.2.0,go,,e/eclipse-che/che-plugin-broker/che-plugin-broker_3.2.0_rhel_7.6.sh,https://github.com/eclipse/che-plugin-broker,,migrated,,
eclipse-che,7.13.1,go,,e/eclipse-che/che-plugin-registry/che-plugin-registry_7.13.1_rhel_7.6.sh,https://github.com/eclipse/che-plugin-registry,,migrated,,
Dockerfiles,v2.0.0.1,go,,3/3scale-istio-adapter/Dockerfiles/build.sh,https://github.com/3scale/3scale-istio-adapter,,migrated,,
alertmanager,0.9.1,go,,a/alertmanager/alertmanager_ubuntu_16.04.sh,https://github.com/prometheus/alertmanager,,migrated,,
aliyungo,master,go,,a/aliyungo/aliyungo_ubi_8.3.sh,https://github.com/denverdino/aliyungo,,migrated,,
amqp,0.9.1,go,,a/amqp/amqp_ubuntu_16.04.sh,http://github.com/streadway/amqp,,migrated,,
api,"0.10.6,0.3.7",go,,a/api/api_ubi_8.3.sh,https://github.com/operator-framework/api,,migrated,,
apm-agent-go,"v1.14.0, v1.5.0",go,,a/apm-agent-go/apm-agent-go-apmhttp_ubi_8.3.sh,https://github.com/elastic/apm-agent-go,,migrated,,
apm-agent-go,"v1.14.0, v1.5.0",go,,a/apm-agent-go/apm-agent-go_ubi_8.3.sh,https://github.com/elastic/apm-agent-go,,migrated,,
appsody,latest (0.5.8),go,,a/appsody/appsody_rhel_7.6.sh,https://github.com/appsody/appsody,,migrated,,
appsody-controller,latest (0.3.4),go,,a/appsody-controller/appsody_controller_rhel_7.6.sh,https://github.com/appsody/controller,,migrated,,
appsody-init-controller,latest (0.3.4),go,,a/appsody-init-controller/appsody_controller_rhel_7.6.sh,https://github.com/appsody/controller,,migrated,,
attrs,v0.0.0-20190224210810-a9411de4debd,go,,a/attrs/attrs_ubi_8.4.sh,https://github.com/gobuffalo/attrs.git,,migrated,,
cass-operator,v1.19.0,go,,c/cass-operator/cass-operator-v1.19.0-ubuntu22.04.sh,https://github.com/k8ssandra/${PACKAGE_NAME}.git,,migrated,,
cockroachdb,v21.2.6,go,,c/cockroachdb/v21.2.6-oss/cockroachdb_ubi_8.5.sh,https://github.com/cockroachdb/cockroach,,migrated,,
collectd-exporter,0.3.1,go,,c/collectd-exporter/collectd_exporter_ubuntu_16.04.sh,https://github.com/prometheus/collectd_exporter,,migrated,,
concurrent,"v1.0.3,bacd9c7ef1dd9b15be4a9909b8ac7a4e313eec94",go,,c/concurrent/concurrent_ubi_8.5.sh,https://github.com/modern-go/concurrent,,migrated,,
curr,1.0.0,go,,c/curr/curr_ubi_8.3.sh,https://github.com/otiai10/curr,,migrated,,
dktest,"0.3.0,0.3.6",go,,d/dktest/dktest_ubi_8.3.sh,https://github.com/dhui/dktest,,migrated,,
envy,1.7.1 - latest,go,,e/envy/envy_ubi8.3.sh,https://github.com/gobuffalo/envy,,migrated,,
generic-admission-server,master,go,,g/generic-admission-server/generic-admission-server_ubi_8.3.sh,https://github.com/openshift/generic-admission-server,,migrated,,
github_azure_azure-storage-blob-go,v0.10.0,go,,g/github_azure_azure-storage-blob-go/azure-storage-blob-go_v0.10.0_ubi_8.4.sh,https://github.com/Azure/azure-storage-blob-go.git,,migrated,,
go-fastjson,"v1.1.0, v1.0.0",go,,g/go-fastjson/go-fastjson_ubi_8.3.sh,https://github.com/elastic/go-fastjson,,migrated,,
go-pkcs12,master,go,,g/go-pkcs12/go-pkcs12_ubi_8.4.sh,https://github.com/SSLMate/go-pkcs12,,migrated,,
go-redis,v8.0.0-beta.5,go,,g/go-redis/redis_ubi_8.4.sh,https://github.com/go-redis/redis.git,,migrated,,
go-resiliency,"1.1.0,1.2.0",go,,g/go-resiliency/go-resiliency_ubi_8.3.sh,https://github.com/eapache/go-resiliency,,migrated,,
go-strcase,v1.2.0,go,,g/go-strcase/go-strcase_ubi_8.5.sh,https://github.com/stoewer/go-strcase,,migrated,,
go-sysinfo,"1.7.0,1.1.1",go,,g/go-sysinfo/go-sysinfo_ubi_8.3.sh,https://github.com/elastic/go-sysinfo,,migrated,,
go-tools,"v0.3.0-0.dev, v0.2.1",go,,g/go-tools/go-tools_ubi_8.4.sh,https://github.com/dominikh/go-tools,,migrated,,
goproxy,v0.0.0-20190421051319-9d40249d3c2f,go,,g/goproxy/goproxy_ubi_8.4.sh,https://github.com/elazarl/goproxy.git,,migrated,,
gotest.tools,"v3.0.2, v3.0.3, v3.4.0",go,,g/gotest.tools/gotest.tools_ubi_8.4.sh,https://github.com/gotestyourself/gotest.tools,,migrated,,
grpcurl,v1.8.2,go,,g/grpcurl/grpcurl_ubi8_3.sh,https://github.com/fullstorydev/grpcurl,,migrated,,
gziphandler,"1.1.1,1.1.0",go,,g/gziphandler/gziphandler_ubi_8.3.sh,https://github.com/nytimes/gziphandler,,migrated,,
inf,0.9.0,go,,i/inf/inf_ubuntu_16.04.sh,https://github.com/go-inf/inf.git,,migrated,,
inflect,"v0.19.0, 16a898ed1f4943794fb9b0e7afb7376a7619cf21",go,,i/inflect/inflect_ubi_8.5.sh,https://github.com/go-openapi/inflect,,migrated,,
istio,3b162effeb79918b421cb7094bc1c7f628534483,go,,i/istio/istio_UBI_8.4.sh,https://github.com/istio/istio.git,,migrated,,
istio,${1:maistra-2.2},go,,i/istio/istio_maistra_UBI_8.5.sh,https://github.com/maistra/istio.git,,migrated,,
istio-operator,maistra-2.0.1,go,,i/istio-operator/istio-operator.sh,https://github.com/Maistra/istio-operator,,migrated,,
jws-operator,1.0.0,go,,j/jws-operator/jws-operator_ubi_8.3.sh,https://github.com/web-servers/jws-operator,,migrated,,
kabanero-command-line,vlatest,go,,k/kabanero-command-line/kabanero-command-line-rhel_7.6.sh,https://github.com/kabanero-io/kabanero-command-line,,migrated,,
kingpin,v2.2.6,go,,k/kingpin/kingpin_ubi_8.5.sh,https://github.com/alecthomas/kingpin,,migrated,,
knative,v0.10.0,go,,k/knative/v0.10.x/knative-eventing-operator_rhel_7.6.sh,https://github.com/knative/eventing-operator.git,,migrated,,
knative,v0.13.2,go,,k/knative/v0.13.x/knative-serving-operator_0.13.2_rhel_7.5.sh,https://github.com/knative/serving-operator.git,,migrated,,
knative,v0.13.2,go,,k/knative/v0.13.x/knative-serving_0.13.2_rhel_7.5.sh,https://github.com/knative/serving.git,,migrated,,
knative,v0.14.0,go,,k/knative/v0.14.x/knative-client-v0.14.0_rhel_7.6.sh,https://github.com/knative/client.git,,migrated,,
knative,v0.15.0,go,,k/knative/v0.15.x/knative-net-kourier-v0.15.0_rhel_7.6.sh,https://github.com/knative/net-kourier.git,,migrated,,
knative,v0.16.0,go,,k/knative/v0.16.x/knative-client-v0.16.0_rhel_7.6.sh,https://github.com/knative/client.git,,migrated,,
knative,v0.16.0,go,,k/knative/v0.16.x/knative-eventing-contrib-v016.0_rhel_7.6.sh,https://github.com/knative/eventing-contrib.git,,migrated,,
knative,v0.16.1,go,,k/knative/v0.16.x/knative-eventing_0.16.1_rhel_7.6.sh,https://github.com/knative/eventing.git,,migrated,,
knative,v0.16.0,go,,k/knative/v0.16.x/knative-net-istio-v0.16.0_rhel_7.6.sh,https://github.com/knative-sandbox/net-istio,,migrated,,
knative,v0.16.0,go,,k/knative/v0.16.x/knative-net-kourier-v0.16.0_rhel_7.6.sh,https://github.com/knative-sandbox/net-kourier.git,,migrated,,
knative,release-0.16,go,,k/knative/v0.16.x/knative-pkg-0.16_rhel_7.6.sh,https://github.com/knative/pkg,,migrated,,
knative,v0.16.0,go,,k/knative/v0.16.x/knative-serving_0.16.0_rhel_7.6.sh,https://github.com/knative/serving.git,,migrated,,
knative,release-0.16,go,,k/knative/v0.16.x/knative-test-infra-0.16_rhel_7.6.sh,https://github.com/knative/test-infra,,migrated,,
knative,v0.19.4,go,,k/knative/v0.19.x/knative-operator-v0.19.4_ubuntu_18.04.sh,https://github.com/knative/operator.git,,migrated,,
knative,v0.8.0,go,,k/knative/v0.8.x/knative-eventing-contrib_rhel_7.6.sh,https://github.com/knative/eventing-contrib.git,,migrated,,
knative,v0.8.0,go,,k/knative/v0.8.x/knative-eventing_rhel_7.6.sh,https://github.com/knative/eventing.git,,migrated,,
knative,v0.8.1,go,,k/knative/v0.8.x/knative-serving_rhel_7.6.sh,https://github.com/knative/serving.git,,migrated,,
knative,v0.16.0,go,,k/knative/v0.16.x/knative-operator-v0.16.0_rhel_7.6.sh,https://github.com/knative/operator.git,,migrated,,
knative,v0.18.8,go,,k/knative/v0.18.x/knative-eventing-contrib-v0.18.8_ubuntu_18.04.sh,https://github.com/knative/eventing-contrib.git,,migrated,,
knative,v0.19.0,go,,k/knative/v0.19.x/knative-client-v0.19.0_ubuntu_18.04.sh,https://github.com/knative/client.git,,migrated,,
knative,v0.19.0,go,,k/knative/v0.19.x/knative-eventing-v0.19.0_ubuntu_18.04.sh,https://github.com/knative/eventing.git,,migrated,,
knative,v0.19.0,go,,k/knative/v0.19.x/knative-net-istio-v0.19.0_ubuntu_18.04.sh,https://github.com/knative-sandbox/net-istio.git,,migrated,,
knative,v0.19.0,go,,k/knative/v0.19.x/knative-serving-v0.19.0_ubuntu_18.04.sh,https://github.com/knative/serving.git,,migrated,,
knative,v0.19.0,go,,k/knative/v0.19.x/knative-net-kourier-v0.19.0_ubuntu_18.04.sh,https://github.com/knative-sandbox/net-kourier.git,,migrated,,
kr-text,v0.2.0,go,,k/kr-text/text_ubi_8.5.sh,https://github.com/kr/text,,migrated,,
kubernetes,latest,go,,k/kubernetes/fate-operator_CentOS_8.3.2011.sh,https://github.com/kubeflow/fate-operator,,migrated,,
kubernetes,master,go,,k/kubernetes/kubernetes_sles_12.sh,https://github.com/kubernetes/kubernetes,,migrated,,
logstash-forwarder,0.4.0,go,,l/logstash-forwarder/logstash-forwarder_rhel_7.3.sh,https://github.com/elastic/logstash-forwarder.git,,migrated,,
logstash-forwarder,0.4.0,go,,l/logstash-forwarder/logstash-forwarder_ubuntu_16.04.sh,https://github.com/elastic/logstash-forwarder.git,,migrated,,
maistra-istio-operator,maistra-1.1,go,,m/maistra-istio-operator/maistra_istio_operator_rhel_7.6.sh,https://github.com/Maistra/istio-operator,,migrated,,
maistra-test-tool-images,,go,,m/maistra-test-tool-images/Mirror_Disconnect.sh,https://github.com/maistra/maistra-test-tool/,,migrated,,
migrate,v3.1.0,go,,m/migrate/migrate_ubi_8.5.sh,https://github.com/golang-migrate/migrate,,migrated,,
mongo-go-driver,v1.1.3,go,,m/mongo-go-driver/mongo-go-driver_ubi_8.5.sh,https://github.com/mongodb/mongo-go-driver,,migrated,,
multierr,v1.1.0,go,,m/multierr/multierr_ubi_8.3.sh,https://github.com/uber-go/multierr,,migrated,,
multus-cni,N/A,go,,m/multus-cni/multus-cni_build_ppc64le_rhel7.6.sh.sh,https://github.com/openshift/multus-cni,,migrated,,
nats-streaming-server,0.3.8,go,,n/nats-streaming-server/nats-streaming-server_0.3.8_ubuntu_16.04.sh,https://github.com/nats-io/nats-streaming-server,,migrated,,
nats-streaming-server,0.9.1,go,,n/nats-streaming-server/nats-streaming-server_0.9.1_ubuntu_16.04.sh,https://github.com/nats-io/nats-streaming-server,,migrated,,
nfs-client-provisioner,2.0.1,go,,n/nfs-client-provisioner/nfs-client-provisioner-ubi8.sh,https://github.com/kubernetes-incubator/external-storage/tree/master/nfs-client,,migrated,,
node-exporter,0.15.0,go,,n/node-exporter/node-exporter_ubuntu_16.04.sh,https://github.com/prometheus/node_exporter,,migrated,,
openshift-knative,v0.13.2,go,,o/openshift-knative/knative-client-v0.13.2_rhel_7.6.sh,https://github.com/openshift/knative-client,,migrated,,
openshift-knative,v0.14.0,go,,o/openshift-knative/knative-client-v0.14.0_rhel_7.6.sh,https://github.com/openshift/knative-client,,migrated,,
openshift-knative,v0.17.3,go,,o/openshift-knative/knative-client-v0.17.3_rhel_8.2.sh,https://github.com/openshift/knative-client,,migrated,,
openshift-knative,release-1.11,go,,o/openshift-knative/serverless-operator-v1.11_rhel_8.2.sh,https://github.com/openshift-knative/serverless-operator,,migrated,,
openshift-knative,v1.7.1,go,,o/openshift-knative/serverless-operator-v1.7.1_rhel_7.6.sh,https://github.com/openshift-knative/serverless-operator,,migrated,,
operator-registry,275301b779f8c059c733afd8e6a01c071aee9c22,go,,o/operator-registry/operator-registry_ubi_8.5.sh,https://github.com/operator-framework/operator-registry,,migrated,,
pgio,v1.0.0,go,,p/pgio/pgio_ubi_8.5.sh,https://github.com/jackc/pgio,,migrated,,
pingcap-pd,rc3,go,,p/pingcap-pd/pingcap-pd_rhel_7.3.sh,https://github.com/pingcap/pd,,migrated,,
pingcap-pd,rc3,go,,p/pingcap-pd/pingcap-pd_ubuntu_16.04.sh,https://github.com/pingcap/pd,,migrated,,
promremotebench,v0.8.0,go,,p/promremotebench/promremotebench_ubi8.2.sh,https://github.com/m3dbx/promremotebench.git,,migrated,,
properties,v1.8.5,go,,p/properties/properties_ubi_8.4.sh,https://github.com/magiconair/properties,,migrated,,
snowdrop,v0.15.0,go,,s/snowdrop/snowdrop_rhel_7.3.sh,https://github.com/snowdrop/snowdrop-cloud-devex/releases,,migrated,,
sprig,"v3.1.0,v3.2.2",go,,s/sprig/sprig_ubi_8.4.sh,https://github.com/masterminds/sprig,,migrated,,
supercronic,v0.1.12,go,,s/supercronic/supercronic_rhel_8.3.sh,https://github.com/aptible/supercronic,,migrated,,
tektoncd,master,go,,t/tektoncd/operator/tektoncd-operator_rhel_7.6.sh,https://github.com/tektoncd/operator.git,,migrated,,
tektoncd,master,go,,t/tektoncd/operator/tektoncd-operator_sdk17_rhel_7.6.sh,https://github.com/tektoncd/operator.git,,migrated,,
tektoncd,v0.11.0,go,,t/tektoncd/pipeline/tektoncd-pipeline_v0.11.0_rhel_7.6.sh,https://github.com/tektoncd/pipeline.git,,migrated,,
tektoncd,v0.15.0,go,,t/tektoncd/pipeline/tektoncd-pipeline_v0.15.0_rhel_7.6.sh,https://github.com/tektoncd/pipeline.git,,migrated,,
tektoncd,v0.7.0,go,,t/tektoncd/pipeline/tektoncd-pipeline_v0.7.0_rhel_7.6.sh,https://github.com/tektoncd/pipeline.git,,migrated,,
tektoncd,latest (0.7.1),go,,t/tektoncd/tektoncd-cli_rhel_7.6.sh,https://github.com/tektoncd/cli,,migrated,,
tektoncd,v0.1.0,go,,t/tektoncd/triggers/tektoncd-triggers_v0.1.0_rhel_7.6.sh,https://github.com/tektoncd/triggers.git,,migrated,,
tektoncd,v0.3.11,go,,t/tektoncd/triggers/tektoncd-triggers_v0.3.1_rhel_7.6.sh,https://github.com/tektoncd/triggers.git,,migrated,,
tektoncd,v0.7.0,go,,t/tektoncd/triggers/tektoncd-triggers_v0.7.0_rhel_7.6.sh,https://github.com/tektoncd/triggers.git,,migrated,,
thanos,v0.12.2,go,,t/thanos/thanos-v0.12.2-rhel_7.6.sh,https://github.com/thanos-io/thanos.git,,migrated,,
twinj-uuid,1.0.0,go,,t/twinj-uuid/twinj-uuid_ubuntu_16.04.sh,https://github.com/twinj/uuid.git,,migrated,,
universal-translator,v0.18.0,go,,u/universal-translator/universal-translator_ubi_8.4.sh,https://github.com/go-playground/universal-translator.git,,migrated,,
zipkin-go-opentracing,v0.4.5,go,,z/zipkin-go-opentracing/zipkin-go-opentracing_ubi_8.5.sh,https://github.com/openzipkin-contrib/zipkin-go-opentracing,,migrated,,
boringssl,36a41bf0bf2dd3176f8780e09c03585351f29963,go,,b/boringssl/boringssl_ubuntu_18.04.sh,https://boringssl.googlesource.com/boringssl/,,migrated,,
envoyproxy,v2.2,go,,e/envoyproxy/envoy_RHEL_8.6.sh,https://github.com/maistra/envoy.git,,migrated,,
rustfmt,0.7,go,,r/rustfmt/rustfmt_rhel_7.3.sh,https://github.com/tennix/rustfmt,,migrated,,
rustfmt,0.7,go,,r/rustfmt/rustfmt_ubuntu_16.04.sh,https://github.com/tennix/rustfmt,,migrated,,
tikv,v0.3.0-beta,go,,t/tikv/tikv_ubuntu_18.04.sh,https://github.com/tikv/tikv,,migrated,,
websocat,commit #a000784,go,,w/websocat/websocat_ubi_8.2.sh,https://github.com/vi/websocat.git,,migrated,,
ibm-cloud-operators,v1.0.7,go,,i/ibm-cloud-operators/ibm-cloud-operators_rhel8.2.sh,https://github.com/IBM/cloud-operators.git,,migrated,,
