package_name,package_version,language,language_version,script_path,package_url,download_url,status,complexity,priority
ibm-cos-sdk-core,2.8.0,java,,i/ibm-cos-sdk-core/ibm-cos-sdk-python-core_v2.8.0_ubuntu_18.04.sh,https://github.com/IBM/ibm-cos-sdk-python-core/,,migrated,,
protobuf,$1,java,,p/protobuf/protobuf-java_rhel_8.sh,https://github.com/protocolbuffers/protobuf.git,,migrated,,
protobuf,v2.5.0,java,,p/protobuf/protobuf-java_v2.5.0_rhel_8.sh,https://github.com/protocolbuffers/protobuf.git,,migrated,,
caniuse-lite,v1.0.30001173,java,,c/caniuse-lite/caniuse-lite_1.0.30001173_ubi_8.3.sh,https://github.com/browserslist/caniuse-lite.git,,migrated,,
commons-compress,rel/1.19,java,,c/commons-compress/commons-compress_1.19_1.18_1.9_ubuntu_18.04.sh,https://github.com/apache/commons-compress.git,,migrated,,
commons-compress,1.19,java,,c/commons-compress/commons-compress_1.19_1.18_1.9_ubi_8.3.sh,https://github.com/apache/commons-compress.git,,migrated,,
templates,# Source repo	:,java,,templates/build_script_java.sh,,,migrated,,
angus-activation,2.0.2,java,,a/angus-activation/angus-activation_ubi_9.3.sh,https://github.com/eclipse-ee4j/angus-activation.git,,migrated,,
angus-mail,2.0.3,java,,a/angus-mail/angus-mail_ubi_9.3.sh,https://github.com/eclipse-ee4j/angus-mail.git,,migrated,,
animal-sniffer,animal-sniffer-1.24,java,,a/animal-sniffer/animal-sniffer_ubi_9.3.sh,https://github.com/mojohaus/animal-sniffer.git,,migrated,,
animal-sniffer,animal-sniffer-parent-1.17,java,,a/animal-sniffer/animal-sniffer_ubi_8.5.sh,https://github.com/mojohaus/animal-sniffer.git,,migrated,,
animal-sniffer,1.23,java,,a/animal-sniffer/animal-sniffer_ubi_8_7.sh,https://github.com/mojohaus/animal-sniffer,,migrated,,
animal-sniffer,master,java,,a/animal-sniffer/animal-sniffer_ubuntu_20.04.sh,https://github.com/mojohaus/animal-sniffer,,migrated,,
antlr3,3.5.3,java,,a/antlr3/antlr3_ubi_9.3.sh,https://github.com/antlr/antlr3,,migrated,,
antlr4,4.13.1,java,,a/antlr4/antlr4_4.13.1_ubi_9.3.sh,https://github.com/antlr/antlr4,,migrated,,
antlr4,v4.11.1,java,,a/antlr4/antlr4_v4.11.1_ubi_8.7.sh,https://github.com/antlr/antlr4,,migrated,,
apache-calcite-avatica,rel/avatica-1.25.0,java,,a/apache-calcite-avatica/calcite-avatica_ubi_9.3.sh,https://github.com/apache/calcite-avatica,,migrated,,
apache-calcite-avatica,rel/avatica-1.23.0,java,,a/apache-calcite-avatica/calcite-avatica_UBI_8.7.sh,https://github.com/apache/calcite-avatica,,migrated,,
apache-cxf,cxf-4.0.4,java,,a/apache-cxf/cxf_ubi_9.3.sh,https://github.com/apache/cxf.git,,migrated,,
apache-cxf,cxf-4.0.0,java,,a/apache-cxf/cxf_ubi_8.5.sh,https://github.com/apache/cxf.git,,migrated,,
apache-directory-server,2.0.0.AM27,java,,a/apache-directory-server/directory-server_ubi_9.3.sh,https://github.com/apache/directory-server,,migrated,,
apache-directory-server,2.0.0.AM26,java,,a/apache-directory-server/apacheds_2.0.0.AM26_master_ubi_8.3.sh,https://github.com/apache/directory-server.git,,migrated,,
apache-directory-server,${1:-,java,,a/apache-directory-server/directory-server_ubi_8.7.sh,https://github.com/apache/directory-server,,migrated,,
apache-freemarker,v2.3.33,java,,a/apache-freemarker/apache-freemarker_ubi_9.3.sh,https://github.com/apache/freemarker.git,,migrated,,
apache-freemarker,v2.3.32,java,,a/apache-freemarker/apache-freemarker_v2.3.31_ubi_8.5.sh,https://github.com/apache/freemarker,,migrated,,
apache-freemarker,2.3.gae,java,,a/apache-freemarker/apache-freemarker_ubuntu_16.04.sh,https://github.com/apache/incubator-freemarker,,migrated,,
apache-freemarker,2.3.gae,java,,a/apache-freemarker/freemarker_rhel_7.4.sh,https://github.com/apache/incubator-freemarker,,migrated,,
apache-logging-log4j2,rel/2.23.1,java,,a/apache-logging-log4j2/logging-log4j2_ubi_9.3.sh,https://github.com/apache/logging-log4j2,,migrated,,
apache-nifi,rel/nifi-1.17.0,java,,a/apache-nifi/apache-nifi_1.17.0_ubi_8.5.sh,https://github.com/apache/nifi,,migrated,,
apache-nifi,rel/nifi-1.22.0,java,,a/apache-nifi/apache-nifi_1.22.0_ubi_8.5.sh,https://github.com/apache/nifi,,migrated,,
apache-nifi,rel/nifi-1.22.0,java,,a/apache-nifi/apache-nifi_1.22.0_ubuntu_22.04.sh,https://github.com/apache/nifi,,migrated,,
apache-nifi,rel/nifi-1.9.0,java,,a/apache-nifi/apache-nifi_1.9.0_ubi_8.5.sh,https://github.com/apache/nifi,,migrated,,
apache-nifi,1.12.1,java,,a/apache-nifi/apache-nifi_rhel_8.3.sh,https://github.com/apache/nifi,,migrated,,
apache-tinkerpop,3.7.2,java,,a/apache-tinkerpop/apache-tinkerpop_ubi_9.3.sh,https://github.com/apache/tinkerpop,,migrated,,
apache-tinkerpop,3.6.2,java,,a/apache-tinkerpop/apache-tinkerpop_ubi_8.5.sh,https://github.com/apache/tinkerpop,,migrated,,
apache-tinkerpop,"3.4.0-rc1, 3.3.4",java,,a/apache-tinkerpop/apache-tinkerpop_ubuntu_18.04.sh,https://github.com/apache/tinkerpop,,migrated,,
apache-tomcat,11.0.0-M26,java,,a/apache-tomcat/apache-tomcat_ubi_9.3.sh,https://github.com/apache/tomcat,,migrated,,
apache-tomcat,9.0.97,java,,a/apache-tomcat/apache-tomcat_v9.0.97_ubi_9.3.sh,https://github.com/apache/tomcat.git,,migrated,,
apache-tomcat,11.0.0-M3,java,,a/apache-tomcat/apache-tomcat_ubi8.5.sh,https://github.com/apache/tomcat.git,,migrated,,
apache-tomcat,10.0.6,java,,a/apache-tomcat/apache-tomcat_ubi8.3.sh,https://github.com/apache/tomcat.git,,migrated,,
apache-tomcat,,java,,a/apache-tomcat/apache-tomcat_ubi8.sh,https://github.com/apache/tomcat.git,,migrated,,
apiguardian,r1.1.2,java,,a/apiguardian/apiguardian_ubi_9.3.sh,https://github.com/apiguardian-team/apiguardian.git,,migrated,,
aws-eventstream-java,1e76ef4,java,,a/aws-eventstream-java/aws-eventstream-java_ubi_9.3.sh,https://github.com/awslabs/aws-eventstream-java.git,,migrated,,
bazel,7.3.1,java,,b/bazel/bazel_ubi_9.3.sh,https://github.com/bazelbuild/bazel.git,,migrated,,
bazel,6.3.2,java,,b/bazel/bazel_ubi_8_7.sh,https://github.com/bazelbuild/bazel,,migrated,,
bazel,0.4.5,java,,b/bazel/bazel_rhel_7.3.sh,https://github.com/bazelbuild/bazel.git,,migrated,,
bazel,0.4.5,java,,b/bazel/bazel_ubuntu_16.04.sh,https://github.com/bazelbuild/bazel/releases,,migrated,,
bc-java,r1rv78,java,,b/bc-java/bc-java_r1rv78_ubi_9.3.sh,https://github.com/bcgit/bc-java.git,,migrated,,
bc-java,r1rv77,java,,b/bc-java/bc-java_ubi_9.3.sh,https://github.com/bcgit/bc-java.git,,migrated,,
bc-java,r1rv73,java,,b/bc-java/bc-java_ubi_8.7.sh,https://github.com/bcgit/bc-java.git,,migrated,,
bc-java,r1rv61,java,,b/bc-java/bcprov-jdk15on_ubi_8.3.sh,https://github.com/bcgit/bc-java,,migrated,,
bc-java,"r1rv61,r1rv65,r1rv70",java,,b/bc-java/bcpkix-jdk15on_ubi_8.3.sh,https://github.com/bcgit/bc-java,,migrated,,
bc-java,r1rv69,java,,b/bc-java/bcprov-ext-jdk15on_ubi_8.3.sh,https://github.com/bcgit/bc-java,,migrated,,
byte-buddy,byte-buddy-1.15.1,java,,b/byte-buddy/byte-buddy_ubi_9.3.sh,https://github.com/raphw/byte-buddy.git,,migrated,,
byte-buddy,1.9.10,java,,b/byte-buddy/byte-buddy-1.9.10_ubi_8.3.sh,https://github.com/raphw/byte-buddy.git,,migrated,,
byte-buddy,byte-buddy-1.11.8,java,,b/byte-buddy/byte_buddy_ubi8_3.sh,https://github.com/raphw/byte-buddy.git,,migrated,,
byte-buddy-child,byte-buddy-1.14.9,java,,b/byte-buddy-child/byte-buddy-child_ubi_9.3.sh,https://github.com/raphw/byte-buddy.git,,migrated,,
caffeine,v3.1.8,java,,c/caffeine/caffeine_ubi_9_3.sh,https://github.com/ben-manes/caffeine.git,,migrated,,
camel,camel-4.12.0,java,,c/camel/camel_ubi_9.3.sh,https://github.com/apache/camel.git,,migrated,,
camel-karaf,camel-karaf-4.10.3,java,,c/camel-karaf/camel-karaf_rhel_9.1.sh,https://github.com/apache/camel-karaf,,migrated,,
camel-quarkus,main,java,,c/camel-quarkus/camel_quarkus_ubi_9.3.sh,https://github.com/apache/camel-quarkus,,migrated,,
cassandra-java-driver,4.18.1,java,,c/cassandra-java-driver/cassandra-java-driver_ubi_9.3.sh,https://github.com/apache/cassandra-java-driver.git,,migrated,,
ci.ant,liberty-ant-tasks-1.9.15,java,,c/ci.ant/ci.ant_ubi_9_3.sh,https://github.com/OpenLiberty/ci.ant,,migrated,,
ci_common,ci.common-1.8.33,java,,c/ci_common/ci_common_ubi_9.3.sh,https://github.com/OpenLiberty/ci.common,,migrated,,
ci_common,ci.common-1.5,java,,c/ci_common/ci_common_ubi8_3.sh,https://github.com/OpenLiberty/ci.common.git,,migrated,,
classgraph,classgraph-4.8.175,java,,c/classgraph/classgraph_ubi_9.3.sh,https://github.com/classgraph/classgraph.git,,migrated,,
classgraph,classgraph-4.8.157,java,,c/classgraph/classgraph_ubi_8_7.sh,https://github.com/classgraph/classgraph,,migrated,,
classgraph,classgraph-4.8.110,java,,c/classgraph/classgraph_v4.8.110_ubuntu_18.04.sh,https://github.com/classgraph/classgraph.git,,migrated,,
classgraph,classgraph-4.8.110,java,,c/classgraph/classgraph_ubi8_3.sh,https://github.com/classgraph/classgraph.git,,migrated,,
classmate,classmate-1.5.1,java,,c/classmate/classmate_ubi_9.3.sh,https://github.com/FasterXML/java-classmate.git,,migrated,,
classmate,"1.3.4, 1.5.1",java,,c/classmate/classmate_8.4.sh,https://github.com/FasterXML/java-classmate,,migrated,,
classmate,"1.3.4, 1.5.1",java,,c/classmate/classmate_rhel_7.6.sh,https://github.com/FasterXML/java-classmate,,migrated,,
cloudant-java-sdk,v0.9.1,java,,c/cloudant-java-sdk/cloudant-java-sdk_ubi_9.3.sh,https://github.com/IBM/cloudant-java-sdk,,migrated,,
common-annotations-api,2.1.1,java,,c/common-annotations-api/common-annotations-api_ubi_9.3.sh,https://github.com/jakartaee/common-annotations-api.git,,migrated,,
commons-beanutils,commons-beanutils-1.9.4,java,,c/commons-beanutils/commons-beanutils_ubi_9.3.sh,https://github.com/apache/commons-beanutils.git,,migrated,,
commons-beanutils,1.9.4,java,,c/commons-beanutils/commons-beanutils_rhel_7.6.sh,https://github.com/apache/commons-beanutils,,migrated,,
commons-cli,commons-cli-1.5.0,java,,c/commons-cli/commons-cli_ubi_9.3.sh,https://github.com/apache/commons-cli.git,,migrated,,
commons-codec,rel/commons-codec-1.17.0,java,,c/commons-codec/commons_codec_ubi_9.3.sh,https://github.com/apache/commons-codec.git,,migrated,,
commons-codec,"1.11, 1.14",java,,c/commons-codec/commons_codec_rhel_7.6.sh,https://github.com/apache/commons-codec,,migrated,,
commons-collections,commons-commons-collections-4.4,java,,c/commons-collections/commons-collections_ubi_9.3.sh,https://github.com/apache/commons-collections.git,,migrated,,
commons-collections,4.4,java,,c/commons-collections/commons-collections_rhel_7.6.sh,https://github.com/apache/commons-collections,,migrated,,
commons-collections,collections-4.1,java,,c/commons-collections/commons-collections_ubi_8.3.sh,https://github.com/apache/commons-collections.git,,migrated,,
commons-collections,collections-4.2,java,,c/commons-collections/commons-collections_ubi_8.4.sh,https://github.com/apache/commons-collections.git,,migrated,,
commons-configuration,rel/commons-configuration-2.10.1,java,,c/commons-configuration/commons-configuration_ubi_9.3.sh,https://github.com/apache/commons-configuration.git,,migrated,,
commons-configuration,"1.10, 2.1.1, 2.7",java,,c/commons-configuration/commons-configuration_rhel_7.6.sh,https://github.com/apache/commons-configuration,,migrated,,
commons-configuration,commons-configuration-2.7,java,,c/commons-configuration/commons-configuration_ubi8.4.sh,https://github.com/apache/commons-configuration.git,,migrated,,
commons-csv,rel/commons-csv-1.11.0,java,,c/commons-csv/commons-csv_ubi_9.3.sh,https://github.com/apache/commons-csv.git,,migrated,,
commons-csv,1.5-RC1,java,,c/commons-csv/commons-csv_rhel_7.4.sh,https://github.com/apache/commons-csv,,migrated,,
commons-csv,"1.7, 1.8",java,,c/commons-csv/commons-csv_rhel_7.6.sh,https://github.com/apache/commons-csv,,migrated,,
commons-daemon,rel/commons-daemon-1.2.3,java,,c/commons-daemon/commons-daemon-1.2.3_ubi9.3.sh,https://github.com/apache/${PACKAGE_NAME}.git,,migrated,,
commons-daemon,rel/commons-daemon-1.2.4 #provide full tag name as naming convention for release is not consistent,java,,c/commons-daemon/commons-daemon_ubi8.4.sh,https://github.com/apache/commons-daemon.git,,migrated,,
commons-dbcp,rel/commons-dbcp-2.12.0,java,,c/commons-dbcp/commons-dbcp_ubi_9.3.sh,https://github.com/apache/commons-dbcp.git,,migrated,,
commons-dbcp,"2.6.0, 2.7.0",java,,c/commons-dbcp/commons_dbcp_rhel_7.6.sh,http://git-wip-us.apache.org/repos/asf/commons-dbcp,,migrated,,
commons-dbutils,rel/commons-dbutils-1.8.1,java,,c/commons-dbutils/commons-dbutils_ubi_9.3.sh,https://github.com/apache/commons-dbutils.git,,migrated,,
commons-dbutils,"1.7, 2.0-RC1",java,,c/commons-dbutils/commons-dbutils_rhel_7.6.sh,https://github.com/apache/commons-dbutils,,migrated,,
commons-io,rel/commons-io-2.16.1,java,,c/commons-io/commons-io_2.16.1_ubi_9.3.sh,https://github.com/apache/${PACKAGE_NAME}.git,,migrated,,
commons-io,commons-io-2.6  #provide full tag name as naming convention for release is not consistent,java,,c/commons-io/commons-io_ubi8.4.sh,https://github.com/apache/commons-io.git,,migrated,,
commons-io,rel/commons-io-2.17.0,java,,c/commons-io/commons-io_ubi_9.3.sh,https://github.com/apache/commons-io.git,,migrated,,
commons-io,1.4,java,,c/commons-io/commons-io_1.4_ubi_8.3.sh,https://github.com/apache/commons-io.git,,migrated,,
commons-io,2.4,java,,c/commons-io/commons-io_2.4_2.5_ubi_8.3.sh,https://github.com/apache/commons-io.git,,migrated,,
commons-logging,rel/commons-logging-1.3.3,java,,c/commons-logging/commons-logging_ubi_9.3.sh,https://github.com/apache/commons-logging.git,,migrated,,
commons-logging,"1.1.3, 1.2",java,,c/commons-logging/commons-logging_rhel_7.6.sh,https://github.com/apache/commons-logging,,migrated,,
commons-logging,1.0.4,java,,c/commons-logging/commons-logging_ubi_8.3.sh,https://github.com/apache/commons-logging.git,,migrated,,
commons-net,rel/commons-net-3.9.0,java,,c/commons-net/commons-net_ubi_9.3.sh,https://github.com/apache/commons-net.git,,migrated,,
commons-pool,rel/commons-pool-2.12.0,java,,c/commons-pool/commons-pool_ubi_9.3.sh,https://github.com/apache/commons-pool.git,,migrated,,
commons-pool,"2.0, 2.8.0",java,,c/commons-pool/commons-pool_rhel_7.6.sh,https://github.com/apache/commons-pool,,migrated,,
commons-text,rel/commons-text-1.12.0,java,,c/commons-text/commons-text_ubi_9.3.sh,https://github.com/apache/commons-text.git,,migrated,,
commons-text,"1.1, 1.8",java,,c/commons-text/commons_text_rhel_7.6.sh,https://gitbox.apache.org/repos/asf/commons-text.git,,migrated,,
confluent-kafka,v0.11.5,java,,c/confluent-kafka/confluent-kafka_v0.11.5_ubuntu_18.04.sh,https://github.com/confluentinc/confluent-kafka-python,,migrated,,
cypher-dsl,2024.0.3,java,,c/cypher-dsl/cypher-dsl_ubi_9.3.sh,https://github.com/neo4j/cypher-dsl,,migrated,,
datasource-proxy,datasource-proxy-1.10,java,,d/datasource-proxy/datasource-proxy_ubi_9.3.sh,https://github.com/jdbc-observations/datasource-proxy,,migrated,,
dom4j,version-2.1.4,java,,d/dom4j/dom4j_version-2.1.4_ubi_9.5.sh,https://github.com/dom4j/dom4j.git,,migrated,,
dom4j,"2.1.1, 2.1.3",java,,d/dom4j/dom4j_rhel_7.6.sh,https://github.com/dom4j/dom4j,,migrated,,
eclipse-che-server,7.106.0,java,,e/eclipse-che-server/eclipse-che-server_ubi_9.4.sh,https://github.com/eclipse-che/che-server,,migrated,,
eclipse-collections,11.1.0,java,,e/eclipse-collections/eclipse-collections_ubi_9.3.sh,https://github.com/eclipse/eclipse-collections.git,,migrated,,
egeria,V4.3,java,,e/egeria/egeria_ubi_9.3.sh,https://github.com/odpi/egeria.git,,migrated,,
egeria,V4.0,java,,e/egeria/egeria_ubi_8.7.sh,https://github.com/odpi/egeria.git,,migrated,,
egeria,egeria-release-2.10,java,,e/egeria/egeria_ubuntu_20.04.sh,https://github.com/odpi/egeria,,migrated,,
ehcache3,v3.10.8,java,,e/ehcache3/ehcache3_ubi_9.3.sh,https://github.com/ehcache/ehcache3,,migrated,,
enterprise-beans,4.0.1-RELEASE,java,,e/enterprise-beans/enterprise-beans_ubi_9.3.sh,https://github.com/jakartaee/enterprise-beans.git,,migrated,,
error-prone-annotations,v2.30.0,java,,e/error-prone-annotations/error-prone-annotations_ubi_9.3.sh,https://github.com/google/error-prone.git,,migrated,,
error-prone-annotations,2.3.2-SNAPSHOT,java,,e/error-prone-annotations/error-prone-annotations_ubuntu_18.04.sh,https://github.com/google/error-prone.git,,migrated,,
etcd-java,v0.0.24,java,,e/etcd-java/etcd-java_ubi_9.3.sh,https://github.com/IBM/etcd-java,,migrated,,
eureka,v2.0.3,java,,e/eureka/eureka_ubi_9.3.sh,https://github.com/Netflix/eureka.git,,migrated,,
exp4j,exp4j-0.4.8,java,,e/exp4j/exp4j_ubi_9.3.sh,https://github.com/fasseg/exp4j.git,,migrated,,
exp4j,0.4.8,java,,e/exp4j/exp4j_rhel_7.6.sh,https://github.com/fasseg/exp4j,,migrated,,
expression-language,6.0.1-RELEASE-api,java,,e/expression-language/expression-language_ubi_9.3.sh,https://github.com/jakartaee/expression-language.git,,migrated,,
fastutil,1eec4d,java,,f/fastutil/fastutil_ubi_9.3.sh,https://github.com/karussell/fastutil.git,,migrated,,
fastutil,8.1.1,java,,f/fastutil/fastutil_rhel_7.3.sh,https://github.com/vigna/fastutil,,migrated,,
feign,13.3,java,,f/feign/feign_ubi_9.3.sh,https://github.com/OpenFeign/feign,,migrated,,
file-specs-java,1.1.2,java,,f/file-specs-java/file-specs-java_ubi_9.3.sh,https://github.com/jfrog/file-specs-java.git,,migrated,,
flowable-engine,flowable-7.0.1,java,,f/flowable-engine/flowable_engine_ubi_9.3.sh,https://github.com/flowable/flowable-engine,,migrated,,
flowable-engine,flowable-6.8.0,java,,f/flowable-engine/flowable_engine_ubi_8.7.sh,https://github.com/flowable/flowable-engine,,migrated,,
flyway,flyway-10.15.2,java,,f/flyway/flyway_ubi_9.3.sh,https://github.com/flyway/flyway,,migrated,,
flyway,6.2.4,java,,f/flyway/flyway_rhel_8.3.sh,https://github.com/flyway/flyway,,migrated,,
flyway,flyway-7.8.2,java,,f/flyway/flyway_ubuntu_16.04.sh,https://github.com/flyway/flyway,,migrated,,
geoserver,${1:-,java,,g/geoserver/geoserver_ubi_9_3.sh,https://github.com/geoserver/geoserver,,migrated,,
geoserver,2.23.1,java,,g/geoserver/geoserver_ubi_8_7.sh,https://github.com/geoserver/geoserver,,migrated,,
glassfish,7.0.15,java,,g/glassfish/glassfish_ubi_9.3.sh,https://github.com/eclipse-ee4j/glassfish,,migrated,,
glassfish,7.0.7,java,,g/glassfish/glassfish_ubi_8.7.sh,https://github.com/eclipse-ee4j/glassfish,,migrated,,
glassfish,4.1,java,,g/glassfish/glassfish_rhel_7.4.sh,http://download.java.net/glassfish/4.1/release,,migrated,,
glassfish-hk2,2.6.1,java,,g/glassfish-hk2/glassfish-hk2-v2.6.1_ubi_9.3.sh,https://github.com/eclipse-ee4j/glassfish-hk2.git,,migrated,,
glassfish-hk2,3.1.1-RELEASE,java,,g/glassfish-hk2/glassfish-hk2_ubi_9.3.sh,https://github.com/eclipse-ee4j/glassfish-hk2.git,,migrated,,
governator,v1.17.13,java,,g/governator/governator_ubi_9.3.sh,https://github.com/Netflix/governator.git,,migrated,,
grails-core,v6.2.0,java,,g/grails-core/grails-core_ubi_9.3.sh,https://github.com/grails/grails-core.git,,migrated,,
grails-core,v5.2.5,java,,g/grails-core/grails-core_ubi_8.5.sh,https://github.com/grails/grails-core.git,,migrated,,
grizzly,4.0.2-RELEASE,java,,g/grizzly/grizzly_ubi_9.3.sh,https://github.com/eclipse-ee4j/grizzly,,migrated,,
grizzly,4.0.0,java,,g/grizzly/grizzly_ubi_8.7.sh,https://github.com/eclipse-ee4j/grizzly,,migrated,,
grizzly,2.4.3,java,,g/grizzly/grizzly_rhel_7.3.sh,https://github.com/javaee/grizzly,,migrated,,
grizzly,2.4.3,java,,g/grizzly/grizzly_ubuntu_16.04.sh,https://github.com/javaee/grizzly,,migrated,,
grizzly,1.0.28,java,,g/grizzly/grizzly_ubuntu_18.04.sh,https://search.maven.org/remotecontent?filepath=grizzly/grizzly/1.0.28/grizzly-1.0.28-sources.jar,,migrated,,
gson,gson-parent-2.10.1,java,,g/gson/gson_ubi_9.3.sh,https://github.com/google/gson.git,,migrated,,
gson,2.8.5,java,,g/gson/gson_rhel_7.6.sh,https://github.com/google/gson,,migrated,,
gson,2.8.5,java,,g/gson/gson_ubuntu_18.04.sh,https://github.com/google/gson,,migrated,,
guava-futures-failureaccess,failureaccess-v1.0.2,java,,g/guava-futures-failureaccess/guava-futures-failureaccess_ubi_9.3.sh,https://github.com/google/guava.git,,migrated,,
guava-futures-listenablefuture9999,v33.3.1,java,,g/guava-futures-listenablefuture9999/guava-futures-listenablefuture9999_ubi_9.3.sh,https://github.com/google/guava.git,,migrated,,
h2database,version-2.3.232,java,,h/h2database/h2database_ubi_9.3.sh,https://github.com/h2database/h2database.git,,migrated,,
hapi-fhir-jpaserver-starter,image/v7.4.0,java,,h/hapi-fhir-jpaserver-starter/hapi-fhir-jpaserver-starter_ubi_9.3.sh,https://github.com/hapifhir/hapi-fhir-jpaserver-starter,,migrated,,
hawtio,4.x,java,,h/hawtio/hawtio_ubi_9.6.sh,https://github.com/hawtio/hawtio,,migrated,,
hdrhistogram,HdrHistogram-2.1.12,java,,h/hdrhistogram/HdrHistogram_ubi_9.3.sh,https://github.com/HdrHistogram/HdrHistogram.git,,migrated,,
hdrhistogram,2.1.9,java,,h/hdrhistogram/HdrHistogram_rhel_7.6.sh,https://github.com/HdrHistogram/HdrHistogram,,migrated,,
hibernate-commons-annotations,7.0.0.Final,java,,h/hibernate-commons-annotations/hibernate-commons-annotations_ubi_9.3.sh,https://github.com/hibernate/hibernate-commons-annotations.git,,migrated,,
hibernate-validator,8.0.1.Final,java,,h/hibernate-validator/hibernate-validator_ubi_9.3.sh,https://github.com/hibernate/hibernate-validator,,migrated,,
hibernate-validator,"6.1.0, 6.1.3",java,,h/hibernate-validator/hibernate-validator_rhel_7.6.sh,https://github.com/hibernate/hibernate-validator,,migrated,,
high-scale-lib,high-scale-lib-parent-1.1.4,java,,h/high-scale-lib/high-scale-lib_ubi_9.3.sh,https://github.com/stephenc/high-scale-lib.git,,migrated,,
high-scale-lib,1.1.4,java,,h/high-scale-lib/high-scale-lib_ubuntu_16.04.sh,https://github.com/stephenc/high-scale-lib.git,,migrated,,
hikaricp,HikariCP-5.1.0,java,,h/hikaricp/hikaricp_ubi_9.3.sh,https://github.com/brettwooldridge/HikariCP,,migrated,,
hppc,0.10.0,java,,h/hppc/hppc_ubi_9.3.sh,https://github.com/carrotsearch/hppc,,migrated,,
httpcomponents-client,rel/v5.2.1,java,,h/httpcomponents-client/httpcomponents-client_ubi_9.3.sh,https://github.com/apache/httpcomponents-client.git,,migrated,,
httpcomponents-client,rel/v5.4,java,,h/httpcomponents-client/httpcomponents-client_v5.4_ubi_9.5.sh,https://github.com/apache/httpcomponents-client,,migrated,,
httpcomponents-client,rel/v4.5.14,java,,h/httpcomponents-client/httpcomponents-client_v4.5.14_ubi_9.3.sh,https://github.com/apache/httpcomponents-client.git,,migrated,,
httpcomponents-client,rel/v4.5.5,java,,h/httpcomponents-client/httpcomponents-client_v4.5.5_ubi_9.3.sh,https://github.com/apache/httpcomponents-client.git,,migrated,,
httpcomponents-core,rel/v5.3.1,java,,h/httpcomponents-core/httpcomponents-core_ubi_9.3.sh,https://github.com/apache/httpcomponents-core.git,,migrated,,
httpcore,rel/v4.4.13,java,,h/httpcore/httpcore_ubi_9.3.sh,https://github.com/apache/httpcomponents-core.git,,migrated,,
httpcore5,rel/v5.2.1,java,,h/httpcore5/httpcore5_ubi_9.3.sh,https://github.com/apache/httpcomponents-core.git,,migrated,,
httpcore5-h2,rel/v5.2.1,java,,h/httpcore5-h2/httpcore5-h2_ubi_9.3.sh,https://github.com/apache/httpcomponents-core.git,,migrated,,
infinispan,16.0.5,java,,i/infinispan/infinispan_ppc64le_ubi9.3.sh,https://github.com/infinispan/infinispan,,migrated,,
infinispan,12.1.3.Final,java,,i/infinispan/infinispan_ppc64le_ubi8.3.sh,https://github.com/infinispan/infinispan,,migrated,,
inject,2.0.1,java,,i/inject/inject_ubi_9.3.sh,https://github.com/jakartaee/inject.git,,migrated,,
instana-java-sdk,instana-java-sdk-1.2.0,java,,i/instana-java-sdk/instana-java-sdk_ubi_9.3.sh,https://github.com/instana/instana-java-sdk.git,,migrated,,
Jackson-dataformat-xml,jackson-dataformat-xml-2.17.0,java,,j/Jackson-dataformat-xml/jackson-dataformat-xml_ubi_9.3.sh,https://github.com/FasterXML/jackson-dataformat-xml,,migrated,,
Jackson-dataformat-xml,2.13,java,,j/Jackson-dataformat-xml/Jackson-dataformat-xml_ubi_8.3.sh,https://github.com/FasterXML/jackson-dataformat-xml.git,,migrated,,
Jackson-dataformat-xml,jackson-dataformat-xml-2.14.1,java,,j/Jackson-dataformat-xml/jackson-dataformat-xml_ubi_8.5.sh,https://github.com/FasterXML/jackson-dataformat-xml,,migrated,,
Jena-arq,jena-4.9.0,java,,j/Jena-arq/jena-arq_ubi_9.3.sh,https://github.com/apache/jena.git,,migrated,,
Jena-arq,jena-4.2.0,java,,j/Jena-arq/Jena-arq_ubi_8.3.sh,https://github.com/apache/jena.git,,migrated,,
Jena-arq,2.13.0,java,,j/Jena-arq/jena-arq-2.13.0_ubi_8.3.sh,https://github.com/apache/jena.git,,migrated,,
Jena-iri,jena-4.9.0,java,,j/Jena-iri/jena-iri_ubi_9.3.sh,https://github.com/apache/jena.git,,migrated,,
Jena-iri,jena-4.2.0,java,,j/Jena-iri/Jena-iri_ubi_8.3.sh,https://github.com/apache/jena.git,,migrated,,
j2objc-annotations,2.8,java,,j/j2objc-annotations/j2objc-annotations_ubi_9_3.sh,https://github.com/google/j2objc,,migrated,,
j2objc-annotations,1.3,java,,j/j2objc-annotations/j2objc-annotations_ubi_8.3.sh,https://github.com/google/j2objc.git,,migrated,,
j2objc-annotations,"1.1, 2.6",java,,j/j2objc-annotations/j2objc-annotations_rhel_7.6.sh,https://github.com/google/j2objc,,migrated,,
jackson-annotations,jackson-annotations-2.17.0,java,,j/jackson-annotations/jackson-annotations_ubi_9.3.sh,https://github.com/FasterXML/jackson-annotations,,migrated,,
jackson-annotations,2.10.2,java,,j/jackson-annotations/jackson-annotations_rhel_7.6.sh,https://github.com/FasterXML/jackson-annotations.git,,migrated,,
jackson-core,jackson-core-2.17.0,java,,j/jackson-core/jackson-core_ubi_9.3.sh,https://github.com/FasterXML/jackson-core,,migrated,,
jackson-core,jackson-core-2.17.2,java,,j/jackson-core/jackson-core_v2.17.2_ubi_9.3.sh,https://github.com/FasterXML/jackson-core,,migrated,,
jackson-core,jackson-core-2.14.1,java,,j/jackson-core/jackson-core_ubi_8.5.sh,https://github.com/FasterXML/jackson-core,,migrated,,
jackson-databind,jackson-databind-2.17.0,java,,j/jackson-databind/jackson-databind_ubi_9.3.sh,https://github.com/FasterXML/jackson-databind.git,,migrated,,
jackson-databind,jackson-databind-2.14.1,java,,j/jackson-databind/jackson-databind_ubi_8.5.sh,https://github.com/FasterXML/jackson-databind,,migrated,,
jackson-dataformats-binary,jackson-dataformats-binary-2.17.2,java,,j/jackson-dataformats-binary/jackson-dataformats-binary_ubi_9.3.sh,https://github.com/FasterXML/jackson-dataformats-binary.git,,migrated,,
jackson-dataformats-text,jackson-dataformats-text-2.17.2,java,,j/jackson-dataformats-text/jackson-dataformats-text_ubi_9.3.sh,https://github.com/FasterXML/jackson-dataformats-text.git,,migrated,,
jackson-datatype-joda,jackson-datatype-joda-2.17.2,java,,j/jackson-datatype-joda/jackson-datatype-joda_ubi_9.3.sh,https://github.com/FasterXML/jackson-datatype-joda.git,,migrated,,
jackson-datatype-joda,2.10.2,java,,j/jackson-datatype-joda/jackson-datatype-joda_rhel_7.6.sh,https://github.com/FasterXML/jackson-datatype-joda,,migrated,,
jackson-jakarta-rs-providers,jackson-jakarta-rs-providers-2.17.2,java,,j/jackson-jakarta-rs-providers/jackson-jakarta-rs-providers_ubi_9.3.sh,https://github.com/FasterXML/jackson-jakarta-rs-providers.git,,migrated,,
jackson-jaxrs-providers,jackson-jaxrs-providers-2.17.2,java,,j/jackson-jaxrs-providers/jackson-jaxrs-providers_ubi_9.3.sh,https://github.com/FasterXML/jackson-jaxrs-providers.git,,migrated,,
jackson-jaxrs-providers,2.9.6,java,,j/jackson-jaxrs-providers/jackson-jaxrs-providers_ubuntu_16.04.sh,https://github.com/FasterXML/jackson-jaxrs-providers.git,,migrated,,
jackson-jaxrs-providers,2.9.6,java,,j/jackson-jaxrs-providers/jackson-jaxrs-providers_v2.9_ubuntu_16.04.sh,https://github.com/FasterXML/jackson-jaxrs-providers.git,,migrated,,
jackson-module-scala,2.9.4,java,,j/jackson-module-scala/jackson-scala_ubuntu_16.04.sh,https://github.com/FasterXML/jackson-module-scala.git,,migrated,,
jackson-modules-base,jackson-modules-base-2.17.2,java,,j/jackson-modules-base/jackson-modules-base_ubi_9.3.sh,https://github.com/FasterXML/jackson-modules-base.git,,migrated,,
jackson-modules-java8-datatypes,jackson-modules-java8-2.14.3,java,,j/jackson-modules-java8-datatypes/jackson-modules-java8-datatypes_ubi_9.3.sh,https://github.com/FasterXML/jackson-modules-java8.git,,migrated,,
jackson-modules-java8-datetime,jackson-modules-java8-2.14.3,java,,j/jackson-modules-java8-datetime/jackson-modules-java8-datetime_ubi_9.3.sh,https://github.com/FasterXML/jackson-modules-java8.git,,migrated,,
jackson-modules-java8-parameter-names,jackson-modules-java8-2.14.3,java,,j/jackson-modules-java8-parameter-names/jackson-modules-java8-parameter-names_ubi_9.3.sh,https://github.com/FasterXML/jackson-modules-java8.git,,migrated,,
jaf-api,2.1.3,java,,j/jaf-api/jaf-api_ubi_9.3.sh,https://github.com/jakartaee/jaf-api,,migrated,,
jaf-api,2.1.1,java,,j/jaf-api/jaf-api_2.1.1_ubi_8.5.sh,https://github.com/jakartaee/jaf-api,,migrated,,
jakarta-metro-saaj-impl,3.0.0,java,,j/jakarta-metro-saaj-impl/jakarta-metro-saaj-impl_v3.0.0_ubi_9.3.sh,https://github.com/eclipse-ee4j/metro-saaj,,migrated,,
jakarta-metro-saaj-impl,3.0.4,java,,j/jakarta-metro-saaj-impl/jakarta-metro-saaj-impl_v3.0.4_ubi_9.3.sh,https://github.com/eclipse-ee4j/metro-saaj,,migrated,,
jakartaee-rest,4.0.0-RELEASE,java,,j/jakartaee-rest/jakartaee-rest_ubi_9.3.sh,https://github.com/jakartaee/rest.git,,migrated,,
jandex,3.2.0,java,,j/jandex/jandex_ubi_9.3.sh,https://github.com/smallrye/jandex.git,,migrated,,
jandex,2.0.5,java,,j/jandex/jandex_rhel_7.6.sh,https://github.com/wildfly/jandex,,migrated,,
janusgraph,v1.1.0,java,,j/janusgraph/janusgraph_ubi_9.3.sh,https://github.com/JanusGraph/janusgraph.git,,migrated,,
janusgraph,0.2.0,java,,j/janusgraph/janusgraph_rhel_7.4.sh,https://github.com/JanusGraph/janusgraph.git,,migrated,,
janusgraph,0.2.0,java,,j/janusgraph/janusgraph_ubuntu_16.04.sh,https://github.com/JanusGraph/janusgraph.git,,migrated,,
java-hll,v1.6.0,java,,j/java-hll/java-hll_ubi_9.3.sh,https://github.com/aggregateknowledge/java-hll.git,,migrated,,
java-sdk-core,9.20.0,java,,j/java-sdk-core/java-sdk-core_ubi_9.3.sh,https://github.com/IBM/java-sdk-core.git,,migrated,,
java-uuid-generator,java-uuid-generator-5.1.0,java,,j/java-uuid-generator/java-uuid-generator_ubi_9.3.sh,https://github.com/cowtowncoder/java-uuid-generator,,migrated,,
javapoet,javapoet-1.13.0,java,,j/javapoet/javapoet_ubi_9.3.sh,https://github.com/square/javapoet.git,,migrated,,
javapoet,"1.8.0, 1.12.1",java,,j/javapoet/javapoet_rhel_7.6.sh,https://github.com/square/javapoet,,migrated,,
javatuples,javatuples-1.2,java,,j/javatuples/javatuples_ubi_9.3.sh,https://github.com/javatuples/javatuples.git,,migrated,,
javatuples,1.2,java,,j/javatuples/javatuples_rhel_7.6.sh,https://github.com/javatuples/javatuples,,migrated,,
javax.interceptor,1.2.2,java,,j/javax.interceptor/javax.interceptor_ubi_9.3.sh,https://github.com/javaee/javax.interceptor.git,,migrated,,
javax.transaction,1.2,java,,j/javax.transaction/javax.transaction_ubi_9.3.sh,https://github.com/javaee/javax.transaction.git,,migrated,,
jaxb-api,4.0.2,java,,j/jaxb-api/jaxb-api_ubi_9.3.sh,https://github.com/jakartaee/jaxb-api,,migrated,,
jaxb-api,4.0.0-RC2,java,,j/jaxb-api/jakarta.xml.bind-api_4.0.0-RC2_ubi_8.3.sh,https://github.com/eclipse-ee4j/jaxb-api,,migrated,,
jaxb-api,3.0.0-RC3,java,,j/jaxb-api/jaxb_api_rhel_7.6.sh,https://github.com/eclipse-ee4j/jaxb-api,,migrated,,
jaxb-istack-commons,4.2.0,java,,j/jaxb-istack-commons/jaxb-istack-commons_ubi_9.3.sh,https://github.com/eclipse-ee4j/jaxb-istack-commons.git,,migrated,,
jaxb-ri,4.0.5,java,,j/jaxb-ri/jaxb-core_4.0.5-RI_ubi_9.3.sh,https://github.com/eclipse-ee4j/${PACKAGE_NAME}.git,,migrated,,
jaxb-ri,4.0.5-RI,java,,j/jaxb-ri/jaxb-ri_ubi_9.3.sh,https://github.com/eclipse-ee4j/jaxb-ri,,migrated,,
jboss-logging,3.5.3.Final,java,,j/jboss-logging/jboss-logging_ubi_9.3.sh,https://github.com/jboss-logging/jboss-logging.git,,migrated,,
jboss-logging,3.3.2,java,,j/jboss-logging/jboss-logging_rhel_7.6.sh,https://github.com/jboss-logging/jboss-logging,,migrated,,
jboss-marshalling,2.2.1.Final,java,,j/jboss-marshalling/jboss-marshalling_ubi_9.3.sh,https://github.com/jboss-remoting/jboss-marshalling.git,,migrated,,
jboss-marshalling,2.0.12.Final,java,,j/jboss-marshalling/jboss-marshalling_ubuntu_20.04.sh,https://github.com/jboss-remoting/jboss-marshalling,,migrated,,
jcip-annotations,jcip-annotations-1.0-1,java,,j/jcip-annotations/jcip-annotations_ubi_9.3.sh,https://github.com/stephenc/jcip-annotations.git,,migrated,,
jcip-annotations,1.0-1,java,,j/jcip-annotations/jcip_annotations_rhel_7.6.sh,https://github.com/stephenc/jcip-annotations,,migrated,,
jctools,v4.0.5,java,,j/jctools/jctools_ubi_9.3.sh,https://github.com/JCTools/JCTools.git,,migrated,,
jena-base,jena-4.9.0,java,,j/jena-base/jena-base_ubi_9.3.sh,https://github.com/apache/jena.git,,migrated,,
jena-core,jena-4.9.0,java,,j/jena-core/jena-core_ubi_9.3.sh,https://github.com/apache/jena.git,,migrated,,
jena-core,2.13.0,java,,j/jena-core/jena-core_ubi_8.3.sh,https://github.com/apache/jena.git,,migrated,,
jersey,3.1.8,java,,j/jersey/jersey_core-server_3.1.8_ubi9.3.sh,https://github.com/eclipse-ee4j/jersey.git,,migrated,,
jersey,3.1.7,java,,j/jersey/jersey_ubi_9.3.sh,https://github.com/eclipse-ee4j/jersey.git,,migrated,,
jersey,2.26,java,,j/jersey/jersey_rhel_7.4.sh,https://github.com/jersey/jersey,,migrated,,
jersey,2.26,java,,j/jersey/jersey_ubuntu_16.04.sh,https://github.com/jersey/jersey,,migrated,,
jersey-client,3.1.8,java,,j/jersey-client/jersey-client_v3.1.8_ubi_9.3.sh,https://github.com/eclipse-ee4j/jersey.git,,migrated,,
jersey-client,2.25.1,java,,j/jersey-client/jersey-client_rhel_7.6.sh,https://github.com/jersey/jersey,,migrated,,
jersey-container-servlet,3.1.8,java,,j/jersey-container-servlet/jersey-container-servlet_v3.1.8_ubi_9.3.sh,https://github.com/eclipse-ee4j/jersey.git,,migrated,,
jersey-container-servlet-core,3.1.8,java,,j/jersey-container-servlet-core/jersey-container-servlet-core_v3.1.8_ubi_9.3.sh,https://github.com/eclipse-ee4j/jersey.git,,migrated,,
jersey-container-servlet-core,2.25.1,java,,j/jersey-container-servlet-core/jersey-container-servlet-core_rhel_7.6.sh,https://github.com/jersey/jersey,,migrated,,
jersey-hk2,3.1.8,java,,j/jersey-hk2/jersey-hk2_v3.1.8_ubi_9.3.sh,https://github.com/eclipse-ee4j/jersey.git,,migrated,,
jersey-media-jaxb,3.1.8,java,,j/jersey-media-jaxb/jersey-media-jaxb_v3.1.8_ubi_9.3.sh,https://github.com/eclipse-ee4j/jersey.git,,migrated,,
jersey-media-jaxb,"2.25.1, 2.27",java,,j/jersey-media-jaxb/jersey_media_jaxb_rhel_7.6.sh,https://github.com/jersey/jersey,,migrated,,
jersey-media-json-binding,3.1.8,java,,j/jersey-media-json-binding/jersey-media-json-binding_v3.1.8_ubi_9.3.sh,https://github.com/eclipse-ee4j/jersey.git,,migrated,,
jersey-media-sse,3.1.8,java,,j/jersey-media-sse/jersey-media-sse_v3.1.8_ubi_9.3.sh,https://github.com/eclipse-ee4j/jersey.git,,migrated,,
jheaps,jheaps-0.13,java,,j/jheaps/jheaps_ubi_9.3.sh,https://github.com/d-michail/jheaps.git,,migrated,,
jheaps,0.11,java,,j/jheaps/jheaps_rhel_8.3.sh,https://github.com/d-michail/jheaps/tree/jheaps-0.11,,migrated,,
jimfs,v1.3.0,java,,j/jimfs/jimfs_ubi_9.3.sh,https://github.com/google/jimfs,,migrated,,
joda-time,v2.12.7,java,,j/joda-time/joda-time_ubi_9.3.sh,https://github.com/JodaOrg/joda-time.git,,migrated,,
joda-time,v2.12.1,java,,j/joda-time/joda_time_ubi_8.5.sh,https://github.com/JodaOrg/joda-time,,migrated,,
joda-time,"2.8.1, 2.10.5",java,,j/joda-time/joda_time_rhel_7.6.sh,https://github.com/JodaOrg/joda-time,,migrated,,
json-base,json-base-2.4.3,java,,j/json-base/json-base_ubi_9.3.sh,https://github.com/wnameless/json-base.git,,migrated,,
json-flattener,json-flattener-0.16.6,java,,j/json-flattener/json-flattener_ubi_9.3.sh,https://github.com/wnameless/json-flattener.git,,migrated,,
json-flattener,"0.4.0, 0.8.1",java,,j/json-flattener/json-flattener_rhel_7.6.sh,https://github.com/wnameless/json-flattener,,migrated,,
json-java,20231013,java,,j/json-java/json-java_ubi_9.3.sh,https://github.com/stleary/JSON-java.git,,migrated,,
json-path,json-path-2.9.0,java,,j/json-path/json-path_ubi_9.3.sh,https://github.com/json-path/JsonPath,,migrated,,
json-path,master (commit id #1ed1ea0),java,,j/json-path/json-path_rhel_7.6.sh,https://github.com/json-path/JsonPath,,migrated,,
jsonassert,jsonassert-2.0-rc1,java,,j/jsonassert/jsonassert_ubi_9.3.sh,https://github.com/skyscreamer/JSONassert.git,,migrated,,
jsonata4java,f0fdbeb,java,,j/jsonata4java/jsonata4java_ubi_9.3.sh,https://github.com/IBM/JSONata4Java.git,,migrated,,
jsonb-api,3.0.1,java,,j/jsonb-api/jsonb-api-3.0.1-ubi9.3.sh,https://github.com/jakartaee/jsonb-api.git,,migrated,,
jsonld-java,v0.13.6,java,,j/jsonld-java/jsonld-java_ubi_9.3.sh,https://github.com/jsonld-java/jsonld-java.git,,migrated,,
jsonp-api, 2.1.3-RELEASE,java,,j/jsonp-api/jsonp-api_2.1.3-RELEASE_ubi_9.5.sh,https://github.com/jakartaee/${PACKAGE_NAME}.git,,migrated,,
jsonp-api,2.0.1-RELEASE,java,,j/jsonp-api/jsonp-api_ubi_9.3.sh,https://github.com/jakartaee/jsonp-api.git,,migrated,,
jts,1.17.0,java,,j/jts/jts_ubi_9.3.sh,https://github.com/locationtech/jts.git,,migrated,,
jwks-rsa-java,0.22.1,java,,j/jwks-rsa-java/jwks-rsa-java_ubi_9_3.sh,https://github.com/auth0/jwks-rsa-java,,migrated,,
jwks-rsa-java,0.1.0,java,,j/jwks-rsa-java/jwks-rsa_rhel_7.6.sh,https://github.com/auth0/jwks-rsa-java,,migrated,,
kafka,${1:-,java,,k/kafka/kafka_ubi_9.3.sh,https://github.com/apache/kafka,,migrated,,
kafka,2.1,java,,k/kafka/kafka2_sles12_sp2.sh,https://github.com/apache/kafka,,migrated,,
kafka,2.1,java,,k/kafka/kafka2_ubuntu_16.04.sh,https://github.com/apache/kafka,,migrated,,
kafka,2.6.0,java,,k/kafka/kafka_2.6.0_ubi_8.2.sh,https://github.com/apache/kafka,,migrated,,
kafka,2.2.0,java,,k/kafka/kafka_rhel7.6.sh,https://github.com/apache/kafka,,migrated,,
kafka,1.1.0,java,,k/kafka/kafka_rhel_7.4.sh,https://github.com/apache/kafka,,migrated,,
kafka,2.7.0,java,,k/kafka/kafka_ubi_8.4.sh,https://github.com/apache/kafka,,migrated,,
kafka,${1:-,java,,k/kafka/kafka_ubi_8.5.sh,https://github.com/apache/kafka,,migrated,,
kafka,1.1.0,java,,k/kafka/kafka_ubuntu_16.04.sh,https://github.com/apache/kafka,,migrated,,
keycloak,25.0.6,java,,k/keycloak/keycloak_ubi_9.3.sh,https://github.com/keycloak/keycloak,,migrated,,
keycloak,22.0.4,java,,k/keycloak/keycloak_ubi_8.7.sh,https://github.com/keycloak/keycloak.git,,migrated,,
kroxylicious,v0.11.0,java,,k/kroxylicious/kroxylicious_ubi_9.3.sh,https://github.com/kroxylicious/kroxylicious,,migrated,,
kryo,5.0.4,java,,k/kryo/kryo_ubuntu_18.04.sh,https://github.com/EsotericSoftware/kryo,,migrated,,
liquibase,v4.28.0,java,,l/liquibase/liquibase_ubi_9.3.sh,https://github.com/liquibase/liquibase,,migrated,,
log4j-api,rel/2.23.1,java,,l/log4j-api/log4j-api-2.23.1-ubi9.3.sh,https://github.com/apache/logging-log4j2.git,,migrated,,
log4j-api,log4j-2.8.2,java,,l/log4j-api/log4j-api_2.8.2_ubi_8.4.sh,https://github.com/apache/logging-log4j2,,migrated,,
log4j-core,rel/2.23.1,java,,l/log4j-core/log4j-core-2.23.1-ubi9.3.sh,https://github.com/apache/logging-log4j2,,migrated,,
log4j-core,3.0.0,java,,l/log4j-core/log4j-core_ubuntu_18.04.sh,https://github.com/apache/logging-log4j2,,migrated,,
log4j-jakarta-web,rel/2.23.1,java,,l/log4j-jakarta-web/log4j-jakarta-web-2.23.1-ubi9.3.sh,https://github.com/apache/logging-log4j2.git,,migrated,,
logstash-output-elasticsearch,v11.22.2,java,,l/logstash-output-elasticsearch/logstash-output-elasticsearch_ubi_8.9.sh,https://github.com/logstash-plugins/logstash-output-elasticsearch,,migrated,,
loopback-connector,v6.1.3,java,,l/loopback-connector/loopback-connector_ubi_9_3.sh,https://github.com/loopbackio/loopback-connector,,migrated,,
lz4-java,master,java,,l/lz4-java/lz-java_ubi_9.3.sh,https://github.com/lz4/lz4-java,,migrated,,
lz4-java,1.7.1,java,,l/lz4-java/lz4-java_1.5.0_1.7.1_ubi_8.3.sh,https://github.com/lz4/lz4-java.git,,migrated,,
lz4-java,1.7.1,java,,l/lz4-java/lz4-java_1.7.1_1.5.0_ubuntu_18.04.sh,https://github.com/lz4/lz4-java.git,,migrated,,
lz4-java,master,java,,l/lz4-java/build.sh,https://github.com/lz4/lz4-java,,migrated,,
mail-api,2.1.3,java,,m/mail-api/mail-api_ubi_9.3.sh,https://github.com/jakartaee/mail-api,,migrated,,
metrics-core,v4.0.7,java,,m/metrics-core/metrics-core-v4.0.7_ubi_9.3.sh,https://github.com/dropwizard/metrics.git,,migrated,,
metrics-core,v4.2.18,java,,m/metrics-core/metrics-core_ubi_9.3.sh,https://github.com/dropwizard/metrics.git,,migrated,,
metrics-core,3.2.2,java,,m/metrics-core/metrics-core_rhel_7.3.sh,https://github.com/dropwizard/metrics.git,,migrated,,
metrics-core,3.2.2,java,,m/metrics-core/metrics-core_ubuntu_16.04.sh,https://github.com/dropwizard/metrics.git,,migrated,,
micrometer-commons,v1.10.13,java,,m/micrometer-commons/micrometer-commons_ubi_9.3.sh,https://github.com/micrometer-metrics/micrometer.git,,migrated,,
micrometer-core,v1.10.13,java,,m/micrometer-core/micrometer-core_ubi_9.3.sh,https://github.com/micrometer-metrics/micrometer.git,,migrated,,
micrometer-observation,v1.10.13,java,,m/micrometer-observation/micrometer-observation_ubi_9.3.sh,https://github.com/micrometer-metrics/micrometer.git,,migrated,,
microprofile-config,3.1,java,,m/microprofile-config/microprofile-config_ubi_9.3.sh,https://github.com/eclipse/microprofile-config.git,,migrated,,
microprofile-fault-tolerance,4.1,java,,m/microprofile-fault-tolerance/microprofile-fault-tolerance_ubi_9.3.sh,https://github.com/eclipse/microprofile-fault-tolerance.git,,migrated,,
microprofile-health,4.0.1,java,,m/microprofile-health/microprofile-health_ubi_9.3.sh,https://github.com/eclipse/microprofile-health.git,,migrated,,
microprofile-jwt-auth,2.1,java,,m/microprofile-jwt-auth/microprofile-jwt-auth_ubi_9.3.sh,https://github.com/eclipse/microprofile-jwt-auth.git,,migrated,,
microprofile-metrics,5.1.1,java,,m/microprofile-metrics/microprofile-metrics_ubi_9.3.sh,https://github.com/eclipse/microprofile-metrics.git,,migrated,,
microprofile-open-api,4.0,java,,m/microprofile-open-api/microprofile-open-api_ubi_9.3.sh,https://github.com/eclipse/microprofile-open-api.git,,migrated,,
microprofile-opentracing,3.0,java,,m/microprofile-opentracing/microprofile-opentracing_ubi_9.3.sh,https://github.com/eclipse/microprofile-opentracing.git,,migrated,,
microprofile-rest-client,4.0,java,,m/microprofile-rest-client/microprofile-rest-client_ubi_9.3.sh,https://github.com/eclipse/microprofile-rest-client.git,,migrated,,
minlog,minlog-1.3.1,java,,m/minlog/minlog_ubi_9.3.sh,https://github.com/EsotericSoftware/minlog.git,,migrated,,
mockito,v5.12.0,java,,m/mockito/mockito_ubi_9.3.sh,https://github.com/mockito/mockito.git,,migrated,,
mongoengine,v0.27.0,java,,m/mongoengine/mongoengine_ubi_8.7.sh,https://github.com/MongoEngine/mongoengine,,migrated,,
msv,msv-2022.7,java,,m/msv/msv_ubi_9.3.sh,https://github.com/xmlark/msv.git,,migrated,,
mybatis-3,mybatis-3.5.16,java,,m/mybatis-3/mybatis-3_ubi_9.3.sh,https://github.com/mybatis/mybatis-3,,migrated,,
mysql-connector-j,9.0.0,java,,m/mysql-connector-j/mysql-connector-j_ubi_9.3.sh,https://github.com/mysql/mysql-connector-j.git,,migrated,,
mysql-connector-j,8.0.28,java,,m/mysql-connector-j/mysql-connector-j_ubi_8.5.sh,https://github.com/mysql/mysql-connector-j.git,,migrated,,
nashorn,main,java,,n/nashorn/nashorn_ubi_9.3.sh,https://github.com/openjdk/nashorn,,migrated,,
neo4j,release/5.26.0,java,,n/neo4j/neo4j_5.26.0_ubi_9.3.sh,https://github.com/neo4j/neo4j.git,,migrated,,
neo4j,5.9.0,java,,n/neo4j/neo4j-5.9.0-ubi8.7.sh,https://github.com/neo4j/neo4j.git,,migrated,,
neo4j,,java,,n/neo4j/Dockerfiles/5.9.0_ubi_8/docker-entrypoint.sh,,,migrated,,
neo4j-java-driver,5.23.0,java,,n/neo4j-java-driver/neo4j-java-driver_ubi_9.3.sh,https://github.com/neo4j/neo4j-java-driver,,migrated,,
neo4j-migrations,2.13.3,java,,n/neo4j-migrations/neo4j-migrations_ubi_9.3.sh,https://github.com/michael-simons/neo4j-migrations,,migrated,,
nimbus-content-type,2.3,java,,n/nimbus-content-type/nimbus-content-type_ubi_9.3.sh,https://bitbucket.org/connect2id/nimbus-content-type.git,,migrated,,
nimbus-language-tags,1.7,java,,n/nimbus-language-tags/nimbus-language-tags_ubi_9.3.sh,https://bitbucket.org/connect2id/nimbus-language-tags.git,,migrated,,
noggit,noggit-0.8,java,,n/noggit/noggit_ubi_9.3.sh,https://github.com/yonik/noggit.git,,migrated,,
noggit,"0.6, 0.8",java,,n/noggit/noggit_rhel_7.6.sh,https://github.com/yonik/noggit,,migrated,,
nomad,v1.7.6,java,,n/nomad/nomad_ubi_9_3.sh,https://github.com/hashicorp/nomad,,migrated,,
nomad,v1.7.6,java,,n/nomad/nomad_ubi_8_5.sh,https://github.com/hashicorp/nomad,,migrated,,
offheap-store,v2.5.6,java,,o/offheap-store/offheap-store_ubi_9_3.sh,https://github.com/Terracotta-OSS/offheap-store,,migrated,,
ognl,OGNL_3_4_3,java,,o/ognl/ognl_ubi_9.3.sh,https://github.com/orphan-oss/ognl.git,,migrated,,
okhttp,"2.7.5, 4.5.0",java,,o/okhttp/okhttp_rhel_7.6.sh,https://github.com/square/okhttp,,migrated,,
openapi-generator,v7.2.0,java,,o/openapi-generator/openapi-generator_v7.2.0_ubi_9.3.sh,https://github.com/OpenAPITools/openapi-generator.git,,migrated,,
opencsv,5.9Release,java,,o/opencsv/opencsv_v5.9_ubi_9.5.sh,https://git.code.sf.net/p/${PACKAGE_NAME}/source.git,,migrated,,
opencsv,1.7,java,,o/opencsv/opencsv_rhel_7.6.sh,https://github.com/jlawrie/opencsv,,migrated,,
opensearch-project-geospatial,2.19.2.0,java,,o/opensearch-project-geospatial/opensearch-project-geospatial_2.19.2.0_ubi_9.3.sh,https://github.com/opensearch-project/geospatial,,migrated,,
opensearch-project-geospatial,2.15.0.0,java,,o/opensearch-project-geospatial/opensearch-project-geospatial_ubi_9.3.sh,https://github.com/opensearch-project/geospatial,,migrated,,
opensearch-project-geospatial,2.7.0.0,java,,o/opensearch-project-geospatial/opensearch-project-geospatial_ubi_8.7.sh,https://github.com/opensearch-project/geospatial,,migrated,,
opensearch-project-notifications,2.19.2.0,java,,o/opensearch-project-notifications/opensearch-project-notifications_2.19.2.0_ubi_9.3.sh,https://github.com/opensearch-project/notifications,,migrated,,
opensearch-project-notifications,2.15.0.0,java,,o/opensearch-project-notifications/opensearch-project-notifications_ubi_9.3.sh,https://github.com/opensearch-project/notifications,,migrated,,
opensearch-project-notifications,2.7.0.0,java,,o/opensearch-project-notifications/opensearch-project-notifications_ubi_8_7.sh,https://github.com/opensearch-project/notifications,,migrated,,
opensearch-project-observability,2.19.2.0,java,,o/opensearch-project-observability/opensearch-project-observability_2.19.2.0_ubi_9.3.sh,https://github.com/opensearch-project/observability,,migrated,,
opensearch-project-observability,$SCRIPT_PACKAGE_VERSION,java,,o/opensearch-project-observability/opensearch-project-observability_3.3.0.0_ubi_9.6.sh,https://github.com/opensearch-project/observability,,migrated,,
opensearch-project-observability,2.15.0.0,java,,o/opensearch-project-observability/opensearch-project-observability_ubi_9.3.sh,https://github.com/opensearch-project/observability,,migrated,,
opensearch-project-observability,2.7.0.0,java,,o/opensearch-project-observability/opensearch-project-observability_ubi_8.7.sh,https://github.com/opensearch-project/observability,,migrated,,
opensearch-project-opensearch-learning-to-rank-base,2.19.2.0,java,,o/opensearch-project-opensearch-learning-to-rank-base/opensearch-learning-to-rank-base_2.19.2.0_ubi9.5.sh,https://github.com/${PACKAGE_ORG}/${PACKAGE_NAME}.git,,migrated,,
opensearch-project-opensearch-remote-metadata-sdk,2.19.2.0,java,,o/opensearch-project-opensearch-remote-metadata-sdk/opensearch-remote-metadata-sdk_2.19.2.0_ubi9.5.sh,https://github.com/${PACKAGE_ORG}/${PACKAGE_NAME}.git,,migrated,,
opensearch-project-performance-analyzer,2.19.2.0,java,,o/opensearch-project-performance-analyzer/opensearch-project-performance-analyzer_2.19.2.0_ubi_9.3.sh,https://github.com/opensearch-project/${PACKAGE_NAME}.git,,migrated,,
opensearch-project-performance-analyzer,2.15.0.0,java,,o/opensearch-project-performance-analyzer/opensearch-project-performance-analyzer_ubi_9.3.sh,https://github.com/opensearch-project/performance-analyzer,,migrated,,
opensearch-project-performance-analyzer,2.7.0.0,java,,o/opensearch-project-performance-analyzer/opensearch-project-performance-analyzer_ubi_8.7.sh,https://github.com/opensearch-project/performance-analyzer,,migrated,,
opensearch-project-search-relevance,$SCRIPT_PACKAGE_VERSION,java,,o/opensearch-project-search-relevance/search-relevance_3.3.0.0_ubi9.6.sh,https://github.com/opensearch-project/search-relevance,,migrated,,
opensearch-project-security,2.19.2.0,java,,o/opensearch-project-security/security_2.19.2.0_ubi9.5.sh,https://github.com/${PACKAGE_ORG}/${PACKAGE_NAME}.git,,migrated,,
opensearch-project-security,3.3.0.0,java,,o/opensearch-project-security/security_3.3.0.0_ubi9.6.sh,https://github.com/${PACKAGE_ORG}/${PACKAGE_NAME}.git,,migrated,,
opensearch-project-security-analytics,2.19.2.0,java,,o/opensearch-project-security-analytics/opensearch-project-security-analytics_2.19.2.0_ubi_9.3.sh,https://github.com/opensearch-project/${PACKAGE_NAME},,migrated,,
opensearch-project-sql,2.14.0.0,java,,o/opensearch-project-sql/opensearch-project-sql_ubi_9.3.sh,https://github.com/opensearch-project/sql,,migrated,,
opensearch-project-sql,2.19.2.0,java,,o/opensearch-project-sql/opensearch-project-sql_2.19.2.0_ubi_9.3.sh,https://github.com/${PACKAGE_ORG}/${PACKAGE_NAME}.git,,migrated,,
opensearch-project-sql,2.11.0.0,java,,o/opensearch-project-sql/opensearch-project-sql_ubi_8.7.sh,https://github.com/opensearch-project/sql,,migrated,,
opensearch-project-ubi,$SCRIPT_PACKAGE_VERSION,java,,o/opensearch-project-ubi/opensearch-project-ubi_3.3.0.0_ubi_9.6.sh,https://github.com/opensearch-project/user-behavior-insights,,migrated,,
opensearch-prometheus-exporter,3.2.0.0,java,,o/opensearch-prometheus-exporter/opensearch-prometheus-exporter_3.2.0.0_ubi_9.6.sh,https://github.com/opensearch-project/opensearch-prometheus-exporter.git,,migrated,,
opentelemetry-java,v1.38.0,java,,o/opentelemetry-java/opentelemetry-java_ubi_9_3.sh,https://github.com/open-telemetry/opentelemetry-java,,migrated,,
opentelemetry-java,${1:-,java,,o/opentelemetry-java/opentelemetry-java_ubi_8.5.sh,https://github.com/open-telemetry/opentelemetry-java,,migrated,,
orientdb,3.2.31,java,,o/orientdb/orientdb_ubi_9.3.sh,https://github.com/orientechnologies/orientdb.git,,migrated,,
osgi-resource-locator,1.0.3,java,,o/osgi-resource-locator/osgi-resource-locator_v1.0.3_ubi_9.3.sh,https://github.com/eclipse-ee4j/${PACKAGE_NAME}.git,,migrated,,
osgi-resource-locator,1.0.3,java,,o/osgi-resource-locator/osgi-resource-locator_1.0.3_ubi_8.3.sh,https://github.com/eclipse-ee4j/glassfish-hk2-extra.git,,migrated,,
owasp-java-encoder,v1.3.0,java,,o/owasp-java-encoder/owasp-java-encoder_ubi_9.3.sh,https://github.com/OWASP/owasp-java-encoder.git,,migrated,,
owlapi,owlapi-parent-5.1.20,java,,o/owlapi/owlapi-parent-5.1.20_ubi_9.3.sh,https://github.com/owlcs/owlapi.git,,migrated,,
owlapi,owlapi-parent-5.5.0,java,,o/owlapi/owlapi-parent-5.5.0_ubi_9.3.sh,https://github.com/owlcs/owlapi.git,,migrated,,
persistence,3.2-3.2.0-RELEASE,java,,p/persistence/persistence_ubi_9.3.sh,https://github.com/jakartaee/persistence,,migrated,,
pgjdbc,REL42.7.4,java,,p/pgjdbc/pgjdbc_ubi_9.3.sh,https://github.com/pgjdbc/pgjdbc.git,,migrated,,
plexus-utils,plexus-utils-4.0.1,java,,p/plexus-utils/plexus-utils_ubi_9.3.sh,https://github.com/codehaus-plexus/plexus-utils.git,,migrated,,
plexus-utils,3.3.0,java,,p/plexus-utils/plexus_utils_rhel_7.6.sh,https://github.com/codehaus-plexus/plexus-utils,,migrated,,
quarkus,main,java,,q/quarkus/quarkus_ubi_9.3.sh,https://github.com/quarkusio/quarkus.git,,migrated,,
quarkus,v0.8.4,java,,q/quarkus/quarkus_v0.8.4_rhel_7.6.sh,https://github.com/quarkusio/quarkus,,migrated,,
quartz,v2.5.0-rc1,java,,q/quartz/quartz_ubi_9.3.sh,https://github.com/quartz-scheduler/quartz.git,,migrated,,
quartz,2.3.1,java,,q/quartz/quartz_rhel_7.6.sh,https://github.com/quartz-scheduler/quartz,,migrated,,
react-native-blob-util,0.19.9,java,,r/react-native-blob-util/react-native-blob-util-0.19.9-ubi9.3.sh,https://github.com/RonRadtke/${PACKAGE_NAME}.git,,migrated,,
reactive-streams-jvm,v1.0.4,java,,r/reactive-streams-jvm/reactive-streams-jvm_ubi_9.3.sh,https://github.com/reactive-streams/reactive-streams-jvm.git,,migrated,,
redisson,redisson-3.37.0,java,,r/redisson/redisson_ubi_9.3.sh,https://github.com/redisson/redisson.git,,migrated,,
redisson,3.12.4,java,,r/redisson/redisson_rhel_7.6.sh,https://github.com/redisson/redisson,,migrated,,
reflectasm,reflectasm-1.11.9,java,,r/reflectasm/reflectasm_ubi_9.3.sh,https://github.com/EsotericSoftware/reflectasm.git,,migrated,,
reflections,0.9.11,java,,r/reflections/reflections_ubi_9.3.sh,https://github.com/ronmamo/reflections.git,,migrated,,
reflections,0.10.2,java,,r/reflections/reflections_ubi_8_5.sh,https://github.com/ronmamo/reflections,,migrated,,
reflections,0.9.11,java,,r/reflections/reflections_rhel_7.3.sh,https://github.com/ronmamo/reflections,,migrated,,
reflections,"0.9.11, 0.9.12",java,,r/reflections/reflections_rhel_7.6.sh,https://github.com/ronmamo/reflections,,migrated,,
reflections,0.9.11,java,,r/reflections/reflections_ubuntu_16.04.sh,https://github.com/ronmamo/reflections,,migrated,,
rest-assured,5.5.0,java,,r/rest-assured/rest-assured_v5.5.0_ubi_9.5.sh,https://github.com/rest-assured/rest-assured,,migrated,,
rest-assured,rest-assured-3.0.3,java,,r/rest-assured/REST-assured-common_ubi_8.3.sh,https://github.com/rest-assured/rest-assured.git,,migrated,,
rest-assured,rest-assured-3.0.3,java,,r/rest-assured/REST-assured_ubi_8.3.sh,https://github.com/rest-assured/rest-assured.git,,migrated,,
roaringbitmap,1.2.1,java,,r/roaringbitmap/roaringbitmap_ubi_9.3.sh,https://github.com/RoaringBitmap/RoaringBitmap.git,,migrated,,
rxjava,v3.1.8,java,,r/rxjava/rxjava_ubi_9.3.sh,https://github.com/ReactiveX/RxJava.git,,migrated,,
rxjava,v2.2.21,java,,r/rxjava/rxjava_ubi_9.3_v2.sh,https://github.com/ReactiveX/RxJava.git,,migrated,,
rxjava,3.0.2,java,,r/rxjava/rxjava_rhel_7.6.sh,https://github.com/ReactiveX/RxJava,,migrated,,
rxjava,2.1.10,java,,r/rxjava/rxjava_ubuntu_16.04.sh,https://github.com/ReactiveX/RxJava,,migrated,,
sdk-platform-java,v2.44.0,java,,s/sdk-platform-java/sdk-platform-java_ubi_9.3.sh,https://github.com/googleapis/sdk-platform-java.git,,migrated,,
servlet-spec,4.0.1,java,,s/servlet-spec/servlet-spec_ubi_9.3.sh,https://github.com/javaee/servlet-spec.git,,migrated,,
sizeof,v0.4.3,java,,s/sizeof/sizeof_ubi_9.3.sh,https://github.com/ehcache/sizeof,,migrated,,
slf4j,v_2.0.16,java,,s/slf4j/slf4j_ubi_9.3.sh,https://github.com/qos-ch/slf4j,,migrated,,
slf4j,${1:v_1.7.26},java,,s/slf4j/SLF4J_ubi_8.5.sh,https://github.com/qos-ch/slf4j.git,,migrated,,
slf4j-api,2.0.16,java,,s/slf4j-api/slf4j-api_v_2.0.16_ubi_9.5.sh,https://github.com/qos-ch/${PACKAGE_NAME}.git,,migrated,,
slf4j-api,1.7.26,java,,s/slf4j-api/slf4j_api_rhel_7.6.sh,https://github.com/qos-ch/slf4j,,migrated,,
snakeyaml,master,java,,s/snakeyaml/snakeyaml_ubi_9_3.sh,https://github.com/snakeyaml/snakeyaml,,migrated,,
snakeyaml,master,java,,s/snakeyaml/snakeyaml_ubi_8_5.sh,https://github.com/snakeyaml/snakeyaml,,migrated,,
snakeyaml,1.26,java,,s/snakeyaml/snakeyaml_rhel_7.6.sh,https://bitbucket.org/asomov/snakeyaml,,migrated,,
spatial4j,v0.8,java,,s/spatial4j/spatial4j_ubi_9.3.sh,https://github.com/locationtech/spatial4j.git,,migrated,,
spatial4j,0.7,java,,s/spatial4j/spatial4j_rhel_7.6.sh,https://github.com/locationtech/spatial4j,,migrated,,
spring-boot,v4.0.0,java,,s/spring-boot/springboot_ubi_9.3.sh,https://github.com/spring-projects/spring-boot,,migrated,,
spring-boot,v3.0.2,java,,s/spring-boot/springboot_ubi_8.5.sh,https://github.com/spring-projects/spring-boot,,migrated,,
spring-boot,v2.5.0,java,,s/spring-boot/springboot_ubi.sh,https://github.com/spring-projects/spring-boot,,migrated,,
spring-framework,v6.0.19,java,,s/spring-framework/spring-framework_ubi_9.3.sh,https://github.com/spring-projects/spring-framework.git,,migrated,,
spring-framework,v5.3.13,java,,s/spring-framework/spring_ubi_8.3.sh,https://github.com/spring-projects/spring-framework.git,,migrated,,
spring-hateoas,2.3.0,java,,s/spring-hateoas/spring-hateoas_ubi_9.3.sh,https://github.com/spring-projects/spring-hateoas.git,,migrated,,
spring-plugin,3.0.0,java,,s/spring-plugin/spring-plugin_ubi_9.3.sh,https://github.com/spring-projects/spring-plugin.git,,migrated,,
spring-security,6.3.1,java,,s/spring-security/spring-security_ubi_9.3.sh,https://github.com/spring-projects/spring-security.git,,migrated,,
spring-security,5.1.3.RELEASE,java,,s/spring-security/spring-security_ubi_8.3.sh,https://github.com/spring-projects/spring-security.git,,migrated,,
springdoc-openapi,v2.6.0,java,,s/springdoc-openapi/springdoc-openapi_ubi_9_3.sh,https://github.com/springdoc/springdoc-openapi,,migrated,,
statistics,v2.1.3,java,,s/statistics/statistics_ubi_9.3.sh,https://github.com/Terracotta-OSS/statistics,,migrated,,
stringtemplate4,4.3.3,java,,s/stringtemplate4/stringtemplate4_ubi_9.3.sh,https://github.com/antlr/stringtemplate4.git,,migrated,,
stringtemplate4,4.3.1,java,,s/stringtemplate4/stringtemplate4_ubuntu_16.04.sh,https://github.com/antlr/stringtemplate4,,migrated,,
swagger-codegen,v3.0.64,java,,s/swagger-codegen/swagger-codegen_v3.0.64_ubi_9.5.sh,https://github.com/swagger-api/swagger-codegen,,migrated,,
swagger-core,v2.2.24,java,,s/swagger-core/swagger-core_ubi_9.3.sh,https://github.com/swagger-api/swagger-core,,migrated,,
swagger-core,v1.6.2,java,,s/swagger-core/swagger-core_v1_6_2_ubi_9.3.sh,https://github.com/swagger-api/swagger-core,,migrated,,
swagger-core,v2.2.25,java,,s/swagger-core/swagger-core_v_2.2.25_ubi_9.5.sh,https://github.com/swagger-api/swagger-core.git,,migrated,,
swagger-core,v2.2.16,java,,s/swagger-core/swagger-core_ubi_8.7.sh,https://github.com/swagger-api/swagger-core,,migrated,,
swagger-core,1.5.15,java,,s/swagger-core/swagger-core_rhel_7.3.sh,https://github.com/swagger-api/swagger-core,,migrated,,
swagger-core,1.5.15,java,,s/swagger-core/swagger-core_ubuntu_16.04.sh,https://github.com/swagger-api/swagger-core,,migrated,,
swagger-core,"1.5.20, 2.1.1",java,,s/swagger-core/swagger_core_rhel_7.6.sh,https://github.com/swagger-api/swagger-core,,migrated,,
swagger-models,v1.6.14,java,,s/swagger-models/swagger_models_v1.6.14_ubi_9.3.sh,https://github.com/swagger-api/swagger-core.git,,migrated,,
swagger-models,"1.5.20, 2.1.1",java,,s/swagger-models/swagger_models_rhel_7.6.sh,https://github.com/swagger-api/swagger-core,,migrated,,
swagger-parser,v1.0.71,java,,s/swagger-parser/swagger-parser_v1.0.71_ubi_9.3.sh,https://github.com/swagger-api/${PACKAGE_NAME}.git,,migrated,,
swagger-parser,v2.1.22,java,,s/swagger-parser/swagger-parser_v2.1.22_ubi_9.5.sh,https://github.com/swagger-api/${PACKAGE_NAME}.git,,migrated,,
swagger-parser,v2.1.24,java,,s/swagger-parser/swagger-parser_v2.1.24_ubi_9.3.sh,https://github.com/swagger-api/${PACKAGE_NAME}.git,,migrated,,
swagger-parser,v2.0.28,java,,s/swagger-parser/swagger-parser_ubi8.4.sh,https://github.com/swagger-api/swagger-parser.git,,migrated,,
terracotta-platform,v5.10.22,java,,t/terracotta-platform/terracotta-platform_ubi_9.3.sh,https://github.com/Terracotta-OSS/terracotta-platform.git,,migrated,,
threetenbp,v1.7.0,java,,t/threetenbp/threetenbp_ubi_9.3.sh,https://github.com/ThreeTen/threetenbp.git,,migrated,,
tiger-types,tiger-types-2.2,java,,t/tiger-types/tiger-types_ubi_9.3.sh,https://github.com/kohsuke/tiger-types.git,,migrated,,
tinylog,2.7.0,java,,t/tinylog/tinylog_ubi_9.3.sh,https://github.com/tinylog-org/tinylog.git,,migrated,,
titanium-json-ld,v1.4.1,java,,t/titanium-json-ld/titanium-json-ld_ubi_9.3.sh,https://github.com/filip26/titanium-json-ld,,migrated,,
transactions,2.0.1,java,,t/transactions/transactions_ubi_9.3.sh,https://github.com/jakartaee/transactions.git,,migrated,,
undertow,2.3.18.Final,java,,u/undertow/undertow_ubi_9.3.sh,https://github.com/undertow-io/undertow.git,,migrated,,
undertow,2.0.11,java,,u/undertow/undertow_ubuntu_18.04.sh,https://github.com/undertow-io/undertow.git,,migrated,,
validation,3.0.2,java,,v/validation/validation_ubi_9.3.sh,https://github.com/jakartaee/validation.git,,migrated,,
validation,1.1.0.Final,java,,v/validation/validation_v1.1.0.Final_ubi_9.3.sh,https://github.com/jakartaee/validation.git,,migrated,,
waffle,waffle-3.5.0,java,,w/waffle/waffle_ubi_9_3.sh,https://github.com/Waffle/waffle.git,,migrated,,
wala-start,815835d,java,,w/wala-start/wala-start_ubi_9.3.sh,https://github.com/wala/WALA-start.git,,migrated,,
websocket-java,2.2.0-RELEASE,java,,w/websocket-java/websocket-java_ubi_9.3.sh,https://github.com/jakartaee/websocket.git,,migrated,,
wildfly,32.0.0.Final,java,,w/wildfly/wildfly_ubi_9.3.sh,https://github.com/wildfly/wildfly,,migrated,,
wildfly,27.0.0.Alpha5,java,,w/wildfly/wildfly_ubi_8.5.sh,https://github.com/wildfly/wildfly.git,,migrated,,
wildfly,24.0.0.Final,java,,w/wildfly/wildfly_ubi_8.3.sh,https://github.com/wildfly/wildfly,,migrated,,
wildfly-client-config,1.0.1.Final,java,,w/wildfly-client-config/wildfly-client-config_ubi_9.3.sh,https://github.com/wildfly/wildfly-client-config,,migrated,,
wildfly-common,1.5.4.Final,java,,w/wildfly-common/wildfly-common_ubi_9.3.sh,https://github.com/wildfly/wildfly-common,,migrated,,
woodstox,woodstox-core-7.0.0,java,,w/woodstox/woodstox_ubi_9.3.sh,https://github.com/FasterXML/woodstox.git,,migrated,,
xnio,3.8.15.Final,java,,x/xnio/xnio_ubi_9.3.sh,https://github.com/xnio/xnio,,migrated,,
xnio,3.6.3,java,,x/xnio/xnio_ubuntu_18.04.sh,https://github.com/xnio/xnio.git,,migrated,,
xz-java,v1.6,java,,x/xz-java/xz-java_ubi_9.3.sh,https://github.com/tukaani-project/xz-java,,migrated,,
xz-java,v1.10,java,,x/xz-java/xz-java_v1_10_ubi_9.3.sh,https://github.com/tukaani-project/xz-java,,migrated,,
zipkin,3.3.0,java,,z/zipkin/zipkin_ubi_9_3.sh,https://github.com/openzipkin/zipkin,,migrated,,
zipkin,2.20.0,java,,z/zipkin/zipkin_ubi_8.5.sh,https://github.com/openzipkin/zipkin,,migrated,,
zipkin,2.24.2,java,,z/zipkin/zipkin_ubi_8_7.sh,https://github.com/openzipkin/zipkin,,migrated,,
zipkin,,java,,z/zipkin/Dockerfiles/2.24.2_ubi_8_7/pre-requisite.sh,https://github.com/openzipkin/docker-alpine.git,,migrated,,
zjsonpatch,0.4.16,java,,z/zjsonpatch/zjsonpatch_ubi_9.3.sh,https://github.com/flipkart-incubator/zjsonpatch,,migrated,,
zjsonpatch,"0.4.4, 0.4.10",java,,z/zjsonpatch/zjsonpatch_rhel_7.6.sh,https://github.com/flipkart-incubator/zjsonpatch,,migrated,,
zookeeper,release-3.9.2,java,,z/zookeeper/zookeeper_ubi_9.3.sh,https://github.com/apache/zookeeper,,migrated,,
zookeeper,3.6.2,java,,z/zookeeper/zookeeper_UBI_8_3.sh,https://github.com/apache/zookeeper.git,,migrated,,
zookeeper,3.5.5,java,,z/zookeeper/zookeeper_rhel_7.6.sh,https://github.com/apache/zookeeper.git,,migrated,,
accessors-smart,2.4.5,java,,a/accessors-smart/accessors-smart_ubi_8.3.sh,https://github.com/netplex/json-smart-v2.git,,migrated,,
activation,JAF-1_2_0,java,,a/activation/activation_ubi_9.3.sh,https://github.com/javaee/activation,,migrated,,
activation,JAF-1_2_0,java,,a/activation/activation_rhel7.6.sh,https://github.com/javaee/activation,,migrated,,
aho-corasick,v0.6.2,java,,a/aho-corasick/aho-corasick_ubi_9.3.sh,https://github.com/robert-bor/aho-corasick.git,,migrated,,
airline,0.6,java,,a/airline/airline_ubi_8.3.sh,https://github.com/airlift/airline.git,,migrated,,
airline,0.9,java,,a/airline/airline_rhel7.6.sh,https://github.com/airlift/airline,,migrated,,
alfresco-sdk,alfresco-sdk-aggregator-4.5.0,java,,a/alfresco-sdk/alfresco-sdk_ubi_8_5.sh,https://github.com/Alfresco/alfresco-sdk,,migrated,,
annotations,13.0,java,,a/annotations/annotations_13.0_ubi8.4.sh,https://repo1.maven.org/maven2/org/jetbrains/annotations,,migrated,,
annotations,4.1.1.4,java,,a/annotations/annotations_rhel_8.3.sh,https://github.com/stephenc/findbugs-annotations,,migrated,,
ant,rel/1.10.15,java,,a/ant/ant_ubi_9.3.sh,https://github.com/apache/ant.git,,migrated,,
antisamy,v1.6.4,java,,a/antisamy/antisamy_ubi_8.5.sh,https://github.com/nahsra/antisamy.git,,migrated,,
aopalliance-repackaged,v2.6.1,java,,a/aopalliance-repackaged/aopalliance_repackaged_ubi_8.5.sh,https://repo1.maven.org/maven2/org/glassfish/hk2/external/aopalliance-repackaged/2.6.1/aopalliance-repackaged-2.6.1-sources.jar,,migrated,,
aopalliance-repackaged,1.0.0,java,,a/aopalliance-repackaged/2.4.0-b32_ubuntu_18.04.sh,https://github.com/Appdynamics/OSS,,migrated,,
apache-avro,release-1.11.3,java,,a/apache-avro/avro_ubi_9_3.sh,https://github.com/apache/avro,,migrated,,
apache-avro,release-1.11.1,java,,a/apache-avro/avro_ubi_8_5.sh,https://github.com/apache/avro,,migrated,,
apache-beam,v2.56.0,java,,a/apache-beam/apache-beam_ubi_9.3.sh,https://github.com/apache/beam,,migrated,,
apache-beam,v2.51.0,java,,a/apache-beam/apache-beam_ubi_8.7.sh,https://github.com/apache/beam,,migrated,,
apache-directory-ldap-api,${1:-,java,,a/apache-directory-ldap-api/directory-ldap-api_ubi_8.5.sh,https://github.com/apache/directory-ldap-api,,migrated,,
apache-directory-ldap-api,2.1.0,java,,a/apache-directory-ldap-api/directory-ldap-api_ubi_8.3.sh,https://github.com/apache/directory-ldap-api.git,,migrated,,
apache-directory-ldap-api,0.9.19,java,,a/apache-directory-ldap-api/directory-ldap-api_ubuntu_20.04.sh,https://github.com/apache/directory-ldap-api,,migrated,,
apache-ds,2.0.0.AM26,java,,a/apache-ds/apacheds_2.0.0.AM26_master_ubi_8.3.sh,https://github.com/apache/directory-server.git,,migrated,,
apache-flink,release-1.17.1,java,,a/apache-flink/apache-flink_ubi_8.5.sh,https://github.com/apache/flink.git,,migrated,,
apache-flink,release-1.8.3,java,,a/apache-flink/apache-flink_1.8.3_rhel_7.6.sh,https://github.com/apache/flink,,migrated,,
apache-httpd,v2.4.41,java,,a/apache-httpd/apache-connectors/mod_proxy-connector_ubi_8.sh,https://github.com/allenai/allennlp,,migrated,,
apache-jena,jena-4.7.0,java,,a/apache-jena/jena_ubi_8_5.sh,https://github.com/apache/jena,,migrated,,
apache-jena,4.1.0,java,,a/apache-jena/Apache Jena_ubi_8.3.sh,https://github.com/apache/jena,,migrated,,
apache-lucene,${1:-,java,,a/apache-lucene/lucene_ubi_8.5.sh,https://github.com/apache/lucene.git,,migrated,,
apache-solr,releases/solr/9.2.0,java,,a/apache-solr/apache-solr_ubi_8.7.sh,https://github.com/apache/solr,,migrated,,
apache-solr,releases/solr/9.6.1,java,,a/apache-solr/apache-solr_ubi_9.3.sh,https://github.com/apache/solr,,migrated,,
apache-solr,releases/solr/9.2.0,java,,a/apache-solr/solr_ubi_8.7.sh,https://github.com/apache/solr,,migrated,,
apicurio-registry,2.1.0.Final,java,,a/apicurio-registry/apicurio-registry_ubi_8.4.sh,https://github.com/Apicurio/apicurio-registry,,migrated,,
apicurio-registry,2.4.1.Final,java,,a/apicurio-registry/apicurio-registry_ubi_8_5.sh,https://github.com/Apicurio/apicurio-registry,,migrated,,
apicurio-registry,1.3.2.Final,java,,a/apicurio-registry/apicurio-registry_rhel8.sh,https://github.com/apicurio/apicurio-registry,,migrated,,
arrow-java,apache-arrow-15.0.1,java,,a/arrow-java/arrow-java-ubi_9.3.sh,https://github.com/apache/arrow.git,,migrated,,
arrow-java,apache-arrow-17.0.0,java,,a/arrow-java/arrow-java-v17-ubi_9.3.sh,https://github.com/apache/arrow.git,,migrated,,
async-http-client,async-http-client-project-2.5.3,java,,a/async-http-client/async-http-client-netty-utils_ubi_8.5.sh,https://github.com/AsyncHttpClient/async-http-client,,migrated,,
atlas-client,branch-2.0,java,,a/atlas-client/atlas-client_ubi_8.5.sh,https://github.com/apache/atlas,,migrated,,
atlas-common,branch-2.0,java,,a/atlas-common/atlas-common_ubi_8.5.sh,https://github.com/apache/atlas,,migrated,,
atlas-intg,branch-2.0,java,,a/atlas-intg/atlas-intg_ubi_8.5.sh,https://github.com/apache/atlas,,migrated,,
atlas-notification,branch-2.0,java,,a/atlas-notification/atlas-notification_ubi_8.5.sh,https://github.com/apache/atlas,,migrated,,
atlas-plugin-classloader,branch-2.0,java,,a/atlas-plugin-classloader/atlas-plugin-classloader_ubi_8.5.sh,https://github.com/apache/atlas,,migrated,,
avalon-framework-api,4.3.1,java,,a/avalon-framework-api/avalon-framework-api_4.3.1_ubi_8.4.sh,https://repo1.maven.org/maven2/org/apache/avalon/framework/avalon-framework-api,,migrated,,
avalon-framework-api,4.3.1,java,,a/avalon-framework-api/avalon-framework-api_v4.3.1_ubuntu_18.04.sh,https://repo1.maven.org/maven2/org/apache/avalon/framework/avalon-framework-api,,migrated,,
avalon-framework-impl,4.3.1,java,,a/avalon-framework-impl/avalon-framework-impl_4.3.1_ubi8.4.sh,https://repo1.maven.org/maven2/org/apache/avalon/framework/avalon-framework-impl,,migrated,,
avalon-framework-impl,4.3.1,java,,a/avalon-framework-impl/avalon-framework-impl_v4.3.1_ubuntu_18.04.sh,https://repo1.maven.org/maven2/org/apache/avalon/framework/avalon-framework-impl,,migrated,,
backrest,v1.0,java,,b/backrest/backrest_ubi_8.5.sh,https://github.com/MITLibraries/backrest,,migrated,,
bcprov-jdk15on,r1rv73,java,,b/bcprov-jdk15on/bcprov-jdk15on_ubi_8.7.sh,https://github.com/bcgit/bc-java.git,,migrated,,
bootstrap-datepicker,v1.9.0,java,,b/bootstrap-datepicker/Bootstrap-datetimepicker_v1.9.0_ubuntu_18.04.sh,https://github.com/uxsolutions/bootstrap-datepicker,,migrated,,
calcite-avatica,$1,java,,c/calcite-avatica/calcite-avatica_ubi_8.sh,https://github.com/apache/calcite-avatica,,migrated,,
caniuse,60390c9,java,,c/caniuse/caniuse-db_v1.0.3_ubuntu_18.04.sh,https://github.com/Fyrd/caniuse.git,,migrated,,
cdi,2.0.2,java,,c/cdi/cdi-v2_ubi_9.3.sh,https://github.com/jakartaee/cdi.git,,migrated,,
cdi,4.1.0,java,,c/cdi/cdi_ubi_9.3.sh,https://github.com/jakartaee/cdi.git,,migrated,,
client-java,parent-0.9.0,java,,c/client-java/client-java_ubi_8.3.sh,https://github.com/prometheus/client_java.git,,migrated,,
client-java,0.5.0,java,,c/client-java/client-java_ubuntu_18.04.sh,https://github.com/prometheus/client_java,,migrated,,
commons-dbcp2,2.5.0,java,,c/commons-dbcp2/commons-dbcp2_2.5.0_ubi.sh,https://github.com/apache/commons-dbcp,,migrated,,
commons-dbcp2,2_0_1,java,,c/commons-dbcp2/commons-dbcp2_ubi_8.5.sh,https://github.com/apache/commons-dbcp.git,,migrated,,
commons-digester,DIGESTER_2_1,java,,c/commons-digester/common-digester_ubi8.4.sh,https://github.com/apache/commons-digester.git,,migrated,,
commons-digester,"1.8.1, 3.2",java,,c/commons-digester/commons-digester_rhel_7.6.sh,https://github.com/apache/commons-digester,,migrated,,
commons-fileupload,1.4,java,,c/commons-fileupload/commons-fileupload_ubi_8.4.sh,https://github.com/apache/commons-fileupload.git,,migrated,,
commons-fileupload,commons-fileupload-1.4,java,,c/commons-fileupload/commons-fileupload_ubi_8.3.sh,https://github.com/apache/commons-fileupload.git,,migrated,,
commons-lang,3.17.0,java,,c/commons-lang/commons-lang_v3.17.0_ubi_9.5.sh,https://github.com/apache/commons-lang.git,,migrated,,
commons-lang,"3.8, 3.9",java,,c/commons-lang/commons-lang_rhel_7.6.sh,https://github.com/apache/commons-lang,,migrated,,
commons-lang,LANG_3_7,java,,c/commons-lang/commons-lang_ubi_8.4.sh,https://github.com/apache/commons-lang.git,,migrated,,
commons-math3,MATH_3_6_1,java,,c/commons-math3/commons-math3_ubi8.4.sh,https://github.com/apache/commons-math.git,,migrated,,
commons-math3,MATH_3_6_1,java,,c/commons-math3/commons-math3_rhel_7.4.sh,https://github.com/apache/commons-math.git,,migrated,,
commons-math3,3.6.1,java,,c/commons-math3/commons_math3_rhel_7.6.sh,http://gitbox.apache.org/repos/asf/commons-math,,migrated,,
commons-modeler,2.0.1,java,,c/commons-modeler/Commons-Modeler_2.0.1_ubi_8.3.sh,https://repo1.maven.org/maven2/commons-modeler/commons-modeler,,migrated,,
cron-util,8.1.1,java,,c/cron-util/cron-util_ubi8.4.sh,https://github.com/jmrozanec/cron-utils.git,,migrated,,
directory-server,2.0.0.AM26,java,,d/directory-server/directory-server_v2.0.0.AM26_ubuntu_18.04.sh,https://github.com/apache/directory-server.git,,migrated,,
directory-server,2.0.0-M24,java,,d/directory-server/directory-server_rhel_7.4.sh,https://github.com/apache/directory-server,,migrated,,
directory-server,2.0.0-M24,java,,d/directory-server/directory-server_ubuntu_16.04.sh,https://github.com/apache/directory-server,,migrated,,
disruptor,f8d4db46f69e0da19739cbecb973a27498382984,java,,d/disruptor/com.lmax.disruptor_ubi_8.4.sh,https://github.com/LMAX-Exchange/disruptor,,migrated,,
disruptor,3.4.4,java,,d/disruptor/com.lmax.disruptor_ubi_8.3.sh,https://github.com/LMAX-Exchange/disruptor,,migrated,,
elasticsearch,7.17.14,java,,e/elasticsearch/elasticsearch_v7.17.14_ubi_9.3.sh,https://github.com/elastic/elasticsearch.git,,migrated,,
elasticsearch,7.17.28,java,,e/elasticsearch/elasticsearch_v7.17.28_ubi_9.6.sh,https://github.com/elastic/elasticsearch.git,,migrated,,
elasticsearch,${SCRIPT_PACKAGE_VERSION},java,,e/elasticsearch/elasticsearch_v8.18.6_ubi_9.6.sh,https://github.com/elastic/elasticsearch.git,,migrated,,
elasticsearch,5.5.3,java,,e/elasticsearch/elasticsearch_5.5.3_rhel_7.4.sh,https://github.com/elastic/elasticsearch.git,,migrated,,
elasticsearch,5.6.3,java,,e/elasticsearch/elasticsearch_5.6.3_rhel_7.4.sh,https://github.com/elastic/elasticsearch.git,,migrated,,
elasticsearch,6.5.4,java,,e/elasticsearch/elasticsearch_6.5.4_rhel_7.6.sh,https://github.com/elastic/elasticsearch.git,,migrated,,
elasticsearch,6.5.4,java,,e/elasticsearch/elasticsearch_6.5.4_ubuntu_18.04.sh,https://github.com/elastic/elasticsearch.git,,migrated,,
elasticsearch,6.7.2,java,,e/elasticsearch/elasticsearch_6.7.2_rhel_7.6.sh,https://github.com/elastic/elasticsearch.git,,migrated,,
elasticsearch,7.2.1,java,,e/elasticsearch/elasticsearch_7.2.1_rhel_7.6.sh,https://github.com/elastic/elasticsearch.git,,migrated,,
elasticsearch,7.4,java,,e/elasticsearch/elasticsearch_7.4_rhel_7.6.sh,https://github.com/elastic/elasticsearch.git,,migrated,,
elasticsearch,7.6.0,java,,e/elasticsearch/elasticsearch_7.6.0_rhel_7.6.sh,https://github.com/elastic/elasticsearch.git,,migrated,,
elasticsearch,7.8.0,java,,e/elasticsearch/elasticsearch_7.8.0_rhel_7.6.sh,https://github.com/elastic/elasticsearch.git,,migrated,,
elasticsearch,7.8.1,java,,e/elasticsearch/elasticsearch_7.8.1_rhel_8.3.sh,https://github.com/elastic/elasticsearch.git,,migrated,,
elasticsearch,7.9.1,java,,e/elasticsearch/elasticsearch_7.9.1_rhel_7.6.sh,https://github.com/elastic/elasticsearch.git,,migrated,,
elasticsearch,v7.11.2,java,,e/elasticsearch/elasticsearch_v7.11.2_ubi_8.5.sh,https://github.com/elastic/elasticsearch.git,,migrated,,
elasticsearch,v7.12.0,java,,e/elasticsearch/elasticsearch_v7.12.0_ubi_8.5.sh,https://github.com/elastic/elasticsearch.git,,migrated,,
elasticsearch,7.13.0,java,,e/elasticsearch/elasticsearch_v7.13.0_ubi_8.5.sh,https://github.com/elastic/elasticsearch.git,,migrated,,
elasticsearch,7.16.3,java,,e/elasticsearch/elasticsearch_v7.16.3_ubi_8.5.sh,https://github.com/elastic/elasticsearch.git,,migrated,,
elasticsearch,7.17.10,java,,e/elasticsearch/elasticsearch_v7.17.10_ubi_8.5.sh,https://github.com/elastic/elasticsearch.git,,migrated,,
elasticsearch,7.17.2,java,,e/elasticsearch/elasticsearch_v7.17.2_ubi_8.5.sh,https://github.com/elastic/elasticsearch.git,,migrated,,
elasticsearch,8.1.0,java,,e/elasticsearch/elasticsearch_v8.1.0_ubi_8.5.sh,https://github.com/elastic/elasticsearch.git,,migrated,,
elasticsearch,8.1.1,java,,e/elasticsearch/elasticsearch_v8.1.1_ubi_8.5.sh,https://github.com/elastic/elasticsearch.git,,migrated,,
elasticsearch,8.2.1,java,,e/elasticsearch/elasticsearch_v8.2.1_ubi_8.5.sh,https://github.com/elastic/elasticsearch.git,,migrated,,
elasticsearch,8.3.2,java,,e/elasticsearch/elasticsearch_v8.3.2_ubi_8.5.sh,https://github.com/elastic/elasticsearch.git,,migrated,,
esapi-java-legacy,2.2.3.1,java,,e/esapi-java-legacy/esapi-java-legacy_ubi_8.5.sh,https://github.com/ESAPI/esapi-java-legacy,,migrated,,
gethostname4j,v0.0.2,java,,g/gethostname4j/gethostname4j_ubi_8.5.sh,https://github.com/mattsheppard/gethostname4j,,migrated,,
google-api-client-jackson2,1.27.0,java,,g/google-api-client-jackson2/google-api-client-jackson2_ubi8.4.sh,https://github.com/googleapis/google-api-java-client.git,,migrated,,
google-api-client-java6,v1.27.0,java,,g/google-api-client-java6/google-api-client-java6_ubi_8.5.sh,https://github.com/googleapis/google-api-java-client.git,,migrated,,
google-oauth-client-java6,v1.27.0,java,,g/google-oauth-client-java6/google-oauth-client-java6_ubi_8.5.sh,https://github.com/googleapis/google-oauth-java-client,,migrated,,
grails-xss-sanitizer,master,java,,g/grails-xss-sanitizer/grails-xss-sanitizer_ubi_8.5.sh,https://github.com/rpalcolea/grails-xss-sanitizer,,migrated,,
guava,${1:v31.0.1},java,,g/guava/guava_ubi_8.3.sh,https://github.com/google/guava.git,,migrated,,
guava,25.1,java,,g/guava/guava_ubuntu_18.04.sh,https://github.com/google/guava,,migrated,,
hadoop-connectors,master,java,,h/hadoop-connectors/gcsio_ubi_8.5.sh,https://github.com/GoogleCloudDataproc/hadoop-connectors,,migrated,,
hadoop-thirdparty,release-1.3.0-RC1,java,,h/hadoop-thirdparty/hadoop-thirdparty_ubi_9.3.sh,https://github.com/apache/hadoop-thirdparty.git,,migrated,,
hamcrest-all,1.3,java,,h/hamcrest-all/hamcrest-all_1.3_ubi_8.4.sh,https://repo1.maven.org/maven2/org/hamcrest/hamcrest-all,,migrated,,
hibernate-orm,6.4.10,java,,h/hibernate-orm/hibernate-orm_ubi_9.3.sh,https://github.com/hibernate/hibernate-orm,,migrated,,
httpasyncclient,4.1.4,java,,h/httpasyncclient/httpasyncclient_ubi_9.3.sh,https://github.com/apache/httpasyncclient.git,,migrated,,
httpasyncclient,4.1.4,java,,h/httpasyncclient/httpasyncclient_rhel_8.3.sh,https://github.com/apache/httpasyncclient,,migrated,,
httpmime,rel/v4.1.2,java,,h/httpmime/httpmime_ubi_8.5.sh,https://github.com/apache/httpcomponents-client.git,,migrated,,
influxdb,,java,,i/influxdb/Dockerfiles/latest_ubi_8/scripts/init-influxdb.sh,,,migrated,,
jackson-dataformat-csv,jackson-dataformats-text-2.11.0,java,,j/jackson-dataformat-csv/jackson-dataformat-csv__2.11.0_ubi_8.sh,https://github.com/FasterXML/jackson-dataformats-text.git,,migrated,,
jackson-dataformat-csv,jackson-dataformats-text-2.10.5,java,,j/jackson-dataformat-csv/jackson-dataformat-csv_ubi8_3.sh,https://github.com/FasterXML/jackson-dataformats-text.git,,migrated,,
jackson-module-parameter-names,jackson-modules-java8-2.13.0,java,,j/jackson-module-parameter-names/jackson-module-parameter-names-ubi_8.3.sh,https://github.com/FasterXML/jackson-modules-java8.git,,migrated,,
jackson-modules-java8,jackson-modules-java8-2.14.1,java,,j/jackson-modules-java8/jackson_module_java8_ubi_8_5.sh,https://github.com/FasterXML/jackson-modules-java8,,migrated,,
jakarta.persistence-api,3.1-3.1.0-RC1-RELEASE,java,,j/jakarta.persistence-api/jakarta.persistence-api-ubi_8.3.sh,https://github.com/eclipse-ee4j/jpa-api.git,,migrated,,
jakarta.transaction-api,2.0.0,java,,j/jakarta.transaction-api/jakarta.transaction-api-ubi_8.3.sh,https://github.com/eclipse-ee4j/jta-api.git,,migrated,,
jakartaee-javax.servlet-api,${1:-,java,,j/jakartaee-javax.servlet-api/jakartaee-javax.servlet-api_ubi_8.7.sh,https://github.com/jakartaee/servlet,,migrated,,
jamm,6a0a13f,java,,j/jamm/jamm-master-ubi8.4.sh,https://github.com/jbellis/jamm.git,,migrated,,
java-annotations,24.1.0,java,,j/java-annotations/java-annotations-ubi_9.3.sh,https://github.com/JetBrains/java-annotations,,migrated,,
java-jwt,4.4.0,java,,j/java-jwt/java-jwt_ubi_8.7.sh,https://github.com/auth0/java-jwt.git,,migrated,,
java-jwt,3.10.1,java,,j/java-jwt/java_jwt_rhel_7.6.sh,https://github.com/auth0/java-jwt,,migrated,,
java-tracerresolver,0.1.8,java,,j/java-tracerresolver/opentracing-tracerresolver_ubi_8.5.sh,https://github.com/opentracing-contrib/java-tracerresolver,,migrated,,
javaewah,JavaEWAH-1.2.3,java,,j/javaewah/javaewah_ubi_8_5.sh,https://github.com/lemire/javaewah,,migrated,,
javaparser-core,javaparser-parent-3.23.1,java,,j/javaparser-core/javaparser-core_ubi_8.3.sh,https://github.com/javaparser/javaparser.git,,migrated,,
javassist,rel_3_29_2_ga,java,,j/javassist/javassist_ubi_8.5.sh,https://github.com/jboss-javassist/javassist,,migrated,,
javassist,rel_3_30_2_ga,java,,j/javassist/javassist_ubi_9.3.sh,https://github.com/jboss-javassist/javassist,,migrated,,
javassist,3.21.0-GA,java,,j/javassist/javassist_rhel_7.6.sh,https://github.com/jboss-javassist/javassist,,migrated,,
javax.annotation-api,1.3,java,,j/javax.annotation-api/javax.annotation-api_ubi_9.3.sh,https://github.com/javaee/javax.annotation.git,,migrated,,
javax.annotation-api,1.2,java,,j/javax.annotation-api/javax.annotation-api_rhel_7.6.sh,https://github.com/javaee/javax.annotation,,migrated,,
javax.mail,JAVAMAIL-1_4_7,java,,j/javax.mail/javax.mail_v1.4.7_ubi_8.3.sh,https://github.com/javaee/javamail.git,,migrated,,
jcabi-aspects,0.23.2,java,,j/jcabi-aspects/jcabi-aspects_ubi_8.3.sh,https://github.com/jcabi/jcabi-aspects.git,,migrated,,
jffi,jffi-1.3.10,java,,j/jffi/jffi_ubi_8.5.sh,https://github.com/jnr/jffi,,migrated,,
jffi,1.2.16,java,,j/jffi/jffi_rhel_7.6.sh,https://github.com/jnr/jffi,,migrated,,
jgrapht,jgrapht-1.5.1,java,,j/jgrapht/jgrapht_ubi_8_7.sh,https://github.com/jgrapht/jgrapht,,migrated,,
jgrapht,jgrapht-1.5.2,java,,j/jgrapht/jgrapht_ubi_9_3.sh,https://github.com/jgrapht/jgrapht,,migrated,,
jgrapht,1.1.0,java,,j/jgrapht/jgrapht_rhel_7.4.sh,https://github.com/jgrapht/jgrapht,,migrated,,
jjwt,f6d0679,java,,j/jjwt/jjwt_ubi_8.5.sh,https://github.com/jwtk/jjwt,,migrated,,
jnr-constants,jnr-constants-0.10.4,java,,j/jnr-constants/jnr-constants_ubi_8.5.sh,https://github.com/jnr/jnr-constants,,migrated,,
jnr-constants,"0.9.9, 0.9.15",java,,j/jnr-constants/jnr-constants_rhel_7.6.sh,https://github.com/jnr/jnr-constants,,migrated,,
jnr-ffi,jnr-ffi-2.2.13,java,,j/jnr-ffi/jnr-ffi_ubi_8_5.sh,https://github.com/jnr/jnr-ffi,,migrated,,
jnr-ffi,2.1.13,java,,j/jnr-ffi/jnr-ffi_rhel_7.6.sh,https://github.com/jnr/jnr-ffi,,migrated,,
jnr-posix,jnr-posix-3.1.16,java,,j/jnr-posix/jnr-posix_ubi_8.7.sh,https://github.com/jnr/jnr-posix.git,,migrated,,
jnr-posix,jnr-posix-3.1.19,java,,j/jnr-posix/jnr-posix_ubi_9.3.sh,https://github.com/jnr/jnr-posix.git,,migrated,,
joda-convert,v2.2.3,java,,j/joda-convert/joda-convert_ubi_8.7.sh,https://github.com/JodaOrg/joda-convert,,migrated,,
jpmml-model,1.6.4,java,,j/jpmml-model/jpmml-model_ubi_8.7.sh,https://github.com/jpmml/jpmml-model,,migrated,,
jpmml-model,1.3.9,java,,j/jpmml-model/jpmml_model_rhel_7.3.sh,https://github.com/jpmml/jpmml-model,,migrated,,
jpmml-model,1.3.9,java,,j/jpmml-model/jpmml_model_ubuntu_16.04.sh,https://github.com/jpmml/jpmml-model,,migrated,,
json4s,3.6,java,,j/json4s/json4s_rhel_7.3.sh,https://github.com/json4s/json4s,,migrated,,
json4s,3.6,java,,j/json4s/json4s_ubuntu_16.04.sh,https://github.com/json4s/json4s,,migrated,,
jsonp,1.1.4-RELEASE,java,,j/jsonp/jsonp_ubi_9.3.sh,https://github.com/javaee/jsonp.git,,migrated,,
jsr305,3.0.2,java,,j/jsr305/jsr305_3.0.2_ubuntu_18.04.sh,https://repo1.maven.org/maven2/com/google/code/findbugs/jsr305/3.0.2/jsr305-3.0.2-sources.jar,,migrated,,
jsr305,3.0.2,java,,j/jsr305/jsr305_3.0.2_ubi_8.3.sh,,,migrated,,
kafka-clients,3.0.0,java,,k/kafka-clients/kafka-clients_v3.0.0_ubuntu_18.04.sh.sh,https://github.com/apache/kafka,,migrated,,
kafka-clients,3.0.0,java,,k/kafka-clients/kafka-clients_3.0.0_ubi_8.3.sh,https://github.com/apache/kafka,,migrated,,
kubernetes-client,v5.0.2,java,,k/kubernetes-client/kubernetes-model/kubernetes-model_ubi_8.4.sh,https://github.com/fabric8io/kubernetes-client.git,,migrated,,
kubernetes-client,v5.0.2,java,,k/kubernetes-client/kubernetes-model-common/kubernetes-model-common_ubi_8.4.sh,https://github.com/fabric8io/kubernetes-client.git,,migrated,,
kubernetes-client,v5.0.2,java,,k/kubernetes-client/openshift-client/openshift-client_ubi_8.4.sh,https://github.com/fabric8io/kubernetes-client.git,,migrated,,
kubernetes-client-java-api,client-java-parent-8.0.0,java,,k/kubernetes-client-java-api/kubernetes-client-java-api_ubi_8.5.sh,https://github.com/kubernetes-client/java.git,,migrated,,
kubernetes-client-java-proto,client-java-parent-8.0.0,java,,k/kubernetes-client-java-proto/kubernetes-client-java-proto_ubi_8.5.sh,https://github.com/kubernetes-client/java.git,,migrated,,
liquibase-core,v3.10.3,java,,l/liquibase-core/liquibase-core_ubi8.4.sh,https://github.com/liquibase/liquibase.git,,migrated,,
liquibase-hibernate5,3.10.1,java,,l/liquibase-hibernate5/liquibase-hibernate5_ubi_8.4.sh,https://github.com/liquibase/liquibase-hibernate.git,,migrated,,
logstash,v8.11.3,java,,l/logstash/logstash_8.11.3_ubi_8.9.sh,https://github.com/elastic/logstash,,migrated,,
logstash,5.6.3,java,,l/logstash/logstash_5.6.3_ubuntu_16.04.sh,https://github.com/elastic/logstash.git,,migrated,,
logstash,6.5.4,java,,l/logstash/logstash_6.5.4_rhel_7.6.sh,https://github.com/elastic/logstash.git,,migrated,,
logstash,6.5.4,java,,l/logstash/logstash_6.5.4_ubuntu_18.04.sh,https://github.com/elastic/logstash.git,,migrated,,
logstash,7.11.0,java,,l/logstash/logstash_7.11.0_rhel_7.9.sh,https://github.com/elastic/logstash.git,,migrated,,
logstash,7.11.2,java,,l/logstash/logstash_7.11.2_centos_7.sh,https://github.com/elastic/logstash.git,,migrated,,
logstash,6.7.2,java,,l/logstash/logstash_6.7.2_rhel_7.6.sh,https://github.com/elastic/logstash.git,,migrated,,
logstash,7.6.0,java,,l/logstash/logstash_7.6.0_rhel_7.6.sh,https://github.com/elastic/logstash.git,,migrated,,
MongoDB-driver-core,r3.9.0,java,,m/MongoDB-driver-core/mongo-java-driver-core_3.9.0_UBI_8.5.sh,https://github.com/mongodb/mongo-java-driver.git,,migrated,,
MongoDB-driver-core,r3.9.0,java,,m/MongoDB-driver-core/mongodb-driver-core_3.9.0_ubuntu_18.04.sh,https://github.com/mongodb/mongo-java-driver.git,,migrated,,
MongoDB-driver-core,r4.2.2,java,,m/MongoDB-driver-core/mongodb-driver-core_4.1.2_4.2.2_ubuntu_18.04.sh,https://github.com/mongodb/mongo-java-driver.git,,migrated,,
MongoDB-driver-core,3.8.1/ 4.1.2,java,,m/MongoDB-driver-core/MongoDB-driver-core_UBI_8.0.sh,https://github.com/mongodb/mongo-java-driver.git,,migrated,,
MongoDB-driver-legacy,r4.2.2,java,,m/MongoDB-driver-legacy/mongodb-driver-legacy_4.1.2_4.2.2_ubuntu_18.04.sh,https://github.com/mongodb/mongo-java-driver.git,,migrated,,
MongoDB-driver-legacy,3.8.1/ 4.1.2,java,,m/MongoDB-driver-legacy/MongoDB-driver-legacy_UBI_8.0.sh,https://github.com/mongodb/mongo-java-driver.git,,migrated,,
MongoDB-driver-sync,3.9.0,java,,m/MongoDB-driver-sync/mongodb-driver-sync_3.9.0_3.9.1_ubuntu_18.04.sh,https://github.com/mongodb/mongo-java-driver.git,,migrated,,
MongoDB-driver-sync,4.1.2,java,,m/MongoDB-driver-sync/mongodb-driver-sync_4.1.2_4.2.2_ubuntu_18.04.sh,https://github.com/mongodb/mongo-java-driver.git,,migrated,,
MongoDB_driver_sync,r3.9.0,java,,"m/MongoDB_driver_sync/MongoDB-driver-sync(3.9.0, 3.9.1)_UBI_8.5.sh",https://github.com/mongodb/mongo-java-driver.git,,migrated,,
MongoDB_driver_sync,r4.1.2,java,,"m/MongoDB_driver_sync/MongoDB-driver-sync(4.1.2, 4.2.2)_UBI_8.5.sh",https://github.com/mongodb/mongo-java-driver.git,,migrated,,
Morphia,r2.2.3,java,,m/Morphia/morphia_2.2.3_ubi_8.4.sh,https://github.com/MorphiaOrg/morphia.git,,migrated,,
Morphia-Core,r2.2.3,java,,m/Morphia-Core/morphia_2.2.3_ubuntu_18.04.sh,https://github.com/MorphiaOrg/morphia.git,,migrated,,
Morphia-Core,1.6.1,java,,m/Morphia-Core/Morphia-Core_UBI_8.0.sh,https://github.com/MorphiaOrg/morphia.git,,migrated,,
mariadb-connector-j,3.4.1,java,,m/mariadb-connector-j/mariadb-connector-j_ubi_9.3.sh,https://github.com/mariadb-corporation/mariadb-connector-j,,migrated,,
maven-artifact,trunk (Default),java,,m/maven-artifact/maven-artifact_ubi_9.3.sh,https://github.com/apache/maven-artifact.git,,migrated,,
narayana-spring-boot,release-2.6.0,java,,n/narayana-spring-boot/narayana-spring-boot_ubi_8.7.sh,https://github.com/snowdrop/narayana-spring-boot,,migrated,,
narayana-spring-boot,release-2.6.0,java,,n/narayana-spring-boot/narayana-spring-boot_ubi_8.3.sh,https://github.com/snowdrop/narayana-spring-boot.git,,migrated,,
nekohtml,1.9.22,java,,n/nekohtml/nekohtml_ubi_8.5.sh,https://github.com/codelibs/nekohtml,,migrated,,
netty,netty-4.1.109.Final,java,,n/netty/netty-4.1.109.Final_ubi_9.3.sh,https://github.com/netty/netty,,migrated,,
netty,netty-4.1.114.Final,java,,n/netty/netty-4.1.114.Final_ubi_9.3.sh,https://github.com/netty/netty,,migrated,,
netty,netty-4.1.92.Final,java,,n/netty/netty-4.1.92.Final_ubi_8.7.sh,https://github.com/netty/netty,,migrated,,
netty,netty-4.1.94.Final,java,,n/netty/netty-4.1.94.Final_ubi_8.7.sh,https://github.com/netty/netty,,migrated,,
netty,netty-4.1.84.Final,java,,n/netty/netty-4.1.84.Final_ubi_8.5.sh,https://github.com/netty/netty.git,,migrated,,
netty,4.1.43.Final-SNAPSHOT,java,,n/netty/netty_build_ppc64le_rhel7.6.sh,https://github.com/netty/netty,,migrated,,
netty-tcnative,$1,java,,n/netty-tcnative/netty-tcnative_ubi_9.3.sh,https://github.com/netty/netty-tcnative.git,,migrated,,
netty-tcnative,2.0.9,java,,n/netty-tcnative/netty-tcnative_ubuntu_16.04.sh,https://github.com/netty/netty-tcnative.git,,migrated,,
node-jwks-rsa,v3.0.1,java,,n/node-jwks-rsa/node-jwks-rsa_ubi_8.5.sh,https://github.com/auth0/node-jwks-rsa.git,,migrated,,
oauth,20100527,java,,o/oauth/oauth_20100527_ubi_8.3.sh,https://repo1.maven.org/maven2/net/oauth/core/oauth,,migrated,,
oauth,20100527,java,,o/oauth/oauth_20100527_ubuntu_18.04.sh,https://repo1.maven.org/maven2/net/oauth/core/oauth,,migrated,,
opensearch,${SCRIPT_PACKAGE_VERSION},java,,o/opensearch/opensearch-project-OpenSearch_3.2.0_ubi9.6.sh,https://github.com/opensearch-project/OpenSearch.git,,migrated,,
opensearch-jvector,${SCRIPT_PACKAGE_VERSION},java,,o/opensearch-jvector/opensearch-jvector_3.0.0.4_ubi_9.6.sh,https://github.com/opensearch-project/opensearch-jvector.git,,migrated,,
opensearch-project-alerting,2.19.2.0,java,,o/opensearch-project-alerting/opensearch-project-alerting_2.19.2.0_ubi_9.3.sh,https://github.com/opensearch-project/alerting,,migrated,,
opensearch-project-alerting,2.7.0.0,java,,o/opensearch-project-alerting/opensearch-project-alerting_ubi_8.7.sh,https://github.com/opensearch-project/alerting,,migrated,,
opensearch-project-alerting,2.15.0.0,java,,o/opensearch-project-alerting/opensearch-project-alerting_ubi_9.3.sh,https://github.com/opensearch-project/alerting,,migrated,,
opensearch-project-anomaly-detection,2.19.2.0,java,,o/opensearch-project-anomaly-detection/opensearch-project-anomaly-detection_2.19.2.0_ubi_9.3.sh,https://github.com/opensearch-project/anomaly-detection,,migrated,,
opensearch-project-anomaly-detection,2.15.0.0,java,,o/opensearch-project-anomaly-detection/opensearch-project-anomaly-detection_ubi_9.3.sh,https://github.com/opensearch-project/anomaly-detection,,migrated,,
opensearch-project-anomaly-detection,2.10.0.0,java,,o/opensearch-project-anomaly-detection/opensearch-project-anomaly-detection_ubi_8.7.sh,https://github.com/opensearch-project/anomaly-detection,,migrated,,
opensearch-project-asynchronous-search,2.19.2.0,java,,o/opensearch-project-asynchronous-search/opensearch-project-asynchronous-search_2.19.2.0_ubi_9.3.sh,https://github.com/opensearch-project/asynchronous-search,,migrated,,
opensearch-project-cross-cluster-replication,2.19.2.0,java,,o/opensearch-project-cross-cluster-replication/opensearch-project-cross-cluster-replication_2.19.2.0_ubi_9.3.sh,https://github.com/opensearch-project/cross-cluster-replication,,migrated,,
opensearch-project-cross-cluster-replication,2.15.0.0,java,,o/opensearch-project-cross-cluster-replication/opensearch-project-cross-cluster-replication_ubi_9.3.sh,https://github.com/opensearch-project/cross-cluster-replication,,migrated,,
opensearch-project-custom-codecs,2.19.2.0,java,,o/opensearch-project-custom-codecs/opensearch-project-custom-codecs_2.19.2.0_ubi_9.3.sh,https://github.com/opensearch-project/custom-codecs,,migrated,,
opensearch-project-index-management,2.19.2.0,java,,o/opensearch-project-index-management/opensearch-project-index-management_2.19.2.0_ubi_9.3.sh,https://github.com/opensearch-project/index-management,,migrated,,
opensearch-project-index-management,$SCRIPT_PACKAGE_VERSION,java,,o/opensearch-project-index-management/opensearch-project-index-management_3.3.0.0_ubi_9.6.sh,https://github.com/opensearch-project/index-management,,migrated,,
opensearch-project-job-scheduler,2.19.2.0,java,,o/opensearch-project-job-scheduler/opensearch-project-job-scheduler_2.19.2.0_ubi_9.3.sh,https://github.com/opensearch-project/job-scheduler,,migrated,,
opensearch-project-job-scheduler,2.15.0.0,java,,o/opensearch-project-job-scheduler/opensearch-project-job-scheduler_ubi_9.3.sh,https://github.com/opensearch-project/job-scheduler,,migrated,,
opensearch-project-job-scheduler,2.10.0.0,java,,o/opensearch-project-job-scheduler/opensearch-project-job-scheduler_ubi_8.7.sh,https://github.com/opensearch-project/job-scheduler,,migrated,,
opensearch-project-query-insights,2.19.2.0,java,,o/opensearch-project-query-insights/opensearch-project-query-insights_2.19.2.0_ubi_9.3.sh,https://github.com/opensearch-project/query-insights,,migrated,,
opensearch-project-query-insights,$SCRIPT_PACKAGE_VERSION,java,,o/opensearch-project-query-insights/opensearch-project-query-insights_3.3.0.0_ubi_9.6.sh,https://github.com/${PACKAGE_ORG}/${PACKAGE_NAME}.git,,migrated,,
opensearch-project-reporting,2.19.2.0,java,,o/opensearch-project-reporting/opensearch-project-reporting_2.19.2.0_ubi_9.3.sh,https://github.com/opensearch-project/${PACKAGE_NAME},,migrated,,
opensearch-project-reporting,$SCRIPT_PACKAGE_VERSION,java,,o/opensearch-project-reporting/opensearch-project-reporting_3.3.0.0_ubi_9.6.sh,https://github.com/opensearch-project/${PACKAGE_NAME},,migrated,,
opentelemetry-java-contrib,${1:-,java,,o/opentelemetry-java-contrib/opentelemetry-java-contrib_rhel_8.3.sh,https://github.com/open-telemetry/opentelemetry-java-contrib,,migrated,,
opentelemetry-proto-java,"v0.18.0,v0.19.0",java,,o/opentelemetry-proto-java/opentelemetry-proto-java_ubi_8.5.sh,https://github.com/open-telemetry/opentelemetry-proto-java,,migrated,,
parquet-format,apache-parquet-format-2.10.0,java,,p/parquet-format/parquet_format_ubi_8.5.sh,https://github.com/apache/parquet-format.git,,migrated,,
parquet-mr,apache-parquet-1.12.3,java,,p/parquet-mr/parquet_mr_ubi8.5.sh,https://github.com/apache/parquet-mr.git,,migrated,,
picocli,v4.0.4,java,,p/picocli/picocli_ubi_8_5.sh,https://github.com/remkop/picocli.git,,migrated,,
picocli,v4.5.2,java,,p/picocli/picocli_v4.5.2_ubi8_3.sh,https://github.com/remkop/picocli.git,,migrated,,
py4j,0.10.9,java,,p/py4j/py4j_0.10.9_ubi_8.5.sh,https://github.com/py4j/py4j,,migrated,,
py4j,0.10.4,java,,p/py4j/py4j_rhel_7.3.sh,https://github.com/bartdag/py4j.git,,migrated,,
py4j,0.10.4,java,,p/py4j/py4j_ubuntu_16.04.sh,https://github.com/bartdag/py4j.git,,migrated,,
rabbitmq-java-client,v5.17.0,java,,r/rabbitmq-java-client/rabbitmq-java-client_ubi_8_7.sh,https://github.com/rabbitmq/rabbitmq-java-client,,migrated,,
rabbitmq-java-client,v5.22.0,java,,r/rabbitmq-java-client/rabbitmq-java-client_ubi_9.3.sh,https://github.com/rabbitmq/rabbitmq-java-client,,migrated,,
rabbitmq-java-client,5.0,java,,r/rabbitmq-java-client/rabbitmq-java-client_ubuntu_16.04.sh,https://github.com/rabbitmq/rabbitmq-public-umbrella.git,,migrated,,
rdf4j,3.7.4,java,,r/rdf4j/rdf4j_v3.7.4_ubi_9.3.sh,https://github.com/eclipse-rdf4j/rdf4j.git,,migrated,,
rdf4j,3.7.7,java,,r/rdf4j/rdf4j_v3.7.7_ubi_9.3.sh,https://github.com/eclipse-rdf4j/rdf4j.git,,migrated,,
rdf4j,5.1.0,java,,r/rdf4j/rdf4j_ubi_9.3.sh,https://github.com/eclipse-rdf4j/rdf4j.git,,migrated,,
react-draggable,v4.4.3,java,,r/react-draggable/react-draggable_v4.4.4_v4.4.3_ubuntu_18.04.sh,https://github.com/react-grid-layout/react-draggable.git,,migrated,,
resteasy-spring-boot,6.1.0.Final,java,,r/resteasy-spring-boot/resteasy-spring-boot_ubi_8_7.sh,https://github.com/resteasy/resteasy-spring-boot,,migrated,,
resteasy-spring-boot,3.6.4,java,,r/resteasy-spring-boot/resteasy-spring-boot_UBI_8.3.sh,https://github.com/resteasy/resteasy-spring-boot.git,,migrated,,
resteasy-spring-boot,4.2.0.Final-SNAPSHOT,java,,r/resteasy-spring-boot/resteasy-spring-boot_rhel_7.6.sh,https://github.com/resteasy/resteasy-spring-boot,,migrated,,
rocksdb,master,java,,r/rocksdb/rhel7.9/build.sh,https://github.com/facebook/rocksdb,,migrated,,
rocksdb,5.10.4,java,,r/rocksdb/rocksdb_ubuntu_16.04.sh,https://github.com/facebook/rocksdb.git,,migrated,,
s2-jdbc-connector,v1.2.3,java,,s/s2-jdbc-connector/s2-jdbc-connector_ubi_9.3.sh,https://github.com/memsql/S2-JDBC-Connector,,migrated,,
scaffolding,v4.0.0,java,,s/scaffolding/scaffolding_ubi_8.5.sh,https://github.com/grails/scaffolding.git,,migrated,,
scalatest,3.0.3,java,,s/scalatest/scalatest_rhel_7.3.sh,https://github.com/scalatest/scalatest,,migrated,,
scalatest,3.0.3,java,,s/scalatest/scalatest_ubuntu_16.04.sh,https://github.com/scalatest/scalatest,,migrated,,
shiny-server,v1.5.23.1030,java,,s/shiny-server/shiny-server_ubi_9.3.sh,https://github.com/rstudio/shiny-server,,migrated,,
sisu-guice,sisu-guice-4.2.0,java,,s/sisu-guice/sisu-guice_ubi_8.5.sh,https://github.com/sonatype/sisu-guice.git,,migrated,,
sizeof-agent,sizeofag-1.0.4,java,,s/sizeof-agent/sizeof-agent_ubi_8.3.sh,https://github.com/fracpete/sizeofag.git,,migrated,,
snowflake-jdbc,v3.18.0,java,,s/snowflake-jdbc/snowflake-jdbc_ubi_9.3.sh,https://github.com/snowflakedb/snowflake-jdbc,,migrated,,
snowflake-jdbc,"3.12.0, 3.12.3",java,,s/snowflake-jdbc/snowflake-jdbc_rhel_7.6.sh,https://github.com/snowflakedb/snowflake-jdbc,,migrated,,
soap-builder,93e5a7956ed68b6125ab756e9c6cddea266a9dc6,java,,s/soap-builder/soap-builder_ubi_8.4.sh,https://github.com/reficio/soap-ws,,migrated,,
soap-common,1.0.0-SNAPSHOT,java,,s/soap-common/soap-common_ubi_8.4.sh,https://github.com/reficio/soap-ws,,migrated,,
soap-legacy,master,java,,s/soap-legacy/soap-legacy_ubi_8.4.sh,https://github.com/reficio/soap-ws,,migrated,,
spring-data-redis,3.2.4,java,,s/spring-data-redis/spring-data-redis_ubi_9.3.sh,https://github.com/spring-projects/spring-data-redis.git,,migrated,,
spring-retry,v1.3.4,java,,s/spring-retry/spring_retry_ubi_9.3.sh,https://github.com/spring-projects/spring-retry.git,,migrated,,
spring-retry,v2.0.10,java,,s/spring-retry/spring_retry_v2_0_10_ubi_9.3.sh,https://github.com/spring-projects/spring-retry.git,,migrated,,
spring-retry,v2.0.5,java,,s/spring-retry/spring_retry_ubi_8.7.sh,https://github.com/spring-projects/spring-retry.git,,migrated,,
spring-retry,1.2.1.RELEASE,java,,s/spring-retry/spring-retry_rhel_7.3.sh,https://github.com/spring-projects/spring-retry,,migrated,,
spring-retry,1.2.1.RELEASE,java,,s/spring-retry/spring-retry_ubuntu_16.04.sh,https://github.com/spring-projects/spring-retry,,migrated,,
stax2-api,stax2-api-4.2.2,java,,s/stax2-api/stax2-api_ubi_9.3.sh,https://github.com/FasterXML/stax2-api.git,,migrated,,
t-digest,t-digest-3.0,java,,t/t-digest/t-digest_ubi_8.3.sh,https://github.com/tdunning/t-digest.git,,migrated,,
t-digest,3.2,java,,t/t-digest/t-digest_rhel_8.3.sh,https://github.com/tdunning/t-digest,,migrated,,
theeser_tokenizer,1.2.1,java,,t/theeser_tokenizer/theseer_tokenizer_rhel_8.4.sh,https://github.com/theseer/tokenizer,,migrated,,
tomcat-servlet-api,10.1.0-M7,java,,t/tomcat-servlet-api/tomcat-servlet-api_master_10.1.0-M7_ubi_8.3.sh,https://github.com/apache/tomcat.git,,migrated,,
treelayout,v1.0.3,java,,t/treelayout/treelayout_ubi_9.3.sh,https://github.com/abego/treelayout.git,,migrated,,
type-parser,type-parser-0.8.1,java,,t/type-parser/type-parser_ubi_8.5.sh,https://github.com/drapostolos/type-parser.git,,migrated,,
univocity-parsers,v2.9.1,java,,u/univocity-parsers/univocity-parsers_ubi_8_7.sh,https://github.com/univocity/univocity-parsers,,migrated,,
univocity-parsers,2.5.9,java,,u/univocity-parsers/univocity-parsers_rhel_7.4.sh,https://github.com/uniVocity/univocity-parsers,,migrated,,
univocity-parsers,2.5.9,java,,u/univocity-parsers/univocity-parsers_ubuntu_16.04.sh,https://github.com/uniVocity/univocity-parsers,,migrated,,
use-resize-observer,master,java,,u/use-resize-observer/use-resize-observer_master_ubuntu_18.04.sh,https://github.com/ZeeCoder/use-resize-observer.git,,migrated,,
vert.x,4.3.7,java,,v/vert.x/vertx_ubi_8.5.sh,https://github.com/eclipse-vertx/vert.x.git,,migrated,,
vert.x,4.0.0-SNAPSHOT,java,,v/vert.x/eclipse_vert_x_build_ppc64le_rhel7.6.sh,https://github.com/eclipse-vertx/vert.x,,migrated,,
vertx-json-schema,${1:-,java,,v/vertx-json-schema/vertx-json-schema_ubi_8.5.sh,https://github.com/eclipse-vertx/vertx-json-schema,,migrated,,
wazuh,3.8.2,java,,w/wazuh/wazuh_3.8.2_rhel_7.6.sh,https://github.com/wazuh/wazuh.git,,migrated,,
ws-xmlschema,xmlschema-2.2.2,java,,w/ws-xmlschema/ws-xmlschema_ubi_8.5.sh,https://github.com/apache/ws-xmlschema.git,,migrated,,
xalan-j,xalan-j_2_7_2,java,,x/xalan-j/xalan-j_v2.7.2_ubuntu_18.04.sh,https://github.com/apache/xalan-j,,migrated,,
xebia-servlet-extras,xebia-servlet-extras-1.0.8,java,,x/xebia-servlet-extras/xebia-servlet-extras_ubi_8.5.sh,https://github.com/xebia-france/xebia-servlet-extras.git,,migrated,,
xerces2-j,Xerces-J_2_10_0,java,,x/xerces2-j/xerces2-j_2.10.0_ubi_8.4.sh,https://github.com/apache/xerces2-j,,migrated,,
xml-path,rest-assured-3.3.0,java,,x/xml-path/xmlpath_ubi_8_5.sh,https://github.com/rest-assured/rest-assured.git,,migrated,,
xmlbeans,REL_5_0_2,java,,x/xmlbeans/xmlbeans_ubi_8.5.sh,https://github.com/apache/xmlbeans.git,,migrated,,
zaproxy,v2.14.0,java,,z/zaproxy/zaproxy_ubi_8.7.sh,https://github.com/zaproxy/zaproxy.git,,migrated,,
zstd-jni,master,java,,z/zstd-jni/rhel79/build.sh,https://github.com/luben/zstd-jni,,migrated,,
apache-poi,REL_5_2_3,java,,a/apache-poi/apache-poi_ubi_8_7.sh,https://github.com/apache/poi,,migrated,,
api-asn1-api,1.0.0.m20,java,,a/api-asn1-api/api-asn1-api_rhel_8.3.sh,https://github.com/apache/directory-ldap-api,,migrated,,
asm,ASM_9_7,java,,a/asm/asm_ubi_9.3.sh,https://gitlab.ow2.org/asm/asm,,migrated,,
asm,ASM_9_2,java,,a/asm/asm_ubi_8.3.sh,https://gitlab.ow2.org/asm/asm,,migrated,,
cloudant-client,2.19.0,java,,c/cloudant-client/cloudant-client_rhel_8.3.sh,https://github.com/IBM/cloudant-java-sdk,,migrated,,
cloudant-http,2.19.0,java,,c/cloudant-http/cloudant-http_rhel_8.3.sh,https://github.com/IBM/cloudant-java-sdk,,migrated,,
cryptacular,v1.2.6,java,,c/cryptacular/cryptacular_ubi_8.7.sh,https://github.com/vt-middleware/cryptacular.git,,migrated,,
cryptacular,,java,,c/cryptacular/conda.recipe/build.sh,,,migrated,,
cryptacular,1.2.1,java,,c/cryptacular/cryptacular_rhel_7.3.sh,https://github.com/vt-middleware/cryptacular,,migrated,,
cryptacular,1.2.1,java,,c/cryptacular/cryptacular_ubuntu_16.04.sh,https://github.com/vt-middleware/cryptacular,,migrated,,
eigenbase-properties,1.1.5,java,,e/eigenbase-properties/eigenbase-properties_rhel_8.3.sh,https://github.com/julianhyde/eigenbase-properties,,migrated,,
findbugs-annotations,3.0.1,java,,f/findbugs-annotations/findbugs-annotations_rhel_8.3.sh,https://github.com/stephenc/findbugs-annotations,,migrated,,
findbugs-annotations,master,java,,f/findbugs-annotations/findbugs-annotations_ubuntu_20.04.sh,https://github.com/stephenc/findbugs-annotations,,migrated,,
flyway-commandline,6.2.4,java,,f/flyway-commandline/flyway-commandline_rhel_8.3.sh,https://github.com/flyway/flyway,,migrated,,
flyway-core,7.7.2,java,,f/flyway-core/flyway-core_rhel_8.3.sh,https://github.com/flyway/flyway,,migrated,,
Generex,1.0.1,java,,g/Generex/generex_rhel_8.3.sh,https://github.com/mifmif/Generex,,migrated,,
Generex,1.0.2,java,,g/Generex/Generex.sh,https://github.com/mifmif/Generex,,migrated,,
geronimo-annotation_1.1_spec,1,java,,g/geronimo-annotation_1.1_spec/geronimo-annotation_1.1_spec_rhel_8.3.sh,https://github.com/apache/geronimo-specs,,migrated,,
geronimo-jaxrs_1.1_spec,1,java,,g/geronimo-jaxrs_1.1_spec/geronimo-jaxrs_1.1_spec_rhel_8.3.sh,https://github.com/apache/geronimo-specs,,migrated,,
javax.inject,2.4.0.b34,java,,j/javax.inject/javax.inject_rhel_8.3.sh,https://github.com/javax-inject/javax-inject,,migrated,,
javax.inject-1,1,java,,j/javax.inject-1/javax.inject-1_rhel_8.3.sh,https://github.com/javax-inject/javax-inject,,migrated,,
jboss-transaction-api_1.2_spec,1.1.1,java,,j/jboss-transaction-api_1.2_spec/jboss-transaction-api_1.2_spec_rhel_8.3.sh,https://github.com/jboss/jboss-transaction-api_spec,,migrated,,
json-sanitizer,1.2.1,java,,j/json-sanitizer/json-sanitizer_rhel_8.3.sh,https://github.com/OWASP/json-sanitizer,,migrated,,
json-smart,2.5.1,java,,j/json-smart/json-smart_ubi_9_3.sh,https://github.com/netplex/json-smart-v2,,migrated,,
json-smart,2.2,java,,j/json-smart/json-smart_rhel_7.3.sh,https://github.com/netplex/json-smart-v2,,migrated,,
json-smart,2.2,java,,j/json-smart/json-smart_ubuntu_16.04.sh,https://github.com/netplex/json-smart-v2,,migrated,,
junit4,r4.13.2,java,,j/junit4/junit4_ubi_9.3.sh,https://github.com/junit-team/junit4.git,,migrated,,
jwt-utils,0.2.5,java,,j/jwt-utils/jwt-utils_rhel_8.3.sh,https://github.com/auth0/java-jwt,,migrated,,
logstash-logback-encoder,logstash-logback-encoder-7.4,java,,l/logstash-logback-encoder/logstash-logback-encoder_ubi_9_3.sh,https://github.com/logfellow/logstash-logback-encoder,,migrated,,
logstash-logback-encoder,4.9,java,,l/logstash-logback-encoder/logstash-logback-encoder_rhel_7.3.sh,https://github.com/logstash/logstash-logback-encoder,,migrated,,
opensearch-project-flow-framework,2.19.2.0,java,,o/opensearch-project-flow-framework/opensearch-project-flow-framework_ubi_9.3.sh,https://github.com/${PACKAGE_ORG}/${PACKAGE_NAME}.git,,migrated,,
opensearch-project-k-nn,2.19.2.0,java,,o/opensearch-project-k-nn/opensearch-project-k-NN_2.19.2.0_ubi_9.3.sh,https://github.com/opensearch-project/${PACKAGE_NAME}.git,,migrated,,
opensearch-project-k-nn,${SCRIPT_PACKAGE_VERSION},java,,o/opensearch-project-k-nn/opensearch-project-k-NN_3.3.0.0_ubi_9.6.sh,https://github.com/opensearch-project/${PACKAGE_NAME}.git,,migrated,,
opensearch-project-ml-commons,2.19.2.0,java,,o/opensearch-project-ml-commons/ml-commons_2.19.2.0_ubi9.5.sh,https://github.com/${PACKAGE_ORG}/${PACKAGE_NAME}.git,,migrated,,
opensearch-project-ml-commons,$SCRIPT_PACKAGE_VERSION,java,,o/opensearch-project-ml-commons/ml-commons_3.3.0.0_ubi9.6.sh,https://github.com/${PACKAGE_ORG}/${PACKAGE_NAME}.git,,migrated,,
opensearch-project-neural-search,2.19.2.0,java,,o/opensearch-project-neural-search/neural-search_2.19.2.0_ubi9.5.sh,https://github.com/${PACKAGE_ORG}/${PACKAGE_NAME}.git,,migrated,,
opensearch-project-neural-search,$SCRIPT_PACKAGE_VERSION,java,,o/opensearch-project-neural-search/neural-search_3.3.0.0_ubi9.6.sh,https://github.com/${PACKAGE_ORG}/${PACKAGE_NAME}.git,,migrated,,
opensearch-project-skills,2.19.2.0,java,,o/opensearch-project-skills/opensearch-project-skills_2.19.2.0_ubi_9.3.sh,https://github.com/${PACKAGE_ORG}/${PACKAGE_NAME}.git,,migrated,,
org.aspectj,V1_9_20_1,java,,o/org.aspectj/aspectj_ubi_9.3.sh,https://github.com/eclipse/org.aspectj,,migrated,,
org.aspectj,V1_9_7,java,,o/org.aspectj/AspectJweaver_ubi_8.3.sh,https://github.com/eclipse/org.aspectj,,migrated,,
rocksdbjni,5.1.4,java,,r/rocksdbjni/rocksdbjni_rhel_8.3.sh,https://github.com/fusesource/rocksdbjni,,migrated,,
rstudio,v2024.09.0+375,java,,r/rstudio/rstudio_server_ubi_9.3.sh,https://github.com/rstudio/rstudio.git,,migrated,,
rstudio,1.1.447,java,,r/rstudio/rstudio_ubuntu_16.04.sh,https://github.com/rstudio/rstudio,,migrated,,
scala-logging,3.5.0,java,,s/scala-logging/scala-logging_rhel_7.3.sh,https://github.com/typesafehub/scala-logging,,migrated,,
scala-logging,3.5.0,java,,s/scala-logging/scala-logging_ubuntu_16.04.sh,https://github.com/typesafehub/scala-logging,,migrated,,
scheduler,unknown,java,,s/scheduler/scheduler_rhel_8.3.sh,https://github.com/googleapis/java-scheduler,,migrated,,
snappy-java,v1.1.9.1,java,,s/snappy-java/snappy-java_ubi_8.5.sh,https://github.com/xerial/snappy-java.git,,migrated,,
snappy-java,master,java,,s/snappy-java/build.sh,https://github.com/xerial/snappy-java,,migrated,,
snappy-java,1.1.7.3,java,,s/snappy-java/snappy-java_ubi_8.3.sh,https://github.com/xerial/snappy-java.git,,migrated,,
spring-data-commons,3.3.2,java,,s/spring-data-commons/spring-data-commons_ubi_9_3.sh,https://github.com/spring-projects/spring-data-commons,,migrated,,
spring-data-commons,2.6.0-M2,java,,s/spring-data-commons/spring-data-commons_rhel8.sh,https://github.com/spring-projects/spring-data-commons.git,,migrated,,
spring-data-jpa,3.3.2,java,,s/spring-data-jpa/spring-data-jpa_ubi_9_3.sh,https://github.com/spring-projects/spring-data-jpa,,migrated,,
spring-data-jpa,"2.1.12, 2.3.0",java,,s/spring-data-jpa/spring_data_jpa_rhel_7.6.sh,https://github.com/spring-projects/spring-data-jpa,,migrated,,
thrift-java,v0.20.0,java,,t/thrift-java/thrift-java_ubi_9.3.sh,https://github.com/apache/thrift.git,,migrated,,
vertx-micrometer-metrics,3.9.7,java,,v/vertx-micrometer-metrics/vertx-micrometer-metrics_ubi_8.4.sh,https://github.com/vert-x3/vertx-micrometer-metrics,,migrated,,
xmlenc,0.52,java,,x/xmlenc/xmlenc_rhel_8.3.sh,https://github.com/znerd/xmlenc/,,migrated,,
eclipse-che,,java,,e/eclipse-che/che/entrypoint.sh,,,migrated,,
jline,3.14.0,java,,j/jline/jline_rhel_7.6.sh,https://github.com/jline/jline3,,migrated,,
activemq,5.17.1,java,,a/activemq/Dockerfiles/redhat_ubi8/build.sh,https://github.com/apache/activemq,,migrated,,
antlr-runtime,3.5.2,java,,a/antlr-runtime/antlr-runtime-ubuntu_18.04.sh,https://github.com/antlr/antlr3.git,,migrated,,
antlr-runtime,4.2,java,,a/antlr-runtime/antlr4-runtime_ubi_8.3.sh,https://github.com/antlr/antlr4.git,,migrated,,
antlr-runtime,"4.7.2, 4.8",java,,a/antlr-runtime/antlr4_runtime_rhel_7.6.sh,https://github.com/antlr/antlr4,,migrated,,
antlr-runtime,3.5.2,java,,a/antlr-runtime/antlr_runtime_rhel_7.6.sh,https://github.com/antlr/antlr3,,migrated,,
antlr4-annotations,4.2,java,,a/antlr4-annotations/antlr4-annotations_4.2_ubi_8.3.sh,https://github.com/antlr/antlr4.git,,migrated,,
antlr4-annotations,4.9.2,java,,a/antlr4-annotations/antlr4-annotations_ubi_8.3.sh,https://github.com/antlr/antlr4.git,,migrated,,
apache-Jsvc,latest (1.2.3),java,,a/apache-Jsvc/Apache_Jsvc_rhel_7.6.sh,https://github.com/apache/commons-daemon/tree/master/src/native/unix,,migrated,,
apache-calcite,1.19.0,java,,a/apache-calcite/apache-calcite_rhel_7.6.sh,https://github.com/apache/calcite,,migrated,,
apache-hive,3.1.2,java,,a/apache-hive/apache-hive_rhel_7.6.sh,https://github.com/apache/hive.git,,migrated,,
apicurio-registry-common,1.3.0.Final,java,,a/apicurio-registry-common/apicurio-registry-common_ubi8_3.sh,https://github.com/Apicurio/apicurio-registry.git,,migrated,,
appsody-stack,latest (0.9.0),java,,a/appsody-stack/java-spring-boot2/java-spring-boot2_rhel_7.6.sh,https://github.com/appsody/stacks/tree/master/incubator/java-spring-boot2,,migrated,,
aspectJweaver,V1_9_7,java,,a/aspectJweaver/AspectJweaver_ubi_8.3.sh,https://github.com/eclipse/org.aspectj,,migrated,,
aws-sdk-java,1.7.3,java,,a/aws-sdk-java/aws-sdk-java_rhel84.sh,https://github.com/aws/aws-sdk-java,,migrated,,
bcprov-ext-jdk15on,r1rv69,java,,b/bcprov-ext-jdk15on/bcprov-ext-jdk15on_ubi_8.3.sh,https://github.com/bcgit/bc-java,,migrated,,
beanvalidation-api,2.0.2,java,,b/beanvalidation-api/beanvalidation-api_ubuntu_16.04.sh,https://github.com/beanvalidation/beanvalidation-api.git,,migrated,,
bonita,,java,,b/bonita/Dockerfiles/7.4_Debian_jessie/files/functions.sh,,,migrated,,
bucket4j,6.2.0,java,,b/bucket4j/bucket4j-core_ubi_8.3.sh,https://github.com/vladimir-bukhtoyarov/bucket4j,,migrated,,
bucket4j-core,6.2.0,java,,b/bucket4j-core/bucket4j-core_ubi_8.3.sh,https://github.com/vladimir-bukhtoyarov/bucket4j,,migrated,,
builder-annotations,0.40.1,java,,b/builder-annotations/builder_annotations_ubi8_3.sh,https://github.com/sundrio/sundrio.git,,migrated,,
cache-api,"1.0.0, 1.1.0",java,,c/cache-api/cache-api_rhel_7.6.sh,https://github.com/jsr107/jsr107spec,,migrated,,
cassandra-driver-extras,4.12.0,java,,c/cassandra-driver-extras/cassandra_driver_extras_ubi8_3.sh,https://github.com/datastax/java-driver.git,,migrated,,
castor,1.4.0,java,,c/castor/castor_ubuntu_18.04.sh,https://github.com/castor-data-binding/castor,,migrated,,
cglib_nodep,RELEASE_3_3_0,java,,c/cglib_nodep/cglib_nodep_ubi8_3.sh,https://github.com/cglib/cglib.git,,migrated,,
checker-compat-qual,2.5.4,java,,c/checker-compat-qual/checker-compat-qual_ubuntu_18.04.sh,https://github.com/typetools/checker-framework.git,,migrated,,
checker-compat-qual,checker-framework-2.11.1,java,,c/checker-compat-qual/checker-qual_ubi_8.3.sh,https://github.com/typetools/checker-framework.git,,migrated,,
clearNLP,3.2.0,java,,c/clearNLP/clearNLP_rhel_7.2.sh,https://github.com/clir/clearnlp,,migrated,,
clearNLP,3.2.0,java,,c/clearNLP/clearNLP_ubuntu_16.04.sh,https://github.com/clir/clearnlp,,migrated,,
codeready-workspaces,2.0.0.GA,java,,c/codeready-workspaces/codeready_wrkspace_build_ppc64le_rhel7.6.sh.sh,https://github.com/redhat-developer/codeready-workspaces,,migrated,,
codewind,latest (0.9.0),java,,c/codewind/codewind_rhel_7.6.sh,https://github.com/eclipse/codewind,,migrated,,
com.lmax.disruptor,3.4.4,java,,c/com.lmax.disruptor/com.lmax.disruptor_ubi_8.3.sh,https://github.com/LMAX-Exchange/disruptor,,migrated,,
commons-chain,1.2,java,,c/commons-chain/commons-chain_ubi_8.3.sh,https://github.com/apache/commons-chain.git,,migrated,,
commons-crypto,1.1.0,java,,c/commons-crypto/commons-crypto_ubuntu_20.04.sh,https://github.com/apache/commons-crypto,,migrated,,
commons-email,1.5,java,,c/commons-email/commons-email_rhel_7.6.sh,https://github.com/apache/commons-email,,migrated,,
commons-validator,1.6,java,,c/commons-validator/commons-validator_rhel_7.6.sh,https://github.com/apache/commons-validator,,migrated,,
compiler,0.9.6,java,,c/compiler/compiler_rhel_7.6.sh,https://github.com/spullara/mustache.java,,migrated,,
config,"1.3.4, 1.4.0",java,,c/config/config_rhel_7.6.sh,https://github.com/lightbend/config,,migrated,,
corenlp,n/a,java,,c/corenlp/corenlp_rhel_7.3.sh,https://github.com/stanfordnlp/CoreNLP.git,,migrated,,
corenlp,n/a,java,,c/corenlp/corenlp_ubuntu_16.04.sh,https://github.com/stanfordnlp/CoreNLP.git,,migrated,,
cruise-control,master (default),java,,c/cruise-control/redhat_ubi8/build.sh,https://github.com/linkedin/cruise-control,,migrated,,
data-quality,8.0.10,java,,d/data-quality/data-quality_ubuntu_16.04.sh,https://github.com/Talend/data-quality.git,,migrated,,
derby,10.14.1.0,java,,d/derby/derby_rhel_7.4.sh,https://github.com/apache/derby.git,,migrated,,
derby,10.14.1.0,java,,d/derby/derby_ubuntu_16.04.sh,https://github.com/apache/derby.git,,migrated,,
digraph-parser,v1.0,java,,d/digraph-parser/digraph-parser_UBI_8.0.sh,https://github.com/paypal/digraph-parser.git,,migrated,,
docker,,java,,d/docker/Dockerfiles/19.03.13_centos8/dind/dockerd-entrypoint.sh,,,migrated,,
docker,,java,,d/docker/Dockerfiles/19.03.13_centos8/docker-entrypoint.sh,,,migrated,,
dwr,3.0.2,java,,d/dwr/DWR_rhel_7.3.sh,https://svn.directwebremoting.org/dwr/trunk,,migrated,,
dwr,3.0.2,java,,d/dwr/DWR_ubuntu_16.04.sh,https://svn.directwebremoting.org/dwr/trunk,,migrated,,
Encryptor4j,0.1.2 (master),java,,e/Encryptor4j/Encryptor4j_UBI_8.0.sh,https://github.com/martinwithaar/Encryptor4j.git,,migrated,,
eclipse-core,3.6.0,java,,e/eclipse-core/eclipse-core_ubuntu_18.04.sh,https://mvnrepository.com/artifact/org.eclipse.core/org.eclipse.core.commands,,migrated,,
eclipse-datatools,1.0.2,java,,e/eclipse-datatools/eclipse-datatools_ubuntu_18.04.sh,https://mvnrepository.com/artifact/org.eclipse.birt.runtime/org.eclipse.datatools.sqltools.parsers.sql/1.0.2.v201107221520,,migrated,,
eclipse-equinox,3.5.101,java,,e/eclipse-equinox/eclipse-equinox_ubuntu_18.04.sh,https://mvnrepository.com/artifact/org.eclipse.equinox/org.eclipse.equinox.registry/3.5.101,,migrated,,
eclipse-jem,2.0.0,java,,e/eclipse-jem/eclipse-jem_ubuntu_18.04.sh,https://mvnrepository.com/artifact/org.wso2.wsf/org.eclipse.jem/2.0.0,,migrated,,
eclipse-osgi,3.7.1,java,,e/eclipse-osgi/eclipse-osgi_ubuntu_18.04.sh,http://central.maven.org/maven2/org/eclipse/osgi/org.eclipse.osgi/3.7.1/org.eclipse.osgi-3.7.1.jar,,migrated,,
eclipse-runtime,3.6.0,java,,e/eclipse-runtime/eclipse-runtime_ubuntu_18.04.sh,http://repository.mulesoft.org/releases/org/eclipse/eclipse-runtime/3.6.0.v20100505/eclipse-runtime-3.6.0.v20100505.jar,,migrated,,
ejml,0.33,java,,e/ejml/ejml_rhel_7.4.sh,https://github.com/lessthanoptimal/ejml,,migrated,,
encog,3.4,java,,e/encog/encog_rhel_7.3.sh,https://github.com/encog,,migrated,,
encog,3.4,java,,e/encog/encog_ubuntu_16.04.sh,https://github.com/encog,,migrated,,
FastInfoset,1.2.15,java,,f/FastInfoset/FastInfoset_rhel_7.6.sh,https://github.com/javaee/metro-fi.git,,migrated,,
failsafe,"1.1.0, 2.3.3",java,,f/failsafe/failsafe_rhel_7.6.sh,https://github.com/jhalterman/failsafe,,migrated,,
findbugs-jsr305,3.0.2,java,,f/findbugs-jsr305/findbugs-jsr305_ubuntu_16.04.sh,http://central.maven.org/maven2/com/google/code/findbugs/jsr305/3.0.2/jsr305-3.0.2-sources.jar,,migrated,,
flowable-engine-all-modules-generic,6.6.0,java,,f/flowable-engine-all-modules-generic/flowable-engine_module_ubuntu_18.04.sh,https://github.com/flowable/flowable-engine,,migrated,,
flowable-entitylink-service,6.6.0,java,,f/flowable-entitylink-service/entitylink-service_ubuntu_18.04.sh,https://github.com/flowable/flowable-engine/tree/master/modules/flowable-entitylink-service,,migrated,,
flowable-event-registry,6.6.0,java,,f/flowable-event-registry/flowable-event-registry_ubuntu_18.04.sh,https://github.com/flowable/flowable-engine/tree/master/modules/flowable-event-registry,,migrated,,
fluent-hc-4.1.x,,java,,f/fluent-hc-4.1.x/fluent-hc-4.1.x_ubuntu_16.04.sh,https://github.com/rholder/fluent-hc-4.1.x.git,,migrated,,
fst,2.56,java,,f/fst/fst_rhel_7.6.sh,https://github.com/RuedigerMoeller/fast-serialization,,migrated,,
geronimo-specs,1.0,java,,g/geronimo-specs/geronimo-specs-registry_rhel8.sh,https://github.com/apache/geronimo-specs.git,,migrated,,
gmetric4j,"1.0.3, 1.0.10",java,,g/gmetric4j/gmetric4j_rhel_7.6.sh,https://github.com/ganglia/gmetric4j,,migrated,,
gnu-trove,3.0.3,java,,g/gnu-trove/gnu-trove_rhel_7.4.sh,https://bitbucket.org/trove4j/trove/downloads/trove-3.1a1.tar.gz,,migrated,,
google-api-services-storage,4eede80f0be5b7352f5a1698be5be8d2a1da4ca1,java,,g/google-api-services-storage/google-api-services-storage_ubi_8.5.sh,https://github.com/googleapis/google-api-java-client-services,,migrated,,
gradle-wrapper,v4.10.3/ v5.6.0,java,,g/gradle-wrapper/gradle-wrapper_UBI_8.4.sh,https://github.com/gradle/gradle.git,,migrated,,
graylog2-server,20204a7979569aef116a1bdf30f4b9df6c52bc4d,java,,g/graylog2-server/graylog_master_rhel_8.3.sh,https://github.com/Graylog2/graylog2-server.git,,migrated,,
grpc-core,1.28.1,java,,g/grpc-core/grpc-core.sh,https://github.com/grpc/grpc-java,,migrated,,
grpc-core,1.28.1,java,,g/grpc-core/grpc-core_rhel_7.6.sh,https://github.com/grpc/grpc-java,,migrated,,
grpc-core,1.28.1,java,,g/grpc-core/grpc-core_ubi8_minimal.sh,https://github.com/grpc/grpc-java,,migrated,,
gson-fire,1.8.3,java,,g/gson-fire/gson_fire_rhel_7.6.sh,https://github.com/julman99/gson-fire,,migrated,,
hadoop-mapreduce-client-core,2.6.0 (commit #5f39827),java,,h/hadoop-mapreduce-client-core/hadoop-mapreduce-client-core_rhel_7.6.sh,https://github.com/hdfs-mapreduce/hadoop-mapreduce-client,,migrated,,
hawtjni,1.17-SNAPSHOT,java,,h/hawtjni/hawtjni_build_ppc64le_rhel7.6.sh,https://github.com/fusesource/hawtjni,,migrated,,
hibernate-core,6.0.0Alpha5,java,,h/hibernate-core/hibernate-core_rhel8.sh,https://github.com/hibernate/hibernate-orm.git,,migrated,,
hibernate-tool,6.0.0.Alpha5,java,,h/hibernate-tool/hibernate-tool_rhel8.sh,https://github.com/hibernate/hibernate-tools.git,,migrated,,
hive-jdbc,3.1.0,java,,h/hive-jdbc/hive-jdbc_ubuntu_18.04.sh,http://central.maven.org/maven2/org/apache/hive/hive-jdbc/3.1.0/hive-jdbc-3.1.0-sources.jar,,migrated,,
hk2-api,"2.5.0-b32, 2.5.0-b62",java,,h/hk2-api/hk2-api_rhel_7.6.sh,https://github.com/javaee/hk2,,migrated,,
hk2-locator,"2.5.0-b32, 2.5.0-b62",java,,h/hk2-locator/hk2-locator_rhel_7.6.sh,https://github.com/javaee/hk2,,migrated,,
hk2-utils,"2.5.0-b32, 2.5.0-b62",java,,h/hk2-utils/hk2-utils_rhel_7.6.sh,https://github.com/javaee/hk2,,migrated,,
hystrix,1.5.10,java,,h/hystrix/hystrix_rhel_7.3.sh,https://github.com/Netflix/Hystrix.git,,migrated,,
hystrix,1.5.10,java,,h/hystrix/hystrix_ubuntu_16.04.sh,https://github.com/Netflix/Hystrix.git,,migrated,,
ibm-cos-sdk-java,2.10.0,java,,i/ibm-cos-sdk-java/ibm-cos-sdk-java_ubuntu_20.04.sh,https://github.com/IBM/ibm-cos-sdk-java,,migrated,,
icu4j,60.2,java,,i/icu4j/icu4j_rhel_7.3.sh,http://source.icu-project.org/repos/icu/tags/release-60-2/icu4j,,migrated,,
icu4j,60.2,java,,i/icu4j/icu4j_ubuntu_16.04.sh,http://source.icu-project.org/repos/icu/tags/release-60-2/icu4j,,migrated,,
instana-agent-operator,v1.0.4,java,,i/instana-agent-operator/instana-agent-operator_rhel8.2.sh,https://github.com/instana/instana-agent-operator.git,,migrated,,
JTransforms,0.1.0,java,,j/JTransforms/JTransforms_ubuntu_16.04.sh,https://github.com/wendykierp/JTransforms,,migrated,,
Jackson-datatype-Guava,2.13,java,,j/Jackson-datatype-Guava/Jackson-datatype-Guava_ubi_8.3.sh,https://github.com/FasterXML/jackson-datatypes-collections,,migrated,,
Jakarta.inject,,java,,j/Jakarta.inject/Jakarta.inject_UBI_8.0.sh,,,migrated,,
Json-Surfer,v1.5.1,java,,j/Json-Surfer/JsonSurfer_ubuntu_20.04.sh,https://github.com/jsurfer/JsonSurfer,,migrated,,
jOOQ,master,java,,j/jOOQ/jOOQ_rhel_7.4.sh,https://github.com/jOOQ/jOOQ,,migrated,,
jOOQ,master,java,,j/jOOQ/jOOQ_ubuntu_16.04.sh,https://github.com/jOOQ/jOOQ,,migrated,,
jackson-dataformat-yaml,2.10.2,java,,j/jackson-dataformat-yaml/jackson-dataformat-yaml_rhel_7.6.sh,https://github.com/FasterXML/jackson-dataformats-text,,migrated,,
jackson-datatype-jdk8,2.9.8,java,,j/jackson-datatype-jdk8/jackson-datatype-jdk8_rhel_7.6.sh,https://github.com/FasterXML/jackson-modules-java8,,migrated,,
jackson-datatype-jsr310,2.10.2,java,,j/jackson-datatype-jsr310/jackson-datatype-jsr310_rhel_7.6.sh,https://github.com/FasterXML/jackson-modules-java8,,migrated,,
jackson-datatype-jsr353,2.9.5,java,,j/jackson-datatype-jsr353/jackson-datatype-jsr353_ubuntu_16.04.sh,https://github.com/FasterXML/jackson-datatype-jsr353,,migrated,,
jackson-jaxrs-base,"2.9.9, 2.10.2",java,,j/jackson-jaxrs-base/jackson-jaxrs-base_rhel_7.6.sh,https://github.com/FasterXML/jackson-jaxrs-providers,,migrated,,
jackson-jaxrs-json-provider,2.10.2,java,,j/jackson-jaxrs-json-provider/jackson-jaxrs-json-provider_rhel_7.6.sh,https://github.com/FasterXML/jackson-jaxrs-providers,,migrated,,
jackson-module-jaxb-annotations,2.10.2,java,,j/jackson-module-jaxb-annotations/jackson-module-jaxb-annotations_rhel_7.6.sh,https://github.com/FasterXML/jackson-modules-base,,migrated,,
jackson-module-paranamer,2.10.2,java,,j/jackson-module-paranamer/jackson-module-paranamer_rhel_7.6.sh,https://github.com/FasterXML/jackson-modules-base,,migrated,,
jackson-xc,1.9.14,java,,j/jackson-xc/jackson-xc_ubuntu_16.04.sh,https://github.com/codehaus/jackson.git,,migrated,,
jacoco,0.7.2-SNAPSHOT,java,,j/jacoco/jacoco_sh.sh,https://github.com/jacoco/jacoco.git,,migrated,,
jacoco-ant,0.7.2-SNAPSHOT,java,,j/jacoco-ant/jacoco_ant.sh,https://github.com/jacoco/jacoco.git,,migrated,,
jacoco-core,0.7.2-SNAPSHOT,java,,j/jacoco-core/jacoco_core_sh.sh,https://github.com/jacoco/jacoco.git,,migrated,,
jacoco-report,0.7.2-SNAPSHOT,java,,j/jacoco-report/jacoco_report.sh,https://github.com/jacoco/jacoco.git,,migrated,,
jacocoagent,v0.7.2,java,,j/jacocoagent/jacocoagent_ubi_8.3.sh,https://github.com/jacoco/jacoco,,migrated,,
jakarta-activation-api,"1.2.1, 1.2.2",java,,j/jakarta-activation-api/jakarta_activation_api_rhel_7.6.sh,https://github.com/eclipse-ee4j/jaf,,migrated,,
jakarta.annotation-api,2.0.0,java,,j/jakarta.annotation-api/jakarta.annotation-api_20.04.sh,https://github.com/eclipse-ee4j/common-annotations-api,,migrated,,
janusgraph-berkeleyje,0.5.1,java,,j/janusgraph-berkeleyje/janusgraph-berkeleyje_rhel_7.6.sh,https://github.com/JanusGraph/janusgraph,,migrated,,
janusgraph-core,0.3.1,java,,j/janusgraph-core/janusgraph-core_rhel_7.6.sh,https://github.com/JanusGraph/janusgraph,,migrated,,
janusgraph-lucene,0.3.1,java,,j/janusgraph-lucene/janusgraph-lucene_rhel_7.6.sh,https://github.com/JanusGraph/janusgraph,,migrated,,
jasypt,1.9.3,java,,j/jasypt/jasypt_ubuntu_18.04.sh,https://svn.code.sf.net/p/jasypt/code/trunk,,migrated,,
java-common-protos,2.3.2,java,,j/java-common-protos/java-common-protos-ubuntu_18.04.sh,https://github.com/googleapis/java-common-protos,,migrated,,
java-statsd-client,v3.1.0,java,,j/java-statsd-client/java-statsd-client_ubi_8.3.sh,https://github.com/tim-group/java-statsd-client.git,,migrated,,
javax-inject,4.0.0,java,,j/javax-inject/javax-inject_ubuntu_20.04.sh,https://github.com/javax-inject/javax-inject,,migrated,,
javax.activation-api,1.2.0,java,,j/javax.activation-api/javax.activation-api_rhel_7.6.sh,https://github.com/javaee/activation,,migrated,,
javax.json,1.1.2,java,,j/javax.json/javax.json_rhel_7.6.sh,https://github.com/javaee/jsonp,,migrated,,
javax.persistence-api,2.2,java,,j/javax.persistence-api/javax.persistence-api_rhel_7.6.sh,https://github.com/javaee/jpa-spec,,migrated,,
javax.servlet-api,4.0.1,java,,j/javax.servlet-api/javax.servlet-api_rhel_7.6.sh,https://github.com/javaee/servlet-spec,,migrated,,
jbcrypt,0.4,java,,j/jbcrypt/jbcrypt_rhel_7.6.sh,https://github.com/jeremyh/jBCrypt,,migrated,,
jbcrypt,0.4,java,,j/jbcrypt/jbcrypt_ubuntu_18.04.sh,https://github.com/jeremyh/jBCrypt,,migrated,,
jboss-transaction-api,1.1.1,java,,j/jboss-transaction-api/jboss-transaction-api_rhel_7.6.sh,https://github.com/jboss/jboss-transaction-api_spec,,migrated,,
jcabi-log,0.14,java,,j/jcabi-log/jcabi-log_rhel_7.6.sh,https://github.com/jcabi/jcabi-log,,migrated,,
jcabi-manifests,1.1,java,,j/jcabi-manifests/jcabi-manifests_rhel_7.6.sh,https://github.com/jcabi/jcabi-manifests,,migrated,,
jcifs,master,java,,j/jcifs/jcifs_ubi8_3.sh,https://github.com/codelibs/jcifs,,migrated,,
jcl-over-slf4j,1.7.21,java,,j/jcl-over-slf4j/jcl_over_slf4j_rhel_7.6.sh,https://github.com/qos-ch/slf4j,,migrated,,
jenkins,,java,,j/jenkins/Dockerfiles/2.135/jenkins.sh,,,migrated,,
jersey-common,"2.25.1, 2.27",java,,j/jersey-common/jersey_common_rhel_7.6.sh,https://github.com/jersey/jersey,,migrated,,
jersey-media-multipart,"2.25.1, 2.27",java,,j/jersey-media-multipart/jersey_media_multipart_rhel_7.6.sh,https://github.com/jersey/jersey,,migrated,,
jetty,jetty-test-helper-5.3,java,,j/jetty/jetty-test-helper_5.3_ubi_8.4.sh,https://github.com/eclipse/jetty.toolchain,,migrated,,
jetty,jetty-11.0.12,java,,j/jetty/jetty_11.0.12_ubi_8.5.sh,https://github.com/eclipse/jetty.project.git,,migrated,,
jetty,jetty-12.0.3,java,,j/jetty/jetty_12.0.3_ubi_8.5.sh,https://github.com/eclipse/jetty.project.git,,migrated,,
jetty,jetty-9.4.48.v20220622,java,,j/jetty/jetty_9.4.48_ubi_8.5.sh,https://github.com/eclipse/jetty.project.git,,migrated,,
jetty,9.4.12,java,,j/jetty/jetty_rhel_7.4.sh,https://github.com/eclipse/jetty.project.git,,migrated,,
jforests,0.5,java,,j/jforests/jforests_rhel_7.3.sh,https://github.com/yasserg/jforests,,migrated,,
jforests,0.5,java,,j/jforests/jforests_ubuntu_16.04.sh,https://github.com/yasserg/jforests,,migrated,,
jmespath-java,1.11.759,java,,j/jmespath-java/jmespath_java_rhel_7.6.sh,https://github.com/aws/aws-sdk-java,,migrated,,
jmx_prometheus_javaagent,parent-0.14.0,java,,j/jmx_prometheus_javaagent/jmx_prometheus_javaagent_ubi8_3.sh,https://github.com/prometheus/jmx_exporter.git,,migrated,,
jmxtrans,jmxtrans-parent-272,java,,j/jmxtrans/jmxtrans_ubi8_3.sh,https://github.com/jmxtrans/jmxtrans.git,,migrated,,
jnr-x86asm,1.0.2,java,,j/jnr-x86asm/jnr_x86asm_rhel_7.6.sh,https://github.com/jnr/jnr-x86asm,,migrated,,
jopt-simple,5.0.2,java,,j/jopt-simple/jopt-simple_rhel_7.6.sh,https://github.com/jopt-simple/jopt-simple,,migrated,,
jpam,1.1,java,,j/jpam/jpam_ubuntu_20.04.sh,https://github.com/gregrluck/jpam,,migrated,,
jpmml_model,1.3.9,java,,j/jpmml_model/jpmml_model_rhel_7.3.sh,https://github.com/jpmml/jpmml-model,,migrated,,
jpmml_model,1.3.9,java,,j/jpmml_model/jpmml_model_ubuntu_16.04.sh,https://github.com/jpmml/jpmml-model,,migrated,,
jregex,1.2_01,java,,j/jregex/jregex_ubuntu_16.04.sh,https://github.com/eropple/jregex.git,,migrated,,
jsap,2.1,java,,j/jsap/jsap_rhel_7.4.sh,https://sourceforge.net/projects/jsap/files/jsap/2.1/,,migrated,,
json-patch,1.12,java,,j/json-patch/json_patch_rhel_7.6.sh,https://github.com/java-json-tools/json-patch,,migrated,,
json-simple,1.1.1,java,,j/json-simple/json-simple_rhel_7.3.sh,https://github.com/fangyidong/json-simple,,migrated,,
json-simple,1.1.1,java,,j/json-simple/json-simple_ubuntu_16.04.sh,https://github.com/fangyidong/json-simple,,migrated,,
jsonschema,2.9.4,java,,j/jsonschema/jsonschema_ubuntu_16.04.sh,https://github.com/FasterXML/jackson-module-jsonSchema,,migrated,,
jsr-305,,java,,j/jsr-305/jsr-305_ubuntu_18.04.sh,https://github.com/amaembo/jsr-305,,migrated,,
jul-to-slf4j,"1.7.30, 2.0.0-alpha1",java,,j/jul-to-slf4j/jul_to_slf4j_rhel_7.6.sh,https://github.com/qos-ch/slf4j,,migrated,,
jung,2.1.1,java,,j/jung/jung_ubuntu_18.04.sh,https://github.com/jrtom/jung,,migrated,,
junit,5.6.1,java,,j/junit/junit_rhel_7.6.sh,https://github.com/junit-team/junit5,,migrated,,
junit-jupiter-api,5.6.1,java,,j/junit-jupiter-api/junit_jupiter_api_rhel_7.6.sh,https://github.com/junit-team/junit5,,migrated,,
jupyter-base-notebook,,java,,j/jupyter-base-notebook/Dockerfiles/v5.7.2/start.sh,,,migrated,,
jwks-rsa,0.1.0,java,,j/jwks-rsa/jwks-rsa_rhel_7.6.sh,https://github.com/auth0/jwks-rsa-java,,migrated,,
kafka-open,2.9,java,,k/kafka-open/kafka-open_ubuntu_18.04.sh,https://github.com/odpi/egeria,,migrated,,
karyon,3.0.1-rc.25,java,,k/karyon/karyon_rhel_7.3.sh,https://github.com/Netflix/karyon,,migrated,,
karyon,3.0.1-rc.25,java,,k/karyon/karyon_ubuntu_16.04.sh,https://github.com/Netflix/karyon,,migrated,,
kazoo,2.8.0,java,,k/kazoo/kazoo_ubi_8.3.sh,https://github.com/python-zk/kazoo.git,,migrated,,
kong,2.1.4(latest),java,,k/kong/BuildScriptForKong.sh,https://github.com/Kong/kong,,migrated,,
LatencyUtils,2.0.3,java,,l/LatencyUtils/LatencyUtils_rhel_7.6.sh,https://github.com/LatencyUtils/LatencyUtils,,migrated,,
lemur-indri,5.9,java,,l/lemur-indri/lemur-indri_rhel_7.3.sh,http://sourceforge.net/projects/lemur,,migrated,,
lemur-indri,5.9,java,,l/lemur-indri/lemur-indri_ubuntu_16.04.sh,http://sourceforge.net/projects/lemur,,migrated,,
log4j,1.2.17,java,,l/log4j/log4j_rhel_7.6.sh,https://github.com/apache/log4j,,migrated,,
log4j-jsonevent-layout,1.7,java,,l/log4j-jsonevent-layout/log4j-jsonevent-layout_rhel_7.3.sh,https://github.com/logstash/log4j-jsonevent-layout,,migrated,,
log4j-jsonevent-layout,1.7,java,,l/log4j-jsonevent-layout/log4j-jsonevent-layout_ubuntu_16.04.sh,https://github.com/logstash/log4j-jsonevent-layout,,migrated,,
log4j-slf4j-impl,log4j-2.13.2,java,,l/log4j-slf4j-impl/log4j-slf4j-impl_ubi8_3.sh,https://github.com/apache/logging-log4j2.git,,migrated,,
logging-interceptor,"2.7.5, 4.4.0",java,,l/logging-interceptor/logging-interceptor_rhel_7.6.sh,https://github.com/ihsanbal/LoggingInterceptor,,migrated,,
lucene-core,9.0,java,,l/lucene-core/lucene-core_20.04.sh,https://github.com/apache/lucene,,migrated,,
lucene-solr,6.5.1,java,,l/lucene-solr/lucene-solr_rhel_7.3.sh,http://git.apache.org/lucene-solr.git,,migrated,,
lucene-solr,6.5.1,java,,l/lucene-solr/lucene-solr_ubuntu_16.04.sh,http://git.apache.org/lucene-solr.git,,migrated,,
mallet,2.0,java,,m/mallet/mallet_rhel_7.3.sh,https://github.com/mimno/Mallet.git,,migrated,,
mallet,2.0,java,,m/mallet/mallet_ubuntu_16.04.sh,https://github.com/mimno/Mallet.git,,migrated,,
management-api-for-apache-cassandra,v0.1.111,java,,m/management-api-for-apache-cassandra/management-api-for-apache-cassandra-v0.1.111-ubuntu22.04.sh,https://github.com/k8ssandra/${PACKAGE_NAME}.git,,migrated,,
management-api-for-apache-cassandra,v0.1.90,java,,m/management-api-for-apache-cassandra/management-api-for-apache-cassandra-v0.1.90-ubuntu22.04.sh,https://github.com/k8ssandra/${PACKAGE_NAME}.git,,migrated,,
mapdb,master,java,,m/mapdb/mapdb_rhel_7.4.sh,https://github.com/jankotek/mapdb,,migrated,,
mapdb,master,java,,m/mapdb/mapdb_ubuntu_16.04.sh,https://github.com/jankotek/mapdb,,migrated,,
mapstruct,1.2.0,java,,m/mapstruct/mapstruct_rhel_7.6.sh,https://github.com/mapstruct/mapstruct,,migrated,,
marathon-client,0.4.10,java,,m/marathon-client/marathon-client_rhel_7.3.sh,https://github.com/willroden/marathon-client,,migrated,,
marathon-client,0.4.10,java,,m/marathon-client/marathon-client_ubuntu_16.04.sh,https://github.com/willroden/marathon-client,,migrated,,
metro-mimepull,1.9.8,java,,m/metro-mimepull/metro-mimepull_ubuntu_16.04.sh,https://github.com/javaee/metro-mimepull,,migrated,,
micrometer-registry-prometheus,1.0.6,java,,m/micrometer-registry-prometheus/micrometer-registry-prometheus_ubuntu_18.04.sh,https://github.com/micrometer-metrics/micrometer,,migrated,,
mimepull,"1.9.6, 1.9.7",java,,m/mimepull/mimepull_rhel_7.6.sh,https://github.com/javaee/metro-mimepull.git,,migrated,,
mina-core,2.0.0-M6,java,,m/mina-core/mina-core_ubi_8.3.sh,https://github.com/apache/mina.git,,migrated,,
mockito-core,v3.4.0,java,,m/mockito-core/mockito-core_ubi_8.3.sh,https://github.com/mockito/mockito.git,,migrated,,
mockito-core,2.28.2,java,,m/mockito-core/mockito_UBI_8.sh,https://github.com/mockito/mockito.git,,migrated,,
mongo-java-driver,3.6.0,java,,m/mongo-java-driver/mongo-java-driver_rhel_7.4.sh,https://github.com/mongodb/mongo-java-driver.git,,migrated,,
mongo-java-driver,3.6.0,java,,m/mongo-java-driver/mongo-java-driver_ubuntu_16.04.sh,https://github.com/mongodb/mongo-java-driver.git,,migrated,,
murmur,murmur-1.0.0,java,,m/murmur/murmur_1.0.0_ubi_8.4.sh,https://github.com/sangupta/murmur/,,migrated,,
mybatis,"3.4.2, 3.5.4",java,,m/mybatis/mybatis_rhel_7.6.sh,https://github.com/mybatis/mybatis-3,,migrated,,
netflix-commons,0.3.0,java,,n/netflix-commons/netflix-commons_rhel_7.3.sh,https://github.com/Netflix/netflix-commons.git,,migrated,,
netflix-commons,0.3.0,java,,n/netflix-commons/netflix-commons_ubuntu_16.04.sh,https://github.com/Netflix/netflix-commons.git,,migrated,,
netflix-eureka,2.0.0-rc.2,java,,n/netflix-eureka/netflix-eureka_rhel_7.3.sh,https://github.com/Netflix/eureka.git,,migrated,,
netflix-eureka,2.0.0-rc.2,java,,n/netflix-eureka/netflix-eureka_ubuntu_16.04.sh,https://github.com/Netflix/eureka.git,,migrated,,
netflix-feign,8.18.0,java,,n/netflix-feign/netflix-feign_rhel_7.3.sh,https://github.com/Netflix/feign.git,,migrated,,
netflix-feign,8.18.0,java,,n/netflix-feign/netflix-feign_ubuntu_16.04.sh,https://github.com/Netflix/feign.git,,migrated,,
netflix-frigga,0.18.0,java,,n/netflix-frigga/netflix-frigga_rhel_7.3.sh,https://github.com/Netflix/frigga.git,,migrated,,
netflix-frigga,0.18.0,java,,n/netflix-frigga/netflix-frigga_ubuntu_16.04.sh,https://github.com/Netflix/frigga.git,,migrated,,
netflix-governator,1.16.0,java,,n/netflix-governator/netflix-governator_rhel_7.3.sh,https://github.com/Netflix/governator.git,,migrated,,
netflix-governator,1.16.0,java,,n/netflix-governator/netflix-governator_ubuntu_16.04.sh,https://github.com/Netflix/governator.git,,migrated,,
netflix-pytheas,1.29.1,java,,n/netflix-pytheas/netflix-pytheas_rhel_7.3.sh,https://github.com/Netflix/pytheas,,migrated,,
netflix-pytheas,1.29.1,java,,n/netflix-pytheas/netflix-pytheas_ubuntu_16.04.sh,https://github.com/Netflix/pytheas,,migrated,,
netflix-ribbon,,java,,n/netflix-ribbon/ribbon_ubuntu_16.04.sh,https://github.com/java-native-access/jna,,migrated,,
netty-all,netty-4.1.58.Final,java,,n/netty-all/netty-all_ubi_8.5.sh,https://github.com/netty/netty.git,,migrated,,
netty-buffer,netty-4.1.48.Final,java,,n/netty-buffer/netty-buffer_v4.1.48_ubi8_3.sh,https://github.com/netty/netty.git,,migrated,,
netty-buffer,netty-4.1.60.Final,java,,n/netty-buffer/netty-buffer_v4.1.60_ubi8_3.sh,https://github.com/netty/netty.git,,migrated,,
netty-codec,4.1.48.Final,java,,n/netty-codec/netty_codec_rhel_7.6.sh,https://github.com/netty/netty,,migrated,,
netty-codec-dns,4.1.48.Final,java,,n/netty-codec-dns/netty_codec_dns_rhel_7.6.sh,https://github.com/netty/netty,,migrated,,
netty-codec-http,4.1.48.Final,java,,n/netty-codec-http/netty_codec_http_rhel_7.6.sh,https://github.com/netty/netty,,migrated,,
netty-codec-http2,netty-4.1.48.Final,java,,n/netty-codec-http2/netty-codec-http2_v4.1.48_ubi8_3.sh,https://github.com/netty/netty.git,,migrated,,
netty-codec-http2,netty-4.1.60.Final,java,,n/netty-codec-http2/netty-codec-http2_v4.1.60_ubi8_3.sh,https://github.com/netty/netty.git,,migrated,,
netty-codec-socks,netty-4.1.60.Final,java,,n/netty-codec-socks/netty-codec-socks_ubi8_3.sh,https://github.com/netty/netty.git,,migrated,,
netty-common,netty-4.1.48.Final,java,,n/netty-common/netty-common_v4.1.48_ubi8_3.sh,https://github.com/netty/netty.git,,migrated,,
netty-common,netty-4.1.60.Final,java,,n/netty-common/netty-common_v4.1.60_ubi8_3.sh,https://github.com/netty/netty.git,,migrated,,
netty-handler,netty-4.1.60.Final,java,,n/netty-handler/netty-handler_v4.1.60_ubi8_3.sh,https://github.com/netty/netty.git,,migrated,,
netty-handler-proxy,netty-4.1.29.Final,java,,n/netty-handler-proxy/netty-handler-proxy_4.1.29.Final_ubi_8.5.sh,https://github.com/netty/netty.git,,migrated,,
netty-handler-proxy,netty-4.1.48.Final,java,,n/netty-handler-proxy/netty-handler-proxy_v4.1.48_ubi8_3.sh,https://github.com/netty/netty.git,,migrated,,
netty-handler-proxy,netty-4.1.60.Final,java,,n/netty-handler-proxy/netty-handler-proxy_v4.1.60_ubi8_3.sh,https://github.com/netty/netty.git,,migrated,,
netty-resolver,netty-4.1.48.Final,java,,n/netty-resolver/netty-resolver_v4.1.48_ubi8_3.sh,https://github.com/netty/netty.git,,migrated,,
netty-resolver,netty-4.1.60.Final,java,,n/netty-resolver/netty-resolver_v4.1.60_ubi8_3.sh,https://github.com/netty/netty.git,,migrated,,
netty-resolver-dns,netty-4.1.29.Final,java,,n/netty-resolver-dns/netty-resolver-dns_4.1.29.Final_ubi_8.5.sh,https://github.com/netty/netty.git,,migrated,,
netty-resolver-dns,netty-4.1.48.Final,java,,n/netty-resolver-dns/netty-resolver-dns_v4.1.48_ubi8_3.sh,https://github.com/netty/netty.git,,migrated,,
netty-resolver-dns,netty-4.1.60.Final,java,,n/netty-resolver-dns/netty-resolver-dns_v4.1.60_ubi8_3.sh,https://github.com/netty/netty.git,,migrated,,
netty-transport,netty-4.1.48.Final,java,,n/netty-transport/netty-transport_v4.1.48_ubi8_3.sh,https://github.com/netty/netty.git,,migrated,,
netty-transport,netty-4.1.60.Final,java,,n/netty-transport/netty-transport_v4.1.60_ubi8_3.sh,https://github.com/netty/netty.git,,migrated,,
netty-transport-native-epoll,netty-4.1.60.Final,java,,n/netty-transport-native-epoll/netty-transport-native-epoll_ubi8_3.sh,https://github.com/netty/netty.git,,migrated,,
okhttp-ws,parent-2.7.5,java,,o/okhttp-ws/okhttp-ws_UBI_8.4.sh,https://github.com/square/okhttp.git,,migrated,,
okio,1.6.0,java,,o/okio/okio_rhel_7.6.sh,https://github.com/square/okio,,migrated,,
openssl,openssl-3.0.0-alpha17,java,,o/openssl/openssl_ubi_8.3.sh,https://github.com/openssl/openssl.git,,migrated,,
opentracing-api,0.33.0,java,,o/opentracing-api/opentracing-api_ubi8_3.sh,https://github.com/opentracing/opentracing-java.git,,migrated,,
opentracing-util,0.33.0,java,,o/opentracing-util/opentracing-util_ubi8_3.sh,https://github.com/opentracing/opentracing-java.git,,migrated,,
orc-mapreduce,1.6,java,,o/orc-mapreduce/orc-mapreduce_ubuntu_20.04.sh,https://github.com/apache/orc/tree/master/java/mapreduce,,migrated,,
orc-shims,1.6,java,,o/orc-shims/orc-shims_ubuntu_20.04.sh,https://github.com/apache/orc/tree/master/java/shims,,migrated,,
org.eclipse.osgi,3.17.0,java,,o/org.eclipse.osgi/org.eclipse.osgi_3.17.0_ubi_8.4.sh,,,migrated,,
org.eclipse.osgi,master,java,,o/org.eclipse.osgi/org.eclipse.osgi_master_ubi_8.3.sh,,,migrated,,
osgi_service_cm,r8-core-final-rerelease,java,,o/osgi_service_cm/osgi_service_cm_ubi8_3.sh,https://github.com/osgi/osgi.git,,migrated,,
pcollections,master,java,,p/pcollections/pcollections_rhel_7.4.sh,https://github.com/hrldcpr/pcollections,,migrated,,
pcollections,master,java,,p/pcollections/pcollections_ubuntu_16.04.sh,https://github.com/hrldcpr/pcollections,,migrated,,
perfmark-api,"0.19.0, 0.21.0",java,,p/perfmark-api/perfmark-api_rhel_7.6.sh,https://github.com/perfmark/perfmark.git,,migrated,,
plexus-archiver,"3.7.0, 4.2.2",java,,p/plexus-archiver/plexus-archiver_rhel_7.6.sh,https://github.com/codehaus-plexus/plexus-archiver,,migrated,,
plexus-io,"3.1.0, 3.2.0",java,,p/plexus-io/plexus-io_rhel_7.6.sh,https://github.com/codehaus-plexus/plexus-io,,migrated,,
poi,REL_3_17_FINAL,java,,p/poi/poi_ubuntu_18.04.sh,https://svn.apache.org/repos/asf/poi/trunk/,,migrated,,
powermock,1.7.4,java,,p/powermock/powermock_rhel_7.4.sh,https://github.com/powermock/powermock.git,,migrated,,
powermock,powermock-2.0.9,java,,p/powermock/powermock_ubi8_3.sh,https://github.com/powermock/powermock.git,,migrated,,
powermock,1.7.3,java,,p/powermock/powermock_ubuntu_16.04.sh,https://github.com/powermock/powermock.git,,migrated,,
prestodb-presto,0.267,java,,p/prestodb-presto/0.267/presto_rhel_8.3.sh,https://github.com/prestodb/presto.git,,migrated,,
prestodb-presto,0.236,java,,p/prestodb-presto/0.236/presto_rhel7.6.sh,https://github.com/prestodb/presto.git,,migrated,,
proxytoys,1.0,java,,p/proxytoys/proxytoys_ubi_8.3.sh,https://github.com/proxytoys/proxytoys,,migrated,,
psad,,java,,p/psad/psad.sh,https://github.com/rfc1036/whois;,,migrated,,
psad,3.0,java,,p/psad/psad_RHEL_8.2.sh,https://github.com/mrash/psad,,migrated,,
psad,3.0,java,,p/psad/psad_SLES12.sh,https://github.com/mrash/psad,,migrated,,
quartz-scheduler,2.3.1,java,,q/quartz-scheduler/quartz-scheduler_ubuntu_18.04.sh,https://github.com/quartz-scheduler/quartz,,migrated,,
reactive-streams,1.0.3,java,,r/reactive-streams/reactive-streams_rhel_7.6.sh,https://github.com/reactive-streams/reactive-streams-jvm,,migrated,,
retrofit,parent-2.7.1,java,,r/retrofit/retrofit_ubi8_3.sh,https://github.com/square/retrofit.git,,migrated,,
royale-compiler,0.9.8-rc2,java,,r/royale-compiler/royale-compiler_ubuntu_20.04.sh,https://github.com/apache/royale-compiler,,migrated,,
rxnetty,0.5.2,java,,r/rxnetty/rxnetty_ubuntu_16.04.sh,https://github.com/ReactiveX/RxNetty,,migrated,,
rxscala,0.26.5,java,,r/rxscala/rxscala_ubuntu_16.04.sh,https://github.com/ReactiveX/RxScala,,migrated,,
ST4,st-4.0.7,java,,s/ST4/ST4_rhel8.sh,https://github.com/antlr/stringtemplate4.git,,migrated,,
Shrinksafe,master(commit-id:0f46e2942af3b4894e7f0790e9f4e7f7d1a7969c),java,,s/Shrinksafe/shrinksafe_1.7.2_ubuntu_18.04.sh,https://github.com/zazl/shrinksafe.git,,migrated,,
Shrinksafe,1.7.2 (master),java,,s/Shrinksafe/shrinksafe_UBI_8.0.sh,https://github.com/zazl/shrinksafe.git,,migrated,,
Strimzi,master,java,,s/Strimzi/strimzi_ubuntu_18.04.sh,https://github.com/strimzi/strimzi-kafka-operator.git,,migrated,,
scala,v2.11.12,java,,s/scala/scala-2.11.12-ubi8.sh,https://github.com/scala/scala.git,,migrated,,
scala-guice,4.1.0,java,,s/scala-guice/scala-guice_rhel_7.3.sh,https://github.com/codingwell/scala-guice.git,,migrated,,
scala-guice,4.1.0,java,,s/scala-guice/scala-guice_ubuntu_16.04.sh,https://github.com/codingwell/scala-guice.git,,migrated,,
scala-swing,v3.0.0#3.0.0,java,,s/scala-swing/scala-swing-ubi-8.sh,https://github.com/scala/scala-swing,,migrated,,
servlet-javax-api,2.5,java,,s/servlet-javax-api/servlet-javax-api_ubuntu_18.04.sh,http://central.maven.org/maven2/javax/servlet/servlet-api/2.5/servlet-api-2.5-sources.jar,,migrated,,
shiro,shiro-root-1.5.2,java,,s/shiro/shiro_ubi_8.4.sh,https://github.com/apache/shiro,,migrated,,
slf4j-jdk14,1.7.30,java,,s/slf4j-jdk14/slf4j_jdk14_rhel_7.6.sh,https://github.com/qos-ch/slf4j,,migrated,,
slf4j-log4j12,"1.7.30, 2.0.0-alpha1",java,,s/slf4j-log4j12/slf4j_log4j12_rhel_7.6.sh,https://github.com/qos-ch/slf4j,,migrated,,
spark-resource-staging-server,2.2-kubernetes,java,,s/spark-resource-staging-server/spark-resource-staging-server_ubuntu_16.04.sh,https://github.com/apache-spark-on-k8s/spark,,migrated,,
sphinx4,n/a,java,,s/sphinx4/sphinx4_rhel_7.3.sh,https://github.com/cmusphinx/sphinx4,,migrated,,
sphinx4,n/a,java,,s/sphinx4/sphinx4_ubuntu_16.04.sh,https://github.com/cmusphinx/sphinx4,,migrated,,
spotbugs-annotations,4.0.2,java,,s/spotbugs-annotations/spotbugs-annotations_rhel_7.6.sh,https://github.com/spotbugs/spotbugs,,migrated,,
spring-boot-actuator,2.0.4.RELEASE,java,,s/spring-boot-actuator/spring-boot-actuator_ubuntu_18.04.sh,http://central.maven.org/maven2/org/springframework/boot/spring-boot-actuator/2.0.4.RELEASE/spring-boot-actuator-2.0.4.RELEASE-sources.jar,,migrated,,
spring-boot-configuration-processor,2.0.4.RELEASE,java,,s/spring-boot-configuration-processor/spring-boot-configuration-processor_ubuntu_18.04.sh,http://central.maven.org/maven2/org/springframework/boot/spring-boot-configuration-processor/2.0.4.RELEASE/spring-boot-configuration-processor-2.0.4.RELEASE-sources.jar,,migrated,,
spring-boot-starter,2.5.0,java,,s/spring-boot-starter/spring-boot-generic_ubuntu_20.04.sh,https://github.com/spring-projects/spring-boot,,migrated,,
spring-boot-starter,"2.1.12, 2.2.6",java,,s/spring-boot-starter/spring-boot-starter_rhel_7.6.sh,https://github.com/spring-projects/spring-boot,,migrated,,
spring-boot-starter-actuator,2.0.4.RELEASE,java,,s/spring-boot-starter-actuator/spring-boot-starter-actuator_ubuntu_18.04.sh,http://central.maven.org/maven2/org/springframework/boot/spring-boot-starter-actuator/2.0.4.RELEASE/spring-boot-starter-actuator-2.0.4.RELEASE.jar,,migrated,,
spring-boot-starter-hateoas,2.0.4.RELEASE,java,,s/spring-boot-starter-hateoas/spring-boot-starter-hateoas_ubuntu_18.04.sh,http://central.maven.org/maven2/org/springframework/boot/spring-boot-starter-hateoas/2.0.4.RELEASE/spring-boot-starter-hateoas-2.0.4.RELEASE.jar,,migrated,,
spring-boot-starter-undertow,2.0.4.RELEASE,java,,s/spring-boot-starter-undertow/spring-boot-starter-undertow_ubuntu_18.04.sh,http://central.maven.org/maven2/org/springframework/boot/spring-boot-starter-undertow/2.0.4.RELEASE/spring-boot-starter-undertow-2.0.4.RELEASE.jar,,migrated,,
spring-jcl,"5.1.8, 5.2.5",java,,s/spring-jcl/spring-jcl_rhel_7.6.sh,https://github.com/spring-projects/spring-framework,,migrated,,
spring-plugin-core,"1.2.0, 2.0.0",java,,s/spring-plugin-core/spring-plugin-core_rhel_7.6.sh,https://github.com/spring-projects/spring-plugin,,migrated,,
spring-plugin-metadata,"1.2.0, 2.0.0",java,,s/spring-plugin-metadata/spring-plugin-metadata_rhel_7.6.sh,https://github.com/spring-projects/spring-plugin,,migrated,,
springdao,v5.3.10,java,,s/springdao/springdao_rhel8.sh,https://github.com/spring-projects/spring-framework.git,,migrated,,
springdoc-openapi-common,v1.5.10,java,,s/springdoc-openapi-common/springdoc-openapi-common_rhel8.sh,https://github.com/springdoc/springdoc-openapi.git,,migrated,,
springdoc-openapi-ui,v1.5.10,java,,s/springdoc-openapi-ui/springdoc-openapi-ui_rhel8.sh,https://github.com/springdoc/springdoc-openapi.git,,migrated,,
springdoc-openapi-webmvc,v1.5.10,java,,s/springdoc-openapi-webmvc/springdoc-openapi-webmvc-core_rhel8.sh,https://github.com/springdoc/springdoc-openapi.git,,migrated,,
stax-api,aalto-xml-1.0.0,java,,s/stax-api/stax-api_ubi_8.3.sh,https://github.com/FasterXML/aalto-xml.git,,migrated,,
stax-ex,1.8,java,,s/stax-ex/stax-ex_rhel_7.6.sh,https://github.com/javaee/metro-stax-ex,,migrated,,
stream-lib,2.9.6,java,,s/stream-lib/stream-lib_rhel_7.4.sh,https://github.com/addthis/stream-lib,,migrated,,
stream-lib,2.9.6,java,,s/stream-lib/stream-lib_ubuntu_16.04.sh,https://github.com/addthis/stream-lib,,migrated,,
strimzi-kafka-oauth,master (default),java,,s/strimzi-kafka-oauth/redhat_ubi8/build.sh,https://github.com/strimzi/strimzi-kafka-oauth,,migrated,,
sundrio,0.21.0,java,,s/sundrio/sundrio_ubi_8.3.sh,https://github.com/sundrio/sundrio.git,,migrated,,
swagger-annotations,v1.5.3,java,,s/swagger-annotations/swagger-annotations_ubi_8.3.sh,https://github.com/swagger-api/swagger-core.git,,migrated,,
swagger-jaxrs,1.5.20,java,,s/swagger-jaxrs/swagger-jaxrs_rhel_7.6.sh,https://github.com/swagger-api/swagger-core,,migrated,,
swagger-jersey2-jaxrs,1.5.24,java,,s/swagger-jersey2-jaxrs/swagger-jersey2-jaxrs_rhel_7.6.sh,https://github.com/swagger-api/swagger-core,,migrated,,
swagger-maven-plugin,3.1.0,java,,s/swagger-maven-plugin/swagger-maven-plugin_rhel_7.3.sh,https://github.com/kongchen/swagger-maven-plugin,,migrated,,
swagger-maven-plugin,3.1.0,java,,s/swagger-maven-plugin/swagger-maven-plugin_ubuntu_16.04.sh,https://github.com/kongchen/swagger-maven-plugin,,migrated,,
tiles_core,tiles-parent-3.0.8,java,,t/tiles_core/tiles_core_ubi8_3.sh,https://github.com/apache/tiles.git,,migrated,,
typesafehub-config,1.3.3,java,,t/typesafehub-config/typesafehub-config_ubuntu_16.04.sh,https://github.com/typesafehub/config,,migrated,,
util-geolocation-ejb,1.0.31,java,,u/util-geolocation-ejb/util-geolocation-ejb_ubuntu_16.04.sh,http://repo1.maven.org/maven2/org/ow2/util/util-geolocation-ejb/1.0.31,,migrated,,
validation-api,3.0.0-M1,java,,v/validation-api/validation-api_rhel_7.6.sh,https://github.com/eclipse-ee4j/beanvalidation-api,,migrated,,
vertx-web,3.9.1,java,,v/vertx-web/vertx-web_v3.9.1_ubi8_3.sh,https://github.com/vert-x3/vertx-web.git,,migrated,,
vertx-web-api-contract,4.1.2,java,,v/vertx-web-api-contract/vertx-web-api-contract_ubi8_3.sh,https://github.com/vert-x3/vertx-web.git,,migrated,,
vertx-web-client,3.9.7,java,,v/vertx-web-client/vertx-web-client_v3.9.7_ubi8_3.sh,https://github.com/vert-x3/vertx-web.git,,migrated,,
vertx-web-client,4.1.2,java,,v/vertx-web-client/vertx-web-client_v4.1.2_ubi8_3.sh,https://github.com/vert-x3/vertx-web.git,,migrated,,
vertx-web-common,3.9.7,java,,v/vertx-web-common/vertx-web-common_ubi8_3.sh,https://github.com/vert-x3/vertx-web.git,,migrated,,
vertx-web-graphql,4.1.2,java,,v/vertx-web-graphql/vertx-web-graphql_ubi8_3.sh,https://github.com/vert-x3/vertx-web.git,,migrated,,
virtualization-services-server,egeria-release-2.10,java,,v/virtualization-services-server/virtualization-services-server_ubuntu_20.04.sh,https://github.com/odpi/egeria,,migrated,,
webcrawler,Not available.,java,,w/webcrawler/andreas-hess_webcrawler_Ubuntu_16.04.sh,http://andreas-hess.info/programming/webcrawler,,migrated,,
webcrawler,Not available.,java,,w/webcrawler/andreas-hess_webcrawler_rhel_7.2.sh,http://andreas-hess.info/programming/webcrawler,,migrated,,
wink,1.4.0,java,,w/wink/wink_rhel_7.3.sh,https://github.com/apache/wink.git,,migrated,,
wink,1.4.0,java,,w/wink/wink_ubuntu_16.04.sh,https://github.com/apache/wink.git,,migrated,,
wlp-anttasks,liberty-ant-tasks-1.9.4,java,,w/wlp-anttasks/wlp-anttasks_ubi8_3.sh,https://github.com/OpenLiberty/ci.ant.git,,migrated,,
xbean,4.8,java,,x/xbean/xbean_ubuntu_16.04.sh,https://github.com/apache/geronimo-xbean.git,,migrated,,
xml-language-server,NA,java,,x/xml-language-server/xml-language-server_rhel_7.3.sh,https://github.com/microclimate-devops/xml-language-server.git,,migrated,,
xml-language-server,NA,java,,x/xml-language-server/xml-language-server_ubuntu_16.04.sh,https://github.com/microclimate-devops/xml-language-server.git,,migrated,,
xmlpull,xmlpull-parent-1.1.3.3,java,,x/xmlpull/xmlpull_ubi_8.3.sh,https://github.com/karlmdavis/xmlpull.git,,migrated,,
xmlpull,xmlpull-xpp3-parent-1.2.0,java,,x/xmlpull/xmlpull_ubi_8_3.sh,https://github.com/xmlpull-xpp3/xmlpull-xpp3.git,,migrated,,
xmlpull,1.0.5,java,,x/xmlpull/xmlpull_ubuntu_16.04.sh,http://www.xmlpull.org/v1/download/xmlpull_1_0_5_src.tgz,,migrated,,
xz,1.8,java,,x/xz/xz_rhel_7.6.sh,https://git.tukaani.org/xz-java.git,,migrated,,
ziplet,ziplet-2.4.1,java,,z/ziplet/pjl-comp-filter_ubi_8.3.sh,https://github.com/ziplet/ziplet,,migrated,,
zooinspector,1.0,java,,z/zooinspector/zooinspector_ubuntu_18.04.sh,https://github.com/zzhang5/zooinspector.git,,migrated,,
apache-orc,1.5.1,java,,a/apache-orc/apache-orc_rhel_7.6.sh,https://github.com/apache/orc.git,,migrated,,
archaius,2.2.13,java,,a/archaius/archaius_ubuntu_16.04.sh,https://github.com/Netflix/archaius.git,,migrated,,
crate,3.1.0,java,,c/crate/crate_rhel_7.4.sh,https://github.com/crate/crate.git,,migrated,,
crate,3.1.0,java,,c/crate/crate_ubuntu_16.04.sh,https://github.com/crate/crate.git,,migrated,,
kotlin-stdlib,1.3.50,java,,k/kotlin-stdlib/v1.3.50/kotlin-stdlib_1.3.50_ubuntu_18.04.sh,https://github.com/JetBrains/kotlin.git,,migrated,,
kotlin-stdlib,1.3.50,java,,k/kotlin-stdlib/v1.3.50/kotlin-stdlib_v1.3.50_ubi_8.3.sh,https://github.com/JetBrains/kotlin.git,,migrated,,
kotlin-stdlib,1.3.61,java,,k/kotlin-stdlib/v1.3.61/kotlin-stdlib_1.3.61_ubuntu_18.04.sh,https://github.com/JetBrains/kotlin.git,,migrated,,
kotlin-stdlib,1.3.61,java,,k/kotlin-stdlib/v1.3.61/kotlin-stdlib_v1.3.61_ubi_8.3.sh,https://github.com/JetBrains/kotlin.git,,migrated,,
kotlin-stdlib,1.5.21,java,,k/kotlin-stdlib/v1.5.21/kotlin-stdlib-ubi8.5.sh,https://github.com/JetBrains/kotlin.git,,migrated,,
leveldbjni,1.8,java,,l/leveldbjni/leveldbjni_ubuntu_18.04.sh,https://github.com/fusesource/leveldbjni,,migrated,,
org.osgi,r8-core-final-rerelease,java,,o/org.osgi/org.osgi_UBI_8.4.sh,https://github.com/osgi/osgi.git,,migrated,,
prestodb-odbc,,java,,p/prestodb-odbc/presto-all.sh,https://github.com/prestodb/presto.git,,migrated,,
protoc,3.5.1-1,java,,p/protoc/ubuntu-20.04/build.sh,https://github.com/protocolbuffers/protobuf.git,,migrated,,
smhasher,Not available.,java,,s/smhasher/smhasher_rhel_7.4.sh,https://github.com/aappleby/smhasher,,migrated,,
apache-atlas,release-2.3.0,java,,a/apache-atlas/apache-atlas_2.3.0_ubi_8.5.sh,https://github.com/apache/atlas,,migrated,,
couchbase,,java,,c/couchbase/v5.1.0/couchbase51_ubuntu_16.04.sh,https://github.com/google/flatbuffers,,migrated,,
couchbase,,java,,c/couchbase/v6.0.0/couchbase60_ubuntu_16.04.sh,https://github.com/google/flatbuffers,,migrated,,
zimbra,9.0.0-7-g0c716,java,,z/zimbra/zimbra_rhel7.sh,https://github.com/Zimbra/zm-build.git,,migrated,,
