base_dir,package_name,package_version,language,language_versions,script_path,package_url
a/ansible-runner,ansible-runner,2.4.1,python,,a/ansible-runner/ansible-runner_ubi_9.6.sh,https://github.com/ansible/ansible-runner
a/ansible-runner,ansible-runner,2.3.3,python,,a/ansible-runner/ansible-runner_ubi_8_7.sh,https://github.com/ansible/ansible-runner
a/antlr4-python3-runtime,antlr4-python3-runtime,4.9.3,python,,a/antlr4-python3-runtime/antlr4-python3-runtime_ubi_9.6.sh,https://github.com/antlr/antlr4.git
a/awx,awx,24.6.1,python,,a/awx/awx_ubi_9.3.sh,https://github.com/ansible/awx.git
a/awx,awx,devel,python,,a/awx/awx_vdevel_ubi_8.5.sh,https://github.com/ansible/awx/
a/azure-mgmt-authorization,azure-mgmt-authorization,azure-mgmt-authorization_4.0.0,python,,a/azure-mgmt-authorization/azure-mgmt-authorization_ubi_9.3.sh,https://github.com/Azure/azure-sdk-for-python
a/azure-mgmt-batch,azure-mgmt-batch,azure-mgmt-batch_18.0.0,python,,a/azure-mgmt-batch/azure-mgmt-batch_ubi_9.3.sh,https://github.com/Azure/azure-sdk-for-python
a/azure-mgmt-cdn,azure-mgmt-cdn,azure-mgmt-cdn_13.1.1,python,,a/azure-mgmt-cdn/azure-mgmt-cdn_ubi_9.3.sh,https://github.com/Azure/azure-sdk-for-python
a/azure-mgmt-containerregistry,azure-mgmt-containerregistry,azure-mgmt-containerregistry_14.0.0,python,,a/azure-mgmt-containerregistry/azure-mgmt-containerregistry_ubi_9.3.sh,https://github.com/Azure/azure-sdk-for-python
a/azure-mgmt-containerservice,azure-mgmt-containerservice,azure-mgmt-containerservice_36.0.0,python,,a/azure-mgmt-containerservice/azure-mgmt-containerservice_ubi_9.3.sh,https://github.com/Azure/azure-sdk-for-python
a/azure-mgmt-cosmosdb,azure-mgmt-cosmosdb,azure-mgmt-cosmosdb_9.8.0,python,,a/azure-mgmt-cosmosdb/azure-mgmt-cosmosdb_ubi_9.3.sh,https://github.com/Azure/azure-sdk-for-python
a/azure-mgmt-devtestlabs,azure-mgmt-devtestlabs,azure-mgmt-devtestlabs_10.0.0b2,python,,a/azure-mgmt-devtestlabs/azure-mgmt-devtestlabs_ubi_9.3.sh,https://github.com/Azure/azure-sdk-for-python
a/azure-mgmt-dns,azure-mgmt-dns,azure-mgmt-dns_8.2.0,python,,a/azure-mgmt-dns/azure-mgmt-dns_ubi_9.3.sh,https://github.com/Azure/azure-sdk-for-python
a/azure-mgmt-hdinsight,azure-mgmt-hdinsight,azure-mgmt-hdinsight_9.1.0b1,python,,a/azure-mgmt-hdinsight/azure-mgmt-hdinsight_ubi_9.3.sh,https://github.com/Azure/azure-sdk-for-python
a/azure-mgmt-iothub,azure-mgmt-iothub,azure-mgmt-iothub_4.0.0,python,,a/azure-mgmt-iothub/azure-mgmt-iothub_ubi_9.3.sh,https://github.com/Azure/azure-sdk-for-python
a/azure-mgmt-keyvault,azure-mgmt-keyvault,azure-mgmt-keyvault_11.0.0,python,,a/azure-mgmt-keyvault/azure-mgmt-keyvault_ubi_9.3.sh,https://github.com/Azure/azure-sdk-for-python
a/azure-mgmt-loganalytics,azure-mgmt-loganalytics,azure-mgmt-loganalytics_13.0.0b7,python,,a/azure-mgmt-loganalytics/azure-mgmt-loganalytics_ubi_9.3.sh,https://github.com/Azure/azure-sdk-for-python
a/azure-mgmt-marketplaceordering,azure-mgmt-marketplaceordering,azure-mgmt-marketplaceordering_1.2.0b2,python,,a/azure-mgmt-marketplaceordering/azure-mgmt-marketplaceordering_ubi_9.3.sh,https://github.com/Azure/azure-sdk-for-python
a/azure-mgmt-monitor,azure-mgmt-monitor,azure-mgmt-monitor_7.0.0b1,python,,a/azure-mgmt-monitor/azure-mgmt-monitor_ubi_9.3.sh,https://github.com/Azure/azure-sdk-for-python
a/azure-mgmt-network,azure-mgmt-network,azure-mgmt-network_29.0.0,python,,a/azure-mgmt-network/azure-mgmt-network_ubi_9.3.sh,https://github.com/Azure/azure-sdk-for-python
a/azure-mgmt-rdbms,azure-mgmt-rdbms,azure-mgmt-rdbms_10.1.0,python,,a/azure-mgmt-rdbms/azure-mgmt-rdbms_ubi_9.3.sh,https://github.com/Azure/azure-sdk-for-python
a/azure-mgmt-redis,azure-mgmt-redis,azure-mgmt-redis_14.5.0,python,,a/azure-mgmt-redis/azure-mgmt-redis_ubi_9.3.sh,https://github.com/Azure/azure-sdk-for-python
a/azure-mgmt-resource,azure-mgmt-resource,azure-mgmt-resource_23.4.0,python,,a/azure-mgmt-resource/azure-mgmt-resource_ubi_9.3.sh,https://github.com/Azure/azure-sdk-for-python
a/azure-mgmt-servicebus,azure-mgmt-servicebus,azure-mgmt-servicebus_9.0.0,python,,a/azure-mgmt-servicebus/azure-mgmt-servicebus_ubi_9.3.sh,https://github.com/Azure/azure-sdk-for-python
a/azure-mgmt-sql,azure-mgmt-sql,azure-mgmt-sql_4.0.0b21,python,,a/azure-mgmt-sql/azure-mgmt-sql_ubi_9.3.sh,https://github.com/Azure/azure-sdk-for-python
a/azure-mgmt-storage,azure-mgmt-storage,azure-mgmt-storage_23.0.0,python,,a/azure-mgmt-storage/azure-mgmt-storage_ubi_9.3.sh,https://github.com/Azure/azure-sdk-for-python
a/azure-mgmt-trafficmanager,azure-mgmt-trafficmanager,azure-mgmt-trafficmanager_1.1.0,python,,a/azure-mgmt-trafficmanager/azure-mgmt-trafficmanager_ubi_9.3.sh,https://github.com/Azure/azure-sdk-for-python
a/azure-mgmt-web,azure-mgmt-web,azure-mgmt-web_8.0.0,python,,a/azure-mgmt-web/azure-mgmt-web_ubi_9.3.sh,https://github.com/Azure/azure-sdk-for-python
b/blinker,blinker,rel-1.4,python,,b/blinker/blinker_ubi_9.3.sh,https://github.com/pallets-eco/blinker
b/bottleneck,bottleneck,v1.6.0,python,,b/bottleneck/bottleneck_1.3.5_ubi_9.3.sh,https://github.com/pydata/bottleneck.git
b/bottleneck,bottleneck,v1.3.8,python,,b/bottleneck/bottleneck_ubi_9_3.sh,https://github.com/pydata/bottleneck
b/brotli,brotli,v1.0.9,python,,b/brotli/brotli_ubi_9.3.sh,https://github.com/google/brotli.git
b/brotlipy,brotlipy,v0.7.0,python,,b/brotlipy/brotlipy_ubi_9.3.sh,https://github.com/python-hyper/brotlicffi.git
c/cachetools,cachetools,${1:-,python,,c/cachetools/cachetools_ubi_9.3.sh,https://github.com/tkem/cachetools.git
c/certifi,certifi,2024.08.30,python,,c/certifi/certifi_ubi_9.3.sh,https://github.com/certifi/python-certifi.git
c/cpython,cpython,v3.12.3,python,,c/cpython/cpython_ubi_9.3.sh,https://github.com/python/cpython
c/crmsh,crmsh,4.6.0,python,,c/crmsh/crmsh_ubi_9.6.sh,https://github.com/ClusterLabs/crmsh.git
d/dask,dask,2023.6.0,python,,d/dask/dask_2023.6.0_ubi_9.3.sh,https://github.com/dask/dask.git
d/dask,dask,2.20.0  # Default version set to 2.20.0,python,,d/dask/dask_ubi_9.3.sh,https://github.com/dask/dask.git
d/dask,dask,,python,,d/dask/Dockerfiles/latest_ubuntu_16.04/prepare.sh,
d/dill,dill,0.3.8,python,,d/dill/dill_ubi_9.3.sh,https://github.com/uqfoundation/dill
d/dill,dill,dill-0.3.7,python,,d/dill/dill_ubi_8.7.sh,https://github.com/uqfoundation/dill
d/dill,dill,0.2.5,python,,d/dill/dill_rhel_7.3.sh,https://github.com/uqfoundation/dill/
d/docling-parse,docling-parse,v4.7.1,python,,d/docling-parse/docling-parse_ubi_9.6.sh,https://github.com/docling-project/docling-parse.git
f/frozenlist,frozenlist,v1.3.3,python,,f/frozenlist/frozenlist_ubi_9.6.sh,https://github.com/aio-libs/frozenlist.git
f/furo,furo,${1:-,python,,f/furo/furo_ubi_9.3.sh,https://github.com/pradyunsg/furo
f/furo,furo,${1:-,python,,f/furo/furo_ubi_8.5.sh,https://github.com/pradyunsg/furo
g/gmpy2,gmpy2,gmpy2-2.1.2,python,,g/gmpy2/gmpy2_ubi_9.3.sh,https://github.com/aleaxit/gmpy.git
g/graphite2,graphite2,1.3.14,python,,g/graphite2/graphite2_ubi_9.3.sh,https://github.com/silnrsi/graphite
g/greenlet,greenlet,2.0.1,python,,g/greenlet/greenlet_ubi_9.3.sh,https://github.com/python-greenlet/greenlet.git
h/hdf5,hdf5,hdf5-1_12_1,python,,h/hdf5/hdf5_ubi_9.3.sh,https://github.com/HDFGroup/hdf5
h/hdijupyterutils,hdijupyterutils,0.20.0,python,,h/hdijupyterutils/hdijupyterutils_ubi_9.3.sh,https://github.com/jupyter-incubator/sparkmagic.git
h/hjson-py,hjson-py,v3.0.2,python,,h/hjson-py/hjson-py_ubi_9.3.sh,https://github.com/hjson/hjson-py.git
i/iaesdk,iaesdk,v3.3.0,python,,i/iaesdk/iaesdk_ubi_9.3.sh,https://github.com/IBM/ibm-iae-python-sdk
i/ibm-cloud-sdk-core,ibm-cloud-sdk-core,v3.16.7,python,,i/ibm-cloud-sdk-core/ibm-cloud-sdk-core_ubi_9.3.sh,https://github.com/IBM/python-sdk-core.git
i/ibm-cos-sdk,ibm-cos-sdk,2.13.4,python,,i/ibm-cos-sdk/ibm-cos-sdk-python_ubi_9.3.sh,https://github.com/ibm/ibm-cos-sdk-python
i/ibm-cos-sdk-core,ibm-cos-sdk-core,2.13.4,python,,i/ibm-cos-sdk-core/ibm-cos-sdk-python-core_ubi_9.3.sh,https://github.com/ibm/ibm-cos-sdk-python-core
i/ibm-cos-sdk-core,ibm-cos-sdk-core,2.8.0,python,,i/ibm-cos-sdk-core/ibm-cos-sdk-python-core_2.8.0_ubi_8.4.sh,https://github.com/IBM/ibm-cos-sdk-python-core/
i/ibm-cos-sdk-core,ibm-cos-sdk-core,2.8.0,java,,i/ibm-cos-sdk-core/ibm-cos-sdk-python-core_v2.8.0_ubuntu_18.04.sh,https://github.com/IBM/ibm-cos-sdk-python-core/
i/ibm-cos-sdk-s3transfer,ibm-cos-sdk-s3transfer,2.14.0,python,,i/ibm-cos-sdk-s3transfer/ibm-cos-sdk-python-s3transfer_ubi_9.3.sh,https://github.com/IBM/ibm-cos-sdk-python-s3transfer
i/imageio,imageio,v2.34.1,python,,i/imageio/imageio_ubi_9.3.sh,https://github.com/imageio/imageio.git
i/impyla,impyla,v0.21.0,python,,i/impyla/impyla_ubi_9.3.sh,https://github.com/cloudera/impyla.git
i/impyla,impyla,,python,,i/impyla/conda.recipe/build.sh,
i/impyla,impyla,0.14.0,python,,i/impyla/impyla_ubuntu_16.04.sh,https://github.com/cloudera/impyla.git
i/ipywidgets,ipywidgets,8.1.2,python,,i/ipywidgets/ipywidgets_ubi_9.3.sh,https://github.com/jupyter-widgets/ipywidgets
i/ipywidgets,ipywidgets,8.1.1,python,,i/ipywidgets/ipywidgets_ubi_8.7.sh,https://github.com/jupyter-widgets/ipywidgets
j/jedi,jedi,${1:-,python,,j/jedi/jedi_v0.16.0_ubi_9.3.sh,https://github.com/davidhalter/jedi.git
j/jedi,jedi,master,node,,j/jedi/jedi_rhel_7.6.sh,https://github.com/baixing/jedi.git
j/jenkspy,jenkspy,0.4.1,python,,j/jenkspy/jenkspy_ubi_9.3.sh,https://github.com/mthh/jenkspy
k/kiwisolver,kiwisolver,1.2.0,python,,k/kiwisolver/kiwisolver_ubi_9.3.sh,https://github.com/nucleic/kiwi.git
k/krb5,krb5,v0.5.1,python,,k/krb5/krb5_ubi_9.3.sh,https://github.com/jborean93/pykrb5.git
l/lxml,lxml,lxml-4.9.2,python,,l/lxml/lxml_4.9.2_ubi_9.6.sh,https://github.com/lxml/lxml.git
l/lxml,lxml,lxml-6.0.2,python,,l/lxml/lxml_ubi_9.6.sh,https://github.com/lxml/lxml.git
m/markdown,markdown,${1:-,python,,m/markdown/markdown_ubi_9.3.sh,https://github.com/Python-Markdown/markdown
m/markdown,markdown,3.5.1,python,,m/markdown/markdown_ubi_8.7.sh,https://github.com/Python-Markdown/markdown
m/markupsafe,markupsafe,2.1.5,python,,m/markupsafe/markupsafe_ubi_9.3.sh,https://github.com/pallets/markupsafe
m/markupsafe,markupsafe,3.0.2,python,,m/markupsafe/markupsafe_3.0.2_ubi_9.3.sh,https://github.com/pallets/markupsafe
m/mdp-toolkit,mdp-toolkit,master,python,,m/mdp-toolkit/mdp-toolkit_ubi_9.3.sh,https://github.com/mdp-toolkit/mdp-toolkit
m/mpmath,mpmath,1.1.0,python,,m/mpmath/mpmath_ubi_9.3.sh,https://github.com/mpmath/mpmath.git
m/msgpack-python,msgpack-python,v1.1.1,python,,m/msgpack-python/msgpack-python_ubi_9.3.sh,https://github.com/msgpack/msgpack-python.git
n/nbconvert,nbconvert,v7.16.4,python,,n/nbconvert/nbconvert_ubi_9_3.sh,https://github.com/jupyter/nbconvert
n/nbconvert,nbconvert,v7.12.0,python,,n/nbconvert/nbconvert_ubi_8.7.sh,https://github.com/jupyter/nbconvert
n/nodejs-wheel,nodejs-wheel,v22.20.0,python,,n/nodejs-wheel/nodejs-wheel-binaries_22.20.0_ubi_9.5.sh,https://github.com/njzjz/nodejs-wheel.git
n/numpy,numpy,v1.26.4,python,,n/numpy/numpy_ubi_9.3.sh,https://github.com/numpy/numpy.git
n/numpy,numpy,v1.23.5,python,,n/numpy/numpy_1.23.5_ubi_9.3.sh,https://github.com/numpy/numpy
n/numpy,numpy,v1.26.0,python,,n/numpy/numpy_1.26.0_ubi_9.3.sh,https://github.com/numpy/numpy
n/numpy,numpy,v1.20.1,python,,n/numpy/numpy_ubi_8.5.sh,https://github.com/numpy/numpy.git
n/numpy,numpy,v2.2.5,python,,n/numpy/numpy_v2.2.5_ubi_9.3.sh,https://github.com/numpy/numpy.git
p/Pyphen,Pyphen,${1:-,python,,p/Pyphen/Pyphen_ubi_9.3.sh,https://github.com/Kozea/Pyphen
p/Pyphen,Pyphen,0.14.0,python,,p/Pyphen/Pyphen_ubi_9.6.sh,https://github.com/Kozea/Pyphen
p/Pyphen,Pyphen,0.9.5,python,,p/Pyphen/Pyphen_rhel_7.6.sh,https://github.com/Kozea/Pyphen
p/param,param,v2.1.0,python,,p/param/param_ubi_9.3.sh,https://github.com/holoviz/param.git
p/partd,partd,1.4.2,python,,p/partd/partd_ubi_9.6.sh,https://github.com/dask/partd
p/partd,partd,1.4.0,python,,p/partd/partd_ubi_8.7.sh,https://github.com/dask/partd
p/persistent,persistent,6.1.1,python,,p/persistent/persistent_ubi_9.3.sh,https://github.com/zopefoundation/persistent
p/persistent,persistent,5.1,python,,p/persistent/persistent_ubi_8.7.sh,https://github.com/zopefoundation/persistent
p/persistent,persistent,4.2.1,python,,p/persistent/persistent_rhel_7.3.sh,https://github.com/zopefoundation/persistent
p/pillow,pillow,10.4.0,python,,p/pillow/pillow_ubi_9.3.sh,https://github.com/python-pillow/Pillow/
p/pillow,pillow,10.0.1,python,,p/pillow/pillow_v10.0.1_ubi_9.3.sh,https://github.com/python-pillow/Pillow/
p/pillow,pillow,10.3.0,python,,p/pillow/pillow_ubi_8.10.sh,https://github.com/python-pillow/Pillow/
p/pillow,pillow,12.0.0,python,,p/pillow/pillow_v12.0.0_ubi_9.3.sh,https://github.com/python-pillow/Pillow/
p/pint,pint,0.24.4,python,,p/pint/pint_ubi_9.3.sh,https://github.com/hgrecco/pint
p/pint,pint,0.18,python,,p/pint/pint_ubi_8.5.sh,https://github.com/hgrecco/pint
p/protobuf,protobuf,v3.21.12,python,,p/protobuf/protobuf_ubi_9.3.sh,https://github.com/protocolbuffers/protobuf.git
p/protobuf,protobuf,v6.31.0,python,,p/protobuf/protobuf_v6.31.0_ubi_9.3.sh,https://github.com/protocolbuffers/protobuf
p/protobuf,protobuf,v1.3.2,go,,p/protobuf/protobuf_ubi_8.3.sh,https://github.com/gogo/protobuf
p/protobuf,protobuf,v1.3.2,go,,p/protobuf/protobuf_ubi_8.5.sh,https://github.com/gogo/protobuf
p/protobuf,protobuf,v1.2.1,go,,p/protobuf/protobuf_v1.2.1_ubi_8.5.sh,https://github.com/gogo/protobuf
p/protobuf,protobuf,v4.25.3,python,,p/protobuf/protobuf_v4.25.3_ubi_9.3.sh,https://github.com/protocolbuffers/protobuf
p/protobuf,protobuf,$1,java,,p/protobuf/protobuf-java_rhel_8.sh,https://github.com/protocolbuffers/protobuf.git
p/protobuf,protobuf,v2.5.0,java,,p/protobuf/protobuf-java_v2.5.0_rhel_8.sh,https://github.com/protocolbuffers/protobuf.git
p/psutil,psutil,release-7.1.3,python,,p/psutil/psutil_7.0.0_ubi_9.3.sh,https://github.com/giampaolo/psutil.git
p/psutil,psutil,release-5.9.0,python,,p/psutil/psutil_ubi_9.3.sh,https://github.com/giampaolo/psutil.git
p/py-filelock,py-filelock,3.18.0,python,,p/py-filelock/py-filelock_ubi_9.3.sh,https://github.com/benediktschmitt/py-filelock
p/py-filelock,py-filelock,n/a,python,,p/py-filelock/py-filelock_ubuntu_16.04.sh,https://github.com/benediktschmitt/py-filelock
p/py-make,py-make,v0.1.2,python,,p/py-make/py-make_ubi_9.3.sh,https://github.com/tqdm/py-make
p/py-make,py-make,v0.1.1,python,,p/py-make/py-make_ubi_8.5.sh,https://github.com/tqdm/py-make
p/pyephem,pyephem,4.2,python,,p/pyephem/pyephem_ubi_9.6.sh,https://github.com/brandon-rhodes/pyephem.git
p/pyiceberg,pyiceberg,pyiceberg-0.8.1,python,,p/pyiceberg/pyiceberg_ubi_9.3.sh,https://github.com/apache/iceberg-python
p/pymssql,pymssql,v2.3.11,python,,p/pymssql/pymssql_2.3.11_ubi_9.6.sh,https://github.com/pymssql/pymssql.git
p/pymssql,pymssql,v2.3.2,python,,p/pymssql/pymssql_2.3.2_ubi_9.3.sh,https://github.com/pymssql/pymssql.git
p/pymssql,pymssql,v2.2.5,python,,p/pymssql/pymssql_ubi_9.3.sh,https://github.com/pymssql/pymssql.git
p/pyodbc,pyodbc,5.2.0,python,,p/pyodbc/pyodbc_ubi_9.3.sh,https://github.com/mkleehammer/pyodbc
p/pyparsing,pyparsing,3.2.3,python,,p/pyparsing/pyparsing_ubi_9.3.sh,https://github.com/pyparsing/pyparsing.git
p/pyparsing,pyparsing,2.2.0,python,,p/pyparsing/pyparsing_ubuntu_18.04.sh,https://github.com/pyparsing/pyparsing
p/pypika,pypika,v0.49.0,python,,p/pypika/pypika_ubi_9.3.sh,https://github.com/kayak/pypika
p/pyro4,pyro4,4.82,python,,p/pyro4/pyro4_4.82_ubi_9.6.sh,https://github.com/irmen/Pyro4
p/pyro4,pyro4,${1:-,python,,p/pyro4/pyro4_ubi_8.5.sh,https://github.com/irmen/Pyro4
p/pyrsistent,pyrsistent,v0.18.0,python,,p/pyrsistent/pyrsistent_ubi_9.3.sh,https://github.com/tobgu/pyrsistent
p/pystan,pystan,3.10.0,python,,p/pystan/pystan_ubi_9.3.sh,https://github.com/stan-dev/pystan
p/pystan,pystan,,python,,p/pystan/conda.recipe/build.sh,
p/pystan,pystan,2.16.0.0,python,,p/pystan/pystan_ubuntu_16.04.sh,https://github.com/stan-dev/pystan.git
p/pytest-aiohttp,pytest-aiohttp,v1.0.5,python,,p/pytest-aiohttp/pytest-aiohttp_ubi_9.3.sh,https://github.com/aio-libs/pytest-aiohttp
p/pytest-aiohttp,pytest-aiohttp,0.3.0,python,,p/pytest-aiohttp/pytest-aiohttp_rhel_8.3.sh,https://github.com/aio-libs/pytest-aiohttp/
p/pytest-mock,pytest-mock,v3.14.1,python,,p/pytest-mock/pytest-mock_ubi_9.6.sh,https://github.com/pytest-dev/pytest-mock
p/pytest-mock,pytest-mock,1.6.3,python,,p/pytest-mock/pytest-mock_rhel_7.4.sh,https://github.com/pytest-dev/pytest-mock
p/python-fastjsonschema,python-fastjsonschema,v2.16.2,python,,p/python-fastjsonschema/python-fastjsonschema_ubi_9.3.sh,https://github.com/horejsek/python-fastjsonschema
p/python-fire,python-fire,v0.7.0,python,,p/python-fire/python_fire_ubi_9.3.sh,https://github.com/google/python-fire.git
p/python-fire,python-fire,v0.5.0,python,,p/python-fire/python_fire_ubi_8.7.sh,https://github.com/google/python-fire.git
p/python-memcached,python-memcached,1.62,python,,p/python-memcached/python-memcached_ubi_9.3.sh,https://github.com/linsomniac/python-memcached
p/python-memcached,python-memcached,,python,,p/python-memcached/conda.recipe/build.sh,
p/python-memcached,python-memcached,1.57,python,,p/python-memcached/python-memcached_ubuntu_16.04.sh,https://github.com/linsomniac/python-memcached
p/pyyaml,pyyaml,${1:-,python,,p/pyyaml/pyyaml_6.0_ubi_9.3.sh,https://github.com/yaml/pyyaml.git
p/pyyaml,pyyaml,${1:-,python,,p/pyyaml/pyyaml_ubi_9.3.sh,https://github.com/yaml/pyyaml.git
r/rdflib,rdflib,7.1.4 ,python,,r/rdflib/rdflib_ubi_9.6.sh,https://github.com/RDFLib/rdflib
r/rdflib,rdflib,master @ 4b114b3,python,,r/rdflib/rdflib_rhel_7.6.sh,https://github.com/mongodb/mongo-python-driver
r/rope,rope,1.13.0,python,,r/rope/rope_ubi_9.3.sh,https://github.com/python-rope/rope.git
r/rope,rope,1.10.0,python,,r/rope/rope_ubi_8.7.sh,https://github.com/python-rope/rope.git
s/scikit-image,scikit-image,v0.24.0,python,,s/scikit-image/scikit-image_ubi_9.3.sh,https://github.com/scikit-image/scikit-image
s/scikit-image,scikit-image,v0.26.0,python,,s/scikit-image/scikit-image_ubi_0.19.3_9.3.sh,https://github.com/scikit-image/scikit-image
s/scikit-image,scikit-image,v0.22.0,python,,s/scikit-image/scikit-image_ubi_8.10.sh,https://github.com/scikit-image/scikit-image
s/seaborn,seaborn, v0.13.2,python,,s/seaborn/seaborn_ubi_9.3.sh,https://github.com/mwaskom/seaborn.git
s/searxng,searxng,576c8ca99cde1a31e442ef61965e77c82349079b,python,,s/searxng/searxng_ubi_9.6.sh,https://github.com/searxng/searxng.git
s/sentry-python,sentry-python,2.33.2,python,,s/sentry-python/sentry-python_ubi_9.3.sh,https://github.com/getsentry/sentry-python
s/sentry-python,sentry-python,1.12.1,python,,s/sentry-python/sentry-python_1.12.1_ubi_8.7.sh,https://github.com/getsentry/sentry-python
s/sentry-python,sentry-python,"0.14.3,0.14.4,0.18.0,0.19.5,1.0.0",python,,s/sentry-python/sentry-python_ubi_8.4.sh,https://github.com/getsentry/sentry-python
s/sockjs-tornado,sockjs-tornado,master,python,,s/sockjs-tornado/sockjs-tornado_ubi_9.3.sh,https://github.com/mrjoes/sockjs-tornado.git
s/softlayer-python,softlayer-python,v6.2.6,python,,s/softlayer-python/softlayer-python_ubi_9.3.sh,https://github.com/softlayer/softlayer-python
s/sphinx-autodoc-typehints,sphinx-autodoc-typehints,${1:-,python,,s/sphinx-autodoc-typehints/sphinx-autodoc-typehints_ubi_9.3.sh,https://github.com/tox-dev/sphinx-autodoc-typehints
s/sphinx-autodoc-typehints,sphinx-autodoc-typehints,1.12.0,python,,s/sphinx-autodoc-typehints/sphinx-autodoc-typehints_ubi_8.5.sh,https://github.com/tox-dev/sphinx-autodoc-typehints
s/sphinx_rtd_theme,sphinx_rtd_theme,3.0.2,python,,s/sphinx_rtd_theme/sphinx_rtd_theme_ubi_9.3.sh,https://github.com/readthedocs/sphinx_rtd_theme.git
s/sphinx_rtd_theme,sphinx_rtd_theme,0.5.1,python,,s/sphinx_rtd_theme/sphinx_rtd_theme_ubi_8.5.sh,https://github.com/readthedocs/sphinx_rtd_theme.git
s/sphinxcontrib-programoutput,sphinxcontrib-programoutput,0.18,python,,s/sphinxcontrib-programoutput/sphinxcontrib-programoutput_ubi_9.6.sh,https://github.com/NextThought/sphinxcontrib-programoutput.git
s/sphinxcontrib-programoutput,sphinxcontrib-programoutput,0.17,python,,s/sphinxcontrib-programoutput/sphinxcontrib-programoutput_ubi_8.4.sh,https://github.com/NextThought/sphinxcontrib-programoutput.git
s/sqlalchemy,sqlalchemy,${1:-,python,,s/sqlalchemy/sqlalchemy_ubi_9.3.sh,https://github.com/sqlalchemy/sqlalchemy.git
s/sympy,sympy,sympy-1.12,python,,s/sympy/sympy_ubi_9.3.sh,https://github.com/sympy/sympy.git
t/termcolor,termcolor,1.1.0,python,,t/termcolor/termcolor_ubi_9.3.sh,https://github.com/termcolor/termcolor.git
t/terminado,terminado,${1:-,python,,t/terminado/terminado_ubi_9.3.sh,https://github.com/takluyver/terminado.git
t/terminado,terminado,0.6,python,,t/terminado/terminado_rhel_7.3.sh,https://github.com/takluyver/terminado
t/terminado,terminado,v0.17.1,python,,t/terminado/terminado_ubi_8_7.sh,https://github.com/takluyver/terminado.git
t/textstat,textstat,${1:-,python,,t/textstat/textstat_ubi_9.3.sh,https://github.com/textstat/textstat
t/textstat,textstat,0.6.0,python,,t/textstat/textstat_rhel_7.6.sh,https://github.com/shivam5992/textstat
t/textstat,textstat,0.7.4,python,,t/textstat/textstat_ubi_8_7.sh,https://github.com/textstat/textstat
t/tornado,tornado,v6.4.2,python,,t/tornado/tornado_ubi_9.3.sh,https://github.com/tornadoweb/tornado
t/treepoem,treepoem,${1:-,python,,t/treepoem/treepoem_3.27.1_ubi_9.3.sh,https://github.com/adamchainz/treepoem
t/treepoem,treepoem,${1:-,python,,t/treepoem/treepoem_ubi_9_3.sh,https://github.com/adamchainz/treepoem
t/treepoem,treepoem,v3.3.1,python,,t/treepoem/treepoem_rhel_7.6.sh,https://github.com/adamchainz/treepoem.git
t/tzdata,tzdata,${1:-,python,,t/tzdata/tzdata_ubi_9.3.sh,https://github.com/python/tzdata.git
u/ujson,ujson,5.10.0,python,,u/ujson/ujson_ubi_9.3.sh,https://github.com/ultrajson/ultrajson
u/uritools,uritools,v5.0.0,python,,u/uritools/uritools_ubi_9.3.sh,https://github.com/tkem/uritools/
u/uritools,uritools,3.0.1,python,,u/uritools/uritools_rhel_8.3.sh,https://github.com/tkem/uritools/
u/uritools,uritools,v3.0.0,python,,u/uritools/uritools_ubi_8.5.sh,https://pypi.io/packages/source/u/uritools/uritools-3.0.0.tar.gz
u/uvtools,uvtools,v0.2.0,python,,u/uvtools/uvtools_ubi_9.3.sh,https://github.com/HERA-Team/uvtools
u/uvtools,uvtools,v0.2.0,python,,u/uvtools/uvtools_ubi_8.10.sh,https://github.com/HERA-Team/uvtools
w/watchdog,watchdog,v6.0.0,python,,w/watchdog/watchdog_ubi_9.3.sh,https://github.com/gorakhargosh/watchdog
w/watchdog,watchdog,v2.0.3,python,,w/watchdog/watchdog_ubi_8.5.sh,https://github.com/gorakhargosh/watchdog
x/xattr,xattr,v1.1.4,python,,x/xattr/xattr_ubi_9.3.sh,https://github.com/xattr/xattr
a/abort-controller,abort-controller,v3.0.0,node,,a/abort-controller/abort-controller_ubi_9.3.sh,https://github.com/mysticatea/abort-controller
a/agentkeepalive,agentkeepalive,4.5.0,node,,a/agentkeepalive/agentkeepalive_ubi_9.3.sh,https://github.com/node-modules/agentkeepalive
a/agentkeepalive,agentkeepalive,master,node,,a/agentkeepalive/agentkeepalive_ubi_8.5.sh,https://github.com/node-modules/agentkeepalive
a/agentkeepalive,agentkeepalive,3.3.0,node,,a/agentkeepalive/agentkeepalive_rhel_8.3.sh,https://github.com/node-modules/agentkeepalive
a/ajv-formats,ajv-formats,v3.0.1,node,,a/ajv-formats/ajv-formats_ubi_9.3.sh,https://github.com/ajv-validator/ajv-formats
a/alasql,alasql, v4.5.1,javascript,,a/alasql/alasql_v4.5.1_ubi_9.3.sh,https://github.com/AlaSQL/${PACKAGE_NAME}.git
a/amqplib,amqplib,v0.10.4,node,,a/amqplib/amqplib_ubi_9.3.sh,https://github.com/amqp-node/amqplib
a/ansi-regex,ansi-regex,v6.1.0,node,,a/ansi-regex/ansi-regex_ubi_9.3.sh,https://github.com/chalk/ansi-regex
a/ansi-regex,ansi-regex,4.1.0,node,,a/ansi-regex/ansi-regex_rhel_8.3.sh,https://github.com/chalk/ansi-regex
a/argparse,argparse,2.0.1,javascript,,a/argparse/argparse_ubi_9.3.sh,https://github.com/nodeca/argparse.git
a/argparse,argparse,${1:-,javascript,,a/argparse/argparse_ubi_8.7.sh,https://github.com/nodeca/argparse.git
a/argparse,argparse,1.4.0,python,,a/argparse/argparse_rhel_7.3.sh,https://github.com/ThomasWaldmann/argparse.git
a/argparse,argparse,1.4.0,python,,a/argparse/argparse_ubuntu_16.04.sh,https://github.com/ThomasWaldmann/argparse.git
a/argparse,argparse,,python,,a/argparse/conda.recipe/build.sh,
a/async,async,v3.2.5,javascript,,a/async/async_ubi_9.3.sh,https://github.com/caolan/async.git
a/available-typed-arrays,available-typed-arrays,v1.0.7,node,,a/available-typed-arrays/available-typed-arrays_ubi_9.3.sh,https://github.com/inspect-js/available-typed-arrays
a/axios,axios,${1:v1.7.9},node,,a/axios/axios_ubi_9.3.sh,https://github.com/axios/axios
b/body-parser,body-parser,1.20.2,javascript,,b/body-parser/body-parser_ubi_9.3.sh,https://github.com/expressjs/body-parser
b/body-parser,body-parser,1.20.2,javascript,,b/body-parser/body-parser_ubi_8.7.sh,https://github.com/expressjs/body-parser
b/bowser,bowser,v2.11.0,node,,b/bowser/bowser_ubi_9.3.sh,https://github.com/bowser-js/bowser
b/busboy-node,busboy-node,v3.0.0,node,,b/busboy-node/busboy-node_ubi_9.3.sh,https://github.com/fastify/busboy
c/caniuse-lite,caniuse-lite,1.0.30001636,javascript,,c/caniuse-lite/caniuse-lite_ubi_9.3.sh,https://github.com/browserslist/caniuse-lite
c/caniuse-lite,caniuse-lite,1.0.30001481,node,,c/caniuse-lite/caniuse-lite_ubi_8.5.sh,https://github.com/browserslist/caniuse-lite.git
c/caniuse-lite,caniuse-lite,v1.0.30001173,java,,c/caniuse-lite/caniuse-lite_1.0.30001173_ubi_8.3.sh,https://github.com/browserslist/caniuse-lite.git
c/chalk,chalk,v5.3.0,node,,c/chalk/chalk_ubi_9.3.sh,https://github.com/chalk/chalk
c/chalk,chalk,v5.2.0,javascript,,c/chalk/chalk_ubi_8.7.sh,https://github.com/chalk/chalk.git
c/chalk,chalk,4.1.1,node,,c/chalk/chalk_rhel_8.3.sh,https://github.com/chalk/chalk
c/character-entities,character-entities,2.0.2,node,,c/character-entities/character-entities_ubi_9.3.sh,https://github.com/wooorm/character-entities
c/chownr,chownr,v3.0.0,node,,c/chownr/chownr_ubi_9.3.sh,https://github.com/isaacs/chownr
c/chrome-trace-event,chrome-trace-event,v1.0.3,node,,c/chrome-trace-event/chrome-trace-event_ubi_9.3.sh,https://github.com/samccone/chrome-trace-event
c/cjs-module-lexer,cjs-module-lexer,1.3.1,node,,c/cjs-module-lexer/cjs-module-lexer_ubi_9.3.sh,https://github.com/nodejs/cjs-module-lexer
c/clsx,clsx,v2.1.1,node,,c/clsx/clsx_ubi_9.3.sh,https://github.com/lukeed/clsx
c/cluster-key-slot,cluster-key-slot,v1.1.2,node,,c/cluster-key-slot/cluster-key-slot_ubi_9.3.sh,https://github.com/invertase/cluster-key-slot
c/colorette,colorette,2.0.20,javascript,,c/colorette/colorette_ubi_9.3.sh,https://github.com/jorgebucaran/colorette.git
c/colorette,colorette,1.2.2,node,,c/colorette/colorette_rhel_8.3.sh,https://github.com/jorgebucaran/colorette
c/commons-compress,commons-compress,rel/commons-compress-1.26.0,javascript,,c/commons-compress/commons-compress_v1.26.0_ubi_9.sh,https://github.com/apache/${PACKAGE_NAME}.git
c/commons-compress,commons-compress,rel/1.19,java,,c/commons-compress/commons-compress_1.19_1.18_1.9_ubuntu_18.04.sh,https://github.com/apache/commons-compress.git
c/commons-compress,commons-compress,1.19,java,,c/commons-compress/commons-compress_1.19_1.18_1.9_ubi_8.3.sh,https://github.com/apache/commons-compress.git
c/connect-redis,connect-redis,v7.1.1,node,,c/connect-redis/connect-redis_ubi_9.3.sh,https://github.com/tj/connect-redis
c/cookies,cookies,0.9.1,javascript,,c/cookies/cookies_ubi_9.3.sh,http://github.com/pillarjs/cookies
c/create-react-context,create-react-context,80c7bb9,node,,c/create-react-context/create-react-context_ubi_9.3.sh,https://github.com/codemayonnaise/create-react-context
c/crypto-browserify,crypto-browserify,v3.12.0,node,,c/crypto-browserify/crypto-browserify_ubi_9.3.sh,https://github.com/browserify/crypto-browserify
c/cssnano,cssnano,cssnano@7.0.4,node,,c/cssnano/cssnano_ubi_9.3.sh,https://github.com/cssnano/cssnano
d/d3,d3,v7.9.0,javascript,,d/d3/d3_v7.9.0_ubi_9.5.sh,https://github.com/d3/d3.git
d/d3,d3,v7.8.2,javascript,,d/d3/d3_ubi_8.5.sh,https://github.com/d3/d3.git
d/d3,d3,4.13.0,node,,d/d3/d3_rhel_8.3.sh,https://github.com/d3/d3
d/d3,d3,4.12.0,node,,d/d3/d3_ubuntu_16.04.sh,https://github.com/mbostock/d3.git
d/d3-chord,d3-chord,v3.0.1,node,,d/d3-chord/d3-chord_ubi_9.3.sh,https://github.com/d3/d3-chord
d/d3-chord,d3-chord,v3.0.1,node,,d/d3-chord/d3-chord_v3.0.1_UBI_8.5.sh,https://github.com/d3/d3-chord
d/d3-chord,d3-chord,1.0.4,node,,d/d3-chord/d3-chord_rhel_8.3.sh,https://github.com/d3/d3-chord
d/d3-contour,d3-contour,v4.0.2,node,,d/d3-contour/d3-contour_ubi_9.3.sh,https://github.com/d3/d3-contour
d/d3-dispatch,d3-dispatch,${1:-,javascript,,d/d3-dispatch/d3-dispatch_ubi_9_3.sh,https://github.com/d3/d3-dispatch
d/d3-dispatch,d3-dispatch,${1:-,javascript,,d/d3-dispatch/d3-dispatch_ubi_8_5.sh,https://github.com/d3/d3-dispatch
d/d3-dispatch,d3-dispatch,1.0.3,node,,d/d3-dispatch/d3-dispatch_rhel_8.3.sh,https://github.com/d3/d3-dispatch
d/d3-dsv,d3-dsv,${1:-,javascript,,d/d3-dsv/d3-dsv_ubi_9_3.sh,https://github.com/d3/d3-dsv
d/d3-dsv,d3-dsv,${1:-,javascript,,d/d3-dsv/d3-dsv_ubi_8_5.sh,https://github.com/d3/d3-dsv
d/d3-dsv,d3-dsv,1.0.8,node,,d/d3-dsv/d3-dsv_rhel_8.3.sh,https://github.com/d3/d3-dsv
d/d3-polygon,d3-polygon,${1:-,javascript,,d/d3-polygon/d3-polygon_ubi_9_3.sh,https://github.com/d3/d3-polygon
d/d3-polygon,d3-polygon,${1:-,javascript,,d/d3-polygon/d3-polygon_ubi_8_5.sh,https://github.com/d3/d3-polygon
d/d3-polygon,d3-polygon,1.0.3,node,,d/d3-polygon/d3-polygon_rhel_8.3.sh,https://github.com/d3/d3-polygon
d/d3-quadtree,d3-quadtree,${1:-,javascript,,d/d3-quadtree/d3-quadtree_ubi_9_3.sh,https://github.com/d3/d3-quadtree
d/d3-quadtree,d3-quadtree,${1:-,javascript,,d/d3-quadtree/d3-quadtree_ubi_8_5.sh,https://github.com/d3/d3-quadtree
d/d3-quadtree,d3-quadtree,1.0.3,node,,d/d3-quadtree/d3-quadtree_rhel_8.3.sh,https://github.com/d3/d3-quadtree
d/d3-shape,d3-shape,v3.2.0,node,,d/d3-shape/d3-shape_ubi_9.3.sh,https://github.com/d3/d3-shape
d/diffie-hellman,diffie-hellman,v5.0.3,node,,d/diffie-hellman/diffie-hellman_ubi_9.3.sh,https://github.com/browserify/diffie-hellman
d/dompurify,dompurify,3.1.2,node,,d/dompurify/dompurify_ubi_9.3.sh,https://github.com/cure53/DOMPurify
d/downshift,downshift,v9.0.4,node,,d/downshift/downshift_ubi_9.3.sh,https://github.com/downshift-js/downshift
d/downshift,downshift,v5.2.1,node,,d/downshift/downshift_rhel_8.5.sh,https://github.com/downshift-js/downshift
d/downshift,downshift,2.0.17,node,,d/downshift/downshift_ubuntu_18.04.sh,https://github.com/paypal/downshift
d/dustjs,dustjs,v3.0.1,node,,d/dustjs/dustjs_ubi_9.3.sh,https://github.com/linkedin/dustjs
d/dustjs,dustjs,v3.0.0,node,,d/dustjs/dustjs_ubi_8.3.sh,https://github.com/linkedin/dustjs.git
e/ejs,ejs,v3.1.10,node,,e/ejs/ejs_v3.1.10_ubi_9.3.sh,https://github.com/mde/ejs.git
e/entities,entities,2.2.0,node,,e/entities/entities_rhel_8.3.sh,https://github.com/fb55/entities
e/es-abstract,es-abstract,v1.23.3,node,,e/es-abstract/es-abstract_ubi_9.3.sh,https://github.com/ljharb/es-abstract
e/es-abstract,es-abstract,e48494c,node,,e/es-abstract/es-abstract_ubi_8.5.sh,https://github.com/ljharb/es-abstract.git
e/es-abstract,es-abstract,1.18.0,node,,e/es-abstract/es-abstract_rhel_8.3.sh,https://github.com/ljharb/es-abstract
e/es-to-primitive,es-to-primitive,v1.2.1,javascript,,e/es-to-primitive/es-to-primitive_ubi_9.3.sh,https://github.com/ljharb/es-to-primitive.git
e/es-to-primitive,es-to-primitive,v1.2.1,node,,e/es-to-primitive/es-to-primitive_ubi_8.5.sh,https://github.com/ljharb/es-to-primitive
e/eslint,eslint,v9.2.0,javascript,,e/eslint/eslint_ubi_9.3.sh,https://github.com/eslint/eslint.git
e/eslint,eslint,v8.57.0,javascript,,e/eslint/eslint_v8.57.0_ubi_9.3.sh,https://github.com/${PACKAGE_NAME}/${PACKAGE_NAME}.git
e/eslint,eslint,v8.30.0,javascript,,e/eslint/eslint_ubi_8.5.sh,https://github.com/eslint/eslint.git
e/eslint,eslint,4.16.0,node,,e/eslint/eslint_rhel_7.4.sh,https://github.com/eslint/eslint
e/eslint,eslint,4.16.0,node,,e/eslint/eslint_ubuntu_16.04.sh,https://github.com/eslint/eslint
e/eslint-plugin-prettier,eslint-plugin-prettier,v5.2.1,javascript,,e/eslint-plugin-prettier/eslint-plugin-prettier_ubi_9.3.sh,https://github.com/prettier/eslint-plugin-prettier.git
e/eslint-scope-5-internals,eslint-scope-5-internals,v5.1.1-v1,node,,e/eslint-scope-5-internals/eslint-scope-5-internals_ubi_9.3.sh,https://github.com/nicolo-ribaudo/eslint-scope-5-internals
e/eslintrc,eslintrc,v2.1.4,node,,e/eslintrc/eslintrc_ubi_9.3.sh,https://github.com/eslint/eslintrc
e/event-loop-stats,event-loop-stats,v1.4.1,node,,e/event-loop-stats/event-loop-stats_ubi_9.3.sh,https://github.com/bripkens/event-loop-stats
f/fancytree,fancytree,v2.38.3,node,,f/fancytree/fancytree_v2.38.3_debiantrixie.sh,https://github.com/mar10/${PACKAGE_NAME}.git
f/fancytree,fancytree,v2.38.3,node,,f/fancytree/fancytree_v2.38.3_ubi_9.3.sh,https://github.com/mar10/${PACKAGE_NAME}.git
f/fancytree,fancytree,v2.37.0,node,,f/fancytree/fancytree_ubi_8.5.sh,https://github.com/mar10/fancytree.git
f/fbjs,fbjs,fbjs-v3.0.5,javascript,,f/fbjs/fbjs_ubi_9.3.sh,https://github.com/facebook/fbjs
f/fbjs,fbjs,${1:-,node,,f/fbjs/fbjs_ubi_8.5.sh,https://github.com/facebook/fbjs
f/fbjs,fbjs,v0.6.1,node,,f/fbjs/fbjs_v0.6.1_ubuntu_18.04.sh,https://github.com/facebook/fbjs.git
f/fbjs,fbjs,v0.6.1,node,,f/fbjs/fbjs_UBI_8.0.sh,https://github.com/facebook/fbjs.git
f/fbjs,fbjs,0.8.17,node,,f/fbjs/fbjs_ubuntu_18.04.sh,https://github.com/facebook/fbjs
f/fetch-blob,fetch-blob,v4.0.0,node,,f/fetch-blob/fetch-blob_ubi_9.3.sh,https://github.com/node-fetch/fetch-blob
f/fetch-blob,fetch-blob,v3.2.0,node,,f/fetch-blob/fetch-blob_v3.2.0_ubi_9.3.sh,https://github.com/node-fetch/fetch-blob
f/fixedheader,fixedheader,${1:-,javascript,,f/fixedheader/fixedheader_ubi_9_3.sh,https://github.com/DataTables/FixedHeader
f/fixedheader,fixedheader,${1:-,javascript,,f/fixedheader/fixedheader_ubi_8_7.sh,https://github.com/DataTables/FixedHeader
f/flatpickr,flatpickr,v4.6.9,node,,f/flatpickr/flatpickr_ubi_8.5.sh,https://github.com/chmln/flatpickr.git
f/flatpickr,flatpickr,4.6.1,node,,f/flatpickr/flatpickr_rhel_8.3.sh,https://github.com/chmln/flatpickr
f/flatpickr,flatpickr,4.5.1,node,,f/flatpickr/flatpickr_ubuntu_18.04.sh,https://github.com/chmln/flatpickr.git
f/form-data-encoder,form-data-encoder,v4.0.2,node,,f/form-data-encoder/form-data-encoder_ubi_9.3.sh,https://github.com/octet-stream/form-data-encoder
f/form-data-encoder,form-data-encoder,v2.1.4,node,,f/form-data-encoder/form-data-encoder_v2.1.14_ubi_9.3.sh,https://github.com/octet-stream/form-data-encoder
g/gen-mapping,gen-mapping,v0.3.5,node,,g/gen-mapping/gen-mapping_ubi_9.3.sh,https://github.com/jridgewell/gen-mapping
g/get-css-data,get-css-data,${1:v2.1.1},node,,g/get-css-data/get-css-data_ubi_9.3.sh,https://github.com/jhildenbiddle/get-css-data
g/google-auth-library-nodejs,google-auth-library-nodejs,v9.14.1,node,,g/google-auth-library-nodejs/google-auth-library-nodejs_ubi_9.3.sh,https://github.com/googleapis/google-auth-library-nodejs.git
g/gopd,gopd,v1.0.1,node,,g/gopd/gopd_ubi_9.3.sh,https://github.com/ljharb/gopd
g/got,got,v14.4.2,node,,g/got/got_ubi_9.3.sh,https://github.com/sindresorhus/got
g/got,got,v13.0.0,node,,g/got/got_v13_ubi_9.3.sh,https://github.com/sindresorhus/got
g/graphlib,graphlib,v3.0.1,node,,g/graphlib/graphlib_ubi_9.3.sh,https://github.com/dagrejs/graphlib
g/gulp,gulp,v5.0.0,javascript,,g/gulp/gulp_ubi_9.3.sh,https://github.com/gulpjs/gulp
g/gulp,gulp,v4.0.2,javascript,,g/gulp/gulp_ubi_8.7.sh,https://github.com/gulpjs/gulp
h/has-symbols,has-symbols,main,node,,h/has-symbols/has-symbols_ubi_9.3.sh,https://github.com/inspect-js/has-symbols.git
h/has-symbols,has-symbols,${1:-,node,,h/has-symbols/has-symbols_ubi_8.5.sh,https://github.com/inspect-js/has-symbols
h/hexoid,hexoid,v1.0.0,node,,h/hexoid/hexoid_ubi_9.3.sh,https://github.com/lukeed/hexoid
h/hey-listen,hey-listen,8452583,node,,h/hey-listen/hey-listen_ubi_9.3.sh,https://github.com/mattgperry/hey-listen
h/hoek,hoek,v11.0.4,node,,h/hoek/hoek_ubi_9.3.sh,https://github.com/hapijs/hoek
h/hoek,hoek,941a932b8be873bd119c6680c368116c52845e4a,node,,h/hoek/hoek_ubi_8.5.sh,https://github.com/hapijs/hoek
h/hoek,hoek,5.0.4,node,,h/hoek/hoek_rhel_8.3.sh,https://github.com/hapijs/hoek
h/hoek,hoek,5.0.3,node,,h/hoek/hoek_ubuntu_18.04.sh,https://github.com/hapijs/hoek
h/http-timer,http-timer,v5.0.1,node,,h/http-timer/http-timer_ubi_9.3.sh,https://github.com/szmarczak/http-timer
h/http2-wrapper,http2-wrapper,v2.2.1,node,,h/http2-wrapper/http2-wrapper_ubi_9.3.sh,https://github.com/szmarczak/http2-wrapper
i/i18next-fs-backend,i18next-fs-backend,v2.3.2,node,,i/i18next-fs-backend/i18next-fs-backend_ubi_9.3.sh,https://github.com/i18next/i18next-fs-backend
i/immer,immer,v10.1.1,node,,i/immer/immer_ubi_9.3.sh,https://github.com/immerjs/immer
i/immutable-js,immutable-js,v4.1.0,node,,i/immutable-js/immutable-js_ubi_9.3.sh,https://github.com/immutable-js/immutable-js
i/import-fresh,import-fresh,v3.3.0,node,,i/import-fresh/import-fresh_ubi_9.3.sh,https://github.com/sindresorhus/import-fresh
i/inert,inert,3.1.3,node,,i/inert/inert_ubi_9.3.sh,https://github.com/WICG/inert
i/inert,inert,v3.1.1,node,,i/inert/inert_ubi_8.5.sh,https://github.com/WICG/inert.git
i/intl.js,intl.js,v1.2.5,node,,i/intl.js/intl.js_ubi_9.3.sh,https://github.com/andyearnshaw/Intl.js
i/invariant-node,invariant-node,v2.0.0,node,,i/invariant-node/invariant-node_ubi_9.3.sh,https://github.com/react-dnd/invariant
i/is-installed-globally,is-installed-globally,v1.0.0,node,,i/is-installed-globally/is-installed-globally_ubi_9.3.sh,https://github.com/sindresorhus/is-installed-globally
i/is-map,is-map,v2.0.3,node,,i/is-map/is-map_ubi_9.3.sh,https://github.com/inspect-js/is-map
i/is-regex,is-regex,v1.1.4,javascript,,i/is-regex/is-regex_ubi_9.3.sh,https://github.com/inspect-js/is-regex.git
i/is-regex,is-regex,v1.1.4,node,,i/is-regex/is-regex_ubi_8.5.sh,https://github.com/inspect-js/is-regex.git
i/is-set,is-set,v2.0.3,node,,i/is-set/is-set_ubi_9.3.sh,https://github.com/inspect-js/is-set
i/isexe,isexe,v3.1.1,node,,i/isexe/isexe_ubi_9.3.sh,https://github.com/isaacs/isexe
j/jQuery-Timepicker-Addon,jQuery-Timepicker-Addon,v1.6.3,javascript,,j/jQuery-Timepicker-Addon/jQuery-Timepicker-Addon_v1.6.3_ubi_9.3.sh,https://github.com/trentrichardson/${PACKAGE_NAME}.git
j/jest,jest,v29.7.0,node,,j/jest/jest_ubi_9.3.sh,https://github.com/jestjs/jest
j/jqtree,jqtree,1.8.7,javascript,,j/jqtree/jqtree_ubi_9.3.sh,https://github.com/mbraak/jqTree.git
j/jquery-once,jquery-once,2.3.0,javascript,,j/jquery-once/jquery-once_ubi_9.3.sh,https://github.com/RobLoach/jquery-once
j/js-cookie,js-cookie,${1:-,javascript,,j/js-cookie/js-cookie_ubi_9_3.sh,https://github.com/js-cookie/js-cookie
j/js-cookie,js-cookie,v3.0.0,node,,j/js-cookie/js-cookie_ubi_8.5.sh,https://github.com/js-cookie/js-cookie.git
j/js-cookie,js-cookie,${1:-,javascript,,j/js-cookie/js-cookie_ubi_8_7.sh,https://github.com/js-cookie/js-cookie
j/js-liftup,js-liftup,v3.0.1,node,,j/js-liftup/js-liftup_ubi_9.3.sh,https://github.com/gruntjs/js-liftup
k/knockout,knockout,v3.5.1,javascript,,k/knockout/knockout_v3.5.1_ubi_9.3.sh,https://github.com/$PACKAGE_NAME/$PACKAGE_NAME.git
l/lang-javascript,lang-javascript,6.2.2,node,,l/lang-javascript/lang-javascript_ubi_9.3.sh,https://github.com/codemirror/lang-javascript
l/lang-python,lang-python,6.1.6,node,,l/lang-python/lang-python_ubi_9.3.sh,https://github.com/codemirror/lang-python
l/lang-sql,lang-sql,6.7.0,node,,l/lang-sql/lang-sql_ubi_9.3.sh,https://github.com/codemirror/lang-sql
l/language,language,6.10.2,node,,l/language/language_ubi_9.3.sh,https://github.com/codemirror/language
l/legacy-modes,legacy-modes,6.4.2,node,,l/legacy-modes/legacy-modes_ubi_9.3.sh,https://github.com/codemirror/legacy-modes
l/less.js,less.js,v4.2.0,javascript,,l/less.js/less.js_v4.2.0_ubi_9.3.sh,https://github.com/less/$PACKAGE_NAME.git
l/log4js-node,log4js-node,${1:-,javascript,,l/log4js-node/log4js-node_ubi_9_3.sh,https://github.com/log4js-node/log4js-node
l/log4js-node,log4js-node,${1:-,javascript,,l/log4js-node/log4js-node_ubi_8_7.sh,https://github.com/log4js-node/log4js-node
l/long.js,long.js,v5.2.3,javascript,,l/long.js/long.js_ubi_9.3.sh,https://github.com/dcodeIO/long.js.git
l/loopback-datasource-juggler,loopback-datasource-juggler,master,javascript,,l/loopback-datasource-juggler/loopback-datasource-juggler_ubi_9.3.sh,https://github.com/loopbackio/loopback-datasource-juggler
l/loopback-datasource-juggler,loopback-datasource-juggler,master,javascript,,l/loopback-datasource-juggler/loopback-datasource-juggler_ubi_8.7.sh,https://github.com/loopbackio/loopback-datasource-juggler
l/loopback-datasource-juggler,loopback-datasource-juggler,3.9.2,node,,l/loopback-datasource-juggler/loopback-datasource-juggler_ubuntu_16.04.sh,https://github.com/strongloop/loopback-datasource-juggler.git
m/mathjax,mathjax,3.2.2,javascript,,m/mathjax/mathjax_ubi_9.3.sh,https://github.com/mathjax/MathJax
m/mathjax,mathjax,${1:-,javascript,,m/mathjax/mathjax_ubi_8.7.sh,https://github.com/mathjax/MathJax
m/mathjax,mathjax,,node,,m/mathjax/conda.recipe/build.sh,
m/mathjax,mathjax,1.1,node,,m/mathjax/mathjax_rhel_7.3.sh,https://github.com/mathjax/MathJax.git
m/mathjax,mathjax,1.1,node,,m/mathjax/mathjax_ubuntu_16.04.sh,https://github.com/mathjax/MathJax.git
m/mdast-util-definitions,mdast-util-definitions,6.0.0,node,,m/mdast-util-definitions/mdast-util-definitions_ubi_9.3.sh,https://github.com/syntax-tree/mdast-util-definitions
m/module-importer,module-importer,v1.0.1,node,,m/module-importer/module-importer_ubi_9.3.sh,https://github.com/humanwhocodes/module-importer
n/nan,nan,v2.19.0,node,,n/nan/nan_ubi_9.3.sh,https://github.com/nodejs/nan
n/nan,nan,v2.15.0,node,,n/nan/nan_ubi_8.4.sh,https://github.com/nodejs/nan
n/nano-css,nano-css,v5.6.2,node,,n/nano-css/nano-css_ubi_9.3.sh,https://github.com/streamich/nano-css
n/nestedsortable,nestedsortable,master,node,,n/nestedsortable/nestedsortable_ubi_9.3.sh,https://github.com/ilikenwf/nestedSortable
n/node-asn1,node-asn1,master,node,,n/node-asn1/node-asn1_ubi_9.3.sh,https://github.com/TritonDataCenter/node-asn1
n/node-assert-plus,node-assert-plus,master,javascript,,n/node-assert-plus/node-assert-plus_ubi_9.3.sh,https://github.com/TritonDataCenter/node-assert-plus
n/node-assert-plus,node-assert-plus,v0.1.5,node,,n/node-assert-plus/node-assert-plus_ubi_8.5.sh,https://github.com/mcavage/node-assert-plus
n/node-assert-plus,node-assert-plus,1.0.0,node,,n/node-assert-plus/node-assert-plus_ubuntu_18.04.sh,https://github.com/mcavage/node-assert-plus.git
n/node-buffer-more-ints,node-buffer-more-ints,e0909f1,node,,n/node-buffer-more-ints/node-buffer-more-ints_ubi_9.3.sh,https://github.com/dpw/node-buffer-more-ints
n/node-data-uri-to-buffer,node-data-uri-to-buffer,4.0.1,node,,n/node-data-uri-to-buffer/node-data-uri-to-buffer_ubi_9.3.sh,https://github.com/TooTallNate/node-data-uri-to-buffer
n/node-fetch,node-fetch,v3.3.2,javascript,,n/node-fetch/node-fetch_ubi_9.3.sh,https://github.com/node-fetch/node-fetch.git
n/node-fetch,node-fetch,2.2.0,node,,n/node-fetch/node-fetch_ubuntu_18.04.sh,https://github.com/bitinn/node-fetch
n/node-fibers,node-fibers,v5.0.2,node,,n/node-fibers/node-fibers_ubi_9.3.sh,https://github.com/laverdet/node-fibers
n/node-fs-extra,node-fs-extra,8.1.0,node,,n/node-fs-extra/node-fs-extra_8.1.0_ubi_9.3.sh,https://github.com/jprichardson/node-fs-extra
n/node-fs-extra,node-fs-extra,11.2.0,node,,n/node-fs-extra/node-fs-extra_ubi_9.3.sh,https://github.com/jprichardson/node-fs-extra
n/node-graceful-fs,node-graceful-fs,v4.2.11,node,,n/node-graceful-fs/node-graceful-fs_ubi_9.3.sh,https://github.com/isaacs/node-graceful-fs
n/node-graceful-fs,node-graceful-fs,v4.2.3,node,,n/node-graceful-fs/node-graceful-fs_ubi_8.5.sh,https://github.com/isaacs/node-graceful-fs.git
n/node-http-proxy-agent,node-http-proxy-agent,5.0.0,node,,n/node-http-proxy-agent/node-http-proxy-agent_ubi_9.3.sh,https://github.com/TooTallNate/node-http-proxy-agent
n/node-http-proxy-agent,node-http-proxy-agent,5.0.0,node,,n/node-http-proxy-agent/node-http-proxy-agent_ubi_8.5.sh,https://github.com/TooTallNate/node-http-proxy-agent.git
n/node-ignore,node-ignore,${1:7.0.0},node,,n/node-ignore/node-ignore_ubi_9.3.sh,https://github.com/kaelzhang/node-ignore
n/node-lint,node-lint,6.8.1,node,,n/node-lint/node-lint_ubi_9.3.sh,https://github.com/codemirror/lint
n/node-newrelic,node-newrelic,v12.5.0,javascript,,n/node-newrelic/node-newrelic_ubi_9.3.sh,https://github.com/newrelic/node-newrelic
n/node-pre-gyp,node-pre-gyp,v1.0.11,node,,n/node-pre-gyp/node-pre-gyp_ubi_9.3.sh,https://github.com/mapbox/node-pre-gyp
n/node-prometheus-gc-stats,node-prometheus-gc-stats,${1:v1.1.0},node,,n/node-prometheus-gc-stats/node-prometheus-gc-stats_ubi_9.3.sh,https://github.com/SimenB/node-prometheus-gc-stats
n/nodelib,nodelib,${1:-,node,,n/nodelib/nodelib_ubi_9.3.sh,https://github.com/nodelib/nodelib
n/nodelib,nodelib,${1:-,node,,n/nodelib/nodelib_1.2.8_ubi_8.7.sh,https://github.com/nodelib/nodelib
n/nodelib,nodelib,d6a7960,node,,n/nodelib/nodelib_ubi_8.5.sh,https://github.com/nodelib/nodelib
o/object-hash,object-hash,v3.0.0,node,,o/object-hash/object-hash_ubi_9.3.sh,https://github.com/puleos/object-hash
o/object-hash,object-hash,2.1.1,node,,o/object-hash/object-hash_rhel_8.3.sh,https://github.com/puleos/object-hash
o/object-schema,object-schema,v2.0.3,node,,o/object-schema/object-schema_ubi_9.3.sh,https://github.com/humanwhocodes/object-schema
o/openapi-specification,openapi-specification,main,node,,o/openapi-specification/openapi-specification_ubi_9.3.sh,https://github.com/OAI/OpenAPI-Specification.git
o/openapi-specification,openapi-specification,main,node,,o/openapi-specification/openapi-specification_ubi_8.7.sh,https://github.com/OAI/OpenAPI-Specification.git
o/opentelemetry-js-contrib,opentelemetry-js-contrib,${1:-,node,,o/opentelemetry-js-contrib/opentelemetry-js-contrib_ubi_8.5.sh,https://github.com/open-telemetry/opentelemetry-js-contrib
p/parse-entities,parse-entities,4.0.1,node,,p/parse-entities/parse-entities_ubi_9.3.sh,https://github.com/wooorm/parse-entities
p/passport-local,passport-local,1.0.0,node,,p/passport-local/passport-local_ubuntu_16.04.sh,https://github.com/jaredhanson/passport-local.git
p/picomatch,picomatch,4.0.2,node,,p/picomatch/picomatch_ubi_9.3.sh,https://github.com/micromatch/picomatch
p/picomatch,picomatch,4.0.1,node,,p/picomatch/picomatch_ubi_8.7.sh,https://github.com/micromatch/picomatch
p/picomatch,picomatch,2.2.3,node,,p/picomatch/picomatch_rhel_8.3.sh,https://github.com/micromatch/picomatch
p/pino-abstract-transport,pino-abstract-transport,v2.0.0,javascript,,p/pino-abstract-transport/pino-abstract-transport_ubi_9.3.sh,https://github.com/pinojs/pino-abstract-transport.git
p/promise-pool,promise-pool,v3.2.0,node,,p/promise-pool/promise-pool_ubi_9.3.sh,https://github.com/supercharge/promise-pool
p/property-information,property-information,6.5.0,node,,p/property-information/property-information_ubi_9.3.sh,https://github.com/wooorm/property-information
p/proxy-agents,proxy-agents,5.0.1,node,,p/proxy-agents/proxy-agents_ubi_9.3.sh,https://github.com/TooTallNate/proxy-agents
q/qunit,qunit,2.21.0,javascript,,q/qunit/qunit_ubi_9.3.sh,https://github.com/qunitjs/qunit
q/qunit,qunit,v1.14.0,node,,q/qunit/qunit_ubuntu_18.04.sh,https://github.com/qunitjs/qunit
r/randomfill,randomfill,v1.0.4,node,,r/randomfill/randomfill_ubi_9.3.sh,https://github.com/browserify/randomfill
r/react-autocomplete,react-autocomplete,v1.8.2,node,,r/react-autocomplete/react-autocomplete_ubi_9.3.sh,https://github.com/codemayonnaise/react-autocomplete
r/react-contextmenu,react-contextmenu,v2.14.0,node,,r/react-contextmenu/react-contextmenu_ubi_9.3.sh,https://github.com/vkbansal/react-contextmenu
r/react-dnd-scrollzone,react-dnd-scrollzone,v4.0.0,node,,r/react-dnd-scrollzone/react-dnd-scrollzone_ubi_9.3.sh,https://github.com/codemayonnaise/react-dnd-scrollzone
r/react-from-dom,react-from-dom,v0.6.2,node,,r/react-from-dom/react-from-dom_ubi_9.3.sh,https://github.com/gilbarbara/react-from-dom
r/react-grid-layout,react-grid-layout,1.4.1,node,,r/react-grid-layout/react-grid-layout_ubi_9.3.sh,https://github.com/STRML/react-grid-layout
r/react-grid-layout,react-grid-layout,0.16.6,node,,r/react-grid-layout/react-grid-layout_ubuntu_18.04.sh,https://github.com/STRML/react-grid-layout.git
r/react-native-device-info,react-native-device-info,v11.1.0,javascript,,r/react-native-device-info/react-native-device-info_v11.1.0_ubi9.3.sh,https://github.com/${PACKAGE_NAME}/${PACKAGE_NAME}.git
r/react-native-localize,react-native-localize,2.2.4,javascript,,r/react-native-localize/react-native-localize_v2.2.4_ubi_9.3.sh,https://github.com/zoontek/$PACKAGE_NAME.git
r/react-native-netinfo,react-native-netinfo,v11.3.2,javascript,,r/react-native-netinfo/react-native-netinfo_v11.3.2_ubi_9.3.sh,https://github.com/react-native-netinfo/react-native-netinfo.git
r/react-native-safe-area-context,react-native-safe-area-context,v4.10.8,javascript,,r/react-native-safe-area-context/react-native-safe-area-context_v4.10.8_ubi9.3.sh,https://github.com/AppAndFlow/${PACKAGE_NAME}.git
r/react-navigation,react-navigation,6.1.17,javascript,,r/react-navigation/react-navigation-native_v6.1.17_ubi_9.5.sh,https://github.com/react-navigation/$PACKAGE_NAME.git
r/react-popper,react-popper,v2.3.0,node,,r/react-popper/react-popper_ubi_9.3.sh,https://github.com/floating-ui/react-popper
r/react-sortable-tree,react-sortable-tree,v4.2.2,node,,r/react-sortable-tree/react-sortable-tree_ubi_9.3.sh,https://github.com/codemayonnaise/react-sortable-tree
r/react-use,react-use,v17.5.1,node,,r/react-use/react-use_ubi_9.3.sh,https://github.com/streamich/react-use
r/react-window,react-window,1.8.10,node,,r/react-window/react-window_ubi_9.3.sh,https://github.com/bvaughn/react-window
r/read-package-json-fast,read-package-json-fast,v3.0.2,node,,r/read-package-json-fast/read-package-json-fast_ubi_9.3.sh,https://github.com/npm/read-package-json-fast
r/read-package-json-fast,read-package-json-fast,"v1.2.1, v2.0.2",node,,r/read-package-json-fast/read-package-json-fast_ubi_8.3.sh,https://github.com/npm/read-package-json-fast.git
r/remapping,remapping,v2.3.0,node,,r/remapping/remapping_ubi_9.3.sh,https://github.com/ampproject/remapping
r/requires-port,requires-port,07e8e82,node,,r/requires-port/requires-port_ubi_9.3.sh,https://github.com/unshiftio/requires-port
r/requires-port,requires-port,115d118,node,,r/requires-port/requires-port_ubi_8.5.sh,https://github.com/unshiftio/requires-port.git
r/resolve,resolve,6.2.2,node,,r/resolve/resolve_ubi_9.3.sh,https://github.com/browserify/resolve
r/resolve-uri,resolve-uri,v3.1.2,node,,r/resolve-uri/resolve-uri_ubi_9.3.sh,https://github.com/jridgewell/resolve-uri
r/rtl-css-js,rtl-css-js,v1.16.1,node,,r/rtl-css-js/rtl-css-js_ubi_9.3.sh,https://github.com/kentcdodds/rtl-css-js
r/run-parallel,run-parallel,v1.2.0,node,,r/run-parallel/run-parallel_ubi_9.3.sh,https://github.com/feross/run-parallel
s/screenfull,screenfull,v6.0.2,node,,s/screenfull/screenfull_ubi_9.3.sh,https://github.com/sindresorhus/screenfull
s/search,search,6.5.6,node,,s/search/search_ubi_9.3.sh,https://github.com/codemirror/search
s/set-array,set-array,v1.2.1,node,,s/set-array/set-array_ubi_9.3.sh,https://github.com/jridgewell/set-array
s/shallowequal,shallowequal,8e7f1b9,node,,s/shallowequal/shallowequal_ubi_9.3.sh,https://github.com/react-dnd/shallowequal
s/sinon,sinon,${1:-,javascript,,s/sinon/sinon_ubi_9_3.sh,https://github.com/sinonjs/sinon
s/sinon,sinon,6.1.5,node,,s/sinon/sinon_ubuntu_18.04.sh,https://github.com/sinonjs/sinon.git
s/socket.io-redis-adapter,socket.io-redis-adapter,6.1.1,node,,s/socket.io-redis-adapter/socket.io-redis-adapter_ubi_9.3.sh,https://github.com/socketio/socket.io-redis-adapter
s/sort-package-json,sort-package-json,v2.8.0,node,,s/sort-package-json/sort-package-json_ubi_9.3.sh,https://github.com/keithamus/sort-package-json
s/sort-package-json,sort-package-json,1.7.0,node,,s/sort-package-json/sort-package-json_ubuntu_18.04.sh,https://github.com/keithamus/sort-package-json.git
s/source-map-node,source-map-node,v0.3.6,node,,s/source-map-node/source-map-node_ubi_9.3.sh,https://github.com/jridgewell/source-map
s/sourcemap-codec,sourcemap-codec,v1.4.15,node,,s/sourcemap-codec/sourcemap-codec_ubi_9.3.sh,https://github.com/jridgewell/sourcemap-codec
s/stack-generator,stack-generator,v2.0.10,node,,s/stack-generator/stack-generator_ubi_9.3.sh,https://github.com/stacktracejs/stack-generator
s/stackframe,stackframe,v1.3.4,node,,s/stackframe/stackframe_ubi_9.3.sh,https://github.com/stacktracejs/stackframe
s/stacktrace-gps,stacktrace-gps,v3.1.2,node,,s/stacktrace-gps/stacktrace-gps_ubi_9.3.sh,https://github.com/stacktracejs/stacktrace-gps
s/state,state,6.4.1,node,,s/state/state_ubi_9.3.sh,https://github.com/codemirror/state
s/string_decoder,string_decoder,v1.3.0,node,,s/string_decoder/string_decoder_ubi_9.3.sh,https://github.com/nodejs/string_decoder
s/string_decoder,string_decoder,v1.1.1,node,,s/string_decoder/string_decoder_ubi_8.5.sh,https://github.com/nodejs/string_decoder.git
s/structured-clone,structured-clone,v1.2.0,node,,s/structured-clone/structured-clone_ubi_9.3.sh,https://github.com/ungap/structured-clone
s/suretype,suretype,${1:v3.3.1},node,,s/suretype/suretype_ubi_9.3.sh,https://github.com/grantila/suretype
s/swagger-ui,swagger-ui,${1:-,node,,s/swagger-ui/swagger-ui_ubi_9.3.sh,https://github.com/swagger-api/swagger-ui.git
t/teeny-request,teeny-request,v7.2.0,node,,t/teeny-request/teeny-request-v7_ubi_9.3.sh,https://github.com/googleapis/teeny-request
t/teeny-request,teeny-request,v9.0.0,node,,t/teeny-request/teeny-request_ubi_9.3.sh,https://github.com/googleapis/teeny-request
t/theme-one-dark,theme-one-dark,6.1.2,node,,t/theme-one-dark/theme-one-dark_ubi_9.3.sh,https://github.com/codemirror/theme-one-dark
t/throttle-debounce,throttle-debounce,v5.0.2,node,,t/throttle-debounce/throttle-debounce_ubi_9.3.sh,https://github.com/niksy/throttle-debounce
t/trace-mapping,trace-mapping,v0.3.25,node,,t/trace-mapping/trace-mapping_ubi_9.3.sh,https://github.com/jridgewell/trace-mapping
t/typed-array-byte-length,typed-array-byte-length,v1.0.1,node,,t/typed-array-byte-length/typed-array-byte-length_ubi_9.3.sh,https://github.com/inspect-js/typed-array-byte-length
t/typed-array-length,typed-array-length,v1.0.6,node,,t/typed-array-length/typed-array-length_ubi_9.3.sh,https://github.com/inspect-js/typed-array-length
templates/build_script_node.sh,templates,# Source repo	:,node,,templates/build_script_node.sh,
templates/build_script_node.sh,templates,# Source repo	:,go,,templates/build_script_go.sh,
templates/build_script_node.sh,templates,# Source repo   :,python,,templates/build_script_python.sh,
templates/build_script_node.sh,templates,# Source repo	:,r,,templates/build_script_r.sh,
templates/build_script_node.sh,templates,${PACKAGE_VERSION},ruby,,templates/build_script_ruby.sh,${PACKAGE_URL}
templates/build_script_node.sh,templates,# Source repo	:,java,,templates/build_script_java.sh,
templates/build_script_node.sh,templates,${PACKAGE_VERSION},php,,templates/build_script_php.sh,${PACKAGE_URL}
templates/build_script_node.sh,templates,# Source repo   :,python,,templates/build_script_python_create_wheel.sh,
u/undici,undici,v6.20.1,node,,u/undici/undici_ubi_9.3.sh,https://github.com/nodejs/undici
u/undici,undici,v5.28.4,node,,u/undici/undici_v5.28.4_ubi_9.3.sh,https://github.com/nodejs/undici
u/unified,unified,11.0.5,node,,u/unified/unified_ubi_9.3.sh,https://github.com/unifiedjs/unified
u/unified,unified,11.0.4,node,,u/unified/unified_ubi_8.7.sh,https://github.com/unifiedjs/unified
u/unist-util-is,unist-util-is,6.0.0,node,,u/unist-util-is/unist-util-is_ubi_9.3.sh,https://github.com/syntax-tree/unist-util-is
u/unist-util-position,unist-util-position,5.0.0,node,,u/unist-util-position/unist-util-position_ubi_9.3.sh,https://github.com/syntax-tree/unist-util-position
u/unist-util-stringify-position,unist-util-stringify-position,4.0.0,node,,u/unist-util-stringify-position/unist-util-stringify-position_ubi_9.3.sh,https://github.com/syntax-tree/unist-util-stringify-position
u/unist-util-visit,unist-util-visit,5.0.0,node,,u/unist-util-visit/unist-util-visit_ubi_9.3.sh,https://github.com/syntax-tree/unist-util-visit
u/unist-util-visit-parents,unist-util-visit-parents,6.0.1,node,,u/unist-util-visit-parents/unist-util-visit-parents_ubi_9.3.sh,https://github.com/syntax-tree/unist-util-visit-parents
u/universalify,universalify,2.0.1,node,,u/universalify/universalify_ubi_9.3.sh,https://github.com/RyanZim/universalify
u/universalify,universalify,1.0.0,node,,u/universalify/universalify_rhel_8.3.sh,https://github.com/RyanZim/universalify
u/url-search-params-polyfill,url-search-params-polyfill,${1:-,javascript,,u/url-search-params-polyfill/url-search-params-polyfill_ubi_9_3.sh,https://github.com/jerrybendy/url-search-params-polyfill
u/url-search-params-polyfill,url-search-params-polyfill,4.0.1,node,,u/url-search-params-polyfill/url-search-params-polyfill_ubuntu_18.04.sh,https://github.com/jerrybendy/url-search-params-polyfill.git
v/v8flags,v8flags,v4.0.1,node,,v/v8flags/v8flags_ubi_9.3.sh,https://github.com/gulpjs/v8flags
v/vfile,vfile,6.0.1,node,,v/vfile/vfile_ubi_9.3.sh,https://github.com/vfile/vfile
v/vfile-message,vfile-message,4.0.2,node,,v/vfile-message/vfile-message_ubi_9.3.sh,https://github.com/vfile/vfile-message
w/warning,warning,master,javascript,,w/warning/warning_ubi_9.3.sh,https://github.com/BerkeleyTrue/warning.git
w/warning,warning,v4.0.3,node,,w/warning/warning_ubi_8.5.sh,https://github.com/BerkeleyTrue/warning.git
w/warning,warning,3.0.0,node,,w/warning/warning_rhel_8.3.sh,https://github.com/BerkeleyTrue/warning
w/warning,warning,4.0.1,node,,w/warning/warning_ubuntu_18.04.sh,https://github.com/BerkeleyTrue/warning.git
w/web-streams-polyfill,web-streams-polyfill,v4.0.0,node,,w/web-streams-polyfill/web-streams-polyfill_ubi_9.3.sh,https://github.com/MattiasBuelens/web-streams-polyfill
w/which-typed-array,which-typed-array,v1.1.15,node,,w/which-typed-array/which-typed-array_ubi_9.3.sh,https://github.com/inspect-js/which-typed-array
w/winston,winston,v3.13.0,node,,w/winston/winston_ubi_9.3.sh,https://github.com/winstonjs/winston
w/winston,winston,3.2.1,node,,w/winston/winston_rhel_8.3.sh,https://github.com/winstonjs/winston
w/winston-transport,winston-transport,v4.7.0,node,,w/winston-transport/winston-transport_ubi_9.3.sh,https://github.com/winstonjs/winston-transport
w/winston-transport,winston-transport,4.4.0,node,,w/winston-transport/winston-transport_rhel_8.3.sh,https://github.com/winstonjs/winston-transport
w/word-wrap,word-wrap,v1.2.7,node,,w/word-wrap/word-wrap_ubi_9.3.sh,https://github.com/aashutoshrathi/word-wrap
w/word-wrap,word-wrap,1.2.3,node,,w/word-wrap/word-wrap_rhel_8.3.sh,https://github.com/jonschlinkert/word-wrap
y/yargs,yargs,v17.7.2,javascript,,y/yargs/yargs_ubi_9.3.sh,https://github.com/yargs/yargs
y/yargs,yargs,v17.7.2,javascript,,y/yargs/yargs_ubi_8.7.sh,https://github.com/yargs/yargs
y/yargs,yargs,v12.0.5,node,,y/yargs/yargs_v12.0.5_ubi8.5.sh,https://github.com/yargs/yargs
y/yargs,yargs,14.2.3,node,,y/yargs/yargs_rhel_8.3.sh,https://github.com/yargs/yargs
y/yargs-parser,yargs-parser,yargs-parser-v21.1.1,javascript,,y/yargs-parser/yargs-parser_ubi_9.3.sh,https://github.com/yargs/yargs-parser
y/yargs-parser,yargs-parser,yargs-parser-v21.1.1,javascript,,y/yargs-parser/yargs-parser_ubi_8.7.sh,https://github.com/yargs/yargs-parser
y/yargs-parser,yargs-parser,20.2.7,node,,y/yargs-parser/yargs-parser_rhel_8.3.sh,https://github.com/yargs/yargs-parser
3/3scale-apisonator,3scale-apisonator,3scale-2.15.1-GA,ruby,,3/3scale-apisonator/3scale-apisonator_ubi_9.3.sh,https://github.com/3scale/apisonator.git
3/3scale-operator,3scale-operator,master,go,,3/3scale-operator/3scale-operator-ubi_9.3.sh,https://github.com/3scale/3scale-operator
3/3scale-zync,redhat_ubi9,3scale-2.15.1-GA,ruby,,3/3scale-zync/redhat_ubi9/3scale-zync_ubi_9.3.sh,https://github.com/3scale/zync.git
3/3scale_toolbox,3scale_toolbox,3scale-2.15.1-GA,ruby,,3/3scale_toolbox/3scale_toolbox_ubi_9.3.sh,https://github.com/3scale/3scale_toolbox
3/3scale_toolbox,3scale_toolbox,v2.13.0,ruby,,3/3scale_toolbox/3scale_toolbox-ubuntu20_04.sh,https://github.com/3scale/3scale_toolbox.git
3/3scale_toolbox,3scale_toolbox,v0.18.1,go,,3/3scale_toolbox/3scale_toolbox-build.sh,https://github.com/3scale/3scale_toolbox
a/abseil-cpp,abseil-cpp,20240116.2,python,,a/abseil-cpp/abseil-cpp_ubi_9.3.sh,https://github.com/abseil/abseil-cpp
a/activemq-artemis-operator,activemq-artemis-operator,amq-broker-7.13.0.OPR.1.CR3,go,,a/activemq-artemis-operator/activemq-artemis-operator_ubi_9_3.sh,https://github.com/rh-messaging/activemq-artemis-operator
a/activemq-artemis-operator,activemq-artemis-operator,main,go,,a/activemq-artemis-operator/activemq-artemis-operator_ubi_8_5.sh,https://github.com/artemiscloud/activemq-artemis-operator.git
a/activemq-artemis-operator,activemq-artemis-operator,v0.19.2,go,,a/activemq-artemis-operator/activemq-artemis-operator_ubi_8.3.sh,https://github.com/artemiscloud/activemq-artemis-operator
a/aesara,aesara,rel-2.9.3,python,,a/aesara/aesara_ubi_8.7.sh,https://github.com/aesara-devs/aesara
a/aesara,aesara,rel-2.9.4,python,,a/aesara/aesara_ubi_9.3.sh,https://github.com/aesara-devs/aesara
a/aiohttp,aiohttp,v3.9.0,python,,a/aiohttp/aiohttp_ubi_9.3.sh,https://github.com/aio-libs/aiohttp.git
a/aiohttp,aiohttp,v3.8.6,python,,a/aiohttp/aiohttp_v3.8.6_ubi_9.3.sh,https://github.com/aio-libs/aiohttp.git
a/aiosignal,aiosignal,v1.2.0,python,,a/aiosignal/aiosignal_ubi_9.3.sh,https://github.com/aio-libs/aiosignal.git
a/alabaster,alabaster,1.0.0,python,,a/alabaster/alabaster_ubi_9.6.sh,https://github.com/sphinx-doc/alabaster
a/angus-activation,angus-activation,2.0.2,java,,a/angus-activation/angus-activation_ubi_9.3.sh,https://github.com/eclipse-ee4j/angus-activation.git
a/angus-mail,angus-mail,2.0.3,java,,a/angus-mail/angus-mail_ubi_9.3.sh,https://github.com/eclipse-ee4j/angus-mail.git
a/animal-sniffer,animal-sniffer,animal-sniffer-1.24,java,,a/animal-sniffer/animal-sniffer_ubi_9.3.sh,https://github.com/mojohaus/animal-sniffer.git
a/animal-sniffer,animal-sniffer,animal-sniffer-parent-1.17,java,,a/animal-sniffer/animal-sniffer_ubi_8.5.sh,https://github.com/mojohaus/animal-sniffer.git
a/animal-sniffer,animal-sniffer,1.23,java,,a/animal-sniffer/animal-sniffer_ubi_8_7.sh,https://github.com/mojohaus/animal-sniffer
a/animal-sniffer,animal-sniffer,master,java,,a/animal-sniffer/animal-sniffer_ubuntu_20.04.sh,https://github.com/mojohaus/animal-sniffer
a/ansible,ansible,v2.18.6,python,,a/ansible/ansible_ubi_9.3.sh,https://github.com/ansible/ansible.git
a/ansible,ansible,v2.19.2,python,,a/ansible/ansible_ubi_9.6.sh,https://github.com/ansible/ansible
a/ansible-builder,ansible-builder,3.1.0,python,,a/ansible-builder/ansible-builder_ubi_9_3.sh,https://github.com/ansible/ansible-builder
a/ansible-event-driven-ansible,ansible-event-driven-ansible,v2.8.1,python,,a/ansible-event-driven-ansible/event-driven-ansible_ubi_9.3.sh,https://github.com/ansible/event-driven-ansible/
a/ansible-navigator,ansible-navigator,v25.9.0,python,,a/ansible-navigator/ansible-navigator_ubi_9.6.sh,https://github.com/ansible/ansible-navigator.git
a/ansible-rulebook,ansible-rulebook,v1.1.2,python,,a/ansible-rulebook/ansible-rulebook_ubi_9_3.sh,https://github.com/ansible/ansible-rulebook.git
a/ansible-sign,ansible-sign,v0.1.2,python,,a/ansible-sign/ansible-sign_ubi_9.6.sh,https://github.com/ansible/ansible-sign.git
a/ansible-sign,ansible-sign,0.1.1,python,,a/ansible-sign/ansible-sign_ubi_8.7.sh,https://github.com/ansible/ansible-sign.git
a/antlr3,antlr3,3.5.3,java,,a/antlr3/antlr3_ubi_9.3.sh,https://github.com/antlr/antlr3
a/antlr4,antlr4,4.13.1,java,,a/antlr4/antlr4_4.13.1_ubi_9.3.sh,https://github.com/antlr/antlr4
a/antlr4,antlr4,v4.11.1,java,,a/antlr4/antlr4_v4.11.1_ubi_8.7.sh,https://github.com/antlr/antlr4
a/apache-calcite-avatica,apache-calcite-avatica,rel/avatica-1.25.0,java,,a/apache-calcite-avatica/calcite-avatica_ubi_9.3.sh,https://github.com/apache/calcite-avatica
a/apache-calcite-avatica,apache-calcite-avatica,rel/avatica-1.23.0,java,,a/apache-calcite-avatica/calcite-avatica_UBI_8.7.sh,https://github.com/apache/calcite-avatica
a/apache-cxf,apache-cxf,cxf-4.0.4,java,,a/apache-cxf/cxf_ubi_9.3.sh,https://github.com/apache/cxf.git
a/apache-cxf,apache-cxf,cxf-4.0.0,java,,a/apache-cxf/cxf_ubi_8.5.sh,https://github.com/apache/cxf.git
a/apache-directory-server,apache-directory-server,2.0.0.AM27,java,,a/apache-directory-server/directory-server_ubi_9.3.sh,https://github.com/apache/directory-server
a/apache-directory-server,apache-directory-server,2.0.0.AM26,java,,a/apache-directory-server/apacheds_2.0.0.AM26_master_ubi_8.3.sh,https://github.com/apache/directory-server.git
a/apache-directory-server,apache-directory-server,${1:-,java,,a/apache-directory-server/directory-server_ubi_8.7.sh,https://github.com/apache/directory-server
a/apache-freemarker,apache-freemarker,v2.3.33,java,,a/apache-freemarker/apache-freemarker_ubi_9.3.sh,https://github.com/apache/freemarker.git
a/apache-freemarker,apache-freemarker,v2.3.32,java,,a/apache-freemarker/apache-freemarker_v2.3.31_ubi_8.5.sh,https://github.com/apache/freemarker
a/apache-freemarker,apache-freemarker,2.3.gae,java,,a/apache-freemarker/apache-freemarker_ubuntu_16.04.sh,https://github.com/apache/incubator-freemarker
a/apache-freemarker,apache-freemarker,2.3.gae,java,,a/apache-freemarker/freemarker_rhel_7.4.sh,https://github.com/apache/incubator-freemarker
a/apache-logging-log4j2,apache-logging-log4j2,rel/2.23.1,java,,a/apache-logging-log4j2/logging-log4j2_ubi_9.3.sh,https://github.com/apache/logging-log4j2
a/apache-nifi,apache-nifi,rel/nifi-1.17.0,java,,a/apache-nifi/apache-nifi_1.17.0_ubi_8.5.sh,https://github.com/apache/nifi
a/apache-nifi,apache-nifi,rel/nifi-1.22.0,java,,a/apache-nifi/apache-nifi_1.22.0_ubi_8.5.sh,https://github.com/apache/nifi
a/apache-nifi,apache-nifi,rel/nifi-1.22.0,java,,a/apache-nifi/apache-nifi_1.22.0_ubuntu_22.04.sh,https://github.com/apache/nifi
a/apache-nifi,apache-nifi,rel/nifi-1.9.0,java,,a/apache-nifi/apache-nifi_1.9.0_ubi_8.5.sh,https://github.com/apache/nifi
a/apache-nifi,apache-nifi,1.12.1,java,,a/apache-nifi/apache-nifi_rhel_8.3.sh,https://github.com/apache/nifi
a/apache-tinkerpop,apache-tinkerpop,3.7.2,java,,a/apache-tinkerpop/apache-tinkerpop_ubi_9.3.sh,https://github.com/apache/tinkerpop
a/apache-tinkerpop,apache-tinkerpop,3.6.2,java,,a/apache-tinkerpop/apache-tinkerpop_ubi_8.5.sh,https://github.com/apache/tinkerpop
a/apache-tinkerpop,apache-tinkerpop,"3.4.0-rc1, 3.3.4",java,,a/apache-tinkerpop/apache-tinkerpop_ubuntu_18.04.sh,https://github.com/apache/tinkerpop
a/apache-tomcat,apache-tomcat,11.0.0-M26,java,,a/apache-tomcat/apache-tomcat_ubi_9.3.sh,https://github.com/apache/tomcat
a/apache-tomcat,apache-tomcat,9.0.97,java,,a/apache-tomcat/apache-tomcat_v9.0.97_ubi_9.3.sh,https://github.com/apache/tomcat.git
a/apache-tomcat,apache-tomcat,11.0.0-M3,java,,a/apache-tomcat/apache-tomcat_ubi8.5.sh,https://github.com/apache/tomcat.git
a/apache-tomcat,apache-tomcat,10.0.6,java,,a/apache-tomcat/apache-tomcat_ubi8.3.sh,https://github.com/apache/tomcat.git
a/apache-tomcat,apache-tomcat,,java,,a/apache-tomcat/apache-tomcat_ubi8.sh,https://github.com/apache/tomcat.git
a/apd,apd,v3.2.1,go,,a/apd/apd_ubi_9.3.sh,https://github.com/cockroachdb/apd
a/apd,apd,v1.1.0,go,,a/apd/github.com__cockroachdb__apd_rhel_8.3.sh,https://github.com/cockroachdb/apd
a/apiguardian,apiguardian,r1.1.2,java,,a/apiguardian/apiguardian_ubi_9.3.sh,https://github.com/apiguardian-team/apiguardian.git
a/appdirs,appdirs,1.4.4,python,,a/appdirs/appdirs_ubi_9.3.sh,https://github.com/ActiveState/appdirs.git
a/argon2-cffi-bindings,argon2-cffi-bindings,21.2.0,python,,a/argon2-cffi-bindings/argon2-cffi-bindings_ubi_9.3.sh,https://github.com/hynek/argon2-cffi-bindings
a/array_record,array_record,v0.6.0,python,,a/array_record/array_record_0.6.0_ubi_9.3.sh,https://github.com/google/array_record
a/array_record,array_record,v0.5.0,python,,a/array_record/array_record_ubi_9.3.sh,https://github.com/google/array_record
a/async_timeout,async_timeout,v5.0.1,python,,a/async_timeout/async_timeout_ubi_9.3.sh,https://github.com/aio-libs/async_timeout/
a/async_timeout,async_timeout,3.0.1,python,,a/async_timeout/async_timeout_rhel_8.3.sh,https://github.com/aio-libs/async_timeout/
a/autovizwidget,autovizwidget,0.20.0,python,,a/autovizwidget/autovizwidget_ubi_9_3.sh,https://github.com/jupyter-incubator/sparkmagic
a/aws-eventstream-java,aws-eventstream-java,1e76ef4,java,,a/aws-eventstream-java/aws-eventstream-java_ubi_9.3.sh,https://github.com/awslabs/aws-eventstream-java.git
a/azure-sdk-for-python,azure-sdk-for-python,azure-mgmt-authorization_0.51.1,python,,a/azure-sdk-for-python/azure-autherization/azure-mgmt-authorization_ubi_8.sh,${2:-https://github.com/Azure/azure-sdk-for-python}
a/azure-sdk-for-python,azure-sdk-for-python,azure-mgmt-batch_5.0.1,python,,a/azure-sdk-for-python/azure-mgmt-batch/azure-mgmt-batch_ubi_8.sh,${2:-https://github.com/Azure/azure-sdk-for-python}
a/azure-sdk-for-python,azure-sdk-for-python,azure-mgmt-cdn_3.0.0,python,,a/azure-sdk-for-python/azure-mgmt-cdn/azure-mgmt-cdn_ubi_8.sh,${2:-https://github.com/Azure/azure-sdk-for-python}
a/azure-sdk-for-python,azure-sdk-for-python,azure-mgmt-containerregistry_2.0.0,python,,a/azure-sdk-for-python/azure-mgmt-containerregistry/azure-mgmt-containerregistry_ubi_8.5.sh,https://github.com/Azure/azure-sdk-for-python.git
a/azure-sdk-for-python,azure-sdk-for-python,azure-mgmt-containerservice_4.4.0,python,,a/azure-sdk-for-python/azure-mgmt-containerservice/azure-mgmt-containerservice_ubi_8.5.sh,https://github.com/Azure/azure-sdk-for-python.git
a/azure-sdk-for-python,azure-sdk-for-python,azure-mgmt-cosmosdb_0.5.2,python,,a/azure-sdk-for-python/azure-mgmt-cosmosdb/azure-mgmt-cosmosdb_ubi_8.5.sh,https://github.com/Azure/azure-sdk-for-python.git
a/azure-sdk-for-python,azure-sdk-for-python,azure-mgmt-devtestlabs_3.0.0,python,,a/azure-sdk-for-python/azure-mgmt-devtestlabs/azure-mgmt-devtestlabs_ubi_8.5.sh,https://github.com/Azure/azure-sdk-for-python.git
a/azure-sdk-for-python,azure-sdk-for-python,azure-mgmt-dns_2.1.0,python,,a/azure-sdk-for-python/azure-mgmt-dns/azure-mgmt-dns_ubi_8.5.sh,https://github.com/Azure/azure-sdk-for-python.git
a/azure-sdk-for-python,azure-sdk-for-python,azure-mgmt-hdinsight_0.1.0,python,,a/azure-sdk-for-python/azure-mgmt-hdinsight/azure-mgmt-hdinsight_ubi_8.5.sh,https://github.com/Azure/azure-sdk-for-python.git
a/azure-sdk-for-python,azure-sdk-for-python,azure-mgmt-iothub_0.7.0,python,,a/azure-sdk-for-python/azure-mgmt-iothub/azure-mgmt-iothub_ubi_8.5.sh,https://github.com/Azure/azure-sdk-for-python.git
a/azure-sdk-for-python,azure-sdk-for-python,azure-mgmt-keyvault_1.1.0,python,,a/azure-sdk-for-python/azure-mgmt-keyvault/azure-mgmt-keyvault_ubi_8.5.sh,https://github.com/Azure/azure-sdk-for-python.git
a/azure-sdk-for-python,azure-sdk-for-python,azure-mgmt-loganalytics_0.2.0,python,,a/azure-sdk-for-python/azure-mgmt-loganalytics/azure-mgmt-loganalytics_ubi_8.5.sh,https://github.com/Azure/azure-sdk-for-python.git
a/azure-sdk-for-python,azure-sdk-for-python,azure-mgmt-marketplaceordering_0.1.0,python,,a/azure-sdk-for-python/azure-mgmt-marketplaceordering/azure-mgmt-marketplaceordering_ubi_8.5.sh,https://github.com/Azure/azure-sdk-for-python.git
a/azure-sdk-for-python,azure-sdk-for-python,azure-mgmt-monitor_0.5.2,python,,a/azure-sdk-for-python/azure-mgmt-monitor/azure-mgmt-monitor_ubi_8.5.sh,https://github.com/Azure/azure-sdk-for-python.git
a/azure-sdk-for-python,azure-sdk-for-python,azure-mgmt-network_2.3.0,python,,a/azure-sdk-for-python/azure-mgmt-network/azure-mgmt-network_ubi_8.5.sh,https://github.com/Azure/azure-sdk-for-python.git
a/azure-sdk-for-python,azure-sdk-for-python,azure-mgmt-nspkg_3.0.2,python,,a/azure-sdk-for-python/azure-mgmt-nspkg/azure-mgmt-nspkg_ubi_8.5.sh,https://github.com/Azure/azure-sdk-for-python.git
a/azure-sdk-for-python,azure-sdk-for-python,azure-mgmt-rdbms_1.4.1,python,,a/azure-sdk-for-python/azure-mgmt-rdbms/azure-mgmt-rdbms_ubi_8.5.sh,https://github.com/Azure/azure-sdk-for-python.git
a/azure-sdk-for-python,azure-sdk-for-python,azure-mgmt-redis_5.0.0,python,,a/azure-sdk-for-python/azure-mgmt-redis/azure-mgmt-redis_ubi_8.5.sh,https://github.com/Azure/azure-sdk-for-python.git
a/azure-sdk-for-python,azure-sdk-for-python,azure-mgmt-resource_2.1.0,python,,a/azure-sdk-for-python/azure-mgmt-resource/azure-mgmt-resource_ubi_8.5.sh,https://github.com/Azure/azure-sdk-for-python.git
a/azure-sdk-for-python,azure-sdk-for-python,azure-mgmt-servicebus_0.5.3,python,,a/azure-sdk-for-python/azure-mgmt-servicebus/azure-mgmt-servicebus_ubi_8.sh,${2:-https://github.com/Azure/azure-sdk-for-python}
a/azure-sdk-for-python,azure-sdk-for-python,azure-mgmt-sql_0.10.0,python,,a/azure-sdk-for-python/azure-mgmt-sql_0.10.0_ubi_8.sh,${2:-https://github.com/Azure/azure-sdk-for-python}
a/azure-sdk-for-python,azure-sdk-for-python,azure-mgmt-storage_3.1.0,python,,a/azure-sdk-for-python/azure-mgmt-storage/azure-mgmt-storage_ubi_8.5.sh,https://github.com/Azure/azure-sdk-for-python.git
a/azure-sdk-for-python,azure-sdk-for-python,azure-mgmt-trafficmanager_0.50.0,python,,a/azure-sdk-for-python/azure-mgmt-trafficmanager/azure-mgmt-trafficmanager_ubi_8.5.sh,https://github.com/Azure/azure-sdk-for-python.git
a/azure-sdk-for-python,azure-sdk-for-python,azure-mgmt-web_0.41.0,python,,a/azure-sdk-for-python/azure-mgmt-web/azure-mgmt-web_ubi_8.5.sh,https://github.com/Azure/azure-sdk-for-python.git
a/azure-sdk-for-python,azure-sdk-for-python,azure-nspkg_3.0.2,python,,a/azure-sdk-for-python/azure-nspkg/azure-nspkg_ubi_8.5.sh,https://github.com/Azure/azure-sdk-for-python.git
a/azure-sdk-for-python,azure-sdk-for-python,azure-mgmt-containerinstance_1.4.0,python,,a/azure-sdk-for-python/azure-mgmt-containerinstance_1.4.0_ubuntu_18.04.sh,https://github.com/Azure/azure-sdk-for-python.git
a/azure-sdk-for-python,azure-sdk-for-python,azure-mgmt-containerinstance_1.4.0,python,,a/azure-sdk-for-python/azure-mgmt-containerinstance_ubi_8.3.sh,https://github.com/Azure/azure-sdk-for-python.git
b/backports.functools-lru-cache,backports.functools-lru-cache,v2.0.0,python,,b/backports.functools-lru-cache/backports.functools-lru-cache_ubi_9.3.sh,https://github.com/jaraco/backports.functools_lru_cache
b/backports.functools-lru-cache,backports.functools-lru-cache,1.6.4,python,,b/backports.functools-lru-cache/backports.functools-lru-cache_rhel_8.3.sh,https://github.com/jaraco/backports.functools_lru_cache
b/bazel,bazel,7.3.1,java,,b/bazel/bazel_ubi_9.3.sh,https://github.com/bazelbuild/bazel.git
b/bazel,bazel,6.3.2,java,,b/bazel/bazel_ubi_8_7.sh,https://github.com/bazelbuild/bazel
b/bazel,bazel,0.4.5,java,,b/bazel/bazel_rhel_7.3.sh,https://github.com/bazelbuild/bazel.git
b/bazel,bazel,0.4.5,java,,b/bazel/bazel_ubuntu_16.04.sh,https://github.com/bazelbuild/bazel/releases
b/bc-java,bc-java,r1rv78,java,,b/bc-java/bc-java_r1rv78_ubi_9.3.sh,https://github.com/bcgit/bc-java.git
b/bc-java,bc-java,r1rv77,java,,b/bc-java/bc-java_ubi_9.3.sh,https://github.com/bcgit/bc-java.git
b/bc-java,bc-java,r1rv73,java,,b/bc-java/bc-java_ubi_8.7.sh,https://github.com/bcgit/bc-java.git
b/bc-java,bc-java,r1rv61,java,,b/bc-java/bcprov-jdk15on_ubi_8.3.sh,https://github.com/bcgit/bc-java
b/bc-java,bc-java,"r1rv61,r1rv65,r1rv70",java,,b/bc-java/bcpkix-jdk15on_ubi_8.3.sh,https://github.com/bcgit/bc-java
b/bc-java,bc-java,r1rv69,java,,b/bc-java/bcprov-ext-jdk15on_ubi_8.3.sh,https://github.com/bcgit/bc-java
b/bcrypt,bcrypt,4.2.1,python,,b/bcrypt/bcrypt_ubi_9.3.sh,https://github.com/pyca/bcrypt
b/black,black,22.12.0,python,,b/black/black_ubi_9.3.sh,https://github.com/psf/black.git
b/boto3,boto3,1.37.27,python,,b/boto3/boto3_ubi_9.6.sh,https://github.com/boto/boto3
b/brunsli,brunsli,v0.1,python,,b/brunsli/brunsli_ubi_9.3.sh,https://github.com/google/brunsli.git
b/bsdiff4,bsdiff4,1.1.4,python,,b/bsdiff4/bsdiff4_rhel_7.3.sh,https://github.com/ilanschnell/bsdiff4
b/bsdiff4,bsdiff4,1.1.4,python,,b/bsdiff4/bsdiff4_ubuntu_16.04.sh,https://github.com/ilanschnell/bsdiff4
b/btrees,btrees,5.1,python,,b/btrees/btrees_ubi_8.7.sh,https://github.com/zopefoundation/BTrees.git
b/btrees,btrees,6.1,python,,b/btrees/btrees_ubi_9.3.sh,https://github.com/zopefoundation/Btrees
b/btrees,btrees,4.3.1,python,,b/btrees/btrees_ubuntu_16.04.sh,https://github.com/zopefoundation/Btrees
b/byte-buddy,byte-buddy,byte-buddy-1.15.1,java,,b/byte-buddy/byte-buddy_ubi_9.3.sh,https://github.com/raphw/byte-buddy.git
b/byte-buddy,byte-buddy,1.9.10,java,,b/byte-buddy/byte-buddy-1.9.10_ubi_8.3.sh,https://github.com/raphw/byte-buddy.git
b/byte-buddy,byte-buddy,byte-buddy-1.11.8,java,,b/byte-buddy/byte_buddy_ubi8_3.sh,https://github.com/raphw/byte-buddy.git
b/byte-buddy-child,byte-buddy-child,byte-buddy-1.14.9,java,,b/byte-buddy-child/byte-buddy-child_ubi_9.3.sh,https://github.com/raphw/byte-buddy.git
c/Cchardet,Cchardet,master,python,,c/Cchardet/Cchardet_ubi_9.6.sh,https://github.com/PyYoshi/cChardet
c/Cchardet,Cchardet,2.1.6,python,,c/Cchardet/cChardet_rhel_7.6.sh,https://github.com/PyYoshi/cChardet
c/caffeine,caffeine,v3.1.8,java,,c/caffeine/caffeine_ubi_9_3.sh,https://github.com/ben-manes/caffeine.git
c/camel,camel,camel-4.12.0,java,,c/camel/camel_ubi_9.3.sh,https://github.com/apache/camel.git
c/camel-karaf,camel-karaf,camel-karaf-4.10.3,java,,c/camel-karaf/camel-karaf_rhel_9.1.sh,https://github.com/apache/camel-karaf
c/camel-quarkus,camel-quarkus,main,java,,c/camel-quarkus/camel_quarkus_ubi_9.3.sh,https://github.com/apache/camel-quarkus
c/cassandra-driver,cassandra-driver,3.29.0,python,,c/cassandra-driver/cassandra-driver_ubi_9.3.sh,http://github.com/datastax/python-driver
c/cassandra-java-driver,cassandra-java-driver,4.18.1,java,,c/cassandra-java-driver/cassandra-java-driver_ubi_9.3.sh,https://github.com/apache/cassandra-java-driver.git
c/catboost,catboost,v1.2.5,python,,c/catboost/catboost-1.2.5_ubi_9.3.sh,https://github.com/catboost/catboost.git
c/certificate-transparency-go,certificate-transparency-go,v1.1.8,go,,c/certificate-transparency-go/certificate-transparency-go_ubi_9.3.sh,https://github.com/google/certificate-transparency-go
c/certificate-transparency-go,certificate-transparency-go,v1.1.7,go,,c/certificate-transparency-go/certificate-transparency-go_ubi_8.7.sh,https://github.com/google/certificate-transparency-go
c/certificate-transparency-go,certificate-transparency-go,v1.0.21,go,,c/certificate-transparency-go/github.com__google__certificate-transparency-go_rhel_8.3.sh,https://github.com/google/certificate-transparency-go
c/certipy,certipy,main,python,,c/certipy/certipy_ubi_9.3.sh,https://github.com/LLNL/certipy.git
c/cffi,cffi,v1.15.1,python,,c/cffi/cffi_ubi_9_3.sh,https://github.com/python-cffi/cffi.git
c/chalice,chalice,1.32.0,python,,c/chalice/chalice_ubi_9.3.sh,https://github.com/aws/chalice
c/chalice,chalice,"1.24.2,1.22.4 ,1.21.8",python,,c/chalice/chalice_ubi_8.3.sh,https://github.com/aws/chalice
c/chroma-hnswlib,chroma-hnswlib,0.7.3,python,,c/chroma-hnswlib/chroma-hnswlib_ubi_9.3.sh,https://github.com/chroma-core/hnswlib
c/ci.ant,ci.ant,liberty-ant-tasks-1.9.15,java,,c/ci.ant/ci.ant_ubi_9_3.sh,https://github.com/OpenLiberty/ci.ant
c/ci_common,ci_common,ci.common-1.8.33,java,,c/ci_common/ci_common_ubi_9.3.sh,https://github.com/OpenLiberty/ci.common
c/ci_common,ci_common,ci.common-1.5,java,,c/ci_common/ci_common_ubi8_3.sh,https://github.com/OpenLiberty/ci.common.git
c/classgraph,classgraph,classgraph-4.8.175,java,,c/classgraph/classgraph_ubi_9.3.sh,https://github.com/classgraph/classgraph.git
c/classgraph,classgraph,classgraph-4.8.157,java,,c/classgraph/classgraph_ubi_8_7.sh,https://github.com/classgraph/classgraph
c/classgraph,classgraph,classgraph-4.8.110,java,,c/classgraph/classgraph_v4.8.110_ubuntu_18.04.sh,https://github.com/classgraph/classgraph.git
c/classgraph,classgraph,classgraph-4.8.110,java,,c/classgraph/classgraph_ubi8_3.sh,https://github.com/classgraph/classgraph.git
c/classmate,classmate,classmate-1.5.1,java,,c/classmate/classmate_ubi_9.3.sh,https://github.com/FasterXML/java-classmate.git
c/classmate,classmate,"1.3.4, 1.5.1",java,,c/classmate/classmate_8.4.sh,https://github.com/FasterXML/java-classmate
c/classmate,classmate,"1.3.4, 1.5.1",java,,c/classmate/classmate_rhel_7.6.sh,https://github.com/FasterXML/java-classmate
c/clawpack,clawpack,v5.12.0,python,,c/clawpack/clawpack_ubi_9.3.sh,https://github.com/clawpack/clawpack
c/clawpack,clawpack,5.4.1,python,,c/clawpack/clawpack_rhel_7.3.sh,https://github.com/clawpack/clawpack
c/clawpack,clawpack,5.4.1,python,,c/clawpack/clawpack_ubuntu_16.04.sh,https://github.com/clawpack/clawpack
c/cloudant-java-sdk,cloudant-java-sdk,v0.9.1,java,,c/cloudant-java-sdk/cloudant-java-sdk_ubi_9.3.sh,https://github.com/IBM/cloudant-java-sdk
c/cloudpickle,cloudpickle,v3.0.0,python,,c/cloudpickle/cloudpickle_ubi_8.7.sh,https://github.com/cloudpipe/cloudpickle.git
c/cloudpickle,cloudpickle,v3.1.1,python,,c/cloudpickle/cloudpickle_ubi_9.3.sh,https://github.com/cloudpipe/cloudpickle
c/cloudpickle,cloudpickle,0.5.2,python,,c/cloudpickle/cloudpickle_ubuntu_16.04.sh,https://github.com/cloudpipe/cloudpickle.git
c/common,common,v0.61.0,go,,c/common/common_ubi_9.3.sh,https://github.com/prometheus/common
c/common-annotations-api,common-annotations-api,2.1.1,java,,c/common-annotations-api/common-annotations-api_ubi_9.3.sh,https://github.com/jakartaee/common-annotations-api.git
c/commons-beanutils,commons-beanutils,commons-beanutils-1.9.4,java,,c/commons-beanutils/commons-beanutils_ubi_9.3.sh,https://github.com/apache/commons-beanutils.git
c/commons-beanutils,commons-beanutils,1.9.4,java,,c/commons-beanutils/commons-beanutils_rhel_7.6.sh,https://github.com/apache/commons-beanutils
c/commons-cli,commons-cli,commons-cli-1.5.0,java,,c/commons-cli/commons-cli_ubi_9.3.sh,https://github.com/apache/commons-cli.git
c/commons-codec,commons-codec,rel/commons-codec-1.17.0,java,,c/commons-codec/commons_codec_ubi_9.3.sh,https://github.com/apache/commons-codec.git
c/commons-codec,commons-codec,"1.11, 1.14",java,,c/commons-codec/commons_codec_rhel_7.6.sh,https://github.com/apache/commons-codec
c/commons-collections,commons-collections,commons-commons-collections-4.4,java,,c/commons-collections/commons-collections_ubi_9.3.sh,https://github.com/apache/commons-collections.git
c/commons-collections,commons-collections,4.4,java,,c/commons-collections/commons-collections_rhel_7.6.sh,https://github.com/apache/commons-collections
c/commons-collections,commons-collections,collections-4.1,java,,c/commons-collections/commons-collections_ubi_8.3.sh,https://github.com/apache/commons-collections.git
c/commons-collections,commons-collections,collections-4.2,java,,c/commons-collections/commons-collections_ubi_8.4.sh,https://github.com/apache/commons-collections.git
c/commons-configuration,commons-configuration,rel/commons-configuration-2.10.1,java,,c/commons-configuration/commons-configuration_ubi_9.3.sh,https://github.com/apache/commons-configuration.git
c/commons-configuration,commons-configuration,"1.10, 2.1.1, 2.7",java,,c/commons-configuration/commons-configuration_rhel_7.6.sh,https://github.com/apache/commons-configuration
c/commons-configuration,commons-configuration,commons-configuration-2.7,java,,c/commons-configuration/commons-configuration_ubi8.4.sh,https://github.com/apache/commons-configuration.git
c/commons-csv,commons-csv,rel/commons-csv-1.11.0,java,,c/commons-csv/commons-csv_ubi_9.3.sh,https://github.com/apache/commons-csv.git
c/commons-csv,commons-csv,1.5-RC1,java,,c/commons-csv/commons-csv_rhel_7.4.sh,https://github.com/apache/commons-csv
c/commons-csv,commons-csv,"1.7, 1.8",java,,c/commons-csv/commons-csv_rhel_7.6.sh,https://github.com/apache/commons-csv
c/commons-daemon,commons-daemon,rel/commons-daemon-1.2.3,java,,c/commons-daemon/commons-daemon-1.2.3_ubi9.3.sh,https://github.com/apache/${PACKAGE_NAME}.git
c/commons-daemon,commons-daemon,rel/commons-daemon-1.2.4 #provide full tag name as naming convention for release is not consistent,java,,c/commons-daemon/commons-daemon_ubi8.4.sh,https://github.com/apache/commons-daemon.git
c/commons-dbcp,commons-dbcp,rel/commons-dbcp-2.12.0,java,,c/commons-dbcp/commons-dbcp_ubi_9.3.sh,https://github.com/apache/commons-dbcp.git
c/commons-dbcp,commons-dbcp,"2.6.0, 2.7.0",java,,c/commons-dbcp/commons_dbcp_rhel_7.6.sh,http://git-wip-us.apache.org/repos/asf/commons-dbcp
c/commons-dbutils,commons-dbutils,rel/commons-dbutils-1.8.1,java,,c/commons-dbutils/commons-dbutils_ubi_9.3.sh,https://github.com/apache/commons-dbutils.git
c/commons-dbutils,commons-dbutils,"1.7, 2.0-RC1",java,,c/commons-dbutils/commons-dbutils_rhel_7.6.sh,https://github.com/apache/commons-dbutils
c/commons-io,commons-io,rel/commons-io-2.16.1,java,,c/commons-io/commons-io_2.16.1_ubi_9.3.sh,https://github.com/apache/${PACKAGE_NAME}.git
c/commons-io,commons-io,commons-io-2.6  #provide full tag name as naming convention for release is not consistent,java,,c/commons-io/commons-io_ubi8.4.sh,https://github.com/apache/commons-io.git
c/commons-io,commons-io,rel/commons-io-2.17.0,java,,c/commons-io/commons-io_ubi_9.3.sh,https://github.com/apache/commons-io.git
c/commons-io,commons-io,1.4,java,,c/commons-io/commons-io_1.4_ubi_8.3.sh,https://github.com/apache/commons-io.git
c/commons-io,commons-io,2.4,java,,c/commons-io/commons-io_2.4_2.5_ubi_8.3.sh,https://github.com/apache/commons-io.git
c/commons-logging,commons-logging,rel/commons-logging-1.3.3,java,,c/commons-logging/commons-logging_ubi_9.3.sh,https://github.com/apache/commons-logging.git
c/commons-logging,commons-logging,"1.1.3, 1.2",java,,c/commons-logging/commons-logging_rhel_7.6.sh,https://github.com/apache/commons-logging
c/commons-logging,commons-logging,1.0.4,java,,c/commons-logging/commons-logging_ubi_8.3.sh,https://github.com/apache/commons-logging.git
c/commons-net,commons-net,rel/commons-net-3.9.0,java,,c/commons-net/commons-net_ubi_9.3.sh,https://github.com/apache/commons-net.git
c/commons-pool,commons-pool,rel/commons-pool-2.12.0,java,,c/commons-pool/commons-pool_ubi_9.3.sh,https://github.com/apache/commons-pool.git
c/commons-pool,commons-pool,"2.0, 2.8.0",java,,c/commons-pool/commons-pool_rhel_7.6.sh,https://github.com/apache/commons-pool
c/commons-text,commons-text,rel/commons-text-1.12.0,java,,c/commons-text/commons-text_ubi_9.3.sh,https://github.com/apache/commons-text.git
c/commons-text,commons-text,"1.1, 1.8",java,,c/commons-text/commons_text_rhel_7.6.sh,https://gitbox.apache.org/repos/asf/commons-text.git
c/confluent-kafka,confluent-kafka,v2.10.0,python,,c/confluent-kafka/confluent-kafka_ubi_9.3.sh,https://github.com/confluentinc/confluent-kafka-python.git
c/confluent-kafka,confluent-kafka,v0.11.5,java,,c/confluent-kafka/confluent-kafka_v0.11.5_ubuntu_18.04.sh,https://github.com/confluentinc/confluent-kafka-python
c/confluent-kafka,confluent-kafka,1.7.0,python,,c/confluent-kafka/confluent-kafka_ubi8_3.sh,https://github.com/confluentinc/confluent-kafka-python
c/confluent-kafka,confluent-kafka,v0.11.5,python,,c/confluent-kafka/confluent-kafka_ubi_8.3.sh,https://github.com/confluentinc/confluent-kafka-python
c/console,console,v1.0.4,go,,c/console/console_ubi_9.3.sh,https://github.com/containerd/console
c/console,console,v0.0.0-20180822173158-c12b1e7919c1,go,,c/console/github.com__containerd__console_rhel_8.3.sh,https://github.com/containerd/console
c/consul,consul,v1.18.1,go,,c/consul/consul_v1.18.1_ubi_9.3.sh,https://github.com/hashicorp/consul
c/consul,consul,v1.4.4,go,,c/consul/consul_rhel_7.6.sh,https://github.com/hashicorp/consul
c/consul,consul,sdk/v0.4.0,go,,c/consul/consul_sdk_ubi8.5.sh,https://github.com/hashicorp/consul
c/consul,consul,v1.14.4,go,,c/consul/consul_v1.14.4_ubi_8.5.sh,https://github.com/hashicorp/consul
c/consul,consul,v1.22.0,go,,c/consul/consul_v1.22.0_ubi_9.6.sh,https://github.com/hashicorp/consul
c/consul,consul,v1.8.3,go,,c/consul/consul_ubi_8.5.sh,https://github.com/hashicorp/consul
c/consul,consul,v1.12.0,go,,c/consul/consul_v1.12.0_ubi_8.5.sh,https://github.com/hashicorp/consul
c/consul,consul,v1.12.3,go,,c/consul/consul_v1.12.3_ubi_8.5.sh,https://github.com/hashicorp/consul
c/consul,consul,v1.16.1,go,,c/consul/consul_v1.16.1_ubi_8.7.sh,https://github.com/hashicorp/consul
c/continuity,continuity,v0.4.5,go,,c/continuity/continuity_ubi_9.3.sh,https://github.com/containerd/continuity
c/contourpy,contourpy,v1.3.1,python,,c/contourpy/contourpy_1.3.1_ubi_9.5.sh,https://github.com/contourpy/contourpy
c/contourpy,contourpy,v1.0.5,python,,c/contourpy/contourpy_ubi_9.3.sh,https://github.com/contourpy/contourpy
c/crontab,crontab,${1:-,python,,c/crontab/crontab_ubi8.4.sh,https://github.com/josiahcarlson/parse-crontab.git
c/cryptography,cryptography,39.0.1,python,,c/cryptography/cryptography_39.0.1_ubi_9.3.sh,https://github.com/pyca/cryptography
c/cryptography,cryptography,44.0.0,python,,c/cryptography/cryptography_43.0.1_ubi_9.3.sh,https://github.com/pyca/cryptography.git
c/cryptography,cryptography,38.0.1,python,,c/cryptography/cryptography_ubi_9.3.sh,https://github.com/pyca/cryptography.git
c/cryptography,cryptography,43.0.3,python,,c/cryptography/cryptography_ubi_8.10.sh,https://github.com/pyca/cryptography/
c/cutadapt,cutadapt,1.8.1,python,,c/cutadapt/cutadapt_rhel_7.3.sh,https://pypi.python.org/pypi/cutadapt/1.8.1
c/cutadapt,cutadapt,1.8.1,python,,c/cutadapt/cutadapt_ubuntu_16.04.sh,https://pypi.python.org/pypi/cutadapt/1.8.1
c/cycler,cycler,v0.12.1,python,,c/cycler/cycler_ubi_8.7.sh,https://github.com/matplotlib/cycler.git
c/cycler,cycler,0.10.0,python,,c/cycler/cycler_rhel_7.3.sh,https://github.com/matplotlib/cycler
c/cymem,cymem,v2.0.7,python,,c/cymem/cymem_ubi_9.6.sh,https://github.com/explosion/cymem
c/cypher-dsl,cypher-dsl,2024.0.3,java,,c/cypher-dsl/cypher-dsl_ubi_9.3.sh,https://github.com/neo4j/cypher-dsl
c/cython,cython,0.29.36,python,,c/cython/cython_ubi_9.6.sh,https://github.com/cython/cython/
c/cytoolz,cytoolz,1.0.1,python,,c/cytoolz/cytoolz_1.0.1_ubi_9.5.sh,https://github.com/pytoolz/cytoolz.git
c/cytoolz,cytoolz,0.12.2,python,,c/cytoolz/cytoolz_ubi_8.7.sh,https://github.com/pytoolz/cytoolz.git
c/cytoolz,cytoolz,0.12.0,python,,c/cytoolz/cytoolz_ubi_9.3.sh,https://github.com/pytoolz/cytoolz.git
d/datasource-proxy,datasource-proxy,datasource-proxy-1.10,java,,d/datasource-proxy/datasource-proxy_ubi_9.3.sh,https://github.com/jdbc-observations/datasource-proxy
d/distributed,distributed,1.16.1,python,,d/distributed/distributed_rhel_7.3.sh,https://github.com/dask/distributed.git
d/distributed,distributed,1.16.1,python,,d/distributed/distributed_ubuntu_16.04.sh,https://github.com/dask/distributed.git
d/distro,distro,v1.9.0,python,,d/distro/distro_ubi_9.3.sh,https://github.com/python-distro/distro
d/django,django,5.0.7,python,,d/django/django_ubi_9.3.sh,https://github.com/django/django
d/django,django,2.2,python,,d/django/django_rhel_7.4.sh,https://github.com/django/django.git
d/django,django,2.2,python,,d/django/django_ubuntu_16.04.sh,https://github.com/django/django.git
d/dm-tree,dm-tree,0.1.7,python,,d/dm-tree/dm-tree_ubi_9.3.sh,https://github.com/deepmind/tree
d/dm-tree,dm-tree,0.1.8,python,,d/dm-tree/dm-tree_ubi_0.1.8_9.3.sh,https://github.com/deepmind/tree
d/dom4j,dom4j,version-2.1.4,java,,d/dom4j/dom4j_version-2.1.4_ubi_9.5.sh,https://github.com/dom4j/dom4j.git
d/dom4j,dom4j,"2.1.1, 2.1.3",java,,d/dom4j/dom4j_rhel_7.6.sh,https://github.com/dom4j/dom4j
d/dulwich,dulwich,dulwich-0.21.7,python,,d/dulwich/dulwich_0.21.7_ubi_9.3.sh,https://github.com/jelmer/dulwich.git
e/eck-operator,eck-operator,v2.9.0,go,,e/eck-operator/eck_operator_rhel_9.3.sh,https://github.com/elastic/cloud-on-k8s
e/eclipse-che-server,eclipse-che-server,7.106.0,java,,e/eclipse-che-server/eclipse-che-server_ubi_9.4.sh,https://github.com/eclipse-che/che-server
e/eclipse-collections,eclipse-collections,11.1.0,java,,e/eclipse-collections/eclipse-collections_ubi_9.3.sh,https://github.com/eclipse/eclipse-collections.git
e/editdistance,editdistance,v0.8.1,python,,e/editdistance/editdistance_ubi_9.3.sh,https://github.com/roy-ht/editdistance
e/egeria,egeria,V4.3,java,,e/egeria/egeria_ubi_9.3.sh,https://github.com/odpi/egeria.git
e/egeria,egeria,V4.0,java,,e/egeria/egeria_ubi_8.7.sh,https://github.com/odpi/egeria.git
e/egeria,egeria,egeria-release-2.10,java,,e/egeria/egeria_ubuntu_20.04.sh,https://github.com/odpi/egeria
e/ehcache3,ehcache3,v3.10.8,java,,e/ehcache3/ehcache3_ubi_9.3.sh,https://github.com/ehcache/ehcache3
e/einops,einops,v0.8.1,python,,e/einops/einops_ubi_9.6.sh,https://github.com/arogozhnikov/einops
e/em-websocket,em-websocket,v0.5.3,ruby,,e/em-websocket/em-websocket_ubi_9.3.sh,https://github.com/igrigorik/em-websocket
e/enterprise-beans,enterprise-beans,4.0.1-RELEASE,java,,e/enterprise-beans/enterprise-beans_ubi_9.3.sh,https://github.com/jakartaee/enterprise-beans.git
e/error-prone-annotations,error-prone-annotations,v2.30.0,java,,e/error-prone-annotations/error-prone-annotations_ubi_9.3.sh,https://github.com/google/error-prone.git
e/error-prone-annotations,error-prone-annotations,2.3.2-SNAPSHOT,java,,e/error-prone-annotations/error-prone-annotations_ubuntu_18.04.sh,https://github.com/google/error-prone.git
e/etcd,etcd,v3.5.14,go,,e/etcd/etcd_ubi_9_3.sh,https://github.com/etcd-io/etcd
e/etcd,etcd,v3.5.1,go,,e/etcd/etcd_ubi_8.5.sh,https://github.com/etcd-io/etcd
e/etcd-java,etcd-java,v0.0.24,java,,e/etcd-java/etcd-java_ubi_9.3.sh,https://github.com/IBM/etcd-java
e/eureka,eureka,v2.0.3,java,,e/eureka/eureka_ubi_9.3.sh,https://github.com/Netflix/eureka.git
e/executing,executing,0.6.0,python,,e/executing/executing_ubi_8.3.sh,https://github.com/alexmojaki/executing
e/exp4j,exp4j,exp4j-0.4.8,java,,e/exp4j/exp4j_ubi_9.3.sh,https://github.com/fasseg/exp4j.git
e/exp4j,exp4j,0.4.8,java,,e/exp4j/exp4j_rhel_7.6.sh,https://github.com/fasseg/exp4j
e/expression-language,expression-language,6.0.1-RELEASE-api,java,,e/expression-language/expression-language_ubi_9.3.sh,https://github.com/jakartaee/expression-language.git
f/fastavro,fastavro,1.12.1,python,,f/fastavro/fastavro_ubi_9.6.sh,https://github.com/fastavro/fastavro
f/fastutil,fastutil,1eec4d,java,,f/fastutil/fastutil_ubi_9.3.sh,https://github.com/karussell/fastutil.git
f/fastutil,fastutil,8.1.1,java,,f/fastutil/fastutil_rhel_7.3.sh,https://github.com/vigna/fastutil
f/feign,feign,13.3,java,,f/feign/feign_ubi_9.3.sh,https://github.com/OpenFeign/feign
f/file-specs-java,file-specs-java,1.1.2,java,,f/file-specs-java/file-specs-java_ubi_9.3.sh,https://github.com/jfrog/file-specs-java.git
f/filebeat,filebeat,v8.13.2,go,,f/filebeat/filebeat_ubi_9.3.sh,https://github.com/elastic/beats
f/filebeat,filebeat,v8.5.0,go,,f/filebeat/filebeat_UBI_8.5.sh,https://github.com/elastic/beats.git
f/filebeat,filebeat,v8.15.2,go,,f/filebeat/filebeat_ubi_8.10.sh,https://github.com/elastic/beats
f/filebeat,filebeat,6.5.4,go,,f/filebeat/filebeat_6.5.4_rhel_7.6.sh,https://github.com/elastic/beats.git
f/filebeat,filebeat,6.5.4,go,,f/filebeat/filebeat_6.5.4_ubuntu_18.04.sh,https://github.com/elastic/beats.git
f/filebeat,filebeat,7.2.0,go,,f/filebeat/filebeat_7.2.0_redhat_7.sh,https://github.com/elastic/beats.git
f/filebeat,filebeat,7.11.1,go,,f/filebeat/filebeat_rhel_7.6.sh,https://github.com/elastic/beats.git
f/filebeat,filebeat,6.8.10,go,,f/filebeat/filebeat_ubi_8.2.sh,https://github.com/elastic/beats.git
f/fiona,fiona,1.9.5,python,,f/fiona/fiona_ubi_8.7.sh,https://github.com/Toblerity/Fiona
f/fiona,fiona,1.10.1,python,,f/fiona/fiona_ubi_9.6.sh,https://github.com/Toblerity/Fiona
f/fire,fire,v0.4.0,python,,f/fire/fire_ubi_9.3.sh,https://github.com/google/python-fire
f/flask-security,flask-security,5.6.2,python,,f/flask-security/flask-security_ubi_9.6.sh,https://github.com/pallets-eco/flask-security
f/flask-security,flask-security,4.1.2,python,,f/flask-security/flask-security_ubi_8.sh,https://github.com/Flask-Middleware/flask-security.git
f/flatbuffers,flatbuffers,v2.0.0,python,,f/flatbuffers/flatbuffers_ubi_9.6.sh,https://github.com/google/flatbuffers.git
f/flowable-engine,flowable-engine,flowable-7.0.1,java,,f/flowable-engine/flowable_engine_ubi_9.3.sh,https://github.com/flowable/flowable-engine
f/flowable-engine,flowable-engine,flowable-6.8.0,java,,f/flowable-engine/flowable_engine_ubi_8.7.sh,https://github.com/flowable/flowable-engine
f/fluentd,fluentd,v1.17.0,ruby,,f/fluentd/fluentd_ubi_9.3.sh,https://github.com/fluent/fluentd.git
f/fluentd,fluentd,v1.16.1,ruby,,f/fluentd/fluentd_ubi_8.7.sh,https://github.com/fluent/fluentd.git
f/fluentd,fluentd,v1.12.0,ruby,,f/fluentd/fluentd_1.12.0_rhel_7.9.sh,https://github.com/fluent/fluentd
f/fluentd,fluentd,v1.11.3,ruby,,f/fluentd/fluentd_rhel_8.2.sh,https://github.com/fluent/fluentd
f/fluentd,fluentd,1.2.2,ruby,,f/fluentd/fluentd_ubuntu_16.04.sh,https://github.com/fluent/fluentd
f/flyway,flyway,flyway-10.15.2,java,,f/flyway/flyway_ubi_9.3.sh,https://github.com/flyway/flyway
f/flyway,flyway,6.2.4,java,,f/flyway/flyway_rhel_8.3.sh,https://github.com/flyway/flyway
f/flyway,flyway,flyway-7.8.2,java,,f/flyway/flyway_ubuntu_16.04.sh,https://github.com/flyway/flyway
f/fsspec,fsspec,2025.3.2,python,,f/fsspec/fsspec_ubi_9.6.sh,https://github.com/fsspec/filesystem_spec
f/future,future,v0.18.3,python,,f/future/future_ubi_9.3.sh,https://github.com/PythonCharmers/python-future
g/galaxy_ng,galaxy_ng,4.10.6,python,,g/galaxy_ng/galaxy_ng_ubi_9.6.sh,https://github.com/ansible/galaxy_ng.git
g/gensim,gensim,4.3.2,python,,g/gensim/gensim_ubi_9_3.sh,https://github.com/RaRe-Technologies/gensim
g/gensim,gensim,4.3.3,python,,g/gensim/gensim_4.3.3_ubi_9.5.sh,https://github.com/RaRe-Technologies/gensim
g/gensim,gensim,3.8.1,python,,g/gensim/gensim_rhel_7.6.sh,https://github.com/RaRe-Technologies/gensim
g/gensim,gensim,3.4.0,python,,g/gensim/gensim_ubuntu_16.04.sh,https://github.com/piskvorky/gensim.git
g/geomet,geomet,1.1.0,python,,g/geomet/geomet_ubi_9.3.sh,https://github.com/geomet/geomet
g/geomet,geomet,0.1.0,python,,g/geomet/geomet_rhel_8.3.sh,https://github.com/geomet/geomet
g/geoserver,geoserver,${1:-,java,,g/geoserver/geoserver_ubi_9_3.sh,https://github.com/geoserver/geoserver
g/geoserver,geoserver,2.23.1,java,,g/geoserver/geoserver_ubi_8_7.sh,https://github.com/geoserver/geoserver
g/gettext-go,gettext-go,${1:v1.0.3},go,,g/gettext-go/gettext-go_ubi_9.3.sh,https://github.com/chai2010/gettext-go
g/ginkgo,ginkgo,v2.23.4,go,,g/ginkgo/ginkgo_ubi_9.6_v2.23.4.sh,https://github.com/onsi/ginkgo
g/gitea,gitea,v1.22.0,go,,g/gitea/gitea_ubi_9.3.sh,https://github.com/go-gitea/gitea
g/gitea,gitea,v1.17.2,go,,g/gitea/gitea_v1.17.2.sh,https://github.com/go-gitea/gitea.git
g/gitea,gitea,1.15.8,go,,g/gitea/build_image_gitea.sh,https://github.com/go-gitea/gitea
g/glance,glance,zed-eom,python,,g/glance/glance_ubi_9.3.sh,https://github.com/openstack/glance
g/glance,glance,yoga-eom,python,,g/glance/glance_ubi_8.7.sh,https://github.com/openstack/glance
g/glassfish,glassfish,7.0.15,java,,g/glassfish/glassfish_ubi_9.3.sh,https://github.com/eclipse-ee4j/glassfish
g/glassfish,glassfish,7.0.7,java,,g/glassfish/glassfish_ubi_8.7.sh,https://github.com/eclipse-ee4j/glassfish
g/glassfish,glassfish,4.1,java,,g/glassfish/glassfish_rhel_7.4.sh,http://download.java.net/glassfish/4.1/release
g/glassfish-hk2,glassfish-hk2,2.6.1,java,,g/glassfish-hk2/glassfish-hk2-v2.6.1_ubi_9.3.sh,https://github.com/eclipse-ee4j/glassfish-hk2.git
g/glassfish-hk2,glassfish-hk2,3.1.1-RELEASE,java,,g/glassfish-hk2/glassfish-hk2_ubi_9.3.sh,https://github.com/eclipse-ee4j/glassfish-hk2.git
g/glog,glog,0.3.1,python,,g/glog/glog_ubi_9.3.sh,https://github.com/benley/python-glog
g/gnostic-models,gnostic-models,${1:v0.6.9},go,,g/gnostic-models/gnostic-models_ubi_9.3.sh,https://github.com/google/gnostic-models
g/go-metrics,go-metrics,v0.5.3,go,,g/go-metrics/go-metrics_ubi_9.3.sh,https://github.com/hashicorp/go-metrics.git
g/go-metrics,go-metrics,3113b8401b8a,go,,g/go-metrics/go-metrics_3113b8401b8a_ubi_8.5.sh,https://github.com/rcrowley/go-metrics
g/go-metrics,go-metrics,master,go,,g/go-metrics/go-metrics_ubi_8.5.sh,https://github.com/rcrowley/go-metrics
g/go-oidc,go-oidc,v3.10.0,go,,g/go-oidc/go-oidc_ubi_9.3.sh,https://github.com/coreos/go-oidc.git
g/go-oidc,go-oidc,v2.1.0,go,,g/go-oidc/go-oidc_ubi_8.5.sh,https://github.com/coreos/go-oidc.git
g/go-openapi-runtime,go-openapi-runtime,v0.26.2,go,,g/go-openapi-runtime/go-openapi_runtime_ubi_9.3.sh,https://github.com/go-openapi/runtime
g/go-openapi-runtime,go-openapi-runtime,v0.19.0,go,,g/go-openapi-runtime/go-openapi_runtime_v019.0_ubi_8.7.sh,https://github.com/go-openapi/runtime.git
g/gobrake,gobrake,v5.6.1,go,,g/gobrake/gobrake_ubi_9.3.sh,https://github.com/airbrake/gobrake
g/gobrake,gobrake,v5.6.1,go,,g/gobrake/gobrake_ubi_8.7.sh,https://github.com/airbrake/gobrake
g/gobrake,gobrake,v2.0.9,go,,g/gobrake/gopkg.in__airbrake__gobrake.v2_rhel_8.3.sh,https://github.com/airbrake/gobrake
g/godo,godo,v1.114.0,go,,g/godo/godo_ubi_9.3.sh,https://github.com/digitalocean/godo
g/godo,godo,v1.6.0,go,,g/godo/github.com__digitalocean__godo_rhel_8.3.sh,https://github.com/digitalocean/godo
g/godotenv,godotenv,v1.5.1,go,,g/godotenv/godotenv_ubi_9.3.sh,https://github.com/joho/godotenv
g/godotenv,godotenv,v1.3.0,go,,g/godotenv/github.com__joho__godotenv_rhel_8.3.sh,https://github.com/joho/godotenv
g/gofrs-uuid,gofrs-uuid,v5.1.0,go,,g/gofrs-uuid/gofrs-uuid_ubi_9.3.sh,https://github.com/gofrs/uuid
g/gofrs-uuid,gofrs-uuid,v3.2.0+incompatible,go,,g/gofrs-uuid/github.com__gofrs__uuid_rhel_8.3.sh,https://github.com/gofrs/uuid
g/google-crc32c,google-crc32c,v1.7.1,python,,g/google-crc32c/google-crc32c_ubi_9.6.sh,https://github.com/googleapis/python-crc32c
g/google-uuid,google-uuid,v1.6.0,go,,g/google-uuid/google-uuid_ubi_9.3.sh,https://github.com/google/uuid
g/google-uuid,google-uuid,v1.1.4,go,,g/google-uuid/github.com__google__uuid_rhel_8.3.sh,https://github.com/google/uuid
g/governator,governator,v1.17.13,java,,g/governator/governator_ubi_9.3.sh,https://github.com/Netflix/governator.git
g/grails-core,grails-core,v6.2.0,java,,g/grails-core/grails-core_ubi_9.3.sh,https://github.com/grails/grails-core.git
g/grails-core,grails-core,v5.2.5,java,,g/grails-core/grails-core_ubi_8.5.sh,https://github.com/grails/grails-core.git
g/graphviz,graphviz,0.20.2,python,,g/graphviz/graphviz_ubi_9.3.sh,https://github.com/xflr6/graphviz
g/griffe,griffe,1.7.2,python,,g/griffe/griffe_ubi_9.6.sh,https://github.com/mkdocstrings/griffe
g/grizzly,grizzly,4.0.2-RELEASE,java,,g/grizzly/grizzly_ubi_9.3.sh,https://github.com/eclipse-ee4j/grizzly
g/grizzly,grizzly,4.0.0,java,,g/grizzly/grizzly_ubi_8.7.sh,https://github.com/eclipse-ee4j/grizzly
g/grizzly,grizzly,2.4.3,java,,g/grizzly/grizzly_rhel_7.3.sh,https://github.com/javaee/grizzly
g/grizzly,grizzly,2.4.3,java,,g/grizzly/grizzly_ubuntu_16.04.sh,https://github.com/javaee/grizzly
g/grizzly,grizzly,1.0.28,java,,g/grizzly/grizzly_ubuntu_18.04.sh,https://search.maven.org/remotecontent?filepath=grizzly/grizzly/1.0.28/grizzly-1.0.28-sources.jar
g/gson,gson,gson-parent-2.10.1,java,,g/gson/gson_ubi_9.3.sh,https://github.com/google/gson.git
g/gson,gson,2.8.5,java,,g/gson/gson_rhel_7.6.sh,https://github.com/google/gson
g/gson,gson,2.8.5,java,,g/gson/gson_ubuntu_18.04.sh,https://github.com/google/gson
g/guava-futures-failureaccess,guava-futures-failureaccess,failureaccess-v1.0.2,java,,g/guava-futures-failureaccess/guava-futures-failureaccess_ubi_9.3.sh,https://github.com/google/guava.git
g/guava-futures-listenablefuture9999,guava-futures-listenablefuture9999,v33.3.1,java,,g/guava-futures-listenablefuture9999/guava-futures-listenablefuture9999_ubi_9.3.sh,https://github.com/google/guava.git
h/h2database,h2database,version-2.3.232,java,,h/h2database/h2database_ubi_9.3.sh,https://github.com/h2database/h2database.git
h/h5py,h5py,3.11.0,python,,h/h5py/h5py_3.11.0_ubi_9.3.sh,https://github.com/h5py/h5py.git
h/h5py,h5py,3.7.0,python,,h/h5py/h5py_ubi_9.3.sh,https://github.com/h5py/h5py.git
h/h5py,h5py,3.15.0,python,,h/h5py/h5py_3.15.0_ubi_9.3.sh,https://github.com/h5py/h5py.git
h/handlers,handlers,v1.5.2,go,,h/handlers/handlers_ubi_9.3.sh,https://github.com/gorilla/handlers
h/hapi-fhir-jpaserver-starter,hapi-fhir-jpaserver-starter,image/v7.4.0,java,,h/hapi-fhir-jpaserver-starter/hapi-fhir-jpaserver-starter_ubi_9.3.sh,https://github.com/hapifhir/hapi-fhir-jpaserver-starter
h/hawtio,hawtio,4.x,java,,h/hawtio/hawtio_ubi_9.6.sh,https://github.com/hawtio/hawtio
h/hcl,hcl,v2.20.1,go,,h/hcl/hcl_ubi_9.3.sh,https://github.com/hashicorp/hcl
h/hcl,hcl,v1.0.0,go,,h/hcl/github.com__hashicorp__hcl_rhel_8.3.sh,https://github.com/hashicorp/hcl
h/hcl,hcl,v1.0.0,go,,h/hcl/hashicorp_hcl_ubi_8.5.sh,https://github.com/hashicorp/hcl
h/hdrhistogram,hdrhistogram,HdrHistogram-2.1.12,java,,h/hdrhistogram/HdrHistogram_ubi_9.3.sh,https://github.com/HdrHistogram/HdrHistogram.git
h/hdrhistogram,hdrhistogram,2.1.9,java,,h/hdrhistogram/HdrHistogram_rhel_7.6.sh,https://github.com/HdrHistogram/HdrHistogram
h/helm-2to3,helm-2to3,v0.10.3,go,,h/helm-2to3/helm-2to3_ubi_9.3.sh,https://github.com/helm/helm-2to3.git
h/helm-unittest,helm-unittest,v0.5.2,go,,h/helm-unittest/helm-unittest_ubi_9.3.sh,https://github.com/helm-unittest/helm-unittest
h/hf-xet,hf-xet,v1.1.0,python,,h/hf-xet/hf-xet_ubi_9.3.sh,https://github.com/huggingface/xet-core
h/hibernate-commons-annotations,hibernate-commons-annotations,7.0.0.Final,java,,h/hibernate-commons-annotations/hibernate-commons-annotations_ubi_9.3.sh,https://github.com/hibernate/hibernate-commons-annotations.git
h/hibernate-validator,hibernate-validator,8.0.1.Final,java,,h/hibernate-validator/hibernate-validator_ubi_9.3.sh,https://github.com/hibernate/hibernate-validator
h/hibernate-validator,hibernate-validator,"6.1.0, 6.1.3",java,,h/hibernate-validator/hibernate-validator_rhel_7.6.sh,https://github.com/hibernate/hibernate-validator
h/high-scale-lib,high-scale-lib,high-scale-lib-parent-1.1.4,java,,h/high-scale-lib/high-scale-lib_ubi_9.3.sh,https://github.com/stephenc/high-scale-lib.git
h/high-scale-lib,high-scale-lib,1.1.4,java,,h/high-scale-lib/high-scale-lib_ubuntu_16.04.sh,https://github.com/stephenc/high-scale-lib.git
h/hikaricp,hikaricp,HikariCP-5.1.0,java,,h/hikaricp/hikaricp_ubi_9.3.sh,https://github.com/brettwooldridge/HikariCP
h/hppc,hppc,0.10.0,java,,h/hppc/hppc_ubi_9.3.sh,https://github.com/carrotsearch/hppc
h/htpasswd,htpasswd,2.3,python,,h/htpasswd/htpasswd_ubi_9.3.sh,https://github.com/thesharp/htpasswd
h/httpcomponents-client,httpcomponents-client,rel/v5.2.1,java,,h/httpcomponents-client/httpcomponents-client_ubi_9.3.sh,https://github.com/apache/httpcomponents-client.git
h/httpcomponents-client,httpcomponents-client,rel/v5.4,java,,h/httpcomponents-client/httpcomponents-client_v5.4_ubi_9.5.sh,https://github.com/apache/httpcomponents-client
h/httpcomponents-client,httpcomponents-client,rel/v4.5.14,java,,h/httpcomponents-client/httpcomponents-client_v4.5.14_ubi_9.3.sh,https://github.com/apache/httpcomponents-client.git
h/httpcomponents-client,httpcomponents-client,rel/v4.5.5,java,,h/httpcomponents-client/httpcomponents-client_v4.5.5_ubi_9.3.sh,https://github.com/apache/httpcomponents-client.git
h/httpcomponents-core,httpcomponents-core,rel/v5.3.1,java,,h/httpcomponents-core/httpcomponents-core_ubi_9.3.sh,https://github.com/apache/httpcomponents-core.git
h/httpcore,httpcore,rel/v4.4.13,java,,h/httpcore/httpcore_ubi_9.3.sh,https://github.com/apache/httpcomponents-core.git
h/httpcore5,httpcore5,rel/v5.2.1,java,,h/httpcore5/httpcore5_ubi_9.3.sh,https://github.com/apache/httpcomponents-core.git
h/httpcore5-h2,httpcore5-h2,rel/v5.2.1,java,,h/httpcore5-h2/httpcore5-h2_ubi_9.3.sh,https://github.com/apache/httpcomponents-core.git
h/httptools,httptools,v0.6.4,python,,h/httptools/httptools_ubi_9.3.sh,https://github.com/MagicStack/httptools.git
h/httptools,httptools,v0.6.4,python,,h/httptools/httptools_ubi_8.10.sh,https://github.com/MagicStack/httptools.git
h/httpx-sse,httpx-sse,0.4.0,python,,h/httpx-sse/httpx-sse_ubi_9.6.sh,https://github.com/florimondmanca/httpx-sse
i/ibm_db,ibm_db,v3.2.3,python,,i/ibm_db/ibm_db_ubi_9.3.sh,https://github.com/ibmdb/python-ibmdb.git
i/ijson,ijson,v3.4.0,python,,i/ijson/ijson_ubi_9.3.sh,https://github.com/ICRAR/ijson.git
i/imbalanced-learn,imbalanced-learn,0.12.2,python,,i/imbalanced-learn/imbalanced-learn_ubi_9.3.sh,https://github.com/scikit-learn-contrib/imbalanced-learn.git
i/iminuit,iminuit,${1:-,python,,i/iminuit/iminuit_ubi_9.3.sh,https://github.com/iminuit/iminuit.git
i/iminuit,iminuit,,python,,i/iminuit/conda.recipe/build.sh,
i/iminuit,iminuit,1.2,python,,i/iminuit/iminuit_ubuntu_16.04.sh,https://github.com/iminuit/iminuit
i/import-tracker,import-tracker,3.2.1,python,,i/import-tracker/import_tracker_ubi_9.3.sh,https://github.com/IBM/import-tracker.git
i/incremental,incremental,incremental-24.7.2,python,,i/incremental/incremental_ubi_9.3.sh,https://github.com/twisted/incremental
i/incremental,incremental,16.10.1,python,,i/incremental/incremental_rhel_7.3.sh,https://github.com/hawkowl/incremental
i/incremental,incremental,incremental-22.10.0,python,,i/incremental/incremental_ubi_8_7.sh,https://github.com/twisted/incremental
i/incremental,incremental,16.10.1,python,,i/incremental/incremental_ubuntu_16.04.sh,https://github.com/hawkowl/incremental
i/infinispan,infinispan,16.0.5,java,,i/infinispan/infinispan_ppc64le_ubi9.3.sh,https://github.com/infinispan/infinispan
i/infinispan,infinispan,12.1.3.Final,java,,i/infinispan/infinispan_ppc64le_ubi8.3.sh,https://github.com/infinispan/infinispan
i/infinispan,infinispan,10.1.0.Beta1,python,,i/infinispan/infinispan_build_ppc64le_rhel7.6.sh,https://github.com/infinispan/infinispan
i/infinispan-operator,infinispan-operator,2.4.3.Final,go,,i/infinispan-operator/infinispan-operator_ubi_9.3.sh,https://github.com/infinispan/infinispan-operator
i/inflection,inflection,master,python,,i/inflection/inflection_ubi_8.7.sh,https://github.com/jpvanhal/inflection.git
i/inflection,inflection,0.3.1,python,,i/inflection/inflection_rhel_7.3.sh,https://github.com/jpvanhal/inflection
i/inflection,inflection,0.3.1,python,,i/inflection/inflection_ubuntu_16.04.sh,https://github.com/jpvanhal/inflection
i/inflection,inflection,v1.0.0,go,,i/inflection/inflection_ubi_8.5.sh,https://github.com/jinzhu/inflection
i/inject,inject,2.0.1,java,,i/inject/inject_ubi_9.3.sh,https://github.com/jakartaee/inject.git
i/instana-java-sdk,instana-java-sdk,instana-java-sdk-1.2.0,java,,i/instana-java-sdk/instana-java-sdk_ubi_9.3.sh,https://github.com/instana/instana-java-sdk.git
i/ipykernel,ipykernel,v6.25.0,python,,i/ipykernel/ipykernel_ubi_8_7.sh,https://github.com/ipython/ipykernel
i/ipykernel,ipykernel,v6.29.4,python,,i/ipykernel/ipykernel_ubi_9.6.sh,https://github.com/ipython/ipykernel
i/itsdangerous,itsdangerous,2.1.2,python,,i/itsdangerous/itsdangerous_ubi_8_7.sh,https://github.com/pallets/itsdangerous
j/Jackson-dataformat-xml,Jackson-dataformat-xml,jackson-dataformat-xml-2.17.0,java,,j/Jackson-dataformat-xml/jackson-dataformat-xml_ubi_9.3.sh,https://github.com/FasterXML/jackson-dataformat-xml
j/Jackson-dataformat-xml,Jackson-dataformat-xml,2.13,java,,j/Jackson-dataformat-xml/Jackson-dataformat-xml_ubi_8.3.sh,https://github.com/FasterXML/jackson-dataformat-xml.git
j/Jackson-dataformat-xml,Jackson-dataformat-xml,jackson-dataformat-xml-2.14.1,java,,j/Jackson-dataformat-xml/jackson-dataformat-xml_ubi_8.5.sh,https://github.com/FasterXML/jackson-dataformat-xml
j/Jena-arq,Jena-arq,jena-4.9.0,java,,j/Jena-arq/jena-arq_ubi_9.3.sh,https://github.com/apache/jena.git
j/Jena-arq,Jena-arq,jena-4.2.0,java,,j/Jena-arq/Jena-arq_ubi_8.3.sh,https://github.com/apache/jena.git
j/Jena-arq,Jena-arq,2.13.0,java,,j/Jena-arq/jena-arq-2.13.0_ubi_8.3.sh,https://github.com/apache/jena.git
j/Jena-iri,Jena-iri,jena-4.9.0,java,,j/Jena-iri/jena-iri_ubi_9.3.sh,https://github.com/apache/jena.git
j/Jena-iri,Jena-iri,jena-4.2.0,java,,j/Jena-iri/Jena-iri_ubi_8.3.sh,https://github.com/apache/jena.git
j/j2objc-annotations,j2objc-annotations,2.8,java,,j/j2objc-annotations/j2objc-annotations_ubi_9_3.sh,https://github.com/google/j2objc
j/j2objc-annotations,j2objc-annotations,1.3,java,,j/j2objc-annotations/j2objc-annotations_ubi_8.3.sh,https://github.com/google/j2objc.git
j/j2objc-annotations,j2objc-annotations,"1.1, 2.6",java,,j/j2objc-annotations/j2objc-annotations_rhel_7.6.sh,https://github.com/google/j2objc
j/jackson-annotations,jackson-annotations,jackson-annotations-2.17.0,java,,j/jackson-annotations/jackson-annotations_ubi_9.3.sh,https://github.com/FasterXML/jackson-annotations
j/jackson-annotations,jackson-annotations,jackson-annotations-2.14.1,go,,j/jackson-annotations/jackson-annotations_ubi_8.5.sh,https://github.com/FasterXML/jackson-annotations
j/jackson-annotations,jackson-annotations,2.10.2,java,,j/jackson-annotations/jackson-annotations_rhel_7.6.sh,https://github.com/FasterXML/jackson-annotations.git
j/jackson-core,jackson-core,jackson-core-2.17.0,java,,j/jackson-core/jackson-core_ubi_9.3.sh,https://github.com/FasterXML/jackson-core
j/jackson-core,jackson-core,jackson-core-2.17.2,java,,j/jackson-core/jackson-core_v2.17.2_ubi_9.3.sh,https://github.com/FasterXML/jackson-core
j/jackson-core,jackson-core,jackson-core-2.14.1,java,,j/jackson-core/jackson-core_ubi_8.5.sh,https://github.com/FasterXML/jackson-core
j/jackson-databind,jackson-databind,jackson-databind-2.17.0,java,,j/jackson-databind/jackson-databind_ubi_9.3.sh,https://github.com/FasterXML/jackson-databind.git
j/jackson-databind,jackson-databind,jackson-databind-2.14.1,java,,j/jackson-databind/jackson-databind_ubi_8.5.sh,https://github.com/FasterXML/jackson-databind
j/jackson-dataformats-binary,jackson-dataformats-binary,jackson-dataformats-binary-2.17.2,java,,j/jackson-dataformats-binary/jackson-dataformats-binary_ubi_9.3.sh,https://github.com/FasterXML/jackson-dataformats-binary.git
j/jackson-dataformats-text,jackson-dataformats-text,jackson-dataformats-text-2.17.2,java,,j/jackson-dataformats-text/jackson-dataformats-text_ubi_9.3.sh,https://github.com/FasterXML/jackson-dataformats-text.git
j/jackson-datatype-joda,jackson-datatype-joda,jackson-datatype-joda-2.17.2,java,,j/jackson-datatype-joda/jackson-datatype-joda_ubi_9.3.sh,https://github.com/FasterXML/jackson-datatype-joda.git
j/jackson-datatype-joda,jackson-datatype-joda,2.10.2,java,,j/jackson-datatype-joda/jackson-datatype-joda_rhel_7.6.sh,https://github.com/FasterXML/jackson-datatype-joda
j/jackson-jakarta-rs-providers,jackson-jakarta-rs-providers,jackson-jakarta-rs-providers-2.17.2,java,,j/jackson-jakarta-rs-providers/jackson-jakarta-rs-providers_ubi_9.3.sh,https://github.com/FasterXML/jackson-jakarta-rs-providers.git
j/jackson-jaxrs-providers,jackson-jaxrs-providers,jackson-jaxrs-providers-2.17.2,java,,j/jackson-jaxrs-providers/jackson-jaxrs-providers_ubi_9.3.sh,https://github.com/FasterXML/jackson-jaxrs-providers.git
j/jackson-jaxrs-providers,jackson-jaxrs-providers,2.9.6,java,,j/jackson-jaxrs-providers/jackson-jaxrs-providers_ubuntu_16.04.sh,https://github.com/FasterXML/jackson-jaxrs-providers.git
j/jackson-jaxrs-providers,jackson-jaxrs-providers,2.9.6,java,,j/jackson-jaxrs-providers/jackson-jaxrs-providers_v2.9_ubuntu_16.04.sh,https://github.com/FasterXML/jackson-jaxrs-providers.git
j/jackson-module-scala,jackson-module-scala,2.9.4,java,,j/jackson-module-scala/jackson-scala_ubuntu_16.04.sh,https://github.com/FasterXML/jackson-module-scala.git
j/jackson-modules-base,jackson-modules-base,jackson-modules-base-2.17.2,java,,j/jackson-modules-base/jackson-modules-base_ubi_9.3.sh,https://github.com/FasterXML/jackson-modules-base.git
j/jackson-modules-java8-datatypes,jackson-modules-java8-datatypes,jackson-modules-java8-2.14.3,java,,j/jackson-modules-java8-datatypes/jackson-modules-java8-datatypes_ubi_9.3.sh,https://github.com/FasterXML/jackson-modules-java8.git
j/jackson-modules-java8-datetime,jackson-modules-java8-datetime,jackson-modules-java8-2.14.3,java,,j/jackson-modules-java8-datetime/jackson-modules-java8-datetime_ubi_9.3.sh,https://github.com/FasterXML/jackson-modules-java8.git
j/jackson-modules-java8-parameter-names,jackson-modules-java8-parameter-names,jackson-modules-java8-2.14.3,java,,j/jackson-modules-java8-parameter-names/jackson-modules-java8-parameter-names_ubi_9.3.sh,https://github.com/FasterXML/jackson-modules-java8.git
j/jaeger,jaeger,v1.56.0,go,,j/jaeger/jaeger_ubi_9.3.sh,https://github.com/jaegertracing/jaeger
j/jaeger,jaeger,v1.39.0,go,,j/jaeger/jaeger_ubi8.sh,https://github.com/jaegertracing/jaeger.git
j/jaeger,jaeger,Master,node,,j/jaeger/jaeger-rhel_8.3.sh,https://github.com/jaegertracing/jaeger
j/jaeger,jaeger,Master,node,,j/jaeger/jaeger-ubuntu_18.04.sh,https://github.com/jaegertracing/jaeger
j/jaeger,jaeger,Master,node,,j/jaeger/jaeger-ubuntu_20.04.sh,https://github.com/jaegertracing/jaeger
j/jaeger-operator,jaeger-operator,v1.56.0,go,,j/jaeger-operator/jaeger-operator_ubi_9.3.sh,https://github.com/jaegertracing/jaeger-operator
j/jaeger-operator,jaeger-operator,v1.53.0,go,,j/jaeger-operator/jaeger-operator_ubi_8.7.sh,https://github.com/jaegertracing/jaeger-operator
j/jaeger-operator,jaeger-operator,v1.16.0,go,,j/jaeger-operator/jaeger_operator_rhel_7.6.sh,https://github.com/jaegertracing/jaeger-operator
j/jaf-api,jaf-api,2.1.3,java,,j/jaf-api/jaf-api_ubi_9.3.sh,https://github.com/jakartaee/jaf-api
j/jaf-api,jaf-api,2.1.1,java,,j/jaf-api/jaf-api_2.1.1_ubi_8.5.sh,https://github.com/jakartaee/jaf-api
j/jakarta-metro-saaj-impl,jakarta-metro-saaj-impl,3.0.0,java,,j/jakarta-metro-saaj-impl/jakarta-metro-saaj-impl_v3.0.0_ubi_9.3.sh,https://github.com/eclipse-ee4j/metro-saaj
j/jakarta-metro-saaj-impl,jakarta-metro-saaj-impl,3.0.4,java,,j/jakarta-metro-saaj-impl/jakarta-metro-saaj-impl_v3.0.4_ubi_9.3.sh,https://github.com/eclipse-ee4j/metro-saaj
j/jakartaee-rest,jakartaee-rest,4.0.0-RELEASE,java,,j/jakartaee-rest/jakartaee-rest_ubi_9.3.sh,https://github.com/jakartaee/rest.git
j/jandex,jandex,3.2.0,java,,j/jandex/jandex_ubi_9.3.sh,https://github.com/smallrye/jandex.git
j/jandex,jandex,2.0.5,java,,j/jandex/jandex_rhel_7.6.sh,https://github.com/wildfly/jandex
j/janusgraph,janusgraph,v1.1.0,java,,j/janusgraph/janusgraph_ubi_9.3.sh,https://github.com/JanusGraph/janusgraph.git
j/janusgraph,janusgraph,0.2.0,java,,j/janusgraph/janusgraph_rhel_7.4.sh,https://github.com/JanusGraph/janusgraph.git
j/janusgraph,janusgraph,0.2.0,java,,j/janusgraph/janusgraph_ubuntu_16.04.sh,https://github.com/JanusGraph/janusgraph.git
j/jaraco.packaging,jaraco.packaging,v10.2.3,python,,j/jaraco.packaging/jaraco.packaging_ubi_9.3.sh,https://github.com/jaraco/jaraco.packaging
j/jaraco.packaging,jaraco.packaging,8.1.0,python,,j/jaraco.packaging/jaraco.packaging_rhel_8.3.sh,https://github.com/jaraco/jaraco.packaging
j/jaraco.test,jaraco.test,v5.5.1,python,,j/jaraco.test/jaraco.test_ubi_9.3.sh,https://github.com/jaraco/jaraco.test
j/jaraco.test,jaraco.test,v5.0.0,python,,j/jaraco.test/jaraco.test_ubi_8.5.sh,https://github.com/jaraco/jaraco.test
j/jaro-winkler-distance,jaro-winkler-distance,v2.0.0,python,,j/jaro-winkler-distance/jaro-winkler-distance_ubi_9.3.sh,https://github.com/nap/jaro-winkler-distance
j/jaro-winkler-distance,jaro-winkler-distance,commit #835bede,python,,j/jaro-winkler-distance/jaro-winkler-distance_rhel_7.6.sh,https://github.com/nap/jaro-winkler-distance
j/jasper,jasper,0.1,python,,j/jasper/jasper_ubi_9.3.sh,https://github.com/tylerlaberge/Jasper
j/java-hll,java-hll,v1.6.0,java,,j/java-hll/java-hll_ubi_9.3.sh,https://github.com/aggregateknowledge/java-hll.git
j/java-sdk-core,java-sdk-core,9.20.0,java,,j/java-sdk-core/java-sdk-core_ubi_9.3.sh,https://github.com/IBM/java-sdk-core.git
j/java-uuid-generator,java-uuid-generator,java-uuid-generator-5.1.0,java,,j/java-uuid-generator/java-uuid-generator_ubi_9.3.sh,https://github.com/cowtowncoder/java-uuid-generator
j/javabridge,javabridge,master,python,,j/javabridge/javabridge_ubi_9.6.sh,https://github.com/LeeKamentsky/python-javabridge
j/javabridge,javabridge,,python,,j/javabridge/conda.recipe/build.sh,
j/javabridge,javabridge,1.0.0pr3,python,,j/javabridge/javabridge_ubuntu_16.04.sh,https://github.com/LeeKamentsky/python-javabridge
j/javapoet,javapoet,javapoet-1.13.0,java,,j/javapoet/javapoet_ubi_9.3.sh,https://github.com/square/javapoet.git
j/javapoet,javapoet,"1.8.0, 1.12.1",java,,j/javapoet/javapoet_rhel_7.6.sh,https://github.com/square/javapoet
j/javatuples,javatuples,javatuples-1.2,java,,j/javatuples/javatuples_ubi_9.3.sh,https://github.com/javatuples/javatuples.git
j/javatuples,javatuples,1.2,java,,j/javatuples/javatuples_rhel_7.6.sh,https://github.com/javatuples/javatuples
j/javax.interceptor,javax.interceptor,1.2.2,java,,j/javax.interceptor/javax.interceptor_ubi_9.3.sh,https://github.com/javaee/javax.interceptor.git
j/javax.transaction,javax.transaction,1.2,java,,j/javax.transaction/javax.transaction_ubi_9.3.sh,https://github.com/javaee/javax.transaction.git
j/jax,jax,jax-v0.4.7,python,,j/jax/jax_ubi_9.3.sh,https://github.com/jax-ml/jax
j/jaxb-api,jaxb-api,4.0.2,java,,j/jaxb-api/jaxb-api_ubi_9.3.sh,https://github.com/jakartaee/jaxb-api
j/jaxb-api,jaxb-api,4.0.0-RC2,java,,j/jaxb-api/jakarta.xml.bind-api_4.0.0-RC2_ubi_8.3.sh,https://github.com/eclipse-ee4j/jaxb-api
j/jaxb-api,jaxb-api,3.0.0-RC3,java,,j/jaxb-api/jaxb_api_rhel_7.6.sh,https://github.com/eclipse-ee4j/jaxb-api
j/jaxb-istack-commons,jaxb-istack-commons,4.2.0,java,,j/jaxb-istack-commons/jaxb-istack-commons_ubi_9.3.sh,https://github.com/eclipse-ee4j/jaxb-istack-commons.git
j/jaxb-ri,jaxb-ri,4.0.5,java,,j/jaxb-ri/jaxb-core_4.0.5-RI_ubi_9.3.sh,https://github.com/eclipse-ee4j/${PACKAGE_NAME}.git
j/jaxb-ri,jaxb-ri,4.0.5-RI,java,,j/jaxb-ri/jaxb-ri_ubi_9.3.sh,https://github.com/eclipse-ee4j/jaxb-ri
j/jaxlib,jaxlib,jaxlib-v0.4.7,python,,j/jaxlib/jaxlib_ubi_9.3.sh,https://github.com/jax-ml/jax
j/jboss-logging,jboss-logging,3.5.3.Final,java,,j/jboss-logging/jboss-logging_ubi_9.3.sh,https://github.com/jboss-logging/jboss-logging.git
j/jboss-logging,jboss-logging,3.3.2,java,,j/jboss-logging/jboss-logging_rhel_7.6.sh,https://github.com/jboss-logging/jboss-logging
j/jboss-marshalling,jboss-marshalling,2.2.1.Final,java,,j/jboss-marshalling/jboss-marshalling_ubi_9.3.sh,https://github.com/jboss-remoting/jboss-marshalling.git
j/jboss-marshalling,jboss-marshalling,2.0.12.Final,java,,j/jboss-marshalling/jboss-marshalling_ubuntu_20.04.sh,https://github.com/jboss-remoting/jboss-marshalling
j/jcip-annotations,jcip-annotations,jcip-annotations-1.0-1,java,,j/jcip-annotations/jcip-annotations_ubi_9.3.sh,https://github.com/stephenc/jcip-annotations.git
j/jcip-annotations,jcip-annotations,1.0-1,java,,j/jcip-annotations/jcip_annotations_rhel_7.6.sh,https://github.com/stephenc/jcip-annotations
j/jctools,jctools,v4.0.5,java,,j/jctools/jctools_ubi_9.3.sh,https://github.com/JCTools/JCTools.git
j/jdcal,jdcal,master,python,,j/jdcal/jdcal_ubi_8.7.sh,https://github.com/phn/jdcal
j/jena-base,jena-base,jena-4.9.0,java,,j/jena-base/jena-base_ubi_9.3.sh,https://github.com/apache/jena.git
j/jena-core,jena-core,jena-4.9.0,java,,j/jena-core/jena-core_ubi_9.3.sh,https://github.com/apache/jena.git
j/jena-core,jena-core,2.13.0,java,,j/jena-core/jena-core_ubi_8.3.sh,https://github.com/apache/jena.git
j/jersey,jersey,3.1.8,java,,j/jersey/jersey_core-server_3.1.8_ubi9.3.sh,https://github.com/eclipse-ee4j/jersey.git
j/jersey,jersey,3.1.7,java,,j/jersey/jersey_ubi_9.3.sh,https://github.com/eclipse-ee4j/jersey.git
j/jersey,jersey,2.26,java,,j/jersey/jersey_rhel_7.4.sh,https://github.com/jersey/jersey
j/jersey,jersey,2.26,java,,j/jersey/jersey_ubuntu_16.04.sh,https://github.com/jersey/jersey
j/jersey-client,jersey-client,3.1.8,java,,j/jersey-client/jersey-client_v3.1.8_ubi_9.3.sh,https://github.com/eclipse-ee4j/jersey.git
j/jersey-client,jersey-client,2.25.1,java,,j/jersey-client/jersey-client_rhel_7.6.sh,https://github.com/jersey/jersey
j/jersey-container-servlet,jersey-container-servlet,3.1.8,java,,j/jersey-container-servlet/jersey-container-servlet_v3.1.8_ubi_9.3.sh,https://github.com/eclipse-ee4j/jersey.git
j/jersey-container-servlet-core,jersey-container-servlet-core,3.1.8,java,,j/jersey-container-servlet-core/jersey-container-servlet-core_v3.1.8_ubi_9.3.sh,https://github.com/eclipse-ee4j/jersey.git
j/jersey-container-servlet-core,jersey-container-servlet-core,2.25.1,java,,j/jersey-container-servlet-core/jersey-container-servlet-core_rhel_7.6.sh,https://github.com/jersey/jersey
j/jersey-hk2,jersey-hk2,3.1.8,java,,j/jersey-hk2/jersey-hk2_v3.1.8_ubi_9.3.sh,https://github.com/eclipse-ee4j/jersey.git
j/jersey-media-jaxb,jersey-media-jaxb,3.1.8,java,,j/jersey-media-jaxb/jersey-media-jaxb_v3.1.8_ubi_9.3.sh,https://github.com/eclipse-ee4j/jersey.git
j/jersey-media-jaxb,jersey-media-jaxb,"2.25.1, 2.27",java,,j/jersey-media-jaxb/jersey_media_jaxb_rhel_7.6.sh,https://github.com/jersey/jersey
j/jersey-media-json-binding,jersey-media-json-binding,3.1.8,java,,j/jersey-media-json-binding/jersey-media-json-binding_v3.1.8_ubi_9.3.sh,https://github.com/eclipse-ee4j/jersey.git
j/jersey-media-sse,jersey-media-sse,3.1.8,java,,j/jersey-media-sse/jersey-media-sse_v3.1.8_ubi_9.3.sh,https://github.com/eclipse-ee4j/jersey.git
j/jheaps,jheaps,jheaps-0.13,java,,j/jheaps/jheaps_ubi_9.3.sh,https://github.com/d-michail/jheaps.git
j/jheaps,jheaps,0.11,java,,j/jheaps/jheaps_rhel_8.3.sh,https://github.com/d-michail/jheaps/tree/jheaps-0.11
j/jimfs,jimfs,v1.3.0,java,,j/jimfs/jimfs_ubi_9.3.sh,https://github.com/google/jimfs
j/joblib,joblib,1.3.2,python,,j/joblib/joblib_ubi_9.6.sh,https://github.com/joblib/joblib
j/joda-time,joda-time,v2.12.7,java,,j/joda-time/joda-time_ubi_9.3.sh,https://github.com/JodaOrg/joda-time.git
j/joda-time,joda-time,v2.12.1,java,,j/joda-time/joda_time_ubi_8.5.sh,https://github.com/JodaOrg/joda-time
j/joda-time,joda-time,"2.8.1, 2.10.5",java,,j/joda-time/joda_time_rhel_7.6.sh,https://github.com/JodaOrg/joda-time
j/journalbeat,journalbeat,master,go,,j/journalbeat/journalbeat_ubi_9.3.sh,https://github.com/mheese/journalbeat
j/jpype,jpype,v1.5.0,python,,j/jpype/jpype_ubi_9.3.sh,https://github.com/jpype-project/jpype.git
j/json-base,json-base,json-base-2.4.3,java,,j/json-base/json-base_ubi_9.3.sh,https://github.com/wnameless/json-base.git
j/json-flattener,json-flattener,json-flattener-0.16.6,java,,j/json-flattener/json-flattener_ubi_9.3.sh,https://github.com/wnameless/json-flattener.git
j/json-flattener,json-flattener,"0.4.0, 0.8.1",java,,j/json-flattener/json-flattener_rhel_7.6.sh,https://github.com/wnameless/json-flattener
j/json-java,json-java,20231013,java,,j/json-java/json-java_ubi_9.3.sh,https://github.com/stleary/JSON-java.git
j/json-path,json-path,json-path-2.9.0,java,,j/json-path/json-path_ubi_9.3.sh,https://github.com/json-path/JsonPath
j/json-path,json-path,master (commit id #1ed1ea0),java,,j/json-path/json-path_rhel_7.6.sh,https://github.com/json-path/JsonPath
j/jsonassert,jsonassert,jsonassert-2.0-rc1,java,,j/jsonassert/jsonassert_ubi_9.3.sh,https://github.com/skyscreamer/JSONassert.git
j/jsonata4java,jsonata4java,f0fdbeb,java,,j/jsonata4java/jsonata4java_ubi_9.3.sh,https://github.com/IBM/JSONata4Java.git
j/jsonb-api,jsonb-api,3.0.1,java,,j/jsonb-api/jsonb-api-3.0.1-ubi9.3.sh,https://github.com/jakartaee/jsonb-api.git
j/jsonld-java,jsonld-java,v0.13.6,java,,j/jsonld-java/jsonld-java_ubi_9.3.sh,https://github.com/jsonld-java/jsonld-java.git
j/jsonp-api,jsonp-api, 2.1.3-RELEASE,java,,j/jsonp-api/jsonp-api_2.1.3-RELEASE_ubi_9.5.sh,https://github.com/jakartaee/${PACKAGE_NAME}.git
j/jsonp-api,jsonp-api,2.0.1-RELEASE,java,,j/jsonp-api/jsonp-api_ubi_9.3.sh,https://github.com/jakartaee/jsonp-api.git
j/jsonschema-specifications,jsonschema-specifications,v2024.10.1,python,,j/jsonschema-specifications/jsonschema-specifications_ubi_9.3.sh,https://github.com/python-jsonschema/jsonschema-specifications
j/jts,jts,1.17.0,java,,j/jts/jts_ubi_9.3.sh,https://github.com/locationtech/jts.git
j/jupyter,jupyter,v1.1.1,python,,j/jupyter/jupyter_ubi_9.3.sh,https://github.com/jupyter/jupyter
j/jupyter,jupyter,1.0.0,python,,j/jupyter/jupyter_rhel_7.3.sh,https://github.com/jupyter/jupyter
j/jupyter,jupyter,1.0.0,python,,j/jupyter/jupyter_ubuntu_16.04.sh,https://github.com/jupyter/jupyter
j/jupyter_core,jupyter_core,v5.5.0,python,,j/jupyter_core/jupyter_core_ubi_8.7.sh,https://github.com/jupyter/jupyter_core.git
j/jupyter_core,jupyter_core,v5.8.1,python,,j/jupyter_core/jupyter_core_ubi_9.3.sh,https://github.com/jupyter/jupyter_core.git
j/jwks-rsa-java,jwks-rsa-java,0.22.1,java,,j/jwks-rsa-java/jwks-rsa-java_ubi_9_3.sh,https://github.com/auth0/jwks-rsa-java
j/jwks-rsa-java,jwks-rsa-java,0.1.0,java,,j/jwks-rsa-java/jwks-rsa_rhel_7.6.sh,https://github.com/auth0/jwks-rsa-java
k/kafka,kafka,${1:-,java,,k/kafka/kafka_ubi_9.3.sh,https://github.com/apache/kafka
k/kafka,kafka,2.1,java,,k/kafka/kafka2_sles12_sp2.sh,https://github.com/apache/kafka
k/kafka,kafka,2.1,java,,k/kafka/kafka2_ubuntu_16.04.sh,https://github.com/apache/kafka
k/kafka,kafka,2.6.0,java,,k/kafka/kafka_2.6.0_ubi_8.2.sh,https://github.com/apache/kafka
k/kafka,kafka,2.2.0,java,,k/kafka/kafka_rhel7.6.sh,https://github.com/apache/kafka
k/kafka,kafka,1.1.0,java,,k/kafka/kafka_rhel_7.4.sh,https://github.com/apache/kafka
k/kafka,kafka,2.7.0,java,,k/kafka/kafka_ubi_8.4.sh,https://github.com/apache/kafka
k/kafka,kafka,${1:-,java,,k/kafka/kafka_ubi_8.5.sh,https://github.com/apache/kafka
k/kafka,kafka,1.1.0,java,,k/kafka/kafka_ubuntu_16.04.sh,https://github.com/apache/kafka
k/kafka-python,kafka-python,2.0.2,python,,k/kafka-python/kafka-python_ubi_8.5.sh,https://github.com/dpkp/kafka-python
k/kafka-python,kafka-python,2.2.10,python,,k/kafka-python/kafka-python_ubi_9.3.sh,https://github.com/dpkp/kafka-python
k/keycloak,keycloak,25.0.6,java,,k/keycloak/keycloak_ubi_9.3.sh,https://github.com/keycloak/keycloak
k/keycloak,keycloak,22.0.4,java,,k/keycloak/keycloak_ubi_8.7.sh,https://github.com/keycloak/keycloak.git
k/kiali,kiali,v1.85.0,go,,k/kiali/kiali_ubi_9.3.sh,https://github.com/kiali/kiali.git
k/kiali,kiali,v1.62.0,go,,k/kiali/kiali_ubi_8.5.sh,https://github.com/kiali/kiali.git
k/kiali,kiali,v1.12.1,go,,k/kiali/kiali_rhel_7.6.sh,https://github.com/kiali/kiali/
k/kiali,kiali,v1.35.0,go,,k/kiali/kiali_ubi_8.3.sh,https://github.com/kiali/kiali/
k/kiali,kiali,f72ddd308c155aa00bd492a423b5aebc88b5922f,go,,k/kiali/kiali_ubi_8.4.sh,https://github.com/kiali/kiali/
k/kiali,kiali,v1.62.0,go,,k/kiali/kiali_v1_62_0_ubi_8_5.sh,https://github.com/kiali/kiali
k/kie-cloud-operator,kie-cloud-operator,7.13.4-1,go,,k/kie-cloud-operator/kie-cloud-operator_ubi_9.3.sh,https://github.com/kiegroup/kie-cloud-operator.git
k/kie-cloud-operator,kie-cloud-operator,7.13.2-2,go,,k/kie-cloud-operator/kie-cloud-operator_ubi_8.6.sh,https://github.com/kiegroup/kie-cloud-operator.git
k/kroxylicious,kroxylicious,v0.11.0,java,,k/kroxylicious/kroxylicious_ubi_9.3.sh,https://github.com/kroxylicious/kroxylicious
k/kryo,kryo,5.0.4,java,,k/kryo/kryo_ubuntu_18.04.sh,https://github.com/EsotericSoftware/kryo
l/langchain,langchain,langchain==0.3.27,python,,l/langchain/langchain_ubi_9.6.sh,https://github.com/langchain-ai/langchain
l/langdetect,langdetect,1.0.8,python,,l/langdetect/langdetect_ubi_9.6.sh,https://github.com/Mimino666/langdetect
l/libclang,libclang,llvm-18.1.1,python,,l/libclang/libclang_ubi_9.3.sh,https://github.com/sighingnow/libclang.git
l/libvpx,libvpx,v1.13.1,python,,l/libvpx/libvpx_ubi_9.3.sh,https://github.com/webmproject/libvpx
l/lightgbm,lightgbm,v3.3.2,python,,l/lightgbm/lightgbm_ubi_9.3.sh,https://github.com/microsoft/LightGBM.git
l/lightgbm,lightgbm,v4.2.0,python,,l/lightgbm/lightgbm_4.2.0_ubi_9.3.sh,https://github.com/microsoft/LightGBM.git
l/lightgbm,lightgbm,v4.6.0,python,,l/lightgbm/lightgbm_4.6.0_ubi_9.3.sh,https://github.com/microsoft/LightGBM.git
l/lightgbm,lightgbm,2.2.4,python,,l/lightgbm/h2o_lightgbm_integrate.sh,
l/lightgbm,lightgbm,2.1.0,python,,l/lightgbm/lightGBM_centos_7.3_gpu.sh,https://github.com/Microsoft/LightGBM
l/lightgbm,lightgbm,2.2.4,python,,l/lightgbm/lightGBM_rhel_cuda.sh,
l/lightgbm,lightgbm,2.1.0,python,,l/lightgbm/lightGBM_ubuntu_16.04_gpu.sh,https://github.com/Microsoft/LightGBM
l/liquibase,liquibase,v4.28.0,java,,l/liquibase/liquibase_ubi_9.3.sh,https://github.com/liquibase/liquibase
l/llguidance,llguidance,v0.7.19,python,,l/llguidance/llguidance_ubi_9.3.sh,https://github.com/microsoft/llguidance
l/llvmlite,llvmlite,${1:-,python,,l/llvmlite/llvmlite_ubi_9.3.sh,https://github.com/numba/llvmlite
l/llvmlite,llvmlite,v0.45.0,python,,l/llvmlite/llvmlite_v0.45.0_ubi_9_3.sh,https://github.com/numba/llvmlite.git
l/llvmlite,llvmlite,v0.44.0rc1,python,,l/llvmlite/llvmlite_v0.44.0rc1_ubi_9_3.sh,https://github.com/numba/llvmlite
l/llvmlite,llvmlite,v0.41.1,python,,l/llvmlite/llvmlite_v0.41.1_ubi_9_3.sh,https://github.com/numba/llvmlite
l/llvmlite,llvmlite,v0.43.0,python,,l/llvmlite/llvmlite_v0.43.0_ubi_9_3.sh,https://github.com/numba/llvmlite
l/llvmlite,llvmlite,v0.41.1,python,,l/llvmlite/llvmlite_ubi_8_7.sh,https://github.com/numba/llvmlite
l/log4j-api,log4j-api,rel/2.23.1,java,,l/log4j-api/log4j-api-2.23.1-ubi9.3.sh,https://github.com/apache/logging-log4j2.git
l/log4j-api,log4j-api,log4j-2.8.2,java,,l/log4j-api/log4j-api_2.8.2_ubi_8.4.sh,https://github.com/apache/logging-log4j2
l/log4j-core,log4j-core,rel/2.23.1,java,,l/log4j-core/log4j-core-2.23.1-ubi9.3.sh,https://github.com/apache/logging-log4j2
l/log4j-core,log4j-core,rel/2.17.1,node,,l/log4j-core/log4j-core_ubi_8.5.sh,https://github.com/apache/logging-log4j2.git
l/log4j-core,log4j-core,3.0.0,java,,l/log4j-core/log4j-core_ubuntu_18.04.sh,https://github.com/apache/logging-log4j2
l/log4j-jakarta-web,log4j-jakarta-web,rel/2.23.1,java,,l/log4j-jakarta-web/log4j-jakarta-web-2.23.1-ubi9.3.sh,https://github.com/apache/logging-log4j2.git
l/logbook,logbook,1.5.3,python,,l/logbook/logbook_ubi_9.6.sh,https://github.com/getlogbook/logbook
l/logbook,logbook,1.0.0,python,,l/logbook/logbook_rhel_7.6.sh,https://github.com/getlogbook/logbook
l/logstash-output-elasticsearch,logstash-output-elasticsearch,v11.22.7,ruby,,l/logstash-output-elasticsearch/logstash-output-elasticsearch_ubi_9_3.sh,https://github.com/logstash-plugins/logstash-output-elasticsearch
l/logstash-output-elasticsearch,logstash-output-elasticsearch,v11.22.2,java,,l/logstash-output-elasticsearch/logstash-output-elasticsearch_ubi_8.9.sh,https://github.com/logstash-plugins/logstash-output-elasticsearch
l/loopback-connector,loopback-connector,v6.1.3,java,,l/loopback-connector/loopback-connector_ubi_9_3.sh,https://github.com/loopbackio/loopback-connector
l/loopback-connector,loopback-connector,v6.1.0,node,,l/loopback-connector/loopback-connector_ubi_8.7.sh,https://github.com/loopbackio/loopback-connector
l/loopback-connector,loopback-connector,4.2.1,node,,l/loopback-connector/loopback-connector_ubuntu_16.04.sh,https://github.com/strongloop/loopback-connector.git
l/luigi,luigi,v3.6.0,python,,l/luigi/luigi_ubi_9.3.sh,https://github.com/spotify/luigi.git
l/luigi,luigi,3.4.0,python,,l/luigi/luigi_ubi_8.7.sh,https://github.com/spotify/luigi.git
l/lz4-java,lz4-java,master,java,,l/lz4-java/lz-java_ubi_9.3.sh,https://github.com/lz4/lz4-java
l/lz4-java,lz4-java,1.7.1,java,,l/lz4-java/lz4-java_1.5.0_1.7.1_ubi_8.3.sh,https://github.com/lz4/lz4-java.git
l/lz4-java,lz4-java,1.7.1,java,,l/lz4-java/lz4-java_1.7.1_1.5.0_ubuntu_18.04.sh,https://github.com/lz4/lz4-java.git
l/lz4-java,lz4-java,master,java,,l/lz4-java/build.sh,https://github.com/lz4/lz4-java
m/mail-api,mail-api,2.1.3,java,,m/mail-api/mail-api_ubi_9.3.sh,https://github.com/jakartaee/mail-api
m/matplotlib,matplotlib,v3.7.1,python,,m/matplotlib/matplotlib_3.7.1_ubi_9.3.sh,https://github.com/matplotlib/matplotlib.git
m/matplotlib,matplotlib,v3.8.0,python,,m/matplotlib/matplotlib_3.8.0_ubi_9.3.sh,https://github.com/matplotlib/matplotlib.git
m/matplotlib,matplotlib,v3.10.3,python,,m/matplotlib/matplotlib_ubi_9.3.sh,https://github.com/matplotlib/matplotlib.git
m/matplotlib,matplotlib,v3.8.2,python,,m/matplotlib/matplotlib_ubi_8.10.sh,https://github.com/matplotlib/matplotlib.git
m/metricbeat,metricbeat,v8.13.4,go,,m/metricbeat/metricbeat_ubi_9_3.sh,https://github.com/elastic/beats
m/metricbeat,metricbeat,v8.7.0,go,,m/metricbeat/metricbeat_ubi_8.5.sh,https://github.com/elastic/beats
m/metrics-core,metrics-core,v4.0.7,java,,m/metrics-core/metrics-core-v4.0.7_ubi_9.3.sh,https://github.com/dropwizard/metrics.git
m/metrics-core,metrics-core,v4.2.18,java,,m/metrics-core/metrics-core_ubi_9.3.sh,https://github.com/dropwizard/metrics.git
m/metrics-core,metrics-core,3.2.2,java,,m/metrics-core/metrics-core_rhel_7.3.sh,https://github.com/dropwizard/metrics.git
m/metrics-core,metrics-core,3.2.2,java,,m/metrics-core/metrics-core_ubuntu_16.04.sh,https://github.com/dropwizard/metrics.git
m/micrometer-commons,micrometer-commons,v1.10.13,java,,m/micrometer-commons/micrometer-commons_ubi_9.3.sh,https://github.com/micrometer-metrics/micrometer.git
m/micrometer-core,micrometer-core,v1.10.13,java,,m/micrometer-core/micrometer-core_ubi_9.3.sh,https://github.com/micrometer-metrics/micrometer.git
m/micrometer-observation,micrometer-observation,v1.10.13,java,,m/micrometer-observation/micrometer-observation_ubi_9.3.sh,https://github.com/micrometer-metrics/micrometer.git
m/microprofile-config,microprofile-config,3.1,java,,m/microprofile-config/microprofile-config_ubi_9.3.sh,https://github.com/eclipse/microprofile-config.git
m/microprofile-fault-tolerance,microprofile-fault-tolerance,4.1,java,,m/microprofile-fault-tolerance/microprofile-fault-tolerance_ubi_9.3.sh,https://github.com/eclipse/microprofile-fault-tolerance.git
m/microprofile-health,microprofile-health,4.0.1,java,,m/microprofile-health/microprofile-health_ubi_9.3.sh,https://github.com/eclipse/microprofile-health.git
m/microprofile-jwt-auth,microprofile-jwt-auth,2.1,java,,m/microprofile-jwt-auth/microprofile-jwt-auth_ubi_9.3.sh,https://github.com/eclipse/microprofile-jwt-auth.git
m/microprofile-metrics,microprofile-metrics,5.1.1,java,,m/microprofile-metrics/microprofile-metrics_ubi_9.3.sh,https://github.com/eclipse/microprofile-metrics.git
m/microprofile-open-api,microprofile-open-api,4.0,java,,m/microprofile-open-api/microprofile-open-api_ubi_9.3.sh,https://github.com/eclipse/microprofile-open-api.git
m/microprofile-opentracing,microprofile-opentracing,3.0,java,,m/microprofile-opentracing/microprofile-opentracing_ubi_9.3.sh,https://github.com/eclipse/microprofile-opentracing.git
m/microprofile-rest-client,microprofile-rest-client,4.0,java,,m/microprofile-rest-client/microprofile-rest-client_ubi_9.3.sh,https://github.com/eclipse/microprofile-rest-client.git
m/microsoft-authentication-extensions-for-python,microsoft-authentication-extensions-for-python,1.2.0,python,,m/microsoft-authentication-extensions-for-python/microsoft-authentication-extensions-for-python_ubi_9.6.sh,https://github.com/AzureAD/microsoft-authentication-extensions-for-python
m/milvus-lite,milvus-lite,v2.4.12,python,,m/milvus-lite/milvus-lite_ubi_9.3.sh,https://github.com/milvus-io/milvus-lite
m/milvus-lite,milvus-lite,${SCRIPT_PACKAGE_VERSION},python,,m/milvus-lite/milvus-lite_2.5.0_ubi_9.6.sh,https://github.com/milvus-io/milvus-lite
m/milvus-operator,milvus-operator,v1.1.2,go,,m/milvus-operator/milvus-operatorv1.1.2-ubi9.3.sh,https://github.com/zilliztech/${PACKAGE_NAME}
m/milvus-operator,milvus-operator,v1.1.2,go,,m/milvus-operator/milvus-operatorv1.1.2-ubuntu22.04.sh,https://github.com/zilliztech/${PACKAGE_NAME}
m/minlog,minlog,minlog-1.3.1,java,,m/minlog/minlog_ubi_9.3.sh,https://github.com/EsotericSoftware/minlog.git
m/ml_dtypes,ml_dtypes,0.1.0,python,,m/ml_dtypes/mldtypes_ubi_9.3.sh,https://github.com/jax-ml/ml_dtypes.git
m/ml_dtypes,ml_dtypes,v0.4.1,python,,m/ml_dtypes/ml_dtypes_v0.4.1_ubi_9.3.sh,https://github.com/jax-ml/ml_dtypes.git
m/mock,mock,5.2.0,python,,m/mock/mock_ubi_9.3.sh,https://github.com/testing-cabal/mock
m/mock,mock,2.0.1,python,,m/mock/mock_ubuntu_16.04.sh,https://github.com/testing-cabal/mock
m/mockito,mockito,v5.12.0,java,,m/mockito/mockito_ubi_9.3.sh,https://github.com/mockito/mockito.git
m/mongo-python-driver,mongo-python-driver,4.6.0,python,,m/mongo-python-driver/mongo-python-driver_ubi_8.7.sh,https://github.com/mongodb/mongo-python-driver
m/mongoengine,mongoengine,v0.27.0,java,,m/mongoengine/mongoengine_ubi_8.7.sh,https://github.com/MongoEngine/mongoengine
m/mongoengine,mongoengine,v0.19.1,python,,m/mongoengine/mongoengine_rhel_7.6.sh,https://github.com/MongoEngine/mongoengine
m/msgspec,msgspec,0.19.0,python,,m/msgspec/msgspec_ubi_9.3.sh,https://github.com/jcrist/msgspec
m/msv,msv,msv-2022.7,java,,m/msv/msv_ubi_9.3.sh,https://github.com/xmlark/msv.git
m/multidict,multidict,v6.0.2,python,,m/multidict/multidict_ubi_9.3.sh,https://github.com/aio-libs/multidict.git
m/multipart,multipart,v1.2.1,python,,m/multipart/multipart_ubi_9.3.sh,https://github.com/defnull/multipart
m/multipart,multipart,0.1,python,,m/multipart/multipart_ubuntu_16.04.sh,https://github.com/defnull/multipart
m/mybatis-3,mybatis-3,mybatis-3.5.16,java,,m/mybatis-3/mybatis-3_ubi_9.3.sh,https://github.com/mybatis/mybatis-3
m/mysql-connector-j,mysql-connector-j,9.0.0,java,,m/mysql-connector-j/mysql-connector-j_ubi_9.3.sh,https://github.com/mysql/mysql-connector-j.git
m/mysql-connector-j,mysql-connector-j,8.0.28,java,,m/mysql-connector-j/mysql-connector-j_ubi_8.5.sh,https://github.com/mysql/mysql-connector-j.git
n/nashorn,nashorn,main,java,,n/nashorn/nashorn_ubi_9.3.sh,https://github.com/openjdk/nashorn
n/nats-io_nats-server,nats-io_nats-server,v2.10.14,go,,n/nats-io_nats-server/nats-io_nata-server_ubi_9.3.sh,https://github.com/nats-io/nats-server
n/nats-io_nats-server,nats-io_nats-server,v2.9.8,go,,n/nats-io_nats-server/nats-io_nata-server_ubi_8.5.sh,https://github.com/nats-io/nats-server
n/nats-io_nats-server,nats-io_nats-server,v2.1.6,go,,n/nats-io_nats-server/nats-io_nats-server_rhel_8.3.sh,https://github.com/nats-io/nats-server
n/natsort,natsort,8.4.0,python,,n/natsort/natsort_ubi_9.6.sh,https://github.com/SethMMorton/natsort
n/neo4j,neo4j,release/5.26.0,java,,n/neo4j/neo4j_5.26.0_ubi_9.3.sh,https://github.com/neo4j/neo4j.git
n/neo4j,neo4j,5.9.0,java,,n/neo4j/neo4j-5.9.0-ubi8.7.sh,https://github.com/neo4j/neo4j.git
n/neo4j,neo4j,,java,,n/neo4j/Dockerfiles/5.9.0_ubi_8/docker-entrypoint.sh,
n/neo4j-java-driver,neo4j-java-driver,5.23.0,java,,n/neo4j-java-driver/neo4j-java-driver_ubi_9.3.sh,https://github.com/neo4j/neo4j-java-driver
n/neo4j-migrations,neo4j-migrations,2.13.3,java,,n/neo4j-migrations/neo4j-migrations_ubi_9.3.sh,https://github.com/michael-simons/neo4j-migrations
n/nimbus-content-type,nimbus-content-type,2.3,java,,n/nimbus-content-type/nimbus-content-type_ubi_9.3.sh,https://bitbucket.org/connect2id/nimbus-content-type.git
n/nimbus-language-tags,nimbus-language-tags,1.7,java,,n/nimbus-language-tags/nimbus-language-tags_ubi_9.3.sh,https://bitbucket.org/connect2id/nimbus-language-tags.git
n/noggit,noggit,noggit-0.8,java,,n/noggit/noggit_ubi_9.3.sh,https://github.com/yonik/noggit.git
n/noggit,noggit,"0.6, 0.8",java,,n/noggit/noggit_rhel_7.6.sh,https://github.com/yonik/noggit
n/nomad,nomad,v1.7.6,java,,n/nomad/nomad_ubi_9_3.sh,https://github.com/hashicorp/nomad
n/nomad,nomad,v1.7.6,java,,n/nomad/nomad_ubi_8_5.sh,https://github.com/hashicorp/nomad
n/notebook,notebook,v6.5.4,python,,n/notebook/notebook_ubi_9.3.sh,https://github.com/jupyter/notebook
n/nova,nova,29.1.0,python,,n/nova/nova_ubi_9.3.sh,https://github.com/openstack/nova
n/numba,numba,${1:-,python,,n/numba/numba_ubi_9.3.sh,https://github.com/numba/numba
n/numba,numba,0.62.0,python,,n/numba/numba_0.62.0_ubi_9.3.sh,https://github.com/numba/numba
n/numba,numba,0.63.0,python,,n/numba/numba_0.63.0_ubi_9.3.sh,https://github.com/numba/numba
n/numexpr,numexpr,v2.10.2,python,,n/numexpr/numexpr_2.10.2_ubi_9.3.sh,https://github.com/pydata/numexpr.git
n/numexpr,numexpr,v2.8.7,python,,n/numexpr/numexpr_2.11.0_ubi_9.3.sh,https://github.com/pydata/numexpr.git
n/numexpr,numexpr,v2.8.4,python,,n/numexpr/numexpr_ubi_9.3.sh,https://github.com/pydata/numexpr.git
o/oc,oc,openshift-clients-4.17.0-202409111134,go,,o/oc/oc_ubi_9.3.sh,https://github.com/openshift/oc.git
o/oc,oc,openshift-clients-4.12.0-202208031327,go,,o/oc/oc_ubi_8.7.sh,https://github.com/openshift/oc.git
o/odoo,odoo,17.0,python,,o/odoo/odoo_ubi_9.3.sh,https://github.com/odoo/odoo
o/odoo,odoo,16.0,python,,o/odoo/odoo_16.0_ubi_8.5.sh,https://github.com/odoo/odoo
o/odoo,odoo,,python,,o/odoo/Dockerfiles/16.0_debian_bullseye/entrypoint.sh,
o/offheap-store,offheap-store,v2.5.6,java,,o/offheap-store/offheap-store_ubi_9_3.sh,https://github.com/Terracotta-OSS/offheap-store
o/ognl,ognl,OGNL_3_4_3,java,,o/ognl/ognl_ubi_9.3.sh,https://github.com/orphan-oss/ognl.git
o/okhttp,okhttp,"2.7.5, 4.5.0",java,,o/okhttp/okhttp_rhel_7.6.sh,https://github.com/square/okhttp
o/openai-harmony,openai-harmony,v0.0.4,python,,o/openai-harmony/openai-harmony_v0.0.4_ubi_9.6.sh,https://github.com/openai/harmony.git
o/openapi-generator,openapi-generator,v7.2.0,java,,o/openapi-generator/openapi-generator_v7.2.0_ubi_9.3.sh,https://github.com/OpenAPITools/openapi-generator.git
o/openapi-schema-validator,openapi-schema-validator,0.6.3,python,,o/openapi-schema-validator/openapi-schema-validator_ubi_9.3.sh,https://github.com/p1c2u/openapi-schema-validator
o/openapi-schema-validator,openapi-schema-validator,0.1.4 & 0.1.5,python,,o/openapi-schema-validator/openapi-schema-validator_ubi_8.3.sh,https://github.com/p1c2u/openapi-schema-validator
o/opencsv,opencsv,5.9Release,java,,o/opencsv/opencsv_v5.9_ubi_9.5.sh,https://git.code.sf.net/p/${PACKAGE_NAME}/source.git
o/opencsv,opencsv,1.7,java,,o/opencsv/opencsv_rhel_7.6.sh,https://github.com/jlawrie/opencsv
o/opencv-python-headless,opencv-python-headless,84,python,,o/opencv-python-headless/opencv-python-headless_ubi_8.10.sh,https://github.com/opencv/opencv-python
o/opencv-python-headless,opencv-python-headless,84,python,,o/opencv-python-headless/opencv-python-headless_4.10.0.84_ubi_9.3.sh,https://github.com/opencv/opencv-python
o/opencv-python-headless,opencv-python-headless,88,python,,o/opencv-python-headless/opencv-python-headless_ubi_9.3.sh,https://github.com/opencv/opencv-python
o/opensearch-project-geospatial,opensearch-project-geospatial,2.19.2.0,java,,o/opensearch-project-geospatial/opensearch-project-geospatial_2.19.2.0_ubi_9.3.sh,https://github.com/opensearch-project/geospatial
o/opensearch-project-geospatial,opensearch-project-geospatial,2.15.0.0,java,,o/opensearch-project-geospatial/opensearch-project-geospatial_ubi_9.3.sh,https://github.com/opensearch-project/geospatial
o/opensearch-project-geospatial,opensearch-project-geospatial,2.7.0.0,java,,o/opensearch-project-geospatial/opensearch-project-geospatial_ubi_8.7.sh,https://github.com/opensearch-project/geospatial
o/opensearch-project-notifications,opensearch-project-notifications,2.19.2.0,java,,o/opensearch-project-notifications/opensearch-project-notifications_2.19.2.0_ubi_9.3.sh,https://github.com/opensearch-project/notifications
o/opensearch-project-notifications,opensearch-project-notifications,2.15.0.0,java,,o/opensearch-project-notifications/opensearch-project-notifications_ubi_9.3.sh,https://github.com/opensearch-project/notifications
o/opensearch-project-notifications,opensearch-project-notifications,2.7.0.0,java,,o/opensearch-project-notifications/opensearch-project-notifications_ubi_8_7.sh,https://github.com/opensearch-project/notifications
o/opensearch-project-observability,opensearch-project-observability,2.19.2.0,java,,o/opensearch-project-observability/opensearch-project-observability_2.19.2.0_ubi_9.3.sh,https://github.com/opensearch-project/observability
o/opensearch-project-observability,opensearch-project-observability,$SCRIPT_PACKAGE_VERSION,java,,o/opensearch-project-observability/opensearch-project-observability_3.3.0.0_ubi_9.6.sh,https://github.com/opensearch-project/observability
o/opensearch-project-observability,opensearch-project-observability,2.15.0.0,java,,o/opensearch-project-observability/opensearch-project-observability_ubi_9.3.sh,https://github.com/opensearch-project/observability
o/opensearch-project-observability,opensearch-project-observability,2.7.0.0,java,,o/opensearch-project-observability/opensearch-project-observability_ubi_8.7.sh,https://github.com/opensearch-project/observability
o/opensearch-project-opensearch-learning-to-rank-base,opensearch-project-opensearch-learning-to-rank-base,2.19.2.0,java,,o/opensearch-project-opensearch-learning-to-rank-base/opensearch-learning-to-rank-base_2.19.2.0_ubi9.5.sh,https://github.com/${PACKAGE_ORG}/${PACKAGE_NAME}.git
o/opensearch-project-opensearch-remote-metadata-sdk,opensearch-project-opensearch-remote-metadata-sdk,2.19.2.0,java,,o/opensearch-project-opensearch-remote-metadata-sdk/opensearch-remote-metadata-sdk_2.19.2.0_ubi9.5.sh,https://github.com/${PACKAGE_ORG}/${PACKAGE_NAME}.git
o/opensearch-project-performance-analyzer,opensearch-project-performance-analyzer,2.19.2.0,java,,o/opensearch-project-performance-analyzer/opensearch-project-performance-analyzer_2.19.2.0_ubi_9.3.sh,https://github.com/opensearch-project/${PACKAGE_NAME}.git
o/opensearch-project-performance-analyzer,opensearch-project-performance-analyzer,2.15.0.0,java,,o/opensearch-project-performance-analyzer/opensearch-project-performance-analyzer_ubi_9.3.sh,https://github.com/opensearch-project/performance-analyzer
o/opensearch-project-performance-analyzer,opensearch-project-performance-analyzer,2.7.0.0,java,,o/opensearch-project-performance-analyzer/opensearch-project-performance-analyzer_ubi_8.7.sh,https://github.com/opensearch-project/performance-analyzer
o/opensearch-project-search-relevance,opensearch-project-search-relevance,$SCRIPT_PACKAGE_VERSION,java,,o/opensearch-project-search-relevance/search-relevance_3.3.0.0_ubi9.6.sh,https://github.com/opensearch-project/search-relevance
o/opensearch-project-security,opensearch-project-security,2.19.2.0,java,,o/opensearch-project-security/security_2.19.2.0_ubi9.5.sh,https://github.com/${PACKAGE_ORG}/${PACKAGE_NAME}.git
o/opensearch-project-security,opensearch-project-security,3.3.0.0,java,,o/opensearch-project-security/security_3.3.0.0_ubi9.6.sh,https://github.com/${PACKAGE_ORG}/${PACKAGE_NAME}.git
o/opensearch-project-security-analytics,opensearch-project-security-analytics,2.19.2.0,java,,o/opensearch-project-security-analytics/opensearch-project-security-analytics_2.19.2.0_ubi_9.3.sh,https://github.com/opensearch-project/${PACKAGE_NAME}
o/opensearch-project-sql,opensearch-project-sql,2.14.0.0,java,,o/opensearch-project-sql/opensearch-project-sql_ubi_9.3.sh,https://github.com/opensearch-project/sql
o/opensearch-project-sql,opensearch-project-sql,2.19.2.0,java,,o/opensearch-project-sql/opensearch-project-sql_2.19.2.0_ubi_9.3.sh,https://github.com/${PACKAGE_ORG}/${PACKAGE_NAME}.git
o/opensearch-project-sql,opensearch-project-sql,2.11.0.0,java,,o/opensearch-project-sql/opensearch-project-sql_ubi_8.7.sh,https://github.com/opensearch-project/sql
o/opensearch-project-ubi,opensearch-project-ubi,$SCRIPT_PACKAGE_VERSION,java,,o/opensearch-project-ubi/opensearch-project-ubi_3.3.0.0_ubi_9.6.sh,https://github.com/opensearch-project/user-behavior-insights
o/opensearch-prometheus-exporter,opensearch-prometheus-exporter,3.2.0.0,java,,o/opensearch-prometheus-exporter/opensearch-prometheus-exporter_3.2.0.0_ubi_9.6.sh,https://github.com/opensearch-project/opensearch-prometheus-exporter.git
o/opentelemetry-collector,opentelemetry-collector,v0.102.1,go,,o/opentelemetry-collector/opentelemetry-collector_ubi_9.3.sh,https://github.com/open-telemetry/opentelemetry-collector
o/opentelemetry-collector,opentelemetry-collector,${1:-,go,,o/opentelemetry-collector/opentelemetry-collector_ubi_8.5.sh,https://github.com/open-telemetry/opentelemetry-collector
o/opentelemetry-collector-contrib,opentelemetry-collector-contrib,${1:-,go,,o/opentelemetry-collector-contrib/opentelemetry-collector-contrib.sh,https://github.com/open-telemetry/opentelemetry-collector-contrib
o/opentelemetry-collector-contrib,opentelemetry-collector-contrib,${1:-,go,,o/opentelemetry-collector-contrib/opentelemetry-collector-contrib_ubi_8.5.sh,https://github.com/open-telemetry/opentelemetry-collector-contrib
o/opentelemetry-go-contrib,opentelemetry-go-contrib,v1.27.0,go,,o/opentelemetry-go-contrib/opentelemetry-go-contrib_ubi_9.3.sh,https://github.com/open-telemetry/opentelemetry-go-contrib
o/opentelemetry-go-contrib,opentelemetry-go-contrib,${1:-,go,,o/opentelemetry-go-contrib/opentelemetry-go-contrib_ubi_8.5.sh,https://github.com/open-telemetry/opentelemetry-go-contrib
o/opentelemetry-java,opentelemetry-java,v1.38.0,java,,o/opentelemetry-java/opentelemetry-java_ubi_9_3.sh,https://github.com/open-telemetry/opentelemetry-java
o/opentelemetry-java,opentelemetry-java,${1:-,java,,o/opentelemetry-java/opentelemetry-java_ubi_8.5.sh,https://github.com/open-telemetry/opentelemetry-java
o/opentelemetry-operator,opentelemetry-operator,v0.104.0,go,,o/opentelemetry-operator/opentelemetry-operator_ubi_9.3.sh,https://github.com/open-telemetry/opentelemetry-operator
o/opentelemetry-operator,opentelemetry-operator,${1:-,go,,o/opentelemetry-operator/opentelemetry-operator_ubi_8.5.sh,https://github.com/open-telemetry/opentelemetry-operator
o/opentelemetry-python,opentelemetry-python,v1.37.0,python,,o/opentelemetry-python/opentelemetry-python_ubi_9.6.sh,https://github.com/open-telemetry/opentelemetry-python
o/opentelemetry-python,opentelemetry-python,${1:-,python,,o/opentelemetry-python/opentelemetry-python_ubi_8.5.sh,https://github.com/open-telemetry/opentelemetry-python
o/opentelemetry-python-contrib,opentelemetry-python-contrib,v1.16.0,python,,o/opentelemetry-python-contrib/opentelemetry-python-contrib_ubi_9.6.sh,https://github.com/open-telemetry/opentelemetry-python-contrib
o/opentelemetry-python-contrib,opentelemetry-python-contrib,${1:-,python,,o/opentelemetry-python-contrib/opentelemetry-python-contrib_rhel_8.3.sh,https://github.com/open-telemetry/opentelemetry-python-contrib
o/optree,optree,v0.14.1,python,,o/optree/optree_ubi_9.6.sh,https://github.com/metaopt/optree
o/opus,opus,v1.3.1,python,,o/opus/opus_ubi_9.3.sh,https://github.com/xiph/opus
o/oras,oras,v1.1.0,go,,o/oras/oras_ubi_9.3.sh,https://github.com/oras-project/oras
o/oras,oras,v0.11.1,go,,o/oras/github.com_deislabs_oras_ubi_8.5.sh,https://github.com/oras-project/oras
o/oras,oras,v0.12.0,go,,o/oras/oras_ubi8.5.sh,https://github.com/oras-project/oras
o/oras,oras,v1.0.0,go,,o/oras/oras_ubi_8.7.sh,https://github.com/oras-project/oras
o/orientdb,orientdb,3.2.31,java,,o/orientdb/orientdb_ubi_9.3.sh,https://github.com/orientechnologies/orientdb.git
o/ormsgpack,ormsgpack,1.9.1,python,,o/ormsgpack/ormsgpack_ubi_9.3.sh,https://github.com/aviramha/ormsgpack.git
o/osgi-resource-locator,osgi-resource-locator,1.0.3,java,,o/osgi-resource-locator/osgi-resource-locator_v1.0.3_ubi_9.3.sh,https://github.com/eclipse-ee4j/${PACKAGE_NAME}.git
o/osgi-resource-locator,osgi-resource-locator,1.0.3,java,,o/osgi-resource-locator/osgi-resource-locator_1.0.3_ubi_8.3.sh,https://github.com/eclipse-ee4j/glassfish-hk2-extra.git
o/owasp-java-encoder,owasp-java-encoder,v1.3.0,java,,o/owasp-java-encoder/owasp-java-encoder_ubi_9.3.sh,https://github.com/OWASP/owasp-java-encoder.git
o/owlapi,owlapi,owlapi-parent-5.1.20,java,,o/owlapi/owlapi-parent-5.1.20_ubi_9.3.sh,https://github.com/owlcs/owlapi.git
o/owlapi,owlapi,owlapi-parent-5.5.0,java,,o/owlapi/owlapi-parent-5.5.0_ubi_9.3.sh,https://github.com/owlcs/owlapi.git
p/pallets-sphinx-themes,pallets-sphinx-themes,2.3.0,python,,p/pallets-sphinx-themes/pallets-sphinx-themes_ubi_9.3.sh,https://github.com/pallets/pallets-sphinx-themes
p/pallets-sphinx-themes,pallets-sphinx-themes,1.2.3,python,,p/pallets-sphinx-themes/pallets-sphinx-themes_rhel_8.3.sh,https://github.com/pallets/pallets-sphinx-themes/
p/pandas,pandas,v1.5.3,python,,p/pandas/pandas_1.5.3_ubi_9.3.sh,https://github.com/pandas-dev/pandas.git
p/pandas,pandas,v2.1.1,python,,p/pandas/pandas_2.1.1_ubi_9.3.sh,https://github.com/pandas-dev/pandas.git
p/pandas,pandas,v2.2.3,python,,p/pandas/pandas_2.2.3_ubi_9.5.sh,https://github.com/pandas-dev/pandas.git
p/pandas,pandas,v2.3.0,python,,p/pandas/pandas_ubi_9.3.sh,https://github.com/pandas-dev/pandas.git
p/pandas,pandas,v2.2.2,python,,p/pandas/pandas_ubi_8.10.sh,https://github.com/pandas-dev/pandas.git
p/path_expander,path_expander,v1.1.1,ruby,,p/path_expander/path_expander_ubi_9.3.sh,https://github.com/seattlerb/path_expander.git
p/patroni,patroni,v4.0.5,python,,p/patroni/patroni_ubi_9.3.sh,https://github.com/zalando/patroni
p/patroni,patroni,${1:-,python,,p/patroni/patroni_ubi_8.3.sh,https://github.com/zalando/patroni
p/persistence,persistence,3.2-3.2.0-RELEASE,java,,p/persistence/persistence_ubi_9.3.sh,https://github.com/jakartaee/persistence
p/pgjdbc,pgjdbc,REL42.7.4,java,,p/pgjdbc/pgjdbc_ubi_9.3.sh,https://github.com/pgjdbc/pgjdbc.git
p/php-src,php-src,php-8.4.0alpha1,php,,p/php-src/php-src_ubi_9.3.sh,https://github.com/php/php-src
p/plexus-utils,plexus-utils,plexus-utils-4.0.1,java,,p/plexus-utils/plexus-utils_ubi_9.3.sh,https://github.com/codehaus-plexus/plexus-utils.git
p/plexus-utils,plexus-utils,3.3.0,java,,p/plexus-utils/plexus_utils_rhel_7.6.sh,https://github.com/codehaus-plexus/plexus-utils
p/poetry,poetry,1.8.5,python,,p/poetry/poetry_ubi_9.3.sh,https://github.com/python-poetry/poetry.git
p/poetry-plugin-export,poetry-plugin-export,1.8.0,python,,p/poetry-plugin-export/poetry-plugin-export_ubi_9.3.sh,https://github.com/python-poetry/poetry-plugin-export.git
p/porta,porta,3scale-2.14.1-GA,ruby,,p/porta/porta_ubi_9_3.sh,https://github.com/3scale/porta.git
p/portalocker,portalocker,v2.10.1,python,,p/portalocker/portalocker_ubi_9.6.sh,https://github.com/wolph/portalocker
p/primp,primp,v0.8.1,python,,p/primp/primp_ubi_9.3.sh,https://github.com/deedy5/primp.git
p/procfs,procfs,${1:v0.15.1},go,,p/procfs/procfs_ubi_9.3.sh,https://github.com/prometheus/procfs
p/procfs,procfs,v0.2.0,go,,p/procfs/procfs_ubi_8.5.sh,https://github.com/prometheus/procfs
p/prometheus__client_golang,prometheus__client_golang,${1:v1.20.5},go,,p/prometheus__client_golang/prometheus__client_golang_ubi_9.3.sh,https://github.com/prometheus/client_golang
p/prometheus__client_golang,prometheus__client_golang,e7e903064f5e9eb5da98208bae10b475d4db0f8c,go,,p/prometheus__client_golang/prometheus__client_golang_rhel_8.3.sh,https://github.com/prometheus/client_golang
p/prometheus__client_golang,prometheus__client_golang,v1.8.0,go,,p/prometheus__client_golang/prometheus__client_golang_ubi_8.5.sh,https://github.com/prometheus/client_golang
p/propcache,propcache,v0.2.0,python,,p/propcache/propcache_ubi_9.6.sh,https://github.com/aio-libs/propcache
p/pry,pry,v0.14.2,ruby,,p/pry/pry_ubi_9.3.sh,https://github.com/pry/pry.git
p/psycopg2,psycopg2,${1:-,python,,p/psycopg2/psycopg2_ubi_9.3.sh,https://github.com/psycopg/psycopg2
p/psycopg2-binary,psycopg2-binary,2_8_6,python,,p/psycopg2-binary/psycopg2_2.8.6_2.9.1_ubuntu_18.04.sh,https://github.com/psycopg/psycopg2.git
p/psycopg2-binary,psycopg2-binary,2_8_6,python,,p/psycopg2-binary/psycopg2_ubi8_3.sh,https://github.com/psycopg/psycopg2.git
p/psycopg2cffi,psycopg2cffi,2.9.0,python,,p/psycopg2cffi/psycopg2cffi_2.8.1_2.9.0_ubuntu_18.04.sh,https://github.com/chtd/psycopg2cffi.git
p/psycopg2cffi,psycopg2cffi,2.9.0,python,,p/psycopg2cffi/psycopg2cffi_2.8.1_2.9.0_ubi8_3.sh,https://github.com/chtd/psycopg2cffi.git
p/pulp-ansible,pulp-ansible,0.28.0,python,,p/pulp-ansible/pulp_ansible_ubi_9.6.sh,https://github.com/pulp/pulp_ansible.git
p/pure-eval,pure-eval,v0.2.3,python,,p/pure-eval/pure-eval_ubi_9.3.sh,https://github.com/alexmojaki/pure_eval
p/pure-eval,pure-eval,0.2.1,python,,p/pure-eval/pure-eval_rhel_8.3.sh,http://github.com/alexmojaki/pure_eval
p/pyclaw,pyclaw,v5.12.0,python,,p/pyclaw/pyclaw_ubi_9.3.sh,https://github.com/clawpack/pyclaw.git
p/pyclaw,pyclaw,5.4.1,python,,p/pyclaw/pyclaw_rhel_7.3.sh,https://github.com/clawpack/pyclaw
p/pyclaw,pyclaw,5.4.1,python,,p/pyclaw/pyclaw_ubuntu_16.04.sh,https://github.com/clawpack/pyclaw
p/pyclipper,pyclipper,1.3.0.post6,python,,p/pyclipper/pyclipper_ubi_9.3.sh,https://github.com/fonttools/pyclipper
p/pyclipper,pyclipper,1.4.0,python,,p/pyclipper/pyclipper_ubi_9.6.sh,https://github.com/fonttools/pyclipper
p/pycurl,pycurl,REL_7_45_6,python,,p/pycurl/pycurl_ubi_9.6.sh,https://github.com/pycurl/pycurl
p/pydantic,pydantic,v2.10.3,python,,p/pydantic/pydantic_ubi_9.6.sh,https://github.com/pydantic/pydantic
p/pydantic-core,pydantic-core,v2.27.1,python,,p/pydantic-core/pydantic-core_ubi_9.6.sh,https://github.com/pydantic/pydantic-core
p/pyenchant,pyenchant,v3.2.0,python,,p/pyenchant/pyenchant_ubi_8.5.sh,https://github.com/pyenchant/pyenchant.git
p/pygments,pygments,2.19.1,python,,p/pygments/pygments_ubi_9.3.sh,https://github.com/pygments/pygments
p/pyinotify,pyinotify,0.9.6,python,,p/pyinotify/pyinotify_ubi_9.6.sh,http://github.com/seb-m/pyinotify
p/pylatexenc,pylatexenc,v2.10,python,,p/pylatexenc/pylatexenc_ubi_9.3.sh,https://github.com/phfaist/pylatexenc
p/pynacl,pynacl,1.5.0,python,,p/pynacl/pynacl_ubi_9.6.sh,https://github.com/pyca/pynacl
p/pyproj,pyproj,3.7.0,python,,p/pyproj/pyproj_ubi_9.3.sh,https://github.com/pyproj4/pyproj.git
p/pyproj,pyproj,3.6.1,python,,p/pyproj/pyproj_ubi_8.10.sh,https://github.com/pyproj4/pyproj.git
p/pyramid_chameleon,pyramid_chameleon,master,python,,p/pyramid_chameleon/pyramid_chameleon_ubi_8.7.sh,https://github.com/Pylons/pyramid_chameleon
p/pyramid_chameleon,pyramid_chameleon,,python,,p/pyramid_chameleon/conda.recipe/build.sh,
p/pyramid_chameleon,pyramid_chameleon,0.3,python,,p/pyramid_chameleon/pyramid_chameleon_ubuntu_16.04.sh,https://github.com/Pylons/pyramid_chameleon
p/pyramid_debugtoolbar,pyramid_debugtoolbar,4.12.1,python,,p/pyramid_debugtoolbar/pyramid_debugtoolbar_ubi_9.3.sh,https://github.com/Pylons/pyramid_debugtoolbar
p/pyramid_debugtoolbar,pyramid_debugtoolbar,,python,,p/pyramid_debugtoolbar/conda.recipe/build.sh,
p/pyramid_debugtoolbar,pyramid_debugtoolbar,4.2.1,python,,p/pyramid_debugtoolbar/pyramid_debugtoolbar_ubuntu_16.04.sh,https://github.com/Pylons/pyramid_debugtoolbar
p/pyramid_debugtoolbar,pyramid_debugtoolbar,4.12.1,javascript,,p/pyramid_debugtoolbar/pyramid_debugtoolbar_ubi_8_7.sh,https://github.com/Pylons/pyramid_debugtoolbar
p/pyramid_jinja2,pyramid_jinja2,${1:-,python,,p/pyramid_jinja2/pyramid_jinja2_ubi_8.7.sh,https://github.com/Pylons/pyramid_jinja2.git
p/pyramid_jinja2,pyramid_jinja2,2.10.1,python,,p/pyramid_jinja2/pyramid_jinja2_ubi_9.3.sh,https://github.com/Pylons/pyramid_jinja2
p/pyramid_jinja2,pyramid_jinja2,,python,,p/pyramid_jinja2/conda.recipe/build.sh,
p/pyramid_jinja2,pyramid_jinja2,2.7,python,,p/pyramid_jinja2/pyramid_jinja2_rhel_7.3.sh,https://github.com/Pylons/pyramid_jinja2
p/pyramid_jinja2,pyramid_jinja2,2.7,python,,p/pyramid_jinja2/pyramid_jinja2_ubuntu_16.04.sh,https://github.com/Pylons/pyramid_jinja2
p/pyspnego,pyspnego,v0.10.2,python,,p/pyspnego/pyspnego_ubi_9.3.sh,https://github.com/jborean93/pyspnego.git
p/pystatsd,pystatsd,v4.0.1,python,,p/pystatsd/pystatsd_ubi_8.7.sh,https://github.com/jsocol/pystatsd
p/pystatsd,pystatsd,3.2.1,python,,p/pystatsd/statsd_rhel_7.3.sh,https://github.com/jsocol/pystatsd
p/pysyncobj,pysyncobj,v0.3.14,python,,p/pysyncobj/pysyncobj_ubi_9.3.sh,https://github.com/bakwc/PySyncObj
p/pysyncobj,pysyncobj,0.3.8,python,,p/pysyncobj/pysyncobj_rhel_8.3.sh,https://github.com/bakwc/PySyncObj
p/pytables,pytables,v3.9.2,python,,p/pytables/pytables_ubi_9.3.sh,https://github.com/PyTables/PyTables
p/pytables,pytables,v3.9.1,python,,p/pytables/PyTables_ubi_8.7.sh,https://github.com/PyTables/PyTables
p/pytest-checkdocs,pytest-checkdocs,v2.13.0,python,,p/pytest-checkdocs/pytest-checkdocs_ubi_9.3.sh,https://github.com/jaraco/pytest-checkdocs
p/pytest-checkdocs,pytest-checkdocs,v2.7.1,python,,p/pytest-checkdocs/pytest-checkdocs_ubi_8.4.sh,https://github.com/jaraco/pytest-checkdocs
p/pytest-mypy,pytest-mypy,v1.0.1,python,,p/pytest-mypy/pytest-mypy_ubi_9.3.sh,https://github.com/realpython/pytest-mypy
p/pytest-mypy,pytest-mypy,0.8.1,python,,p/pytest-mypy/pytest-mypy_rhel_8.3.sh,https://github.com/dbader/pytest-mypy
p/python-bunyan,python-bunyan,5e41d89,python,,p/python-bunyan/python-bunyan_ubi_8.5.sh,https://github.com/complyue/python-bunyan.git
p/python-email-validator,python-email-validator,v2.1.1,python,,p/python-email-validator/python-email-validator_ubi_9.6.sh,https://github.com/JoshData/python-email-validator
p/python-neutronclient,python-neutronclient,11.3.1,python,,p/python-neutronclient/python-neutronclient_ubi_9.3.sh,https://github.com/openstack/python-neutronclient.git
p/python-novaclient,python-novaclient,18.6.0,python,,p/python-novaclient/python-novaclient_ubi_9.3.sh,https://github.com/openstack/python-novaclient.git
p/python-oracledb,python-oracledb,v2.5.1,python,,p/python-oracledb/python_oracledb_ubi_9.3.sh,https://github.com/oracle/python-oracledb.git
p/python-oracledb,python-oracledb,v2.5.1,python,,p/python-oracledb/python_oracledb_ubi_8.10.sh,https://github.com/oracle/python-oracledb.git
p/python-rake,python-rake,master,python,,p/python-rake/python-rake_ubi_9.6.sh,https://github.com/csurfer/rake-nltk
p/python-rake,python-rake,master,python,,p/python-rake/python-rake_rhel_7.6.sh,https://github.com/csurfer/rake-nltk
p/python-semver,python-semver,${1:-,python,,p/python-semver/python-semver_ubi_8.7.sh,https://github.com/python-semver/python-semver
p/python-semver,python-semver,3.0.4,python,,p/python-semver/python-semver_ubi_9.3.sh,https://github.com/python-semver/python-semver
p/python-semver,python-semver,2.4.2,python,,p/python-semver/semver_rhel_7.3.sh,https://github.com/k-bx/python-semver
p/pytorch,pytorch,v2.1.0,python,,p/pytorch/pytorch_2.1.0_ubi_9.3.sh,https://github.com/pytorch/pytorch.git
p/pytorch,pytorch,v2.0.1,python,,p/pytorch/pytorch_2.0.1_ubi_9.3.sh,https://github.com/pytorch/pytorch.git
p/pytorch,pytorch,v2.5.1,python,,p/pytorch/pytorch_2.5.1_ubi_9.3.sh,https://github.com/pytorch/pytorch.git
p/pytorch,pytorch,v2.6.0,python,,p/pytorch/pytorch_2.6.0_ubi_9.3.sh,https://github.com/pytorch/pytorch.git
p/pytorch,pytorch,v2.4.0,python,,p/pytorch/pytorch_ubi_9.3.sh,https://github.com/pytorch/pytorch.git
p/pywt,pywt,v1.8.0,python,,p/pywt/pywt_1.8.0_ubi_9.5.sh,https://github.com/PyWavelets/pywt
p/pywt,pywt,v1.4.1,python,,p/pywt/pywt_ubi_9.3.sh,https://github.com/PyWavelets/pywt
p/pyzmq,pyzmq,v26.4.0,python,,p/pyzmq/pyzmq_ubi_9.3.sh,https://github.com/zeromq/pyzmq.git
p/pyzmq,pyzmq,v25.1.2,python,,p/pyzmq/pyzmq_v25.1.2_ubi_9.3.sh,https://github.com/zeromq/pyzmq.git
q/quarkus,quarkus,main,java,,q/quarkus/quarkus_ubi_9.3.sh,https://github.com/quarkusio/quarkus.git
q/quarkus,quarkus,v0.8.4,java,,q/quarkus/quarkus_v0.8.4_rhel_7.6.sh,https://github.com/quarkusio/quarkus
q/quartz,quartz,v2.5.0-rc1,java,,q/quartz/quartz_ubi_9.3.sh,https://github.com/quartz-scheduler/quartz.git
q/quartz,quartz,2.3.1,java,,q/quartz/quartz_rhel_7.6.sh,https://github.com/quartz-scheduler/quartz
r/rails-html-sanitizer,rails-html-sanitizer,${1-v1.6.0},ruby,,r/rails-html-sanitizer/rails-html-sanitizer_ubi_9.3.sh,https://github.com/rails/rails-html-sanitizer.git
r/rclone,rclone,${SCRIPT_PACKAGE_VERSION},go,,r/rclone/rclone_ubi_9.3.sh,https://github.com/rclone/rclone.git
r/rclone,rclone,${SCRIPT_PACKAGE_VERSION},go,,r/rclone/rclone_ubi_8.10.sh,https://github.com/rclone/rclone.git
r/react-native-blob-util,react-native-blob-util,0.19.9,java,,r/react-native-blob-util/react-native-blob-util-0.19.9-ubi9.3.sh,https://github.com/RonRadtke/${PACKAGE_NAME}.git
r/reactive-streams-jvm,reactive-streams-jvm,v1.0.4,java,,r/reactive-streams-jvm/reactive-streams-jvm_ubi_9.3.sh,https://github.com/reactive-streams/reactive-streams-jvm.git
r/redigo,redigo,${1:-,go,,r/redigo/redigo_ubi_9_3.sh,https://github.com/gomodule/redigo
r/redigo,redigo,${1:-,go,,r/redigo/redigo_ubi8.3.sh,https://github.com/gomodule/redigo
r/redigo,redigo,${1:-,go,,r/redigo/redigo_ubi_8_7.sh,https://github.com/gomodule/redigo
r/redigo,redigo,1.6.0,go,,r/redigo/redigo_ubuntu_16.04.sh,https://github.com/garyburd/redigo
r/redisson,redisson,redisson-3.37.0,java,,r/redisson/redisson_ubi_9.3.sh,https://github.com/redisson/redisson.git
r/redisson,redisson,3.12.4,java,,r/redisson/redisson_rhel_7.6.sh,https://github.com/redisson/redisson
r/redlock-py,redlock-py,master,python,,r/redlock-py/redlock_ubi_8.5.sh,https://github.com/SPSCommerce/redlock-py
r/reference,reference,v0.6.0,go,,r/reference/reference_ubi_9.3.sh,https://github.com/distribution/reference
r/reflectasm,reflectasm,reflectasm-1.11.9,java,,r/reflectasm/reflectasm_ubi_9.3.sh,https://github.com/EsotericSoftware/reflectasm.git
r/reflections,reflections,0.9.11,java,,r/reflections/reflections_ubi_9.3.sh,https://github.com/ronmamo/reflections.git
r/reflections,reflections,0.10.2,java,,r/reflections/reflections_ubi_8_5.sh,https://github.com/ronmamo/reflections
r/reflections,reflections,0.9.11,java,,r/reflections/reflections_rhel_7.3.sh,https://github.com/ronmamo/reflections
r/reflections,reflections,"0.9.11, 0.9.12",java,,r/reflections/reflections_rhel_7.6.sh,https://github.com/ronmamo/reflections
r/reflections,reflections,0.9.11,java,,r/reflections/reflections_ubuntu_16.04.sh,https://github.com/ronmamo/reflections
r/regex,regex,2024.11.6,python,,r/regex/regex_ubi_9.6.sh,https://github.com/mrabarnett/mrab-regex
r/requests-kerberos,requests-kerberos,v0.14.0,python,,r/requests-kerberos/requests-kerberos_ubi_9.3.sh,https://github.com/requests/requests-kerberos.git
r/rest-assured,rest-assured,5.5.0,java,,r/rest-assured/rest-assured_v5.5.0_ubi_9.5.sh,https://github.com/rest-assured/rest-assured
r/rest-assured,rest-assured,rest-assured-3.0.3,java,,r/rest-assured/REST-assured-common_ubi_8.3.sh,https://github.com/rest-assured/rest-assured.git
r/rest-assured,rest-assured,rest-assured-3.0.3,java,,r/rest-assured/REST-assured_ubi_8.3.sh,https://github.com/rest-assured/rest-assured.git
r/roaringbitmap,roaringbitmap,1.2.1,java,,r/roaringbitmap/roaringbitmap_ubi_9.3.sh,https://github.com/RoaringBitmap/RoaringBitmap.git
r/rpds,rpds,v0.22.3,python,,r/rpds/rpds_ubi_9.6.sh,https://github.com/crate-py/rpds
r/rq,rq,v1.7.0,python,,r/rq/rq_v1.7.0_ubi_8.5.sh,https://github.com/nvie/rq
r/rq,rq,v1.10,python,,r/rq/rq_ubi_8.4.sh,https://github.com/nvie/rq
r/rtree,rtree,1.4.1,python,,r/rtree/rtree_ubi_9.3.sh,https://github.com/Toblerity/rtree
r/ruamel-ordereddict,ruamel-ordereddict,0.4.15,python,,r/ruamel-ordereddict/ruamel-ordereddict_ubi_8.5.sh,http://hg.code.sf.net/p/ruamel-ordereddict/code
r/ruamel-yaml-jinja2,ruamel-yaml-jinja2,0.2.7,python,,r/ruamel-yaml-jinja2/ruamel-yaml-jinja2_ubi_8.4.sh,http://hg.code.sf.net/p/ruamel-yaml-jinja2/code
r/ruamel-yaml-jinja2-code,ruamel-yaml-jinja2-code,${1:-,python,,r/ruamel-yaml-jinja2-code/ruamel-yaml-jinja2-code_ubi_8.5.sh,http://hg.code.sf.net/p/ruamel-yaml-jinja2/code ruamel-yaml-jinja2-code
r/ruamel.yaml.clib,ruamel.yaml.clib,0.2.6,python,,r/ruamel.yaml.clib/ruamel.yaml.clib_ubi_9.3.sh,https://github.com/ruamel/yaml.clib.git
r/rxjava,rxjava,v3.1.8,java,,r/rxjava/rxjava_ubi_9.3.sh,https://github.com/ReactiveX/RxJava.git
r/rxjava,rxjava,v2.2.21,java,,r/rxjava/rxjava_ubi_9.3_v2.sh,https://github.com/ReactiveX/RxJava.git
r/rxjava,rxjava,3.0.2,java,,r/rxjava/rxjava_rhel_7.6.sh,https://github.com/ReactiveX/RxJava
r/rxjava,rxjava,2.1.10,java,,r/rxjava/rxjava_ubuntu_16.04.sh,https://github.com/ReactiveX/RxJava
r/ryd,ryd,0.4.1,python,,r/ryd/ryd_ubi_8.4.sh,http://hg.code.sf.net/p/ryd/code
s/Stripe-python,Stripe-python,v12.2.0,python,,s/Stripe-python/Stripe-python_ubi_12.2.0_9.3.sh,https://github.com/stripe/stripe-python.git
s/Stripe-python,Stripe-python,v10.5.0,python,,s/Stripe-python/Stripe-python_ubi_9.3.sh,https://github.com/stripe/stripe-python.git
s/Stripe-python,Stripe-python,1.37.0,python,,s/Stripe-python/Stripe-python_rhel_7.3.sh,https://github.com/stripe/stripe-python
s/Stripe-python,Stripe-python,1.37.0,python,,s/Stripe-python/Stripe-python_ubuntu_16.04.sh,https://github.com/stripe/stripe-python
s/s3transfer,s3transfer,0.10.4,python,,s/s3transfer/s3transfer_ubi_9.6.sh,https://github.com/boto/s3transfer
s/scikit-learn,scikit-learn,1.3.0,python,,s/scikit-learn/scikit-learn_1.1.1_ubi_9.3.sh,https://github.com/scikit-learn/scikit-learn
s/scikit-learn,scikit-learn,1.0.2,python,,s/scikit-learn/scikit-learn_ubi_8.5.sh,https://github.com/scikit-learn/scikit-learn.git
s/scikit-learn,scikit-learn,0.24.1,python,,s/scikit-learn/scikit-learn_v0.24.1_ubi_8.5.sh,https://github.com/scikit-learn/scikit-learn
s/scikit-learn,scikit-learn,1.7.0,python,,s/scikit-learn/scikit-learn_1.7.0_ubi_9.3.sh,https://github.com/scikit-learn/scikit-learn.git
s/scikit-learn,scikit-learn,1.5.0,python,,s/scikit-learn/scikit-learn_ubi_8.10.sh,https://github.com/scikit-learn/scikit-learn.git
s/scikit-learn,scikit-learn,1.6.1,python,,s/scikit-learn/scikit-learn_ubi_9.3.sh,https://github.com/scikit-learn/scikit-learn.git
s/scipy,scipy,v1.14.1,python,,s/scipy/scipy_ubi_9.3.sh,https://github.com/scipy/scipy
s/scipy,scipy,v1.10.1,python,,s/scipy/scipy_v1.10.1_ubi_9.3.sh,https://github.com/scipy/scipy
s/scipy,scipy,v1.11.3,python,,s/scipy/scipy_v1.11.3_ubi_9.3.sh,https://github.com/scipy/scipy
s/scipy,scipy,v1.11.4,python,,s/scipy/scipy_ubi_8.10.sh,https://github.com/scipy/scipy
s/scipy,scipy,v1.6.3,python,,s/scipy/scipy_ubi_8.5.sh,https://github.com/scipy/scipy
s/scipy,scipy,v1.16.1,python,,s/scipy/scipy_v1.16.1_ubi_9.3.sh,https://github.com/scipy/scipy
s/scipy,scipy,v1.5.4,python,,s/scipy/scipy_v1.5.4_ubi_8.5.sh,https://github.com/scipy/scipy
s/sdk-platform-java,sdk-platform-java,v2.44.0,java,,s/sdk-platform-java/sdk-platform-java_ubi_9.3.sh,https://github.com/googleapis/sdk-platform-java.git
s/seaweedfs,seaweedfs,3.71,go,,s/seaweedfs/seaweedfs_ubi_9.3.sh,https://github.com/seaweedfs/seaweedfs.git
s/secretstorage,secretstorage, 3.3.3,python,,s/secretstorage/secretstorage_ubi_9.3.sh,https://github.com/mitya57/secretstorage.git
s/selinux,selinux,v0.3.0,python,,s/selinux/selinux_ubi_9.6.sh,https://github.com/pycontribs/selinux
s/sentencepiece,sentencepiece,v0.1.97,python,,s/sentencepiece/sentencepiece_ubi_9.3.sh,https://github.com/google/sentencepiece.git
s/sentencepiece,sentencepiece,v0.2.0,python,,s/sentencepiece/sentencepiece_0.2.0_ubi_9.3.sh,https://github.com/google/sentencepiece.git
s/servlet-spec,servlet-spec,4.0.1,java,,s/servlet-spec/servlet-spec_ubi_9.3.sh,https://github.com/javaee/servlet-spec.git
s/shapely,shapely,1.8.5,python,,s/shapely/shapely_ubi_9.3.sh,https://github.com/shapely/shapely.git
s/shapely,shapely,1.8.5,python,,s/shapely/shapely_ubi_8.10.sh,https://github.com/shapely/shapely.git
s/simplejson,simplejson,v3.17.6,python,,s/simplejson/simplejson_ubi_9.3.sh,https://github.com/simplejson/simplejson
s/six,six,1.16.0,python,,s/six/six_ubi_9.3.sh,https://github.com/benjaminp/six
s/sizeof,sizeof,v0.4.3,java,,s/sizeof/sizeof_ubi_9.3.sh,https://github.com/ehcache/sizeof
s/slf4j,slf4j,v_2.0.16,java,,s/slf4j/slf4j_ubi_9.3.sh,https://github.com/qos-ch/slf4j
s/slf4j,slf4j,${1:v_1.7.26},java,,s/slf4j/SLF4J_ubi_8.5.sh,https://github.com/qos-ch/slf4j.git
s/slf4j-api,slf4j-api,2.0.16,java,,s/slf4j-api/slf4j-api_v_2.0.16_ubi_9.5.sh,https://github.com/qos-ch/${PACKAGE_NAME}.git
s/slf4j-api,slf4j-api,1.7.26,java,,s/slf4j-api/slf4j_api_rhel_7.6.sh,https://github.com/qos-ch/slf4j
s/snakeyaml,snakeyaml,master,java,,s/snakeyaml/snakeyaml_ubi_9_3.sh,https://github.com/snakeyaml/snakeyaml
s/snakeyaml,snakeyaml,master,java,,s/snakeyaml/snakeyaml_ubi_8_5.sh,https://github.com/snakeyaml/snakeyaml
s/snakeyaml,snakeyaml,1.26,java,,s/snakeyaml/snakeyaml_rhel_7.6.sh,https://bitbucket.org/asomov/snakeyaml
s/snappy,snappy,1.2.2,python,,s/snappy/snappy_ubi_9.3.sh,https://github.com/google/snappy
s/sniffio,sniffio,v1.3.1,python,,s/sniffio/sniffio_ubi_9.6.sh,https://github.com/python-trio/sniffio
s/socketry-async,socketry-async,v2.16.1,ruby,,s/socketry-async/socketry-async_ubi_9.3.sh,https://github.com/socketry/async.git
s/sparkmagic,sparkmagic,0.20.0,python,,s/sparkmagic/sparkmagic_ubi_9.3.sh,https://github.com/jupyter-incubator/sparkmagic.git
s/sparqlwrapper,sparqlwrapper,2.0.0,python,,s/sparqlwrapper/sparqlwrapper_ubi_9.3.sh,https://github.com/RDFLib/sparqlwrapper
s/sparqlwrapper,sparqlwrapper,master @ d88b542,python,,s/sparqlwrapper/sparqlwrapper_rhel_7.6.sh,https://github.com/RDFLib/sparqlwrapper.git
s/spatial4j,spatial4j,v0.8,java,,s/spatial4j/spatial4j_ubi_9.3.sh,https://github.com/locationtech/spatial4j.git
s/spatial4j,spatial4j,0.7,java,,s/spatial4j/spatial4j_rhel_7.6.sh,https://github.com/locationtech/spatial4j
s/sphinx,sphinx,v8.2.3,python,,s/sphinx/sphinx_ubi_9.3.sh,https://github.com/sphinx-doc/sphinx
s/sphinx,sphinx,v4.5.0,python,,s/sphinx/sphinx_ubi_8.5.sh,https://github.com/sphinx-doc/sphinx
s/sphinx-gallery,sphinx-gallery,0.9.0,python,,s/sphinx-gallery/sphinx-gallery.sh,https://github.com/sphinx-gallery/sphinx-gallery
s/sphinx-issues,sphinx-issues,5.0.1,python,,s/sphinx-issues/sphinx-issues_ubi_9.3.sh,https://github.com/sloria/sphinx-issues
s/sphinx-issues,sphinx-issues,1.2.0,python,,s/sphinx-issues/sphinx-issues_rhel_8.3.sh,https://github.com/sloria/sphinx-issues
s/sphinx-prompt,sphinx-prompt,1.9.0,python,,s/sphinx-prompt/sphinx-prompt_ubi_9.3.sh,https://github.com/sbrunner/sphinx-prompt.git
s/sphinx-prompt,sphinx-prompt,1.4.0,python,,s/sphinx-prompt/sphinx-prompt_rhel_8.3.sh,https://github.com/sbrunner/sphinx-prompt
s/spring-boot,spring-boot,v4.0.0,java,,s/spring-boot/springboot_ubi_9.3.sh,https://github.com/spring-projects/spring-boot
s/spring-boot,spring-boot,v3.0.2,java,,s/spring-boot/springboot_ubi_8.5.sh,https://github.com/spring-projects/spring-boot
s/spring-boot,spring-boot,v2.5.0,java,,s/spring-boot/springboot_ubi.sh,https://github.com/spring-projects/spring-boot
s/spring-boot,spring-boot,2.2.0.BUILD-SNAPSHOT,python,,s/spring-boot/spring-boot.sh,https://github.com/google/conscrypt
s/spring-framework,spring-framework,v6.0.19,java,,s/spring-framework/spring-framework_ubi_9.3.sh,https://github.com/spring-projects/spring-framework.git
s/spring-framework,spring-framework,v5.3.13,java,,s/spring-framework/spring_ubi_8.3.sh,https://github.com/spring-projects/spring-framework.git
s/spring-hateoas,spring-hateoas,2.3.0,java,,s/spring-hateoas/spring-hateoas_ubi_9.3.sh,https://github.com/spring-projects/spring-hateoas.git
s/spring-plugin,spring-plugin,3.0.0,java,,s/spring-plugin/spring-plugin_ubi_9.3.sh,https://github.com/spring-projects/spring-plugin.git
s/spring-security,spring-security,6.3.1,java,,s/spring-security/spring-security_ubi_9.3.sh,https://github.com/spring-projects/spring-security.git
s/spring-security,spring-security,5.1.3.RELEASE,java,,s/spring-security/spring-security_ubi_8.3.sh,https://github.com/spring-projects/spring-security.git
s/springdoc-openapi,springdoc-openapi,v2.6.0,java,,s/springdoc-openapi/springdoc-openapi_ubi_9_3.sh,https://github.com/springdoc/springdoc-openapi
s/statistics,statistics,v2.1.3,java,,s/statistics/statistics_ubi_9.3.sh,https://github.com/Terracotta-OSS/statistics
s/statsmodels,statsmodels,v0.14.0,python,,s/statsmodels/statsmodels_0.14.0_ubi_9.3.sh,https://github.com/statsmodels/statsmodels.git
s/statsmodels,statsmodels,v0.14.6,python,,s/statsmodels/statsmodels_0.14.6_ubi_9.3.sh,https://github.com/statsmodels/statsmodels.git
s/statsmodels,statsmodels,v0.13.5,python,,s/statsmodels/statsmodels_ubi_9.3.sh,https://github.com/statsmodels/statsmodels.git
s/strict-rfc3339,strict-rfc3339,version-0.7,python,,s/strict-rfc3339/strict-rfc3339_0.7_ubi8_3.sh,https://github.com/danielrichman/strict-rfc3339.git
s/stringtemplate4,stringtemplate4,4.3.3,java,,s/stringtemplate4/stringtemplate4_ubi_9.3.sh,https://github.com/antlr/stringtemplate4.git
s/stringtemplate4,stringtemplate4,4.3.1,java,,s/stringtemplate4/stringtemplate4_ubuntu_16.04.sh,https://github.com/antlr/stringtemplate4
s/swagger-codegen,swagger-codegen,v3.0.64,java,,s/swagger-codegen/swagger-codegen_v3.0.64_ubi_9.5.sh,https://github.com/swagger-api/swagger-codegen
s/swagger-core,swagger-core,v2.2.24,java,,s/swagger-core/swagger-core_ubi_9.3.sh,https://github.com/swagger-api/swagger-core
s/swagger-core,swagger-core,v1.6.2,java,,s/swagger-core/swagger-core_v1_6_2_ubi_9.3.sh,https://github.com/swagger-api/swagger-core
s/swagger-core,swagger-core,v2.2.25,java,,s/swagger-core/swagger-core_v_2.2.25_ubi_9.5.sh,https://github.com/swagger-api/swagger-core.git
s/swagger-core,swagger-core,v2.2.16,java,,s/swagger-core/swagger-core_ubi_8.7.sh,https://github.com/swagger-api/swagger-core
s/swagger-core,swagger-core,1.5.15,java,,s/swagger-core/swagger-core_rhel_7.3.sh,https://github.com/swagger-api/swagger-core
s/swagger-core,swagger-core,1.5.15,java,,s/swagger-core/swagger-core_ubuntu_16.04.sh,https://github.com/swagger-api/swagger-core
s/swagger-core,swagger-core,"1.5.20, 2.1.1",java,,s/swagger-core/swagger_core_rhel_7.6.sh,https://github.com/swagger-api/swagger-core
s/swagger-models,swagger-models,v1.6.14,java,,s/swagger-models/swagger_models_v1.6.14_ubi_9.3.sh,https://github.com/swagger-api/swagger-core.git
s/swagger-models,swagger-models,"1.5.20, 2.1.1",java,,s/swagger-models/swagger_models_rhel_7.6.sh,https://github.com/swagger-api/swagger-core
s/swagger-parser,swagger-parser,v1.0.71,java,,s/swagger-parser/swagger-parser_v1.0.71_ubi_9.3.sh,https://github.com/swagger-api/${PACKAGE_NAME}.git
s/swagger-parser,swagger-parser,v2.1.22,java,,s/swagger-parser/swagger-parser_v2.1.22_ubi_9.5.sh,https://github.com/swagger-api/${PACKAGE_NAME}.git
s/swagger-parser,swagger-parser,v2.1.24,java,,s/swagger-parser/swagger-parser_v2.1.24_ubi_9.3.sh,https://github.com/swagger-api/${PACKAGE_NAME}.git
s/swagger-parser,swagger-parser,v2.0.28,java,,s/swagger-parser/swagger-parser_ubi8.4.sh,https://github.com/swagger-api/swagger-parser.git
s/syrusakbary-promise,syrusakbary-promise,v2.3.0,python,,s/syrusakbary-promise/syrusakbary-promise_ubi_9.3.sh,https://github.com/syrusakbary/promise
t/tempo-operator,tempo-operator,v0.13.0,go,,t/tempo-operator/tempo-operator_ubi_9.3.sh,https://github.com/grafana/tempo-operator
t/terracotta-platform,terracotta-platform,v5.10.22,java,,t/terracotta-platform/terracotta-platform_ubi_9.3.sh,https://github.com/Terracotta-OSS/terracotta-platform.git
t/tesserocr,tesserocr,v2.9.1,python,,t/tesserocr/tesserocr_ubi_9.6.sh,https://github.com/${PACKAGE_ORG}/${PACKAGE_NAME}.git
t/tf-model-optimization-nightly,tf-model-optimization-nightly,v0.7.4,python,,t/tf-model-optimization-nightly/tf-model-optimization-nightly_ubi_9.3.sh,https://github.com/tensorflow/model-optimization.git
t/threetenbp,threetenbp,v1.7.0,java,,t/threetenbp/threetenbp_ubi_9.3.sh,https://github.com/ThreeTen/threetenbp.git
t/tiger-types,tiger-types,tiger-types-2.2,java,,t/tiger-types/tiger-types_ubi_9.3.sh,https://github.com/kohsuke/tiger-types.git
t/tiktoken,tiktoken,0.7.0,python,,t/tiktoken/tiktoken_ubi_9.3.sh,https://github.com/openai/tiktoken
t/tiktoken,tiktoken,0.9.0,python,,t/tiktoken/tiktoken_v0.9.0_ubi_9.6.sh,https://github.com/openai/tiktoken.git
t/tinylog,tinylog,2.7.0,java,,t/tinylog/tinylog_ubi_9.3.sh,https://github.com/tinylog-org/tinylog.git
t/titanium-json-ld,titanium-json-ld,v1.4.1,java,,t/titanium-json-ld/titanium-json-ld_ubi_9.3.sh,https://github.com/filip26/titanium-json-ld
t/toml,toml,${1:v1.4.0},go,,t/toml/toml_ubi_9.3.sh,https://github.com/BurntSushi/toml
t/toml,toml,v0.4.1,go,,t/toml/toml_v0.4.1_ubi_8.5.sh,https://github.com/BurntSushi/toml.git
t/toml,toml,v0.3.1,go,,t/toml/toml_ubi_8.3.sh,https://github.com/BurntSushi/toml-test
t/torchtext,torchtext,v0.15.2,python,,t/torchtext/torchtext_ubi_9_3.sh,https://github.com/pytorch/text.git
t/traefik,traefik,v3.0.3,go,,t/traefik/traefik_ubi_9.3.sh,https://github.com/traefik/traefik
t/traefik,traefik,v2.10.1,go,,t/traefik/traefik_ubi_8.7.sh,https://github.com/traefik/traefik
t/traitlets,traitlets,v5.7.1,python,,t/traitlets/traitlets_ubi_9.6.sh,https://github.com/ipython/traitlets
t/transactions,transactions,2.0.1,java,,t/transactions/transactions_ubi_9.3.sh,https://github.com/jakartaee/transactions.git
t/tree-sitter-javascript,tree-sitter-javascript,v0.23.1,python,,t/tree-sitter-javascript/tree-sitter-javascript_ubi_9.6.sh,https://github.com/tree-sitter/tree-sitter-javascript
t/tree-sitter-python,tree-sitter-python,v0.23.2,python,,t/tree-sitter-python/tree-sitter-python_ubi_9.6.sh,https://github.com/tree-sitter/tree-sitter-python
t/tree-sitter-typescript,tree-sitter-typescript,v0.23.2,python,,t/tree-sitter-typescript/tree-sitter-typescript_ubi_9.6.sh,https://github.com/tree-sitter/tree-sitter-typescript
t/tree_sitter_c,tree_sitter_c,v0.23.2,python,,t/tree_sitter_c/tree_sitter_c_ubi_9.6.sh,https://github.com/tree-sitter/tree-sitter-c
t/truststore,truststore,v0.10.0,python,,t/truststore/truststore_ubi_9.6.sh,https://github.com/sethmlarson/truststore
u/undertow,undertow,2.3.18.Final,java,,u/undertow/undertow_ubi_9.3.sh,https://github.com/undertow-io/undertow.git
u/undertow,undertow,2.0.11,java,,u/undertow/undertow_ubuntu_18.04.sh,https://github.com/undertow-io/undertow.git
u/unicodedata2,unicodedata2,16.0.0,python,,u/unicodedata2/unicodedata2_ubi_9.3.sh,http://github.com/fonttools/unicodedata2
u/utf8proc,utf8proc,v2.6.1,python,,u/utf8proc/utf8proc_ubi_9.3.sh,https://github.com/JuliaStrings/utf8proc.git
u/uvloop,uvloop,v0.21.0,python,,u/uvloop/uvloop_ubi_9.3.sh,https://github.com/MagicStack/uvloop
v/validation,validation,3.0.2,java,,v/validation/validation_ubi_9.3.sh,https://github.com/jakartaee/validation.git
v/validation,validation,1.1.0.Final,java,,v/validation/validation_v1.1.0.Final_ubi_9.3.sh,https://github.com/jakartaee/validation.git
v/vault,vault,v1.17.2,go,,v/vault/vault_ubi_9.3.sh,https://github.com/hashicorp/vault
v/vault,vault,v1.15.6,go,,v/vault/vault_ubi_8.7.sh,https://github.com/hashicorp/vault
v/vault,vault,1.5.3,go,,v/vault/vault_rhel_8.sh,https://github.com/RediSearch/RediSearch.git
v/vault-secrets-operator,vault-secrets-operator,v1.0.1,go,,v/vault-secrets-operator/vault-secrets-operator_v1.0.1_ubi_9.6.sh,https://github.com/hashicorp/${PACKAGE_NAME}.git
w/waffle,waffle,waffle-3.5.0,java,,w/waffle/waffle_ubi_9_3.sh,https://github.com/Waffle/waffle.git
w/wala-start,wala-start,815835d,java,,w/wala-start/wala-start_ubi_9.3.sh,https://github.com/wala/WALA-start.git
w/watchfiles,watchfiles,v0.21.0,python,,w/watchfiles/watchfiles_ubi_9.6.sh,https://github.com/samuelcolvin/watchfiles
w/websocket-java,websocket-java,2.2.0-RELEASE,java,,w/websocket-java/websocket-java_ubi_9.3.sh,https://github.com/jakartaee/websocket.git
w/wildfly,wildfly,32.0.0.Final,java,,w/wildfly/wildfly_ubi_9.3.sh,https://github.com/wildfly/wildfly
w/wildfly,wildfly,27.0.0.Alpha5,java,,w/wildfly/wildfly_ubi_8.5.sh,https://github.com/wildfly/wildfly.git
w/wildfly,wildfly,24.0.0.Final,java,,w/wildfly/wildfly_ubi_8.3.sh,https://github.com/wildfly/wildfly
w/wildfly-client-config,wildfly-client-config,1.0.1.Final,java,,w/wildfly-client-config/wildfly-client-config_ubi_9.3.sh,https://github.com/wildfly/wildfly-client-config
w/wildfly-common,wildfly-common,1.5.4.Final,java,,w/wildfly-common/wildfly-common_ubi_9.3.sh,https://github.com/wildfly/wildfly-common
w/wildfly-operator,wildfly-operator,1.1.3,go,,w/wildfly-operator/wildfly_operator_ubi_9.6.sh,https://github.com/wildfly/wildfly-operator.git
w/wildfly-operator,wildfly-operator,0.5.6,go,,w/wildfly-operator/wildfly_operator_ubi_8.5.sh,https://github.com/wildfly/wildfly-operator.git
w/woodstox,woodstox,woodstox-core-7.0.0,java,,w/woodstox/woodstox_ubi_9.3.sh,https://github.com/FasterXML/woodstox.git
w/wrapt,wrapt,1.14.1,python,,w/wrapt/wrapt_ubi_9.3.sh,https://github.com/GrahamDumpleton/wrapt/
x/xarray-einstats,xarray-einstats,v0.7.0,python,,x/xarray-einstats/xarray-einstats_ubi_9.3.sh,https://github.com/arviz-devs/xarray-einstats.git
x/xgboost,xgboost,v1.6.2,python,,x/xgboost/xgboost_ubi_9.3.sh,https://github.com/dmlc/xgboost
x/xgboost,xgboost,v3.1.3,python,,x/xgboost/xgboost_3.0.1_ubi_9.3.sh,https://github.com/dmlc/xgboost
x/xgboost,xgboost,0.71,python,,x/xgboost/xgboost-cpu_ubuntu_16.04.sh,https://github.com/dmlc/xgboost
x/xgboost,xgboost,0.71,python,,x/xgboost/xgboost-gpu_ubuntu_16.04.sh,https://github.com/dmlc/xgboost
x/xnio,xnio,3.8.15.Final,java,,x/xnio/xnio_ubi_9.3.sh,https://github.com/xnio/xnio
x/xnio,xnio,3.6.3,java,,x/xnio/xnio_ubuntu_18.04.sh,https://github.com/xnio/xnio.git
x/xz-java,xz-java,v1.6,java,,x/xz-java/xz-java_ubi_9.3.sh,https://github.com/tukaani-project/xz-java
x/xz-java,xz-java,v1.10,java,,x/xz-java/xz-java_v1_10_ubi_9.3.sh,https://github.com/tukaani-project/xz-java
y/yarl,yarl,v1.18.3,python,,y/yarl/yarl_ubi_9.3.sh,https://github.com/aio-libs/yarl
z/Zconfig,Zconfig,4.2,python,,z/Zconfig/Zconfig_ubi_9.3.sh,https://github.com/zopefoundation/ZConfig
z/Zconfig,Zconfig,3.5.0,python,,z/Zconfig/Zconfig_rhel_8.3.sh,https://github.com/zopefoundation/ZConfig/
z/zap,zap,${1:-,go,,z/zap/zap_ubi_9_3.sh,https://github.com/uber-go/zap
z/zap,zap,${1:-,go,,z/zap/zap_ubi_8.5.sh,https://github.com/uber-go/zap
z/zap,zap,${1:-,go,,z/zap/zap_ubi_8_7.sh,https://github.com/uber-go/zap
z/zapr,zapr,v1.3.0,go,,z/zapr/zapr_ubi_9.3.sh,https://github.com/go-logr/zapr
z/zapr,zapr,v0.1.1,go,,z/zapr/github.com__go-logr__zapr_rhel_8.3.sh,https://github.com/go-logr/zapr
z/zapr,zapr,v0.1.0,go,,z/zapr/github.com_go-logr_zapr_0.1.0_rhel_8.4.sh,https://github.com/go-logr/zapr
z/zipkin,zipkin,3.3.0,java,,z/zipkin/zipkin_ubi_9_3.sh,https://github.com/openzipkin/zipkin
z/zipkin,zipkin,2.20.0,java,,z/zipkin/zipkin_ubi_8.5.sh,https://github.com/openzipkin/zipkin
z/zipkin,zipkin,2.24.2,java,,z/zipkin/zipkin_ubi_8_7.sh,https://github.com/openzipkin/zipkin
z/zipkin,zipkin,,node,,z/zipkin/Dockerfiles/2.24.2_ubi_8_7/build-bin/docker/install.sh,
z/zipkin,zipkin,,java,,z/zipkin/Dockerfiles/2.24.2_ubi_8_7/pre-requisite.sh,https://github.com/openzipkin/docker-alpine.git
z/zjsonpatch,zjsonpatch,0.4.16,java,,z/zjsonpatch/zjsonpatch_ubi_9.3.sh,https://github.com/flipkart-incubator/zjsonpatch
z/zjsonpatch,zjsonpatch,0.4.11,node,,z/zjsonpatch/zjsonpatch_ubuntu_18.04.sh,https://github.com/flipkart-incubator/zjsonpatch
z/zjsonpatch,zjsonpatch,"0.4.4, 0.4.10",java,,z/zjsonpatch/zjsonpatch_rhel_7.6.sh,https://github.com/flipkart-incubator/zjsonpatch
z/zookeeper,zookeeper,release-3.7.0,python,,z/zookeeper/zookeeper_ubi_8.5.sh,https://github.com/apache/zookeeper.git
z/zookeeper,zookeeper,release-3.9.2,java,,z/zookeeper/zookeeper_ubi_9.3.sh,https://github.com/apache/zookeeper
z/zookeeper,zookeeper,3.6.2,java,,z/zookeeper/zookeeper_UBI_8_3.sh,https://github.com/apache/zookeeper.git
z/zookeeper,zookeeper,3.5.5,java,,z/zookeeper/zookeeper_rhel_7.6.sh,https://github.com/apache/zookeeper.git
z/zope-interface,zope-interface,8.0,python,,z/zope-interface/zope-interface_ubi_9.6.sh,https://github.com/zopefoundation/zope.interface.git
z/zope-interface,zope-interface,4.4.3,python,,z/zope-interface/zope-interface_ubuntu_16.04.sh,https://github.com/zopefoundation/zope.interface
z/zope.interface,zope.interface,7.1.1,python,,z/zope.interface/zope.interface_ubi_9.3.sh,https://github.com/zopefoundation/zope.interface
z/zstandard,zstandard,0.22.0,python,,z/zstandard/zstandard_ubi_9.6.sh,https://github.com/indygreg/python-zstandard
z/zstd,zstd,v1.5.6.1,python,,z/zstd/zstd_ubi_9.3.sh,https://github.com/sergey-dryabzhinsky/python-zstd.git
a/accept,accept,v3.2.3,node,,a/accept/accept_ubi_8.5.sh,https://github.com/hapijs/accept
a/accepts,accepts,${1:-,javascript,,a/accepts/accepts_ubi_8.7.sh,https://github.com/jshttp/accepts
a/accepts,accepts,1.3.3,node,,a/accepts/accepts_ubuntu_16.04.sh,https://github.com/jshttp/accepts.git
a/accessible360_accessible-slick,accessible360_accessible-slick,0693e67,node,,a/accessible360_accessible-slick/accessible360_accessible-slick_ubi_8.5.sh,https://github.com/Accessible360/accessible-slick
a/address,address,v2.1.4,node,,a/address/address_ubi_8.5.sh,https://github.com/hapijs/address.git
a/address,address,1.0.2,node,,a/address/address_rhel_8.3.sh,https://github.com/node-modules/address
a/addressparser,addressparser,v1.0.1,node,,a/addressparser/addressparser_ubi_8.5.sh,https://github.com/andris9/addressparser.git
a/ajax-request,ajax-request,75b6b48b0fd0bed9cabe6dc9acbe3e517db03c65,node,,a/ajax-request/ajax-request_ubi_8.5.sh,https://github.com/douzi8/ajax-request.git
a/ajaxorg-ace,ajaxorg-ace,v1.32.3,node,,a/ajaxorg-ace/ajaxorg-ace_ubi_8.7.sh,https://github.com/ajaxorg/ace
a/ajv-i18n,ajv-i18n,v4.1.0,node,,a/ajv-i18n/ajv-i18n_ubi_8.5.sh,https://github.com/ajv-validator/ajv-i18n
a/ammo,ammo,v3.1.1,node,,a/ammo/ammo_ubi_8.5.sh,https://github.com/hapijs/ammo
a/angular-dragdrop,angular-dragdrop,1.2.2,node,,a/angular-dragdrop/angular-dragdrop_ubi_8.5.sh,https://github.com/angular-dragdrop/angular-dragdrop.git
a/angular-markdown-it,angular-markdown-it,v0.6.1,node,,a/angular-markdown-it/angular-markdown-it_ubi_8.5.sh,https://github.com/macedigital/angular-markdown-it
a/angular-native-dragdrop,angular-native-dragdrop,1.2.2,node,,a/angular-native-dragdrop/angular-native-dragdrop_ubi_8.5.sh,https://github.com/angular-dragdrop/angular-dragdrop
a/apollo-client,apollo-client,${1:-,node,,a/apollo-client/apollo-client_ubi_8.3.sh,https://github.com/apollographql/apollo-client
a/argv-formatter,argv-formatter,v1.0.0,node,,a/argv-formatter/argv-formatter_ubi_8.5.sh,https://github.com/bendrucker/argv-formatter.git
a/aria-query,aria-query,${1:-,node,,a/aria-query/aria-query_ubi_8.5.sh,https://github.com/A11yance/aria-query
a/ast-types,ast-types,master,node,,a/ast-types/ast-types_ubi_8.5.sh,https://github.com/benjamn/ast-types.git
a/asynckit,asynckit,v0.4.0,node,,a/asynckit/asynckit_ubi_8.4.sh,https://github.com/alexindigo/asynckit
a/atob,atob,v2.1.1,javascript,,a/atob/atob_ubi_8.3.sh,https://github.com/node-browser-compat/atob.git
b/BigInteger.js,BigInteger.js,4e99b15b7951338f164728377c906caae5a78202                  #commit hash for version 1.6.45,node,,b/BigInteger.js/biginteger.js_ubuntu_18.04.sh,https://github.com/peterolson/BigInteger.js.git
b/BigInteger.js,BigInteger.js,1.6.40,node,,b/BigInteger.js/biginteger_rhel_7.6.sh,https://github.com/peterolson/BigInteger.js.git
b/b64,b64,v4.2.1,node,,b/b64/b64_ubi_8.5.sh,https://github.com/hapijs/b64.git
b/babel,babel,v7.19.2,node,,b/babel/babel_ubi_8.5.sh,https://github.com/babel/babel.git
b/babel,babel,6.26.3,node,,b/babel/babel_rhel_7.4.sh,https://github.com/babel/babel.git
b/babel,babel,v7.0.0-beta.55,node,,b/babel/babel_ubuntu_18.04.sh,https://github.com/babel/babel.git
b/babel-core,babel-core,${1:-,node,,b/babel-core/babel-core_ubi_8.5.sh,https://github.com/babel/babel
b/babel-plugin-syntax-export-namespace-from,babel-plugin-syntax-export-namespace-from,v7.8.3,node,,b/babel-plugin-syntax-export-namespace-from/babel-plugin-syntax-export-namespace-from_ubi_8.5.sh,https://github.com/babel/babel
b/babel-runtime-corejs3,babel-runtime-corejs3,v7.14.0,node,,b/babel-runtime-corejs3/babel-runtime-corejs3_ubi8.4.sh,https://github.com/babel/babel
b/balanced-match,balanced-match,${1:-,javascript,,b/balanced-match/balanced-match_ubi_8_7.sh,https://github.com/juliangruber/balanced-match
b/balanced-match,balanced-match,1.0.2,node,,b/balanced-match/balanced-match_rhel_8.3.sh,https://github.com/juliangruber/balanced-match
b/balanced-match,balanced-match,1.0.0,node,,b/balanced-match/balanced-match_ubuntu_18.04.sh,https://github.com/juliangruber/balanced-match.git
b/base64-img,base64-img,28af7ac,node,,b/base64-img/base64-img_ubi_8.5.sh,https://github.com/douzi8/base64-img.git
b/better-ajv-errors,better-ajv-errors,v0.5.7,node,,b/better-ajv-errors/better-ajv-errors_ubi8.4.sh,https://github.com/atlassian/better-ajv-errors.git
b/boom,boom,v7.4.11,node,,b/boom/boom_ubi_8.5.sh,https://github.com/hapijs/boom.git
b/bootstrap,bootstrap,v5.3.3,javascript,,b/bootstrap/bootstrap_ubi_8.7.sh,https://github.com/twbs/bootstrap
b/bootstrap-select,bootstrap-select,v1.12.4,node,,b/bootstrap-select/bootstrap-select_ubi_8.5.sh,https://github.com/snapappointments/bootstrap-select.git
b/bounce,bounce,v1.3.2,node,,b/bounce/bounce_ubi_8.5.sh,https://github.com/hapijs/bounce.git
b/bourne,bourne,v1.3.2,node,,b/bourne/bourne_ubi_8.5.sh,https://github.com/hapijs/bourne
b/buffer,buffer,${1:-,node,,b/buffer/buffer_ubi_8.5.sh,https://github.com/feross/buffer
b/buffer,buffer,5.1.0,node,,b/buffer/buffer_ubuntu_18.04.sh,https://github.com/feross/buffer.git
c/cacache,cacache,v12.0.3,node,,c/cacache/cacache_ubi_8.5.sh,https://github.com/npm/cacache
c/cacache,cacache,v17.0.7,javascript,,c/cacache/cacache_ubi_8.7.sh,https://github.com/npm/cacache
c/cacheable-request,cacheable-request,v7.0.2,node,,c/cacheable-request/cacheable-request_ubi8.5.sh,https://github.com/lukechilds/cacheable-request
c/call,call,v5.1.2,node,,c/call/call_ubi_8.5.sh,https://github.com/hapijs/call
c/call-bind,call-bind,v1.0.2,node,,c/call-bind/call-bind_ubi8.4.sh,https://github.com/ljharb/call-bind.git
c/call-bind,call-bind,v1.0.5,node,,c/call-bind/call-bind_ubi_8.7.sh,https://github.com/ljharb/call-bind.git
c/camelcase-keys,camelcase-keys,v8.0.2,node,,c/camelcase-keys/camelcase-keys_ubi_8.5.sh,https://github.com/sindresorhus/camelcase-keys.git
c/carbon,carbon,v11.36.0,javascript,,c/carbon/carbon_11.36.0_ubi_8.7.sh,https://github.com/carbon-design-system/carbon
c/carbon-charts,carbon-charts,v0.41.15,node,,c/carbon-charts/carbon-charts_0.16.25_0.29.1_0.40.0_0.40.14_0.41.10_0.41.15_ubuntu_18.04.sh,https://github.com/carbon-design-system/carbon-charts.git
c/carbon-charts,carbon-charts,v0.41.31,node,,c/carbon-charts/carbon-charts_0.41.31_ubuntu_18.04.sh,https://github.com/carbon-design-system/carbon-charts.git
c/carbon-charts,carbon-charts,v0.41.67,node,,c/carbon-charts/carbon-charts_0.41.67_ubuntu_18.04.sh,https://github.com/carbon-design-system/carbon-charts.git
c/carbon-charts,carbon-charts,0.41.15,node,,c/carbon-charts/carbon-charts_0.16.25_0.29.1_0.40.0_0.40.14_0.41.10_0.41.15_ubi_8.3.sh,https://github.com/carbon-design-system/carbon-charts.git
c/carbon-charts,carbon-charts,0.41.31,node,,c/carbon-charts/carbon-charts_0.41.31_ubi_8.3.sh,https://github.com/carbon-design-system/carbon-charts.git
c/carbon-charts,carbon-charts,0.41.67,node,,c/carbon-charts/carbon-charts_0.41.67_ubi_8.3.sh,https://github.com/carbon-design-system/carbon-charts.git
c/carbon-components,carbon-components,v10.29.0,node,,c/carbon-components/carbon-components_10.29.0_10.31.0_ubuntu_18.04.sh,https://github.com/carbon-design-system/carbon.git
c/carbon-components,carbon-components,v10.44.2,node,,c/carbon-components/carbon-components_10.44.2_10.45.0_ubuntu_18.04.sh,https://github.com/carbon-design-system/carbon.git
c/carbon-components,carbon-components,v10.46.0,node,,c/carbon-components/carbon-components_10.46.0_ubuntu_18.sh,https://github.com/carbon-design-system/carbon.git
c/carbon-components,carbon-components,v10.9.1,node,,c/carbon-components/carbon-components_10.9.1_10.7.3_10.5.0_ubuntu_18.04.sh,https://github.com/carbon-design-system/carbon.git
c/carbon-components,carbon-components,10.29.0,node,,c/carbon-components/carbon-components_10.29.0_10.31.0_ubi_8.3.sh,https://github.com/carbon-design-system/carbon.git
c/carbon-components,carbon-components,10.44.2,node,,c/carbon-components/carbon-components_10.44.2_10.45.0_ubi_8.3.sh,https://github.com/carbon-design-system/carbon.git
c/carbon-components,carbon-components,10.46.0,node,,c/carbon-components/carbon-components_10.46.0_ubi8.3.sh,https://github.com/carbon-design-system/carbon.git
c/carbon-components,carbon-components,10.9.1,node,,c/carbon-components/carbon-components_10.9.1_10.7.3_10.5.0_ubi8.3.sh,https://github.com/carbon-design-system/carbon.git
c/carbon-components,carbon-components,8.16.8,node,,c/carbon-components/carbon-components_ubuntu_18.04.sh,https://github.com/IBM/carbon-components
c/catbox,catbox,v10.2.3,node,,c/catbox/catbox_ubi_8.5.sh,https://github.com/hapijs/catbox
c/catbox-memory,catbox-memory,v4.1.1,node,,c/catbox-memory/catbox-memory_ubi_8.5.sh,https://github.com/hapijs/catbox-memory
c/chartjs,chartjs,v2.9.3,node,,c/chartjs/chartjs_ubi_8.5.sh,https://github.com/chartjs/Chart.js.git
c/chartjs,chartjs,2.7.1,node,,c/chartjs/chartjs_rhel_7.4.sh,https://github.com/chartjs/Chart.js.git
c/ci-info,ci-info,v4.0.0,node,,c/ci-info/ci-info_ubi_8.7.sh,https://github.com/watson/ci-info
c/ci-info,ci-info,1.6.0,node,,c/ci-info/ci-info_rhel_8.3.sh,https://github.com/watson/ci-info
c/classnames,classnames,v2.2.6,javascript,,c/classnames/classnames_UBI_8.5.sh,https://github.com/JedWatson/classnames.git
c/classnames,classnames,v2.5.2,node,,c/classnames/classnames_ubi_8.7.sh,https://github.com/JedWatson/classnames.git
c/classnames,classnames,v2.2.5,node,,c/classnames/classnames_rhel_7.4.sh,https://github.com/JedWatson/classnames.git
c/classnames,classnames,2.2.6,node,,c/classnames/classnames_ubuntu_18.04.sh,https://github.com/JedWatson/classnames
c/cli-cursor,cli-cursor,v4.0.0,node,,c/cli-cursor/cli-cursor_ubi_8.7.sh,https://github.com/sindresorhus/cli-cursor
c/cli-cursor,cli-cursor,3.1.0,node,,c/cli-cursor/cli-cursor_rhel_8.3.sh,https://github.com/sindresorhus/cli-cursor
c/cli-table3,cli-table3,v0.5.1,node,,c/cli-table3/cli-table3_ubi8.4.sh,https://github.com/cli-table/cli-table3
c/cliui,cliui,v2.1.0,node,,c/cliui/cliui_ubi_8.5.sh,https://github.com/yargs/cliui
c/cliui,cliui,${1:-,javascript,,c/cliui/cliui_ubi_8_7.sh,https://github.com/yargs/cliui
c/cliui,cliui,7.0.4,node,,c/cliui/cliui_rhel_8.3.sh,https://github.com/yargs/cliui
c/cmd-shim,cmd-shim,v6.0.2,node,,c/cmd-shim/cmd-shim_ubi_8.7.sh,https://github.com/npm/cmd-shim
c/cmd-shim,cmd-shim,3.0.3,node,,c/cmd-shim/cmd-shim_rhel_8.3.sh,https://github.com/npm/cmd-shim
c/cmd-shim,cmd-shim,2.0.2,node,,c/cmd-shim/cmd-shim_ubuntu_18.04.sh,https://github.com/ForbesLindesay/cmd-shim.git
c/codemirror,codemirror,${1:-,javascript,,c/codemirror/codemirror_ubi_8_7.sh,https://github.com/codemirror/codemirror
c/codemirror,codemirror,5.33.1,node,,c/codemirror/codemirror_rhel_7.4.sh,https://github.com/codemirror/CodeMirror
c/codemirror,codemirror,5.33.1,node,,c/codemirror/codemirror_ubuntu_16.04.sh,https://github.com/codemirror/CodeMirror
c/colors.js,colors.js,v1.0.3,node,,c/colors.js/colors.js_ubi_8.4.sh,https://github.com/Marak/colors.js
c/columnify,columnify,1.5.4,node,,c/columnify/columnify_ubi_8.5.sh,https://github.com/timoxley/columnify.git
c/component-emitter,component-emitter,v2.0.0,node,,c/component-emitter/component-emitter_ubi_8.7.sh,https://github.com/sindresorhus/component-emitter
c/component-emitter,component-emitter,1.2.0,node,,c/component-emitter/component-emitter_rhel_8.3.sh,https://github.com/component/emitter
c/console-browserify,console-browserify,v1.2.0,node,,c/console-browserify/console-browserify_ubi_8.5.sh,https://github.com/browserify/console-browserify
c/content,content,v4.1.0,node,,c/content/content_ubi_8.5.sh,https://github.com/hapijs/content
c/couchdb-nano,couchdb-nano,${1:-,node,,c/couchdb-nano/couchdb-nano_ubi_8.5.sh,https://github.com/apache/couchdb-nano
c/cross-spawn,cross-spawn,$1,node,,c/cross-spawn/cross-spawn_ubi_8.5.sh,https://github.com/moxystudio/node-cross-spawn.git
c/cryptiles,cryptiles,b7e97448a8146859a1551e1a9f8eb2c79e125e15,node,,c/cryptiles/cryptiles_ubi_8.5.sh,https://github.com/hapijs/cryptiles
c/css-escape,css-escape,v1.5.1,node,,c/css-escape/css-escape_8.5.sh,https://github.com/mathiasbynens/CSS.escape.git
c/css-select,css-select,v5.1.0,node,,c/css-select/css-select_ubi_8.7.sh,https://github.com/fb55/css-select
c/css-select,css-select,2.1.0,node,,c/css-select/css-select_rhel_8.3.sh,https://github.com/fb55/css-select
c/css-select-base-adapter,css-select-base-adapter,c6f9de8,node,,c/css-select-base-adapter/css-select-base-adapter_ubi_8.5.sh,https://github.com/nrkn/css-select-base-adapter.git
c/csstype,csstype,${1:-,node,,c/csstype/csstype_ubi_8.5.sh,https://github.com/frenic/csstype
c/csstype,csstype,"v2.6.0,v2.6.9",node,,c/csstype/csstype_RHEL7.6.sh,https://github.com/frenic/csstype
c/csv-stringify,csv-stringify,v5.3.6,node,,c/csv-stringify/csv-stringify_ubi_8.5.sh,https://github.com/adaltas/node-csv-stringify
c/csv-stringify,csv-stringify,5.5.3,node,,c/csv-stringify/csv-stringify_rhel_8.3.sh,https://github.com/adaltas/node-csv-stringify
c/cyclist,cyclist,v1.0.2,node,,c/cyclist/cyclist_ubi_8.7.sh,https://github.com/mafintosh/cyclist
c/cyclist,cyclist,1.0.1,node,,c/cyclist/cyclist_rhel_8.3.sh,https://github.com/mafintosh/cyclist
d/d3-array,d3-array,${1:-,javascript,,d/d3-array/d3-array_ubi_8.5.sh,https://github.com/d3/d3-array
d/d3-array,d3-array,v1.2.1,javascript,,d/d3-array/d3-array_rhel_8.3.sh,https://github.com/d3/d3-array
d/d3-axis,d3-axis,${1:-,javascript,,d/d3-axis/d3-axis_ubi_8.5.sh,https://github.com/d3/d3-axis
d/d3-axis,d3-axis,v1.0.8,javascript,,d/d3-axis/d3-axis_rhel_8.3.sh,https://github.com/d3/d3-axis
d/d3-brush,d3-brush,v3.0.0,node,,d/d3-brush/d3-brush_v3.0.0_UBI_8.5.sh,https://github.com/d3/d3-brush
d/d3-brush,d3-brush,1.0.4,node,,d/d3-brush/d3-brush_rhel_8.3.sh,https://github.com/d3/d3-brush
d/d3-color,d3-color,v3.1.0,javascript,,d/d3-color/d3-color_ubi_8.5.sh,https://github.com/d3/d3-color
d/d3-color,d3-color,1.0.3,node,,d/d3-color/d3-color_rhel_8.3.sh,https://github.com/d3/d3-color
d/d3-delaunay,d3-delaunay,v6.0.4,javascript,,d/d3-delaunay/d3-delaunay_ubi_8.5.sh,https://github.com/d3/d3-delaunay.git
d/d3-drag,d3-drag,${1:-,javascript,,d/d3-drag/d3-drag_ubi_8_5.sh,https://github.com/d3/d3-drag
d/d3-drag,d3-drag,1.2.1,node,,d/d3-drag/d3-drag_rhel_8.3.sh,https://github.com/d3/d3-drag
d/d3-ease,d3-ease,v3.0.1,javascript,,d/d3-ease/d3-ease_ubi_8.5.sh,https://github.com/d3/d3-ease
d/d3-ease,d3-ease,1.0.3,node,,d/d3-ease/d3-ease_rhel_8.3.sh,https://github.com/d3/d3-ease
d/d3-format,d3-format,${1:-,javascript,,d/d3-format/d3-format_ubi_8_5.sh,https://github.com/d3/d3-format
d/d3-format,d3-format,1.2.2,node,,d/d3-format/d3-format_rhel_8.3.sh,https://github.com/d3/d3-format
d/d3-hierarchy,d3-hierarchy,${1:-,javascript,,d/d3-hierarchy/d3-hierarchy_ubi_8.5.sh,https://github.com/d3/d3-hierarchy
d/d3-hierarchy,d3-hierarchy,1.1.5,node,,d/d3-hierarchy/d3-hierarchy_rhel_8.3.sh,https://github.com/d3/d3-hierarchy
d/d3-path,d3-path,v3.1.0,javascript,,d/d3-path/d3-path_v3.1.0_UBI_8.5.sh,https://github.com/d3/d3-path
d/d3-path,d3-path,1.0.5,node,,d/d3-path/d3-path_rhel_8.3.sh,https://github.com/d3/d3-path
d/d3-random,d3-random,v3.0.1,javascript,,d/d3-random/d3-random_ubi_8.7.sh,https://github.com/d3/d3-random
d/d3-random,d3-random,1.1.0,node,,d/d3-random/d3-random_rhel_8.3.sh,https://github.com/d3/d3-random
d/d3-scale,d3-scale,${1:-,javascript,,d/d3-scale/d3-scale_ubi_8_5.sh,https://github.com/d3/d3-scale
d/d3-scale,d3-scale,1.0.7,node,,d/d3-scale/d3-scale_rhel_8.3.sh,https://github.com/d3/d3-scale
d/d3-selection,d3-selection,v3.0.0,node,,d/d3-selection/d3-selection_v3.0.0_UBI_8.5.sh,https://github.com/d3/d3-selection
d/d3-selection,d3-selection,1.3.0,node,,d/d3-selection/d3-selection_rhel_8.3.sh,https://github.com/d3/d3-selection
d/d3-time,d3-time,v3.1.0,javascript,,d/d3-time/d3-time_v3.1.0_UBI_8.5.sh,https://github.com/d3/d3-time
d/d3-time,d3-time,1.0.8,node,,d/d3-time/d3-time_rhel_8.3.sh,https://github.com/d3/d3-time
d/d3-time-format,d3-time-format,v4.1.0,node,,d/d3-time-format/d3-time-format_v4.1.0_UBI_8.5.sh,https://github.com/d3/d3-time-format
d/d3-time-format,d3-time-format,2.1.1,node,,d/d3-time-format/d3-time-format_rhel_8.3.sh,https://github.com/d3/d3-time-format
d/d3-transition,d3-transition,v3.0.1,javascript,,d/d3-transition/d3-transition_ubi_8.5.sh,https://github.com/d3/d3-transition.git
d/d3-transition,d3-transition,1.1.1,node,,d/d3-transition/d3-transition_rhel_8.3.sh,https://github.com/d3/d3-transition
d/d3-zoom,d3-zoom,v3.0.0,javascript,,d/d3-zoom/d3-zoom_ubi_8.5.sh,https://github.com/d3/d3-zoom.git
d/d3-zoom,d3-zoom,1.7.1,node,,d/d3-zoom/d3-zoom_rhel_8.3.sh,https://github.com/d3/d3-zoom
d/date-format,date-format,v4.0.14,javascript,,d/date-format/date-format_ubi_8.7.sh,https://github.com/nomiddlename/date-format.git
d/date-format,date-format,1.2.0,node,,d/date-format/date-format_rhel_8.3.sh,https://github.com/nomiddlename/date-format
d/dc-js,dc-js,4.2.7,node,,d/dc-js/dc-js_v4.2.7_ubuntu_18.04.sh,https://github.com/dc-js/dc.js.git
d/dc-js,dc-js,4.2.7,node,,d/dc-js/dc-js_4.2.7_ubi_8.3.sh,https://github.com/dc-js/dc.js.git
d/decamelize-keys,decamelize-keys,v2.0.1,javascript,,d/decamelize-keys/decamelize-keys_ubi_9.3.sh,https://github.com/sindresorhus/decamelize-keys
d/decamelize-keys,decamelize-keys,v1.1.0,node,,d/decamelize-keys/decamelize-keys_rhel_7.6.sh,https://github.com/dsblv/decamelize-keys.git
d/decimal.js,decimal.js,v10.4.3,node,,d/decimal.js/decimal.js_ubi_8.7.sh,https://github.com/MikeMcl/decimal.js
d/decimal.js,decimal.js,10.2.0,node,,d/decimal.js/decimal.js_rhel_8.3.sh,https://github.com/MikeMcl/decimal.js
d/decompress-response,decompress-response,v8.1.0,node,,d/decompress-response/decompress-response_ubi_8.7.sh,https://github.com/sindresorhus/decompress-response
d/decompress-response,decompress-response,6.0.0,node,,d/decompress-response/decompress-response_rhel_8.3.sh,https://github.com/sindresorhus/decompress-response
d/deglob,deglob,master,node,,d/deglob/deglob_ubi_8.5.sh,https://github.com/flet/deglob
d/detect-indent,detect-indent,main,node,,d/detect-indent/detect-indent_ubi_8.5.sh,https://github.com/sindresorhus/detect-indent
d/detect-indent,detect-indent,3.0.1,node,,d/detect-indent/detect-indent_rhel_8.3.sh,https://github.com/sindresorhus/detect-indent
d/devfile-converter,devfile-converter,main,node,,d/devfile-converter/devfile-converter_ubi_8.7.sh,https://github.com/che-incubator/devfile-converter.git
d/dom-testing-library,dom-testing-library,${1:-,node,,d/dom-testing-library/dom-testing-library_ubi_8.5.sh,https://github.com/testing-library/dom-testing-library
d/dom-testing-library,dom-testing-library,v6.10.0,node,,d/dom-testing-library/dom-testing-library_ubi_8.3.sh,https://github.com/testing-library/dom-testing-library.git
d/domelementtype,domelementtype,v2.3.0,node,,d/domelementtype/domelementtype_ubi_8.7.sh,https://github.com/fb55/domelementtype
d/domelementtype,domelementtype,2.2.0,node,,d/domelementtype/domelementtype_rhel_8.3.sh,https://github.com/fb55/domelementtype
d/domhandler,domhandler,v5.0.3,node,,d/domhandler/domhandler_ubi_8.7.sh,https://github.com/fb55/DomHandler
d/dot-prop,dot-prop,v8.0.2,node,,d/dot-prop/dot-prop_ubi_8.7.sh,https://github.com/sindresorhus/dot-prop
d/dot-prop,dot-prop,5.3.0,node,,d/dot-prop/dot-prop_rhel_8.3.sh,https://github.com/sindresorhus/dot-prop
d/dropzone,dropzone,${1:-,node,,d/dropzone/dropzone_ubi_8.5.sh,https://github.com/dropzone/dropzone
d/duration,duration,v0.2.2,node,,d/duration/duration_ubi_8.5.sh,https://github.com/medikoo/duration
d/dustjs-helpers,dustjs-helpers,v1.7.4,node,,d/dustjs-helpers/dustjs-helpers_rhel_8.5.sh,https://github.com/LinkedInAttic/dustjs-helpers
e/engine.io-parser,engine.io-parser,2.1.3,node,,e/engine.io-parser/engine.io-parser_rhel_7.6.sh,https://github.com/socketio/engine.io-parser.git
e/es5-ext,es5-ext,v1.4.0,node,,e/es5-ext/es5-ext_ubi_8.5.sh,https://github.com/medikoo/es5-ext.git
e/es5-ext,es5-ext,0.10.53,node,,e/es5-ext/es5-ext_rhel_8.3.sh,https://github.com/medikoo/es5-ext
e/es6-promise,es6-promise,$1,node,,e/es6-promise/es6-promise_ubi_8.5.sh,https://github.com/stefanpenner/es6-promise.git
e/eslint-plugin-standard,eslint-plugin-standard,v5.0.0,node,,e/eslint-plugin-standard/eslint-plugin-standard_ubi_8.5.sh,https://github.com/standard/eslint-plugin-standard.git
e/eslint-scope,eslint-scope,v5.0.0,node,,e/eslint-scope/eslint-scope_ubi_8.5.sh,https://github.com/eslint/eslint-scope.git
e/eslint-scope,eslint-scope,4.0.3,node,,e/eslint-scope/eslint-scope_rhel_8.3.sh,https://github.com/eslint/eslint-scope
e/esrecurse,esrecurse,v4.3.0,node,,e/esrecurse/esrecurse_ubi_8.5.sh,https://github.com/estools/esrecurse.git
e/event-emitter,event-emitter,${1:-,node,,e/event-emitter/event-emitter_ubi_8.5.sh,https://github.com/medikoo/event-emitter
e/express,express,4.18.2,node,,e/express/express_ubi_8.7.sh,https://github.com/expressjs/express
e/express,express,4.16.2,node,,e/express/express_rhel_7.4.sh,https://github.com/expressjs/express.git
e/express,express,4.16.2,node,,e/express/express_ubuntu_16.04.sh,https://github.com/expressjs/express.git
e/express,express,4.16.3,node,,e/express/express_ubuntu_18.04.sh,https://github.com/expressjs/express
f/fast-deep-equal,fast-deep-equal,v3.1.3,node,,f/fast-deep-equal/fast-deep-equal_rhel_8.5.sh,https://github.com/epoberezkin/fast-deep-equal
f/fast-deep-equal,fast-deep-equal,2.0.1,node,,f/fast-deep-equal/fast-deep-equal_rhel_8.3.sh,https://github.com/epoberezkin/fast-deep-equal
f/fast-glob,fast-glob,3.2.5,node,,f/fast-glob/fast-glob_ubi8.5.sh,https://github.com/mrmlnc/fast-glob
f/fast-glob,fast-glob,${1:-,node,,f/fast-glob/fast-glob_ubi_8.5.sh,https://github.com/mrmlnc/fast-glob
f/fast-json-patch,fast-json-patch,v2.1.0,node,,f/fast-json-patch/fast-json-patch_ubi_8.5.sh,https://github.com/Starcounter-Jack/JSON-Patch.git
f/fast-json-patch,fast-json-patch,3.0.0-1,node,,f/fast-json-patch/fast-json-patch_rhel_8.3.sh,https://github.com/Starcounter-Jack/JSON-Patch
f/fast-url-parser,fast-url-parser,v1.1.3,node,,f/fast-url-parser/fast-url-parser_ubi_8.6.sh,https://github.com/petkaantonov/urlparser.git
f/fecha,fecha,2.3.3,node,,f/fecha/fecha_ubi_8.5.sh,https://github.com/taylorhakes/fecha.git
f/file,file,v1.0.0,node,,f/file/file_ubi_8.5.sh,https://github.com/hapijs/file
f/filehandler,filehandler,v0.4.1,node,,f/filehandler/finalhandler_ubi_8.3.sh,https://github.com/pillarjs/finalhandler.git
f/filehandler,filehandler,1.1.1,node,,f/filehandler/filehandler_ubi8.sh,https://github.com/pillarjs/finalhandler
f/filelist,filelist,${1:-,node,,f/filelist/filelist_ubi_8.5.sh,https://github.com/mde/filelist
f/filename-regex,filename-regex,2.0.1,node,,f/filename-regex/filename-regex_rhel_8.5.sh,https://github.com/regexhq/filename-regex
f/filename-regex,filename-regex,${1:-,node,,f/filename-regex/filename-regex_ubi_8.5.sh,https://github.com/regexhq/filename-regex
f/finalhandler,finalhandler,v1.1.2,node,,f/finalhandler/finalhandler_rhel_8.5.sh,https://github.com/pillarjs/finalhandler
f/finalhandler,finalhandler,v1.2.0,node,,f/finalhandler/finalhandler_ubi_8.7.sh,https://github.com/pillarjs/finalhandler
f/find-my-way,find-my-way,v7.7.0,node,,f/find-my-way/find-my-way_ubi_8.7.sh,https://github.com/delvedor/find-my-way
f/find-my-way,find-my-way,3.0.5,node,,f/find-my-way/find-my-way_rhel_8.3.sh,https://github.com/delvedor/find-my-way
f/flatted,flatted,v3.2.9,node,,f/flatted/flatted_ubi_8.7.sh,https://github.com/WebReflection/flatted
f/flatted,flatted,3.1.0,node,,f/flatted/flatted_rhel_8.3.sh,https://github.com/WebReflection/flatted
f/flux,flux,4.0.1,node,,f/flux/flux_ubi_8.5.sh,https://github.com/facebook/flux.git
f/formatjs,formatjs,v2.2.0,node,,f/formatjs/formatjs_ubi_8.3.sh,https://github.com/formatjs/formatjs.git
f/formula,formula,v1.2.0,node,,f/formula/formula_ubi_8.5.sh,https://github.com/hapijs/formula.git
f/fs-minipass,fs-minipass,v3.0.3,node,,f/fs-minipass/fs-minipass_ubi_8.7.sh,https://github.com/npm/fs-minipass
f/fs-minipass,fs-minipass,2.1.0,node,,f/fs-minipass/fs-minipass_rhel_8.3.sh,https://github.com/npm/fs-minipass
f/fs-readdir-recursive,fs-readdir-recursive,f810b44,node,,f/fs-readdir-recursive/fs-readdir-recursive_ubi_8.5.sh,https://github.com/fs-utils/fs-readdir-recursive.git
f/fs.scandir,fs.scandir,${1:-,node,,f/fs.scandir/fs.scandir_ubi_8.5.sh,https://github.com/nodelib/nodelib
f/fs.stat,fs.stat,${1:-,node,,f/fs.stat/fs.stat_ubi_8.5.sh,https://github.com/nodelib/nodelib
f/fs.walk,fs.walk,${1:-,node,,f/fs.walk/fs.walk_ubi_8.5.sh,https://github.com/nodelib/nodelib
f/fullcalendar,fullcalendar,v6.1.17,javascript,,f/fullcalendar/fullcalendar_v6.1.17_ubi9.3.sh,https://github.com/fullcalendar/fullcalendar.git
g/gaxios,gaxios,v6.1.1,node,,g/gaxios/gaxios_ubi_8.7.sh,https://github.com/googleapis/gaxios
g/gaxios,gaxios,4.2.0,node,,g/gaxios/gaxios_rhel_8.3.sh,https://github.com/googleapis/gaxios
g/gcp-metadata,gcp-metadata,v6.1.0,node,,g/gcp-metadata/gcp-metadata_ubi_8.7.sh,https://github.com/googleapis/gcp-metadata
g/gcp-metadata,gcp-metadata,v6.1.0,node,,g/gcp-metadata/gcp-metadata_ubi_9.3.sh,https://github.com/googleapis/gcp-metadata
g/gcp-metadata,gcp-metadata,4.2.1,node,,g/gcp-metadata/gcp-metadata_rhel_8.3.sh,https://github.com/googleapis/gcp-metadata
g/gdsmith_jquery.easing,gdsmith_jquery.easing,c05e039,node,,g/gdsmith_jquery.easing/gdsmith_jquery.easing_ubi_8.5.sh,https://github.com/gdsmith/jquery.easing
g/get-intrinsic,get-intrinsic,0972547efd0abc863fe4c445a6ca7eb4f8c6901d,node,,g/get-intrinsic/get-intrinsic_ubi_8.5.sh,https://github.com/ljharb/get-intrinsic.git
g/get-stream,get-stream,v6.0.1,node,,g/get-stream/get-stream_ubi_8.5.sh,https://github.com/sindresorhus/get-stream.git
g/get-stream,get-stream,5.2.0,node,,g/get-stream/get-stream_rhel_8.3.sh,https://github.com/sindresorhus/get-stream
g/getobject,getobject,v1.0.0,node,,g/getobject/getobject_ubi_8.5.sh,https://github.com/cowboy/node-getobject
g/gh-got,gh-got,main,node,,g/gh-got/gh-got_ubi_8.5.sh,https://github.com/sindresorhus/gh-got.git
g/github-username,github-username,v6.0.0,node,,g/github-username/github-username_ubi_8.5.sh,https://github.com/sindresorhus/github-username.git
g/globals,globals,v13.22.0,node,,g/globals/globals_ubi_8.7.sh,https://github.com/sindresorhus/globals
g/globals,globals,12.3.0,node,,g/globals/globals_rhel_8.3.sh,https://github.com/sindresorhus/globals
g/google-libphonenumber,google-libphonenumber,v3.2.38,javascript,,g/google-libphonenumber/google-libphonenumber_ubi_9.3.sh,https://github.com/ruimarinho/google-libphonenumber
g/graphiql,graphiql,@graphiql/react@0.22.0,node,,g/graphiql/graphiql_ubi_9.3.sh,https://github.com/graphql/graphiql
g/graphql-language-service,graphql-language-service,graphql-language-service@3.1.4,node,,g/graphql-language-service/graphql-language-service_ubi_8.5.sh,https://github.com/graphql/graphiql
g/grunt-legacy-log,grunt-legacy-log,331a476,node,,g/grunt-legacy-log/grunt-legacy-log-utils_ubi_8.5.sh,https://github.com/gruntjs/grunt-legacy-log-utils.git
g/grunt-legacy-log,grunt-legacy-log,3.0.0,node,,g/grunt-legacy-log/grunt-legacy-log_rhel_8.3.sh,https://github.com/gruntjs/grunt-legacy-log
g/grunt-legacy-util,grunt-legacy-util,v2.0.0,node,,g/grunt-legacy-util/grunt-legacy-util_ubi_8.5.sh,https://github.com/gruntjs/grunt-legacy-util.git
g/grunt-legacy-util,grunt-legacy-util,2.0.0,node,,g/grunt-legacy-util/grunt-legacy-util_rhel_8.3.sh,https://github.com/gruntjs/grunt-legacy-util
g/gulp-header,gulp-header,111ec87,node,,g/gulp-header/gulp-header_ubi_8.5.sh,https://github.com/gulp-community/gulp-header.git
h/h2o2,h2o2,v8.3.2,node,,h/h2o2/h2o2_ubi_8.5.sh,https://github.com/hapijs/h2o2
h/handle-thing,handle-thing,v2.0.1,node,,h/handle-thing/handle-thing_ubi_8.5.sh,https://github.com/spdy-http2/handle-thing.git
h/hard-source-webpack-plugin,hard-source-webpack-plugin,v0.13.1,node,,h/hard-source-webpack-plugin/hard-source-webpack-plugin_ubi_8.5.sh,https://github.com/mzgoddard/hard-source-webpack-plugin
h/heavy,heavy,v6.2.2,node,,h/heavy/heavy_ubi_8.5.sh,https://github.com/hapijs/heavy
h/highlight.js,highlight.js,9.12.0,node,,h/highlight.js/highlight.js_9.12.0_9.13.1_ubi_8.4.sh,https://github.com/highlightjs/highlight.js
h/highlight.js,highlight.js,10.7.2,node,,h/highlight.js/highlight.js_ubi_8.5.sh,https://github.com/highlightjs/highlight.js
h/hosted-git-info,hosted-git-info,v7.0.1,node,,h/hosted-git-info/hosted-git-info_ubi_8.7.sh,https://github.com/npm/hosted-git-info
h/hosted-git-info,hosted-git-info,2.8.9,node,,h/hosted-git-info/hosted-git-info_rhel_8.3.sh,https://github.com/npm/hosted-git-info
h/hoverIntent,hoverIntent,v1.9.0,node,,h/hoverIntent/hoverIntent_ubi8.5.sh,https://github.com/briancherne/jquery-hoverIntent
h/http2-client,http2-client,v1.3.3,node,,h/http2-client/http2-client_ubi_8.3.sh,https://github.com/hisco/http2-client
h/httpsnippet,httpsnippet,1.25.0,node,,h/httpsnippet/httpsnippet_rhel_8.3.sh,https://github.com/Mashape/httpsnippet
i/i18next-xhr-backend,i18next-xhr-backend,v3.2.2,node,,i/i18next-xhr-backend/i18next-xhr-backend_ubi_8.5.sh,https://github.com/i18next/i18next-xhr-backend.git
i/import-local,import-local,v3.0.2,node,,i/import-local/import-local_ubi_8.5.sh,https://github.com/sindresorhus/import-local.git
i/insert-line,insert-line,1.1.0,node,,i/insert-line/insert-line_ubi_8.5.sh,https://github.com/hacksparrow/insert-line.git
i/interpret,interpret,${1:-,node,,i/interpret/interpret_ubi_8.5.sh,https://github.com/gulpjs/interpret
i/interpret,interpret,1.4.0,node,,i/interpret/interpret_rhel_8.3.sh,https://github.com/gulpjs/interpret
i/invariant,invariant,v2.2.4,node,,i/invariant/invariant_ubi_8.5.sh,https://github.com/zertosh/invariant.git
i/invariant,invariant,v2.2.4,node,,i/invariant/invariant_ubuntu_18.04.sh,https://github.com/zertosh/invariant
i/iron,iron,62e00b64bd405a2c8bc773328774da9f7cc92d3c,node,,i/iron/iron_ubi_8.5.sh,https://github.com/hueniverse/iron
i/is-boolean-object,is-boolean-object,v1.1.1,node,,i/is-boolean-object/is-boolean-object_ubi_8.5.sh,https://github.com/inspect-js/is-boolean-object
i/is-fullwidth-code-point,is-fullwidth-code-point,v5.0.0,node,,i/is-fullwidth-code-point/is-fullwidth-code-point_ubi_8.7.sh,https://github.com/sindresorhus/is-fullwidth-code-point
i/is-fullwidth-code-point,is-fullwidth-code-point,3.0.0,node,,i/is-fullwidth-code-point/is-fullwidth-code-point_rhel_8.3.sh,https://github.com/sindresorhus/is-fullwidth-code-point
i/is-natural-number,is-natural-number,ee904d17384c85f5ed94c1294afd3cfb4ab48bdc,node,,i/is-natural-number/is-natural-number_ubi_8.5.sh,https://github.com/shinnn/is-natural-number.js
i/is-plain-object,is-plain-object,2.0.4,node,,i/is-plain-object/is-plain-object_ubi_8.4.sh,https://github.com/jonschlinkert/is-plain-object.git
i/is-weakmap,is-weakmap,v2.0.1,node,,i/is-weakmap/is-weakmap.sh,https://github.com/inspect-js/is-weakmap
i/is-weakset,is-weakset,v2.0.1,node,,i/is-weakset/is-weakset.sh,https://github.com/inspect-js/is-weakset
i/isarray,isarray,v2.0.5,node,,i/isarray/isarray_ubi_8.5.sh,https://github.com/juliangruber/isarray.git
i/isarray,isarray,1.0.0,node,,i/isarray/isarray_rhel_8.3.sh,https://github.com/juliangruber/isarray
i/isemail,isemail,229def1,node,,i/isemail/isemail_ubi_8.5.sh,https://github.com/skeggse/isemail.git
i/isomorphic-form-data,isomorphic-form-data,v2.0.0,node,,i/isomorphic-form-data/isomorphic-form-data.sh,https://github.com/form-data/isomorphic-form-data
i/istanbuljs,istanbuljs,istanbul-lib-coverage@3.0.0,node,,i/istanbuljs/istanbul-lib-coverage_ubi_8.3.sh,https://github.com/istanbuljs/istanbuljs
i/istanbuljs,istanbuljs,istanbul-lib-instrument-v5.1.0,node,,i/istanbuljs/istanbul-lib-instrument_ubi_8.3.sh,https://github.com/istanbuljs/istanbuljs
i/lru-queue,lru-queue,v0.1.0,node,,i/lru-queue/lru-queue_ubi_8.5.sh,https://github.com/medikoo/lru-queue.git
j/javascript-hooker,javascript-hooker,4b49d9e,node,,j/javascript-hooker/javascript-hooker_ubi_8.5.sh,https://github.com/cowboy/javascript-hooker.git
j/joi,joi,v15.1.1,node,,j/joi/joi_ubi_8.5.sh,https://github.com/sideway/joi.git
j/jquery,jquery,3.6.0,node,,j/jquery/jquery_v3.4.0_v3.4.1_v3.5.1_v3.6.0_ubuntu_18.04.sh,https://github.com/jquery/jquery.git
j/jquery,jquery,3.7.1,javascript,,j/jquery/jquery_v3.7.1_ubi_9.5.sh,https://github.com/jquery/jquery.git
j/jquery,jquery,2.2.4,node,,j/jquery/jquery_rhel_8.3.sh,https://github.com/jquery/jquery
j/jquery,jquery,3.5.1,node,,j/jquery/jquery_3.4.0_3.4.1_3.5.1_ubi_8.3.sh,https://github.com/jquery/jquery.git
j/jquery,jquery,3.6.0,node,,j/jquery/jquery_3.6.0_ubi_8.3.sh,https://github.com/jquery/jquery.git
j/jquery,jquery,3.4.0,node,,j/jquery/jquery_ubi_8.0.sh,https://github.com/jquery/jquery
j/jquery-bar-rating,jquery-bar-rating,v1.2.2,node,,j/jquery-bar-rating/jquery-bar-rating_ubi_8.5.sh,https://github.com/antennaio/jquery-bar-rating.git
j/jquery-labelauty,jquery-labelauty,v1.1.4,node,,j/jquery-labelauty/jquery-labelauty_v1.1.4_ubi8.5.sh,https://github.com/fntneves/jquery-labelauty
j/jquery-mousewheel,jquery-mousewheel,3.1.11,node,,j/jquery-mousewheel/jquery-mousewheel_ubi_8.sh,https://github.com/jquery/jquery-mousewheel.git
j/jquery-ui,jquery-ui,${1:-,javascript,,j/jquery-ui/jquery-ui_ubi_8_7.sh,https://github.com/jquery/jquery-ui
j/jquery-ui,jquery-ui,1.14.1,javascript,,j/jquery-ui/jquery-ui_v1.14.1_ubi_9.5.sh,https://github.com/jquery/jquery-ui
j/jquery-ui,jquery-ui,1.12.1,node,,j/jquery-ui/jquery-ui_ubuntu_18.04.sh,https://github.com/jquery/jquery-ui
j/jquery.i18n,jquery.i18n,v1.0.7,node,,j/jquery.i18n/jquery.i18n_v1.0.7_ubuntu_18.04.sh,https://github.com/wikimedia/jquery.i18n.git
j/jquery.i18n,jquery.i18n,master,node,,j/jquery.i18n/jquery.i18n-master_ubi8.3.sh,https://github.com/wikimedia/jquery.i18n.git
j/js-tokens,js-tokens,v8.0.2,node,,j/js-tokens/js-tokens_ubi_8.7.sh,https://github.com/lydell/js-tokens
j/js-tokens,js-tokens,4.0.0,node,,j/js-tokens/js-tokens_ubuntu_18.04.sh,https://github.com/lydell/js-tokens
j/js-yaml,js-yaml,4.1.0,node,,j/js-yaml/js-yaml_ubi_8.7.sh,https://github.com/nodeca/js-yaml
j/js-yaml,js-yaml,4.0.0,node,,j/js-yaml/js-yaml_rhel_8.3.sh,https://github.com/nodeca/js-yaml
j/jsbn,jsbn,v1.1.0,node,,j/jsbn/jsbn_ubi_8.5.sh,https://github.com/andyperlitch/jsbn
j/jsbn,jsbn,master,node,,j/jsbn/jsbn_ubi_8.sh,https://github.com/andyperlitch/jsbn
j/jsdiff,jsdiff,v4.0.1,node,,j/jsdiff/jsdiff_ubi_8.5.sh,https://github.com/kpdecker/jsdiff
j/jsdom,jsdom,24.0.0,javascript,,j/jsdom/jsdom_ubi_8.7.sh,https://github.com/jsdom/jsdom
j/jsdom,jsdom,9.11.0,node,,j/jsdom/jsdom_rhel_7.6.sh,https://github.com/jsdom/jsdom.git
j/jsep,jsep,${1:-,javascript,,j/jsep/jsep_ubi_8_7.sh,https://github.com/EricSmekens/jsep
j/json-schema-faker,json-schema-faker,v0.5.0-rcv.40,javascript,,j/json-schema-faker/json-schema-faker_ubi_8.3.sh,https://github.com/json-schema-faker/json-schema-faker
j/jsonfile-updater,jsonfile-updater,2.1.0,node,,j/jsonfile-updater/jsonfile-updater_ubi_8.5.sh,https://github.com/hacksparrow/jsonfile-updater.git
j/jsonfile-updater,jsonfile-updater,3.1.0,node,,j/jsonfile-updater/jsonfile-updater_rhel_8.3.sh,https://github.com/hacksparrow/jsonfile-updater
j/jss-plugin-camel-case,jss-plugin-camel-case,v10.9.0,node,,j/jss-plugin-camel-case/jss-plugin-camel-case_ubi_8.5.sh,https://github.com/cssinjs/jss
j/jss-plugin-compose,jss-plugin-compose,v10.9.0,node,,j/jss-plugin-compose/jss-plugin-compose_ubi_8.5.sh,https://github.com/cssinjs/jss
j/jss-plugin-default-unit,jss-plugin-default-unit,v10.9.0,node,,j/jss-plugin-default-unit/jss-plugin-default-unit_ubi_8.5.sh,https://github.com/cssinjs/jss
j/jss-plugin-global,jss-plugin-global,v10.9.0,node,,j/jss-plugin-global/jss-plugin-global_ubi8.5.sh,https://github.com/cssinjs/jss
j/jss-plugin-nested,jss-plugin-nested,v10.9.0,node,,j/jss-plugin-nested/jss-plugin-nested_ubi_8.5.sh,https://github.com/cssinjs/jss
j/jss-plugin-props-sort,jss-plugin-props-sort,v10.9.0,node,,j/jss-plugin-props-sort/jss-plugin-props-sort-ubi_8.5.sh,https://github.com/cssinjs/jss
j/jss-plugin-template,jss-plugin-template,v10.9.0,node,,j/jss-plugin-template/jss-plugin-template_ubi_8.5.sh,https://github.com/cssinjs/jss
j/jss-plugin-vendor-prefixer,jss-plugin-vendor-prefixer,v10.9.0,node,,j/jss-plugin-vendor-prefixer/jss-plugin-vendor-prefixer_ubi_8.5.sh,https://github.com/cssinjs/jss
j/jstransformer,jstransformer,1.0.0,node,,j/jstransformer/jstransformer_ubi_8.3.sh,https://github.com/jstransformers/jstransformer.git
j/junk,junk,v4.0.1,node,,j/junk/junk_ubi_8.7.sh,https://github.com/sindresorhus/junk
j/junk,junk,3.0.0,node,,j/junk/junk_rhel_8.3.sh,https://github.com/sindresorhus/junk
k/keyv,keyv,${1:-,node,,k/keyv/keyv_ubi_8.5.sh,https://github.com/lukechilds/keyv
l/leaflet,leaflet,${1:-,javascript,,l/leaflet/leaflet_ubi_8_7.sh,https://github.com/Leaflet/Leaflet
l/less-loader,less-loader,3203eb7,node,,l/less-loader/less-loader_ubi_8.5.sh,https://github.com/webpack-contrib/less-loader.git
l/libqp,libqp,v1.1.0,node,,l/libqp/libqp_ubi_8.5.sh,https://github.com/nodemailer/libqp.git
l/log-symbols,log-symbols,v6.0.0,node,,l/log-symbols/log-symbols_ubi_8.7.sh,https://github.com/sindresorhus/log-symbols
l/log-symbols,log-symbols,4.0.0,node,,l/log-symbols/log-symbols_rhel_8.3.sh,https://github.com/sindresorhus/log-symbols
l/logform,logform,v2.6.0,node,,l/logform/logform_ubi_8.7.sh,https://github.com/winstonjs/logform
l/logform,logform,2.2.0,node,,l/logform/logform_rhel_8.3.sh,https://github.com/winstonjs/logform
l/loopback-api-definition,loopback-api-definition,v3.2.0,node,,l/loopback-api-definition/loopback-api-definition_ubi_8.5.sh,https://github.com/strongloop/loopback-api-definition.git
l/loopback-connector-rest,loopback-connector-rest,v5.0.0,node,,l/loopback-connector-rest/loopback-connector-rest_ubi_8.7.sh,https://github.com/loopbackio/loopback-connector-rest
l/loopback-connector-rest,loopback-connector-rest,2.1.0,node,,l/loopback-connector-rest/loopback-connector-rest_ubuntu_16.04.sh,https://github.com/strongloop/loopback-connector-rest.git
l/loopback-connector-soap,loopback-connector-soap,v8.0.2,node,,l/loopback-connector-soap/loopback-connector-soap_ubi_8.7.sh,https://github.com/loopbackio/loopback-connector-soap
l/loopback-connector-soap,loopback-connector-soap,4.0.0,node,,l/loopback-connector-soap/loopback-connector-soap_ubuntu_16.04.sh,https://github.com/strongloop/loopback-connector-soap.git
m/make-dir,make-dir,v4.0.0,node,,m/make-dir/make-dir_ubi_8.7.sh,https://github.com/sindresorhus/make-dir
m/make-dir,make-dir,3.1.0,node,,m/make-dir/make-dir_rhel_8.3.sh,https://github.com/sindresorhus/make-dir
m/make-fetch-happen,make-fetch-happen,v13.0.0,node,,m/make-fetch-happen/make-fetch-happen_ubi_8.7.sh,https://github.com/npm/make-fetch-happen
m/make-fetch-happen,make-fetch-happen,5.0.2,node,,m/make-fetch-happen/make-fetch-happen_rhel_8.3.sh,https://github.com/npm/make-fetch-happen
m/map-cache,map-cache,0.2.2,node,,m/map-cache/map-cache_ubi_8.3.sh,https://github.com/jonschlinkert/map-cache.git
m/markdown-it,markdown-it,14.1.0,javascript,,m/markdown-it/markdown-it_ubi_8.7.sh,https://github.com/markdown-it/markdown-it
m/markdown-it,markdown-it,8.4.2,node,,m/markdown-it/markdown-it_rhel_8.3.sh,https://github.com/markdown-it/markdown-it
m/marked-terminal,marked-terminal,v4.1.0,node,,m/marked-terminal/marked-terminal_ubi_8.5.sh,https://github.com/mikaelbr/marked-terminal.git
m/mdast-add-list-metadata,mdast-add-list-metadata,1.1.0,node,,m/mdast-add-list-metadata/mdast-add-list-metadata_ubi_8.5.sh,https://gitlab.com/staltz/mdast-add-list-metadata.git
m/merge-deep,merge-deep,3.0.3,node,,m/merge-deep/merge-deep_ubi_8.5.sh,https://github.com/jonschlinkert/merge-deep.git
m/meta-types,meta-types,v2.0.0,javascript,,m/meta-types/meta-types_ubi_9.3.sh,https://github.com/grantila/meta-types
m/mime-db,mime-db,v1.52.0,node,,m/mime-db/mime-db_ubi_8.7.sh,https://github.com/jshttp/mime-db
m/mime-db,mime-db,1.45.0,node,,m/mime-db/mime-db_rhel_8.3.sh,https://github.com/jshttp/mime-db
m/mime-types,mime-types,${1:-,javascript,,m/mime-types/mime-types_ubi_8_7.sh,https://github.com/jshttp/mime-types
m/mimos,mimos,v4.1.1,node,,m/mimos/mimos_ubi_8.5.sh,https://github.com/hapijs/mimos.git
m/minimatch,minimatch,v9.0.3,node,,m/minimatch/minimatch_ubi_8.7.sh,https://github.com/isaacs/minimatch
m/minimatch,minimatch,3.0.3,node,,m/minimatch/minimatch_rhel_8.3.sh,https://github.com/isaacs/minimatch
m/minipass-flush,minipass-flush,main,node,,m/minipass-flush/minipass-flush_ubi_9.3.sh,https://github.com/isaacs/minipass-flush
m/minipass-flush,minipass-flush,1.0.5,node,,m/minipass-flush/minipass-flush_rhel_8.3.sh,https://github.com/isaacs/minipass-flush
m/mock-req,mock-req,master,node,,m/mock-req/mock-req_ubi_8.5.sh.sh,https://github.com/diachedelic/mock-req
m/moleculer,moleculer,v0.14.34,javascript,,m/moleculer/moleculer_ubi_9.3.sh,https://github.com/moleculerjs/moleculer
m/mute-stream,mute-stream,v1.0.0,node,,m/mute-stream/mute-stream_ubi_8.7.sh,https://github.com/npm/mute-stream
m/mute-stream,mute-stream,0.0.8,node,,m/mute-stream/mute-stream_rhel_8.3.sh,https://github.com/isaacs/mute-stream
n/native-promise-only,native-promise-only,0.8.0-a,node,,n/native-promise-only/native-promise-only_ubi_8.3.sh,https://github.com/getify/native-promise-only.git
n/negotiator,negotiator,0.6.3,node,,n/negotiator/negotiator_ubi_8.7.sh,https://github.com/jshttp/negotiator
n/negotiator,negotiator,0.6.1,node,,n/negotiator/negotiator_rhel_8.3.sh,https://github.com/jshttp/negotiator
n/next-tick,next-tick,fe7d65b,node,,n/next-tick/next-tick_ubi_8.5.sh,https://github.com/medikoo/next-tick.git
n/next-tick,next-tick,1.1.0,node,,n/next-tick/next-tick_rhel_8.3.sh,https://github.com/medikoo/next-tick
n/ng-resize,ng-resize,3909f67,node,,n/ng-resize/ng-resize_ubi_8.5.sh,https://github.com/danmasta/ng-resize.git
n/nigel,nigel,v3.1.1,node,,n/nigel/nigel_ubi_8.5.sh,https://github.com/hapijs/nigel.git
n/node-backoff,node-backoff,v2.5.0,node,,n/node-backoff/node-backoff_ubi_8.5.sh,https://github.com/MathieuTurcotte/node-backoff.git
n/node-canvas,node-canvas,v2.11.2,javascript,,n/node-canvas/node-canvas_ubi_8.7.sh,https://github.com/Automattic/node-canvas
n/node-cross-spawn,node-cross-spawn,v6.0.5,node,,n/node-cross-spawn/node-cross-spawn_ubi_8.4.sh,https://github.com/moxystudio/node-cross-spawn
n/node-fd-slicer,node-fd-slicer,1.1.0,node,,n/node-fd-slicer/node-fd-slicer_ubi_8.5.sh,https://github.com/andrewrk/node-fd-slicer.git
n/node-fetch-h2,node-fetch-h2,v2.3.0,node,,n/node-fetch-h2/node-fetch-h2_ubi_8.5.sh,https://github.com/MikeRalphson/node-fetch-h2.git
n/node-fetch-npm,node-fetch-npm,${1:-,node,,n/node-fetch-npm/node-fetch-npm_ubi_8.5.sh,https://github.com/npm/node-fetch-npm
n/node-getobject,node-getobject,84c746c,node,,n/node-getobject/node-getobject_ubi_8.5.sh,https://github.com/cowboy/node-getobject.git
n/node-glob,node-glob,af57da21c7722bb6edb687ccd4ad3b99d3e7a333,node,,n/node-glob/node-glob_ubi_8.5.sh,https://github.com/isaacs/node-glob
n/node-https-proxy-agent,node-https-proxy-agent,2.2.4,node,,n/node-https-proxy-agent/node-https-proxy-agent_ubi_8.5.sh,https://github.com/TooTallNate/node-https-proxy-agent.git
n/node-pg-types,node-pg-types,e018c05,node,,n/node-pg-types/node-pg-types_ubi_8.5.sh,https://github.com/brianc/node-pg-types.git
n/node-red,node-red,3.0.2,nodejs,,n/node-red/node-red_ubi_8.5.sh,https://github.com/node-red/node-red.git
n/node-sass,node-sass,v4.14.1,node,,n/node-sass/node_sass_4.14.1_ubuntu_18.04.sh,https://github.com/sass/node-sass.git
n/node-sass,node-sass,v8.0.0,node,,n/node-sass/node-sass_v8.0.0_ubi_8.7.sh,https://github.com/sass/node-sass.git
n/node-sass,node-sass,v4.14.1,node,,n/node-sass/node-sass-v4.14.1_UBI_8.4.sh,https://github.com/sass/node-sass.git
n/node-semver,node-semver,v5.0.0,node,,n/node-semver/node-semver_ubi_8.5.sh,https://github.com/npm/node-semver.git
n/node-socks-proxy-agent,node-socks-proxy-agent,6.0.0,node,,n/node-socks-proxy-agent/node-socks-proxy-agent_ubi_8.5.sh,https://github.com/TooTallNate/node-socks-proxy-agent
n/node-spdy,node-spdy,661b14a,node,,n/node-spdy/node-spdy_ubi_8.5.sh,https://github.com/spdy-http2/node-spdy.git
n/node-stack-trace,node-stack-trace,v0.0.10,node,,n/node-stack-trace/node-stack-trace_ubi_8.4.sh,https://github.com/felixge/node-stack-trace
n/node-stream-transform,node-stream-transform,v2.0.1,node,,n/node-stream-transform/node-stream-transform_ubi_8.5.sh,https://github.com/adaltas/node-stream-transform.git
n/node-xml-encryption,node-xml-encryption,v2.0.0,javascript,,n/node-xml-encryption/node-xml-encryption_ubi_9.3.sh,https://github.com/auth0/node-xml-encryption
n/node-xml2js,node-xml2js,7bc3c5d,node,,n/node-xml2js/node-xml2js_ubi_8.5.sh,https://github.com/Leonidas-from-XIV/node-xml2js.git
n/nodejs-walker,nodejs-walker,master,node,,n/nodejs-walker/nodejs-walker_ubi_8.4.sh,https://github.com/daaku/nodejs-walker
n/nopt,nopt,v7.2.0,node,,n/nopt/nopt_ubi_8.7.sh,https://github.com/npm/nopt
n/nopt,nopt,2.1.2,node,,n/nopt/nopt_rhel_8.3.sh,https://github.com/npm/nopt
n/normalize-package-data,normalize-package-data,v6.0.0,node,,n/normalize-package-data/normalize-package-data_ubi_8.7.sh,https://github.com/npm/normalize-package-data
n/normalize-package-data,normalize-package-data,2.5.0,node,,n/normalize-package-data/normalize-package-data_rhel_8.3.sh,https://github.com/npm/normalize-package-data
n/normalize-url,normalize-url,v6.1.0,node,,n/normalize-url/normalize-url_ubi_8.5.sh,https://github.com/sindresorhus/normalize-url
n/npm-audit-report,npm-audit-report,v5.0.0,node,,n/npm-audit-report/npm-audit-report_ubi_8.7.sh,https://github.com/npm/npm-audit-report
n/npm-audit-report,npm-audit-report,1.3.3,node,,n/npm-audit-report/npm-audit-report_rhel_8.3.sh,https://github.com/npm/npm-audit-report
n/npm-bundled,npm-bundled,v3.0.0,node,,n/npm-bundled/npm-bundled_ubi_8.7.sh,https://github.com/npm/npm-bundled
n/npm-bundled,npm-bundled,1.0.3,node,,n/npm-bundled/npm-bundled_rhel_8.3.sh,https://github.com/npm/npm-bundled
n/npm-install-checks,npm-install-checks,v6.3.0,node,,n/npm-install-checks/npm-install-checks_ubi_8.7.sh,https://github.com/npm/npm-install-checks
n/npm-install-checks,npm-install-checks,3.0.0,node,,n/npm-install-checks/npm-install-checks_rhel_8.3.sh,https://github.com/npm/npm-install-checks
n/npm-normalize-package-bin,npm-normalize-package-bin,v3.0.1,node,,n/npm-normalize-package-bin/npm-normalize-package-bin_ubi_8.7.sh,https://github.com/npm/npm-normalize-package-bin
n/npm-normalize-package-bin,npm-normalize-package-bin,1.0.1,node,,n/npm-normalize-package-bin/npm-normalize-package-bin_rhel_8.3.sh,https://github.com/npm/npm-normalize-package-bin
n/npm-package-arg,npm-package-arg,v11.0.1,node,,n/npm-package-arg/npm-package-arg_ubi_8.7.sh,https://github.com/npm/npm-package-arg
n/npm-package-arg,npm-package-arg,6.0.0,node,,n/npm-package-arg/npm-package-arg_rhel_8.3.sh,https://github.com/npm/npm-package-arg
n/npm-profile,npm-profile,v9.0.0,node,,n/npm-profile/npm-profile_ubi_8.7.sh,https://github.com/npm/npm-profile
n/npm-profile,npm-profile,4.0.4,node,,n/npm-profile/npm-profile_rhel_8.3.sh,https://github.com/npm/npm-profile
n/npm-registry-fetch,npm-registry-fetch,v16.1.0,node,,n/npm-registry-fetch/npm-registry-fetch_ubi_8.7.sh,https://github.com/npm/npm-registry-fetch
n/npm-registry-fetch,npm-registry-fetch,4.0.7,node,,n/npm-registry-fetch/npm-registry-fetch_rhel_8.3.sh,https://github.com/npm/npm-registry-fetch
n/npm-user-validate,npm-user-validate,v2.0.0,node,,n/npm-user-validate/npm-user-validate_ubi_8.7.sh,https://github.com/npm/npm-user-validate
n/npm-user-validate,npm-user-validate,1.0.1,node,,n/npm-user-validate/npm-user-validate_rhel_8.3.sh,https://github.com/npm/npm-user-validate
n/npmlog,npmlog,v7.0.1,node,,n/npmlog/npmlog_ubi_8.7.sh,https://github.com/npm/npmlog
n/npmlog,npmlog,4.0.0,node,,n/npmlog/npmlog_rhel_8.3.sh,https://github.com/npm/npmlog
n/nyc,nyc,v15.1.0,node,,n/nyc/nyc_ubi_8.5.sh,https://github.com/istanbuljs/nyc.git
n/nyc,nyc,14.1.1,node,,n/nyc/nyc_rhel_8.3.sh,https://github.com/istanbuljs/nyc
o/oas-kit,oas-kit,v5.0.0,node,,o/oas-kit/oas-kit.sh,https://github.com/Mermade/oas-kit
o/object-inspect,object-inspect,v1.10.3,node,,o/object-inspect/object-inspect_ubi_8.7.sh,https://github.com/inspect-js/object-inspect
o/object-inspect,object-inspect,1.10.2,node,,o/object-inspect/object-inspect_rhel_8.3.sh,https://github.com/inspect-js/object-inspect
o/object-unfreeze,object-unfreeze,091a7b9,node,,o/object-unfreeze/object-unfreeze_ubi_8.3.sh,https://github.com/gajus/object-unfreeze.git
o/object.assign,object.assign,v4.1.1,node,,o/object.assign/object.assign_ubi_8.5.sh,https://github.com/ljharb/object.assign.git
o/oclif-plugin-help,oclif-plugin-help,v3.1.0,node,,o/oclif-plugin-help/oclif-plugin-help_ubi_8.3.sh,https://github.com/oclif/plugin-help.git
o/once,once,1.1.2,node,,o/once/once_ubi_8.5.sh,https://github.com/TooTallNate/once/
o/once,once,1.3.3,node,,o/once/once_rhel_8.3.sh,https://github.com/isaacs/once
o/onetime,onetime,v7.0.0,node,,o/onetime/onetime_ubi_8.7.sh,https://github.com/sindresorhus/onetime
o/onetime,onetime,5.1.2,node,,o/onetime/onetime_rhel_8.3.sh,https://github.com/sindresorhus/onetime
o/open,open,v8.2.1,node,,o/open/open_ubi_8.5.sh,https://github.com/sindresorhus/open.git
o/open,open,7.4.2,node,,o/open/open_rhel_8.3.sh,https://github.com/sindresorhus/open
o/openlayers,openlayers,v5.2.0,node,,o/openlayers/openlayers_5.2.0_ubi_8.5.sh,https://github.com/openlayers/openlayers.git
o/opentelemetry-js,opentelemetry-js,${1:-,node,,o/opentelemetry-js/opentelemetry-js_ubi_8.5.sh,https://github.com/open-telemetry/opentelemetry-js
o/opentelemetry-js-api,opentelemetry-js-api,${1:-,node,,o/opentelemetry-js-api/opentelemetry-js-api_ubi_8.5.sh,https://github.com/open-telemetry/opentelemetry-js-api
o/original,original,1.0.2,node,,o/original/original_ubi_8.7.sh,https://github.com/unshiftio/original
o/original,original,1.0.2,node,,o/original/original_rhel_8.3.sh,https://github.com/unshiftio/original
p/p-event,p-event,v6.0.0,node,,p/p-event/p-event_ubi_8.7.sh,https://github.com/sindresorhus/p-event
p/p-event,p-event,4.2.0,node,,p/p-event/p-event_rhel_8.3.sh,https://github.com/sindresorhus/p-event
p/p-limit,p-limit,v5.0.0,node,,p/p-limit/p-limit_ubi_8.7.sh,https://github.com/sindresorhus/p-limit
p/p-limit,p-limit,3.0.2,node,,p/p-limit/p-limit_rhel_8.3.sh,https://github.com/sindresorhus/p-limit
p/p-timeout,p-timeout,v6.1.2,node,,p/p-timeout/p-timeout_ubi_8.7.sh,https://github.com/sindresorhus/p-timeout
p/p-timeout,p-timeout,3.2.0,node,,p/p-timeout/p-timeout_rhel_8.3.sh,https://github.com/sindresorhus/p-timeout
p/package-json,package-json,v4.0.1,node,,p/package-json/package-json_ubi_8.5.sh,https://github.com/sindresorhus/package-json
p/parse-json,parse-json,v7.1.0,node,,p/parse-json/parse-json_ubi_8.7.sh,https://github.com/sindresorhus/parse-json
p/parse-json,parse-json,5.2.0,node,,p/parse-json/parse-json_rhel_8.3.sh,https://github.com/sindresorhus/parse-json
p/parse5,parse5,v7.1.2,node,,p/parse5/parse5_ubi_8.7.sh,https://github.com/inikulin/parse5
p/parse5,parse5,v3.0.2,node,,p/parse5/parse5_rhel_7.3.sh,https://github.com/inikulin/parse5
p/parse5,parse5,v3.0.2,node,,p/parse5/parse5_ubuntu_16.04.sh,https://github.com/inikulin/parse5
p/passport,passport,v0.7.0,node,,p/passport/passport_ubi_8.7.sh,https://github.com/jaredhanson/passport
p/path-loader,path-loader,v1.0.10,node,,p/path-loader/path-loader_ubi_8.3.sh,https://github.com/whitlockjc/path-loader.git
p/pathval,pathval,v1.1.0,node,,p/pathval/pathval_ubi_8.5.sh,https://github.com/chaijs/pathval.git
p/perfect-scrollbar,perfect-scrollbar,1.5.5,node,,p/perfect-scrollbar/perfect-scrollbar_ubi_8.5.sh,https://github.com/mdbootstrap/perfect-scrollbar.git
p/pez,pez,v4.1.1,node,,p/pez/pez_ubi_8.5.sh,https://github.com/hapijs/pez.git
p/picocolors,picocolors,v1.0.0,node,,p/picocolors/picocolors_8.5.sh,https://github.com/alexeyraspopov/picocolors.git
p/pkg-up,pkg-up,v4.0.0,node,,p/pkg-up/pkg-up_8.5.sh,https://github.com/sindresorhus/pkg-up.git
p/pkg-up,pkg-up,3.1.0,node,,p/pkg-up/pkg-up_rhel_8.3.sh,https://github.com/sindresorhus/pkg-up
p/podium,podium,v3.4.3,node,,p/podium/podium_ubi_8.5.sh,https://github.com/hapijs/podium.git
p/pointer-symbol,pointer-symbol,1.0.0,node,,p/pointer-symbol/pointer-symbol_ubi_8.5.sh,https://github.com/enquirer/pointer-symbol.git
p/popmotion,popmotion,$1,node,,p/popmotion/popmotion_ubi_8.sh,https://github.com/Popmotion/popmotion.git
p/popper.js,popper.js,v2.10.2,node,,p/popper.js/popperjs_2.10.2._ubuntu_18.04.sh,https://github.com/popperjs/popper-core.git
p/popper.js,popper.js,master,node,,p/popper.js/popper_master_ubi_8.3.sh,https://github.com/popperjs/popper-core.git
p/postcss-reduce-initial,postcss-reduce-initial,v1.0.1,node,,p/postcss-reduce-initial/postcss-reduce-initial_1.0.1_4.0.3_Ubuntu_18.04.sh,https://github.com/cssnano/cssnano.git
p/postcss-reduce-initial,postcss-reduce-initial,"1.0.1, 4.0.3",node,,p/postcss-reduce-initial/postcss-reduce-initial_ubi_8.3.sh,https://github.com/cssnano/cssnano.git
p/postcss-selector-parser,postcss-selector-parser,5.0.0,node,,p/postcss-selector-parser/postcss-selector-parser_ubi_8.5.sh,https://github.com/postcss/postcss-selector-parser.git
p/postcss-selector-parser,postcss-selector-parser,3.1.2,node,,p/postcss-selector-parser/postcss-selector-parser_rhel_8.3.sh,https://github.com/postcss/postcss-selector-parser
p/preset-modules,preset-modules,0.1.4,node,,p/preset-modules/preset-modules_ubi_8.5.sh,https://github.com/babel/preset-modules.git
p/prop-types,prop-types,${1:-,javascript,,p/prop-types/prop-types_ubi_8_7.sh,https://github.com/facebook/prop-types
p/prop-types,prop-types,15.7.2,node,,p/prop-types/prop-types_rhel_8.3.sh,https://github.com/facebook/prop-types
p/punycode.js,punycode.js,v2.3.1,node,,p/punycode.js/punycode.js_ubi_8.7.sh,https://github.com/mathiasbynens/punycode.js
q/quick-lru,quick-lru,v7.0.0,node,,q/quick-lru/quick-lru_ubi_8.7.sh,https://github.com/sindresorhus/quick-lru
q/quick-lru,quick-lru,5.1.1,node,,q/quick-lru/quick-lru_rhel_8.3.sh,https://github.com/sindresorhus/quick-lru
r/randombytes,randombytes,v2.1.0,node,,r/randombytes/randombytes_ubi_8.5.sh,https://github.com/crypto-browserify/randombytes.git
r/rasha.js,rasha.js,v1.2.5,node,,r/rasha.js/rasha.js_ubi_8.5.sh,https://git.coolaj86.com/coolaj86/rasha.js.git
r/raw-body,raw-body,2.5.2,node,,r/raw-body/raw-body_ubi_8.7.sh,https://github.com/stream-utils/raw-body
r/raw-body,raw-body,2.3.2,node,,r/raw-body/raw-body_rhel_8.3.sh,https://github.com/stream-utils/raw-body
r/rd3,rd3,master,node,,r/rd3/rd3_ubi_8.sh,https://github.com/yang-wei/rd3
r/react,react,v15.6.2,node,,r/react/react_ubi_8.3.sh,https://github.com/facebook/react.git
r/react,react,v18.2.0,javascript,,r/react/react_v18.2.0_ubi_9.5.sh,https://github.com/facebook/react
r/react,react,v16.2.0,node,,r/react/react_rhel_7.3.sh,https://github.com/facebook/react
r/react,react,master,node,,r/react/react_rhel_7.6.sh,https://github.com/facebook/react.git
r/react,react,v16.2.0,node,,r/react/react_ubuntu_16.04.sh,https://github.com/facebook/react
r/react,react,16.4.2,node,,r/react/react_ubuntu_18.04.sh,https://github.com/facebook/react
r/react-bootstrap-table,react-bootstrap-table,v4.3.1,node,,r/react-bootstrap-table/react-bootstrap-table_ubi_8.3.sh,https://github.com/AllenFang/react-bootstrap-table.git
r/react-mde,react-mde,11.3.0,node,,r/react-mde/react-mde_8.5.sh,https://github.com/andrerpena/react-mde.git
r/react-native,react-native,v0.74.2,javascript,,r/react-native/react-native_v0.74.2_ubi_9.sh,https://github.com/facebook/$PACKAGE_NAME.git
r/react-native-async-storage,react-native-async-storage,@react-native-async-storage/async-storage@1.24.0,javascript,,r/react-native-async-storage/react-native-async-storage_v1.24.0_ubi_9.3.sh,https://github.com/react-native-async-storage/async-storage.git
r/react-scheduler,react-scheduler,v16.14.0,node,,r/react-scheduler/react-scheduler_ubi_8.5.sh,https://github.com/facebook/react
r/react-testing-library,react-testing-library,v10.4.9,node,,r/react-testing-library/react-testing-library_ubi_8.4.sh,https://github.com/testing-library/react-testing-library
r/react-testing-library,react-testing-library,${1:-,node,,r/react-testing-library/react-testing-library_ubi_8.5.sh,https://github.com/testing-library/react-testing-library
r/readable-stream,readable-stream,v2.3.7,node,,r/readable-stream/readable-stream_rhel_8.5.sh,https://github.com/nodejs/readable-stream
r/readable-stream,readable-stream,${1:-,node,,r/readable-stream/readable-stream_ubi_8.5.sh,https://github.com/nodejs/readable-stream
r/readable-stream,readable-stream,v4.4.2,node,,r/readable-stream/readable-stream_ubi_8.7.sh,https://github.com/nodejs/readable-stream
r/readline-ui,readline-ui,${1:-,node,,r/readline-ui/readline-ui_ubi8.sh,https://github.com/enquirer/readline-ui
r/realpath-native,realpath-native,${1:-,node,,r/realpath-native/realpath-native_ubi.sh,https://github.com/SimenB/realpath-native
r/rechoir,rechoir,v0.8.0,node,,r/rechoir/rechoir_ubi_8.5.sh,https://github.com/gulpjs/rechoir.git
r/regex-cache,regex-cache,${1:-,node,,r/regex-cache/regex-cache_ubi_8.5.sh,https://github.com/jonschlinkert/regex-cache
r/regexpu-core,regexpu-core,3707196,node,,r/regexpu-core/regexpu-core_ubi_8.5.sh,https://github.com/mathiasbynens/regexpu-core.git
r/request-promise-native,request-promise-native,v1.0.7,node,,r/request-promise-native/request-promise-native-1.0.7_ubi_8.5.sh,https://github.com/request/request-promise-native.git
r/request-promise-native,request-promise-native,v1.0.7,node,,r/request-promise-native/request-promise-native-1.0.7_ubuntu_18.04.sh,https://github.com/request/request-promise-native.git
r/resolve-from,resolve-from,master,node,,r/resolve-from/resolve-from_ubi_8.4.sh,https://github.com/sindresorhus/resolve-from
s/safe-json-stringify,safe-json-stringify,v1.2.0,node,,s/safe-json-stringify/safe-json-stringify_ubi_8.5.sh,https://github.com/debitoor/safe-json-stringify.git
s/safer-buffer,safer-buffer,v2.1.2,node,,s/safer-buffer/safer-buffer_ubi_8.4.sh,https://github.com/ChALkeR/safer-buffer
s/safer-buffer,safer-buffer,2.1.1,node,,s/safer-buffer/safer-buffer_ubuntu_18.04.sh,https://github.com/ChALkeR/safer-buffer.git
s/schema,schema,${1:-,node,,s/schema/schema_ubi_8.5.sh,https://github.com/istanbuljs/schema
s/select2,select2,4.0.2,node,,s/select2/select2_ubi_8.5.sh,https://github.com/select2/select2
s/send,send,0.18.0,javascript,,s/send/send_ubi_8.7.sh,https://github.com/pillarjs/send
s/serve-index,serve-index,d2922cd,node,,s/serve-index/serve-index_ubi_8.5.sh,https://github.com/expressjs/serve-index.git
s/serve-static,serve-static,v1.15.0,javascript,,s/serve-static/serve-static_ubi_8.7.sh,https://github.com/expressjs/serve-static
s/session,session,v1.17.3,javascript,,s/session/session_ubi_8.7.sh,https://github.com/expressjs/session.git
s/set-value,set-value,2.0.1,node,,s/set-value/set-value_rhel_8.5.sh,https://github.com/jonschlinkert/set-value
s/set-value,set-value,3.0.2,node,,s/set-value/set-value_rhel_8.3.sh,https://github.com/jonschlinkert/set-value
s/setprototypeof,setprototypeof,v1.1.1,node,,s/setprototypeof/setprototypeof_rhel_8.5.sh,https://github.com/wesleytodd/setprototypeof
s/setprototypeof,setprototypeof,1.2.0,node,,s/setprototypeof/setprototypeof_rhel_8.3.sh,https://github.com/wesleytodd/setprototypeof
s/sha,sha,v3.0.0,node,,s/sha/sha_rhel_8.5.sh,https://github.com/ForbesLindesay/sha
s/shared-cursor,shared-cursor,v1.0.2,node,,s/shared-cursor/shared-cursor_ubi_8.3.sh,https://github.com/rtc-io/rtc-sharedcursor.git
s/shelljs,shelljs,master,node,,s/shelljs/shelljs_ubi_8.4.sh,https://github.com/shelljs/shelljs
s/shepherd,shepherd,v8.3.1,node,,s/shepherd/shepherd_ubi8.5.sh,https://github.com/shipshapecode/shepherd.git
s/shot,shot,v4.1.2,node,,s/shot/shot_ubi_8.5.sh,https://github.com/hapijs/shot.git
s/sodium-plus,sodium-plus,master,node,,s/sodium-plus/sodium-plus_ubi_9.3.sh,https://github.com/paragonie/sodium-plus
s/somever,somever,v2.1.1,node,,s/somever/somever_ubi_8.5.sh,https://github.com/hapijs/somever.git
s/source-map,source-map,${1:-,javascript,,s/source-map/source-map_ubi_8.7.sh,https://github.com/mozilla/source-map
s/source-map,source-map,0.5.6,javascript,,s/source-map/source-map_rhel_8.3.sh,https://github.com/mozilla/source-map
s/spdx-license-list,spdx-license-list,v6.4.0,node,,s/spdx-license-list/spdx-license-list_ubi_8.5.sh,https://github.com/sindresorhus/spdx-license-list
s/stack-utils,stack-utils,${1:-,node,,s/stack-utils/stack-utils_ubi8.sh,https://github.com/tapjs/stack-utils
s/stacktracejs_error-stack-parser,stacktracejs_error-stack-parser,${1:-,node,,s/stacktracejs_error-stack-parser/stacktracejs_error-stack-parser_ubi_8.5.sh,https://github.com/stacktracejs/error-stack-parser.git
s/statehood,statehood,v6.1.2,node,,s/statehood/statehood_ubi_8.5.sh,https://github.com/hapijs/statehood.git
s/strftime,strftime,v0.10.2,node,,s/strftime/strftime_ubi_8.7.sh,https://github.com/samsonjs/strftime/
s/strftime,strftime,0.10.0,node,,s/strftime/strftime_rhel_7.3.sh,https://github.com/samsonjs/strftime
s/strftime,strftime,0.10.0,node,,s/strftime/strftime_ubuntu_16.04.sh,https://github.com/samsonjs/strftime
s/strip-ansi,strip-ansi,v7.1.0,javascript,,s/strip-ansi/strip-ansi_ubi_8.7.sh,https://github.com/chalk/strip-ansi.git
s/strip-ansi,strip-ansi,6.0.0,node,,s/strip-ansi/strip-ansi_rhel_8.3.sh,https://github.com/chalk/strip-ansi
s/subtext,subtext,71ff864,node,,s/subtext/subtext_ubi_8.5.sh,https://github.com/hapijs/subtext.git
s/superagent,superagent,v8.1.2,node,,s/superagent/superagent_ubi_8.7.sh,https://github.com/visionmedia/superagent
s/superagent,superagent,v3.8.3,node,,s/superagent/superagent_rhel_8.5.sh,https://github.com/visionmedia/superagent
s/supports-color,supports-color,v9.4.0,javascript,,s/supports-color/supports-color_ubi_8.7.sh,https://github.com/chalk/supports-color
s/supports-color,supports-color,v7.1.0,node,,s/supports-color/supports-color_rhel_7.6.sh,https://github.com/chalk/supports-color.git
t/thread-stream,thread-stream,v3.1.0,javascript,,t/thread-stream/thread-stream_ubi_9.3.sh,https://github.com/pinojs/thread-stream
t/to-fast-properties,to-fast-properties,v2.0.0,node,,t/to-fast-properties/to-fast-properties_ubi_8.5.sh,https://github.com/sindresorhus/to-fast-properties.git
t/topo,topo,v3.1.6,node,,t/topo/topo_ubi_8.5.sh,https://github.com/hapijs/topo.git
t/typescript,typescript,4.4.4,node,,t/typescript/Typescript_4.4.4_ubi_8.3.sh,https://github.com/microsoft/TypeScript.git
t/typescript,typescript,v3.9.9,node,,t/typescript/typescript_3.9.9_ubi_8.5.sh,https://github.com/Microsoft/TypeScript
t/typescript-eslint-experimental-utils,typescript-eslint-experimental-utils,v4.28.1,node,,t/typescript-eslint-experimental-utils/typescript-eslint-experimental-utils_ubi_8.5.sh,https://github.com/typescript-eslint/typescript-eslint
t/typescript-eslint-scope-manager,typescript-eslint-scope-manager,v4.28.1,node,,t/typescript-eslint-scope-manager/typescript-eslint-scope-manager_ubi_8.5.sh,https://github.com/typescript-eslint/typescript-eslint
t/typescript-eslint-types,typescript-eslint-types,v4.28.1,node,,t/typescript-eslint-types/typescript-eslint-types_ubi_8.5.sh,https://github.com/typescript-eslint/typescript-eslint
t/typescript-eslint-typescript-estree,typescript-eslint-typescript-estree,v4.28.1,node,,t/typescript-eslint-typescript-estree/typescript-eslint-typescript-estree_ubi_8.5.sh,https://github.com/typescript-eslint/typescript-eslint
t/typescript-eslint-visitor-keys,typescript-eslint-visitor-keys,v4.28.1,node,,t/typescript-eslint-visitor-keys/typescript-eslint-visitor-keys_ubi_8.5.sh,https://github.com/typescript-eslint/typescript-eslint
u/ultron,ultron,master,node,,u/ultron/ultron_ubi_8.4.sh,https://github.com/unshiftio/ultron
u/underscore,underscore,1.13.6,node,,u/underscore/underscore_ubi_8.7.sh,https://github.com/jashkenas/underscore
u/underscore,underscore,1.13.1,node,,u/underscore/underscore_rhel_8.3.sh,https://github.com/jashkenas/underscore
u/underscore.string,underscore.string,3.3.5,node,,u/underscore.string/underscore.string_ubi_8.5.sh,https://github.com/epeli/underscore.string.git
u/underscore.string,underscore.string,3.3.4,node,,u/underscore.string/underscore.string_rhel_8.3.sh,https://github.com/epeli/underscore.string
u/unique-filename,unique-filename,v3.0.0,node,,u/unique-filename/unique-filename_ubi_8.7.sh,https://github.com/npm/unique-filename
u/unique-filename,unique-filename,1.1.0,node,,u/unique-filename/unique-filename_rhel_8.3.sh,https://github.com/iarna/unique-filename
u/unique-slug,unique-slug,v4.0.0,node,,u/unique-slug/unique-slug_ubi_8.7.sh,https://github.com/npm/unique-slug
u/unique-slug,unique-slug,2.0.2,node,,u/unique-slug/unique-slug_rhel_8.3.sh,https://github.com/iarna/unique-slug
u/unist-builder,unist-builder,4.0.0,node,,u/unist-builder/unist-builder_ubi_8.7.sh,https://github.com/syntax-tree/unist-builder
u/untildify,untildify,v5.0.0,node,,u/untildify/untildify_ubi_8.7.sh,https://github.com/sindresorhus/untildify
u/untildify,untildify,4.0.0,node,,u/untildify/untildify_rhel_8.3.sh,https://github.com/sindresorhus/untildify
u/url-loader,url-loader,v0.6.2,node,,u/url-loader/url-loader_ubi_8.5.sh,https://github.com/webpack-contrib/url-loader.git
u/url-loader,url-loader,0.5.5,node,,u/url-loader/url-loader_rhel_8.3.sh,https://github.com/webpack-contrib/url-loader
u/url-parse,url-parse,1.4.7,node,,u/url-parse/url-parse_ubi_8.5.sh,https://github.com/unshiftio/url-parse.git
u/url-template,url-template,v3.1.1,javascript,,u/url-template/url-template_ubi_9.3.sh,https://github.com/bramstein/url-template
v/vise,vise,v3.1.1,node,,v/vise/vise_ubi_8.5.sh,https://github.com/hapijs/vise.git
v/vue,vue,${1:-,node,,v/vue/vue_ubi_8.5.sh,https://github.com/vuejs/vue
w/webassemblyjs,webassemblyjs,${1:-,javascript,,w/webassemblyjs/webassemblyjs_ubi_8.7.sh,https://github.com/xtuc/webassemblyjs.git
w/webassemblyjs,webassemblyjs,v1.7.10,javascript,,w/webassemblyjs/webassemblyjs_ubi_8.3.sh,https://github.com/xtuc/webassemblyjs.git
w/webpack,webpack,v4.46.0,node,,w/webpack/webpack_ubi_8.5.sh,https://github.com/webpack/webpack.git
w/wrap-ansi,wrap-ansi,${1:-,javascript,,w/wrap-ansi/wrap-ansi_ubi_8.7.sh,https://github.com/chalk/wrap-ansi
w/wrap-ansi,wrap-ansi,6.2.0,node,,w/wrap-ansi/wrap-ansi_rhel_8.3.sh,https://github.com/chalk/wrap-ansi
w/wrap-ansi,wrap-ansi,5.1.0,node,,w/wrap-ansi/wrap-ansi_ubi8.sh,https://github.com/chalk/wrap-ansi
w/wreck,wreck,v15.1.0,node,,w/wreck/wreck_ubi_8.5.sh,https://github.com/hapijs/wreck.git
x/xml-crypto,xml-crypto,v4.1.0,node,,x/xml-crypto/xml-crypto_ubi_8.7.sh,https://github.com/node-saml/xml-crypto
x/xml-crypto,xml-crypto,1.5.3,node,,x/xml-crypto/xml-crypto_rhel_8.3.sh,https://github.com/yaronn/xml-crypto
y/yaeti,yaeti,0.0.6,node,,y/yaeti/yaeti_ubi_8.5.sh,https://github.com/ibc/yaeti.git
y/yallist,yallist,v4.0.0,node,,y/yallist/yallist_ubi_8.7.sh,https://github.com/isaacs/yallist
y/yallist,yallist,4.0.0,node,,y/yallist/yallist_rhel_8.3.sh,https://github.com/isaacs/yallist
y/yargs-unparser,yargs-unparser,${1:-,javascript,,y/yargs-unparser/yargs-unparser_ubi_8.7.sh,https://github.com/yargs/yargs-unparser.git
y/yargs-unparser,yargs-unparser,v1.6.0,javascript,,y/yargs-unparser/yargs-unparser_rhel_8.3.sh,https://github.com/yargs/yargs-unparser
y/yeoman-environment,yeoman-environment,v2.8.0,node,,y/yeoman-environment/yeoman-environment_ubi_8.5.sh,https://github.com/yeoman/environment.git
z/z-schema,z-schema,$1,node,,z/z-schema/z-schema_rhel_8_4.sh,https://github.com/zaggino/z-schema.git
z/z-schema,z-schema,v6.0.1,node,,z/z-schema/z-schema_ubi_8.5.sh,https://github.com/zaggino/z-schema.git
a/abyss,abyss,2.3.5,go,,a/abyss/abyss_ubi_8.5.sh,https://github.com/bcgsc/abyss.git
a/accessors-smart,accessors-smart,2.4.5,java,,a/accessors-smart/accessors-smart_ubi_8.3.sh,https://github.com/netplex/json-smart-v2.git
a/activation,activation,JAF-1_2_0,java,,a/activation/activation_ubi_9.3.sh,https://github.com/javaee/activation
a/activation,activation,JAF-1_2_0,java,,a/activation/activation_rhel7.6.sh,https://github.com/javaee/activation
a/afero,afero,v1.9.3,go,,a/afero/afero_ubi_8.5.sh,https://github.com/spf13/afero
a/aho-corasick,aho-corasick,v0.6.2,java,,a/aho-corasick/aho-corasick_ubi_9.3.sh,https://github.com/robert-bor/aho-corasick.git
a/airflow,airflow,3.0.2,python,,a/airflow/airflow_ubi_9.3.sh,https://github.com/apache/airflow
a/airflow,airflow,2.0.1,python,,a/airflow/airflow_ubi_8.sh,https://github.com/apache/airflow
a/airline,airline,0.6,java,,a/airline/airline_ubi_8.3.sh,https://github.com/airlift/airline.git
a/airline,airline,0.9,java,,a/airline/airline_rhel7.6.sh,https://github.com/airlift/airline
a/ajstarks_svgo,ajstarks_svgo,644b8db467af,go,,a/ajstarks_svgo/ajstarks_svgo_ubi_8.5.sh,https://github.com/ajstarks/svgo
a/alecthomas__kingpin,alecthomas__kingpin,2.2.6,go,,a/alecthomas__kingpin/alecthomas__kingpin_rhel_8.3.sh,https://github.com/alecthomas/kingpin
a/alecthomas__template,alecthomas__template,fb15b899a75114aa79cc930e33c46b577cc664b1,go,,a/alecthomas__template/alecthomas__template_rhel_8.3.sh,https://github.com/alecthomas/template
a/alecthomas__units,alecthomas__units,2efee857e7cfd4f3d0138cc3cbb1b4966962b93a,go,,a/alecthomas__units/alecthomas__units_rhel_8.3.sh,https://github.com/alecthomas/units
a/alecthomas__units,alecthomas__units,2efee857e7cfd4f3d0138cc3cbb1b4966962b93a,go,,a/alecthomas__units/alecthomas__units_ubi_8.5.sh,https://github.com/alecthomas/units
a/alfresco-sdk,alfresco-sdk,alfresco-sdk-aggregator-4.5.0,java,,a/alfresco-sdk/alfresco-sdk_ubi_8_5.sh,https://github.com/Alfresco/alfresco-sdk
a/aliyun-sts-go-sdk,aliyun-sts-go-sdk,v0.0.0-20180326062324-cfa1a18b161f,go,,a/aliyun-sts-go-sdk/aliyun-sts-go-sdk_ubi8.5.sh,https://github.com/baiyubin/aliyun-sts-go-sdk
a/analysis,analysis,v0.21.4,go,,a/analysis/analysis_ubi_8.7.sh,https://github.com/go-openapi/analysis
a/analysis,analysis,v0.19.5,go,,a/analysis/github.com__go-openapi__analysis_rhel_8.3.sh,https://github.com/go-openapi/analysis
a/analysis,analysis,b44dc874b601d9e4e2f6e19140e794ba24bead3b,go,,a/analysis/go-openapi__analysis_rhel_8.3.sh,https://github.com/go-openapi/analysis
a/analytics-go,analytics-go,v2.0.1-0.20160426181448-2d840d861c32+incompatible,go,,a/analytics-go/analytics-go_ubi_8.5.sh,https://github.com/segmentio/analytics-go.git
a/andybalholm__brotli,andybalholm__brotli,71eb68cc467c35a70c4b3d0c46b590260fe3f303,go,,a/andybalholm__brotli/andybalholm__brotli_rhel_8.3.sh,https://github.com/andybalholm/brotli
a/andybalholm__brotli,andybalholm__brotli,71eb68cc467c35a70c4b3d0c46b590260fe3f303,go,,a/andybalholm__brotli/andybalholm_brotli_ubi_8.5.sh,https://github.com/andybalholm/brotli
a/annotations,annotations,13.0,java,,a/annotations/annotations_13.0_ubi8.4.sh,https://repo1.maven.org/maven2/org/jetbrains/annotations
a/annotations,annotations,4.1.1.4,java,,a/annotations/annotations_rhel_8.3.sh,https://github.com/stephenc/findbugs-annotations
a/ansible-lint,ansible-lint,v6.16.2,python,,a/ansible-lint/ansible-lint_ubi_8_7.sh,https://github.com/ansible/ansible-lint
a/ant,ant,rel/1.10.15,java,,a/ant/ant_ubi_9.3.sh,https://github.com/apache/ant.git
a/antisamy,antisamy,v1.6.4,java,,a/antisamy/antisamy_ubi_8.5.sh,https://github.com/nahsra/antisamy.git
a/aopalliance-repackaged,aopalliance-repackaged,v2.6.1,java,,a/aopalliance-repackaged/aopalliance_repackaged_ubi_8.5.sh,https://repo1.maven.org/maven2/org/glassfish/hk2/external/aopalliance-repackaged/2.6.1/aopalliance-repackaged-2.6.1-sources.jar
a/aopalliance-repackaged,aopalliance-repackaged,1.0.0,java,,a/aopalliance-repackaged/2.4.0-b32_ubuntu_18.04.sh,https://github.com/Appdynamics/OSS
a/apache-avro,apache-avro,release-1.11.3,java,,a/apache-avro/avro_ubi_9_3.sh,https://github.com/apache/avro
a/apache-avro,apache-avro,release-1.11.1,java,,a/apache-avro/avro_ubi_8_5.sh,https://github.com/apache/avro
a/apache-avro,apache-avro,1.8.2,node,,a/apache-avro/avro_1.8.2_rhel_7.6.sh,https://github.com/apache/avro
a/apache-beam,apache-beam,v2.56.0,java,,a/apache-beam/apache-beam_ubi_9.3.sh,https://github.com/apache/beam
a/apache-beam,apache-beam,v2.51.0,java,,a/apache-beam/apache-beam_ubi_8.7.sh,https://github.com/apache/beam
a/apache-directory-ldap-api,apache-directory-ldap-api,${1:-,java,,a/apache-directory-ldap-api/directory-ldap-api_ubi_8.5.sh,https://github.com/apache/directory-ldap-api
a/apache-directory-ldap-api,apache-directory-ldap-api,2.1.0,java,,a/apache-directory-ldap-api/directory-ldap-api_ubi_8.3.sh,https://github.com/apache/directory-ldap-api.git
a/apache-directory-ldap-api,apache-directory-ldap-api,0.9.19,java,,a/apache-directory-ldap-api/directory-ldap-api_ubuntu_20.04.sh,https://github.com/apache/directory-ldap-api
a/apache-ds,apache-ds,2.0.0.AM26,java,,a/apache-ds/apacheds_2.0.0.AM26_master_ubi_8.3.sh,https://github.com/apache/directory-server.git
a/apache-flink,apache-flink,release-1.17.1,java,,a/apache-flink/apache-flink_ubi_8.5.sh,https://github.com/apache/flink.git
a/apache-flink,apache-flink,release-1.8.3,java,,a/apache-flink/apache-flink_1.8.3_rhel_7.6.sh,https://github.com/apache/flink
a/apache-flink,apache-flink,master,node,,a/apache-flink/apache-flink_master_rhel_8.3.sh,https://github.com/apache/flink
a/apache-httpd,apache-httpd,v2.4.41,java,,a/apache-httpd/apache-connectors/mod_proxy-connector_ubi_8.sh,https://github.com/allenai/allennlp
a/apache-jena,apache-jena,jena-4.7.0,java,,a/apache-jena/jena_ubi_8_5.sh,https://github.com/apache/jena
a/apache-jena,apache-jena,4.1.0,java,,a/apache-jena/Apache Jena_ubi_8.3.sh,https://github.com/apache/jena
a/apache-lucene,apache-lucene,${1:-,java,,a/apache-lucene/lucene_ubi_8.5.sh,https://github.com/apache/lucene.git
a/apache-solr,apache-solr,releases/solr/9.2.0,java,,a/apache-solr/apache-solr_ubi_8.7.sh,https://github.com/apache/solr
a/apache-solr,apache-solr,releases/solr/9.6.1,java,,a/apache-solr/apache-solr_ubi_9.3.sh,https://github.com/apache/solr
a/apache-solr,apache-solr,releases/solr/9.2.0,java,,a/apache-solr/solr_ubi_8.7.sh,https://github.com/apache/solr
a/apicurio-registry,apicurio-registry,2.1.0.Final,java,,a/apicurio-registry/apicurio-registry_ubi_8.4.sh,https://github.com/Apicurio/apicurio-registry
a/apicurio-registry,apicurio-registry,2.4.1.Final,java,,a/apicurio-registry/apicurio-registry_ubi_8_5.sh,https://github.com/Apicurio/apicurio-registry
a/apicurio-registry,apicurio-registry,1.3.2.Final,java,,a/apicurio-registry/apicurio-registry_rhel8.sh,https://github.com/apicurio/apicurio-registry
a/architect,architect,${1:-,ruby,,a/architect/architect_ubi_8.5.sh,https://github.com/pages-themes/architect
a/archiver,archiver,v3.5.0,go,,a/archiver/archiver_ubi_8.5.sh,https://github.com/mholt/archiver
a/archiver,archiver,v3.5.0,go,,a/archiver/archiver_ubi_8.4.sh,https://github.com/mholt/archiver
a/armon__go-metrics,armon__go-metrics,v0.3.3,go,,a/armon__go-metrics/armon__go-metrics_rhel_8.3.sh,https://github.com/armon/go-metrics
a/array_record_iindyk,array_record_iindyk,0.7.1,python,,a/array_record_iindyk/array_record_iindyk_ubi_9.3.sh,https://github.com/iindyk/array_record
a/arrow-java,arrow-java,apache-arrow-15.0.1,java,,a/arrow-java/arrow-java-ubi_9.3.sh,https://github.com/apache/arrow.git
a/arrow-java,arrow-java,apache-arrow-17.0.0,java,,a/arrow-java/arrow-java-v17-ubi_9.3.sh,https://github.com/apache/arrow.git
a/aryann__difflib,aryann__difflib,v0.0.0-20170710044230-e206f873d14a,go,,a/aryann__difflib/aryann__difflib_rhel_8.3.sh,https://github.com/aryann/difflib
a/asaskevich__govalidator,asaskevich__govalidator,593d64559f7600f29581a3ee42177f5dbded27a9,go,,a/asaskevich__govalidator/asaskevich__govalidator_rhel_8.3.sh,https://github.com/asaskevich/govalidator
a/asdine__storm,asdine__storm,2.2.1,go,,a/asdine__storm/asdine__storm_rhel_8.3.sh,https://github.com/asdine/storm
a/askpass,askpass,1.2.0,r,,a/askpass/askpass_ubi_9.3.sh,https://github.com/cran/askpass
a/async-http-client,async-http-client,async-http-client-project-2.5.3,java,,a/async-http-client/async-http-client-netty-utils_ubi_8.5.sh,https://github.com/AsyncHttpClient/async-http-client
a/atlas-client,atlas-client,branch-2.0,java,,a/atlas-client/atlas-client_ubi_8.5.sh,https://github.com/apache/atlas
a/atlas-common,atlas-common,branch-2.0,java,,a/atlas-common/atlas-common_ubi_8.5.sh,https://github.com/apache/atlas
a/atlas-intg,atlas-intg,branch-2.0,java,,a/atlas-intg/atlas-intg_ubi_8.5.sh,https://github.com/apache/atlas
a/atlas-notification,atlas-notification,branch-2.0,java,,a/atlas-notification/atlas-notification_ubi_8.5.sh,https://github.com/apache/atlas
a/atlas-plugin-classloader,atlas-plugin-classloader,branch-2.0,java,,a/atlas-plugin-classloader/atlas-plugin-classloader_ubi_8.5.sh,https://github.com/apache/atlas
a/autorest,autorest,v0.11.23,go,,a/autorest/autorest_ubi_8.5.sh,https://github.com/Azure/go-autorest
a/avalon-framework-api,avalon-framework-api,4.3.1,java,,a/avalon-framework-api/avalon-framework-api_4.3.1_ubi_8.4.sh,https://repo1.maven.org/maven2/org/apache/avalon/framework/avalon-framework-api
a/avalon-framework-api,avalon-framework-api,4.3.1,java,,a/avalon-framework-api/avalon-framework-api_v4.3.1_ubuntu_18.04.sh,https://repo1.maven.org/maven2/org/apache/avalon/framework/avalon-framework-api
a/avalon-framework-impl,avalon-framework-impl,4.3.1,java,,a/avalon-framework-impl/avalon-framework-impl_4.3.1_ubi8.4.sh,https://repo1.maven.org/maven2/org/apache/avalon/framework/avalon-framework-impl
a/avalon-framework-impl,avalon-framework-impl,4.3.1,java,,a/avalon-framework-impl/avalon-framework-impl_v4.3.1_ubuntu_18.04.sh,https://repo1.maven.org/maven2/org/apache/avalon/framework/avalon-framework-impl
a/avatars,avatars,8.x-1.1,php,,a/avatars/avatars_ubi_8.5.sh,https://git.drupalcode.org/project/avatars.git
a/aws-sdk-go,aws-sdk-go,v1.44.89,go,,a/aws-sdk-go/aws-sdk-go_ubi_8.5.sh,https://github.com/aws/aws-sdk-go
a/aws-sdk-go,aws-sdk-go,v1.27.0,go,,a/aws-sdk-go/aws__aws-sdk-go_rhel_8.3.sh,https://github.com/aws/aws-sdk-go
a/aws__aws-lambda-go,aws__aws-lambda-go,v1.13.3,go,,a/aws__aws-lambda-go/aws__aws-lambda-go_rhel_8.3.sh,https://github.com/aws/aws-lambda-go
a/aymerick__raymond,aymerick__raymond,2.0.1,go,,a/aymerick__raymond/aymerick__raymond_rhel_8.3.sh,https://github.com/aymerick/raymond
a/azure-pipeline-go,azure-pipeline-go,v0.2.2,go,,a/azure-pipeline-go/azure-pipeline-go_v0.2.2_ubi8.4.sh,https://github.com/Azure/azure-pipeline-go
a/azure__go-autorest,azure__go-autorest,v10.8.1+incompatible,go,,a/azure__go-autorest/azure__go-autorest_rhel_8.3.sh,https://github.com/azure/go-autorest
b/backo-go,backo-go,204274ad699c0983a70203a566887f17a717fef4,go,,b/backo-go/backo-go_ubi_8.5.sh,https://github.com/segmentio/backo-go
b/backrest,backrest,v1.0,java,,b/backrest/backrest_ubi_8.5.sh,https://github.com/MITLibraries/backrest
b/bazel-gazelle,bazel-gazelle,v0.0.0-20181012220611-c728ce9f663e,go,,b/bazel-gazelle/bazel-gazelle_ubi_8.5.sh,https://github.com/bazelbuild/bazel-gazelle
b/bcprov-jdk15on,bcprov-jdk15on,r1rv73,java,,b/bcprov-jdk15on/bcprov-jdk15on_ubi_8.7.sh,https://github.com/bcgit/bc-java.git
b/behat_minkbrowserkitdriver,behat_minkbrowserkitdriver,v1.3.4,php,,b/behat_minkbrowserkitdriver/behat_mink-browserkit-driver_rhel_8.4.sh,https://github.com/minkphp/MinkBrowserKitDriver
b/behat_minkextension,behat_minkextension,v2.3.1,php,,b/behat_minkextension/behat_minkextension_rhel_8.4.sh,https://github.com/Behat/MinkExtension
b/better_exposed_filters,better_exposed_filters,8.x-5.0,php,,b/better_exposed_filters/better_exposed_filters_8.5.sh,https://git.drupalcode.org/project/better_exposed_filters.git
b/bigquery,bigquery,v1.0.1,go,,b/bigquery/bigquery_ubi_8.5.sh,https://github.com/googleapis/google-cloud-go.git
b/bit,bit,4.5.0,r,,b/bit/bit_ubi_9.3.sh,https://github.com/cran/bit.git
b/bit64,bit64,4.5.2,r,,b/bit64/bit64_ubi_9.3.sh,https://github.com/cran/bit64.git
b/bitops,bitops,1.0-7,r,,b/bitops/bitops_ubi_9.3.sh,https://github.com/cran/bitops
b/bketelsen__crypt,bketelsen__crypt,v0.0.3-0.20200106085610-5cbc8cc4026c,go,,b/bketelsen__crypt/bketelsen__crypt_rhel_8.3.sh,https://github.com/bketelsen/crypt
b/blob,blob,1.2.4,r,,b/blob/blob_ubi_9.3.sh,https://github.com/cran/blob
b/bloom,bloom,v2.0.3,go,,b/bloom/bloom_ubi8.4.sh,https://github.com/bits-and-blooms/bloom
b/bloom,bloom,${1:-,go,,b/bloom/bloom_ubi_8.3.sh,https://github.com/bits-and-blooms/bloom
b/bolt,bolt,v1.3.1,go,,b/bolt/bolt_rhel_ubi8.4.sh,https://github.com/boltdb/bolt
b/bootstrap-datepicker,bootstrap-datepicker,v1.9.0,java,,b/bootstrap-datepicker/Bootstrap-datetimepicker_v1.9.0_ubuntu_18.04.sh,https://github.com/uxsolutions/bootstrap-datepicker
b/bootstrap-datepicker,bootstrap-datepicker,v1.9.0,node,,b/bootstrap-datepicker/Bootstrap-datetimepicker_ubi_8.3.sh,https://github.com/uxsolutions/bootstrap-datepicker
b/brew,brew,1.0-10,r,,b/brew/brew_ubi_9.3.sh,https://github.com/cran/brew
b/buffalo,buffalo,v1.0.1,go,,b/buffalo/buffalo_v1.0.1_ubi_8.7.sh,https://github.com/gobuffalo/buffalo.git
b/bump,bump,${1-,ruby,,b/bump/bump_ubi8.4.sh,https://github.com/gregorym/bump
b/bytefmt,bytefmt,v0.0.0-20180906201452-2aa6f33b730c,go,,b/bytefmt/bytefmt_ubi8.5.sh,https://github.com/cloudfoundry/bytefmt
b/bytes,bytes,3.0.0,node,,b/bytes/bytes_rhel_8.3.sh,https://github.com/visionmedia/bytes.js
c/cadvisor,cadvisor,v0.34.0,go,,c/cadvisor/cadvisor_v0.34.0_rhel_8.3.sh,https://github.com/google/cadvisor
c/cadvisor,cadvisor,v0.47.0,go,,c/cadvisor/cadvisor_v0.47.0_ubi_8.5.sh,https://github.com/google/cadvisor
c/calcite-avatica,calcite-avatica,$1,java,,c/calcite-avatica/calcite-avatica_ubi_8.sh,https://github.com/apache/calcite-avatica
c/caniuse,caniuse,60390c9,java,,c/caniuse/caniuse-db_v1.0.3_ubuntu_18.04.sh,https://github.com/Fyrd/caniuse.git
c/caniuse,caniuse,60390c9,node,,c/caniuse/caniuse-db_ubi_8.3.sh,https://github.com/Fyrd/caniuse.git
c/car,car,3.1-2,r,,c/car/car_ubi_9.3.sh,https://github.com/cran/car
c/casbin__casbin__v2,casbin__casbin__v2,v2.1.2,go,,c/casbin__casbin__v2/casbin__casbin__v2_rhel_8.3.sh,https://github.com/casbin/casbin
c/cdi,cdi,2.0.2,java,,c/cdi/cdi-v2_ubi_9.3.sh,https://github.com/jakartaee/cdi.git
c/cdi,cdi,4.1.0,java,,c/cdi/cdi_ubi_9.3.sh,https://github.com/jakartaee/cdi.git
c/cenkalti__backoff,cenkalti__backoff,v2.2.1+incompatible,go,,c/cenkalti__backoff/cenkalti__backoff_rhel_8.3.sh,https://github.com/cenkalti/backoff
c/checkmate,checkmate,2.3.1,r,,c/checkmate/checkmate_ubi_9.3.sh,https://github.com/cran/checkmate
c/chef,chef,v17.6.18,ruby,,c/chef/chef_ubuntu_20.04.sh,https://github.com/chef/chef
c/chromadb,chromadb,1.0.20,python,,c/chromadb/chromadb_1.0.20_ubi_9.6.sh,https://github.com/chroma-core/chroma.git
c/chzyer__readline,chzyer__readline,v0.0.0-20180603132655-2972be24d48e,go,,c/chzyer__readline/chzyer-readline_ubi_8.4.sh,https://github.com/chzyer/readline
c/chzyer__readline,chzyer__readline,v0.0.0-20180603132655-2972be24d48e,go,,c/chzyer__readline/chzyer__readline_rhel_8.3.sh,https://github.com/chzyer/readline
c/chzyer_test,chzyer_test,v0.0.0-20180213035817-a1ea475d72b1,go,,c/chzyer_test/chzyer-test_ubi_8.4.sh,https://github.com/chzyer/test
c/ckeditor_media_embed,ckeditor_media_embed,8.x-1.10,php,,c/ckeditor_media_embed/ckeditor_media_embed_ubi_8.5.sh,https://git.drupalcode.org/project/ckeditor_media_embed.git
c/class-loader,class-loader,v3.4.42,php,,c/class-loader/class-loader_ubi_8.4.sh,https://github.com/symfony/class-loader.git
c/client-java,client-java,parent-0.9.0,java,,c/client-java/client-java_ubi_8.3.sh,https://github.com/prometheus/client_java.git
c/client-java,client-java,0.5.0,java,,c/client-java/client-java_ubuntu_18.04.sh,https://github.com/prometheus/client_java
c/clipboardjs,clipboardjs,2.0.1,php,,c/clipboardjs/clipboardjs_ubi_8.5.sh,https://git.drupalcode.org/project/clipboardjs.git
c/clockwork,clockwork,v0.4.0,go,,c/clockwork/clockwork_ubi_8.7.sh,https://github.com/jonboulle/clockwork
c/clockwork,clockwork,v0.1.0,go,,c/clockwork/github.com__jonboulle__clockwork_rhel_8.3.sh,https://github.com/jonboulle/clockwork
c/clockwork,clockwork,72f9bd7c4e0c2a40055ab3d0f09654f730cce982,go,,c/clockwork/jonboulle__clockwork_rhel_8.3.sh,https://github.com/jonboulle/clockwork
c/cloud,cloud,${1:-,go,,c/cloud/cloud_ubi_8.5.sh,https://code.googlesource.com/gocloud
c/cloud.google.com-go-datastore,cloud.google.com-go-datastore,v1.0.0,go,,c/cloud.google.com-go-datastore/cloud.google.com-go-datastore_ubi_8.5.sh,https://github.com/googleapis/google-cloud-go.git
c/cloudflare,cloudflare,v1.6.2,go,,c/cloudflare/cfssl_ubi_8.5.sh,https://github.com/cloudflare/cfssl/
c/cloudflare,cloudflare,v1.6.1,go,,c/cloudflare/cloudflare-cfssl_ubi_8.4.sh,https://github.com/cloudflare/cfssl
c/cloudfoundry-attic__jibber_jabber,cloudfoundry-attic__jibber_jabber,bcc4c8345a21301bf47c032ff42dd1aae2fe3027,go,,c/cloudfoundry-attic__jibber_jabber/cloudfoundry-attic__jibber_jabber_rhel_8.3.sh,https://github.com/cloudfoundry-attic/jibber_jabber
c/cloudfoundry__jibber_jabber,cloudfoundry__jibber_jabber,bcc4c8345a21301bf47c032ff42dd1aae2fe3027,go,,c/cloudfoundry__jibber_jabber/cloudfoundry-attic_jibber_jabber_ubi_8.5.sh,https://github.com/cloudfoundry-attic/jibber_jabber
c/cloudfoundry__jibber_jabber,cloudfoundry__jibber_jabber,bcc4c8345a21301bf47c032ff42dd1aae2fe3027,go,,c/cloudfoundry__jibber_jabber/cloudfoundry__jibber_jabber_rhel_8.3.sh,https://github.com/cloudfoundry/jibber_jabber
c/commons-dbcp2,commons-dbcp2,2.5.0,java,,c/commons-dbcp2/commons-dbcp2_2.5.0_ubi.sh,https://github.com/apache/commons-dbcp
c/commons-dbcp2,commons-dbcp2,2_0_1,java,,c/commons-dbcp2/commons-dbcp2_ubi_8.5.sh,https://github.com/apache/commons-dbcp.git
c/commons-digester,commons-digester,DIGESTER_2_1,java,,c/commons-digester/common-digester_ubi8.4.sh,https://github.com/apache/commons-digester.git
c/commons-digester,commons-digester,"1.8.1, 3.2",java,,c/commons-digester/commons-digester_rhel_7.6.sh,https://github.com/apache/commons-digester
c/commons-fileupload,commons-fileupload,1.4,java,,c/commons-fileupload/commons-fileupload_ubi_8.4.sh,https://github.com/apache/commons-fileupload.git
c/commons-fileupload,commons-fileupload,commons-fileupload-1.4,java,,c/commons-fileupload/commons-fileupload_ubi_8.3.sh,https://github.com/apache/commons-fileupload.git
c/commons-lang,commons-lang,3.17.0,java,,c/commons-lang/commons-lang_v3.17.0_ubi_9.5.sh,https://github.com/apache/commons-lang.git
c/commons-lang,commons-lang,"3.8, 3.9",java,,c/commons-lang/commons-lang_rhel_7.6.sh,https://github.com/apache/commons-lang
c/commons-lang,commons-lang,LANG_3_7,java,,c/commons-lang/commons-lang_ubi_8.4.sh,https://github.com/apache/commons-lang.git
c/commons-math3,commons-math3,MATH_3_6_1,java,,c/commons-math3/commons-math3_ubi8.4.sh,https://github.com/apache/commons-math.git
c/commons-math3,commons-math3,MATH_3_6_1,java,,c/commons-math3/commons-math3_rhel_7.4.sh,https://github.com/apache/commons-math.git
c/commons-math3,commons-math3,3.6.1,java,,c/commons-math3/commons_math3_rhel_7.6.sh,http://gitbox.apache.org/repos/asf/commons-math
c/commons-modeler,commons-modeler,2.0.1,java,,c/commons-modeler/Commons-Modeler_2.0.1_ubi_8.3.sh,https://repo1.maven.org/maven2/commons-modeler/commons-modeler
c/composer,composer,2.1.8,php,,c/composer/composer_ubi_8.5.sh,https://github.com/composer/composer
c/composer-merge-plugin,composer-merge-plugin,v1.4.0,php,,c/composer-merge-plugin/composer-merge-plugin_ubi8.sh,https://github.com/wikimedia/composer-merge-plugin
c/composer-merge-plugin,composer-merge-plugin,v2.0.0,php,,c/composer-merge-plugin/composer-merge-plugin_ubi_8.5.sh,https://github.com/wikimedia/composer-merge-plugin
c/configbump,configbump,v0.1.5,go,,c/configbump/configbump_ubi_8.5.sh,https://github.com/che-incubator/configbump
c/conftest,conftest,v0.30.0,go,,c/conftest/conftest_ubi_8.5.sh,https://github.com/open-policy-agent/conftest
c/consolidation_site-process,consolidation_site-process,4.1.0,php,,c/consolidation_site-process/consolidation_site-process_ubi_8.5.sh,https://github.com/consolidation/site-process.git
c/containerd__continuity,containerd__continuity,v0.0.0-20200413184840-d3ef23f19fbb,go,,c/containerd__continuity/containerd__continuity_rhel_8.3.sh,https://github.com/containerd/continuity
c/containerd__ttrpc,containerd__ttrpc,v1.0.1,go,,c/containerd__ttrpc/containerd__ttrpc_rhel_8.3.sh,https://github.com/containerd/ttrpc
c/contrib.go.opencensus.io__exporter__ocagent,contrib.go.opencensus.io__exporter__ocagent,v0.6.0,go,,c/contrib.go.opencensus.io__exporter__ocagent/contrib.go.opencensus.io__exporter__ocagent_rhel_8.3.sh,https://github.com/census-ecosystem/opencensus-go-exporter-ocagent
c/coredns,coredns,v1.8.6,go,,c/coredns/coredns_ubi_8.4.sh,http://github.com/coredns/coredns
c/coreos__go-semver,coreos__go-semver,568e959cd89871e61434c1143528d9162da89ef2,go,,c/coreos__go-semver/coreos__go-semver_rhel_8.3.sh,https://github.com/coreos/go-semver
c/cors_go,cors_go,v1.8.0,go,,c/cors_go/cors_ubi_8.5.sh,https://github.com/rs/cors
c/cpuguy83__go-md2man,cpuguy83__go-md2man,1.0.7,go,,c/cpuguy83__go-md2man/cpuguy83__go-md2man_rhel_8.3.sh,https://github.com/cpuguy83/go-md2man
c/cpuguy83__go-md2man__v2,cpuguy83__go-md2man__v2,v2.0.0-20190314233015-f79a8a8ca69d,go,,c/cpuguy83__go-md2man__v2/cpuguy83__go-md2man__v2_rhel_8.3.sh,https://github.com/cpuguy83/go-md2man
c/crass,crass,v1.0.3,ruby,,c/crass/crass_ubi_8.5.sh,https://github.com/rgrove/crass
c/crass,crass,v1.0.4,ruby,,c/crass/crass_ubi_8.4.sh,https://github.com/rgrove/crass
c/cron-util,cron-util,8.1.1,java,,c/cron-util/cron-util_ubi8.4.sh,https://github.com/jmrozanec/cron-utils.git
c/crypt,crypt,v0.0.3-0.20200106085610-5cbc8cc4026c,go,,c/crypt/crypt_ubi_8.4.sh,https://github.com/bketelsen/crypt
c/crypt,crypt,b2862e3d0a77,go,,c/crypt/crypt_master_ubi8.4.sh,https://github.com/xordataexchange/crypt
c/ctranslate2,ctranslate2,v4.5.0,python,,c/ctranslate2/ctranslate2_ubi_9.6.sh,https://github.com/OpenNMT/CTranslate2
c/cznic,cznic,v3.36.0,go,,c/cznic/cznic-cc_ubi_8.5.sh,https://gitlab.com/cznic/cc
c/cznic,cznic,v3.16.4,go,,c/cznic/cznic-ccgo_ubi_8.5.sh,modernc.org/ccgo/v3
c/cznic,cznic,v1.16.1,go,,c/cznic/cznic-libc_ubi_8.5.sh,https://gitlab.com/cznic/libc
c/cznic,cznic,v1.1.1,go,,c/cznic/cznic-memory_ubi_8.5.sh,https://gitlab.com/cznic/memory
c/cznic,cznic,1.0.0,go,,c/cznic/cznic_ubi_8.4.sh,https://github.com/cznic/internal
d/data-dog__go-sqlmock,data-dog__go-sqlmock,v1.5.0,go,,d/data-dog__go-sqlmock/data-dog__go-sqlmock_rhel_8.3.sh,https://github.com/data-dog/go-sqlmock
d/datadog-go,datadog-go,${1:-,go,,d/datadog-go/datadog-go_ubi_8.5.sh,https://github.com/DataDog/datadog-go
d/decimal,decimal,v1.3.1,go,,d/decimal/decimal_ubi_8.7.sh,https://github.com/shopspring/decimal
d/decimal,decimal,v0.0.0-20200227202807-02e2044944cc,go,,d/decimal/github.com__shopspring__decimal_rhel_8.3.sh,https://github.com/shopspring/decimal
d/deckarep__golang-set,deckarep__golang-set,v1.7.1,go,,d/deckarep__golang-set/deckarep__golang-set_rhel_8.3.sh,https://github.com/deckarep/golang-set
d/devportal,devportal,apic_v10.0.1.1,php,,d/devportal/devportal_ubi_8.5.sh.sh,https://github.com/ibm-apiconnect/devportal.git
d/dex,dex,v2.35.3,go,,d/dex/dex_v2.35.3_ubi_8.5.sh,https://github.com/dexidp/dex.git
d/dflydev-placeholder-resolver,dflydev-placeholder-resolver,v1.0.2,php,,d/dflydev-placeholder-resolver/dflydev-placeholder-resolver_8.5.sh,https://github.com/dflydev/dflydev-placeholder-resolver.git
d/dgrijalva__jwt-go,dgrijalva__jwt-go,3.2.0,go,,d/dgrijalva__jwt-go/dgrijalva__jwt-go_rhel_8.3.sh,https://github.com/dgrijalva/jwt-go
d/digest,digest,0.6.37,r,,d/digest/digest_ubi_9.3.sh,https://github.com/cran/digest.git
d/directory-server,directory-server,2.0.0.AM26,java,,d/directory-server/directory-server_v2.0.0.AM26_ubuntu_18.04.sh,https://github.com/apache/directory-server.git
d/directory-server,directory-server,2.0.0-M24,java,,d/directory-server/directory-server_rhel_7.4.sh,https://github.com/apache/directory-server
d/directory-server,directory-server,2.0.0-M24,java,,d/directory-server/directory-server_ubuntu_16.04.sh,https://github.com/apache/directory-server
d/disruptor,disruptor,f8d4db46f69e0da19739cbecb973a27498382984,java,,d/disruptor/com.lmax.disruptor_ubi_8.4.sh,https://github.com/LMAX-Exchange/disruptor
d/disruptor,disruptor,3.4.4,java,,d/disruptor/com.lmax.disruptor_ubi_8.3.sh,https://github.com/LMAX-Exchange/disruptor
d/docile,docile,v1.1.5,ruby,,d/docile/docile_ubi_8.5.sh,https://github.com/ms-ati/docile
d/docling,docling,v2.36.0,python,,d/docling/docling_v2.36.0_ubi9.5.sh,https://github.com/${PACKAGE_ORG}/${PACKAGE_NAME}.git
d/docling,docling,v2.60.1,python,,d/docling/docling_v2.60.1_ubi9.6.sh,https://github.com/${PACKAGE_ORG}/${PACKAGE_NAME}.git
d/doctrine__reflection,doctrine__reflection,1.2.0,php,,d/doctrine__reflection/doctrine-reflection_ubi_8.5.sh,https://github.com/doctrine/reflection
d/doctrine__reflection,doctrine__reflection,1.2,php,,d/doctrine__reflection/doctrine__reflection_rhel_8.3.sh,https://github.com/doctrine/reflection
d/doctrine_cache,doctrine_cache,1.10.2,php,,d/doctrine_cache/doctrine-cache_rhel_8.4.sh,https://github.com/doctrine/cache
d/drupal-acl,drupal-acl,8.x-1.0-beta1,php,,d/drupal-acl/drupal-acl_ubi_8.5.sh,https://git.drupalcode.org/project/acl
d/drupal-address,drupal-address,8.x-1.9,php,,d/drupal-address/drupal-address_ubi_8.5.sh,https://git.drupalcode.org/project/address.git
d/drupal-addtoany,drupal-addtoany,8.x-1.15,php,,d/drupal-addtoany/drupal-addtoany_ubi_8.5.sh,https://git.drupalcode.org/project/addtoany.git
d/drupal-admin_toolbar,drupal-admin_toolbar,3.0.0,php,,d/drupal-admin_toolbar/drupal-admin_toolbar_ubi_8.5.sh,https://git.drupalcode.org/project/admin_toolbar
d/drupal-adminimal_admin_toolbar,drupal-adminimal_admin_toolbar,8.x-1.11,php,,d/drupal-adminimal_admin_toolbar/drupal-adminimal_admin_toolbar_ubi_8.5.sh,https://git.drupalcode.org/project/adminimal_admin_toolbar
d/drupal-advagg,drupal-advagg,8.x-4.1,php,,d/drupal-advagg/drupal-advagg_ubi_8.5.sh,https://git.drupalcode.org/project/advagg
d/drupal-autocomplete_deluxe,drupal-autocomplete_deluxe,2.0.1,php,,d/drupal-autocomplete_deluxe/drupal-autocomplete_deluxe_ubi_8.5.sh,https://git.drupalcode.org/project/autocomplete_deluxe
d/drupal-autologout,drupal-autologout,8.x-1.3,php,,d/drupal-autologout/drupal-autologout_ubi_8.5.sh,https://git.drupalcode.org/project/autologout
d/drupal-blazy,drupal-blazy,8.x-2.5,php,,d/drupal-blazy/drupal-blazy_ubi_8.5.sh,https://git.drupalcode.org/project/blazy
d/drupal-blog,drupal-blog,8.x-2.x,php,,d/drupal-blog/drupal-blog_ubi_8.5.sh,https://git.drupalcode.org/project/blog
d/drupal-bootstrap,drupal-bootstrap,8.x-3.x,php,,d/drupal-bootstrap/drupal-bootstrap_ubi_8.5.sh,https://git.drupalcode.org/project/bootstrap
d/drupal-bootstrap_site_alert,drupal-bootstrap_site_alert,8.x-1.9,php,,d/drupal-bootstrap_site_alert/drupal-bootstrap_site_alert_ubi_8.5.sh,https://git.drupalcode.org/project/bootstrap_site_alert
d/drupal-captcha,drupal-captcha,8.x-1.2,php,,d/drupal-captcha/drupal-captcha_UBI_8.5.sh,https://git.drupalcode.org/project/captcha
d/drupal-config_update,drupal-config_update,8.x-1.7,php,,d/drupal-config_update/drupal-config_update_ubi_8.5.sh,https://git.drupalcode.org/project/config_update
d/drupal-contact_block,drupal-contact_block,8.x-2.x,php,,d/drupal-contact_block/drupal-contact_block_ubi_8.5.sh,https://git.drupalcode.org/project/contact_block.git
d/drupal-contact_storage,drupal-contact_storage,8.x-1.1,php,,d/drupal-contact_storage/drupal-contact_storage_ubi_8.5.sh,https://git.drupalcode.org/project/contact_storage
d/drupal-content_browser,drupal-content_browser,8.x-1.0,php,,d/drupal-content_browser/drupal-content_browser_ubi_8.5.sh,https://git.drupalcode.org/project/content_browser
d/drupal-crop,drupal-crop,8.x-2.1,php,,d/drupal-crop/drupal-crop_ubi_8.5.sh,https://git.drupalcode.org/project/crop
d/drupal-cshs,drupal-cshs,8.x-3.x,php,,d/drupal-cshs/drupal-cshs_ubi_8.5.sh,https://git.drupalcode.org/project/cshs
d/drupal-drush_language,drupal-drush_language,8.x-1.0-rc4,php,,d/drupal-drush_language/drupal-drush_language_ubi_8.5.sh,https://git.drupalcode.org/project/drush_language.git
d/drupal-entity_browser_enhanced,drupal-entity_browser_enhanced,8.x-1.0,php,,d/drupal-entity_browser_enhanced/drupal-entity_browser_enhanced_ubi_8.5.sh,https://git.drupalcode.org/project/entity_browser_enhanced.git
d/drupal-eu_cookie_compliance,drupal-eu_cookie_compliance,8.x-1.14,php,,d/drupal-eu_cookie_compliance/drupal-eu_cookie_compliance_ubi_8.5.sh,https://git.drupalcode.org/project/eu-cookie-compliance
d/drupal-externalauth,drupal-externalauth,8.x-1.3,php,,d/drupal-externalauth/drupal-externalauth_ubi_8.5.sh,https://git.drupalcode.org/project/externalauth
d/drupal-extlink,drupal-extlink,8.x-1.6,php,,d/drupal-extlink/drupal-extlink_ubi_8.5.sh,https://git.drupalcode.org/project/extlink
d/drupal-facets,drupal-facets,8.x-1.8,php,,d/drupal-facets/drupal-facets_ubi_8.5.sh,https://git.drupalcode.org/project/facets
d/drupal-facets_pretty_paths,drupal-facets_pretty_paths,8.x-1.1,php,,d/drupal-facets_pretty_paths/drupal-facets_pretty_paths_ubi_8.5.sh,https://git.drupalcode.org/project/facets_pretty_paths
d/drupal-faqfield,drupal-faqfield,8.x-7.0,php,,d/drupal-faqfield/drupal-faqfield_ubi_8.5.sh,https://git.drupalcode.org/project/faqfield.git
d/drupal-field_encrypt,drupal-field_encrypt,8.x-2.0-alpha2,php,,d/drupal-field_encrypt/drupal-field_encrypt_ubi_8.5.sh,https://git.drupalcode.org/project/field_encrypt
d/drupal-field_group,drupal-field_group,8.x-3.1,php,,d/drupal-field_group/drupal-field_group_ubi_8.5.sh,https://git.drupalcode.org/project/field_group
d/drupal-file_browser,drupal-file_browser,8.x-1.3,php,,d/drupal-file_browser/drupal-file_browser_ubi_8.5.sh,https://git.drupalcode.org/project/file_browser
d/drupal-flood_unblock,drupal-flood_unblock,3.2.0,php,,d/drupal-flood_unblock/drupal-flood_unblock_ubi_8.5.sh,https://git.drupalcode.org/project/flood_unblock.git
d/drupal-focal_point,drupal-focal_point,8.x-1.5,php,,d/drupal-focal_point/drupal-focal_point_ubi_8.5.sh,https://git.drupalcode.org/project/focal_point.git
d/drupal-graphql,drupal-graphql,8.x-3.1,php,,d/drupal-graphql/drupal-graphql_ubi_8.5.sh,https://git.drupalcode.org/project/graphql
d/drupal-graphql_twig,drupal-graphql_twig,8.x-1.0-alpha5,php,,d/drupal-graphql_twig/drupal-graphql_twig_ubi_8.5.sh,https://git.drupalcode.org/project/graphql_twig.git/
d/drupal-gutenberg,drupal-gutenberg,8.x-1.14,php,,d/drupal-gutenberg/drupal-gutenberg_ubi_8.5.sh,https://git.drupalcode.org/project/gutenberg.git
d/drupal-health_check,drupal-health_check,8.x-1.3,php,,d/drupal-health_check/drupal-health_check_ubi_8.5.sh,https://git.drupalcode.org/project/health_check.git
d/drupal-hierarchical_taxonomy_menu,drupal-hierarchical_taxonomy_menu,8.x-1.42,php,,d/drupal-hierarchical_taxonomy_menu/drupal-hierarchical_taxonomy_menu_ubi_8.5.sh,https://git.drupalcode.org/project/hierarchical_taxonomy_menu
d/drupal-intense,drupal-intense,8.x-2.3,php,,d/drupal-intense/drupal-intense_ubi_8.5.sh,https://git.drupalcode.org/project/intense.git
d/drupal-jquery_ui_accordion,drupal-jquery_ui_accordion,8.x-1.1,php,,d/drupal-jquery_ui_accordion/drupal-jquery_ui_accordion_ubi_8.5.sh,https://git.drupalcode.org/project/jquery_ui_accordion
d/drupal-jquery_ui_datepicker,drupal-jquery_ui_datepicker,8.x-1.1,php,,d/drupal-jquery_ui_datepicker/drupal-jquery_ui_datepicker_ubi_8.5.sh,https://git.drupalcode.org/project/jquery_ui_datepicker
d/drupal-jquery_ui_slider,drupal-jquery_ui_slider,8.x-1.1,php,,d/drupal-jquery_ui_slider/drupal-jquery_ui_slider_ubi_8.5.sh,https://git.drupalcode.org/project/jquery_ui_slider
d/drupal-jwt,drupal-jwt,8.x-1.0-rc1,php,,d/drupal-jwt/drupal-jwt-ubi_8.5.sh,https://git.drupalcode.org/project/jwt
d/drupal-key,drupal-key,8.x-1.14,php,,d/drupal-key/drupal-key_ubi_8.5.sh,https://git.drupalcode.org/project/key
d/drupal-lang_dropdown,drupal-lang_dropdown,8.x-2.0-beta4,php,,d/drupal-lang_dropdown/drupal-lang_dropdown_ubi_8.5.sh,https://git.drupalcode.org/project/lang_dropdown
d/drupal-languageicons,drupal-languageicons,8.x-1.0-beta3,php,,d/drupal-languageicons/drupal-languageicons_ubi_8.5.sh,https://git.drupalcode.org/project/languageicons
d/drupal-linkit,drupal-linkit,6.0.0-beta3,php,,d/drupal-linkit/drupal-linkit_UBI_8.5.sh,https://git.drupalcode.org/project/linkit
d/drupal-login_security,drupal-login_security,2.0.0,php,,d/drupal-login_security/drupal-login_security_ubi_8.5.sh,https://git.drupalcode.org/project/login_security
d/drupal-masonry,drupal-masonry,8.x-1.2,php,,d/drupal-masonry/drupal-masonry_ubi_8.5.sh,https://git.drupalcode.org/project/masonry
d/drupal-masonry_views,drupal-masonry_views,8.x-1.1,php,,d/drupal-masonry_views/drupal-masonry_views_ubi_8.5.sh,https://git.drupalcode.org/project/masonry_views
d/drupal-media_entity_twitter,drupal-media_entity_twitter,8.x-2.7,php,,d/drupal-media_entity_twitter/drupal-media_entity_twitter_ubi_8.5.sh,https://git.drupalcode.org/project/media_entity_twitter
d/drupal-message_subscribe,drupal-message_subscribe,8.x-1.x,php,,d/drupal-message_subscribe/drupal-message_subscribe_ubi_8.5.sh,https://git.drupalcode.org/project/message_subscribe.git
d/drupal-mimemail,drupal-mimemail,8.x-1.0-alpha3,php,,d/drupal-mimemail/drupal-mimemail_ubi_8.5.sh,https://git.drupalcode.org/project/mimemail
d/drupal-openapi,drupal-openapi,8.x-2.0,php,,d/drupal-openapi/drupal-openapi_UBI_8.5.sh,https://git.drupalcode.org/project/openapi
d/drupal-password_policy,drupal-password_policy,8.x-3.0,php,,d/drupal-password_policy/drupal-password_policy_UBI_8.5.sh,https://git.drupalcode.org/project/password_policy
d/drupal-recaptcha,drupal-recaptcha,8.x-3.0,php,,d/drupal-recaptcha/drupal-recaptcha_ubi_8.5.sh,https://git.drupalcode.org/project/recaptcha
d/drupal-restui,drupal-restui,8.x-1.20,php,,d/drupal-restui/drupal-restui_ubi_8.5.sh,https://git.drupalcode.org/project/restui
d/drupal-rules,drupal-rules,8.x-3.x,php,,d/drupal-rules/drupal-rules_ubi_8.5.sh,https://git.drupalcode.org/project/rules
d/drupal-scheduler,drupal-scheduler,8.x-1.4,php,,d/drupal-scheduler/drupal-scheduler_ubi_8.5.sh,https://git.drupalcode.org/project/scheduler.git
d/drupal-schema_metatag,drupal-schema_metatag,8.x-1.8,php,,d/drupal-schema_metatag/drupal-schema_metatag_ubi_8.5.sh,https://git.drupalcode.org/project/schema_metatag
d/drupal-search_api,drupal-search_api,8.x-1.20,php,,d/drupal-search_api/drupal-search_api_ubi_8.5.sh,https://git.drupalcode.org/project/search_api
d/drupal-search_api_autocomplete,drupal-search_api_autocomplete,8.x-1.5,php,,d/drupal-search_api_autocomplete/drupal-search_api_autocomplete_ubi_8.5.sh,https://git.drupalcode.org/project/search_api_autocomplete.git
d/drupal-securitytxt,drupal-securitytxt,8.x-1.2,php,,d/drupal-securitytxt/drupal-securitytxt_UBI_8.5.sh,https://git.drupalcode.org/project/securitytxt
d/drupal-simple_sitemap,drupal-simple_sitemap,8.x-1.2,php,,d/drupal-simple_sitemap/drupal-simple_sitemap_UBI_8.5.sh,https://git.drupalcode.org/project/simple_sitemap
d/drupal-slick_extras,drupal-slick_extras,8.x-1.0-rc5,php,,d/drupal-slick_extras/drupal-slick_extras_UBI_8.5.sh,https://git.drupalcode.org/project/slick_extras
d/drupal-social_api,drupal-social_api,8.x-2.0-rc4,php,,d/drupal-social_api/drupal-social_api_ubi_8.5.sh,https://git.drupalcode.org/project/social_api
d/drupal-superfish,drupal-superfish,8.x-1.4,php,,d/drupal-superfish/drupal-superfish_ubi_8.5.sh,https://git.drupalcode.org/project/superfish
d/drupal-terms_of_use,drupal-terms_of_use,8.x-2.2,php,,d/drupal-terms_of_use/drupal-terms_of_use_ubi_8.5.sh,https://git.drupalcode.org/project/terms_of_use
d/drupal-twig_tweak,drupal-twig_tweak,3.1.3,php,,d/drupal-twig_tweak/drupal-twig_tweak_ubi_8.5.sh,https://git.drupalcode.org/project/twig_tweak
d/drupal-typed_data,drupal-typed_data,8.x-1.0-alpha5,php,,d/drupal-typed_data/drupal-typed_data_ubi_8.5.sh,https://git.drupalcode.org/project/typed_data
d/drupal-views_bootstrap,drupal-views_bootstrap,5.3.x,php,,d/drupal-views_bootstrap/drupal-views_bootstrap_ubi_8.5.sh,https://git.drupalcode.org/project/views_bootstrap
d/drupal-views_data_export,drupal-views_data_export,8.x-1.0,php,,d/drupal-views_data_export/drupal-views_data_export_ubi_8.5.sh,https://git.drupalcode.org/project/views_data_export
d/drupal-views_infinite_scroll,drupal-views_infinite_scroll,8.x-1.x,php,,d/drupal-views_infinite_scroll/drupal-views_infinite_scroll_ubi_8.5.sh,https://git.drupalcode.org/project/views_infinite_scroll
d/drupal-views_slideshow,drupal-views_slideshow,8.x-4.8,php,,d/drupal-views_slideshow/drupal-views_slideshow_ubi_8.5.sh,https://git.drupalcode.org/project/views_slideshow
d/drupal-views_taxonomy_term_name_depth,drupal-views_taxonomy_term_name_depth,dev,php,,d/drupal-views_taxonomy_term_name_depth/drupal-views_taxonomy_term_name_depth_ubi_8.5.sh,https://git.drupalcode.org/project/views_taxonomy_term_name_depth
d/drupal-votingapi,drupal-votingapi,8.x-3.x,php,,d/drupal-votingapi/drupal-votingapi_ubi_8.5.sh,https://git.drupalcode.org/project/votingapi
d/drupal-warmer,drupal-warmer,2.0.3,php,,d/drupal-warmer/drupal-warmer_ubi_8.5.sh,https://git.drupalcode.org/project/warmer
d/drupal-workbench,drupal-workbench,8.x-1.3,php,,d/drupal-workbench/drupal-workbench_ubi_8.5.sh,https://git.drupalcode.org/project/workbench.git
d/drupal_libraries,drupal_libraries,8.x-3.0-beta1,php,,d/drupal_libraries/drupal_libraries_ubi_8.5.sh,https://git.drupalcode.org/project/libraries.git
d/drupal_mailsystem,drupal_mailsystem,8.x-4.3,php,,d/drupal_mailsystem/drupal_mailsystem_ubi_8.5.sh,https://git.drupalcode.org/project/mailsystem
d/drupal_message,drupal_message,8.x-1.2,php,,d/drupal_message/drupal_message_ubi_8.5.sh,https://git.drupalcode.org/project/message
d/drush,drush,10.x,php,,d/drush/drush_ubi_8.5.sh,https://github.com/drush-ops/drush
d/dsnet__compress,dsnet__compress,0.0.1,go,,d/dsnet__compress/dsnet__compress_rhel_8.3.sh,https://github.com/dsnet/compress
e/Etienne42__testrail,Etienne42__testrail,9def6bd24a47723c046553ec5504f9ee54b73f9e,go,,e/Etienne42__testrail/Etienne42__testrail_rhel_8.3.sh,https://github.com/etienne42/testrail
e/easyjson,easyjson,${1:-,go,,e/easyjson/easyjson_ubi_8.3.sh,https://github.com/mailru/easyjson
e/easyjson,easyjson,2f5df55504ebc322e4d52d34df6a1f5b503bf26d,go,,e/easyjson/easyjson_ubi_8.5.sh,https://github.com/mailru/easyjson
e/elastic,elastic,v7.0.22,go,,e/elastic/elastic_ubi_8.5.sh,https://github.com/olivere/elastic
e/elasticsearch,elasticsearch,7.17.14,java,,e/elasticsearch/elasticsearch_v7.17.14_ubi_9.3.sh,https://github.com/elastic/elasticsearch.git
e/elasticsearch,elasticsearch,7.17.28,java,,e/elasticsearch/elasticsearch_v7.17.28_ubi_9.6.sh,https://github.com/elastic/elasticsearch.git
e/elasticsearch,elasticsearch,${SCRIPT_PACKAGE_VERSION},java,,e/elasticsearch/elasticsearch_v8.18.6_ubi_9.6.sh,https://github.com/elastic/elasticsearch.git
e/elasticsearch,elasticsearch,,node,,e/elasticsearch/Dockerfiles/7.11.2_ubi_8/bin/docker-entrypoint.sh,
e/elasticsearch,elasticsearch,5.5.3,java,,e/elasticsearch/elasticsearch_5.5.3_rhel_7.4.sh,https://github.com/elastic/elasticsearch.git
e/elasticsearch,elasticsearch,5.6.3,java,,e/elasticsearch/elasticsearch_5.6.3_rhel_7.4.sh,https://github.com/elastic/elasticsearch.git
e/elasticsearch,elasticsearch,6.5.4,java,,e/elasticsearch/elasticsearch_6.5.4_rhel_7.6.sh,https://github.com/elastic/elasticsearch.git
e/elasticsearch,elasticsearch,6.5.4,java,,e/elasticsearch/elasticsearch_6.5.4_ubuntu_18.04.sh,https://github.com/elastic/elasticsearch.git
e/elasticsearch,elasticsearch,6.7.2,java,,e/elasticsearch/elasticsearch_6.7.2_rhel_7.6.sh,https://github.com/elastic/elasticsearch.git
e/elasticsearch,elasticsearch,7.2.1,java,,e/elasticsearch/elasticsearch_7.2.1_rhel_7.6.sh,https://github.com/elastic/elasticsearch.git
e/elasticsearch,elasticsearch,7.4,java,,e/elasticsearch/elasticsearch_7.4_rhel_7.6.sh,https://github.com/elastic/elasticsearch.git
e/elasticsearch,elasticsearch,7.6.0,java,,e/elasticsearch/elasticsearch_7.6.0_rhel_7.6.sh,https://github.com/elastic/elasticsearch.git
e/elasticsearch,elasticsearch,7.8.0,java,,e/elasticsearch/elasticsearch_7.8.0_rhel_7.6.sh,https://github.com/elastic/elasticsearch.git
e/elasticsearch,elasticsearch,7.8.1,java,,e/elasticsearch/elasticsearch_7.8.1_rhel_8.3.sh,https://github.com/elastic/elasticsearch.git
e/elasticsearch,elasticsearch,7.9.1,java,,e/elasticsearch/elasticsearch_7.9.1_rhel_7.6.sh,https://github.com/elastic/elasticsearch.git
e/elasticsearch,elasticsearch,v7.11.2,java,,e/elasticsearch/elasticsearch_v7.11.2_ubi_8.5.sh,https://github.com/elastic/elasticsearch.git
e/elasticsearch,elasticsearch,v7.12.0,java,,e/elasticsearch/elasticsearch_v7.12.0_ubi_8.5.sh,https://github.com/elastic/elasticsearch.git
e/elasticsearch,elasticsearch,7.13.0,java,,e/elasticsearch/elasticsearch_v7.13.0_ubi_8.5.sh,https://github.com/elastic/elasticsearch.git
e/elasticsearch,elasticsearch,7.16.3,java,,e/elasticsearch/elasticsearch_v7.16.3_ubi_8.5.sh,https://github.com/elastic/elasticsearch.git
e/elasticsearch,elasticsearch,7.17.10,java,,e/elasticsearch/elasticsearch_v7.17.10_ubi_8.5.sh,https://github.com/elastic/elasticsearch.git
e/elasticsearch,elasticsearch,7.17.2,java,,e/elasticsearch/elasticsearch_v7.17.2_ubi_8.5.sh,https://github.com/elastic/elasticsearch.git
e/elasticsearch,elasticsearch,8.1.0,java,,e/elasticsearch/elasticsearch_v8.1.0_ubi_8.5.sh,https://github.com/elastic/elasticsearch.git
e/elasticsearch,elasticsearch,8.1.1,java,,e/elasticsearch/elasticsearch_v8.1.1_ubi_8.5.sh,https://github.com/elastic/elasticsearch.git
e/elasticsearch,elasticsearch,8.2.1,java,,e/elasticsearch/elasticsearch_v8.2.1_ubi_8.5.sh,https://github.com/elastic/elasticsearch.git
e/elasticsearch,elasticsearch,8.3.2,java,,e/elasticsearch/elasticsearch_v8.3.2_ubi_8.5.sh,https://github.com/elastic/elasticsearch.git
e/elazarl__go-bindata-assetfs,elazarl__go-bindata-assetfs,3dcc96556217539f50599357fb481ac0dc7439b9,go,,e/elazarl__go-bindata-assetfs/elazarl__go-bindata-assetfs_rhel_8.3.sh,https://github.com/elazarl/go-bindata-assetfs
e/emicklei__go-restful,emicklei__go-restful,ff4f55a206334ef123e4f79bbf348980da81ca46,go,,e/emicklei__go-restful/emicklei__go-restful_rhel_8.3.sh,https://github.com/emicklei/go-restful
e/emicklei__go-restful-swagger12,emicklei__go-restful-swagger12,dcef7f55730566d41eae5db10e7d6981829720f6,go,,e/emicklei__go-restful-swagger12/emicklei__go-restful-swagger12_rhel_8.3.sh,https://github.com/emicklei/go-restful-swagger12
e/emogrifier,emogrifier,v5.0.0,php,,e/emogrifier/emogrifier_8.5.sh,https://github.com/MyIntervals/emogrifier.git
e/envoyproxy__go-control-plane,envoyproxy__go-control-plane,v0.9.9-0.20201210154907-fd9021fe5dad,go,,e/envoyproxy__go-control-plane/envoyproxy__go-control-plane_rhel_8.3.sh,https://github.com/envoyproxy/go-control-plane
e/errors,errors,v0.22.0,go,,e/errors/errors_ubi_8.7.sh,https://github.com/go-openapi/errors
e/errors,errors,v0.19.2,go,,e/errors/github.com__go-openapi__errors_rhel_8.3.sh,https://github.com/go-openapi/errors
e/errors,errors,d24ebc2075bad502fac3a8ae27aa6dd58e1952dc,go,,e/errors/go-openapi__errors_rhel_8.3.sh,https://github.com/go-openapi/errors
e/erubi,erubi,1.10.0,ruby,,e/erubi/erubi_ubi8.4.sh,https://github.com/jeremyevans/erubi
e/esapi-java-legacy,esapi-java-legacy,2.2.3.1,java,,e/esapi-java-legacy/esapi-java-legacy_ubi_8.5.sh,https://github.com/ESAPI/esapi-java-legacy
e/esc,esc,${1:-,go,,e/esc/esc_8.5.sh,https://github.com/mjibson/esc.git
e/etcd_bbolt,etcd_bbolt,v1.3.3,go,,e/etcd_bbolt/etcd_bbolt_ubi8.4.sh,https://github.com/etcd-io/bbolt
e/evanphx__json-patch,evanphx__json-patch,v4.9.0+incompatible,go,,e/evanphx__json-patch/evanphx__json-patch_rhel_8.3.sh,https://github.com/evanphx/json-patch
e/evanphx__json-patch,evanphx__json-patch,94e38aa1586e8a6c8a75770bddf5ff84c48a106b,go,,e/evanphx__json-patch/evanphx_json-patch_ubi_8.5.sh,https://github.com/evanphx/json-patch
e/exam,exam,0.10.6,python,,e/exam/exam_rhel_8.3.sh,https://github.com/fluxx/exam
e/expander,expander,1.0.0,php,,e/expander/expander_UBI_8.5.sh,https://github.com/grasmash/expander.git
e/external-snapshotter,external-snapshotter,cd45bdb,go,,e/external-snapshotter/external-snapshotter_ubi_8.4.sh,http://github.com/kubernetes-csi/external-snapshotter
f/ffmpeg,ffmpeg,n7.1,python,,f/ffmpeg/ffmpeg_ubi_9.3.sh,https://github.com/FFmpeg/FFmpeg
f/file_upload_secure_validator,file_upload_secure_validator,8.x-1.4,php,,f/file_upload_secure_validator/file_upload_secure_validator_ubi_8.5.sh,https://git.drupalcode.org/project/file_upload_secure_validator.git
f/filebrowser,filebrowser,${1:-,go,,f/filebrowser/filebrowser_ubi_8.7.sh,https://github.com/filebrowser/filebrowser
f/filetype,filetype,v1.0.5,go,,f/filetype/filetype_ubi_8.4.sh,https://github.com/h2non/filetype
f/flake8-2020,flake8-2020,1.6.0,python,,f/flake8-2020/flake8-2020_rhel_8.3.sh,https://github.com/asottile/flake8-2020
f/flect,flect,v1.0.2,go,,f/flect/flect_ubi_8.7.sh,https://github.com/gobuffalo/flect
f/flect,flect,v0.2.1,go,,f/flect/github.com__gobuffalo__flect_rhel_8.3.sh,https://github.com/gobuffalo/flect
f/flog,flog,v4.6.2,ruby,,f/flog/flog_ubi_8.4.sh,https://github.com/seattlerb/flog
f/form3tech-oss__jwt-go,form3tech-oss__jwt-go,v3.2.2+incompatible,go,,f/form3tech-oss__jwt-go/form3tech-oss__jwt-go_rhel_8.3.sh,https://github.com/form3tech-oss/jwt-go
f/franela__goblin,franela__goblin,v0.0.0-20200105215937-c9ffbefa60db,go,,f/franela__goblin/franela__goblin_rhel_8.3.sh,https://github.com/franela/goblin
f/fsnotify,fsnotify,v1.5.1,go,,f/fsnotify/fsnotify_ubi_8.3.sh,https://github.com/fsnotify/fsnotify.git
f/fvbommel__sortorder,fvbommel__sortorder,v1.0.1,go,,f/fvbommel__sortorder/fvbommel__sortorder_rhel_8.3.sh,https://github.com/fvbommel/sortorder
g/GoLLRB,GoLLRB,ae3b015,go,,g/GoLLRB/GoLLRRB_ubi_8.4.sh,https://github.com/petar/GoLLRB
g/gemoji,gemoji,3.0.0,ruby,,g/gemoji/gemoji_rhel_8.3.sh,https://github.com/github/gemoji
g/generic_admission_server,generic_admission_server,v1.14.0,go,,g/generic_admission_server/generic-admission-server_ubi_8.5.sh,https://github.com/openshift/generic-admission-server.git
g/genproto,genproto,v0.0.0-20211207154714-918901c715cf,go,,g/genproto/genproto_ubi_8.5.sh,https://pkg.go.dev/google.golang.org/genproto
g/geo,geo,5b978397cfec,go,,g/geo/geo_ubi_8.5.sh,https://github.com/golang/geo.git
g/gethostname4j,gethostname4j,v0.0.2,java,,g/gethostname4j/gethostname4j_ubi_8.5.sh,https://github.com/mattsheppard/gethostname4j
g/ghodss__yaml,ghodss__yaml,73d445a93680fa1a78ae23a5839bad48f32ba1ee,go,,g/ghodss__yaml/ghodss__yaml_rhel_8.3.sh,https://github.com/ghodss/yaml
g/ghodss__yaml,ghodss__yaml,v1.0.0,go,,g/ghodss__yaml/ghodss_yaml_ubi_8.5.sh,https://github.com/ghodss/yaml
g/github.com-jeffashton-win_pdh,github.com-jeffashton-win_pdh,v0.0.0-20161109143554-76bb4ee9f0ab,go,,g/github.com-jeffashton-win_pdh/github.com-jeffashton-win_pdh_ubi_8.5.sh,https://github.com/jeffashton/win_pdh
g/github.com-maorfr-helm-plugin-utils,github.com-maorfr-helm-plugin-utils,v0.0.0-20200216074820-36d2fcf6ae86,go,,g/github.com-maorfr-helm-plugin-utils/github.com-maorfr-helm-plugin-utils_ubi_8.5.sh,https://github.com/maorfr/helm-plugin-utils
g/github.com-niemeyer-pretty,github.com-niemeyer-pretty,v0.0.0-20200227124842-a10e7caefd8e,go,,g/github.com-niemeyer-pretty/github.com-niemeyer-pretty_ubi_8.5.sh,https://github.com/niemeyer/pretty
g/github.com-shopify-logrus-bugsnag,github.com-shopify-logrus-bugsnag,v0.0.0-20171204204709-577dee27f20d,go,,g/github.com-shopify-logrus-bugsnag/github.com-shopify-logrus-bugsnag_ubi_8.5.sh,https://github.com/Shopify/logrus-bugsnag
g/github.com__Etienne42__testrail,github.com__Etienne42__testrail,9def6bd24a47723c046553ec5504f9ee54b73f9e,go,,g/github.com__Etienne42__testrail/github.com__Etienne42__testrail_rhel_8.3.sh,https://github.com/etienne42/testrail
g/github.com__Etienne42__testrail,github.com__Etienne42__testrail,9def6bd24a47723c046553ec5504f9ee54b73f9e,go,,g/github.com__Etienne42__testrail/github.com__Etienne42__testrail_ubi_8.5.sh,https://github.com/etienne42/testrail
g/github.com__alecthomas__template,github.com__alecthomas__template,v0.0.0-20190718012654-fb15b899a751,go,,g/github.com__alecthomas__template/github.com__alecthomas__template_rhel_8.3.sh,https://github.com/alecthomas/template
g/github.com__alecthomas__units,github.com__alecthomas__units,v0.0.0-20190924025748-f65c72e2690d,go,,g/github.com__alecthomas__units/github.com__alecthomas__units_rhel_8.3.sh,https://github.com/alecthomas/units
g/github.com__alvaroloes__enumer,github.com__alvaroloes__enumer,v1.1.2,go,,g/github.com__alvaroloes__enumer/github.com__alvaroloes__enumer_rhel_8.3.sh,https://github.com/alvaroloes/enumer
g/github.com__andreyvit__diff,github.com__andreyvit__diff,v0.0.0-20170406064948-c7f18ee00883,go,,g/github.com__andreyvit__diff/github.com__andreyvit__diff_rhel_8.3.sh,https://github.com/andreyvit/diff
g/github.com__andybalholm__brotli,github.com__andybalholm__brotli,v0.0.0-20190621154722-5f990b63d2d6,go,,g/github.com__andybalholm__brotli/github.com__andybalholm__brotli_rhel_8.3.sh,https://github.com/andybalholm/brotli
g/github.com__antihax__optional,github.com__antihax__optional,v1.0.0,go,,g/github.com__antihax__optional/github.com__antihax__optional_rhel_8.3.sh,https://github.com/antihax/optional
g/github.com__armon__circbuf,github.com__armon__circbuf,v0.0.0-20150827004946-bbbad097214e,go,,g/github.com__armon__circbuf/github.com__armon__circbuf_rhel_8.3.sh,https://github.com/armon/circbuf
g/github.com__armon__go-metrics,github.com__armon__go-metrics,v0.3.0,go,,g/github.com__armon__go-metrics/github.com__armon__go-metrics_rhel_8.3.sh,https://github.com/armon/go-metrics
g/github.com__armon__go-radix,github.com__armon__go-radix,v1.0.0,go,,g/github.com__armon__go-radix/github.com__armon__go-radix_rhel_8.3.sh,https://github.com/armon/go-radix
g/github.com__asaskevich__eventbus,github.com__asaskevich__eventbus,v0.0.0-20200428142821-4fc0642a29f3,go,,g/github.com__asaskevich__eventbus/github.com__asaskevich__eventbus_rhel_8.3.sh,https://github.com/asaskevich/eventbus
g/github.com__asaskevich__govalidator,github.com__asaskevich__govalidator,v0.0.0-20200428143746-21a406dcc535,go,,g/github.com__asaskevich__govalidator/github.com__asaskevich__govalidator_rhel_8.3.sh,https://github.com/asaskevich/govalidator
g/github.com__asdine__storm,github.com__asdine__storm,v2.2.1,go,,g/github.com__asdine__storm/github.com__asdine__storm_rhel_8.3.sh,https://github.com/asdine/storm
g/github.com__auth0__go-jwt-middleware,github.com__auth0__go-jwt-middleware,v0.0.0-20170425171159-5493cabe49f7,go,,g/github.com__auth0__go-jwt-middleware/github.com__auth0__go-jwt-middleware_rhel_8.3.sh,https://github.com/auth0/go-jwt-middleware
g/github.com__aws__aws-sdk-go,github.com__aws__aws-sdk-go,v1.25.48,go,,g/github.com__aws__aws-sdk-go/github.com__aws__aws-sdk-go_rhel_8.3.sh,https://github.com/aws/aws-sdk-go
g/github.com__aws__aws-sdk-go-v2,github.com__aws__aws-sdk-go-v2,v0.18.0,go,,g/github.com__aws__aws-sdk-go-v2/github.com__aws__aws-sdk-go-v2_rhel_8.3.sh,https://github.com/aws/aws-sdk-go-v2
g/github.com__aymerick__raymond,github.com__aymerick__raymond,v2.0.1,go,,g/github.com__aymerick__raymond/github.com__aymerick__raymond_rhel_8.3.sh,https://github.com/aymerick/raymond
g/github.com__azure__azure-sdk-for-go,github.com__azure__azure-sdk-for-go,v36.1.0+incompatible,go,,g/github.com__azure__azure-sdk-for-go/github.com__azure__azure-sdk-for-go_rhel_8.3.sh,https://github.com/azure/azure-sdk-for-go
g/github.com__azure__go-ansiterm,github.com__azure__go-ansiterm,v0.0.0-20170929234023-d6e3b3328b78,go,,g/github.com__azure__go-ansiterm/github.com__azure__go-ansiterm_rhel_8.3.sh,https://github.com/azure/go-ansiterm
g/github.com__azure__go-autorest,github.com__azure__go-autorest,v14.2.0+incompatible,go,,g/github.com__azure__go-autorest/github.com__azure__go-autorest_rhel_8.3.sh,https://github.com/azure/go-autorest
g/github.com__azure__go-autorest__autorest__adal,github.com__azure__go-autorest__autorest__adal,v0.8.1-0.20191028180845-3492b2aff503,go,,g/github.com__azure__go-autorest__autorest__adal/github.com__azure__go-autorest__autorest__adal_rhel_8.3.sh,https://github.com/azure/go-autorest
g/github.com__azure__go-autorest__autorest__date,github.com__azure__go-autorest__autorest__date,v0.2.0,go,,g/github.com__azure__go-autorest__autorest__date/github.com__azure__go-autorest__autorest__date_rhel_8.3.sh,https://github.com/azure/go-autorest
g/github.com__azure__go-autorest__autorest__mocks,github.com__azure__go-autorest__autorest__mocks,v0.3.0,go,,g/github.com__azure__go-autorest__autorest__mocks/github.com__azure__go-autorest__autorest__mocks_rhel_8.3.sh,https://github.com/azure/go-autorest
g/github.com__azure__go-autorest__autorest__to,github.com__azure__go-autorest__autorest__to,v0.4.0,go,,g/github.com__azure__go-autorest__autorest__to/github.com__azure__go-autorest__autorest__to_rhel_8.3.sh,https://github.com/azure/go-autorest
g/github.com__azure__go-autorest__autorest__validation,github.com__azure__go-autorest__autorest__validation,v0.3.0,go,,g/github.com__azure__go-autorest__autorest__validation/github.com__azure__go-autorest__autorest__validation_rhel_8.3.sh,https://github.com/azure/go-autorest
g/github.com__azure__go-autorest__logger,github.com__azure__go-autorest__logger,v0.1.0,go,,g/github.com__azure__go-autorest__logger/github.com__azure__go-autorest__logger_rhel_8.3.sh,https://github.com/azure/go-autorest
g/github.com__azure__go-autorest__tracing,github.com__azure__go-autorest__tracing,v0.5.0,go,,g/github.com__azure__go-autorest__tracing/github.com__azure__go-autorest__tracing_rhel_8.3.sh,https://github.com/azure/go-autorest
g/github.com__bep__debounce,github.com__bep__debounce,v1.2.0,go,,g/github.com__bep__debounce/github.com__bep__debounce_rhel_8.3.sh,https://github.com/bep/debounce
g/github.com__bgentry__speakeasy,github.com__bgentry__speakeasy,v0.1.0,go,,g/github.com__bgentry__speakeasy/github.com__bgentry__speakeasy_rhel_8.3.sh,https://github.com/bgentry/speakeasy
g/github.com__bitly__go-hostpool,github.com__bitly__go-hostpool,v0.0.0-20171023180738-a3a6125de932,go,,g/github.com__bitly__go-hostpool/github.com__bitly__go-hostpool_rhel_8.3.sh,https://github.com/bitly/go-hostpool
g/github.com__bitly__go-simplejson,github.com__bitly__go-simplejson,v0.5.0,go,,g/github.com__bitly__go-simplejson/github.com__bitly__go-simplejson_rhel_8.3.sh,https://github.com/bitly/go-simplejson
g/github.com__blang__semver,github.com__blang__semver,v3.5.1+incompatible,go,,g/github.com__blang__semver/github.com__blang__semver_rhel_8.3.sh,https://github.com/blang/semver
g/github.com__bmizerany__assert,github.com__bmizerany__assert,v0.0.0-20160611221934-b7ed37b82869,go,,g/github.com__bmizerany__assert/github.com__bmizerany__assert_rhel_8.3.sh,https://github.com/bmizerany/assert
g/github.com__brancz__kube-rbac-proxy,github.com__brancz__kube-rbac-proxy,v0.5.0,go,,g/github.com__brancz__kube-rbac-proxy/github.com__brancz__kube-rbac-proxy_rhel_8.3.sh,https://github.com/brancz/kube-rbac-proxy
g/github.com__bugsnag__bugsnag-go,github.com__bugsnag__bugsnag-go,v1.5.3,go,,g/github.com__bugsnag__bugsnag-go/github.com__bugsnag__bugsnag-go_rhel_8.3.sh,https://github.com/bugsnag/bugsnag-go
g/github.com__bugsnag__osext,github.com__bugsnag__osext,v0.0.0-20130617224835-0dd3f918b21b,go,,g/github.com__bugsnag__osext/github.com__bugsnag__osext_rhel_8.3.sh,https://github.com/bugsnag/osext
g/github.com__burntsushi__xgb,github.com__burntsushi__xgb,v0.0.0-20160522181843-27f122750802,go,,g/github.com__burntsushi__xgb/github.com__burntsushi__xgb_rhel_8.3.sh,https://github.com/burntsushi/xgb
g/github.com__cenkalti__backoff,github.com__cenkalti__backoff,v2.1.1+incompatible,go,,g/github.com__cenkalti__backoff/github.com__cenkalti__backoff_rhel_8.3.sh,https://github.com/cenkalti/backoff
g/github.com__cespare__prettybench,github.com__cespare__prettybench,v0.0.0-20150116022406-03b8cfe5406c,go,,g/github.com__cespare__prettybench/github.com__cespare__prettybench_rhel_8.3.sh,https://github.com/cespare/prettybench
g/github.com__cespare__xxhash,github.com__cespare__xxhash,v1.1.0,go,,g/github.com__cespare__xxhash/github.com__cespare__xxhash_rhel_8.3.sh,https://github.com/cespare/xxhash
g/github.com__cespare__xxhash__v2,github.com__cespare__xxhash__v2,v2.1.1,go,,g/github.com__cespare__xxhash__v2/github.com__cespare__xxhash__v2_rhel_8.3.sh,https://github.com/cespare/xxhash
g/github.com__checkpoint-restore__go-criu,github.com__checkpoint-restore__go-criu,v0.0.0-20190109184317-bdb7599cd87b,go,,g/github.com__checkpoint-restore__go-criu/github.com__checkpoint-restore__go-criu_rhel_8.3.sh,https://github.com/checkpoint-restore/go-criu
g/github.com__cheekybits__genny,github.com__cheekybits__genny,v1.0.0,go,,g/github.com__cheekybits__genny/github.com__cheekybits__genny_rhel_8.3.sh,https://github.com/cheekybits/genny
g/github.com__cheekybits__is,github.com__cheekybits__is,v0.0.0-20150225183255-68e9c0620927,go,,g/github.com__cheekybits__is/github.com__cheekybits__is_rhel_8.3.sh,https://github.com/cheekybits/is
g/github.com__circonus-labs__circonus-gometrics,github.com__circonus-labs__circonus-gometrics,v2.3.1+incompatible,go,,g/github.com__circonus-labs__circonus-gometrics/github.com__circonus-labs__circonus-gometrics_rhel_8.3.sh,https://github.com/circonus-labs/circonus-gometrics
g/github.com__client9__misspell,github.com__client9__misspell,v0.3.4,go,,g/github.com__client9__misspell/github.com__client9__misspell_rhel_8.3.sh,https://github.com/client9/misspell
g/github.com__cloudflare__cloudflare-go,github.com__cloudflare__cloudflare-go,v0.8.5,go,,g/github.com__cloudflare__cloudflare-go/github.com__cloudflare__cloudflare-go_rhel_8.3.sh,https://github.com/cloudflare/cloudflare-go
g/github.com__cloudfoundry__jibber_jabber,github.com__cloudfoundry__jibber_jabber,v0.0.0-20151120183258-bcc4c8345a21,go,,g/github.com__cloudfoundry__jibber_jabber/github.com__cloudfoundry__jibber_jabber_rhel_8.3.sh,https://github.com/cloudfoundry/jibber_jabber
g/github.com__clusterhq__flocker-go,github.com__clusterhq__flocker-go,v0.0.0-20160920122132-2b8b7259d313,go,,g/github.com__clusterhq__flocker-go/github.com__clusterhq__flocker-go_rhel_8.3.sh,https://github.com/clusterhq/flocker-go
g/github.com__cockroachdb__datadriven,github.com__cockroachdb__datadriven,v0.0.0-20190809214429-80d97fb3cbaa,go,,g/github.com__cockroachdb__datadriven/github.com__cockroachdb__datadriven_rhel_8.3.sh,https://github.com/cockroachdb/datadriven
g/github.com__codahale__hdrhistogram,github.com__codahale__hdrhistogram,v0.0.0-20161010025455-3a0bb77429bd,go,,g/github.com__codahale__hdrhistogram/github.com__codahale__hdrhistogram_rhel_8.3.sh,https://github.com/codahale/hdrhistogram
g/github.com__codegangsta__negroni,github.com__codegangsta__negroni,v1.0.0,go,,g/github.com__codegangsta__negroni/github.com__codegangsta__negroni_rhel_8.3.sh,https://github.com/codegangsta/negroni
g/github.com__containerd__cgroups,github.com__containerd__cgroups,v0.0.0-20190919134610-bf292b21730f,go,,g/github.com__containerd__cgroups/github.com__containerd__cgroups_rhel_8.3.sh,https://github.com/containerd/cgroups
g/github.com__containerd__continuity,github.com__containerd__continuity,v0.0.0-20200228182428-0f16d7a0959c,go,,g/github.com__containerd__continuity/github.com__containerd__continuity_rhel_8.3.sh,https://github.com/containerd/continuity
g/github.com__containerd__fifo,github.com__containerd__fifo,v0.0.0-20190226154929-a9fb20d87448,go,,g/github.com__containerd__fifo/github.com__containerd__fifo_rhel_8.3.sh,https://github.com/containerd/fifo
g/github.com__containerd__go-runc,github.com__containerd__go-runc,v0.0.0-20180907222934-5a6d9f37cfa3,go,,g/github.com__containerd__go-runc/github.com__containerd__go-runc_rhel_8.3.sh,https://github.com/containerd/go-runc
g/github.com__containerd__ttrpc,github.com__containerd__ttrpc,v0.0.0-20190828154514-0e0f228740de,go,,g/github.com__containerd__ttrpc/github.com__containerd__ttrpc_rhel_8.3.sh,https://github.com/containerd/ttrpc
g/github.com__containerd__typeurl,github.com__containerd__typeurl,v0.0.0-20190228175220-2a93cfde8c20,go,,g/github.com__containerd__typeurl/github.com__containerd__typeurl_rhel_8.3.sh,https://github.com/containerd/typeurl
g/github.com__coredns__corefile-migration,github.com__coredns__corefile-migration,v1.0.2,go,,g/github.com__coredns__corefile-migration/github.com__coredns__corefile-migration_rhel_8.3.sh,https://github.com/coredns/corefile-migration
g/github.com__coreos__go-semver,github.com__coreos__go-semver,v0.3.0,go,,g/github.com__coreos__go-semver/github.com__coreos__go-semver_rhel_8.3.sh,https://github.com/coreos/go-semver
g/github.com__cpu__goacmedns,github.com__cpu__goacmedns,v0.0.0-20180701200144-565ecf2a84df,go,,g/github.com__cpu__goacmedns/github.com__cpu__goacmedns_rhel_8.3.sh,https://github.com/cpu/goacmedns
g/github.com__cpuguy83__go-md2man,github.com__cpuguy83__go-md2man,v1.0.7,go,,g/github.com__cpuguy83__go-md2man/github.com__cpuguy83__go-md2man_rhel_8.3.sh,https://github.com/cpuguy83/go-md2man
g/github.com__cpuguy83__go-md2man__v2,github.com__cpuguy83__go-md2man__v2,v2.0.0,go,,g/github.com__cpuguy83__go-md2man__v2/github.com__cpuguy83__go-md2man__v2_rhel_8.3.sh,https://github.com/cpuguy83/go-md2man
g/github.com__creack__pty,github.com__creack__pty,v1.1.9,go,,g/github.com__creack__pty/github.com__creack__pty_rhel_8.3.sh,https://github.com/creack/pty
g/github.com__cyphar__filepath-securejoin,github.com__cyphar__filepath-securejoin,v0.2.2,go,,g/github.com__cyphar__filepath-securejoin/github.com__cyphar__filepath-securejoin_rhel_8.3.sh,https://github.com/cyphar/filepath-securejoin
g/github.com__cznic__b,github.com__cznic__b,v0.0.0-20180115125044-35e9bbe41f07,go,,g/github.com__cznic__b/github.com__cznic__b_rhel_8.3.sh,https://github.com/cznic/b
g/github.com__cznic__mathutil,github.com__cznic__mathutil,v0.0.0-20180504122225-ca4c9f2c1369,go,,g/github.com__cznic__mathutil/github.com__cznic__mathutil_rhel_8.3.sh,https://github.com/cznic/mathutil
g/github.com__cznic__sortutil,github.com__cznic__sortutil,v0.0.0-20150617083342-4c7342852e65,go,,g/github.com__cznic__sortutil/github.com__cznic__sortutil_rhel_8.3.sh,https://github.com/cznic/sortutil
g/github.com__cznic__strutil,github.com__cznic__strutil,v0.0.0-20171016134553-529a34b1c186,go,,g/github.com__cznic__strutil/github.com__cznic__strutil_rhel_8.3.sh,https://github.com/cznic/strutil
g/github.com__data-dog__go-sqlmock,github.com__data-dog__go-sqlmock,v1.4.1,go,,g/github.com__data-dog__go-sqlmock/github.com__data-dog__go-sqlmock_rhel_8.3.sh,https://github.com/data-dog/go-sqlmock
g/github.com__daviddengcn__go-colortext,github.com__daviddengcn__go-colortext,v0.0.0-20160507010035-511bcaf42ccd,go,,g/github.com__daviddengcn__go-colortext/github.com__daviddengcn__go-colortext_rhel_8.3.sh,https://github.com/daviddengcn/go-colortext
g/github.com__denisenkom__go-mssqldb,github.com__denisenkom__go-mssqldb,v0.0.0-20191001013358-cfbb681360f0,go,,g/github.com__denisenkom__go-mssqldb/github.com__denisenkom__go-mssqldb_rhel_8.3.sh,https://github.com/denisenkom/go-mssqldb
g/github.com__dgrijalva__jwt-go,github.com__dgrijalva__jwt-go,v3.2.0+incompatible,go,,g/github.com__dgrijalva__jwt-go/github.com__dgrijalva__jwt-go_rhel_8.3.sh,https://github.com/dgrijalva/jwt-go
g/github.com__dgryski__go-sip13,github.com__dgryski__go-sip13,v0.0.0-20190329191031-25c5027a8c7b,go,,g/github.com__dgryski__go-sip13/github.com__dgryski__go-sip13_rhel_8.3.sh,https://github.com/dgryski/go-sip13
g/github.com__docker__go-connections,github.com__docker__go-connections,v0.4.0,go,,g/github.com__docker__go-connections/github.com__docker__go-connections_rhel_8.3.sh,https://github.com/docker/go-connections
g/github.com__docker__go-events,github.com__docker__go-events,v0.0.0-20190806004212-e31b211e4f1c,go,,g/github.com__docker__go-events/github.com__docker__go-events_rhel_8.3.sh,https://github.com/docker/go-events
g/github.com__docker__go-units,github.com__docker__go-units,v0.4.0,go,,g/github.com__docker__go-units/github.com__docker__go-units_rhel_8.3.sh,https://github.com/docker/go-units
g/github.com__docopt__docopt-go,github.com__docopt__docopt-go,v0.0.0-20180111231733-ee0de3bc6815,go,,g/github.com__docopt__docopt-go/github.com__docopt__docopt-go_rhel_8.3.sh,https://github.com/docopt/docopt-go
g/github.com__dsnet__compress,github.com__dsnet__compress,v0.0.1,go,,g/github.com__dsnet__compress/github.com__dsnet__compress_rhel_8.3.sh,https://github.com/dsnet/compress
g/github.com__dsnet__golib,github.com__dsnet__golib,v0.0.0-20171103203638-1ea166775780,go,,g/github.com__dsnet__golib/github.com__dsnet__golib_rhel_8.3.sh,https://github.com/dsnet/golib
g/github.com__duosecurity__duo_api_golang,github.com__duosecurity__duo_api_golang,v0.0.0-20190308151101-6c680f768e74,go,,g/github.com__duosecurity__duo_api_golang/github.com__duosecurity__duo_api_golang_rhel_8.3.sh,https://github.com/duosecurity/duo_api_golang
g/github.com__dustin__go-humanize,github.com__dustin__go-humanize,v1.0.0,go,,g/github.com__dustin__go-humanize/github.com__dustin__go-humanize_rhel_8.3.sh,https://github.com/dustin/go-humanize
g/github.com__eapache__go-xerial-snappy,github.com__eapache__go-xerial-snappy,v0.0.0-20180814174437-776d5712da21,go,,g/github.com__eapache__go-xerial-snappy/github.com__eapache__go-xerial-snappy_rhel_8.3.sh,https://github.com/eapache/go-xerial-snappy
g/github.com__eapache__queue,github.com__eapache__queue,v1.1.0,go,,g/github.com__eapache__queue/github.com__eapache__queue_rhel_8.3.sh,https://github.com/eapache/queue
g/github.com__edsrzf__mmap-go,github.com__edsrzf__mmap-go,v1.0.0,go,,g/github.com__edsrzf__mmap-go/github.com__edsrzf__mmap-go_rhel_8.3.sh,https://github.com/edsrzf/mmap-go
g/github.com__elastic__go-windows,github.com__elastic__go-windows,v1.0.1,go,,g/github.com__elastic__go-windows/github.com__elastic__go-windows_rhel_8.3.sh,https://github.com/elastic/go-windows
g/github.com__evanphx__json-patch,github.com__evanphx__json-patch,v4.5.0+incompatible,go,,g/github.com__evanphx__json-patch/github.com__evanphx__json-patch_rhel_8.3.sh,https://github.com/evanphx/json-patch
g/github.com__evanphx__json-patch,github.com__evanphx__json-patch,v0.0.0-20190203023257-5858425f7550,go,,g/github.com__evanphx__json-patch/github.com__evanphx_json-patch_rhel_8.4.sh,https://github.com/evanphx/json-patch
g/github.com__exponent-io__jsonpath,github.com__exponent-io__jsonpath,v0.0.0-20151013193312-d6023ce2651d,go,,g/github.com__exponent-io__jsonpath/github.com__exponent-io__jsonpath_rhel_8.3.sh,https://github.com/exponent-io/jsonpath
g/github.com__facette__natsort,github.com__facette__natsort,v0.0.0-20181210072756-2cd4dd1e2dcb,go,,g/github.com__facette__natsort/github.com__facette__natsort_rhel_8.3.sh,https://github.com/facette/natsort
g/github.com__fatih__camelcase,github.com__fatih__camelcase,v1.0.0,go,,g/github.com__fatih__camelcase/github.com__fatih__camelcase_rhel_8.3.sh,https://github.com/fatih/camelcase
g/github.com__fatih__color,github.com__fatih__color,v1.9.0,go,,g/github.com__fatih__color/github.com__fatih__color_rhel_8.3.sh,https://github.com/fatih/color
g/github.com__fatih__structs,github.com__fatih__structs,v1.1.0,go,,g/github.com__fatih__structs/github.com__fatih__structs_rhel_8.3.sh,https://github.com/fatih/structs
g/github.com__fatih__structtag,github.com__fatih__structtag,v1.1.0,go,,g/github.com__fatih__structtag/github.com__fatih__structtag_rhel_8.3.sh,https://github.com/fatih/structtag
g/github.com__flynn__go-shlex,github.com__flynn__go-shlex,v0.0.0-20150515145356-3f9db97f8568,go,,g/github.com__flynn__go-shlex/github.com__flynn__go-shlex_rhel_8.3.sh,https://github.com/flynn/go-shlex
g/github.com__fortytw2__leaktest,github.com__fortytw2__leaktest,v1.3.0,go,,g/github.com__fortytw2__leaktest/github.com__fortytw2__leaktest_rhel_8.3.sh,https://github.com/fortytw2/leaktest
g/github.com__fsnotify__fsnotify,github.com__fsnotify__fsnotify,v1.4.9,go,,g/github.com__fsnotify__fsnotify/github.com__fsnotify__fsnotify_rhel_8.3.sh,https://github.com/fsnotify/fsnotify
g/github.com__fsouza__fake-gcs-server,github.com__fsouza__fake-gcs-server,v1.7.0,go,,g/github.com__fsouza__fake-gcs-server/github.com__fsouza__fake-gcs-server_rhel_8.3.sh,https://github.com/fsouza/fake-gcs-server
g/github.com__ghodss__yaml,github.com__ghodss__yaml,v1.0.1-0.20190212211648-25d852aebe32,go,,g/github.com__ghodss__yaml/github.com__ghodss__yaml_rhel_8.3.sh,https://github.com/ghodss/yaml
g/github.com__go-bindata__go-bindata,github.com__go-bindata__go-bindata,v3.1.2+incompatible,go,,g/github.com__go-bindata__go-bindata/github.com__go-bindata__go-bindata_rhel_8.3.sh,https://github.com/go-bindata/go-bindata
g/github.com__go-bindata__go-bindata__v3,github.com__go-bindata__go-bindata__v3,v3.1.3,go,,g/github.com__go-bindata__go-bindata__v3/github.com__go-bindata__go-bindata__v3_rhel_8.3.sh,https://github.com/go-bindata/go-bindata
g/github.com__go-ini__ini,github.com__go-ini__ini,v1.42.0,go,,g/github.com__go-ini__ini/github.com__go-ini__ini_rhel_8.3.sh,https://github.com/go-ini/ini
g/github.com__go-ini__ini,github.com__go-ini__ini,v1.57.0,go,,g/github.com__go-ini__ini/go-ini__ini_ubi_8.4.sh,https://github.com/go-ini/ini
g/github.com__go-logfmt__logfmt,github.com__go-logfmt__logfmt,v0.4.0,go,,g/github.com__go-logfmt__logfmt/github.com__go-logfmt__logfmt_rhel_8.3.sh,https://github.com/go-logfmt/logfmt
g/github.com__go-logr__logr,github.com__go-logr__logr,v0.2.0,go,,g/github.com__go-logr__logr/github.com__go-logr__logr_rhel_8.3.sh,https://github.com/go-logr/logr
g/github.com__go-openapi__analysis,github.com__go-openapi__analysis,v0.19.5,go,,g/github.com__go-openapi__analysis/github.com__go-openapi__analysis_rhel_8.3.sh,https://github.com/go-openapi/analysis
g/github.com__go-openapi__inflect,github.com__go-openapi__inflect,16a898ed1f4943794fb9b0e7afb7376a7619cf21,go,,g/github.com__go-openapi__inflect/github.com__go-openapi__inflect_rhel_8.3.sh,https://github.com/go-openapi/inflect
g/github.com__go-openapi__jsonpointer,github.com__go-openapi__jsonpointer,v0.19.3,go,,g/github.com__go-openapi__jsonpointer/github.com__go-openapi__jsonpointer_rhel_8.3.sh,https://github.com/go-openapi/jsonpointer
g/github.com__go-openapi__jsonreference,github.com__go-openapi__jsonreference,v0.19.3,go,,g/github.com__go-openapi__jsonreference/github.com__go-openapi__jsonreference_rhel_8.3.sh,https://github.com/go-openapi/jsonreference
g/github.com__go-openapi__strfmt,github.com__go-openapi__strfmt,v0.19.3,go,,g/github.com__go-openapi__strfmt/github.com__go-openapi__strfmt_rhel_8.3.sh,https://github.com/go-openapi/strfmt
g/github.com__go-ozzo__ozzo-validation,github.com__go-ozzo__ozzo-validation,v3.5.0+incompatible,go,,g/github.com__go-ozzo__ozzo-validation/github.com__go-ozzo__ozzo-validation_rhel_8.3.sh,https://github.com/go-ozzo/ozzo-validation
g/github.com__go-playground__locales,github.com__go-playground__locales,v0.13.0,go,,g/github.com__go-playground__locales/github.com__go-playground__locales_rhel_8.3.sh,https://github.com/go-playground/locales
g/github.com__go-sql-driver__mysql,github.com__go-sql-driver__mysql,v1.5.0,go,,g/github.com__go-sql-driver__mysql/github.com__go-sql-driver__mysql_rhel_8.3.sh,https://github.com/go-sql-driver/mysql
g/github.com__gobuffalo__flect,github.com__gobuffalo__flect,v0.2.1,go,,g/github.com__gobuffalo__flect/github.com__gobuffalo__flect_rhel_8.3.sh,https://github.com/gobuffalo/flect
g/github.com__gobuffalo__logger,github.com__gobuffalo__logger,v1.0.1,go,,g/github.com__gobuffalo__logger/github.com__gobuffalo__logger_rhel_8.3.sh,https://github.com/gobuffalo/logger
g/github.com__gobuffalo__packd,github.com__gobuffalo__packd,v0.3.0,go,,g/github.com__gobuffalo__packd/github.com__gobuffalo__packd_rhel_8.3.sh,https://github.com/gobuffalo/packd
g/github.com__gobuffalo__packr,github.com__gobuffalo__packr,v1.30.1,go,,g/github.com__gobuffalo__packr/github.com__gobuffalo__packr_rhel_8.3.sh,https://github.com/gobuffalo/packr
g/github.com__gobuffalo__packr__v2,github.com__gobuffalo__packr__v2,v2.7.1,go,,g/github.com__gobuffalo__packr__v2/github.com__gobuffalo__packr__v2_rhel_8.3.sh,https://github.com/gobuffalo/packr
g/github.com__gobwas__glob,github.com__gobwas__glob,v0.2.3,go,,g/github.com__gobwas__glob/github.com__gobwas__glob_rhel_8.3.sh,https://github.com/gobwas/glob
g/github.com__gobwas__httphead,github.com__gobwas__httphead,v0.0.0-20180130184737-2c6c146eadee,go,,g/github.com__gobwas__httphead/github.com__gobwas__httphead_rhel_8.3.sh,https://github.com/gobwas/httphead
g/github.com__gobwas__pool,github.com__gobwas__pool,v0.2.0,go,,g/github.com__gobwas__pool/github.com__gobwas__pool_rhel_8.3.sh,https://github.com/gobwas/pool
g/github.com__gobwas__ws,github.com__gobwas__ws,v1.0.2,go,,g/github.com__gobwas__ws/github.com__gobwas__ws_rhel_8.3.sh,https://github.com/gobwas/ws
g/github.com__goccy__go-yaml,github.com__goccy__go-yaml,v1.7.5,go,,g/github.com__goccy__go-yaml/github.com__goccy__go-yaml_rhel_8.3.sh,https://github.com/goccy/go-yaml
g/github.com__gocql__gocql,github.com__gocql__gocql,v0.0.0-20190402132108-0e1d5de854df,go,,g/github.com__gocql__gocql/github.com__gocql__gocql_rhel_8.3.sh,https://github.com/gocql/gocql
g/github.com__gofrs__flock,github.com__gofrs__flock,v0.7.1,go,,g/github.com__gofrs__flock/github.com__gofrs__flock_rhel_8.3.sh,https://github.com/gofrs/flock
g/github.com__golang-migrate__migrate__v4,github.com__golang-migrate__migrate__v4,v4.6.2,go,,g/github.com__golang-migrate__migrate__v4/github.com__golang-migrate__migrate__v4_rhel_8.3.sh,https://github.com/golang-migrate/migrate
g/github.com__golang-sql__civil,github.com__golang-sql__civil,v0.0.0-20190719163853-cb61b32ac6fe,go,,g/github.com__golang-sql__civil/github.com__golang-sql__civil_rhel_8.3.sh,https://github.com/golang-sql/civil
g/github.com__golang__glog,github.com__golang__glog,v0.0.0-20160126235308-23def4e6c14b,go,,g/github.com__golang__glog/github.com__golang__glog_rhel_8.3.sh,https://github.com/golang/glog
g/github.com__golang__groupcache,github.com__golang__groupcache,v0.0.0-20191027212112-611e8accdfc9,go,,g/github.com__golang__groupcache/github.com__golang__groupcache_rhel_8.3.sh,https://github.com/golang/groupcache
g/github.com__golang__mock,github.com__golang__mock,v1.3.1,go,,g/github.com__golang__mock/github.com__golang__mock_rhel_8.3.sh,https://github.com/golang/mock
g/github.com__golang__protobuf,github.com__golang__protobuf,v1.4.3,go,,g/github.com__golang__protobuf/github.com__golang__protobuf_rhel_8.3.sh,https://github.com/golang/protobuf
g/github.com__golang__snappy,github.com__golang__snappy,v0.0.1,go,,g/github.com__golang__snappy/github.com__golang__snappy_rhel_8.3.sh,https://github.com/golang/snappy
g/github.com__golangplus__bytes,github.com__golangplus__bytes,v0.0.0-20160111154220-45c989fe5450,go,,g/github.com__golangplus__bytes/github.com__golangplus__bytes_rhel_8.3.sh,https://github.com/golangplus/bytes
g/github.com__golangplus__fmt,github.com__golangplus__fmt,v0.0.0-20150411045040-2a5d6d7d2995,go,,g/github.com__golangplus__fmt/github.com__golangplus__fmt_rhel_8.3.sh,https://github.com/golangplus/fmt
g/github.com__golangplus__testing,github.com__golangplus__testing,v0.0.0-20180327235837-af21d9c3145e,go,,g/github.com__golangplus__testing/github.com__golangplus__testing_rhel_8.3.sh,https://github.com/golangplus/testing
g/github.com__google__btree,github.com__google__btree,v1.0.0,go,,g/github.com__google__btree/github.com__google__btree_rhel_8.3.sh,https://github.com/google/btree
g/github.com__google__cadvisor,github.com__google__cadvisor,v0.34.0,go,,g/github.com__google__cadvisor/github.com__google__cadvisor_rhel_8.3.sh,https://github.com/google/cadvisor
g/github.com__google__certificate-transparency-go,github.com__google__certificate-transparency-go,v1.0.21,go,,g/github.com__google__certificate-transparency-go/github.com__google__certificate-transparency-go_rhel_8.3.sh,https://github.com/google/certificate-transparency-go
g/github.com__google__go-cmp,github.com__google__go-cmp,v0.4.0,go,,g/github.com__google__go-cmp/github.com__google__go-cmp_rhel_8.3.sh,https://github.com/google/go-cmp
g/github.com__google__martian,github.com__google__martian,v2.1.0+incompatible,go,,g/github.com__google__martian/github.com__google__martian_rhel_8.3.sh,https://github.com/google/martian
g/github.com__google__pprof,github.com__google__pprof,v0.0.0-20190723021845-34ac40c74b70,go,,g/github.com__google__pprof/github.com__google__pprof_rhel_8.3.sh,https://github.com/google/pprof
g/github.com__google__renameio,github.com__google__renameio,v0.1.0,go,,g/github.com__google__renameio/github.com__google__renameio_rhel_8.3.sh,https://github.com/google/renameio
g/github.com__google__shlex,github.com__google__shlex,v0.0.0-20191202100458-e7afc7fbc510,go,,g/github.com__google__shlex/github.com__google__shlex_rhel_8.3.sh,https://github.com/google/shlex
g/github.com__googleapis__gax-go,github.com__googleapis__gax-go,v2.0.2+incompatible,go,,g/github.com__googleapis__gax-go/github.com__googleapis__gax-go_rhel_8.3.sh,https://github.com/googleapis/gax-go
g/github.com__googleapis__gax-go__v2,github.com__googleapis__gax-go__v2,v2.0.5,go,,g/github.com__googleapis__gax-go__v2/github.com__googleapis__gax-go__v2_rhel_8.3.sh,https://github.com/googleapis/gax-go
g/github.com__gophercloud__gophercloud,github.com__gophercloud__gophercloud,v0.6.0,go,,g/github.com__gophercloud__gophercloud/github.com__gophercloud__gophercloud_rhel_8.3.sh,https://github.com/gophercloud/gophercloud
g/github.com__gorilla__context,github.com__gorilla__context,v1.1.1,go,,g/github.com__gorilla__context/github.com__gorilla__context_rhel_8.3.sh,https://github.com/gorilla/context
g/github.com__gorilla__handlers,github.com__gorilla__handlers,v1.4.2,go,,g/github.com__gorilla__handlers/github.com__gorilla__handlers_rhel_8.3.sh,https://github.com/gorilla/handlers
g/github.com__gorilla__mux,github.com__gorilla__mux,v1.7.4,go,,g/github.com__gorilla__mux/github.com__gorilla__mux_rhel_8.3.sh,https://github.com/gorilla/mux
g/github.com__gorilla__websocket,github.com__gorilla__websocket,v1.4.1,go,,g/github.com__gorilla__websocket/github.com__gorilla__websocket_rhel_8.3.sh,https://github.com/gorilla/websocket
g/github.com__gosuri__uitable,github.com__gosuri__uitable,v0.0.4,go,,g/github.com__gosuri__uitable/github.com__gosuri__uitable_rhel_8.3.sh,https://github.com/gosuri/uitable
g/github.com__grpc-ecosystem__go-grpc-middleware,github.com__grpc-ecosystem__go-grpc-middleware,v1.1.0,go,,g/github.com__grpc-ecosystem__go-grpc-middleware/github.com__grpc-ecosystem__go-grpc-middleware_rhel_8.3.sh,https://github.com/grpc-ecosystem/go-grpc-middleware
g/github.com__grpc-ecosystem__go-grpc-prometheus,github.com__grpc-ecosystem__go-grpc-prometheus,v1.2.0,go,,g/github.com__grpc-ecosystem__go-grpc-prometheus/github.com__grpc-ecosystem__go-grpc-prometheus_rhel_8.3.sh,https://github.com/grpc-ecosystem/go-grpc-prometheus
g/github.com__grpc-ecosystem__grpc-health-probe,github.com__grpc-ecosystem__grpc-health-probe,v0.2.1-0.20181220223928-2bf0a5b182db,go,,g/github.com__grpc-ecosystem__grpc-health-probe/github.com__grpc-ecosystem__grpc-health-probe_rhel_8.3.sh,https://github.com/grpc-ecosystem/grpc-health-probe
g/github.com__hashicorp__errwrap,github.com__hashicorp__errwrap,v1.0.0,go,,g/github.com__hashicorp__errwrap/github.com__hashicorp__errwrap_rhel_8.3.sh,https://github.com/hashicorp/errwrap
g/github.com__hashicorp__go-immutable-radix,github.com__hashicorp__go-immutable-radix,v1.1.0,go,,g/github.com__hashicorp__go-immutable-radix/github.com__hashicorp__go-immutable-radix_rhel_8.3.sh,https://github.com/hashicorp/go-immutable-radix
g/github.com__hashicorp__go-memdb,github.com__hashicorp__go-memdb,v1.0.0,go,,g/github.com__hashicorp__go-memdb/github.com__hashicorp__go-memdb_rhel_8.3.sh,https://github.com/hashicorp/go-memdb
g/github.com__hashicorp__go-multierror,github.com__hashicorp__go-multierror,v1.0.0,go,,g/github.com__hashicorp__go-multierror/github.com__hashicorp__go-multierror_rhel_8.3.sh,https://github.com/hashicorp/go-multierror
g/github.com__hashicorp__go-syslog,github.com__hashicorp__go-syslog,v1.0.0,go,,g/github.com__hashicorp__go-syslog/github.com__hashicorp__go-syslog_rhel_8.3.sh,https://github.com/hashicorp/go-syslog
g/github.com__hashicorp__go-uuid,github.com__hashicorp__go-uuid,v1.0.1,go,,g/github.com__hashicorp__go-uuid/github.com__hashicorp__go-uuid_rhel_8.3.sh,https://github.com/hashicorp/go-uuid
g/github.com__hashicorp__logutils,github.com__hashicorp__logutils,v1.0.0,go,,g/github.com__hashicorp__logutils/github.com__hashicorp__logutils_rhel_8.3.sh,https://github.com/hashicorp/logutils
g/github.com__hashicorp__memberlist,github.com__hashicorp__memberlist,v0.1.5,go,,g/github.com__hashicorp__memberlist/github.com__hashicorp__memberlist_rhel_8.3.sh,https://github.com/hashicorp/memberlist
g/github.com__hashicorp__raft-boltdb,github.com__hashicorp__raft-boltdb,v0.0.0-20171010151810-6e5ba93211ea,go,,g/github.com__hashicorp__raft-boltdb/github.com__hashicorp__raft-boltdb_rhel_8.3.sh,https://github.com/hashicorp/raft-boltdb
g/github.com__heketi__rest,github.com__heketi__rest,v0.0.0-20180404230133-aa6a65207413,go,,g/github.com__heketi__rest/github.com__heketi__rest_rhel_8.3.sh,https://github.com/heketi/rest
g/github.com__heketi__tests,github.com__heketi__tests,v0.0.0-20151005000721-f3775cbcefd6,go,,g/github.com__heketi__tests/github.com__heketi__tests_rhel_8.3.sh,https://github.com/heketi/tests
g/github.com__heketi__utils,github.com__heketi__utils,v0.0.0-20170317161834-435bc5bdfa64,go,,g/github.com__heketi__utils/github.com__heketi__utils_rhel_8.3.sh,https://github.com/heketi/utils
g/github.com__hpcloud__tail,github.com__hpcloud__tail,v1.0.0,go,,g/github.com__hpcloud__tail/github.com__hpcloud__tail_rhel_8.3.sh,https://github.com/hpcloud/tail
g/github.com__huandu__xstrings,github.com__huandu__xstrings,v1.3.1,go,,g/github.com__huandu__xstrings/github.com__huandu__xstrings_rhel_8.3.sh,https://github.com/huandu/xstrings
g/github.com__iancoleman__strcase,github.com__iancoleman__strcase,v0.0.0-20191112232945-16388991a334,go,,g/github.com__iancoleman__strcase/github.com__iancoleman__strcase_rhel_8.3.sh,https://github.com/iancoleman/strcase
g/github.com__ianlancetaylor__demangle,github.com__ianlancetaylor__demangle,v0.0.0-20181102032728-5e5cf60278f6,go,,g/github.com__ianlancetaylor__demangle/github.com__ianlancetaylor__demangle_rhel_8.3.sh,https://github.com/ianlancetaylor/demangle
g/github.com__imdario__mergo,github.com__imdario__mergo,v0.3.11,go,,g/github.com__imdario__mergo/github.com__imdario__mergo_rhel_8.3.sh,https://github.com/imdario/mergo
g/github.com__inconshreveable__mousetrap,github.com__inconshreveable__mousetrap,v1.0.0,go,,g/github.com__inconshreveable__mousetrap/github.com__inconshreveable__mousetrap_rhel_8.3.sh,https://github.com/inconshreveable/mousetrap
g/github.com__inconshreveable__mousetrap,github.com__inconshreveable__mousetrap,v1.0.0,go,,g/github.com__inconshreveable__mousetrap/mousetrap_ubi_8.5.sh,https://github.com/inconshreveable/mousetrap
g/github.com__jackc__chunkreader,github.com__jackc__chunkreader,v1.0.0,go,,g/github.com__jackc__chunkreader/github.com__jackc__chunkreader_rhel_8.3.sh,https://github.com/jackc/chunkreader
g/github.com__jackc__chunkreader__v2,github.com__jackc__chunkreader__v2,v2.0.1,go,,g/github.com__jackc__chunkreader__v2/github.com__jackc__chunkreader__v2_rhel_8.3.sh,https://github.com/jackc/chunkreader
g/github.com__jackc__fake,github.com__jackc__fake,v0.0.0-20150926172116-812a484cc733,go,,g/github.com__jackc__fake/github.com__jackc__fake_rhel_8.3.sh,https://github.com/jackc/fake
g/github.com__jackc__pgio,github.com__jackc__pgio,v1.0.0,go,,g/github.com__jackc__pgio/github.com__jackc__pgio_rhel_8.3.sh,https://github.com/jackc/pgio
g/github.com__jackc__pgmock,github.com__jackc__pgmock,v0.0.0-20190831213851-13a1b77aafa2,go,,g/github.com__jackc__pgmock/github.com__jackc__pgmock_rhel_8.3.sh,https://github.com/jackc/pgmock
g/github.com__jackc__pgpassfile,github.com__jackc__pgpassfile,v1.0.0,go,,g/github.com__jackc__pgpassfile/github.com__jackc__pgpassfile_rhel_8.3.sh,https://github.com/jackc/pgpassfile
g/github.com__jackc__pgpassfile,github.com__jackc__pgpassfile,v1.0.0,go,,g/github.com__jackc__pgpassfile/pgpassfile_ubi_8.5.sh,https://github.com/jackc/pgpassfile
g/github.com__jackc__pgproto3,github.com__jackc__pgproto3,v1.1.0,go,,g/github.com__jackc__pgproto3/github.com__jackc__pgproto3_rhel_8.3.sh,https://github.com/jackc/pgproto3
g/github.com__jackc__pgproto3,github.com__jackc__pgproto3,v1.1.0,go,,g/github.com__jackc__pgproto3/pgproto3_ubi_8.5.sh,https://github.com/jackc/pgproto3
g/github.com__jackc__pgproto3__v2,github.com__jackc__pgproto3__v2,v2.0.6,go,,g/github.com__jackc__pgproto3__v2/github.com__jackc__pgproto3__v2_rhel_8.3.sh,https://github.com/jackc/pgproto3
g/github.com__jackc__pgservicefile,github.com__jackc__pgservicefile,v0.0.0-20200714003250-2b9c44734f2b,go,,g/github.com__jackc__pgservicefile/github.com__jackc__pgservicefile_rhel_8.3.sh,https://github.com/jackc/pgservicefile
g/github.com__jackc__puddle,github.com__jackc__puddle,v1.1.2,go,,g/github.com__jackc__puddle/github.com__jackc__puddle_rhel_8.3.sh,https://github.com/jackc/puddle
g/github.com__jeffail__gabs,github.com__jeffail__gabs,v1.1.1,go,,g/github.com__jeffail__gabs/github.com__jeffail__gabs_rhel_8.3.sh,https://github.com/jeffail/gabs
g/github.com__jefferai__jsonx,github.com__jefferai__jsonx,v1.0.0,go,,g/github.com__jefferai__jsonx/github.com__jefferai__jsonx_rhel_8.3.sh,https://github.com/jefferai/jsonx
g/github.com__jehiah__go-strftime,github.com__jehiah__go-strftime,1d33003b386959af197ba96475f198c114627b5e,go,,g/github.com__jehiah__go-strftime/github.com__jehiah__go-strftime_rhel_8.3.sh,https://github.com/jehiah/go-strftime
g/github.com__jessevdk__go-flags,github.com__jessevdk__go-flags,v1.4.0,go,,g/github.com__jessevdk__go-flags/github.com__jessevdk__go-flags_rhel_8.3.sh,https://github.com/jessevdk/go-flags
g/github.com__jinzhu__inflection,github.com__jinzhu__inflection,v1.0.0,go,,g/github.com__jinzhu__inflection/github.com__jinzhu__inflection_rhel_8.3.sh,https://github.com/jinzhu/inflection
g/github.com__jmespath__go-jmespath,github.com__jmespath__go-jmespath,v0.0.0-20180206201540-c2b33e8439af,go,,g/github.com__jmespath__go-jmespath/github.com__jmespath__go-jmespath_rhel_8.3.sh,https://github.com/jmespath/go-jmespath
g/github.com__jmoiron__jsonq,github.com__jmoiron__jsonq,v0.0.0-20150511023944-e874b168d07e,go,,g/github.com__jmoiron__jsonq/github.com__jmoiron__jsonq_rhel_8.3.sh,https://github.com/jmoiron/jsonq
g/github.com__jmoiron__sqlx,github.com__jmoiron__sqlx,v1.2.0,go,,g/github.com__jmoiron__sqlx/github.com__jmoiron__sqlx_rhel_8.3.sh,https://github.com/jmoiron/sqlx
g/github.com__joefitzgerald__rainbow-reporter,github.com__joefitzgerald__rainbow-reporter,v0.1.0,go,,g/github.com__joefitzgerald__rainbow-reporter/github.com__joefitzgerald__rainbow-reporter_rhel_8.3.sh,https://github.com/joefitzgerald/rainbow-reporter
g/github.com__joeshaw__multierror,github.com__joeshaw__multierror,v0.0.0-20140124173710-69b34d4ec901,go,,g/github.com__joeshaw__multierror/github.com__joeshaw__multierror_rhel_8.3.sh,https://github.com/joeshaw/multierror
g/github.com__jonboulle__clockwork,github.com__jonboulle__clockwork,v0.1.0,go,,g/github.com__jonboulle__clockwork/github.com__jonboulle__clockwork_rhel_8.3.sh,https://github.com/jonboulle/clockwork
g/github.com__jpillora__backoff,github.com__jpillora__backoff,v1.0.0,go,,g/github.com__jpillora__backoff/github.com__jpillora__backoff_rhel_8.3.sh,https://github.com/jpillora/backoff
g/github.com__jpillora__backoff,github.com__jpillora__backoff,v1.0.0,go,,g/github.com__jpillora__backoff/backoff_ubi_8.5.sh,https://github.com/jpillora/backoff
g/github.com__json-iterator__go,github.com__json-iterator__go,v1.1.9,go,,g/github.com__json-iterator__go/github.com__json-iterator__go_rhel_8.3.sh,https://github.com/json-iterator/go
g/github.com__jsonnet-bundler__jsonnet-bundler,github.com__jsonnet-bundler__jsonnet-bundler,v0.3.1,go,,g/github.com__jsonnet-bundler__jsonnet-bundler/github.com__jsonnet-bundler__jsonnet-bundler_rhel_8.3.sh,https://github.com/jsonnet-bundler/jsonnet-bundler
g/github.com__jstemmer__go-junit-report,github.com__jstemmer__go-junit-report,v0.9.1,go,,g/github.com__jstemmer__go-junit-report/github.com__jstemmer__go-junit-report_rhel_8.3.sh,https://github.com/jstemmer/go-junit-report
g/github.com__jtolds__gls,github.com__jtolds__gls,v4.20.0+incompatible,go,,g/github.com__jtolds__gls/github.com__jtolds__gls_rhel_8.3.sh,https://github.com/jtolds/gls
g/github.com__julienschmidt__httprouter,github.com__julienschmidt__httprouter,v1.3.0,go,,g/github.com__julienschmidt__httprouter/github.com__julienschmidt__httprouter_rhel_8.3.sh,https://github.com/julienschmidt/httprouter
g/github.com__kardianos__osext,github.com__kardianos__osext,v0.0.0-20190222173326-2bc1f35cddc0,go,,g/github.com__kardianos__osext/github.com__kardianos__osext_rhel_8.3.sh,https://github.com/kardianos/osext
g/github.com__karrick__godirwalk,github.com__karrick__godirwalk,v1.7.5,go,,g/github.com__karrick__godirwalk/github.com__karrick__godirwalk_rhel_8.3.sh,https://github.com/karrick/godirwalk
g/github.com__kballard__go-shellquote,github.com__kballard__go-shellquote,v0.0.0-20180428030007-95032a82bc51,go,,g/github.com__kballard__go-shellquote/github.com__kballard__go-shellquote_rhel_8.3.sh,https://github.com/kballard/go-shellquote
g/github.com__kisielk__errcheck,github.com__kisielk__errcheck,v1.5.0,go,,g/github.com__kisielk__errcheck/github.com__kisielk__errcheck_rhel_8.3.sh,https://github.com/kisielk/errcheck
g/github.com__kisielk__gotool,github.com__kisielk__gotool,v1.0.0,go,,g/github.com__kisielk__gotool/github.com__kisielk__gotool_rhel_8.3.sh,https://github.com/kisielk/gotool
g/github.com__klauspost__compress,github.com__klauspost__compress,v1.7.4,go,,g/github.com__klauspost__compress/github.com__klauspost__compress_rhel_8.3.sh,https://github.com/klauspost/compress
g/github.com__klauspost__cpuid,github.com__klauspost__cpuid,v1.2.1,go,,g/github.com__klauspost__cpuid/github.com__klauspost__cpuid_rhel_8.3.sh,https://github.com/klauspost/cpuid
g/github.com__klauspost__pgzip,github.com__klauspost__pgzip,v1.2.1,go,,g/github.com__klauspost__pgzip/github.com__klauspost__pgzip_rhel_8.3.sh,https://github.com/klauspost/pgzip
g/github.com__konsorten__go-windows-terminal-sequences,github.com__konsorten__go-windows-terminal-sequences,v1.0.3,go,,g/github.com__konsorten__go-windows-terminal-sequences/github.com__konsorten__go-windows-terminal-sequences_rhel_8.3.sh,https://github.com/konsorten/go-windows-terminal-sequences
g/github.com__kr__logfmt,github.com__kr__logfmt,v0.0.0-20140226030751-b84e30acd515,go,,g/github.com__kr__logfmt/github.com__kr__logfmt_rhel_8.3.sh,https://github.com/kr/logfmt
g/github.com__kr__pty,github.com__kr__pty,v1.1.8,go,,g/github.com__kr__pty/github.com__kr__pty_rhel_8.3.sh,https://github.com/kr/pty
g/github.com__kr__text,github.com__kr__text,v0.2.0,go,,g/github.com__kr__text/github.com__kr__text_rhel_8.3.sh,https://github.com/kr/text
g/github.com__kylelemons__godebug,github.com__kylelemons__godebug,v1.1.0,go,,g/github.com__kylelemons__godebug/github.com__kylelemons__godebug_rhel_8.3.sh,https://github.com/kylelemons/godebug
g/github.com__lann__builder,github.com__lann__builder,v0.0.0-20180802200727-47ae307949d0,go,,g/github.com__lann__builder/github.com__lann__builder_rhel_8.3.sh,https://github.com/lann/builder
g/github.com__lann__ps,github.com__lann__ps,v0.0.0-20150810152359-62de8c46ede0,go,,g/github.com__lann__ps/github.com__lann__ps_rhel_8.3.sh,https://github.com/lann/ps
g/github.com__leanovate__gopter,github.com__leanovate__gopter,v0.2.4,go,,g/github.com__leanovate__gopter/github.com__leanovate__gopter_rhel_8.3.sh,https://github.com/leanovate/gopter
g/github.com__leodido__go-urn,github.com__leodido__go-urn,v1.2.0,go,,g/github.com__leodido__go-urn/github.com__leodido__go-urn_rhel_8.3.sh,https://github.com/leodido/go-urn
g/github.com__liggitt__tabwriter,github.com__liggitt__tabwriter,v0.0.0-20181228230101-89fcab3d43de,go,,g/github.com__liggitt__tabwriter/github.com__liggitt__tabwriter_rhel_8.3.sh,https://github.com/liggitt/tabwriter
g/github.com__lithammer__dedent,github.com__lithammer__dedent,v1.1.0,go,,g/github.com__lithammer__dedent/github.com__lithammer__dedent_rhel_8.3.sh,https://github.com/lithammer/dedent
g/github.com__lovoo__gcloud-opentracing,github.com__lovoo__gcloud-opentracing,v0.3.0,go,,g/github.com__lovoo__gcloud-opentracing/github.com__lovoo__gcloud-opentracing_rhel_8.3.sh,https://github.com/lovoo/gcloud-opentracing
g/github.com__lpabon__godbc,github.com__lpabon__godbc,v0.1.1,go,,g/github.com__lpabon__godbc/github.com__lpabon__godbc_rhel_8.3.sh,https://github.com/lpabon/godbc
g/github.com__lucas-clemente__aes12,github.com__lucas-clemente__aes12,v0.0.0-20171027163421-cd47fb39b79f,go,,g/github.com__lucas-clemente__aes12/github.com__lucas-clemente__aes12_rhel_8.3.sh,https://github.com/lucas-clemente/aes12
g/github.com__lucas-clemente__quic-clients,github.com__lucas-clemente__quic-clients,v0.1.0,go,,g/github.com__lucas-clemente__quic-clients/github.com__lucas-clemente__quic-clients_rhel_8.3.sh,https://github.com/lucas-clemente/quic-clients
g/github.com__lucas-clemente__quic-go,github.com__lucas-clemente__quic-go,v0.10.2,go,,g/github.com__lucas-clemente__quic-go/github.com__lucas-clemente__quic-go_rhel_8.3.sh,https://github.com/lucas-clemente/quic-go
g/github.com__lucas-clemente__quic-go-certificates,github.com__lucas-clemente__quic-go-certificates,v0.0.0-20160823095156-d2f86524cced,go,,g/github.com__lucas-clemente__quic-go-certificates/github.com__lucas-clemente__quic-go-certificates_rhel_8.3.sh,https://github.com/lucas-clemente/quic-go-certificates
g/github.com__mailru__easyjson,github.com__mailru__easyjson,v0.7.0,go,,g/github.com__mailru__easyjson/github.com__mailru__easyjson_rhel_8.3.sh,https://github.com/mailru/easyjson
g/github.com__markbates__inflect,github.com__markbates__inflect,v1.0.4,go,,g/github.com__markbates__inflect/github.com__markbates__inflect_rhel_8.3.sh,https://github.com/markbates/inflect
g/github.com__marstr__guid,github.com__marstr__guid,v1.1.0,go,,g/github.com__marstr__guid/github.com__marstr__guid_rhel_8.3.sh,https://github.com/marstr/guid
g/github.com__martinlindhe__base36,github.com__martinlindhe__base36,v1.0.0,go,,g/github.com__martinlindhe__base36/github.com__martinlindhe__base36_rhel_8.3.sh,https://github.com/martinlindhe/base36
g/github.com__masterminds__goutils,github.com__masterminds__goutils,v1.1.0,go,,g/github.com__masterminds__goutils/github.com__masterminds__goutils_rhel_8.3.sh,https://github.com/masterminds/goutils
g/github.com__masterminds__semver,github.com__masterminds__semver,v1.5.0,go,,g/github.com__masterminds__semver/github.com__masterminds__semver_rhel_8.3.sh,https://github.com/masterminds/semver
g/github.com__masterminds__semver__v3,github.com__masterminds__semver__v3,v3.1.0,go,,g/github.com__masterminds__semver__v3/github.com__masterminds__semver__v3_rhel_8.3.sh,https://github.com/Masterminds/semver
g/github.com__masterminds__sprig,github.com__masterminds__sprig,v2.22.0+incompatible,go,,g/github.com__masterminds__sprig/github.com__masterminds__sprig_rhel_8.3.sh,https://github.com/masterminds/sprig
g/github.com__masterminds__squirrel,github.com__masterminds__squirrel,v1.2.0,go,,g/github.com__masterminds__squirrel/github.com__masterminds__squirrel_rhel_8.3.sh,https://github.com/masterminds/squirrel
g/github.com__mattn__go-colorable,github.com__mattn__go-colorable,v0.1.6,go,,g/github.com__mattn__go-colorable/github.com__mattn__go-colorable_rhel_8.3.sh,https://github.com/mattn/go-colorable
g/github.com__mattn__go-ieproxy,github.com__mattn__go-ieproxy,v0.0.0-20191113090002-7c0f6868bffe,go,,g/github.com__mattn__go-ieproxy/github.com__mattn__go-ieproxy_rhel_8.3.sh,https://github.com/mattn/go-ieproxy
g/github.com__mattn__go-isatty,github.com__mattn__go-isatty,v0.0.9,go,,g/github.com__mattn__go-isatty/github.com__mattn__go-isatty_rhel_8.3.sh,https://github.com/mattn/go-isatty
g/github.com__mattn__go-runewidth,github.com__mattn__go-runewidth,v0.0.6,go,,g/github.com__mattn__go-runewidth/github.com__mattn__go-runewidth_rhel_8.3.sh,https://github.com/mattn/go-runewidth
g/github.com__mattn__go-sqlite3,github.com__mattn__go-sqlite3,v1.9.0,go,,g/github.com__mattn__go-sqlite3/github.com__mattn__go-sqlite3_rhel_8.3.sh,https://github.com/mattn/go-sqlite3
g/github.com__mgutz__ansi,github.com__mgutz__ansi,v0.0.0-20170206155736-9520e82c474b,go,,g/github.com__mgutz__ansi/github.com__mgutz__ansi_rhel_8.3.sh,https://github.com/mgutz/ansi
g/github.com__mholt__certmagic,github.com__mholt__certmagic,v0.6.2-0.20190624175158-6a42ef9fe8c2,go,,g/github.com__mholt__certmagic/github.com__mholt__certmagic_rhel_8.3.sh,https://github.com/mholt/certmagic
g/github.com__miekg__dns,github.com__miekg__dns,v1.1.4,go,,g/github.com__miekg__dns/github.com__miekg__dns_rhel_8.3.sh,https://github.com/miekg/dns
g/github.com__mindprince__gonvml,github.com__mindprince__gonvml,v0.0.0-20171110221305-fee913ce8fb2,go,,g/github.com__mindprince__gonvml/github.com__mindprince__gonvml_rhel_8.3.sh,https://github.com/mindprince/gonvml
g/github.com__minio__sha256-simd,github.com__minio__sha256-simd,v0.1.1,go,,g/github.com__minio__sha256-simd/github.com__minio__sha256-simd_rhel_8.3.sh,https://github.com/minio/sha256-simd
g/github.com__mitchellh__cli,github.com__mitchellh__cli,v1.0.0,go,,g/github.com__mitchellh__cli/github.com__mitchellh__cli_rhel_8.3.sh,https://github.com/mitchellh/cli
g/github.com__mitchellh__colorstring,github.com__mitchellh__colorstring,v0.0.0-20190213212951-d06e56a500db,go,,g/github.com__mitchellh__colorstring/github.com__mitchellh__colorstring_rhel_8.3.sh,https://github.com/mitchellh/colorstring
g/github.com__mitchellh__copystructure,github.com__mitchellh__copystructure,v1.0.0,go,,g/github.com__mitchellh__copystructure/github.com__mitchellh__copystructure_rhel_8.3.sh,https://github.com/mitchellh/copystructure
g/github.com__mitchellh__go-homedir,github.com__mitchellh__go-homedir,v1.1.0,go,,g/github.com__mitchellh__go-homedir/github.com__mitchellh__go-homedir_rhel_8.3.sh,https://github.com/mitchellh/go-homedir
g/github.com__mitchellh__go-testing-interface,github.com__mitchellh__go-testing-interface,v1.0.0,go,,g/github.com__mitchellh__go-testing-interface/github.com__mitchellh__go-testing-interface_rhel_8.3.sh,https://github.com/mitchellh/go-testing-interface
g/github.com__mitchellh__go-wordwrap,github.com__mitchellh__go-wordwrap,v1.0.0,go,,g/github.com__mitchellh__go-wordwrap/github.com__mitchellh__go-wordwrap_rhel_8.3.sh,https://github.com/mitchellh/go-wordwrap
g/github.com__mitchellh__gox,github.com__mitchellh__gox,v0.4.0,go,,g/github.com__mitchellh__gox/github.com__mitchellh__gox_rhel_8.3.sh,https://github.com/mitchellh/gox
g/github.com__mitchellh__hashstructure,github.com__mitchellh__hashstructure,v1.0.0,go,,g/github.com__mitchellh__hashstructure/github.com__mitchellh__hashstructure_rhel_8.3.sh,https://github.com/mitchellh/hashstructure
g/github.com__mitchellh__iochan,github.com__mitchellh__iochan,v1.0.0,go,,g/github.com__mitchellh__iochan/github.com__mitchellh__iochan_rhel_8.3.sh,https://github.com/mitchellh/iochan
g/github.com__mitchellh__mapstructure,github.com__mitchellh__mapstructure,v1.1.2,go,,g/github.com__mitchellh__mapstructure/github.com__mitchellh__mapstructure_rhel_8.3.sh,https://github.com/mitchellh/mapstructure
g/github.com__mitchellh__osext,github.com__mitchellh__osext,v0.0.0-20151018003038-5e2d6d41470f,go,,g/github.com__mitchellh__osext/github.com__mitchellh__osext_rhel_8.3.sh,https://github.com/mitchellh/osext
g/github.com__moby__term,github.com__moby__term,v0.0.0-20200312100748-672ec06f55cd,go,,g/github.com__moby__term/github.com__moby__term_rhel_8.3.sh,https://github.com/moby/term
g/github.com__modern-go__concurrent,github.com__modern-go__concurrent,v0.0.0-20180306012644-bacd9c7ef1dd,go,,g/github.com__modern-go__concurrent/github.com__modern-go__concurrent_rhel_8.3.sh,https://github.com/modern-go/concurrent
g/github.com__modern-go__reflect2,github.com__modern-go__reflect2,v1.0.1,go,,g/github.com__modern-go__reflect2/github.com__modern-go__reflect2_rhel_8.3.sh,https://github.com/modern-go/reflect2
g/github.com__mohae__deepcopy,github.com__mohae__deepcopy,v0.0.0-20170603005431-491d3605edfb,go,,g/github.com__mohae__deepcopy/github.com__mohae__deepcopy_rhel_8.3.sh,https://github.com/mohae/deepcopy
g/github.com__morikuni__aec,github.com__morikuni__aec,v1.0.0,go,,g/github.com__morikuni__aec/github.com__morikuni__aec_rhel_8.3.sh,https://github.com/morikuni/aec
g/github.com__motemen__go-loghttp,github.com__motemen__go-loghttp,v0.0.0-20170804080138-974ac5ceac27,go,,g/github.com__motemen__go-loghttp/github.com__motemen__go-loghttp_rhel_8.3.sh,https://github.com/motemen/go-loghttp
g/github.com__moul__http2curl,github.com__moul__http2curl,9ac6cf4d929b2fa8fd2d2e6dec5bb0feb4f4911d,go,,g/github.com__moul__http2curl/github.com__moul__http2curl_rhel_8.3.sh,https://github.com/moul/http2curl
g/github.com__mozillazg__go-cos,github.com__mozillazg__go-cos,v0.13.0,go,,g/github.com__mozillazg__go-cos/github.com__mozillazg__go-cos_rhel_8.3.sh,https://github.com/mozillazg/go-cos
g/github.com__munnerz__goautoneg,github.com__munnerz__goautoneg,v0.0.0-20191010083416-a7dc8b61c822,go,,g/github.com__munnerz__goautoneg/github.com__munnerz__goautoneg_rhel_8.3.sh,https://github.com/munnerz/goautoneg
g/github.com__mvdan__xurls,github.com__mvdan__xurls,v1.1.0,go,,g/github.com__mvdan__xurls/github.com__mvdan__xurls_rhel_8.3.sh,https://github.com/mvdan/xurls
g/github.com__mwitkow__go-conntrack,github.com__mwitkow__go-conntrack,v0.0.0-20190716064945-2f068394615f,go,,g/github.com__mwitkow__go-conntrack/github.com__mwitkow__go-conntrack_rhel_8.3.sh,https://github.com/mwitkow/go-conntrack
g/github.com__naoina__go-stringutil,github.com__naoina__go-stringutil,v0.1.0,go,,g/github.com__naoina__go-stringutil/github.com__naoina__go-stringutil_rhel_8.3.sh,https://github.com/naoina/go-stringutil
g/github.com__naoina__toml,github.com__naoina__toml,v0.1.1,go,,g/github.com__naoina__toml/github.com__naoina__toml_rhel_8.3.sh,https://github.com/naoina/toml
g/github.com__natefinch__lumberjack,github.com__natefinch__lumberjack,v2.0.0+incompatible,go,,g/github.com__natefinch__lumberjack/github.com__natefinch__lumberjack_rhel_8.3.sh,https://github.com/natefinch/lumberjack
g/github.com__nats-io__jwt,github.com__nats-io__jwt,v0.3.2,go,,g/github.com__nats-io__jwt/github.com__nats-io__jwt_rhel_8.3.sh,https://github.com/nats-io/jwt
g/github.com__nats-io__nats-server,github.com__nats-io__nats-server,v1.4.1,go,,g/github.com__nats-io__nats-server/github.com__nats-io__nats-server_rhel_8.3.sh,https://github.com/nats-io/nats-server
g/github.com__nats-io__nats-server__v2,github.com__nats-io__nats-server__v2,v2.1.2,go,,g/github.com__nats-io__nats-server__v2/github.com__nats-io__nats-server__v2_rhel_8.3.sh,https://github.com/nats-io/nats-server
g/github.com__nats-io__nats.go,github.com__nats-io__nats.go,v1.9.2,go,,g/github.com__nats-io__nats.go/github.com__nats-io__nats.go_rhel_8.3.sh,https://github.com/nats-io/nats.go
g/github.com__nats-io__nkeys,github.com__nats-io__nkeys,v0.1.4,go,,g/github.com__nats-io__nkeys/github.com__nats-io__nkeys_rhel_8.3.sh,https://github.com/nats-io/nkeys
g/github.com__nats-io__nuid,github.com__nats-io__nuid,v1.0.1,go,,g/github.com__nats-io__nuid/github.com__nats-io__nuid_rhel_8.3.sh,https://github.com/nats-io/nuid
g/github.com__ncw__swift,github.com__ncw__swift,v1.0.47,go,,g/github.com__ncw__swift/github.com__ncw__swift_rhel_8.3.sh,https://github.com/ncw/swift
g/github.com__nvveen__gotty,github.com__nvveen__gotty,v0.0.0-20120604004816-cd527374f1e5,go,,g/github.com__nvveen__gotty/github.com__nvveen__gotty_rhel_8.3.sh,https://github.com/nvveen/gotty
g/github.com__nwaples__rardecode,github.com__nwaples__rardecode,v1.0.0,go,,g/github.com__nwaples__rardecode/github.com__nwaples__rardecode_rhel_8.3.sh,https://github.com/nwaples/rardecode
g/github.com__nxadm__tail,github.com__nxadm__tail,v1.4.4,go,,g/github.com__nxadm__tail/github.com__nxadm__tail_rhel_8.3.sh,https://github.com/nxadm/tail
g/github.com__oklog__run,github.com__oklog__run,v1.1.0,go,,g/github.com__oklog__run/github.com__oklog__run_rhel_8.3.sh,https://github.com/oklog/run
g/github.com__oklog__ulid,github.com__oklog__ulid,v1.3.1,go,,g/github.com__oklog__ulid/github.com__oklog__ulid_rhel_8.3.sh,https://github.com/oklog/ulid
g/github.com__olekukonko__tablewriter,github.com__olekukonko__tablewriter,v0.0.2,go,,g/github.com__olekukonko__tablewriter/github.com__olekukonko__tablewriter_rhel_8.3.sh,https://github.com/olekukonko/tablewriter
g/github.com__oneofone__xxhash,github.com__oneofone__xxhash,v1.2.6,go,,g/github.com__oneofone__xxhash/github.com__oneofone__xxhash_rhel_8.3.sh,https://github.com/oneofone/xxhash
g/github.com__onsi__ginkgo,github.com__onsi__ginkgo,v1.14.2,go,,g/github.com__onsi__ginkgo/github.com__onsi__ginkgo_rhel_8.3.sh,https://github.com/onsi/ginkgo
g/github.com__onsi__gomega,github.com__onsi__gomega,v1.10.2,go,,g/github.com__onsi__gomega/github.com__onsi__gomega_rhel_8.3.sh,https://github.com/onsi/gomega
g/github.com__openshift__api,github.com__openshift__api,v0.0.0-20201102162614-9252afb032e1,go,,g/github.com__openshift__api/github.com__openshift__api_rhel_8.3.sh,https://github.com/openshift/api
g/github.com__openshift__build-machinery-go,github.com__openshift__build-machinery-go,v0.0.0-20200917070002-f171684f77ab,go,,g/github.com__openshift__build-machinery-go/github.com__openshift__build-machinery-go_rhel_8.3.sh,https://github.com/openshift/build-machinery-go
g/github.com__openshift__prom-label-proxy,github.com__openshift__prom-label-proxy,v0.1.1-0.20191016113035-b8153a7f39f1,go,,g/github.com__openshift__prom-label-proxy/github.com__openshift__prom-label-proxy_rhel_8.3.sh,https://github.com/openshift/prom-label-proxy
g/github.com__opentracing-contrib__go-observer,github.com__opentracing-contrib__go-observer,v0.0.0-20170622124052-a52f23424492,go,,g/github.com__opentracing-contrib__go-observer/github.com__opentracing-contrib__go-observer_rhel_8.3.sh,https://github.com/opentracing-contrib/go-observer
g/github.com__opentracing-contrib__go-stdlib,github.com__opentracing-contrib__go-stdlib,v0.0.0-20190519235532-cf7a6c988dc9,go,,g/github.com__opentracing-contrib__go-stdlib/github.com__opentracing-contrib__go-stdlib_rhel_8.3.sh,https://github.com/opentracing-contrib/go-stdlib
g/github.com__opentracing__basictracer-go,github.com__opentracing__basictracer-go,v1.0.0,go,,g/github.com__opentracing__basictracer-go/github.com__opentracing__basictracer-go_rhel_8.3.sh,https://github.com/opentracing/basictracer-go
g/github.com__opentracing__opentracing-go,github.com__opentracing__opentracing-go,v1.1.0,go,,g/github.com__opentracing__opentracing-go/github.com__opentracing__opentracing-go_rhel_8.3.sh,https://github.com/opentracing/opentracing-go
g/github.com__openzipkin-contrib__zipkin-go-opentracing,github.com__openzipkin-contrib__zipkin-go-opentracing,v0.4.5,go,,g/github.com__openzipkin-contrib__zipkin-go-opentracing/github.com__openzipkin-contrib__zipkin-go-opentracing_rhel_8.3.sh,https://github.com/openzipkin-contrib/zipkin-go-opentracing
g/github.com__openzipkin__zipkin-go,github.com__openzipkin__zipkin-go,v0.2.2,go,,g/github.com__openzipkin__zipkin-go/github.com__openzipkin__zipkin-go_rhel_8.3.sh,https://github.com/openzipkin/zipkin-go
g/github.com__operator-framework__operator-lib,github.com__operator-framework__operator-lib,v0.1.0,go,,g/github.com__operator-framework__operator-lib/github.com__operator-framework__operator-lib_rhel_8.3.sh,https://github.com/operator-framework/operator-lib
g/github.com__otiai10__mint,github.com__otiai10__mint,v1.3.1,go,,g/github.com__otiai10__mint/github.com__otiai10__mint_rhel_8.3.sh,https://github.com/otiai10/mint
g/github.com__pascaldekloe__name,github.com__pascaldekloe__name,v0.0.0-20180628100202-0fd16699aae1,go,,g/github.com__pascaldekloe__name/github.com__pascaldekloe__name_rhel_8.3.sh,https://github.com/pascaldekloe/name
g/github.com__patrickmn__go-cache,github.com__patrickmn__go-cache,v2.1.0+incompatible,go,,g/github.com__patrickmn__go-cache/github.com__patrickmn__go-cache_rhel_8.3.sh,https://github.com/patrickmn/go-cache
g/github.com__pborman__uuid,github.com__pborman__uuid,v1.2.0,go,,g/github.com__pborman__uuid/github.com__pborman__uuid_rhel_8.3.sh,https://github.com/pborman/uuid
g/github.com__pelletier__go-buffruneio,github.com__pelletier__go-buffruneio,v0.2.0,go,,g/github.com__pelletier__go-buffruneio/github.com__pelletier__go-buffruneio_rhel_8.3.sh,https://github.com/pelletier/go-buffruneio
g/github.com__peterbourgon__diskv,github.com__peterbourgon__diskv,v2.0.1+incompatible,go,,g/github.com__peterbourgon__diskv/github.com__peterbourgon__diskv_rhel_8.3.sh,https://github.com/peterbourgon/diskv
g/github.com__phayes__freeport,github.com__phayes__freeport,v0.0.0-20180830031419-95f893ade6f2,go,,g/github.com__phayes__freeport/github.com__phayes__freeport_rhel_8.3.sh,https://github.com/phayes/freeport
g/github.com__pierrec__cmdflag,github.com__pierrec__cmdflag,v0.0.2,go,,g/github.com__pierrec__cmdflag/github.com__pierrec__cmdflag_rhel_8.3.sh,https://github.com/pierrec/cmdflag
g/github.com__pkg__errors,github.com__pkg__errors,v0.9.1,go,,g/github.com__pkg__errors/github.com__pkg__errors_rhel_8.3.sh,https://github.com/pkg/errors
g/github.com__posener__complete,github.com__posener__complete,v1.1.1,go,,g/github.com__posener__complete/github.com__posener__complete_rhel_8.3.sh,https://github.com/posener/complete
g/github.com__prometheus__client_model,github.com__prometheus__client_model,v0.1.0,go,,g/github.com__prometheus__client_model/github.com__prometheus__client_model_rhel_8.3.sh,https://github.com/prometheus/client_model
g/github.com__puerkitobio__purell,github.com__puerkitobio__purell,v1.1.1,go,,g/github.com__puerkitobio__purell/github.com__puerkitobio__purell_rhel_8.3.sh,https://github.com/puerkitobio/purell
g/github.com__puerkitobio__urlesc,github.com__puerkitobio__urlesc,v0.0.0-20170810143723-de5bf2ad4578,go,,g/github.com__puerkitobio__urlesc/github.com__puerkitobio__urlesc_rhel_8.3.sh,https://github.com/puerkitobio/urlesc
g/github.com__remyoudompheng__bigfft,github.com__remyoudompheng__bigfft,v0.0.0-20170806203942-52369c62f446,go,,g/github.com__remyoudompheng__bigfft/github.com__remyoudompheng__bigfft_rhel_8.3.sh,https://github.com/remyoudompheng/bigfft
g/github.com__robfig__cron,github.com__robfig__cron,v1.2.0,go,,g/github.com__robfig__cron/github.com__robfig__cron_rhel_8.3.sh,https://github.com/robfig/cron
g/github.com__rogpeppe__fastuuid,github.com__rogpeppe__fastuuid,v1.2.0,go,,g/github.com__rogpeppe__fastuuid/github.com__rogpeppe__fastuuid_rhel_8.3.sh,https://github.com/rogpeppe/fastuuid
g/github.com__rogpeppe__go-internal,github.com__rogpeppe__go-internal,v1.5.0,go,,g/github.com__rogpeppe__go-internal/github.com__rogpeppe__go-internal_ubi_8.5.sh,https://github.com/rogpeppe/go-internal
g/github.com__rs__cors,github.com__rs__cors,v1.6.0,go,,g/github.com__rs__cors/github.com__rs__cors_rhel_8.3.sh,https://github.com/rs/cors
g/github.com__rs__xid,github.com__rs__xid,v1.2.1,go,,g/github.com__rs__xid/github.com__rs__xid_rhel_8.3.sh,https://github.com/rs/xid
g/github.com__rs__zerolog,github.com__rs__zerolog,v1.15.0,go,,g/github.com__rs__zerolog/github.com__rs__zerolog_rhel_8.3.sh,https://github.com/rs/zerolog
g/github.com__rubenv__sql-migrate,github.com__rubenv__sql-migrate,v0.0.0-20200616145509-8d140a17f351,go,,g/github.com__rubenv__sql-migrate/github.com__rubenv__sql-migrate_rhel_8.3.sh,https://github.com/rubenv/sql-migrate
g/github.com__russross__blackfriday,github.com__russross__blackfriday,v1.5.2,go,,g/github.com__russross__blackfriday/github.com__russross__blackfriday_rhel_8.3.sh,https://github.com/russross/blackfriday
g/github.com__russross__blackfriday__v2,github.com__russross__blackfriday__v2,v2.0.1,go,,g/github.com__russross__blackfriday__v2/github.com__russross__blackfriday__v2_rhel_8.3.sh,https://github.com/russross/blackfriday
g/github.com__ryanuber__columnize,github.com__ryanuber__columnize,v2.1.0+incompatible,go,,g/github.com__ryanuber__columnize/github.com__ryanuber__columnize_rhel_8.3.sh,https://github.com/ryanuber/columnize
g/github.com__ryanuber__go-glob,github.com__ryanuber__go-glob,v1.0.0,go,,g/github.com__ryanuber__go-glob/github.com__ryanuber__go-glob_rhel_8.3.sh,https://github.com/ryanuber/go-glob
g/github.com__santhosh-tekuri__jsonschema,github.com__santhosh-tekuri__jsonschema,v1.2.4,go,,g/github.com__santhosh-tekuri__jsonschema/github.com__santhosh-tekuri__jsonschema_rhel_8.3.sh,https://github.com/santhosh-tekuri/jsonschema
g/github.com__satori__go.uuid,github.com__satori__go.uuid,v1.2.0,go,,g/github.com__satori__go.uuid/github.com__satori__go.uuid_rhel_8.3.sh,https://github.com/satori/go.uuid
g/github.com__sclevine__spec,github.com__sclevine__spec,v1.2.0,go,,g/github.com__sclevine__spec/github.com__sclevine__spec_rhel_8.3.sh,https://github.com/sclevine/spec
g/github.com__sean-__seed,github.com__sean-__seed,v0.0.0-20170313163322-e2103e2c3529,go,,g/github.com__sean-__seed/github.com__sean-__seed_rhel_8.3.sh,https://github.com/sean-/seed
g/github.com__segmentio__backo-go,github.com__segmentio__backo-go,204274ad699c0983a70203a566887f17a717fef4,go,,g/github.com__segmentio__backo-go/github.com__segmentio__backo-go_rhel_8.3.sh,https://github.com/segmentio/backo-go
g/github.com__serenize__snaker,github.com__serenize__snaker,de5293a32fd929048775e277fa6dd163bdeac7b3,go,,g/github.com__serenize__snaker/github.com__serenize__snaker_rhel_8.3.sh,https://github.com/serenize/snaker
g/github.com__sermodigital__jose,github.com__sermodigital__jose,v0.9.1,go,,g/github.com__sermodigital__jose/github.com__sermodigital__jose_rhel_8.3.sh,https://github.com/sermodigital/jose
g/github.com__sethvargo__go-password,github.com__sethvargo__go-password,v0.2.0,go,,g/github.com__sethvargo__go-password/github.com__sethvargo__go-password_rhel_8.3.sh,https://github.com/sethvargo/go-password
g/github.com__shopify__sarama,github.com__shopify__sarama,v1.19.0,go,,g/github.com__shopify__sarama/github.com__shopify__sarama_rhel_8.3.sh,https://github.com/shopify/sarama
g/github.com__shopspring__decimal,github.com__shopspring__decimal,v0.0.0-20200227202807-02e2044944cc,go,,g/github.com__shopspring__decimal/github.com__shopspring__decimal_rhel_8.3.sh,https://github.com/shopspring/decimal
g/github.com__sigurn__crc16,github.com__sigurn__crc16,da416fad5162ac0f3338ba24dccdb26e4da22485,go,,g/github.com__sigurn__crc16/github.com__sigurn__crc16_rhel_8.3.sh,https://github.com/sigurn/crc16
g/github.com__sigurn__utils,github.com__sigurn__utils,f19e41f79f8f006116f682c1af454591bc278ad4,go,,g/github.com__sigurn__utils/github.com__sigurn__utils_rhel_8.3.sh,https://github.com/sigurn/utils
g/github.com__sirupsen__logrus,github.com__sirupsen__logrus,v1.7.0,go,,g/github.com__sirupsen__logrus/github.com__sirupsen__logrus_rhel_8.3.sh,https://github.com/sirupsen/logrus
g/github.com__smartystreets__assertions,github.com__smartystreets__assertions,v1.0.1,go,,g/github.com__smartystreets__assertions/github.com__smartystreets__assertions_rhel_8.3.sh,https://github.com/smartystreets/assertions
g/github.com__soheilhy__cmux,github.com__soheilhy__cmux,v0.1.4,go,,g/github.com__soheilhy__cmux/github.com__soheilhy__cmux_rhel_8.3.sh,https://github.com/soheilhy/cmux
g/github.com__sony__gobreaker,github.com__sony__gobreaker,v0.4.1,go,,g/github.com__sony__gobreaker/github.com__sony__gobreaker_rhel_8.3.sh,https://github.com/sony/gobreaker
g/github.com__spaolacci__murmur3,github.com__spaolacci__murmur3,v1.1.0,go,,g/github.com__spaolacci__murmur3/github.com__spaolacci__murmur3_rhel_8.3.sh,https://github.com/spaolacci/murmur3
g/github.com__spf13__cobra,github.com__spf13__cobra,v1.1.1,go,,g/github.com__spf13__cobra/github.com__spf13__cobra_rhel_8.3.sh,https://github.com/spf13/cobra
g/github.com__spf13__jwalterweatherman,github.com__spf13__jwalterweatherman,v1.1.0,go,,g/github.com__spf13__jwalterweatherman/github.com__spf13__jwalterweatherman_rhel_8.3.sh,https://github.com/spf13/jwalterweatherman
g/github.com__spf13__pflag,github.com__spf13__pflag,v1.0.5,go,,g/github.com__spf13__pflag/github.com__spf13__pflag_rhel_8.3.sh,https://github.com/spf13/pflag
g/github.com__spf13__viper,github.com__spf13__viper,v1.7.0,go,,g/github.com__spf13__viper/github.com__spf13__viper_rhel_8.3.sh,https://github.com/spf13/viper
g/github.com__stoewer__go-strcase,github.com__stoewer__go-strcase,v1.2.0,go,,g/github.com__stoewer__go-strcase/github.com__stoewer__go-strcase_rhel_8.3.sh,https://github.com/stoewer/go-strcase
g/github.com__storageos__go-api,github.com__storageos__go-api,v0.0.0-20180912212459-343b3eff91fc,go,,g/github.com__storageos__go-api/github.com__storageos__go-api_rhel_8.3.sh,https://github.com/storageos/go-api
g/github.com__streadway__amqp,github.com__streadway__amqp,v0.0.0-20190827072141-edfb9018d271,go,,g/github.com__streadway__amqp/github.com__streadway__amqp_rhel_8.3.sh,https://github.com/streadway/amqp
g/github.com__stretchr__objx,github.com__stretchr__objx,v0.2.0,go,,g/github.com__stretchr__objx/github.com__stretchr__objx_rhel_8.3.sh,https://github.com/stretchr/objx
g/github.com__stretchr__testify,github.com__stretchr__testify,v1.6.1,go,,g/github.com__stretchr__testify/github.com__stretchr__testify_rhel_8.3.sh,https://github.com/stretchr/testify
g/github.com__subosito__gotenv,github.com__subosito__gotenv,v1.2.0,go,,g/github.com__subosito__gotenv/github.com__subosito__gotenv_rhel_8.3.sh,https://github.com/subosito/gotenv
g/github.com__thanos-io__thanos,github.com__thanos-io__thanos,v0.11.0,go,,g/github.com__thanos-io__thanos/github.com__thanos-io__thanos_rhel_8.3.sh,https://github.com/thanos-io/thanos
g/github.com__thecodeteam__goscaleio,github.com__thecodeteam__goscaleio,v0.1.0,go,,g/github.com__thecodeteam__goscaleio/github.com__thecodeteam__goscaleio_rhel_8.3.sh,https://github.com/thecodeteam/goscaleio
g/github.com__tidwall__pretty,github.com__tidwall__pretty,v1.0.0,go,,g/github.com__tidwall__pretty/github.com__tidwall__pretty_rhel_8.3.sh,https://github.com/tidwall/pretty
g/github.com__uber__jaeger-client-go,github.com__uber__jaeger-client-go,v2.20.1+incompatible,go,,g/github.com__uber__jaeger-client-go/github.com__uber__jaeger-client-go_rhel_8.3.sh,https://github.com/uber/jaeger-client-go
g/github.com__uber__jaeger-client-go,github.com__uber__jaeger-client-go,v2.29.1+incompatible,go,,g/github.com__uber__jaeger-client-go/github.com__uber__jaeger-client-go_ubi_8.5.sh,https://github.com/uber/jaeger-client-go
g/github.com__uber__jaeger-lib,github.com__uber__jaeger-lib,v2.2.0+incompatible,go,,g/github.com__uber__jaeger-lib/github.com__uber__jaeger-lib_rhel_8.3.sh,https://github.com/uber/jaeger-lib
g/github.com__ugorji__go__codec,github.com__ugorji__go__codec,v0.0.0-20181204163529-d75b2dcb6bc8,go,,g/github.com__ugorji__go__codec/github.com__ugorji__go__codec_rhel_8.3.sh,https://github.com/ugorji/go
g/github.com__ulikunitz__xz,github.com__ulikunitz__xz,v0.5.6,go,,g/github.com__ulikunitz__xz/github.com__ulikunitz__xz_rhel_8.3.sh,https://github.com/ulikunitz/xz
g/github.com__urfave__cli,github.com__urfave__cli,v1.22.1,go,,g/github.com__urfave__cli/github.com__urfave__cli_rhel_8.3.sh,https://github.com/urfave/cli
g/github.com__urfave__negroni,github.com__urfave__negroni,v1.0.0,go,,g/github.com__urfave__negroni/github.com__urfave__negroni_rhel_8.3.sh,https://github.com/urfave/negroni
g/github.com__vbauerster__mpb,github.com__vbauerster__mpb,v3.4.0,go,,g/github.com__vbauerster__mpb/github.com__vbauerster__mpb_rhel_8.3.sh,https://github.com/vbauerster/mpb
g/github.com__vektah__gqlparser,github.com__vektah__gqlparser,v1.1.2,go,,g/github.com__vektah__gqlparser/github.com__vektah__gqlparser_rhel_8.3.sh,https://github.com/vektah/gqlparser
g/github.com__venafi__vcert,github.com__venafi__vcert,v0.0.0-20190613103158-62139eb19b25,go,,g/github.com__venafi__vcert/github.com__venafi__vcert_rhel_8.3.sh,https://github.com/venafi/vcert
g/github.com__vividcortex__ewma,github.com__vividcortex__ewma,v1.1.1,go,,g/github.com__vividcortex__ewma/github.com__vividcortex__ewma_rhel_8.3.sh,https://github.com/vividcortex/ewma
g/github.com__vmihailenco__msgpack,github.com__vmihailenco__msgpack,v4.0.1+incompatible,go,,g/github.com__vmihailenco__msgpack/github.com__vmihailenco__msgpack_rhel_8.3.sh,https://github.com/vmihailenco/msgpack
g/github.com__wadey__gocovmerge,github.com__wadey__gocovmerge,v0.0.0-20160331181800-b5bfa59ec0ad,go,,g/github.com__wadey__gocovmerge/github.com__wadey__gocovmerge_rhel_8.3.sh,https://github.com/wadey/gocovmerge
g/github.com__xanzy__go-gitlab,github.com__xanzy__go-gitlab,v0.15.0,go,,g/github.com__xanzy__go-gitlab/github.com__xanzy__go-gitlab_rhel_8.3.sh,https://github.com/xanzy/go-gitlab
g/github.com__xdg__scram,github.com__xdg__scram,v0.0.0-20180814205039-7eeb5667e42c,go,,g/github.com__xdg__scram/github.com__xdg__scram_rhel_8.3.sh,https://github.com/xdg/scram
g/github.com__xdg__stringprep,github.com__xdg__stringprep,v1.0.0,go,,g/github.com__xdg__stringprep/github.com__xdg__stringprep_rhel_8.3.sh,https://github.com/xdg/stringprep
g/github.com__xeipuuv__gojsonpointer,github.com__xeipuuv__gojsonpointer,v0.0.0-20180127040702-4e3ac2762d5f,go,,g/github.com__xeipuuv__gojsonpointer/github.com__xeipuuv__gojsonpointer_rhel_8.3.sh,https://github.com/xeipuuv/gojsonpointer
g/github.com__xeipuuv__gojsonreference,github.com__xeipuuv__gojsonreference,v0.0.0-20180127040603-bd5ef7bd5415,go,,g/github.com__xeipuuv__gojsonreference/github.com__xeipuuv__gojsonreference_rhel_8.3.sh,https://github.com/xeipuuv/gojsonreference
g/github.com__xeipuuv__gojsonschema,github.com__xeipuuv__gojsonschema,v1.2.0,go,,g/github.com__xeipuuv__gojsonschema/github.com__xeipuuv__gojsonschema_rhel_8.3.sh,https://github.com/xeipuuv/gojsonschema
g/github.com__xi2__xz,github.com__xi2__xz,v0.0.0-20171230120015-48954b6210f8,go,,g/github.com__xi2__xz/github.com__xi2__xz_rhel_8.3.sh,https://github.com/xi2/xz
g/github.com__xiang90__probing,github.com__xiang90__probing,v0.0.0-20190116061207-43a291ad63a2,go,,g/github.com__xiang90__probing/github.com__xiang90__probing_rhel_8.3.sh,https://github.com/xiang90/probing
g/github.com__xlab__treeprint,github.com__xlab__treeprint,v0.0.0-20180616005107-d6fb6747feb6,go,,g/github.com__xlab__treeprint/github.com__xlab__treeprint_rhel_8.3.sh,https://github.com/xlab/treeprint
g/github.com__xtgo__uuid,github.com__xtgo__uuid,a0b114877d4caeffbd7f87e3757c17fce570fea7,go,,g/github.com__xtgo__uuid/github.com__xtgo__uuid_rhel_8.3.sh,https://github.com/xtgo/uuid
g/github.com__yuin__goldmark,github.com__yuin__goldmark,v1.2.1,go,,g/github.com__yuin__goldmark/github.com__yuin__goldmark_rhel_8.3.sh,https://github.com/yuin/goldmark
g/github.com__yvasiyarov__gorelic,github.com__yvasiyarov__gorelic,v0.0.7,go,,g/github.com__yvasiyarov__gorelic/github.com__yvasiyarov__gorelic_rhel_8.3.sh,https://github.com/yvasiyarov/gorelic
g/github.com__yvasiyarov__newrelic_platform_go,github.com__yvasiyarov__newrelic_platform_go,v0.0.0-20160601141957-9c099fbc30e9,go,,g/github.com__yvasiyarov__newrelic_platform_go/github.com__yvasiyarov__newrelic_platform_go_rhel_8.3.sh,https://github.com/yvasiyarov/newrelic_platform_go
g/github.com__zenazn__goji,github.com__zenazn__goji,v0.9.0,go,,g/github.com__zenazn__goji/github.com__zenazn__goji_rhel_8.3.sh,https://github.com/zenazn/goji
g/github.com__ziutek__mymysql,github.com__ziutek__mymysql,v1.5.4,go,,g/github.com__ziutek__mymysql/github.com__ziutek__mymysql_rhel_8.3.sh,https://github.com/ziutek/mymysql
g/github.com_akamai_akamaiopen-edgegrid-golang,github.com_akamai_akamaiopen-edgegrid-golang,v1.1.1,go,,g/github.com_akamai_akamaiopen-edgegrid-golang/github.com_akamai_akamaiopen-edgegrid-golang_ubi_8.sh,https://github.com/akamai/AkamaiOPEN-edgegrid-golang.git
g/github.com_dave_jennifer,github.com_dave_jennifer,v1.2.0,go,,g/github.com_dave_jennifer/github.com_dave_jennifer_ubi_8.sh,https://github.com/dave/jennifer.git
g/github.com_deislabs_oras,github.com_deislabs_oras,v0.11.1,go,,g/github.com_deislabs_oras/github.com_deislabs_oras_ubi_8.5.sh,https://github.com/oras-project/oras
g/github.com_hdrhistogram_hdrhistogram-go,github.com_hdrhistogram_hdrhistogram-go,v1.0.1,go,,g/github.com_hdrhistogram_hdrhistogram-go/github.com_hdrhistogram_hdrhistogram-go_ubi_8.sh,https://github.com/HdrHistogram/hdrhistogram-go.git
g/github.com_jinzhu_gorm,github.com_jinzhu_gorm,v1.9.1,go,,g/github.com_jinzhu_gorm/github.com_jinzhu_gorm_1.9.1_ubi_8.5.sh,https://github.com/jinzhu/gorm
g/github.com_lyft_protoc-gen-validate,github.com_lyft_protoc-gen-validate,v0.6.7,go,,g/github.com_lyft_protoc-gen-validate/github.com_lyft_protoc-gen-validate_ubi_8.5.sh,https://github.com/envoyproxy/protoc-gen-validate
g/github.com_masterminds_sprig,github.com_masterminds_sprig,v3.2.2,go,,g/github.com_masterminds_sprig/github.com_masterminds_sprig_ubi_8.5.sh,https://github.com/masterminds/sprig
g/glfw,glfw,e6da0acd62b1,go,,g/glfw/glfw_ubi_8.5.sh,https://github.com/go-gl/glfw
g/gnostic,gnostic,v0.5.7,go,,g/gnostic/gnostic_ubi_8.5.sh,https://github.com/google/gnostic
g/go,go,v1.1.4,go,,g/go/go_ubi_8.5.sh,https://github.com/ugorji/go.git
g/go-cleanhttp,go-cleanhttp,v0.5.2,go,,g/go-cleanhttp/go-cleanhttp_ubi_8.5.sh,https://github.com/hashicorp/go-cleanhttp
g/go-control-plane,go-control-plane,v0.9.7,go,,g/go-control-plane/go-control-plane_UBI_8.5.sh,https://github.com/envoyproxy/go-control-plane.git
g/go-digest,go-digest,v1.0.0,go,,g/go-digest/go-digest_ubi8.5.sh,https://github.com/opencontainers/go-digest
g/go-gcfg,go-gcfg,v1,go,,g/go-gcfg/gcfg_uib_8.5.sh,https://github.com/go-gcfg/gcfg
g/go-genproto,go-genproto,b5d43981345bdb2c233eb4bf3277847b48c6fdc6,go,,g/go-genproto/go-genproto_ubi_8.4.sh,https://github.com/googleapis/go-genproto
g/go-github,go-github,${1:-,go,,g/go-github/go-github_ubi_8.5.sh,https://github.com/google/go-github
g/go-grpc-middleware,go-grpc-middleware,v1.1.0,go,,g/go-grpc-middleware/github.com__grpc-ecosystem__go-grpc-middleware_rhel_8.3.sh,https://github.com/grpc-ecosystem/go-grpc-middleware
g/go-grpc-middleware,go-grpc-middleware,v2.0.1,go,,g/go-grpc-middleware/go-grpc-middleware_ubi_8.7.sh,https://github.com/grpc-ecosystem/go-grpc-middleware
g/go-hclog,go-hclog,v0.9.2,go,,g/go-hclog/go-hclog_v0.9.2_ubi8.4.sh,https://github.com/hashicorp/go-hclog
g/go-http-tunnel,go-http-tunnel,2.1,go,,g/go-http-tunnel/go-http-tunnel_ubi_8.3.sh,https://github.com/mmatczuk/go-http-tunnel.git
g/go-i18n,go-i18n,${1:-,go,,g/go-i18n/go-i18n_ubi_8.5.sh,https://github.com/nicksnyder/go-i18n
g/go-immutable-radix,go-immutable-radix,v1.1.0,go,,g/go-immutable-radix/github.com__hashicorp__go-immutable-radix_rhel_8.3.sh,https://github.com/hashicorp/go-immutable-radix
g/go-immutable-radix,go-immutable-radix,v2.1.0,go,,g/go-immutable-radix/go-immutable-radix_ubi_8.7.sh,https://github.com/hashicorp/go-immutable-radix
g/go-immutable-radix,go-immutable-radix,v1.2.0,go,,g/go-immutable-radix/hashicorp__go-immutable-radix_rhel_8.3.sh,https://github.com/hashicorp/go-immutable-radix
g/go-inf__inf,go-inf__inf,3887ee99ecf07df5b447e9b00d9c0b2adaa9f3e4,go,,g/go-inf__inf/go-inf__inf_rhel_8.3.sh,https://github.com/go-inf/inf
g/go-jose,go-jose,v2.3.1,go,,g/go-jose/go-jose_2.3.1_ubi_8.5.sh,https://github.com/square/go-jose
g/go-jose,go-jose,${1:-,go,,g/go-jose/go-jose_2.5.1_ubi_8.5.sh,https://github.com/square/go-jose
g/go-jose,go-jose,v2.6.0,go,,g/go-jose/go-jose_ubi_8.5.sh,https://github.com/square/go-jose
g/go-ldap,go-ldap,v3.0.2,go,,g/go-ldap/go-ldap_ubi_8.4.sh,https://github.com/go-ldap/ldap
g/go-logfmt__logfmt,go-logfmt__logfmt,v0.5.0,go,,g/go-logfmt__logfmt/go-logfmt__logfmt_rhel_8.3.sh,https://github.com/go-logfmt/logfmt
g/go-logr__logr,go-logr__logr,v0.3.0,go,,g/go-logr__logr/go-logr__logr_rhel_8.3.sh,https://github.com/go-logr/logr
g/go-memdb,go-memdb,v1.0.0,go,,g/go-memdb/github.com__hashicorp__go-memdb_rhel_8.3.sh,https://github.com/hashicorp/go-memdb
g/go-memdb,go-memdb,v1.3.4,go,,g/go-memdb/go-memdb_ubi_8.7.sh,https://github.com/hashicorp/go-memdb
g/go-msgpack,go-msgpack,v2.1.1,go,,g/go-msgpack/go-msgpack_ubi_8.7.sh,https://github.com/hashicorp/go-msgpack
g/go-nsq,go-nsq,v1.0.8,go,,g/go-nsq/go-nsq_ubi_8.5.sh,https://github.com/nsqio/go-nsq
g/go-nuts,go-nuts,1d2432db96,go,,g/go-nuts/go-nuts_ubi8.5.sh,https://github.com/motemen/go-nuts
g/go-oci8,go-oci8,v0.0.7,go,,g/go-oci8/go-oci8.sh,https://github.com/mattn/go-oci8
g/go-openapi__errors,go-openapi__errors,d24ebc2075bad502fac3a8ae27aa6dd58e1952dc,go,,g/go-openapi__errors/go-openapi__errors_rhel_8.3.sh,https://github.com/go-openapi/errors
g/go-openapi__inflect,go-openapi__inflect,0.19.0,go,,g/go-openapi__inflect/go-openapi__inflect_rhel_8.3.sh,https://github.com/go-openapi/inflect
g/go-openapi__jsonpointer,go-openapi__jsonpointer,46af16f9f7b149af66e5d1bd010e3574dc06de98,go,,g/go-openapi__jsonpointer/go-openapi__jsonpointer_rhel_8.3.sh,https://github.com/go-openapi/jsonpointer
g/go-openapi__jsonpointer,go-openapi__jsonpointer,46af16f9f7b149af66e5d1bd010e3574dc06de98,go,,g/go-openapi__jsonpointer/go-openapi_jsonpointer_ubi_8.5.sh,https://github.com/go-openapi/jsonpointer
g/go-openapi__jsonreference,go-openapi__jsonreference,13c6e3589ad90f49bd3e3bbe2c2cb3d7a4142272,go,,g/go-openapi__jsonreference/go-openapi__jsonreference_rhel_8.3.sh,https://github.com/go-openapi/jsonreference
g/go-openapi__strfmt,go-openapi__strfmt,d65c7fdb29eca313476e529628176fe17e58c488,go,,g/go-openapi__strfmt/go-openapi__strfmt_rhel_8.3.sh,https://github.com/go-openapi/strfmt
g/go-openapi__strfmt,go-openapi__strfmt,d65c7fdb29eca313476e529628176fe17e58c488,go,,g/go-openapi__strfmt/go-openapi_strfmt_ubi_8.5.sh,https://github.com/go-openapi/strfmt
g/go-openapi__swag,go-openapi__swag,f3f9494671f93fcff853e3c6e9e948b3eb71e590,go,,g/go-openapi__swag/go-openapi__swag_rhel_8.3.sh,https://github.com/go-openapi/swag
g/go-openapi__swag,go-openapi__swag,1d0bd113de87027671077d3c71eb3ac5d7dbba72,go,,g/go-openapi__swag/go-openapi_swag_ubi_8.5.sh,https://github.com/go-openapi/swag
g/go-openapi_validate,go-openapi_validate,v0.21.0,go,,g/go-openapi_validate/go-openapi_validate_ubi_8.5.sh,https://github.com/go-openapi/validate
g/go-querystring,go-querystring,v1.0.0,go,,g/go-querystring/go-querystring_ubi_8.4.sh,https://github.com/google/go-querystring
g/go-restful,go-restful,v3.9.0,go,,g/go-restful/go-restful_ubi_8.5.sh,https://github.com/emicklei/go-restful
g/go-restful,go-restful,v3.7.3,go,,g/go-restful/go-restful_ubi_8.4.sh,https://github.com/emicklei/go-restful.git
g/go-rootcerts,go-rootcerts,v1.0.1,go,,g/go-rootcerts/go-rootcerts_ubi_8.4.sh,https://github.com/hashicorp/go-rootcerts
g/go-semver,go-semver,v0.3.0,go,,g/go-semver/go-semver_ubi_8.5.sh,https://github.com/coreos/go-semver
g/go-sockaddr,go-sockaddr,v1.0.2,go,,g/go-sockaddr/go-sockaddr_v1.0.2_ubi8.4.sh,github.com/hashicorp/go-sockaddr
g/go-spew,go-spew,v1.1.1,go,,g/go-spew/go-spew_ubi_8.5.sh,https://github.com/davecgh/go-spew
g/go-spew,go-spew,v1.1.0,go,,g/go-spew/go-spew_v1.1.0_ubi_8.5.sh,github.com/davecgh/go-spew
g/go-sql-driver__mysql,go-sql-driver__mysql,v1.5.0,go,,g/go-sql-driver__mysql/go-sql-driver__mysql_rhel_8.3.sh,https://github.com/go-sql-driver/mysql
g/go-syslog,go-syslog,v2.2.1,go,,g/go-syslog/go-syslog_ubi_8.5.sh,https://github.com/mcuadros/go-syslog
g/go-systemd,go-systemd,v22.5.0,go,,g/go-systemd/go-systemd_ubi_8.7.sh,https://github.com/coreos/go-systemd
g/go-toml,go-toml,${1:-,go,,g/go-toml/go-toml_ubi8.5.sh,https://github.com/pelletier/go-toml
g/go-update,go-update,8152e7e,go,,g/go-update/go-update_ubi_8.4.sh,https://github.com/inconshreveable/go-update
g/go-zookeeper,go-zookeeper,2cc03de413da,go,,g/go-zookeeper/go-zookeeper_ubi8.5.sh,https://github.com/samuel/go-zookeeper
g/go.opencensus.io,go.opencensus.io,v0.22.5,go,,g/go.opencensus.io/go.opencensus.io_ubi_8.5.sh,https://github.com/census-instrumentation/opencensus-go
g/go.uber.org__atomic,go.uber.org__atomic,v1.6.0,go,,g/go.uber.org__atomic/go.uber.org__atomic_rhel_8.3.sh,https://github.com/uber-go/atomic
g/gobwas__glob,gobwas__glob,0.2.3,go,,g/gobwas__glob/gobwas__glob_rhel_8.3.sh,https://github.com/gobwas/glob
g/gobwas__glob,gobwas__glob,v0.2.3,go,,g/gobwas__glob/glob_ubi_8.5.sh,https://github.com/gobwas/glob
g/gocql,gocql,v0.0.0-20190402132108-0e1d5de854df,go,,g/gocql/github.com__gocql__gocql_rhel_8.3.sh,https://github.com/gocql/gocql
g/gocql,gocql,9de8c0414fd7ff72ee819f25a66e4942cb223873,go,,g/gocql/gocql__gocql_rhel_8.3.sh,https://github.com/gocql/gocql
g/gocql,gocql,v1.6.0,go,,g/gocql/gocql_ubi_8.7.sh,https://github.com/gocql/gocql
g/gocql,gocql,n/a,go,,g/gocql/gocql_ubuntu_16.04.sh,https://github.com/gocql/gocql
g/gocql__gocql,gocql__gocql,9de8c0414fd7ff72ee819f25a66e4942cb223873,go,,g/gocql__gocql/gocql__gocql_rhel_8.3.sh,https://github.com/gocql/gocql
g/godbus,godbus,v5.1.0,go,,g/godbus/dbus_rhel_8.4.sh,https://github.com/godbus/dbus
g/godog,godog,${1:-,go,,g/godog/godog_ubi_8.5.sh,https://github.com/cucumber/godog
g/gofpdf,gofpdf,v1.1.0,go,,g/gofpdf/gofpdf_8.5.sh,https://github.com/jung-kurt/gofpdf.git
g/gofrs__flock,gofrs__flock,v0.8.0,go,,g/gofrs__flock/gofrs__flock_rhel_8.3.sh,https://github.com/gofrs/flock
g/gojsonschema,gojsonschema,v1.2.0,go,,g/gojsonschema/gojsonschema_ubi_8.3.sh,https://github.com/xeipuuv/gojsonschema.git
g/gokrb5.v7,gokrb5.v7,v7.5.0,go,,g/gokrb5.v7/gokrb5.v7_ubi_8.5.sh,https://github.com/jcmturner/gokrb5
g/golang-net,golang-net,v0.20.0,go,,g/golang-net/golang-net_ubi_8.7.sh,https://github.com/golang/net
g/golang-net,golang-net,NA,go,,g/golang-net/golang-net_ubuntu_16.04.sh,https://github.com/golang/net.git
g/golang-set,golang-set,v1.7.1,go,,g/golang-set/deckarep__golang-set_rhel_8.3.sh,https://github.com/deckarep/golang-set
g/golang-set,golang-set,v2.3.1,go,,g/golang-set/golang-set_ubi_8.7.sh,https://github.com/deckarep/golang-set
g/golang__glog,golang__glog,44145f04b68cf362d9c4df2182967c2275eaefed,go,,g/golang__glog/golang__glog_rhel_8.3.sh,https://github.com/golang/glog
g/golang__groupcache,golang__groupcache,v0.0.0-20200121045136-8c9f03a8e57e,go,,g/golang__groupcache/golang__groupcache_rhel_8.3.sh,https://github.com/golang/groupcache
g/golang__protobuf,golang__protobuf,b4deda0973fb4c70b50d226b1af49f3da59f5265,go,,g/golang__protobuf/golang__protobuf_rhel_8.3.sh,https://github.com/golang/protobuf
g/golang__snappy,golang__snappy,2e65f85255dbc3072edf28d6b5b8efc472979f5a,go,,g/golang__snappy/golang__snappy_rhel_8.3.sh,https://github.com/golang/snappy
g/golang__text,golang__text,0.3.0,go,,g/golang__text/golang__text_rhel_8.3.sh,https://github.com/golang/text
g/golang_protobuf_extensions,golang_protobuf_extensions,v1.0.1,go,,g/golang_protobuf_extensions/golang_protobuf_extensions_1.0.1_ubi_8.5.sh,https://github.com/matttproud/golang_protobuf_extensions
g/golang_protobuf_extensions,golang_protobuf_extensions,${1:-,go,,g/golang_protobuf_extensions/golang_protobuf_extensions_ubi_8.5.sh,https://github.com/matttproud/golang_protobuf_extensions.git
g/golex,golex,v1.0.1,go,,g/golex/golex_ubi_8.3.sh,https://gitlab.com/cznic/golex
g/gomodules.xyz__orderedmap,gomodules.xyz__orderedmap,v0.1.0,go,,g/gomodules.xyz__orderedmap/gomodules.xyz__orderedmap_rhel_8.3.sh,https://github.com/gomodules/orderedmap
g/gomodules_jsonpatch,gomodules_jsonpatch,v2.0.0,go,,g/gomodules_jsonpatch/gomodules_jsonpatch_v2.0.0_ubi_8.5.sh,https://github.com/gomodules/jsonpatch.git
g/google,google,1.2.4,php,,g/google/recaptcha/google_recaptcha_UBI_8.5.sh,https://github.com/google/recaptcha.git
g/google-api-client-jackson2,google-api-client-jackson2,1.27.0,java,,g/google-api-client-jackson2/google-api-client-jackson2_ubi8.4.sh,https://github.com/googleapis/google-api-java-client.git
g/google-api-client-java6,google-api-client-java6,v1.27.0,java,,g/google-api-client-java6/google-api-client-java6_ubi_8.5.sh,https://github.com/googleapis/google-api-java-client.git
g/google-oauth-client-java6,google-oauth-client-java6,v1.27.0,java,,g/google-oauth-client-java6/google-oauth-client-java6_ubi_8.5.sh,https://github.com/googleapis/google-oauth-java-client
g/google.golang.org__api,google.golang.org__api,v0.20.0,go,,g/google.golang.org__api/google.golang.org__api_rhel_8.3.sh,https://github.com/googleapis/google-api-go-client
g/google__btree,google__btree,7d79101e329e5a3adf994758c578dab82b90c017,go,,g/google__btree/google__btree_rhel_8.3.sh,https://github.com/google/btree
g/google__go-cmp,google__go-cmp,v0.5.2,go,,g/google__go-cmp/google__go-cmp_rhel_8.3.sh,https://github.com/google/go-cmp
g/google__gofuzz,google__gofuzz,44d81051d367757e1c7c6a5a86423ece9afcf63c,go,,g/google__gofuzz/google__gofuzz_rhel_8.3.sh,https://github.com/google/gofuzz
g/google__pprof,google__pprof,v0.0.0-20200229191704-1ebb73c60ed3,go,,g/google__pprof/google__pprof_rhel_8.3.sh,https://github.com/google/pprof
g/googlesheets4,googlesheets4,1.1.1,r,,g/googlesheets4/googlesheets4_ubi_9.3.sh,https://github.com/cran/googlesheets4
g/gophercloud__gophercloud,gophercloud__gophercloud,781450b3c4fcb4f5182bcc5133adb4b2e4a09d1d,go,,g/gophercloud__gophercloud/gophercloud__gophercloud_rhel_8.3.sh,https://github.com/gophercloud/gophercloud
g/gopkg.in__airbrake__gobrake.v2,gopkg.in__airbrake__gobrake.v2,v2.0.9,go,,g/gopkg.in__airbrake__gobrake.v2/gopkg.in__airbrake__gobrake.v2_rhel_8.3.sh,https://github.com/airbrake/gobrake
g/gopkg.in__alecthomas__kingpin.v2,gopkg.in__alecthomas__kingpin.v2,v2.2.6,go,,g/gopkg.in__alecthomas__kingpin.v2/gopkg.in__alecthomas__kingpin.v2_rhel_8.3.sh,https://github.com/alecthomas/kingpin
g/gopkg.in__check.v1,gopkg.in__check.v1,v1.0.0-20200227125254-8fa46927fb4f,go,,g/gopkg.in__check.v1/gopkg.in__check.v1_rhel_8.3.sh,https://github.com/go-check/check
g/gopkg.in__cheggaaa__pb.v1,gopkg.in__cheggaaa__pb.v1,v1.0.25,go,,g/gopkg.in__cheggaaa__pb.v1/gopkg.in__cheggaaa__pb.v1_rhel_8.3.sh,https://github.com/cheggaaa/pb
g/gopkg.in__errgo.v2,gopkg.in__errgo.v2,v2.1.0,go,,g/gopkg.in__errgo.v2/gopkg.in__errgo.v2_rhel_8.3.sh,https://github.com/go-errgo/errgo
g/gopkg.in__fsnotify.v1,gopkg.in__fsnotify.v1,v1.4.7,go,,g/gopkg.in__fsnotify.v1/gopkg.in__fsnotify.v1_rhel_8.3.sh,https://github.com/fsnotify/fsnotify
g/gopkg.in__fsnotify__fsnotify.v1,gopkg.in__fsnotify__fsnotify.v1,v1.4.7,go,,g/gopkg.in__fsnotify__fsnotify.v1/gopkg.in__fsnotify__fsnotify.v1_rhel_8.3.sh,https://github.com/fsnotify/fsnotify
g/gopkg.in__gemnasium__logrus-airbrake-hook.v2,gopkg.in__gemnasium__logrus-airbrake-hook.v2,v2.1.2,go,,g/gopkg.in__gemnasium__logrus-airbrake-hook.v2/gopkg.in__gemnasium__logrus-airbrake-hook.v2_rhel_8.3.sh,https://github.com/gemnasium/logrus-airbrake-hook
g/gopkg.in__go-playground__assert.v1,gopkg.in__go-playground__assert.v1,v1.2.1,go,,g/gopkg.in__go-playground__assert.v1/gopkg.in__go-playground__assert.v1_rhel_8.3.sh,https://github.com/go-playground/assert
g/gopkg.in__go-playground__validator.v9,gopkg.in__go-playground__validator.v9,v9.30.2,go,,g/gopkg.in__go-playground__validator.v9/gopkg.in__go-playground__validator.v9_rhel_8.3.sh,https://github.com/go-playground/validator
g/gopkg.in__gorp.v1,gopkg.in__gorp.v1,v1.7.2,go,,g/gopkg.in__gorp.v1/gopkg.in__gorp.v1_rhel_8.3.sh,https://github.com/go-gorp/gorp
g/gopkg.in__imdario__mergo.v0,gopkg.in__imdario__mergo.v0,v0.3.7,go,,g/gopkg.in__imdario__mergo.v0/gopkg.in__imdario__mergo.v0_rhel_8.3.sh,https://github.com/imdario/mergo
g/gopkg.in__inconshreveable__log15.v2,gopkg.in__inconshreveable__log15.v2,v2.0.0-20180818164646-67afb5ed74ec,go,,g/gopkg.in__inconshreveable__log15.v2/gopkg.in__inconshreveable__log15.v2_rhel_8.3.sh,https://github.com/inconshreveable/log15
g/gopkg.in__inf.v0,gopkg.in__inf.v0,v0.9.1,go,,g/gopkg.in__inf.v0/gopkg.in__inf.v0_rhel_8.3.sh,https://github.com/go-inf/inf
g/gopkg.in__ini.v1,gopkg.in__ini.v1,v1.51.0,go,,g/gopkg.in__ini.v1/gopkg.in__ini.v1_rhel_8.3.sh,https://github.com/go-ini/ini
g/gopkg.in__mikefarah__yq.v1,gopkg.in__mikefarah__yq.v1,v1.15.0,go,,g/gopkg.in__mikefarah__yq.v1/gopkg.in__mikefarah__yq.v1_rhel_8.3.sh,https://github.com/mikefarah/yq
g/gopkg.in__natefinch__lumberjack.v2,gopkg.in__natefinch__lumberjack.v2,v2.0.0-20150622162204-20b71e5b60d7,go,,g/gopkg.in__natefinch__lumberjack.v2/gopkg.in__natefinch__lumberjack.v2_rhel_8.3.sh,https://github.com/natefinch/lumberjack
g/gopkg.in__resty.v1,gopkg.in__resty.v1,v1.12.0,go,,g/gopkg.in__resty.v1/gopkg.in__resty.v1_rhel_8.3.sh,https://github.com/go-resty/resty
g/gopkg.in__warnings.v0,gopkg.in__warnings.v0,v0.1.2,go,,g/gopkg.in__warnings.v0/gopkg.in__warnings.v0_rhel_8.3.sh,https://github.com/go-warnings/warnings
g/gopsutil,gopsutil,v3.21.1,go,,g/gopsutil/gopsutil_rhel_8.3.sh,https://github.com/shirou/gopsutil
g/gorilla__websocket,gorilla__websocket,v1.4.2,go,,g/gorilla__websocket/gorilla__websocket_rhel_8.3.sh,https://github.com/gorilla/websocket
g/gotest.tools__gotestsum,gotest.tools__gotestsum,v0.3.5,go,,g/gotest.tools__gotestsum/gotest.tools__gotestsum_rhel_8.3.sh,https://github.com/gotestyourself/gotestsum
g/gotestsum,gotestsum,v0.3.5,go,,g/gotestsum/gotest.tools__gotestsum_rhel_8.3.sh,https://github.com/gotestyourself/gotestsum
g/gotestsum,gotestsum,v1.11.0,go,,g/gotestsum/gotestsum_ubi_8.7.sh,https://github.com/gotestyourself/gotestsum
g/grafana,grafana,v9.3.6,go,,g/grafana/grafana_ubi_8.5.sh,https://github.com/grafana/grafana.git
g/grafana,grafana,v4.3.0-bet1,node,,g/grafana/grafana_rhel_7.3.sh,https://github.com/grafana/grafana
g/grafana,grafana,v8.1.5,node,,g/grafana/grafana_ubi8.4.sh,https://github.com/grafana/grafana.git
g/grafana,grafana,v4.3.0-bet1,node,,g/grafana/grafana_ubuntu_16.04.sh,https://github.com/grafana/grafana
g/grails-xss-sanitizer,grails-xss-sanitizer,master,java,,g/grails-xss-sanitizer/grails-xss-sanitizer_ubi_8.5.sh,https://github.com/rpalcolea/grails-xss-sanitizer
g/gregjones__httpcache,gregjones__httpcache,c63ab54fda8f77302f8d414e19933f2b6026a089,go,,g/gregjones__httpcache/gregjones__httpcache_rhel_8.3.sh,https://github.com/gregjones/httpcache
g/gregjones__httpcache,gregjones__httpcache,c63ab54fda8f77302f8d414e19933f2b6026a089,go,,g/gregjones__httpcache/gregjones__httpcache_ubi_8.5.sh,https://github.com/gregjones/httpcache
g/grpc-cpp,grpc-cpp,v1.68.0,python,,g/grpc-cpp/grpc_cpp_ubi_9.3.sh,https://github.com/grpc/grpc
g/grpc-ecosystem__go-grpc-prometheus,grpc-ecosystem__go-grpc-prometheus,2500245aa6110c562d17020fb31a2c133d737799,go,,g/grpc-ecosystem__go-grpc-prometheus/grpc-ecosystem__go-grpc-prometheus_rhel_8.3.sh,https://github.com/grpc-ecosystem/go-grpc-prometheus
g/grpc-ecosystem__grpc-gateway,grpc-ecosystem__grpc-gateway,v1.16.0,go,,g/grpc-ecosystem__grpc-gateway/grpc-ecosystem__grpc-gateway_rhel_8.3.sh,https://github.com/grpc-ecosystem/grpc-gateway
g/grpc-gateway,grpc-gateway,v2.18.0,go,,g/grpc-gateway/grpc-gateway_ubi_8.7.sh,https://github.com/grpc-ecosystem/grpc-gateway
g/grpc-gateway,grpc-gateway,v1.9.5,go,,g/grpc-gateway/grpc-gateway_v1.9.5_ubi_8.5.sh,https://github.com/grpc-ecosystem/grpc-gateway
g/grpc-gateway,grpc-gateway,v2.6.0,go,,g/grpc-gateway/grpc-gateway_ubi_8.4.sh,https://github.com/grpc-ecosystem/grpc-gateway
g/grpc-go,grpc-go,v1.58.2,go,,g/grpc-go/grpc-go_ubi_8.7.sh,https://github.com/grpc/grpc-go
g/grpc-go,grpc-go,"v1.16.0, v1.41.0",go,,g/grpc-go/grpc-go_ubi_8.4.sh,https://github.com/grpc/grpc-go
g/grpc-websocket-proxy,grpc-websocket-proxy,673ab2c3ae75cc01952b84b88590e30e75dcf395,go,,g/grpc-websocket-proxy/grpc-websocket-proxy_ubi_8.4.sh,https://github.com/tmc/grpc-websocket-proxy
g/grpc-websocket-proxy,grpc-websocket-proxy,e5319fda7802,go,,g/grpc-websocket-proxy/grpc-websocket-proxy_ubi_8.5.sh,https://github.com/tmc/grpc-websocket-proxy
g/guava,guava,${1:v31.0.1},java,,g/guava/guava_ubi_8.3.sh,https://github.com/google/guava.git
g/guava,guava,25.1,java,,g/guava/guava_ubuntu_18.04.sh,https://github.com/google/guava
g/gunicorn,gunicorn,21.2.0,python,,g/gunicorn/gunicorn_ubi_8.7.sh,https://github.com/benoitc/gunicorn
g/guzzlehttp_guzzle,guzzlehttp_guzzle,6.5.6,php,,g/guzzlehttp_guzzle/guzzlehttp_guzzle_ubi_8.5.sh,https://github.com/guzzle/guzzle.git
h/hadoop-connectors,hadoop-connectors,master,java,,h/hadoop-connectors/gcsio_ubi_8.5.sh,https://github.com/GoogleCloudDataproc/hadoop-connectors
h/hadoop-thirdparty,hadoop-thirdparty,release-1.3.0-RC1,java,,h/hadoop-thirdparty/hadoop-thirdparty_ubi_9.3.sh,https://github.com/apache/hadoop-thirdparty.git
h/hamcrest-all,hamcrest-all,1.3,java,,h/hamcrest-all/hamcrest-all_1.3_ubi_8.4.sh,https://repo1.maven.org/maven2/org/hamcrest/hamcrest-all
h/harshicorp_serf,harshicorp_serf,v0.9.5,go,,h/harshicorp_serf/harshicorp_serf_ubi_8.5.sh,https://github.com/hashicorp/serf.git
h/hashicorp__go-immutable-radix,hashicorp__go-immutable-radix,v1.2.0,go,,h/hashicorp__go-immutable-radix/hashicorp__go-immutable-radix_rhel_8.3.sh,https://github.com/hashicorp/go-immutable-radix
h/hashicorp__golang-lru,hashicorp__golang-lru,a0d98a5f288019575c6d1f4bb1573fef2d1fcdc4,go,,h/hashicorp__golang-lru/hashicorp__golang-lru_rhel_8.3.sh,https://github.com/hashicorp/golang-lru
h/hdbscan,hdbscan,0.8.24,python,,h/hdbscan/hdbscan_rhel_7.6.sh,http://github.com/scikit-learn-contrib/hdbscan
h/hibernate-orm,hibernate-orm,6.4.10,java,,h/hibernate-orm/hibernate-orm_ubi_9.3.sh,https://github.com/hibernate/hibernate-orm
h/highwayhash,highwayhash,v1.0.2,go,,h/highwayhash/highwayhash_ubi8.sh,https://github.com/minio/highwayhash.git
h/hms,hms,1.1.3,r,,h/hms/hms_ubi_9.3.sh,https://github.com/cran/hms
h/horizon,horizon,24.0.0,python,,h/horizon/horizon_ubi_8.7.sh,https://github.com/openstack/horizon
h/htmlpurifier,htmlpurifier,4.14.0,php,,h/htmlpurifier/htmlpurifier_ubi_8.3.sh,https://github.com/ezyang/htmlpurifier.git
h/htmltools,htmltools,0.5.8.1,r,,h/htmltools/htmltools_ubi_9.3.sh,https://github.com/cran/htmltools
h/htmlwidgets,htmlwidgets,1.6.4,r,,h/htmlwidgets/htmlwidgets_ubi_9.3.sh,https://github.com/cran/htmlwidgets
h/httpasyncclient,httpasyncclient,4.1.4,java,,h/httpasyncclient/httpasyncclient_ubi_9.3.sh,https://github.com/apache/httpasyncclient.git
h/httpasyncclient,httpasyncclient,4.1.4,java,,h/httpasyncclient/httpasyncclient_rhel_8.3.sh,https://github.com/apache/httpasyncclient
h/httpmime,httpmime,rel/v4.1.2,java,,h/httpmime/httpmime_ubi_8.5.sh,https://github.com/apache/httpcomponents-client.git
h/httr2,httr2,1.0.1,r,,h/httr2/httr2_ubi_9.3.sh,https://github.com/cran/httr2
h/hudl__fargo,hudl__fargo,v1.3.0,go,,h/hudl__fargo/hudl__fargo_rhel_8.3.sh,https://github.com/hudl/fargo
h/hystrix-go,hystrix-go,fa1af6a1f4f5,go,,h/hystrix-go/hystrix-go_ubi_8.5.sh,https://github.com/afex/hystrix-go
i/ibm-iam-operator,ibm-iam-operator,7d1cdc19978e2bda35ac2660b3ee325474ed5df0,go,,i/ibm-iam-operator/ibm-iam-operator_ubi_8.5.sh,https://github.com/IBM/ibm-iam-operator
i/ibm-namespace-scope-operator,ibm-namespace-scope-operator,v1.0.1,go,,i/ibm-namespace-scope-operator/ibm-namespace-scope-operator_ubi_8.4.sh,https://github.com/IBM/ibm-namespace-scope-operator
i/ibm-namespace-scope-operator,ibm-namespace-scope-operator,v1.5.0,go,,i/ibm-namespace-scope-operator/ibm-namespace-scope-operator_ubi_8.5.sh,https://github.com/IBM/ibm-namespace-scope-operator
i/idna-ssl,idna-ssl,1.1.0,python,,i/idna-ssl/idna-ssl_rhel_8.3.sh,https://github.com/aio-libs/idna-ssl
i/imdario__mergo,imdario__mergo,6633656539c1639d9d78127b7d47c622b5d7b6dc,go,,i/imdario__mergo/imdario__mergo_rhel_8.3.sh,https://github.com/imdario/mergo
i/inconshreveable__mousetrap,inconshreveable__mousetrap,76626ae9c91c4f2a10f34cad8ce83ea42c93bb75,go,,i/inconshreveable__mousetrap/inconshreveable__mousetrap_rhel_8.3.sh,https://github.com/inconshreveable/mousetrap
i/influxdata,influxdata,v0.0.0-20180522152040-32c6aa80de5e,go,,i/influxdata/influxdata_line_protocol_ubi_8.5.sh,https://github.com/influxdata/line-protocol
i/influxdata-flux,influxdata-flux,v0.65.1,go,,i/influxdata-flux/flux_ubi_8.5.sh,https://github.com/influxdata/flux
i/influxdb,influxdb,v2.5.1,go,,i/influxdb/influxdb_ubi_8.5.sh,https://github.com/influxdata/influxdb.git
i/influxdb,influxdb,v2.7.6,go,,i/influxdb/influxdb_ubi_9.3.sh,https://github.com/influxdata/influxdb
i/influxdb,influxdb,,java,,i/influxdb/Dockerfiles/latest_ubi_8/scripts/init-influxdb.sh,
i/influxdb1-client,influxdb1-client,${1:-,go,,i/influxdb1-client/influxdb1-client_ubi_8.5.sh,https://proxy.golang.org/github.com/influxdata/influxdb1-client/@v/$PACKAGE_VERSION.zip
i/istanbul-lib-source-maps,istanbul-lib-source-maps,istanbul-lib-source-maps-v4.0.1,go,,i/istanbul-lib-source-maps/istanbul-lib-source-maps_ubi_8.5.sh,https://github.com/istanbuljs/istanbuljs
i/istio-api,istio-api,${SCRIPT_PACKAGE_VERSION},go,,i/istio-api/istio_api_ubi_9.4_v1.26.1.sh,https://github.com/${PACKAGE_ORG}/${PACKAGE_NAME}
i/istio-api,istio-api,${1:-,go,,i/istio-api/istio-api_ubi_9_3.sh,https://github.com/istio/api
i/istio-api,istio-api,${1:-,go,,i/istio-api/istio_api_ubi_8.5.sh,https://github.com/istio/api
i/istio-api,istio-api,1.4.3,go,,i/istio-api/istio_api_rhel_7.6.sh,https://github.com/istio/api
i/istio-api,istio-api,a584d151eff9b8f7327087a99b2cba53116c0136,go,,i/istio-api/istio_api_ubi_8.4.sh,https://github.com/istio/api.git
j/jackson-dataformat-csv,jackson-dataformat-csv,jackson-dataformats-text-2.11.0,java,,j/jackson-dataformat-csv/jackson-dataformat-csv__2.11.0_ubi_8.sh,https://github.com/FasterXML/jackson-dataformats-text.git
j/jackson-dataformat-csv,jackson-dataformat-csv,jackson-dataformats-text-2.10.5,java,,j/jackson-dataformat-csv/jackson-dataformat-csv_ubi8_3.sh,https://github.com/FasterXML/jackson-dataformats-text.git
j/jackson-module-parameter-names,jackson-module-parameter-names,jackson-modules-java8-2.13.0,java,,j/jackson-module-parameter-names/jackson-module-parameter-names-ubi_8.3.sh,https://github.com/FasterXML/jackson-modules-java8.git
j/jackson-modules-java8,jackson-modules-java8,jackson-modules-java8-2.14.1,java,,j/jackson-modules-java8/jackson_module_java8_ubi_8_5.sh,https://github.com/FasterXML/jackson-modules-java8
j/jaegertracing,jaegertracing,v1.30.0,go,,j/jaegertracing/jaegertracing_ubi_8.3.sh,https://github.com/jaegertracing/jaeger.git
j/jaegertracing,jaegertracing,v1.40.0,go,,j/jaegertracing/jaegertracing_ubi_8_5.sh,https://github.com/jaegertracing/jaeger.git
j/jakarta.persistence-api,jakarta.persistence-api,3.1-3.1.0-RC1-RELEASE,java,,j/jakarta.persistence-api/jakarta.persistence-api-ubi_8.3.sh,https://github.com/eclipse-ee4j/jpa-api.git
j/jakarta.transaction-api,jakarta.transaction-api,2.0.0,java,,j/jakarta.transaction-api/jakarta.transaction-api-ubi_8.3.sh,https://github.com/eclipse-ee4j/jta-api.git
j/jakartaee-javax.servlet-api,jakartaee-javax.servlet-api,${1:-,java,,j/jakartaee-javax.servlet-api/jakartaee-javax.servlet-api_ubi_8.7.sh,https://github.com/jakartaee/servlet
j/jamm,jamm,6a0a13f,java,,j/jamm/jamm-master-ubi8.4.sh,https://github.com/jbellis/jamm.git
j/java-annotations,java-annotations,24.1.0,java,,j/java-annotations/java-annotations-ubi_9.3.sh,https://github.com/JetBrains/java-annotations
j/java-jwt,java-jwt,4.4.0,java,,j/java-jwt/java-jwt_ubi_8.7.sh,https://github.com/auth0/java-jwt.git
j/java-jwt,java-jwt,3.10.1,java,,j/java-jwt/java_jwt_rhel_7.6.sh,https://github.com/auth0/java-jwt
j/java-tracerresolver,java-tracerresolver,0.1.8,java,,j/java-tracerresolver/opentracing-tracerresolver_ubi_8.5.sh,https://github.com/opentracing-contrib/java-tracerresolver
j/javaewah,javaewah,JavaEWAH-1.2.3,java,,j/javaewah/javaewah_ubi_8_5.sh,https://github.com/lemire/javaewah
j/javaparser-core,javaparser-core,javaparser-parent-3.23.1,java,,j/javaparser-core/javaparser-core_ubi_8.3.sh,https://github.com/javaparser/javaparser.git
j/javassist,javassist,rel_3_29_2_ga,java,,j/javassist/javassist_ubi_8.5.sh,https://github.com/jboss-javassist/javassist
j/javassist,javassist,rel_3_30_2_ga,java,,j/javassist/javassist_ubi_9.3.sh,https://github.com/jboss-javassist/javassist
j/javassist,javassist,3.21.0-GA,java,,j/javassist/javassist_rhel_7.6.sh,https://github.com/jboss-javassist/javassist
j/javax.annotation-api,javax.annotation-api,1.3,java,,j/javax.annotation-api/javax.annotation-api_ubi_9.3.sh,https://github.com/javaee/javax.annotation.git
j/javax.annotation-api,javax.annotation-api,1.2,java,,j/javax.annotation-api/javax.annotation-api_rhel_7.6.sh,https://github.com/javaee/javax.annotation
j/javax.mail,javax.mail,JAVAMAIL-1_4_7,java,,j/javax.mail/javax.mail_v1.4.7_ubi_8.3.sh,https://github.com/javaee/javamail.git
j/jcabi-aspects,jcabi-aspects,0.23.2,java,,j/jcabi-aspects/jcabi-aspects_ubi_8.3.sh,https://github.com/jcabi/jcabi-aspects.git
j/jehiah__go-strftime,jehiah__go-strftime,1d33003b386959af197ba96475f198c114627b5e,go,,j/jehiah__go-strftime/jehiah__go-strftime_rhel_8.3.sh,https://github.com/jehiah/go-strftime
j/jekyll,jekyll,v3.7.3,ruby,,j/jekyll/jekyll_ubi_8.5.sh,https://github.com/jekyll/jekyll
j/jekyll-commonmark,jekyll-commonmark,v1.2.0,ruby,,j/jekyll-commonmark/jekyll-commonmark_ubi_8.5.sh,https://github.com/jekyll/jekyll-commonmark.git
j/jekyll-seo-tag,jekyll-seo-tag,v2.4.0,ruby,,j/jekyll-seo-tag/jekyll-seo-tag_ubi_8.5.sh,https://github.com/jekyll/jekyll-seo-tag
j/jekyll-sitemap,jekyll-sitemap,v1.2.0,ruby,,j/jekyll-sitemap/jekyll-sitemap_UBI_8.5.sh,https://github.com/jekyll/jekyll-sitemap
j/jekyll-swiss,jekyll-swiss,master,ruby,,j/jekyll-swiss/jekyll-swiss_ubi_8.5.sh,https://github.com/broccolini/swiss.git
j/jekyll-theme-cayman,jekyll-theme-cayman,v0.1.1,ruby,,j/jekyll-theme-cayman/jekyll-theme-cayman_UBI_8.5.sh,https://github.com/pages-themes/cayman
j/jekyll-theme-dinky,jekyll-theme-dinky,v0.1.1,ruby,,j/jekyll-theme-dinky/jekyll-theme-dinky_UBI_8.5.sh,https://github.com/pages-themes/dinky
j/jekyll-theme-hacker,jekyll-theme-hacker,v0.1.1,ruby,,j/jekyll-theme-hacker/jekyll-theme-hacker_UBI_8.5.sh,https://github.com/pages-themes/hacker
j/jekyll-theme-leap-day,jekyll-theme-leap-day,v0.1.1,ruby,,j/jekyll-theme-leap-day/jekyll-theme-leap-day_ubi_8.5.sh,https://github.com/pages-themes/leap-day
j/jekyll-theme-midnight,jekyll-theme-midnight,v0.1.1,ruby,,j/jekyll-theme-midnight/jekyll-theme-midnight_ubi_8.5.sh,https://github.com/pages-themes/midnight
j/jekyll-theme-minimal,jekyll-theme-minimal,v0.1.1,ruby,,j/jekyll-theme-minimal/jekyll-theme-minimal_ubi_8.5.sh,https://github.com/pages-themes/minimal
j/jekyll-theme-modernist,jekyll-theme-modernist,v0.1.1,ruby,,j/jekyll-theme-modernist/jekyll-theme-modernist_ubi_8.5.sh,https://github.com/pages-themes/modernist
j/jekyll-theme-primer,jekyll-theme-primer,v0.5.3,ruby,,j/jekyll-theme-primer/jekyll-theme-primer_ubi_8.5.sh,https://github.com/pages-themes/primer
j/jekyll-theme-slate,jekyll-theme-slate,v0.1.1,ruby,,j/jekyll-theme-slate/jekyll-theme-slate_ubi_8.5.sh,https://github.com/pages-themes/slate
j/jekyll-theme-tactile,jekyll-theme-tactile,v0.1.1,ruby,,j/jekyll-theme-tactile/jekyll-theme-tactile_ubi_8.5.sh,https://github.com/pages-themes/tactile
j/jffi,jffi,jffi-1.3.10,java,,j/jffi/jffi_ubi_8.5.sh,https://github.com/jnr/jffi
j/jffi,jffi,1.2.16,java,,j/jffi/jffi_rhel_7.6.sh,https://github.com/jnr/jffi
j/jgrapht,jgrapht,jgrapht-1.5.1,java,,j/jgrapht/jgrapht_ubi_8_7.sh,https://github.com/jgrapht/jgrapht
j/jgrapht,jgrapht,jgrapht-1.5.2,java,,j/jgrapht/jgrapht_ubi_9_3.sh,https://github.com/jgrapht/jgrapht
j/jgrapht,jgrapht,1.1.0,java,,j/jgrapht/jgrapht_rhel_7.4.sh,https://github.com/jgrapht/jgrapht
j/jinzhu__inflection,jinzhu__inflection,1c35d901db3da928c72a72d8458480cc9ade058f,go,,j/jinzhu__inflection/jinzhu__inflection_rhel_8.3.sh,https://github.com/jinzhu/inflection
j/jjwt,jjwt,f6d0679,java,,j/jjwt/jjwt_ubi_8.5.sh,https://github.com/jwtk/jjwt
j/jmespath__go-jmespath,jmespath__go-jmespath,0b12d6b5,go,,j/jmespath__go-jmespath/jmespath__go-jmespath_rhel_8.3.sh,https://github.com/jmespath/go-jmespath
j/jmoiron__jsonq,jmoiron__jsonq,e874b168d07ecc7808bc950a17998a8aa3141d82,go,,j/jmoiron__jsonq/jmoiron__jsonq_rhel_8.3.sh,https://github.com/jmoiron/jsonq
j/jnr-constants,jnr-constants,jnr-constants-0.10.4,java,,j/jnr-constants/jnr-constants_ubi_8.5.sh,https://github.com/jnr/jnr-constants
j/jnr-constants,jnr-constants,"0.9.9, 0.9.15",java,,j/jnr-constants/jnr-constants_rhel_7.6.sh,https://github.com/jnr/jnr-constants
j/jnr-ffi,jnr-ffi,jnr-ffi-2.2.13,java,,j/jnr-ffi/jnr-ffi_ubi_8_5.sh,https://github.com/jnr/jnr-ffi
j/jnr-ffi,jnr-ffi,2.1.13,java,,j/jnr-ffi/jnr-ffi_rhel_7.6.sh,https://github.com/jnr/jnr-ffi
j/jnr-posix,jnr-posix,jnr-posix-3.1.16,java,,j/jnr-posix/jnr-posix_ubi_8.7.sh,https://github.com/jnr/jnr-posix.git
j/jnr-posix,jnr-posix,jnr-posix-3.1.19,java,,j/jnr-posix/jnr-posix_ubi_9.3.sh,https://github.com/jnr/jnr-posix.git
j/joda-convert,joda-convert,v2.2.3,java,,j/joda-convert/joda-convert_ubi_8.7.sh,https://github.com/JodaOrg/joda-convert
j/jonboulle__clockwork,jonboulle__clockwork,72f9bd7c4e0c2a40055ab3d0f09654f730cce982,go,,j/jonboulle__clockwork/jonboulle__clockwork_rhel_8.3.sh,https://github.com/jonboulle/clockwork
j/jpmml-model,jpmml-model,1.6.4,java,,j/jpmml-model/jpmml-model_ubi_8.7.sh,https://github.com/jpmml/jpmml-model
j/jpmml-model,jpmml-model,1.3.9,java,,j/jpmml-model/jpmml_model_rhel_7.3.sh,https://github.com/jpmml/jpmml-model
j/jpmml-model,jpmml-model,1.3.9,java,,j/jpmml-model/jpmml_model_ubuntu_16.04.sh,https://github.com/jpmml/jpmml-model
j/jruby,jruby,9.4.3.0,ruby,,j/jruby/jruby_ubi_8.7.sh,https://github.com/jruby/jruby.git
j/json-iterator__go,json-iterator__go,f2b4162afba35581b6d4a50d3b8f34e33c144682,go,,j/json-iterator__go/json-iterator__go_rhel_8.3.sh,https://github.com/json-iterator/go
j/json4s,json4s,3.6,java,,j/json4s/json4s_rhel_7.3.sh,https://github.com/json4s/json4s
j/json4s,json4s,3.6,java,,j/json4s/json4s_ubuntu_16.04.sh,https://github.com/json4s/json4s
j/jsonp,jsonp,1.1.4-RELEASE,java,,j/jsonp/jsonp_ubi_9.3.sh,https://github.com/javaee/jsonp.git
j/jsonpatch,jsonpatch,81af80346b1a,go,,j/jsonpatch/jsonpatch_ubi_8.5.sh,https://github.com/mattbaird/jsonpatch.git
j/jsonpointer,jsonpointer,v0.19.3,go,,j/jsonpointer/github.com__go-openapi__jsonpointer_rhel_8.3.sh,https://github.com/go-openapi/jsonpointer
j/jsonpointer,jsonpointer,46af16f9f7b149af66e5d1bd010e3574dc06de98,go,,j/jsonpointer/go-openapi__jsonpointer_rhel_8.3.sh,https://github.com/go-openapi/jsonpointer
j/jsonpointer,jsonpointer,46af16f9f7b149af66e5d1bd010e3574dc06de98,go,,j/jsonpointer/go-openapi_jsonpointer_ubi_8.5.sh,https://github.com/go-openapi/jsonpointer
j/jsonpointer,jsonpointer,v0.20.0,go,,j/jsonpointer/jsonpointer_ubi_8.7.sh,https://github.com/go-openapi/jsonpointer
j/jsonreference,jsonreference,v0.19.3,go,,j/jsonreference/github.com__go-openapi__jsonreference_rhel_8.3.sh,https://github.com/go-openapi/jsonreference
j/jsonreference,jsonreference,13c6e3589ad90f49bd3e3bbe2c2cb3d7a4142272,go,,j/jsonreference/go-openapi__jsonreference_rhel_8.3.sh,https://github.com/go-openapi/jsonreference
j/jsonreference,jsonreference,v0.20.2,go,,j/jsonreference/jsonreference_ubi_8.7.sh,https://github.com/go-openapi/jsonreference
j/jsonstreamingparser,jsonstreamingparser,v8.2.0,php,,j/jsonstreamingparser/jsonstreamingparser_ubi_8.4.sh,https://github.com/salsify/jsonstreamingparser.git
j/jsr305,jsr305,3.0.2,java,,j/jsr305/jsr305_3.0.2_ubuntu_18.04.sh,https://repo1.maven.org/maven2/com/google/code/findbugs/jsr305/3.0.2/jsr305-3.0.2-sources.jar
j/jsr305,jsr305,3.0.2,java,,j/jsr305/jsr305_3.0.2_ubi_8.3.sh,
j/jteeuwen__go-bindata,jteeuwen__go-bindata,3.0.7,go,,j/jteeuwen__go-bindata/jteeuwen__go-bindata_rhel_8.3.sh,https://github.com/jteeuwen/go-bindata
j/jteeuwen__go-bindata,jteeuwen__go-bindata,v3.0.7,go,,j/jteeuwen__go-bindata/go-bindata_ubi_8.5.sh,https://github.com/jteeuwen/go-bindata
j/justinrainbow__json-schema,justinrainbow__json-schema,5.2.9,php,,j/justinrainbow__json-schema/justinrainbow_json-schema_UBI_8.5.sh,https://github.com/justinrainbow/json-schema.git
j/justinrainbow__json-schema,justinrainbow__json-schema,5.2.10,php,,j/justinrainbow__json-schema/justinrainbow__json-schema_rhel_8.3.sh,https://github.com/justinrainbow/json-schema
j/jwt-go,jwt-go,v1.0.2,go,,j/jwt-go/jwt-go_ubi_8.5.sh,https://github.com/dgrijalva/jwt-go
k/k8s.io__api,k8s.io__api,v0.20.2,go,,k/k8s.io__api/k8s.io__api_rhel_8.3.sh,https://github.com/kubernetes/api
k/kafka-clients,kafka-clients,3.0.0,java,,k/kafka-clients/kafka-clients_v3.0.0_ubuntu_18.04.sh.sh,https://github.com/apache/kafka
k/kafka-clients,kafka-clients,3.0.0,java,,k/kafka-clients/kafka-clients_3.0.0_ubi_8.3.sh,https://github.com/apache/kafka
k/kafka-go,kafka-go,v0.2.0,go,,k/kafka-go/kafka-go_ubi_8.5.sh,https://github.com/segmentio/kafka-go.git
k/keda,keda,v2.16.1,go,,k/keda/keda-v2.16.1-ubi9.3.sh,https://github.com/kedacore/keda.git
k/keras,keras,${1:-,python,,k/keras/keras_3.10.0_ubi_9.3.sh,https://github.com/keras-team/keras.git
k/keras,keras,2.15.0,r,,k/keras/keras_ubi_9.3.sh,https://github.com/cran/keras
k/keras,keras,,python,,k/keras/conda.recipe/build.sh,
k/keras,keras,2.0.8,python,,k/keras/keras_ubuntu_16.04.sh,https://github.com/fchollet/keras.git
k/kit,kit,v0.9.0,go,,k/kit/kit_ubi_8.4.sh,https://github.com/go-kit/kit
k/klauspost__compress,klauspost__compress,1.7.4,go,,k/klauspost__compress/klauspost__compress_rhel_8.3.sh,https://github.com/klauspost/compress
k/klauspost__cpuid,klauspost__cpuid,1.2.1,go,,k/klauspost__cpuid/klauspost__cpuid_rhel_8.3.sh,https://github.com/klauspost/cpuid
k/klauspost__pgzip,klauspost__pgzip,1.2.1,go,,k/klauspost__pgzip/klauspost__pgzip_rhel_8.3.sh,https://github.com/klauspost/pgzip
k/knetic__govaluate,knetic__govaluate,v3.0.1-0.20171022003610-9aa49832a739+incompatible,go,,k/knetic__govaluate/knetic__govaluate_rhel_8.3.sh,https://github.com/knetic/govaluate
k/konsorten__go-windows-terminal-sequences,konsorten__go-windows-terminal-sequences,1.0.2,go,,k/konsorten__go-windows-terminal-sequences/konsorten__go-windows-terminal-sequences_rhel_8.3.sh,https://github.com/konsorten/go-windows-terminal-sequences
k/kubernetes-client,kubernetes-client,v5.0.2,java,,k/kubernetes-client/kubernetes-model/kubernetes-model_ubi_8.4.sh,https://github.com/fabric8io/kubernetes-client.git
k/kubernetes-client,kubernetes-client,v5.0.2,go,,k/kubernetes-client/kubernetes-model-apiextensions/kubernetes-model-apiextensions_ubi_8.4.sh,https://github.com/fabric8io/kubernetes-client.git
k/kubernetes-client,kubernetes-client,v5.0.2,go,,k/kubernetes-client/kubernetes-model-apps/kubernetes-model-apps_ubi_8.4.sh,https://github.com/fabric8io/kubernetes-client.git
k/kubernetes-client,kubernetes-client,v5.0.2,go,,k/kubernetes-client/kubernetes-model-batch/kubernetes-model-batch_ubi_8.4.sh,https://github.com/fabric8io/kubernetes-client.git
k/kubernetes-client,kubernetes-client,v5.0.2,java,,k/kubernetes-client/kubernetes-model-common/kubernetes-model-common_ubi_8.4.sh,https://github.com/fabric8io/kubernetes-client.git
k/kubernetes-client,kubernetes-client,v5.0.2,go,,k/kubernetes-client/kubernetes-model-core/kubernetes-model-core_ubi_8.4.sh,https://github.com/fabric8io/kubernetes-client.git
k/kubernetes-client,kubernetes-client,v5.0.2,go,,k/kubernetes-client/kubernetes-model-extensions/kubernetes-model-extensions_ubi_8.4.sh,https://github.com/fabric8io/kubernetes-client.git
k/kubernetes-client,kubernetes-client,v5.0.2,go,,k/kubernetes-client/kubernetes-model-networking/kubernetes-model-networking_ubi_8.4.sh,https://github.com/fabric8io/kubernetes-client.git
k/kubernetes-client,kubernetes-client,v5.0.2,go,,k/kubernetes-client/kubernetes-model-policy/kubernetes-model-policy_ubi_8.4.sh,https://github.com/fabric8io/kubernetes-client.git
k/kubernetes-client,kubernetes-client,v5.0.2,go,,k/kubernetes-client/kubernetes-model-rbac/kubernetes-model-rbac_ubi_8.4.sh,https://github.com/fabric8io/kubernetes-client.git
k/kubernetes-client,kubernetes-client,v5.0.2,go,,k/kubernetes-client/kubernetes-model-storageclass/kubernetes-model-storageclass_ubi_8.4.sh,https://github.com/fabric8io/kubernetes-client.git
k/kubernetes-client,kubernetes-client,v5.0.2,java,,k/kubernetes-client/openshift-client/openshift-client_ubi_8.4.sh,https://github.com/fabric8io/kubernetes-client.git
k/kubernetes-client,kubernetes-client,v5.0.2,go,,k/kubernetes-client/openshift-model/openshit-model_ubi_8.4.sh,https://github.com/fabric8io/kubernetes-client.git
k/kubernetes-client,kubernetes-client,v5.0.2,go,,k/kubernetes-client/openshift-model-monitoring/openshift-model-monitoring_ubi_8.4.sh,https://github.com/fabric8io/kubernetes-client.git
k/kubernetes-client-java-api,kubernetes-client-java-api,client-java-parent-8.0.0,java,,k/kubernetes-client-java-api/kubernetes-client-java-api_ubi_8.5.sh,https://github.com/kubernetes-client/java.git
k/kubernetes-client-java-proto,kubernetes-client-java-proto,client-java-parent-8.0.0,java,,k/kubernetes-client-java-proto/kubernetes-client-java-proto_ubi_8.5.sh,https://github.com/kubernetes-client/java.git
k/kubernetes__api,kubernetes__api,510bcd53e1cfd54b8dd440c94f484dbfb777eaca,go,,k/kubernetes__api/kubernetes__api_rhel_8.3.sh,https://github.com/kubernetes/api
l/langflow,langflow,1.6.0,python,,l/langflow/langflow_ubi_9.6.sh,https://github.com/langflow-ai/langflow.git
l/later,later,1.3.2,r,,l/later/later_ubi_9.3.sh,https://github.com/cran/later
l/leafem,leafem,0.2.3,r,,l/leafem/leafem_ubi_9.3.sh,https://github.com/cran/leafem.git
l/legal,legal,2.0.0,php,,l/legal/legal_8.5.sh,https://git.drupalcode.org/project/legal.git
l/lego,lego,v2.5.0,go,,l/lego/lego_ubi_8.5.sh,https://github.com/go-acme/lego
l/lego,lego,3.5.0 - latest,go,,l/lego/lego_ubi8.3.sh,https://github.com/go-acme/lego
l/libprotobuf,libprotobuf,v4.25.3,python,,l/libprotobuf/libprotobuf_ubi_9.3.sh,https://github.com/protocolbuffers/protobuf
l/libseccomp-golang,libseccomp-golang,9006a281d6713ba604f36f9b5caeac23a16bbd55,go,,l/libseccomp-golang/libseccomp-golang_ubi_8.5.sh,https://github.com/seccomp/libseccomp-golang/
l/libtrust,libtrust,v0.0.0-20160708172513-aabc10ec26b7,go,,l/libtrust/libtrust_ubi_8.4.sh,https://github.com/docker/libtrust.git
l/lightstep-tracer-common,lightstep-tracer-common,bc2310a04743,go,,l/lightstep-tracer-common/lightstep-tracer-common_ubi_8.5.sh,https://github.com/lightstep/lightstep-tracer-common
l/lint,lint,6edffad,go,,l/lint/lint_ubi_8.4.sh,https://github.com/golang/lint
l/liquibase-core,liquibase-core,v3.10.3,java,,l/liquibase-core/liquibase-core_ubi8.4.sh,https://github.com/liquibase/liquibase.git
l/liquibase-hibernate5,liquibase-hibernate5,3.10.1,java,,l/liquibase-hibernate5/liquibase-hibernate5_ubi_8.4.sh,https://github.com/liquibase/liquibase-hibernate.git
l/listenv,listenv,0.9.1,r,,l/listenv/listenv_ubi_9.3.sh,https://github.com/cran/listenv
l/lit,lit,llvmorg-11.0.1,python,,l/lit/lit_ubi_8.5.sh,https://github.com/llvm/llvm-project.git
l/lme4,lme4,1.1-35.5,r,,l/lme4/lme4_ubi_9.3.sh,https://github.com/cran/lme4.git
l/lock,lock,${1:-,php,,l/lock/lock_ubi_8.5.sh,https://github.com/symfony/lock.git
l/logex,logex,v1.1.10,go,,l/logex/logex_ubi_8.5.sh,https://github.com/chzyer/logex
l/logger,logger,v1.0.1,go,,l/logger/github.com__gobuffalo__logger_rhel_8.3.sh,https://github.com/gobuffalo/logger
l/logger,logger,v1.0.7,go,,l/logger/logger_ubi_8.7.sh,https://github.com/gobuffalo/logger
l/logr,logr,v0.2.0,go,,l/logr/github.com__go-logr__logr_rhel_8.3.sh,https://github.com/go-logr/logr
l/logr,logr,v0.3.0,go,,l/logr/go-logr__logr_rhel_8.3.sh,https://github.com/go-logr/logr
l/logr,logr,v1.2.4,go,,l/logr/logr_ubi_8.7.sh,https://github.com/go-logr/logr
l/logrus-logstash-hook,logrus-logstash-hook,${1:-,go,,l/logrus-logstash-hook/logrus-logstash-hook_ubi_8.5.sh,https://github.com/bshuster-repo/logrus-logstash-hook
l/logstash,logstash,v8.11.3,java,,l/logstash/logstash_8.11.3_ubi_8.9.sh,https://github.com/elastic/logstash
l/logstash,logstash,5.6.3,java,,l/logstash/logstash_5.6.3_ubuntu_16.04.sh,https://github.com/elastic/logstash.git
l/logstash,logstash,6.5.4,java,,l/logstash/logstash_6.5.4_rhel_7.6.sh,https://github.com/elastic/logstash.git
l/logstash,logstash,6.5.4,java,,l/logstash/logstash_6.5.4_ubuntu_18.04.sh,https://github.com/elastic/logstash.git
l/logstash,logstash,7.11.0,java,,l/logstash/logstash_7.11.0_rhel_7.9.sh,https://github.com/elastic/logstash.git
l/logstash,logstash,7.11.2,java,,l/logstash/logstash_7.11.2_centos_7.sh,https://github.com/elastic/logstash.git
l/logstash,logstash,6.7.2,java,,l/logstash/logstash_6.7.2_rhel_7.6.sh,https://github.com/elastic/logstash.git
l/logstash,logstash,7.6.0,java,,l/logstash/logstash_7.6.0_rhel_7.6.sh,https://github.com/elastic/logstash.git
l/logstash-filter-geoip,logstash-filter-geoip,v6.0.0,ruby,,l/logstash-filter-geoip/logstash-filter-geoip_ubi8.5.sh,https://github.com/logstash-plugins/logstash-filter-geoip.git
l/lubridate,lubridate,1.9.3,r,,l/lubridate/lubridate_ubi_9.3.sh,https://github.com/cran/lubridate.git
l/lz4,lz4,${1:-,go,,l/lz4/lz4_ubi_8.3.sh,https://github.com/pierrec/lz4
m/MinkZombieDriver,MinkZombieDriver,master,php,,m/MinkZombieDriver/mink-zombie-driver_ubi8.5.sh,https://github.com/minkphp/MinkZombieDriver
m/MongoDB-driver-core,MongoDB-driver-core,r3.9.0,java,,m/MongoDB-driver-core/mongo-java-driver-core_3.9.0_UBI_8.5.sh,https://github.com/mongodb/mongo-java-driver.git
m/MongoDB-driver-core,MongoDB-driver-core,r3.9.0,java,,m/MongoDB-driver-core/mongodb-driver-core_3.9.0_ubuntu_18.04.sh,https://github.com/mongodb/mongo-java-driver.git
m/MongoDB-driver-core,MongoDB-driver-core,r4.2.2,java,,m/MongoDB-driver-core/mongodb-driver-core_4.1.2_4.2.2_ubuntu_18.04.sh,https://github.com/mongodb/mongo-java-driver.git
m/MongoDB-driver-core,MongoDB-driver-core,3.8.1/ 4.1.2,java,,m/MongoDB-driver-core/MongoDB-driver-core_UBI_8.0.sh,https://github.com/mongodb/mongo-java-driver.git
m/MongoDB-driver-legacy,MongoDB-driver-legacy,r4.2.2,java,,m/MongoDB-driver-legacy/mongodb-driver-legacy_4.1.2_4.2.2_ubuntu_18.04.sh,https://github.com/mongodb/mongo-java-driver.git
m/MongoDB-driver-legacy,MongoDB-driver-legacy,3.8.1/ 4.1.2,java,,m/MongoDB-driver-legacy/MongoDB-driver-legacy_UBI_8.0.sh,https://github.com/mongodb/mongo-java-driver.git
m/MongoDB-driver-sync,MongoDB-driver-sync,3.9.0,java,,m/MongoDB-driver-sync/mongodb-driver-sync_3.9.0_3.9.1_ubuntu_18.04.sh,https://github.com/mongodb/mongo-java-driver.git
m/MongoDB-driver-sync,MongoDB-driver-sync,4.1.2,java,,m/MongoDB-driver-sync/mongodb-driver-sync_4.1.2_4.2.2_ubuntu_18.04.sh,https://github.com/mongodb/mongo-java-driver.git
m/MongoDB_driver_sync,MongoDB_driver_sync,r3.9.0,java,,"m/MongoDB_driver_sync/MongoDB-driver-sync(3.9.0, 3.9.1)_UBI_8.5.sh",https://github.com/mongodb/mongo-java-driver.git
m/MongoDB_driver_sync,MongoDB_driver_sync,r4.1.2,java,,"m/MongoDB_driver_sync/MongoDB-driver-sync(4.1.2, 4.2.2)_UBI_8.5.sh",https://github.com/mongodb/mongo-java-driver.git
m/Morphia,Morphia,r2.2.3,java,,m/Morphia/morphia_2.2.3_ubi_8.4.sh,https://github.com/MorphiaOrg/morphia.git
m/Morphia-Core,Morphia-Core,r2.2.3,java,,m/Morphia-Core/morphia_2.2.3_ubuntu_18.04.sh,https://github.com/MorphiaOrg/morphia.git
m/Morphia-Core,Morphia-Core,1.6.1,java,,m/Morphia-Core/Morphia-Core_UBI_8.0.sh,https://github.com/MorphiaOrg/morphia.git
m/mailru__easyjson,mailru__easyjson,d5b7844b561a7bc640052f1b935f7b800330d7e0,go,,m/mailru__easyjson/mailru__easyjson_rhel_8.3.sh,https://github.com/mailru/easyjson
m/mariadb-connector-j,mariadb-connector-j,3.4.1,java,,m/mariadb-connector-j/mariadb-connector-j_ubi_9.3.sh,https://github.com/mariadb-corporation/mariadb-connector-j
m/masterminds__squirrel,masterminds__squirrel,v1.4.0,go,,m/masterminds__squirrel/masterminds__squirrel_rhel_8.3.sh,https://github.com/masterminds/squirrel
m/mathutil,mathutil,${1:-,go,,m/mathutil/mathutil_ubi8.5.sh,https://gitlab.com/cznic/mathutil
m/matrixmodels,matrixmodels,0.5-3,r,,m/matrixmodels/matrixmodels_ubi_9.3.sh,https://github.com/cran/MatrixModels.git
m/matrixstats,matrixstats,1.3.0,r,,m/matrixstats/matrixstats_ubi_9.3.sh,https://github.com/cran/matrixStats.git
m/mattn__go-isatty,mattn__go-isatty,0.0.8,go,,m/mattn__go-isatty/mattn__go-isatty_rhel_8.3.sh,https://github.com/mattn/go-isatty
m/mattn__go-shellwords,mattn__go-shellwords,1.0.3,go,,m/mattn__go-shellwords/mattn__go-shellwords_rhel_8.3.sh,https://github.com/mattn/go-shellwords
m/maven-artifact,maven-artifact,trunk (Default),java,,m/maven-artifact/maven-artifact_ubi_9.3.sh,https://github.com/apache/maven-artifact.git
m/mcp-context-forge,mcp-context-forge,v0.9.0,python,,m/mcp-context-forge/mcp-context-forge_v0.9.0_ubi_9.6.sh,https://github.com/IBM/mcp-context-forge
m/mdns,mdns,${1:-,go,,m/mdns/mdns_ubi8.5.sh,https://github.com/hashicorp/mdns
m/method_source,method_source,v0.9.2,ruby,,m/method_source/method_source_ubi_8.5.sh,https://github.com/banister/method_source
m/metrics-server,metrics-server,v0.3.2,go,,m/metrics-server/metrics-server_ubi_8.4.sh,https://github.com/kubernetes-sigs/metrics-server
m/mgutz_logxi,mgutz_logxi,v0.0.0-20161027140823-aebf8a7d67ab,go,,m/mgutz_logxi/mgutz_logxi_ubi_8.5.sh,https://github.com/mgutz/logxi
m/minio-go,minio-go,v6.0.49,go,,m/minio-go/minio-go_ubi8.5.sh,https://github.com/minio/minio-go
m/mink,mink,v1.10.0,php,,m/mink/mink-ubi_8.5.sh,https://github.com/minkphp/Mink
m/mink,mink,v1.8.0,php,,m/mink/mink_ubi_8.5.sh,https://github.com/minkphp/Mink
m/mink,mink,v1.7.1,php,,m/mink/minkphp_mink_ubi_8.5.sh,https://github.com/minkphp/Mink
m/mink-goutte-driver,mink-goutte-driver,v2.0.0,php,,m/mink-goutte-driver/mink-goutte-driver_ubi8.sh,https://github.com/minkphp/MinkGoutteDriver
m/minkseleniumdriver,minkseleniumdriver,v1.4.0,php,,m/minkseleniumdriver/minkseleniumdriver_ubi_8_5.sh,https://github.com/minkphp/MinkSelenium2Driver.git
m/mint,mint,v0.0.0-20180715133206-93c51c6ce115,go,,m/mint/mint_ubi_8.4.sh,https://github.com/bifurcation/mint
m/mitchellh__go-homedir,mitchellh__go-homedir,b8bc1bf767474819792c23f32d8286a45736f1c6,go,,m/mitchellh__go-homedir/mitchellh__go-homedir_rhel_8.3.sh,https://github.com/mitchellh/go-homedir
m/mitchellh__mapstructure,mitchellh__mapstructure,bf4a414708fc0bd342b09ba68bdb9e0b90ad849b,go,,m/mitchellh__mapstructure/mitchellh__mapstructure_rhel_8.3.sh,https://github.com/mitchellh/mapstructure
m/mockery,mockery,e78b021dcb,go,,m/mockery/mockery_ubi_8.5.sh,https://github.com/vektra/mockery
m/modern-go__concurrent,modern-go__concurrent,bacd9c7ef1dd9b15be4a9909b8ac7a4e313eec94,go,,m/modern-go__concurrent/modern-go__concurrent_rhel_8.3.sh,https://github.com/modern-go/concurrent
m/modern-go__reflect2,modern-go__reflect2,05fbef0ca5da472bbf96c9322b84a53edc03c9fd,go,,m/modern-go__reflect2/modern-go__reflect2_rhel_8.3.sh,https://github.com/modern-go/reflect2
m/moul__http2curl,moul__http2curl,9ac6cf4d929b2fa8fd2d2e6dec5bb0feb4f4911d,go,,m/moul__http2curl/moul__http2curl_rhel_8.3.sh,https://github.com/moul/http2curl
m/msgp,msgp,v1.1.3,go,,m/msgp/msgp_ubi8.4.sh,https://github.com/tinylib/msgp
m/multiple_fields_remove_button,multiple_fields_remove_button,8.x-1.0-alpha13,php,,m/multiple_fields_remove_button/multiple_fields_remove_button_ubi_8.5.sh,https://git.drupalcode.org/project/multiple_fields_remove_button.git
n/narayana-spring-boot,narayana-spring-boot,release-2.6.0,java,,n/narayana-spring-boot/narayana-spring-boot_ubi_8.7.sh,https://github.com/snowdrop/narayana-spring-boot
n/narayana-spring-boot,narayana-spring-boot,release-2.6.0,java,,n/narayana-spring-boot/narayana-spring-boot_ubi_8.3.sh,https://github.com/snowdrop/narayana-spring-boot.git
n/natefinch__lumberjack,natefinch__lumberjack,20b71e5b60d756d3d2f80def009790325acc2b23,go,,n/natefinch__lumberjack/natefinch__lumberjack_rhel_8.3.sh,https://github.com/natefinch/lumberjack
n/natefinch__lumberjack,natefinch__lumberjack,v2.1,go,,n/natefinch__lumberjack/natefinch__lumberjack_ubi_8.5.sh,https://github.com/natefinch/lumberjack
n/nats-io__jwt,nats-io__jwt,v0.3.2,go,,n/nats-io__jwt/nats-io__jwt_rhel_8.3.sh,https://github.com/nats-io/jwt
n/nats-io__nats.go,nats-io__nats.go,v1.9.2,go,,n/nats-io__nats.go/nats-io__nats.go_rhel_8.3.sh,https://github.com/nats-io/nats.go
n/nats-io__nkeys,nats-io__nkeys,v0.1.4,go,,n/nats-io__nkeys/nats-io__nkeys_rhel_8.3.sh,https://github.com/nats-io/nkeys
n/nats-io__nsc,nats-io__nsc,2.7.3,php,,n/nats-io__nsc/nats-io_nsc_UBI_8.5.sh,https://github.com/nats-io/nsc.git
n/nats-io__nuid,nats-io__nuid,v1.0.1,go,,n/nats-io__nuid/nats-io__nuid_rhel_8.3.sh,https://github.com/nats-io/nuid
n/nats-io_natscli,nats-io_natscli,main (v0.0.34-32-g2b0a465),go,,n/nats-io_natscli/nats-io_natscli_ubi_8_5.sh,https://github.com/nats-io/natscli
n/nats.go,nats.go,v1.10.0,go,,n/nats.go/nats.go_ubi_8.5.sh,https://github.com/nats-io/nats.go
n/nekohtml,nekohtml,1.9.22,java,,n/nekohtml/nekohtml_ubi_8.5.sh,https://github.com/codelibs/nekohtml
n/net-dns,net-dns,v0.9.0,ruby,,n/net-dns/net-dns_ubi_8.5.sh,https://github.com/bluemonk/net-dns.git
n/netlib,netlib,v0.0.0-20190728182440-6a916e37a237,go,,n/netlib/netlib_ubi_8.3.sh,gonum.org/v1/netlib/...
n/netns,netns,be1fbeda,go,,n/netns/netns_ubi_8.5.sh,https://github.com/vishvananda/netns
n/nette-neon,nette-neon,${1:-,php,,n/nette-neon/nette_neon_UBI_8.5.sh,https://github.com/nette/neon.git
n/netty,netty,netty-4.1.109.Final,java,,n/netty/netty-4.1.109.Final_ubi_9.3.sh,https://github.com/netty/netty
n/netty,netty,netty-4.1.114.Final,java,,n/netty/netty-4.1.114.Final_ubi_9.3.sh,https://github.com/netty/netty
n/netty,netty,netty-4.1.92.Final,java,,n/netty/netty-4.1.92.Final_ubi_8.7.sh,https://github.com/netty/netty
n/netty,netty,netty-4.1.94.Final,java,,n/netty/netty-4.1.94.Final_ubi_8.7.sh,https://github.com/netty/netty
n/netty,netty,netty-4.1.84.Final,java,,n/netty/netty-4.1.84.Final_ubi_8.5.sh,https://github.com/netty/netty.git
n/netty,netty,4.1.43.Final-SNAPSHOT,java,,n/netty/netty_build_ppc64le_rhel7.6.sh,https://github.com/netty/netty
n/netty-tcnative,netty-tcnative,$1,java,,n/netty-tcnative/netty-tcnative_ubi_9.3.sh,https://github.com/netty/netty-tcnative.git
n/netty-tcnative,netty-tcnative,2.0.25.Final,python,,n/netty-tcnative/netty_tcnative_build_ppc64le_rhel7.6.sh,https://github.com/netty/netty-tcnative/tree/netty-tcnative-parent-2.0.25.Final
n/netty-tcnative,netty-tcnative,2.0.9,java,,n/netty-tcnative/netty-tcnative_ubuntu_16.04.sh,https://github.com/netty/netty-tcnative.git
n/nltk,nltk,develop,python,,n/nltk/nltk_ubi_8.5.sh,https://github.com/nltk/nltk
n/node-jwks-rsa,node-jwks-rsa,v3.0.1,java,,n/node-jwks-rsa/node-jwks-rsa_ubi_8.5.sh,https://github.com/auth0/node-jwks-rsa.git
n/nwaples__rardecode,nwaples__rardecode,1.0.0,go,,n/nwaples__rardecode/nwaples__rardecode_rhel_8.3.sh,https://github.com/nwaples/rardecode
o/oauth,oauth,20100527,java,,o/oauth/oauth_20100527_ubi_8.3.sh,https://repo1.maven.org/maven2/net/oauth/core/oauth
o/oauth,oauth,20100527,java,,o/oauth/oauth_20100527_ubuntu_18.04.sh,https://repo1.maven.org/maven2/net/oauth/core/oauth
o/oauth2,oauth2,v0.0.0-20211104180415-d3ed0bb246c8,go,,o/oauth2/oauth2_ubi8.4.sh,https://github.com/golang/oauth2
o/odbc,odbc,1.4.2,r,,o/odbc/odbc_ubi_9.3.sh,https://github.com/cran/odbc
o/officer,officer,0.6.6,r,,o/officer/officer_ubi_9.3.sh,https://github.com/cran/officer
o/oklog,oklog,v0.3.2,go,,o/oklog/oklog_ubi_8.5.sh,https://github.com/oklog/oklog
o/onetbb,onetbb,v2021.8.0,python,,o/onetbb/onetbb_ubi_9.3.sh,https://github.com/uxlfoundation/oneTBB
o/onnx,onnx,v1.16.0,python,,o/onnx/onnx_ubi_1.16.0_9.3.sh,https://github.com/onnx/onnx
o/onnx,onnx,v1.19.0,python,,o/onnx/onnx_ubi_9.3.sh,https://github.com/onnx/onnx
o/onnx,onnx,1.4,python,,o/onnx/install.sh,https://github.com/onnx/onnx.git
o/onnx,onnx,1.4,python,,o/onnx/setup.sh,https://github.com/onnx/onnx.git
o/onnx,onnx,1.4,python,,o/onnx/test.sh,https://github.com/onnx/onnx.git
o/onnxconverter-common,onnxconverter-common,v1.14.0,python,,o/onnxconverter-common/onnxconvertercommon_ubi_9.3.sh,https://github.com/microsoft/onnxconverter-common
o/onnxmltools,onnxmltools,v1.13,python,,o/onnxmltools/onnxmltools_ubi_9.3.sh,https://github.com/onnx/onnxmltools
o/onnxruntime,onnxruntime,v1.20.1,python,,o/onnxruntime/onnxruntime_1.20.1_ubi_9.3.sh,https://github.com/microsoft/onnxruntime
o/onnxruntime,onnxruntime,v1.21.0,python,,o/onnxruntime/onnxruntime_1.21.0_ubi_9.3.sh,https://github.com/microsoft/onnxruntime
o/onnxruntime,onnxruntime,v1.22.0,python,,o/onnxruntime/onnxruntime_1.22.0_ubi_9.3.sh,https://github.com/microsoft/onnxruntime
o/onsi__ginkgo,onsi__ginkgo,11459a886d9cd66b319dac7ef1e917ee221372c9,go,,o/onsi__ginkgo/onsi__ginkgo_rhel_8.3.sh,https://github.com/onsi/ginkgo
o/onsi__ginkgo,onsi__ginkgo,v2.1.6,php,,o/onsi__ginkgo/onsi_ginkgo_rhel_8.5.sh,https://github.com/onsi/ginkgo
o/onsi__gomega,onsi__gomega,dcabb60a477c2b6f456df65037cb6708210fbb02,go,,o/onsi__gomega/onsi__gomega_rhel_8.3.sh,https://github.com/onsi/gomega
o/openmpi,openmpi,5.0.6,python,,o/openmpi/openmpi_ubi_9.3.sh,https://download.open-mpi.org/release/open-mpi/v$PACKAGE_VERSION_DIR/$PACKAGE_NAME-$PACKAGE_VERSION.tar.gz
o/opensearch,opensearch,${SCRIPT_PACKAGE_VERSION},java,,o/opensearch/opensearch-project-OpenSearch_3.2.0_ubi9.6.sh,https://github.com/opensearch-project/OpenSearch.git
o/opensearch-jvector,opensearch-jvector,${SCRIPT_PACKAGE_VERSION},java,,o/opensearch-jvector/opensearch-jvector_3.0.0.4_ubi_9.6.sh,https://github.com/opensearch-project/opensearch-jvector.git
o/opensearch-project-alerting,opensearch-project-alerting,2.19.2.0,java,,o/opensearch-project-alerting/opensearch-project-alerting_2.19.2.0_ubi_9.3.sh,https://github.com/opensearch-project/alerting
o/opensearch-project-alerting,opensearch-project-alerting,2.7.0.0,java,,o/opensearch-project-alerting/opensearch-project-alerting_ubi_8.7.sh,https://github.com/opensearch-project/alerting
o/opensearch-project-alerting,opensearch-project-alerting,2.15.0.0,java,,o/opensearch-project-alerting/opensearch-project-alerting_ubi_9.3.sh,https://github.com/opensearch-project/alerting
o/opensearch-project-anomaly-detection,opensearch-project-anomaly-detection,2.19.2.0,java,,o/opensearch-project-anomaly-detection/opensearch-project-anomaly-detection_2.19.2.0_ubi_9.3.sh,https://github.com/opensearch-project/anomaly-detection
o/opensearch-project-anomaly-detection,opensearch-project-anomaly-detection,2.15.0.0,java,,o/opensearch-project-anomaly-detection/opensearch-project-anomaly-detection_ubi_9.3.sh,https://github.com/opensearch-project/anomaly-detection
o/opensearch-project-anomaly-detection,opensearch-project-anomaly-detection,2.10.0.0,java,,o/opensearch-project-anomaly-detection/opensearch-project-anomaly-detection_ubi_8.7.sh,https://github.com/opensearch-project/anomaly-detection
o/opensearch-project-asynchronous-search,opensearch-project-asynchronous-search,2.19.2.0,java,,o/opensearch-project-asynchronous-search/opensearch-project-asynchronous-search_2.19.2.0_ubi_9.3.sh,https://github.com/opensearch-project/asynchronous-search
o/opensearch-project-cross-cluster-replication,opensearch-project-cross-cluster-replication,2.19.2.0,java,,o/opensearch-project-cross-cluster-replication/opensearch-project-cross-cluster-replication_2.19.2.0_ubi_9.3.sh,https://github.com/opensearch-project/cross-cluster-replication
o/opensearch-project-cross-cluster-replication,opensearch-project-cross-cluster-replication,2.15.0.0,java,,o/opensearch-project-cross-cluster-replication/opensearch-project-cross-cluster-replication_ubi_9.3.sh,https://github.com/opensearch-project/cross-cluster-replication
o/opensearch-project-custom-codecs,opensearch-project-custom-codecs,2.19.2.0,java,,o/opensearch-project-custom-codecs/opensearch-project-custom-codecs_2.19.2.0_ubi_9.3.sh,https://github.com/opensearch-project/custom-codecs
o/opensearch-project-index-management,opensearch-project-index-management,2.19.2.0,java,,o/opensearch-project-index-management/opensearch-project-index-management_2.19.2.0_ubi_9.3.sh,https://github.com/opensearch-project/index-management
o/opensearch-project-index-management,opensearch-project-index-management,$SCRIPT_PACKAGE_VERSION,java,,o/opensearch-project-index-management/opensearch-project-index-management_3.3.0.0_ubi_9.6.sh,https://github.com/opensearch-project/index-management
o/opensearch-project-job-scheduler,opensearch-project-job-scheduler,2.19.2.0,java,,o/opensearch-project-job-scheduler/opensearch-project-job-scheduler_2.19.2.0_ubi_9.3.sh,https://github.com/opensearch-project/job-scheduler
o/opensearch-project-job-scheduler,opensearch-project-job-scheduler,2.15.0.0,java,,o/opensearch-project-job-scheduler/opensearch-project-job-scheduler_ubi_9.3.sh,https://github.com/opensearch-project/job-scheduler
o/opensearch-project-job-scheduler,opensearch-project-job-scheduler,2.10.0.0,java,,o/opensearch-project-job-scheduler/opensearch-project-job-scheduler_ubi_8.7.sh,https://github.com/opensearch-project/job-scheduler
o/opensearch-project-query-insights,opensearch-project-query-insights,2.19.2.0,java,,o/opensearch-project-query-insights/opensearch-project-query-insights_2.19.2.0_ubi_9.3.sh,https://github.com/opensearch-project/query-insights
o/opensearch-project-query-insights,opensearch-project-query-insights,$SCRIPT_PACKAGE_VERSION,java,,o/opensearch-project-query-insights/opensearch-project-query-insights_3.3.0.0_ubi_9.6.sh,https://github.com/${PACKAGE_ORG}/${PACKAGE_NAME}.git
o/opensearch-project-reporting,opensearch-project-reporting,2.19.2.0,java,,o/opensearch-project-reporting/opensearch-project-reporting_2.19.2.0_ubi_9.3.sh,https://github.com/opensearch-project/${PACKAGE_NAME}
o/opensearch-project-reporting,opensearch-project-reporting,$SCRIPT_PACKAGE_VERSION,java,,o/opensearch-project-reporting/opensearch-project-reporting_3.3.0.0_ubi_9.6.sh,https://github.com/opensearch-project/${PACKAGE_NAME}
o/openstorage,openstorage,${1:-,go,,o/openstorage/openstorage_ubi_8.5.sh,https://github.com/libopenstorage/openstorage
o/opentelemetry-cpp,opentelemetry-cpp,v1.8.0,go,,o/opentelemetry-cpp/opentelemetry-cpp_ubi_8.5.sh,https://github.com/open-telemetry/opentelemetry-cpp
o/opentelemetry-go,opentelemetry-go,v1.11.1,go,,o/opentelemetry-go/opentelemetry-go_ubi_8.5.sh,https://github.com/open-telemetry/opentelemetry-go.git
o/opentelemetry-java-contrib,opentelemetry-java-contrib,${1:-,java,,o/opentelemetry-java-contrib/opentelemetry-java-contrib_rhel_8.3.sh,https://github.com/open-telemetry/opentelemetry-java-contrib
o/opentelemetry-php-contrib,opentelemetry-php-contrib,${1:-,php,,o/opentelemetry-php-contrib/opentelemetry-php-contrib_1.0.0beta2_ubi_8.5.sh,https://github.com/open-telemetry/opentelemetry-php-contrib.git
o/opentelemetry-php-contrib,opentelemetry-php-contrib,${1:-,php,,o/opentelemetry-php-contrib/opentelemetry-php-contrib_ubi_8.5.sh,https://github.com/open-telemetry/opentelemetry-php-contrib.git
o/opentelemetry-proto-java,opentelemetry-proto-java,"v0.18.0,v0.19.0",java,,o/opentelemetry-proto-java/opentelemetry-proto-java_ubi_8.5.sh,https://github.com/open-telemetry/opentelemetry-proto-java
o/opentelemetry-ruby,opentelemetry-ruby,${1:-,ruby,,o/opentelemetry-ruby/opentelemetry-ruby_ubi_8.5.sh,https://github.com/open-telemetry/opentelemetry-ruby.git
o/operand-deployment-lifecycle-manager,operand-deployment-lifecycle-manager,v1.4.1,go,,o/operand-deployment-lifecycle-manager/operand-deployment-lifecycle-manager_ubi_8.5.sh,https://github.com/IBM/operand-deployment-lifecycle-manager
o/operator-sdk-ansible-util,operator-sdk-ansible-util,v0.2.0,python,,o/operator-sdk-ansible-util/operator-sdk-ansible-util_0.2.0_ubuntu_18.04.sh,https://github.com/operator-framework/operator-sdk-ansible-util.git
o/operator-sdk-ansible-util,operator-sdk-ansible-util,v0.2.0,python,,o/operator-sdk-ansible-util/operator-sdk-ansible-util_ubi_8.3.sh,https://github.com/operator-framework/operator-sdk-ansible-util.git
o/operator_utils,operator_utils,v1.1.1,go,,o/operator_utils/operator-utils_ubi_8.4.sh,https://github.com/redhat-cop/operator-utils
o/outlines-core,outlines-core,0.1.26,python,,o/outlines-core/outlines-core_ubi_9.3.sh,https://github.com/dottxt-ai/outlines-core
p/PEAR_Exception,PEAR_Exception,v1.0.2,php,,p/PEAR_Exception/PEAR_Exception-ubi_8.5.sh,https://github.com/pear/PEAR_Exception.git
p/PuerkitoBio__purell,PuerkitoBio__purell,8a290539e2e8629dbc4e6bad948158f790ec31f4,go,,p/PuerkitoBio__purell/PuerkitoBio__purell_rhel_8.3.sh,https://github.com/puerkitobio/purell
p/PuerkitoBio__urlesc,PuerkitoBio__urlesc,5bd2802263f21d8788851d5305584c82a5c75d7e,go,,p/PuerkitoBio__urlesc/PuerkitoBio__urlesc_rhel_8.3.sh,https://github.com/puerkitobio/urlesc
p/pact-go,pact-go,v2.0.8,go,,p/pact-go/pact-go_ubi_9.3.sh,https://github.com/pact-foundation/pact-go
p/paho.mqtt.golang,paho.mqtt.golang,v1.3.0,go,,p/paho.mqtt.golang/paho.mqtt.golang-ubi_8.4.sh,https://github.com/eclipse/paho.mqtt.golang
p/paragonie_randomcompat,paragonie_randomcompat,v2.0.20,php,,p/paragonie_randomcompat/paragonie_randomcompat_v2.0.20_rhel_8.4.sh,https://github.com/paragonie/random_compat
p/parallelly,parallelly,1.37.1,r,,p/parallelly/parallelly_ubi_9.3.sh,https://github.com/cran/parallelly
p/parameterized,parameterized,v0.9.0,python,,p/parameterized/parameterized_ubi_9_3.sh,https://github.com/wolever/parameterized
p/parameterizedtestcase,parameterizedtestcase,0.1.0,python,,p/parameterizedtestcase/parameterizedtestcase_rhel_8.3.sh,https://github.com/msabramo/python_unittest_parameterized_test_case
p/parquet-format,parquet-format,apache-parquet-format-2.10.0,java,,p/parquet-format/parquet_format_ubi_8.5.sh,https://github.com/apache/parquet-format.git
p/parquet-mr,parquet-mr,apache-parquet-1.12.3,java,,p/parquet-mr/parquet_mr_ubi8.5.sh,https://github.com/apache/parquet-mr.git
p/parser,parser,4.10.4,php,,p/parser/parser_4.10.4_rhel_8.4.sh,https://github.com/nikic/PHP-Parser
p/parser,parser,${1:-,php,,p/parser/parser_ubi_8.5.sh,https://github.com/nikic/PHP-Parser.git
p/parser,parser,v3.1.0.0,ruby,,p/parser/parser_ubi_8.4.sh,https://github.com/whitequark/parser.git
p/pascaldekloe__name,pascaldekloe__name,0fd16699aae1833640fca52a937944c6f3b1d58c,go,,p/pascaldekloe__name/pascaldekloe__name_rhel_8.3.sh,https://github.com/pascaldekloe/name
p/pborman__uuid,pborman__uuid,ca53cad383cad2479bbba7f7a1a05797ec1386e4,go,,p/pborman__uuid/pborman__uuid_rhel_8.3.sh,https://github.com/pborman/uuid
p/pear_archive-tar,pear_archive-tar,1.4.12,php,,p/pear_archive-tar/pear_archive-tar_ubi_8.5.sh,https://github.com/pear/Archive_Tar.git
p/pecl-encryption-mcrypt,pecl-encryption-mcrypt,1.0.3,php,,p/pecl-encryption-mcrypt/pecl-encryption-mcrypt_ubi8.sh,https://github.com/php/pecl-encryption-mcrypt
p/pecl-file_formats-yaml,pecl-file_formats-yaml,2.2.2,php,,p/pecl-file_formats-yaml/pecl-file_formats-yaml_ubi8.5.sh,https://github.com/php/pecl-file_formats-yaml.git
p/pelletier__go-buffruneio,pelletier__go-buffruneio,0.2.0,go,,p/pelletier__go-buffruneio/pelletier__go-buffruneio_rhel_8.3.sh,https://github.com/pelletier/go-buffruneio
p/pelletier__go-toml,pelletier__go-toml,1.0.1,go,,p/pelletier__go-toml/pelletier__go-toml_rhel_8.3.sh,https://github.com/pelletier/go-toml
p/perks,perks,v1.0.1,go,,p/perks/perks_ubi8.4.sh,https://github.com/beorn7/perks
p/peterbourgon__diskv,peterbourgon__diskv,5f041e8faa004a95c88a202771f4cc3e991971e6,go,,p/peterbourgon__diskv/peterbourgon__diskv_rhel_8.3.sh,https://github.com/peterbourgon/diskv
p/pgconn,pgconn,v1.9.0,go,,p/pgconn/pgconn_ubi_8.5.sh,https://github.com/jackc/pgconn.git
p/pgtype,pgtype,v1.8.0,go,,p/pgtype/pgtype_ubi_8.5.sh,https://github.com/jackc/pgtype.git
p/pgx,pgx,v4.12.0,go,,p/pgx/pgx_ubi_8.5.sh,https://github.com/jackc/pgx.git
p/phar-io_version,phar-io_version,3.1.0,php,,p/phar-io_version/phar-io_version_ubi_8.5.sh,https://github.com/phar-io/version
p/phar-stream-wrapper,phar-stream-wrapper,${1:-,php,,p/phar-stream-wrapper/phar-stream-wrapper_ubi_8.5.sh,https://github.com/TYPO3/phar-stream-wrapper.git
p/php-code-coverage,php-code-coverage,6.1.4,php,,p/php-code-coverage/php-code-coverage_ubi8.sh,https://github.com/sebastianbergmann/php-code-coverage/
p/php-encryption,php-encryption,v2.2.1,php,,p/php-encryption/php-encryption_ubi8.sh,https://github.com/defuse/php-encryption
p/php-htmldiff,php-htmldiff,v0.1.12,php,,p/php-htmldiff/php-htmldiff_ubi_8.5.sh,https://github.com/caxy/php-htmldiff.git
p/php-jwt,php-jwt,v5.2.0,php,,p/php-jwt/php-jwt_ubi8.sh,https://github.com/firebase/php-jwt
p/php-webdriver,php-webdriver,1.4.7,php,,p/php-webdriver/php-webdriver_ubi8.sh,https://github.com/instaclick/php-webdriver
p/php-xdg-base-dir,php-xdg-base-dir,0.1,php,,p/php-xdg-base-dir/php-xdg-base-dir_ubi_8.5.sh,https://github.com/dnoegel/php-xdg-base-dir.git
p/php_codesniffer,php_codesniffer,3.6.1,php,,p/php_codesniffer/php_codesniffer_ubi_8.4.sh,https://github.com/squizlabs/PHP_CodeSniffer.git
p/phpcomplex,phpcomplex,2.0.0,php,,p/phpcomplex/phpcomplex_ubi_8.5.sh,https://github.com/MarkBaker/PHPComplex
p/phpstan-drupal,phpstan-drupal,1.1.20,php,,p/phpstan-drupal/phpstan-drupal_ubi_8.5.sh,https://github.com/mglaman/phpstan-drupal
p/phpunit,phpunit,9.0.0,php,,p/phpunit/phpunit_ubi8.sh,https://github.com/sebastianbergmann/phpunit
p/phpunit-bridge,phpunit-bridge,${1:-,php,,p/phpunit-bridge/phpunit-bridge_ubi_8.5.sh,https://github.com/symfony/phpunit-bridge.git
p/picocli,picocli,v4.0.4,java,,p/picocli/picocli_ubi_8_5.sh,https://github.com/remkop/picocli.git
p/picocli,picocli,v4.5.2,java,,p/picocli/picocli_v4.5.2_ubi8_3.sh,https://github.com/remkop/picocli.git
p/pillar,pillar,1.9.0,r,,p/pillar/pillar_ubi_9.3.sh,https://github.com/cran/pillar
p/pkg,pkg,v0.0.0-20180928190104-399ea9e2e55f,go,,p/pkg/pkg_ubi_8.5.sh,https://github.com/coreos/pkg
p/pkg_errors,pkg_errors,v0.9.1,go,,p/pkg_errors/pkg_errors_ubi_8.5.sh,https://github.com/pkg/errors
p/pkgbuild,pkgbuild,1.4.4,r,,p/pkgbuild/pkgbuild_ubi_9.3.sh,https://github.com/cran/pkgbuild
p/pkgconfig,pkgconfig,2.0.3,r,,p/pkgconfig/pkgconfig_ubi_9.3.sh,https://github.com/cran/pkgconfig
p/pkgload,pkgload,1.4.0,r,,p/pkgload/pkgload_ubi_9.3.sh,https://github.com/cran/pkgload.git
p/plist,plist,v0.0.0-20181124034731-591f970eefbb,go,,p/plist/plist_ubi_8.5.sh,https://github.com/DHowett/go-plist
p/plot,plot,e2840ee46a6b,go,,p/plot/plot_ubi_8.5.sh,https://github.com/gonum/plot.git
p/plotly,plotly,4.10.4,r,,p/plotly/plotly_ubi_9.3.sh,https://github.com/cran/plotly.git
p/postgres-operator,postgres-operator,b0427ff,go,,p/postgres-operator/postgres-operator_ubi_8.5.sh,https://github.com/CrunchyData/postgres-operator
p/pretty,pretty,v0.2.0,go,,p/pretty/pretty_ubi_8.5.sh,https://github.com/kr/pretty
p/prettyunits,prettyunits,1.2.0,r,,p/prettyunits/prettyunits_ubi_9.3.sh,https://github.com/cran/prettyunits
p/processx,processx,3.8.4,r,,p/processx/processx_ubi_9.3.sh,https://github.com/cran/processx
p/progressbar,progressbar,v1.0.0,go,,p/progressbar/progressbar_ubi_8.4.sh,https://github.com/schollz/progressbar
p/prometheus-operator,prometheus-operator,${1:-,go,,p/prometheus-operator/prometheus-operator_ubi_8.5.sh,https://github.com/coreos/prometheus-operator
p/prometheus__common,prometheus__common,v0.14.0,go,,p/prometheus__common/prometheus__common_ubi_8.5.sh,https://github.com/prometheus/common
p/promethus_clientmodel,promethus_clientmodel,v0.2.0,go,,p/promethus_clientmodel/prometheus_ubi_8.5.sh,https://github.com/prometheus/client_model
p/protobuf-go,protobuf-go,v1.27.1,go,,p/protobuf-go/protobuf-go_ubi_8.5.sh,https://github.com/protocolbuffers/protobuf-go
p/ps,ps,1.7.7,r,,p/ps/ps_ubi_9.3.sh,https://github.com/cran/ps.git
p/pulsar-client-python,pulsar-client-python,v3.5.0,python,,p/pulsar-client-python/pulsar-client-python_ubi_9.3.sh,https://github.com/apache/pulsar-client-python.git
p/purrr,purrr,1.0.2,r,,p/purrr/purrr_ubi_9.3.sh,https://github.com/cran/purrr
p/py4j,py4j,0.10.9,java,,p/py4j/py4j_0.10.9_ubi_8.5.sh,https://github.com/py4j/py4j
p/py4j,py4j,0.10.4,java,,p/py4j/py4j_rhel_7.3.sh,https://github.com/bartdag/py4j.git
p/py4j,py4j,0.10.4,java,,p/py4j/py4j_ubuntu_16.04.sh,https://github.com/bartdag/py4j.git
p/pyarrow,pyarrow,apache-arrow-15.0.1,python,,p/pyarrow/pyarrow_15.0.1_ubi_9.3.sh,https://github.com/apache/arrow.git
p/pyarrow,pyarrow,apache-arrow-19.0.0,python,,p/pyarrow/pyarrow_19.0.0_ubi_9.3.sh,https://github.com/apache/arrow
p/pyarrow,pyarrow,apache-arrow-11.0.0,python,,p/pyarrow/pyarrow_ubi_9.3.sh,https://github.com/apache/arrow.git
p/pyarrow,pyarrow,0.10.0,python,,p/pyarrow/pyarrow_0.10.0_ubuntu_16.04_gpu.sh,https://github.com/apache/arrow.git
p/pyarrow,pyarrow,0.9.0,python,,p/pyarrow/pyarrow_0.9.0_rhel_7.4.sh,https://github.com/apache/arrow
p/pyarrow,pyarrow,1.0.1,python,,p/pyarrow/pyarrow_1.0.1_rhel_7.4.sh,https://github.com/apache/arrow
p/pyasn1_modules,pyasn1_modules,0.2.8,python,,p/pyasn1_modules/pyasn1_modules_rhel_8.3.sh,https://github.com/etingof/pyasn1-modules
p/pygments-github-lexers,pygments-github-lexers,0.0.5,python,,p/pygments-github-lexers/pygments-github-lexers_rhel_8.3.sh,https://github.com/liluo/pygments-github-lexers
p/pylibdmtx,pylibdmtx,v0.1.10,python,,p/pylibdmtx/pylibdmtx_ubi_8.7.sh,https://github.com/NaturalHistoryMuseum/pylibdmtx
p/pylibdmtx,pylibdmtx,v0.18,python,,p/pylibdmtx/pylibdmtx_rhel_7.6.sh,https://github.com/NaturalHistoryMuseum/pylibdmtx.git
p/pyopengl-accelerate,pyopengl-accelerate,release-3.1.9,python,,p/pyopengl-accelerate/pyopengl-accelerate_ubi_9.3.sh,https://github.com/mcfletch/pyopengl
p/pyopengl-accelerate,pyopengl-accelerate,,python,,p/pyopengl-accelerate/conda.recipe/build.sh,
p/pyopengl-accelerate,pyopengl-accelerate,3.1.0,python,,p/pyopengl-accelerate/pyopengl-accelerate_rhel_7.3_py27.sh,
p/pyopengl-accelerate,pyopengl-accelerate,3.1.0,python,,p/pyopengl-accelerate/pyopengl-accelerate_rhel_7.3_py35.sh,
p/pyopengl-accelerate,pyopengl-accelerate,3.1.0,python,,p/pyopengl-accelerate/pyopengl-accelerate_ubuntu_16.04_py27.sh,
p/pyopengl-accelerate,pyopengl-accelerate,3.1.0,python,,p/pyopengl-accelerate/pyopengl-accelerate_ubuntu_16.04_py35.sh,
p/pytest-black,pytest-black,0.3.12,python,,p/pytest-black/pytest-black_rhel_8.3.sh,https://github.com/shopkeep/pytest-black
p/python-glanceclient,python-glanceclient,yoga-eom,python,,p/python-glanceclient/python_glanceclient_ubi_8.7.sh,https://github.com/openstack/python-glanceclient
p/python-openstackclient,python-openstackclient,6.5.0,python,,p/python-openstackclient/python-openstackclient_ubi_8.7.sh,https://github.com/openstack/python-openstackclient
q/quantreg,quantreg,5.98,r,,q/quantreg/quantreg_ubi_9.3.sh,https://github.com/cran/quantreg.git
q/quobyte_api,quobyte_api,v0.1.2,go,,q/quobyte_api/quobyte_api_ubi8.5.sh,https://github.com/quobyte/api
r/r4032login,r4032login,2.1.0,php,,r/r4032login/r4032login_ubi_8.5.sh,https://git.drupalcode.org/project/r4032login
r/rabbitmq-java-client,rabbitmq-java-client,v5.17.0,java,,r/rabbitmq-java-client/rabbitmq-java-client_ubi_8_7.sh,https://github.com/rabbitmq/rabbitmq-java-client
r/rabbitmq-java-client,rabbitmq-java-client,v5.22.0,java,,r/rabbitmq-java-client/rabbitmq-java-client_ubi_9.3.sh,https://github.com/rabbitmq/rabbitmq-java-client
r/rabbitmq-java-client,rabbitmq-java-client,5.0,java,,r/rabbitmq-java-client/rabbitmq-java-client_ubuntu_16.04.sh,https://github.com/rabbitmq/rabbitmq-public-umbrella.git
r/raft,raft,${1:-,go,,r/raft/raft_ubi_8.5.sh,https://github.com/hashicorp/raft
r/raft-boltdb,raft-boltdb,v0.0.0-20171010151810-6e5ba93211ea,go,,r/raft-boltdb/github.com__hashicorp__raft-boltdb_rhel_8.3.sh,https://github.com/hashicorp/raft-boltdb
r/raft-boltdb,raft-boltdb,v2.3.0,go,,r/raft-boltdb/raft-boltdb_ubi_8.7.sh,https://github.com/hashicorp/raft-boltdb
r/rake-nltk,rake-nltk,a80f633,python,,r/rake-nltk/rake-nltk_ubi_8.7.sh,https://github.com/csurfer/${PACKAGE_NAME}.git
r/ray,ray,ray-2.47.1,python,,r/ray/ray_ubi_9.3.sh,https://github.com/ray-project/ray
r/rb-inotify,rb-inotify,0.9.10,ruby,,r/rb-inotify/rb-inotify_rhel_8.3.sh,https://github.com/guard/rb-inotify
r/rcpp,rcpp,1.0.12,r,,r/rcpp/rcpp_ubi_9.3.sh,https://github.com/RcppCore/Rcpp
r/rdf4j,rdf4j,3.7.4,java,,r/rdf4j/rdf4j_v3.7.4_ubi_9.3.sh,https://github.com/eclipse-rdf4j/rdf4j.git
r/rdf4j,rdf4j,3.7.7,java,,r/rdf4j/rdf4j_v3.7.7_ubi_9.3.sh,https://github.com/eclipse-rdf4j/rdf4j.git
r/rdf4j,rdf4j,5.1.0,java,,r/rdf4j/rdf4j_ubi_9.3.sh,https://github.com/eclipse-rdf4j/rdf4j.git
r/react-draggable,react-draggable,v4.4.3,java,,r/react-draggable/react-draggable_v4.4.4_v4.4.3_ubuntu_18.04.sh,https://github.com/react-grid-layout/react-draggable.git
r/react-draggable,react-draggable,master,node,,r/react-draggable/react-draggable-master_ubi8.3.sh,https://github.com/react-grid-layout/react-draggable.git
r/react-draggable,react-draggable,2.2.3,node,,r/react-draggable/react-draggable_ubuntu_18.04.sh,https://github.com/mzabriskie/react-draggable
r/readahead,readahead,v1.3.1,go,,r/readahead/readahead_ubi8.4.sh,https://github.com/klauspost/readahead
r/readr,readr,2.1.5,r,,r/readr/readr_ubi_9.3.sh,https://github.com/cran/readr.git
r/real_aes,real_aes,8.x-2.3,php,,r/real_aes/real_aes_ubi_8.5.sh,https://git.drupalcode.org/project/real_aes.git
r/receptor,receptor,devel,go,,r/receptor/receptor_ubi_8.5.sh,https://github.com/ansible/receptor
r/recipes,recipes,1.1.0,r,,r/recipes/recipes_ubi_9.3.sh,https://github.com/cran/recipes.git
r/redirect,redirect,8.x-1.6,php,,r/redirect/redirect_8.5.sh,https://git.drupalcode.org/project/redirect.git
r/redisearch,redisearch,2.0.0,python,,r/redisearch/redisearch_rhel8.sh,https://github.com/RediSearch/RediSearch.git
r/reflection,reflection,${1:-,php,,r/reflection/reflection_1.2.1_ubi_8.5.sh,https://github.com/doctrine/reflection
r/resteasy-spring-boot,resteasy-spring-boot,6.1.0.Final,java,,r/resteasy-spring-boot/resteasy-spring-boot_ubi_8_7.sh,https://github.com/resteasy/resteasy-spring-boot
r/resteasy-spring-boot,resteasy-spring-boot,3.6.4,java,,r/resteasy-spring-boot/resteasy-spring-boot_UBI_8.3.sh,https://github.com/resteasy/resteasy-spring-boot.git
r/resteasy-spring-boot,resteasy-spring-boot,4.2.0.Final-SNAPSHOT,java,,r/resteasy-spring-boot/resteasy-spring-boot_rhel_7.6.sh,https://github.com/resteasy/resteasy-spring-boot
r/restic,restic,v0.12.1,go,,r/restic/restic_ubi8.4.sh,https://github.com/restic/restic/
r/robotstxt,robotstxt,8.x-1.4,php,,r/robotstxt/robotstxt_ubi_8.5.sh,https://git.drupalcode.org/project/robotstxt.git
r/robustbase,robustbase,0.99-4-1,r,,r/robustbase/robustbase_ubi_9.3.sh,https://github.com/cran/robustbase.git
r/rocksdb,rocksdb,master,java,,r/rocksdb/rhel7.9/build.sh,https://github.com/facebook/rocksdb
r/rocksdb,rocksdb,5.10.4,java,,r/rocksdb/rocksdb_ubuntu_16.04.sh,https://github.com/facebook/rocksdb.git
r/roxygen2,roxygen2,7.3.2,r,,r/roxygen2/roxygen2_ubi_9.3.sh,https://github.com/cran/roxygen2.git
r/rpc.v1,rpc.v1,v1.1.0,go,,r/rpc.v1/rpc.v1_ubi_8.5.sh,https://github.com/jcmturner/rpc/
r/rsc.io__binaryregexp,rsc.io__binaryregexp,v0.2.0,go,,r/rsc.io__binaryregexp/rsc.io__binaryregexp_rhel_8.3.sh,https://github.com/rsc/binaryregexp
r/rsc.io__letsencrypt,rsc.io__letsencrypt,v0.0.3,go,,r/rsc.io__letsencrypt/rsc.io__letsencrypt_rhel_8.3.sh,https://github.com/rsc/letsencrypt
r/rubyzip,rubyzip,v2.2.0,ruby,,r/rubyzip/rubyzip_ubi_8.4.sh,https://github.com/rubyzip/rubyzip.git
r/rubyzip,rubyzip,v1.2.1,ruby,,r/rubyzip/rubyzip_v1.2.1_ubi_8.5.sh,https://github.com/rubyzip/rubyzip
r/rules_go,rules_go,v0.48.0,go,,r/rules_go/rules_go_ubi_9.3.sh,https://github.com/bazelbuild/rules_go
r/rules_go,rules_go,v0.40.1,go,,r/rules_go/rules_go_ubi_8.7.sh,https://github.com/bazelbuild/rules_go
r/runtime-tools,runtime-tools,1d69bd0f9c39,go,,r/runtime-tools/runtime-tools_ubi_8.5.sh,https://github.com/opencontainers/runtime-tools
r/russross__blackfriday,russross__blackfriday,1.5,go,,r/russross__blackfriday/russross__blackfriday_rhel_8.3.sh,https://github.com/russross/blackfriday
r/ryanuber__columnize,ryanuber__columnize,2.1.0,go,,r/ryanuber__columnize/ryanuber__columnize_rhel_8.3.sh,https://github.com/ryanuber/columnize
s/s2-jdbc-connector,s2-jdbc-connector,v1.2.3,java,,s/s2-jdbc-connector/s2-jdbc-connector_ubi_9.3.sh,https://github.com/memsql/S2-JDBC-Connector
s/sass-listen,sass-listen,v4.0.0,ruby,,s/sass-listen/sass-listen.sh,https://github.com/sass/listen
s/scaffolding,scaffolding,v4.0.0,java,,s/scaffolding/scaffolding_ubi_8.5.sh,https://github.com/grails/scaffolding.git
s/scalatest,scalatest,3.0.3,java,,s/scalatest/scalatest_rhel_7.3.sh,https://github.com/scalatest/scalatest
s/scalatest,scalatest,3.0.3,java,,s/scalatest/scalatest_ubuntu_16.04.sh,https://github.com/scalatest/scalatest
s/sebastian__global-state,sebastian__global-state,5.0.2,php,,s/sebastian__global-state/global-state_ubi_8.5.sh,https://github.com/sebastianbergmann/global-state
s/sebastian__global-state,sebastian__global-state,2.0.0,php,,s/sebastian__global-state/sebastian__global-state_rhel_8.3.sh,https://github.com/sebastianbergmann/global-state
s/segmentio__backo-go,segmentio__backo-go,204274ad699c0983a70203a566887f17a717fef4,go,,s/segmentio__backo-go/segmentio__backo-go_rhel_8.3.sh,https://github.com/segmentio/backo-go
s/selectr,selectr,0.4.2,r,,s/selectr/selectr_ubi_9.3.sh,https://github.com/cran/selectr
s/serenize__snaker,serenize__snaker,de5293a32fd929048775e277fa6dd163bdeac7b3,go,,s/serenize__snaker/serenize__snaker_rhel_8.3.sh,https://github.com/serenize/snaker
s/seriation,seriation,1.5.5,r,,s/seriation/seriation_ubi_9.3.sh,https://github.com/cran/seriation
s/session_limit,session_limit,8.x-1.x,php,,s/session_limit/session_limit_8.5.sh,https://git.drupalcode.org/project/session_limit.git
s/sf,sf,1.0-16,r,,s/sf/sf_ubi_9.3.sh,https://github.com/cran/sf
s/sha256-simd,sha256-simd,v0.1.1,go,,s/sha256-simd/github.com__minio__sha256-simd_rhel_8.3.sh,https://github.com/minio/sha256-simd
s/sha256-simd,sha256-simd,v1.0.1,go,,s/sha256-simd/sha256-simd_ubi_8.7.sh,https://github.com/minio/sha256-simd
s/shiny-server,shiny-server,v1.5.23.1030,java,,s/shiny-server/shiny-server_ubi_9.3.sh,https://github.com/rstudio/shiny-server
s/sigs.k8s.io__controller-runtime,sigs.k8s.io__controller-runtime,v0.7.0,go,,s/sigs.k8s.io__controller-runtime/sigs.k8s.io__controller-runtime_rhel_8.3.sh,https://github.com/kubernetes-sigs/controller-runtime
s/sigs.k8s.io__kubebuilder,sigs.k8s.io__kubebuilder,v1.0.9-0.20200513134826-f07a0146a40b,go,,s/sigs.k8s.io__kubebuilder/sigs.k8s.io__kubebuilder_rhel_8.3.sh,https://github.com/kubernetes-sigs/kubebuilder
s/sigs.k8s.io__yaml,sigs.k8s.io__yaml,v1.2.0,go,,s/sigs.k8s.io__yaml/sigs.k8s.io__yaml_rhel_8.3.sh,https://github.com/kubernetes-sigs/yaml
s/sigurn__crc16,sigurn__crc16,da416fad5162ac0f3338ba24dccdb26e4da22485,go,,s/sigurn__crc16/sigurn__crc16_rhel_8.3.sh,https://github.com/sigurn/crc16
s/sigurn__utils,sigurn__utils,f19e41f79f8f006116f682c1af454591bc278ad4,go,,s/sigurn__utils/sigurn__utils_rhel_8.3.sh,https://github.com/sigurn/utils
s/sirupsen__logrus,sirupsen__logrus,1.3.0,go,,s/sirupsen__logrus/sirupsen__logrus_rhel_8.3.sh,https://github.com/sirupsen/logrus
s/sirupsen__logrus,sirupsen__logrus,v1.8.1,go,,s/sirupsen__logrus/sirupsen_logrus_ubi_8.5.sh,https://github.com/sirupsen/logrus.git
s/sisu-guice,sisu-guice,sisu-guice-4.2.0,java,,s/sisu-guice/sisu-guice_ubi_8.5.sh,https://github.com/sonatype/sisu-guice.git
s/sizeof-agent,sizeof-agent,sizeofag-1.0.4,java,,s/sizeof-agent/sizeof-agent_ubi_8.3.sh,https://github.com/fracpete/sizeofag.git
s/sketches-go,sketches-go,v1.2.1,go,,s/sketches-go/sketches-go_ubi8.4.sh,github.com/DataDog/sketches-go
s/skl2onnx,skl2onnx,v1.18,python,,s/skl2onnx/skl2onnx_ubi_9.3.sh,https://github.com/onnx/sklearn-onnx.git
s/sklearn-pandas,sklearn-pandas,v2.2.0,python,,s/sklearn-pandas/sklearn-pandas_ubi_9.6.sh,https://github.com/scikit-learn-contrib/sklearn-pandas.git
s/slim-sprig,slim-sprig,v0.0.0-20210107165309-348f09dbbbc0,go,,s/slim-sprig/slim-sprig_ubi_8.5.sh,https://github.com/go-task/slim-sprig.git
s/smart,smart,v0.0.0-20190505152634-909a45200d6d,go,,s/smart/smart_ubi_8.5.sh,https://github.com/dswarbrick/smart
s/snowflake-jdbc,snowflake-jdbc,v3.18.0,java,,s/snowflake-jdbc/snowflake-jdbc_ubi_9.3.sh,https://github.com/snowflakedb/snowflake-jdbc
s/snowflake-jdbc,snowflake-jdbc,"3.12.0, 3.12.3",java,,s/snowflake-jdbc/snowflake-jdbc_rhel_7.6.sh,https://github.com/snowflakedb/snowflake-jdbc
s/soap-builder,soap-builder,93e5a7956ed68b6125ab756e9c6cddea266a9dc6,java,,s/soap-builder/soap-builder_ubi_8.4.sh,https://github.com/reficio/soap-ws
s/soap-common,soap-common,1.0.0-SNAPSHOT,java,,s/soap-common/soap-common_ubi_8.4.sh,https://github.com/reficio/soap-ws
s/soap-legacy,soap-legacy,master,java,,s/soap-legacy/soap-legacy_ubi_8.4.sh,https://github.com/reficio/soap-ws
s/sparklyr,sparklyr,1.8.6,r,,s/sparklyr/sparklyr_ubi_9.3.sh,https://github.com/cran/sparklyr
s/spdx-licenses,spdx-licenses,1.5.5,php,,s/spdx-licenses/spdx-licenses_ubi8.sh,https://github.com/composer/spdx-licenses
s/spdystream,spdystream,v0.0.0-20181023171402-6480d4af844c,go,,s/spdystream/spdystream-ubi8.4.sh,https://github.com/moby/spdystream.git
s/spf13__cobra,spf13__cobra,95f2f73ed97e57387762620175ccdc277a8597a0,go,,s/spf13__cobra/spf13__cobra_rhel_8.3.sh,https://github.com/spf13/cobra
s/spf13__pflag,spf13__pflag,2e9d26c8c37aae03e3f9d4e90b7116f5accb7cab,go,,s/spf13__pflag/spf13__pflag_rhel_8.3.sh,https://github.com/spf13/pflag
s/sphinxcontrib-log-cabinet,sphinxcontrib-log-cabinet,1.0.1,python,,s/sphinxcontrib-log-cabinet/sphinxcontrib-log-cabinet_rhel_8.3.sh,https://github.com/davidism/sphinxcontrib-log-cabinet
s/spring-data-redis,spring-data-redis,3.2.4,java,,s/spring-data-redis/spring-data-redis_ubi_9.3.sh,https://github.com/spring-projects/spring-data-redis.git
s/spring-retry,spring-retry,v1.3.4,java,,s/spring-retry/spring_retry_ubi_9.3.sh,https://github.com/spring-projects/spring-retry.git
s/spring-retry,spring-retry,v2.0.10,java,,s/spring-retry/spring_retry_v2_0_10_ubi_9.3.sh,https://github.com/spring-projects/spring-retry.git
s/spring-retry,spring-retry,v2.0.5,java,,s/spring-retry/spring_retry_ubi_8.7.sh,https://github.com/spring-projects/spring-retry.git
s/spring-retry,spring-retry,1.2.1.RELEASE,java,,s/spring-retry/spring-retry_rhel_7.3.sh,https://github.com/spring-projects/spring-retry
s/spring-retry,spring-retry,1.2.1.RELEASE,java,,s/spring-retry/spring-retry_ubuntu_16.04.sh,https://github.com/spring-projects/spring-retry
s/stack,stack,v1.8.0,go,,s/stack/stack_v1.8.0_UBI_8.5.sh,https://github.com/go-stack/stack.git
s/stan.go,stan.go,v0.7.0,go,,s/stan.go/stan.go_ubi_8.5.sh,https://github.com/nats-io/stan.go
s/starlark-go,starlark-go,d1966c6,go,,s/starlark-go/starlark-go_ubi_8.5.sh,https://github.com/google/starlark-go
s/stats,stats,v0.6.6,go,,s/stats/stats_ubi_8.5.sh,https://github.com/montanaflynn/stats
s/stax2-api,stax2-api,stax2-api-4.2.2,java,,s/stax2-api/stax2-api_ubi_9.3.sh,https://github.com/FasterXML/stax2-api.git
s/stecman_symfony-console-completion,stecman_symfony-console-completion,0.11.0,php,,s/stecman_symfony-console-completion/stecman_symfony-console-completion_0.11.0_rhel_8.4.sh,https://github.com/stecman/symfony-console-completion
s/storm,storm,v2.2.1,go,,s/storm/storm_ubi_8.5.sh,https://github.com/asdine/storm.git
s/streadway_handy,streadway_handy,0f66f006fb2e,go,,s/streadway_handy/handy_ubi_8.5.sh,https://github.com/streadway/handy.git
s/streadway_handy,streadway_handy,v0.0.0-20190108123426-d5acb3125c2a,go,,s/streadway_handy/streadway_handy_ubi8.5.sh,https://github.com/streadway/handy
s/stretchr__objx,stretchr__objx,0.1.1,go,,s/stretchr__objx/stretchr__objx_rhel_8.3.sh,https://github.com/stretchr/objx
s/stretchr__testify,stretchr__testify,e3a8ff8ce36581f87a15341206f205b1da467059,go,,s/stretchr__testify/stretchr__testify_rhel_8.3.sh,https://github.com/stretchr/testify
s/strfmt,strfmt,v0.19.3,go,,s/strfmt/github.com__go-openapi__strfmt_rhel_8.3.sh,https://github.com/go-openapi/strfmt
s/strfmt,strfmt,d65c7fdb29eca313476e529628176fe17e58c488,go,,s/strfmt/go-openapi__strfmt_rhel_8.3.sh,https://github.com/go-openapi/strfmt
s/strfmt,strfmt,d65c7fdb29eca313476e529628176fe17e58c488,go,,s/strfmt/go-openapi_strfmt_ubi_8.5.sh,https://github.com/go-openapi/strfmt
s/strfmt,strfmt,v0.21.9,go,,s/strfmt/strfmt_ubi_8.7.sh,https://github.com/go-openapi/strfmt
s/stringi,stringi,1.8.4,r,,s/stringi/stringi_ubi_9.3.sh,https://github.com/cran/stringi.git
s/stripe-php,stripe-php,v7.67.0,php,,s/stripe-php/stripe-php_ubi8.sh,https://github.com/stripe/stripe-php
s/survival,survival,3.7-0,r,,s/survival/survival_ubi_9.3.sh,https://github.com/cran/survival
s/svg-sanitizer,svg-sanitizer,0.13.0,php,,s/svg-sanitizer/svg-sanitizer_ubi_8.5.sh,https://github.com/darylldoyle/svg-sanitizer
s/svg-sanitizer,svg-sanitizer,0.14.1,php,,s/svg-sanitizer/svg-sanitizer_v0.14.1_ubi_8.5.sh,https://github.com/darylldoyle/svg-sanitizer
s/symfony__debug,symfony__debug,v4.4.31,php,,s/symfony__debug/symfony_debug_ubi_8.5.sh,https://github.com/symfony/debug.git
s/symfony__debug,symfony__debug,3.4.40,php,,s/symfony__debug/symfony__debug_rhel_8.3.sh,https://github.com/symfony/debug
s/symfony__event-dispatcher,symfony__event-dispatcher,v4.4.8,php,,s/symfony__event-dispatcher/symfony__event-dispatcher_ubi_8.5.sh,https://github.com/symfony/event-dispatcher
s/symfony__event-dispatcher,symfony__event-dispatcher,3.4.0,php,,s/symfony__event-dispatcher/symfony__event-dispatcher_rhel_8.3.sh,https://github.com/symfony/event-dispatcher
s/symfony__finder,symfony__finder,v5.0.0,php,,s/symfony__finder/symfony_finder_ubi_8.5.sh,https://github.com/symfony/finder.git
s/symfony__finder,symfony__finder,3.4.40,php,,s/symfony__finder/symfony__finder_rhel_8.3.sh,https://github.com/symfony/finder
s/symfony__http-kernel,symfony__http-kernel,v4.4.32,php,,s/symfony__http-kernel/symfony__http-kernel_ubi_8.5.sh,https://github.com/symfony/http-kernel
s/symfony__mime,symfony__mime,v5.3.8,php,,s/symfony__mime/symfony__mime_ubi_8.5.sh,https://github.com/symfony/mime
s/symfony__var-dumper,symfony__var-dumper,v5.3.0,php,,s/symfony__var-dumper/symfony__var-dumper.sh,https://github.com/symfony/var-dumper
s/symfony_config,symfony_config,v4.4.0,php,,s/symfony_config/symfony_config_ubi8.sh,https://github.com/symfony/symfony
s/symfony_config,symfony_config,v3.4.37,php,,s/symfony_config/symfony_config_ubi_8.5.sh,https://github.com/symfony/config
s/symfony_console,symfony_console,v4.4.9,php,,s/symfony_console/symfony_console_ubi_8_5.sh,https://github.com/symfony/console.git
s/symfony_error-handler,symfony_error-handler,v4.4.30,php,,s/symfony_error-handler/symfony_error-handler_ubi_8.5.sh,https://github.com/symfony/error-handler.git
s/symfony_vardumper,symfony_vardumper,v4.4.7,php,,s/symfony_vardumper/symfony_vardumper_ubi8.sh,https://github.com/symfony/symfony
t/t-digest,t-digest,t-digest-3.0,java,,t/t-digest/t-digest_ubi_8.3.sh,https://github.com/tdunning/t-digest.git
t/t-digest,t-digest,3.2,java,,t/t-digest/t-digest_rhel_8.3.sh,https://github.com/tdunning/t-digest
t/tcplisten,tcplisten,v1.0.0,go,,t/tcplisten/tcplisten_ubi_8.4.sh,https://github.com/valyala/tcplisten
t/tdigest,tdigest,bf2b5ad3c0a9,go,,t/tdigest/tdigest_ubi_8.5.sh,https://github.com/influxdata/tdigest.git
t/technicianted_archiver,technicianted_archiver,fcf9876e4d2f,go,,t/technicianted_archiver/technicianted_archiver_ubi_8.5.sh,https://github.com/technicianted/archiver
t/telegraf,telegraf,v1.30.0,go,,t/telegraf/telegraf_ubi_8.7.sh,https://github.com/influxdata/telegraf.git
t/telegraf,telegraf,1.5.0,go,,t/telegraf/telegraf_rhel_7.3.sh,https://github.com/influxdata/telegraf
t/tensorboard_plugin_wit,tensorboard_plugin_wit,v1.6.0,python,,t/tensorboard_plugin_wit/tensorboard_plugin_wit_ubi_9.3.sh,https://github.com/PAIR-code/what-if-tool.git
t/tensorflow,tensorflow,v2.14.1,python,,t/tensorflow/tensorflow_2.14.1_ubi9.3.sh,https://github.com/tensorflow/tensorflow
t/tensorflow,tensorflow,v2.13.0,python,,t/tensorflow/tensorflow_ubi_9.3.sh,https://github.com/tensorflow/tensorflow
t/tensorflow,tensorflow,1.0.1,python,,t/tensorflow/RHEL/TF_1.0.1/tensorflow_rhel_7.3_gpu.sh,https://github.com/tensorflow/tensorflow
t/tensorflow,tensorflow,1.3.1,python,,t/tensorflow/RHEL/TF_1.3.1/tensorflow_1.3.1_cpu_rhel_7.4.sh,https://github.com/tensorflow/tensorflow
t/tensorflow,tensorflow,1.3.1,python,,t/tensorflow/RHEL/tensorflow_1.3.1_gpu_rhel_7.4.sh,https://github.com/tensorflow/tensorflow
t/tensorflow,tensorflow,1.2.1,python,,t/tensorflow/SLES/tensorflow_1.2.1_sles.sh,https://github.com/tensorflow/tensorflow
t/tensorflow,tensorflow,master(1.9.0-rc0),python,,t/tensorflow/Ubuntu/tensorflow_1.9.0_cpu_ubuntu_16.04.sh,https://github.com/tensorflow/tensorflow
t/tensorflow,tensorflow,1.8.0,python,,t/tensorflow/RHEL/TF_1.8.0/tensorflow_1.8.0_cpu_rhel_8.3.sh,https://github.com/tensorflow/tensorflow
t/tensorflow-io,tensorflow-io,v0.35.0,python,,t/tensorflow-io/tensorflow-io_ubi_9.3.sh,https://github.com/tensorflow/io.git
t/tensorflow-io-gcs-filesystem,tensorflow-io-gcs-filesystem,v0.35.0,python,,t/tensorflow-io-gcs-filesystem/tensorflow-io-gcs-filesystem_ubi_9.3.sh,https://github.com/tensorflow/io.git
t/tensorflow-text,tensorflow-text,v2.14.0,python,,t/tensorflow-text/tensorflow_text_ubi_9.3.sh,https://github.com/tensorflow/text.git
t/tensorflow_model_optimization,tensorflow_model_optimization,v0.8.0,python,,t/tensorflow_model_optimization/tensorflow_model_optimization_ubi_9.3.sh,https://github.com/tensorflow/model-optimization
t/term,term,v0.0.0-20210927222741-03fcf44c2211,go,,t/term/term_ubi_8.5.sh,https://github.com/golang/term
t/term_csv_export_import,term_csv_export_import,8.x-3.0-alpha2,php,,t/term_csv_export_import/term_csv_export_import_8.5.sh,https://git.drupalcode.org/project/term_csv_export_import.git
t/terminal-table,terminal-table,1.8.0,ruby,,t/terminal-table/terminal-table_rhel_8.3.sh,https://github.com/tj/terminal-table
t/terra,terra,1.7-78,r,,t/terra/terra_ubi_9.3.sh,https://github.com/cran/terra
t/theeser_tokenizer,theeser_tokenizer,1.2.1,java,,t/theeser_tokenizer/theseer_tokenizer_rhel_8.4.sh,https://github.com/theseer/tokenizer
t/theeser_tokenizer,theeser_tokenizer,1.2.1,php,,t/theeser_tokenizer/theseer_tokenizer_ubi_8.5.sh,https://github.com/theseer/tokenizer
t/thrift-cpp,thrift-cpp,0.21.0,python,,t/thrift-cpp/thrift-cpp_ubi_9.3.sh,https://github.com/apache/thrift
t/tidyr,tidyr,1.3.1,r,,t/tidyr/tidyr_ubi_9.3.sh,https://github.com/cran/tidyr.git
t/tidyselect,tidyselect,1.2.1,r,,t/tidyselect/tidyselect_ubi_9.3.sh,https://github.com/cran/tidyselect.git
t/timechange,timechange,0.3.0,r,,t/timechange/timechange_ubi_9.3.sh,https://github.com/cran/timechange.git
t/timedate,timedate,4041.110,r,,t/timedate/timedate_ubi_9.3.sh,https://github.com/cran/timeDate.git
t/tinytex,tinytex,0.52,r,,t/tinytex/tinytex_ubi_9.3.sh,https://github.com/cran/tinytex
t/tomcat-servlet-api,tomcat-servlet-api,10.1.0-M7,java,,t/tomcat-servlet-api/tomcat-servlet-api_master_10.1.0-M7_ubi_8.3.sh,https://github.com/apache/tomcat.git
t/torchaudio,torchaudio,v2.7.1,python,,t/torchaudio/torchaudio_ubi_9.3.sh,https://github.com/pytorch/audio.git
t/torchaudio,torchaudio,v2.9.0,python,,t/torchaudio/torchaudio_v2.9_ubi_9.3.sh,https://github.com/pytorch/audio.git
t/torchdata,torchdata,v0.7.1,python,,t/torchdata/torchdata_ubi_9.3.sh,https://github.com/pytorch/data.git
t/torchvision,torchvision,v0.24.1,python,,t/torchvision/torchvision_0.24.1_ubi_9.6.sh,https://github.com/pytorch/vision.git
t/torchvision,torchvision,v0.22.0,python,,t/torchvision/torchvision_ubi_9.3.sh,https://github.com/pytorch/vision.git
t/torchvision,torchvision,v0.22.1,python,,t/torchvision/torchvision_0.22.1_ubuntu_24.04.sh,https://github.com/pytorch/vision.git
t/treelayout,treelayout,v1.0.3,java,,t/treelayout/treelayout_ubi_9.3.sh,https://github.com/abego/treelayout.git
t/triton-inference-server,triton-inference-server,v2.63.0,python,,t/triton-inference-server/triton-inference-server-master-rhel9.6.sh,https://github.com/triton-inference-server/server
t/try,try,${1:-,go,,t/try/try_ubi_8.5.sh,https://proxy.golang.org/github.com/matryer/try/@v/${PACKAGE_VERSION}.zip
t/try,try,"master,v1",go,,t/try/try_ubi_8.4.sh,https://github.com/matryer/try
t/ttrpc,ttrpc,v1.0.1,go,,t/ttrpc/containerd__ttrpc_rhel_8.3.sh,https://github.com/containerd/ttrpc
t/ttrpc,ttrpc,v0.0.0-20190828154514-0e0f228740de,go,,t/ttrpc/github.com__containerd__ttrpc_rhel_8.3.sh,https://github.com/containerd/ttrpc
t/ttrpc,ttrpc,v1.2.2,go,,t/ttrpc/ttrpc_ubi_8.7.sh,https://github.com/containerd/ttrpc
t/twig,twig,1.42.5,php,,t/twig/twig_rhel_8.4.sh,https://github.com/twigphp/Twig.git
t/type-parser,type-parser,type-parser-0.8.1,java,,t/type-parser/type-parser_ubi_8.5.sh,https://github.com/drapostolos/type-parser.git
u/uber-go_tools,uber-go_tools,v0.0.0-20190618225709-2cfd321de3ee,go,,u/uber-go_tools/uber-go_tools_ubi_8.5.sh,https://github.com/uber-go/tools
u/udpa,udpa,v0.0.0-20191209042840-269d4d468f6f,go,,u/udpa/udpa_ubi_8.4.sh,https://github.com/cncf/udpa
u/ulikunitz__xz,ulikunitz__xz,0.5.6,go,,u/ulikunitz__xz/ulikunitz__xz_rhel_8.3.sh,https://github.com/ulikunitz/xz
u/unicode-display_width,unicode-display_width,1.3.0,ruby,,u/unicode-display_width/unicode-display_width_rhel_8.3.sh,https://github.com/janlelis/unicode-display_width
u/univocity-parsers,univocity-parsers,v2.9.1,java,,u/univocity-parsers/univocity-parsers_ubi_8_7.sh,https://github.com/univocity/univocity-parsers
u/univocity-parsers,univocity-parsers,2.5.9,java,,u/univocity-parsers/univocity-parsers_rhel_7.4.sh,https://github.com/uniVocity/univocity-parsers
u/univocity-parsers,univocity-parsers,2.5.9,java,,u/univocity-parsers/univocity-parsers_ubuntu_16.04.sh,https://github.com/uniVocity/univocity-parsers
u/use-resize-observer,use-resize-observer,master,java,,u/use-resize-observer/use-resize-observer_master_ubuntu_18.04.sh,https://github.com/ZeeCoder/use-resize-observer.git
u/use-resize-observer,use-resize-observer,master,node,,u/use-resize-observer/use-resize-observer_master_ubi_8.3.sh,https://github.com/ZeeCoder/use-resize-observer.git
v/VividCortex__ewma,VividCortex__ewma,1.1.1,go,,v/VividCortex__ewma/VividCortex__ewma_rhel_8.3.sh,https://github.com/vividcortex/ewma
v/vault-k8s,vault-k8s,1.2.1,go,,v/vault-k8s/vault-k8s-1.2.1-ubi-8.7.sh,https://github.com/hashicorp/vault-k8s
v/vbauerster__mpb,vbauerster__mpb,3.4.0,go,,v/vbauerster__mpb/vbauerster__mpb_rhel_8.3.sh,https://github.com/vbauerster/mpb
v/vbom.ml__util,vbom.ml__util,v0.0.0-20160121211510-db5cfe13f5cc,go,,v/vbom.ml__util/vbom.ml__util_rhel_8.3.sh,https://github.com/fvbommel/util
v/vegan,vegan,2.6-8,r,,v/vegan/vegan_ubi_9.3.sh,https://github.com/cran/vegan
v/vert.x,vert.x,4.3.7,java,,v/vert.x/vertx_ubi_8.5.sh,https://github.com/eclipse-vertx/vert.x.git
v/vert.x,vert.x,4.0.0-SNAPSHOT,java,,v/vert.x/eclipse_vert_x_build_ppc64le_rhel7.6.sh,https://github.com/eclipse-vertx/vert.x
v/vertx-json-schema,vertx-json-schema,${1:-,java,,v/vertx-json-schema/vertx-json-schema_ubi_8.5.sh,https://github.com/eclipse-vertx/vertx-json-schema
v/vfsgen,vfsgen,6a9ea43bcacd,go,,v/vfsgen/vfsgen_ubi_8.5.sh,https://github.com/shurcooL/vfsgen
v/video_embed_field,video_embed_field,8.x-2.4,php,,v/video_embed_field/video_embed_field_ubi_8.5.sh,https://git.drupalcode.org/project/video_embed_field.git
v/video_embed_html5_8.5,video_embed_html5_8.5,8.x-1.2,php,,v/video_embed_html5_8.5/video_embed_html5_ubi_8.5.sh,https://git.drupalcode.org/project/video_embed_html5.git
v/view_password,view_password,6.0.0,php,,v/view_password/view_password_6.0.0_ubi8.5.sh,https://git.drupalcode.org/project/view_password.git
v/views_ajax_history,views_ajax_history,8.x-1.x,php,,v/views_ajax_history/views_ajax_history_ubi_8.5.sh,https://git.drupalcode.org/project/views_ajax_history.git
v/views_custom_cache_tag,views_custom_cache_tag,8.x-1.2,php,,v/views_custom_cache_tag/views_custom_cache_tag_8.5.sh,https://git.drupalcode.org/project/views_custom_cache_tag.git
v/viridis,viridis,0.6.5,r,,v/viridis/viridis_ubi_9.3.sh,https://github.com/cran/viridis
v/viridislite,viridislite,0.4.2,r,,v/viridislite/viridislite_ubi_9.3.sh,https://github.com/cran/viridisLite
v/vision,vision,v0.16.2,python,,v/vision/vision_ubi_9.3.sh,https://github.com/pytorch/vision
v/vividcortex__gohistogram,vividcortex__gohistogram,v1.0.0,go,,v/vividcortex__gohistogram/vividcortex__gohistogram_rhel_8.3.sh,https://github.com/vividcortex/gohistogram
v/vllm,vllm,v0.10.0,python,,v/vllm/vllm_v0.10.0_ubi_9.3.sh,https://github.com/vllm-project/vllm.git
v/votingapi_widgets,votingapi_widgets,8.x-1.x,php,,v/votingapi_widgets/votingapi_widgets_ubi_8.5.sh,https://git.drupalcode.org/project/votingapi_widgets.git
v/vroom,vroom,1.6.5,r,,v/vroom/vroom_ubi_9.3.sh,https://github.com/cran/vroom.git
w/waldo,waldo,0.5.2,r,,w/waldo/waldo_ubi_9.3.sh,https://github.com/cran/waldo
w/warnings.v0,warnings.v0,${1:-,go,,w/warnings.v0/warnings.v0_ubi_8.5.sh,https://github.com/go-warnings/warnings
w/wazuh,wazuh,3.8.2,node,,w/wazuh/wazuh_api_3.8.2_rhel_7.6.sh,https://github.com/wazuh/wazuh.git
w/wazuh,wazuh,3.8.2,node,,w/wazuh/wazuh_api_3.8.2_ubuntu_18.04.sh,https://github.com/wazuh/wazuh.git
w/wazuh,wazuh,3.9.1,node,,w/wazuh/wazuh_api_3.9.1_rhel_7.6.sh,https://github.com/wazuh/wazuh.git
w/wazuh,wazuh,3.8.2,java,,w/wazuh/wazuh_3.8.2_rhel_7.6.sh,https://github.com/wazuh/wazuh.git
w/webflo_drupal-finder,webflo_drupal-finder,1.2.2,php,,w/webflo_drupal-finder/webflo_drupal-finder_ubi_8.5.sh,https://github.com/webflo/drupal-finder
w/webob,webob,v1.8.7,python,,w/webob/webob_ubi_8.5.sh,https://files.pythonhosted.org/packages/c7/45/ee5f034fb4ebe3236fa49e5a4fcbc54444dd22ecf33079cf56f9606d479d/WebOb-1.8.7.tar.gz
w/websocket,websocket,v1.8.4,go,,w/websocket/websocket_ubi_8.5.sh,https://github.com/nhooyr/websocket
w/werkzeug,werkzeug,1.0.1,python,,w/werkzeug/werkzeug_ubi_8.5.sh,https://github.com/pallets/werkzeug
w/werkzeug,werkzeug,master,node,,w/werkzeug/werkzeug_rhel_7.6.sh,https://github.com/jarends/werkzeug.git
w/win-inet-pton,win-inet-pton,1.1.0,python,,w/win-inet-pton/win-inet-pton_rhel_8.3.sh,https://github.com/hickeroar/win_inet_pton
w/withr,withr,3.0.1,r,,w/withr/withr_ubi_9.3.sh,https://github.com/cran/withr.git
w/ws-xmlschema,ws-xmlschema,xmlschema-2.2.2,java,,w/ws-xmlschema/ws-xmlschema_ubi_8.5.sh,https://github.com/apache/ws-xmlschema.git
x/exp,exp,b0d78118,go,,x/exp/x_exp_ubi_8.5.sh,https://go.googlesource.com/exp
x/image,image,c73c2afc3b81,go,,x/image/x_image_ubi_8.5.sh,https://go.googlesource.com/image
x/xalan-j,xalan-j,xalan-j_2_7_2,java,,x/xalan-j/xalan-j_v2.7.2_ubuntu_18.04.sh,https://github.com/apache/xalan-j
x/xebia-servlet-extras,xebia-servlet-extras,xebia-servlet-extras-1.0.8,java,,x/xebia-servlet-extras/xebia-servlet-extras_ubi_8.5.sh,https://github.com/xebia-france/xebia-servlet-extras.git
x/xeipuuv__gojsonpointer,xeipuuv__gojsonpointer,6fe8760cad3569743d51ddbb243b26f8456742dc,go,,x/xeipuuv__gojsonpointer/xeipuuv__gojsonpointer_rhel_8.3.sh,https://github.com/xeipuuv/gojsonpointer
x/xeipuuv__gojsonpointer,xeipuuv__gojsonpointer,02993c407bfbf5f6dae44c4f4b1cf6a39b5fc5bb,go,,x/xeipuuv__gojsonpointer/xeipuuv_gojsonpointer_ubi_8.5.sh,https://github.com/xeipuuv/gojsonpointer
x/xeipuuv__gojsonreference,xeipuuv__gojsonreference,e02fc20de94c78484cd5ffb007f8af96be030a45,go,,x/xeipuuv__gojsonreference/xeipuuv__gojsonreference_rhel_8.3.sh,https://github.com/xeipuuv/gojsonreference
x/xeipuuv__gojsonreference,xeipuuv__gojsonreference,bd5ef7bd5415a7ac448318e64f11a24cd21e594b,go,,x/xeipuuv__gojsonreference/xeipuuv_gojsonreference_ubi_8.5.sh,https://github.com/xeipuuv/gojsonreference
x/xeipuuv__gojsonschema,xeipuuv__gojsonschema,v1.2.0,go,,x/xeipuuv__gojsonschema/xeipuuv__gojsonschema_rhel_8.3.sh,https://github.com/xeipuuv/gojsonschema
x/xerces2-j,xerces2-j,Xerces-J_2_10_0,java,,x/xerces2-j/xerces2-j_2.10.0_ubi_8.4.sh,https://github.com/apache/xerces2-j
x/xformers,xformers,v0.0.29,python,,x/xformers/xformers_ubi_9_3.sh,https://github.com/facebookresearch/xformers.git
x/xi2__xz,xi2__xz,48954b6210f8d154cb5f8484d3a3e1f83489309e,go,,x/xi2__xz/xi2__xz_rhel_8.3.sh,https://github.com/xi2/xz
x/xi2__xz,xi2__xz,48954b6210f8d154cb5f8484d3a3e1f83489309e,go,,x/xi2__xz/xi2__xz_ubi_8.5.sh,https://github.com/xi2/xz
x/xiang90__probing,xiang90__probing,07dd2e8dfe18522e9c447ba95f2fe95262f63bb2,go,,x/xiang90__probing/xiang90__probing_rhel_8.3.sh,https://github.com/xiang90/probing
x/xiang90__probing,xiang90__probing,07dd2e8dfe18522e9c447ba95f2fe95262f63bb2,go,,x/xiang90__probing/xiang90__probing_ubi_8.5.sh,https://github.com/xiang90/probing
x/xml-path,xml-path,rest-assured-3.3.0,java,,x/xml-path/xmlpath_ubi_8_5.sh,https://github.com/rest-assured/rest-assured.git
x/xmlbeans,xmlbeans,REL_5_0_2,java,,x/xmlbeans/xmlbeans_ubi_8.5.sh,https://github.com/apache/xmlbeans.git
x/xtgo__uuid,xtgo__uuid,a0b114877d4caeffbd7f87e3757c17fce570fea7,go,,x/xtgo__uuid/xtgo__uuid_rhel_8.3.sh,https://github.com/xtgo/uuid
x/xtgo__uuid,xtgo__uuid,a0b114877d4caeffbd7f87e3757c17fce570fea7,go,,x/xtgo__uuid/xtgo_uuid_ubi_8.5.sh,https://github.com/xtgo/uuid
y/yaml,yaml,670d4cfef05,go,,y/yaml/yaml_670d4cfef05_ubi_8.5.sh,https://github.com/go-yaml/yaml
y/yaml,yaml,master,go,,y/yaml/yaml_master_UBI_8.5.sh,https://github.com/go-yaml/yaml
y/yaml,yaml,v2.2.8,go,,y/yaml/yaml_ubi_8.5.sh,https://github.com/go-yaml/yaml.git
y/yaml,yaml,v1.10.0,node,,y/yaml/yaml_rhel_7.6.sh,https://github.com/eemeli/yaml.git
y/yaml,yaml,"v2.4.0,v2.3.0",go,,y/yaml/yaml_ubi_8.4.sh,https://github.com/go-yaml/yaml
z/zaproxy,zaproxy,v2.14.0,java,,z/zaproxy/zaproxy_ubi_8.7.sh,https://github.com/zaproxy/zaproxy.git
z/zip,zip,2.3.1,r,,z/zip/zip_ubi_9.3.sh,https://github.com/cran/zip
z/zipkin-go,zipkin-go,v0.2.2,go,,z/zipkin-go/github.com__openzipkin__zipkin-go_rhel_8.3.sh,https://github.com/openzipkin/zipkin-go
z/zipkin-go,zipkin-go,v0.4.2,go,,z/zipkin-go/zipkin-go_ubi_8.7.sh,https://github.com/openzipkin/zipkin-go
z/zipstream_php,zipstream_php,2.1.0,php,,z/zipstream_php/zipstream-php_2.1.0_rhel_8.4.sh,https://github.com/maennchen/ZipStream-PHP
z/zoo,zoo,1.8-12,r,,z/zoo/zoo_ubi_9.3.sh,https://github.com/cran/zoo.git
z/zstd-jni,zstd-jni,master,java,,z/zstd-jni/rhel79/build.sh,https://github.com/luben/zstd-jni
z/zxcvbn-go,zxcvbn-go,ae427f1e4c1d,go,,z/zxcvbn-go/zxcvbn-go_ubi_8.5.sh,https://github.com/nbutton23/zxcvbn-go.git
a/abbrev,abbrev,1.1.1,node,,a/abbrev/abbrev_rhel_8.3.sh,https://github.com/isaacs/abbrev-js
a/abstract-logging,abstract-logging,2.0.1,node,,a/abstract-logging/abstract-logging_rhel_8.3.sh,https://github.com/jsumners/abstract-logging
a/acorn-globals,acorn-globals,4.3.4,node,,a/acorn-globals/acorn-globals_rhel_8.3.sh,https://github.com/ForbesLindesay/acorn-globals
a/acorn-jsx,acorn-jsx,5.3.1,node,,a/acorn-jsx/acorn-jsx_rhel_8.3.sh,https://github.com/acornjs/acorn-jsx
a/adal-node,adal-node,0.1.28,node,,a/adal-node/adal-node_rhel_8.3.sh,https://github.com/AzureAD/azure-activedirectory-library-for-nodejs
a/agent-base,agent-base,4.3.0,node,,a/agent-base/agent-base_rhel_8.3.sh,https://github.com/TooTallNate/node-agent-base
a/agent-base,agent-base,6.0.2,node,,a/agent-base/agent-base_ubi_8.5.sh,https://github.com/TooTallNate/node-agent-base
a/agent-base,agent-base,6.0.0,node,,a/agent-base/agent_base_rhel_7.6.sh,https://github.com/TooTallNate/node-agent-base
a/aggregate-error,aggregate-error,3.1.0,node,,a/aggregate-error/aggregate-error_rhel_8.3.sh,https://github.com/sindresorhus/aggregate-error
a/ajv-keywords,ajv-keywords,3.5.2,node,,a/ajv-keywords/ajv-keywords_rhel_8.3.sh,https://github.com/epoberezkin/ajv-keywords
a/align-text,align-text,0.1.4,node,,a/align-text/align-text_rhel_8.3.sh,https://github.com/jonschlinkert/align-text
a/alter,alter,0.2.0,node,,a/alter/alter_rhel_8.3.sh,https://github.com/olov/alter
a/ampretia__x509,ampretia__x509,0.4.8,node,,a/ampretia__x509/ampretia__x509_rhel_8.3.sh,https://github.com/ampretia/node-x509
a/anser,anser,1.4.1,node,,a/anser/anser_rhel_8.3.sh,https://github.com/IonicaBizau/anser
a/ansi-align,ansi-align,2.0.0,node,,a/ansi-align/ansi-align_rhel_8.3.sh,https://github.com/nexdrew/ansi-align
a/ansi-bgblack,ansi-bgblack,0.1.1,node,,a/ansi-bgblack/ansi-bgblack_rhel_8.3.sh,https://github.com/jonschlinkert/ansi-bgblack
a/ansi-bgblue,ansi-bgblue,0.1.1,node,,a/ansi-bgblue/ansi-bgblue_rhel_8.3.sh,https://github.com/jonschlinkert/ansi-bgblue
a/ansi-bgcyan,ansi-bgcyan,0.1.1,node,,a/ansi-bgcyan/ansi-bgcyan_rhel_8.3.sh,https://github.com/jonschlinkert/ansi-bgcyan
a/ansi-bggreen,ansi-bggreen,0.1.1,node,,a/ansi-bggreen/ansi-bggreen_rhel_8.3.sh,https://github.com/jonschlinkert/ansi-bggreen
a/ansi-bgmagenta,ansi-bgmagenta,0.1.1,node,,a/ansi-bgmagenta/ansi-bgmagenta_rhel_8.3.sh,https://github.com/jonschlinkert/ansi-bgmagenta
a/ansi-bgred,ansi-bgred,0.1.1,node,,a/ansi-bgred/ansi-bgred_rhel_8.3.sh,https://github.com/jonschlinkert/ansi-bgred
a/ansi-bgwhite,ansi-bgwhite,0.1.1,node,,a/ansi-bgwhite/ansi-bgwhite_rhel_8.3.sh,https://github.com/jonschlinkert/ansi-bgwhite
a/ansi-bgyellow,ansi-bgyellow,0.1.1,node,,a/ansi-bgyellow/ansi-bgyellow_rhel_8.3.sh,https://github.com/jonschlinkert/ansi-bgyellow
a/ansi-black,ansi-black,0.1.1,node,,a/ansi-black/ansi-black_rhel_8.3.sh,https://github.com/jonschlinkert/ansi-black
a/ansi-blue,ansi-blue,0.1.1,node,,a/ansi-blue/ansi-blue_rhel_8.3.sh,https://github.com/jonschlinkert/ansi-blue
a/ansi-colors,ansi-colors,4.1.1,node,,a/ansi-colors/ansi-colors_rhel_8.3.sh,https://github.com/doowb/ansi-colors
a/ansi-cyan,ansi-cyan,0.1.1,node,,a/ansi-cyan/ansi-cyan_rhel_8.3.sh,https://github.com/jonschlinkert/ansi-cyan
a/ansi-dim,ansi-dim,0.1.1,node,,a/ansi-dim/ansi-dim_rhel_8.3.sh,https://github.com/jonschlinkert/ansi-dim
a/ansi-gray,ansi-gray,0.1.1,node,,a/ansi-gray/ansi-gray_rhel_8.3.sh,https://github.com/jonschlinkert/ansi-gray
a/ansi-green,ansi-green,0.1.1,node,,a/ansi-green/ansi-green_rhel_8.3.sh,https://github.com/jonschlinkert/ansi-green
a/ansi-grey,ansi-grey,0.1.1,node,,a/ansi-grey/ansi-grey_rhel_8.3.sh,https://github.com/jonschlinkert/ansi-grey
a/ansi-hidden,ansi-hidden,0.1.1,node,,a/ansi-hidden/ansi-hidden_rhel_8.3.sh,https://github.com/jonschlinkert/ansi-hidden
a/ansi-inverse,ansi-inverse,0.1.1,node,,a/ansi-inverse/ansi-inverse_rhel_8.3.sh,https://github.com/jonschlinkert/ansi-inverse
a/ansi-italic,ansi-italic,0.1.1,node,,a/ansi-italic/ansi-italic_rhel_8.3.sh,https://github.com/jonschlinkert/ansi-italic
a/ansi-magenta,ansi-magenta,0.1.1,node,,a/ansi-magenta/ansi-magenta_rhel_8.3.sh,https://github.com/jonschlinkert/ansi-magenta
a/ansi-red,ansi-red,0.1.1,node,,a/ansi-red/ansi-red_rhel_8.3.sh,https://github.com/jonschlinkert/ansi-red
a/ansi-reset,ansi-reset,0.1.1,node,,a/ansi-reset/ansi-reset_rhel_8.3.sh,https://github.com/jonschlinkert/ansi-reset
a/ansi-strikethrough,ansi-strikethrough,0.1.1,node,,a/ansi-strikethrough/ansi-strikethrough_rhel_8.3.sh,https://github.com/jonschlinkert/ansi-strikethrough
a/ansi-styles,ansi-styles,4.3.0,node,,a/ansi-styles/ansi-styles_rhel_8.3.sh,https://github.com/chalk/ansi-styles
a/ansi-underline,ansi-underline,0.1.1,node,,a/ansi-underline/ansi-underline_rhel_8.3.sh,https://github.com/jonschlinkert/ansi-underline
a/ansi-white,ansi-white,0.1.1,node,,a/ansi-white/ansi-white_rhel_8.3.sh,https://github.com/jonschlinkert/ansi-white
a/ansi-yellow,ansi-yellow,0.1.1,node,,a/ansi-yellow/ansi-yellow_rhel_8.3.sh,https://github.com/jonschlinkert/ansi-yellow
a/ansicolors,ansicolors,0.3.2,node,,a/ansicolors/ansicolors_rhel_8.3.sh,https://github.com/thlorenz/ansicolors
a/ansicolors,ansicolors,0.3.2,node,,a/ansicolors/ansicolors_ubuntu_18.04.sh,https://github.com/thlorenz/ansicolors.git
a/ansistyles,ansistyles,0.1.3,node,,a/ansistyles/ansistyles_rhel_8.3.sh,https://github.com/thlorenz/ansistyles
a/anymatch,anymatch,3.1.2,node,,a/anymatch/anymatch_rhel_8.3.sh,https://github.com/micromatch/anymatch
a/apidevtools__swagger-methods,apidevtools__swagger-methods,3.0.2,node,,a/apidevtools__swagger-methods/apidevtools__swagger-methods_rhel_8.3.sh,https://github.com/APIDevTools/swagger-methods
a/app-builder,app-builder,5.2.0,node,,a/app-builder/app-builder_rhel_8.3.sh,https://github.com/calebboyd/app-builder
a/app-root-path,app-root-path,2.2.1,node,,a/app-root-path/app-root-path_rhel_8.3.sh,https://github.com/inxilpro/node-app-root-path
a/append-field,append-field,1.0.0,node,,a/append-field/append-field_rhel_8.3.sh,https://github.com/LinusU/node-append-field
a/append-transform,append-transform,2.0.0,node,,a/append-transform/append-transform_rhel_8.3.sh,https://github.com/istanbuljs/append-transform
a/aproba,aproba,2.0.0,node,,a/aproba/aproba_rhel_8.3.sh,https://github.com/iarna/aproba
a/aproba,aproba,2.0.0,node,,a/aproba/aproba_ubuntu_18.04.sh,https://github.com/iarna/aproba.git
a/archiver-utils,archiver-utils,1.3.0,node,,a/archiver-utils/archiver-utils_rhel_8.3.sh,https://github.com/archiverjs/archiver-utils
a/are-we-there-yet,are-we-there-yet,1.1.4,node,,a/are-we-there-yet/are-we-there-yet_rhel_8.3.sh,https://github.com/iarna/are-we-there-yet
a/arity-n,arity-n,1.0.4,node,,a/arity-n/arity-n_rhel_8.3.sh,http://github.com/stoeffel/arityN
a/arr-diff,arr-diff,4.0.0,node,,a/arr-diff/arr-diff_rhel_8.3.sh,https://github.com/jonschlinkert/arr-diff
a/arr-filter,arr-filter,1.1.2,node,,a/arr-filter/arr-filter_rhel_8.3.sh,https://github.com/jonschlinkert/arr-filter
a/arr-flatten,arr-flatten,1.1.0,node,,a/arr-flatten/arr-flatten_rhel_8.3.sh,https://github.com/jonschlinkert/arr-flatten
a/arr-swap,arr-swap,1.0.1,node,,a/arr-swap/arr-swap_rhel_8.3.sh,https://github.com/jonschlinkert/arr-swap
a/arr-union,arr-union,3.1.0,node,,a/arr-union/arr-union_rhel_8.3.sh,https://github.com/jonschlinkert/arr-union
a/array-differ,array-differ,3.0.0,node,,a/array-differ/array-differ_rhel_8.3.sh,https://github.com/sindresorhus/array-differ
a/array-each,array-each,1.0.1,node,,a/array-each/array-each_rhel_8.3.sh,https://github.com/jonschlinkert/array-each
a/array-filter,array-filter,0.0.1,node,,a/array-filter/array-filter_rhel_8.3.sh,https://github.com/juliangruber/array-filter
a/array-flatten,array-flatten,2.1.2,node,,a/array-flatten/array-flatten_rhel_8.3.sh,https://github.com/blakeembrey/array-flatten
a/array-includes,array-includes,3.1.3,node,,a/array-includes/array-includes_rhel_8.3.sh,https://github.com/es-shims/array-includes
a/array-map,array-map,0.0.0,node,,a/array-map/array-map_rhel_8.3.sh,https://github.com/substack/array-map
a/array-reduce,array-reduce,0.0.0,node,,a/array-reduce/array-reduce_rhel_8.3.sh,https://github.com/substack/array-reduce
a/array-slice,array-slice,1.1.0,node,,a/array-slice/array-slice_rhel_8.3.sh,https://github.com/jonschlinkert/array-slice
a/array-sort,array-sort,0.1.4,node,,a/array-sort/array-sort_rhel_8.3.sh,https://github.com/jonschlinkert/array-sort
a/array-uniq,array-uniq,1.0.2,node,,a/array-uniq/array-uniq_rhel_8.3.sh,https://github.com/sindresorhus/array-uniq
a/array-unique,array-unique,0.3.2,node,,a/array-unique/array-unique_rhel_8.3.sh,https://github.com/jonschlinkert/array-unique
a/array.prototype.flat,array.prototype.flat,1.2.4,node,,a/array.prototype.flat/array.prototype.flat_rhel_8.3.sh,https://github.com/es-shims/Array.prototype.flat
a/asap,asap,2.0.5,node,,a/asap/asap_rhel_8.3.sh,https://github.com/kriskowal/asap
a/asn1,asn1,0.2.4,node,,a/asn1/asn1_rhel_8.3.sh,https://github.com/joyent/node-asn1
a/asn1,asn1,0.2.4,node,,a/asn1/asn1_rhel_7.6.sh,https://github.com/joyent/node-asn1
a/asn1.js,asn1.js,5.4.1,node,,a/asn1.js/asn1.js_rhel_8.3.sh,https://github.com/indutny/asn1.js
a/asn1js,asn1js,1.2.12,node,,a/asn1js/asn1js_rhel_8.3.sh,https://github.com/PeculiarVentures/asn1.js
a/assert-plus,assert-plus,1.0.0,node,,a/assert-plus/assert-plus_rhel_8.3.sh,https://github.com/mcavage/node-assert-plus
a/assertion-error,assertion-error,1.1.0,node,,a/assertion-error/assertion-error_rhel_8.3.sh,https://github.com/chaijs/assertion-error
a/assign-symbols,assign-symbols,1.0.0,node,,a/assign-symbols/assign-symbols_rhel_8.3.sh,https://github.com/jonschlinkert/assign-symbols
a/astral-regex,astral-regex,2.0.0,node,,a/astral-regex/astral-regex_rhel_8.3.sh,https://github.com/kevva/astral-regex
a/async-hook-jl,async-hook-jl,1.7.6,node,,a/async-hook-jl/async-hook-jl_rhel_8.3.sh,https://github.com/jeff-lewis/async-hook-jl
a/async-limiter,async-limiter,1.0.1,node,,a/async-limiter/async-limiter_rhel_8.3.sh,https://github.com/strml/async-limiter
a/asyncapi__avro-schema-parser,asyncapi__avro-schema-parser,0.2.1,node,,a/asyncapi__avro-schema-parser/asyncapi__avro-schema-parser_rhel_8.3.sh,https://github.com/asyncapi/avro-schema-parser
a/asyncapi__openapi-schema-parser,asyncapi__openapi-schema-parser,2.0.1,node,,a/asyncapi__openapi-schema-parser/asyncapi__openapi-schema-parser_rhel_8.3.sh,https://github.com/asyncapi/openapi-schema-parser
a/asyncapi__specs,asyncapi__specs,2.7.7,node,,a/asyncapi__specs/asyncapi__specs_rhel_8.3.sh,https://github.com/asyncapi/asyncapi-node
a/at-least-node,at-least-node,1.0.0,node,,a/at-least-node/at-least-node_rhel_8.3.sh,https://github.com/RyanZim/at-least-node
a/avvio,avvio,7.2.0,node,,a/avvio/avvio_rhel_8.3.sh,https://github.com/fastify/avvio
a/aws4,aws4,1.11.0,node,,a/aws4/aws4_rhel_8.3.sh,https://github.com/mhart/aws4
b/babel-plugin-dev-expression,babel-plugin-dev-expression,0.2.2,node,,b/babel-plugin-dev-expression/babel-plugin-dev-expression_rhel_8.3.sh,https://github.com/4Catalyzer/babel-plugin-dev-expression
b/babel-plugin-istanbul,babel-plugin-istanbul,5.2.0,node,,b/babel-plugin-istanbul/babel-plugin-istanbul_rhel_8.3.sh,https://github.com/istanbuljs/babel-plugin-istanbul
b/babel-plugin-transform-react-remove-prop-types,babel-plugin-transform-react-remove-prop-types,0.4.24,node,,b/babel-plugin-transform-react-remove-prop-types/babel-plugin-transform-react-remove-prop-types_rhel_8.3.sh,https://github.com/oliviertassinari/babel-plugin-transform-react-remove-prop-types
b/babel-preset-current-node-syntax,babel-preset-current-node-syntax,0.1.4,node,,b/babel-preset-current-node-syntax/babel-preset-current-node-syntax_rhel_8.3.sh,https://github.com/nicolo-ribaudo/babel-preset-current-node-syntax
b/bail,bail,1.0.5,node,,b/bail/bail_rhel_8.3.sh,https://github.com/wooorm/bail
b/base,base,0.11.2,node,,b/base/base_rhel_8.3.sh,https://github.com/node-base/base
b/base62,base62,1.2.8,node,,b/base62/base62_rhel_8.3.sh,https://github.com/base62/base62.js
b/base64-js,base64-js,1.0.0,node,,b/base64-js/base64-js_rhel_8.3.sh,https://github.com/beatgammit/base64-js
b/basic-auth,basic-auth,1.1.0,node,,b/basic-auth/basic-auth_rhel_8.3.sh,https://github.com/jshttp/basic-auth
b/big.js,big.js,5.2.2,node,,b/big.js/big.js_rhel_8.3.sh,https://github.com/MikeMcl/big.js
b/bignumber.js,bignumber.js,9.0.1,node,,b/bignumber.js/bignumber.js_rhel_8.3.sh,https://github.com/MikeMcl/bignumber.js
b/bin-links,bin-links,1.1.8,node,,b/bin-links/bin-links_rhel_8.3.sh,https://github.com/npm/bin-links
b/binary,binary,0.3.0,node,,b/binary/binary_rhel_8.3.sh,https://github.com/substack/node-binary
b/binary-extensions,binary-extensions,1.13.1,node,,b/binary-extensions/binary-extensions_rhel_8.3.sh,https://github.com/sindresorhus/binary-extensions
b/binaryextensions,binaryextensions,2.3.0,node,,b/binaryextensions/binaryextensions_rhel_8.3.sh,https://github.com/bevry/binaryextensions
b/binaryextensions,binaryextensions,2.2.0,node,,b/binaryextensions/binaryextensions_ubi_8.3.sh,https://github.com/bevry/binaryextensions
b/bl,bl,3.0.1,node,,b/bl/bl_rhel_8.3.sh,https://github.com/rvagg/bl
b/block-stream,block-stream,0.0.9,node,,b/block-stream/block-stream_rhel_8.3.sh,https://github.com/isaacs/block-stream
b/bluebird,bluebird,3.5.1,node,,b/bluebird/bluebird_rhel_8.3.sh,https://github.com/petkaantonov/bluebird
b/bluebird,bluebird,3.5.1,node,,b/bluebird/bluebird_ubuntu_18.04.sh,https://github.com/petkaantonov/bluebird.git
b/bn.js,bn.js,5.2.0,node,,b/bn.js/bn.js_rhel_8.3.sh,https://github.com/indutny/bn.js
b/bonjour,bonjour,3.5.0,node,,b/bonjour/bonjour_rhel_8.3.sh,https://github.com/watson/bonjour
b/bops,bops,0.0.7,node,,b/bops/bops_rhel_8.3.sh,https://github.com/chrisdickinson/bops
b/brace-expansion,brace-expansion,1.1.8,node,,b/brace-expansion/brace-expansion_rhel_8.3.sh,https://github.com/juliangruber/brace-expansion
b/brcast,brcast,3.0.1,node,,b/brcast/brcast_rhel_8.3.sh,https://github.com/vesparny/brcast
b/breakable,breakable,1.0.0,node,,b/breakable/breakable_rhel_8.3.sh,https://github.com/olov/breakable
b/bresenham,bresenham,0.0.3,node,,b/bresenham/bresenham_rhel_8.3.sh,https://github.com/madbence/node-bresenham
b/brorand,brorand,1.1.0,node,,b/brorand/brorand_rhel_8.3.sh,https://github.com/indutny/brorand
b/browser-resolve,browser-resolve,1.11.3,node,,b/browser-resolve/browser-resolve_rhel_8.3.sh,https://github.com/browserify/browser-resolve
b/browserify-cipher,browserify-cipher,1.0.1,node,,b/browserify-cipher/browserify-cipher_rhel_8.3.sh,https://github.com/crypto-browserify/browserify-cipher
b/browserify-des,browserify-des,1.0.2,node,,b/browserify-des/browserify-des_rhel_8.3.sh,https://github.com/crypto-browserify/browserify-des
b/browserify-rsa,browserify-rsa,4.1.0,node,,b/browserify-rsa/browserify-rsa_rhel_8.3.sh,https://github.com/crypto-browserify/browserify-rsa
b/browserify-sign,browserify-sign,4.2.1,node,,b/browserify-sign/browserify-sign_rhel_8.3.sh,https://github.com/crypto-browserify/browserify-sign
b/bser,bser,${1:-,node,,b/bser/bser_ubi_8.5.sh,https://github.com/facebook/watchman
b/buffer-alloc,buffer-alloc,1.2.0,node,,b/buffer-alloc/buffer-alloc_rhel_8.3.sh,https://github.com/LinusU/buffer-alloc
b/buffer-alloc-unsafe,buffer-alloc-unsafe,1.1.0,node,,b/buffer-alloc-unsafe/buffer-alloc-unsafe_rhel_8.3.sh,https://github.com/LinusU/buffer-alloc-unsafe
b/buffer-crc32,buffer-crc32,0.2.13,node,,b/buffer-crc32/buffer-crc32_rhel_8.3.sh,https://github.com/brianloveswords/buffer-crc32
b/buffer-equal-constant-time,buffer-equal-constant-time,1.0.1,node,,b/buffer-equal-constant-time/buffer-equal-constant-time_rhel_8.3.sh,https://github.com/goinstant/buffer-equal-constant-time
b/buffer-from,buffer-from,1.0.0,node,,b/buffer-from/buffer-from_rhel_8.3.sh,https://github.com/LinusU/buffer-from
b/buffer-indexof,buffer-indexof,1.1.1,node,,b/buffer-indexof/buffer-indexof_rhel_8.3.sh,https://github.com/soldair/node-buffer-indexof
b/buffer-indexof-polyfill,buffer-indexof-polyfill,1.0.2,node,,b/buffer-indexof-polyfill/buffer-indexof-polyfill_rhel_8.3.sh,https://github.com/sarosia/buffer-indexof-polyfill
b/buffer-writer,buffer-writer,2.0.0,node,,b/buffer-writer/buffer-writer_rhel_8.3.sh,https://github.com/brianc/node-buffer-writer
b/buffer-xor,buffer-xor,1.0.3,node,,b/buffer-xor/buffer-xor_rhel_8.3.sh,https://github.com/crypto-browserify/buffer-xor
b/buildmail,buildmail,4.0.1,node,,b/buildmail/buildmail_rhel_8.3.sh,https://github.com/andris9/buildmail
b/builtin-status-codes,builtin-status-codes,3.0.0,node,,b/builtin-status-codes/builtin-status-codes_rhel_8.3.sh,https://github.com/bendrucker/builtin-status-codes
b/builtins,builtins,1.0.3,node,,b/builtins/builtins_rhel_8.3.sh,https://github.com/juliangruber/builtins
b/bunyan,bunyan,1.8.15,node,,b/bunyan/bunyan_rhel_8.3.sh,https://github.com/trentm/node-bunyan
b/bunyan-prettystream,bunyan-prettystream,0.1.3,node,,b/bunyan-prettystream/bunyan-prettystream_rhel_8.3.sh,https://github.com/mrrama/node-bunyan-prettystream
b/busboy,busboy,0.2.14,node,,b/busboy/busboy_rhel_8.3.sh,https://github.com/mscdex/busboy
b/byte-size,byte-size,5.0.1,node,,b/byte-size/byte-size_rhel_8.3.sh,https://github.com/75lb/byte-size
c/cache-content-type,cache-content-type,1.0.1,node,,c/cache-content-type/cache-content-type_rhel_8.3.sh,https://github.com/node-modules/cache-content-type
c/cacheable-lookup,cacheable-lookup,5.0.4,node,,c/cacheable-lookup/cacheable-lookup_rhel_8.3.sh,https://github.com/szmarczak/cacheable-lookup
c/caching-transform,caching-transform,4.0.0,node,,c/caching-transform/caching-transform_rhel_8.3.sh,https://github.com/istanbuljs/caching-transform
c/call-limit,call-limit,1.1.0,node,,c/call-limit/call-limit_rhel_8.3.sh,https://github.com/iarna/call-limit
c/caller-path,caller-path,0.1.0,node,,c/caller-path/caller-path_rhel_8.3.sh,https://github.com/sindresorhus/caller-path
c/callsites,callsites,0.2.0,node,,c/callsites/callsites_rhel_8.3.sh,https://github.com/sindresorhus/callsites
c/camel-case,camel-case,4.1.2,node,,c/camel-case/camel-case_rhel_8.3.sh,https://github.com/blakeembrey/change-case
c/camelcase,camelcase,6.2.0,node,,c/camelcase/camelcase_rhel_8.3.sh,https://github.com/sindresorhus/camelcase
c/camelize,camelize,1.0.0,node,,c/camelize/camelize_rhel_8.3.sh,https://github.com/substack/camelize
c/caniuse-api,caniuse-api,3.0.0,node,,c/caniuse-api/caniuse-api_rhel_8.3.sh,https://github.com/nyalab/caniuse-api
c/capture-exit,capture-exit,2.0.0,node,,c/capture-exit/capture-exit_rhel_8.3.sh,https://github.com/stefanpenner/capture-exit
c/capture-stack-trace,capture-stack-trace,1.0.1,node,,c/capture-stack-trace/capture-stack-trace_rhel_8.3.sh,https://github.com/floatdrop/capture-stack-trace
c/cardinal,cardinal,2.1.1,node,,c/cardinal/cardinal_rhel_8.3.sh,https://github.com/thlorenz/cardinal
c/caseless,caseless,0.12.0,node,,c/caseless/caseless_rhel_8.3.sh,https://github.com/mikeal/caseless
c/caseless,caseless,0.12.1,node,,c/caseless/caseless_ubuntu_18.04.sh,https://github.com/mikeal/caseless.git
c/center-align,center-align,0.1.3,node,,c/center-align/center-align_rhel_8.3.sh,https://github.com/jonschlinkert/center-align
c/chai-as-promised,chai-as-promised,7.1.1,node,,c/chai-as-promised/chai-as-promised_rhel_8.3.sh,https://github.com/domenic/chai-as-promised
c/chai-things,chai-things,0.2.0,node,,c/chai-things/chai-things_rhel_8.3.sh,https://github.com/RubenVerborgh/Chai-Things
c/chain-able,chain-able,3.0.0,node,,c/chain-able/chain-able_rhel_8.3.sh,https://github.com/fluents/chain-able
c/chance,chance,1.1.7,node,,c/chance/chance_rhel_8.3.sh,https://github.com/chancejs/chancejs
c/change-case,change-case,4.1.2,node,,c/change-case/change-case_rhel_8.3.sh,https://github.com/blakeembrey/change-case
c/change-emitter,change-emitter,0.1.6,node,,c/change-emitter/change-emitter_rhel_8.3.sh,https://github.com/acdlite/change-emitter
c/character-entities-legacy,character-entities-legacy,1.1.4,node,,c/character-entities-legacy/character-entities-legacy_rhel_8.3.sh,https://github.com/wooorm/character-entities-legacy
c/cidr-regex,cidr-regex,1.0.6,node,,c/cidr-regex/cidr-regex_rhel_8.3.sh,https://github.com/silverwind/cidr-regex
c/cipher-base,cipher-base,1.0.4,node,,c/cipher-base/cipher-base_rhel_8.3.sh,https://github.com/crypto-browserify/cipher-base
c/circular-json,circular-json,0.5.9,node,,c/circular-json/circular-json_rhel_8.3.sh,https://github.com/WebReflection/circular-json
c/class-utils,class-utils,0.3.6,node,,c/class-utils/class-utils_rhel_8.3.sh,https://github.com/jonschlinkert/class-utils
c/clean-css,clean-css,4.2.3,node,,c/clean-css/clean-css_rhel_8.3.sh,https://github.com/jakubpawlowicz/clean-css
c/clean-stack,clean-stack,2.2.0,node,,c/clean-stack/clean-stack_rhel_8.3.sh,https://github.com/sindresorhus/clean-stack
c/cli-columns,cli-columns,3.1.2,node,,c/cli-columns/cli-columns_rhel_8.3.sh,https://github.com/shannonmoeller/cli-columns
c/cli-width,cli-width,3.0.0,node,,c/cli-width/cli-width_rhel_8.3.sh,https://github.com/knownasilya/cli-width
c/clone,clone,1.0.2,node,,c/clone/clone_rhel_8.3.sh,https://github.com/pvorb/node-clone
c/clone-buffer,clone-buffer,1.0.0,node,,c/clone-buffer/clone-buffer_rhel_8.3.sh,https://github.com/gulpjs/clone-buffer
c/clone-deep,clone-deep,0.2.4,node,,c/clone-deep/clone-deep_rhel_8.3.sh,https://github.com/jonschlinkert/clone-deep
c/clone-stats,clone-stats,1.0.0,node,,c/clone-stats/clone-stats_rhel_8.3.sh,https://github.com/hughsk/clone-stats
c/cloneable-readable,cloneable-readable,1.1.3,node,,c/cloneable-readable/cloneable-readable_rhel_8.3.sh,https://github.com/mcollina/cloneable-readable
c/cloudant__cloudant,cloudant__cloudant,2.4.1,node,,c/cloudant__cloudant/cloudant__cloudant_rhel_8.3.sh,https://github.com/cloudant/nodejs-cloudant
c/co,co,4.6.0,node,,c/co/co_rhel_8.3.sh,https://github.com/tj/co
c/co-from-stream,co-from-stream,0.0.0,node,,c/co-from-stream/co-from-stream_rhel_8.3.sh,https://github.com/juliangruber/co-from-stream
c/code-block-writer,code-block-writer,10.1.1,node,,c/code-block-writer/code-block-writer_rhel_8.3.sh,https://github.com/dsherret/code-block-writer
c/code-error-fragment,code-error-fragment,0.0.230,node,,c/code-error-fragment/code-error-fragment_rhel_8.3.sh,https://github.com/vtrushin/code-error-fragment
c/collapse-white-space,collapse-white-space,1.0.6,node,,c/collapse-white-space/collapse-white-space_rhel_8.3.sh,https://github.com/wooorm/collapse-white-space
c/collection-visit,collection-visit,1.0.0,node,,c/collection-visit/collection-visit_rhel_8.3.sh,https://github.com/jonschlinkert/collection-visit
c/color,color,3.1.3,node,,c/color/color_rhel_8.3.sh,https://github.com/Qix-/color
c/color-convert,color-convert,1.9.0,node,,c/color-convert/color-convert_rhel_8.3.sh,https://github.com/Qix-/color-convert
c/color-name,color-name,1.1.4,node,,c/color-name/color-name_rhel_8.3.sh,https://github.com/colorjs/color-name
c/color-string,color-string,1.5.5,node,,c/color-string/color-string_rhel_8.3.sh,https://github.com/Qix-/color-string
c/colornames,colornames,1.1.1,node,,c/colornames/colornames_rhel_8.3.sh,https://github.com/timoxley/colornames
c/combined-stream,combined-stream,1.0.6,node,,c/combined-stream/combined-stream_rhel_8.3.sh,https://github.com/felixge/node-combined-stream
c/commist,commist,1.1.0,node,,c/commist/commist_rhel_8.3.sh,https://github.com/mcollina/commist
c/common-tags,common-tags,1.8.0,node,,c/common-tags/common-tags_rhel_8.3.sh,https://github.com/declandewet/common-tags
c/commondir,commondir,0.0.1,node,,c/commondir/commondir_rhel_8.3.sh,http://github.com/substack/node-commondir
c/commoner,commoner,0.10.8,node,,c/commoner/commoner_rhel_8.3.sh,https://github.com/benjamn/commoner
c/component-clone,component-clone,0.2.2,node,,c/component-clone/component-clone_rhel_8.3.sh,https://github.com/component/clone
c/compress-commons,compress-commons,1.2.2,node,,c/compress-commons/compress-commons_rhel_8.3.sh,https://github.com/archiverjs/node-compress-commons
c/compressible,compressible,2.0.14,node,,c/compressible/compressible_rhel_8.3.sh,https://github.com/jshttp/compressible
c/compression,compression,1.7.3,node,,c/compression/compression_rhel_8.3.sh,https://github.com/expressjs/compression
c/concat-map,concat-map,0.0.1,node,,c/concat-map/concat-map_rhel_8.3.sh,https://github.com/substack/node-concat-map
c/concat-stream,concat-stream,1.6.0,node,,c/concat-stream/concat-stream_rhel_8.3.sh,https://github.com/maxogden/concat-stream
c/concat-stream,concat-stream,1.6.2,node,,c/concat-stream/concat-stream_ubuntu_18.04.sh,https://github.com/maxogden/concat-stream.git
c/config-chain,config-chain,1.1.12,node,,c/config-chain/config-chain_rhel_8.3.sh,https://github.com/dominictarr/config-chain
c/config-chain,config-chain,1.1.11,node,,c/config-chain/config-chain_ubuntu_18.04.sh,https://github.com/dominictarr/config-chain.git
c/configstore,configstore,5.0.1,node,,c/configstore/configstore_rhel_8.3.sh,https://github.com/yeoman/configstore
c/connect-history-api-fallback,connect-history-api-fallback,1.6.0,node,,c/connect-history-api-fallback/connect-history-api-fallback_rhel_8.3.sh,https://github.com/bripkens/connect-history-api-fallback
c/console-control-strings,console-control-strings,1.1.0,node,,c/console-control-strings/console-control-strings_rhel_8.3.sh,https://github.com/iarna/console-control-strings
c/contains-path,contains-path,0.1.0,node,,c/contains-path/contains-path_rhel_8.3.sh,https://github.com/jonschlinkert/contains-path
c/content-disposition,content-disposition,0.5.2,node,,c/content-disposition/content-disposition_rhel_8.3.sh,https://github.com/jshttp/content-disposition
c/content-security-policy-builder,content-security-policy-builder,2.0.0,node,,c/content-security-policy-builder/content-security-policy-builder_rhel_8.3.sh,https://github.com/helmetjs/content-security-policy-builder
c/content-type,content-type,1.0.4,node,,c/content-type/content-type_rhel_8.3.sh,https://github.com/jshttp/content-type
c/convert-source-map,convert-source-map,0.3.5,node,,c/convert-source-map/convert-source-map_rhel_8.3.sh,https://github.com/thlorenz/convert-source-map
c/copy-concurrently,copy-concurrently,1.0.5,node,,c/copy-concurrently/copy-concurrently_rhel_8.3.sh,https://github.com/npm/copy-concurrently
c/copy-descriptor,copy-descriptor,0.1.1,node,,c/copy-descriptor/copy-descriptor_rhel_8.3.sh,https://github.com/jonschlinkert/copy-descriptor
c/copy-to-clipboard,copy-to-clipboard,3.3.1,node,,c/copy-to-clipboard/copy-to-clipboard_rhel_8.3.sh,https://github.com/sudodoki/copy-to-clipboard
c/core-util-is,core-util-is,1.0.2,node,,c/core-util-is/core-util-is_rhel_8.3.sh,https://github.com/isaacs/core-util-is
c/cors,cors,2.8.5,node,,c/cors/cors_rhel_8.3.sh,https://github.com/expressjs/cors
c/crc32-stream,crc32-stream,2.0.0,node,,c/crc32-stream/crc32-stream_rhel_8.3.sh,https://github.com/archiverjs/node-crc32-stream
c/create-ecdh,create-ecdh,4.0.4,node,,c/create-ecdh/create-ecdh_rhel_8.3.sh,https://github.com/crypto-browserify/createECDH
c/create-error-class,create-error-class,3.0.2,node,,c/create-error-class/create-error-class_rhel_8.3.sh,https://github.com/floatdrop/create-error-class
c/create-frame,create-frame,1.0.0,node,,c/create-frame/create-frame_rhel_8.3.sh,https://github.com/jonschlinkert/create-frame
c/cron,cron,1.8.2,node,,c/cron/cron_rhel_8.3.sh,https://github.com/kelektiv/node-cron
c/crypto-random-string,crypto-random-string,2.0.0,node,,c/crypto-random-string/crypto-random-string_rhel_8.3.sh,https://github.com/sindresorhus/crypto-random-string
c/css,css,2.2.4,node,,c/css/css_rhel_8.3.sh,https://github.com/reworkcss/css
c/css-blank-pseudo,css-blank-pseudo,0.1.4,node,,c/css-blank-pseudo/css-blank-pseudo_rhel_8.3.sh,https://github.com/csstools/css-blank-pseudo
c/css-declaration-sorter,css-declaration-sorter,4.0.1,node,,c/css-declaration-sorter/css-declaration-sorter_rhel_8.3.sh,https://github.com/Siilwyn/css-declaration-sorter
c/css-has-pseudo,css-has-pseudo,0.10.0,node,,c/css-has-pseudo/css-has-pseudo_rhel_8.3.sh,https://github.com/csstools/css-has-pseudo
c/css-prefers-color-scheme,css-prefers-color-scheme,3.1.1,node,,c/css-prefers-color-scheme/css-prefers-color-scheme_rhel_8.3.sh,https://github.com/csstools/css-prefers-color-scheme
c/css-tree,css-tree,1.0.0-alpha.37,node,,c/css-tree/css-tree_rhel_8.3.sh,https://github.com/csstree/csstree
c/css-what,css-what,3.4.2,node,,c/css-what/css-what_rhel_8.3.sh,https://github.com/fb55/css-what
c/cssdb,cssdb,4.4.0,node,,c/cssdb/cssdb_rhel_8.3.sh,https://github.com/csstools/cssdb
c/cssesc,cssesc,3.0.0,node,,c/cssesc/cssesc_rhel_8.3.sh,https://github.com/mathiasbynens/cssesc
c/csso,csso,4.2.0,node,,c/csso/csso_rhel_8.3.sh,https://github.com/css/csso
c/cssstyle,cssstyle,1.4.0,node,,c/cssstyle/cssstyle_rhel_8.3.sh,https://github.com/jsdom/cssstyle
c/csv-generate,csv-generate,3.3.0,node,,c/csv-generate/csv-generate_rhel_8.3.sh,https://github.com/adaltas/node-csv-generate
c/csvtojson,csvtojson,2.0.10,node,,c/csvtojson/csvtojson_rhel_8.3.sh,https://github.com/Keyang/node-csvtojson
c/curry2,curry2,1.0.3,node,,c/curry2/curry2_rhel_8.3.sh,https://github.com/wilmoore/curry2.js
d/d,d,1.0.1,node,,d/d/d_rhel_8.3.sh,https://github.com/medikoo/d
d/d3-collection,d3-collection,1.0.4,node,,d/d3-collection/d3-collection_rhel_8.3.sh,https://github.com/d3/d3-collection
d/d3-queue,d3-queue,3.0.7,node,,d/d3-queue/d3-queue_rhel_8.3.sh,https://github.com/d3/d3-queue
d/d3-request,d3-request,1.0.6,node,,d/d3-request/d3-request_rhel_8.3.sh,https://github.com/d3/d3-request
d/d3-voronoi,d3-voronoi,1.1.2,node,,d/d3-voronoi/d3-voronoi_rhel_8.3.sh,https://github.com/d3/d3-voronoi
d/dabh__diagnostics,dabh__diagnostics,2.0.2,node,,d/dabh__diagnostics/dabh__diagnostics_rhel_8.3.sh,https://github.com/3rd-Eden/diagnostics
d/damerau-levenshtein,damerau-levenshtein,1.0.6,node,,d/damerau-levenshtein/damerau-levenshtein_rhel_8.3.sh,https://github.com/tad-lispy/node-damerau-levenshtein
d/dargs,dargs,6.1.0,node,,d/dargs/dargs_rhel_8.3.sh,https://github.com/sindresorhus/dargs
d/dashdash,dashdash,1.14.1,node,,d/dashdash/dashdash_rhel_8.3.sh,https://github.com/trentm/node-dashdash
d/dasherize,dasherize,2.0.0,node,,d/dasherize/dasherize_rhel_8.3.sh,https://github.com/shahata/dasherize
d/data-urls,data-urls,1.1.0,node,,d/data-urls/data-urls_rhel_8.3.sh,https://github.com/jsdom/data-urls
d/date.js,date.js,0.3.3,node,,d/date.js/date.js_rhel_8.3.sh,https://github.com/MatthewMueller/date
d/debounce,debounce,1.2.1,node,,d/debounce/debounce_rhel_8.3.sh,https://github.com/component/debounce
d/debug-log,debug-log,1.0.1,node,,d/debug-log/debug-log_rhel_8.3.sh,https://github.com/sindresorhus/debug-log
d/decamelize,decamelize,4.0.0,node,,d/decamelize/decamelize_rhel_8.3.sh,https://github.com/sindresorhus/decamelize
d/decode-uri-component,decode-uri-component,0.2.0,node,,d/decode-uri-component/decode-uri-component_rhel_8.3.sh,https://github.com/samverschueren/decode-uri-component
d/deep-diff,deep-diff,0.3.8,node,,d/deep-diff/deep-diff_rhel_8.3.sh,https://github.com/flitbit/diff
d/deep-equal,deep-equal,2.0.4,node,,d/deep-equal/deep-equal_rhel_8.3.sh,https://github.com/inspect-js/node-deep-equal
d/deep-extend,deep-extend,0.6.0,node,,d/deep-extend/deep-extend_rhel_8.3.sh,https://github.com/unclechu/node-deep-extend
d/deep-get-set,deep-get-set,0.1.1,node,,d/deep-get-set/deep-get-set_rhel_8.3.sh,https://github.com/acstll/deep-get-set
d/deep-is,deep-is,0.1.3,node,,d/deep-is/deep-is_rhel_8.3.sh,http://github.com/thlorenz/deep-is
d/deepmerge,deepmerge,4.2.2,node,,d/deepmerge/deepmerge_rhel_8.3.sh,https://github.com/TehShrike/deepmerge
d/default-compare,default-compare,1.0.0,node,,d/default-compare/default-compare_rhel_8.3.sh,https://github.com/doowb/default-compare
d/defaults,defaults,1.0.3,node,,d/defaults/defaults_rhel_8.3.sh,https://github.com/tmpvar/defaults
d/defer-to-connect,defer-to-connect,2.0.1,node,,d/defer-to-connect/defer-to-connect_rhel_8.3.sh,https://github.com/szmarczak/defer-to-connect
d/defer-to-connect,defer-to-connect,1.1.0,node,,d/defer-to-connect/defer-to-connect_ubi8.sh,https://github.com/szmarczak/defer-to-connect
d/define-property,define-property,2.0.2,node,,d/define-property/define-property_rhel_8.3.sh,https://github.com/jonschlinkert/define-property
d/defined,defined,1.0.0,node,,d/defined/defined_rhel_8.3.sh,https://github.com/substack/defined
d/defs,defs,1.1.1,node,,d/defs/defs_rhel_8.3.sh,https://github.com/olov/defs
d/del,del,4.1.1,node,,d/del/del_rhel_8.3.sh,https://github.com/sindresorhus/del
d/delayed-stream,delayed-stream,1.0.0,node,,d/delayed-stream/delayed-stream_rhel_8.3.sh,https://github.com/felixge/node-delayed-stream
d/denque,denque,1.5.0,node,,d/denque/denque_rhel_8.3.sh,https://github.com/invertase/denque
d/depd,depd,1.1.1,node,,d/depd/depd_rhel_8.3.sh,https://github.com/dougwilson/nodejs-depd
d/deref,deref,0.7.6,node,,d/deref/deref_rhel_8.3.sh,https://github.com/json-schema-faker/deref
d/des.js,des.js,1.0.1,node,,d/des.js/des.js_rhel_8.3.sh,https://github.com/indutny/des.js
d/destroy,destroy,1.0.4,node,,d/destroy/destroy_rhel_8.3.sh,https://github.com/stream-utils/destroy
d/detect-conflict,detect-conflict,1.0.1,node,,d/detect-conflict/detect-conflict_rhel_8.3.sh,https://github.com/SBoudrias/detect-conflict
d/detect-file,detect-file,1.0.0,node,,d/detect-file/detect-file_rhel_8.3.sh,https://github.com/doowb/detect-file
d/detect-newline,detect-newline,3.1.0,node,,d/detect-newline/detect-newline_rhel_8.3.sh,https://github.com/sindresorhus/detect-newline
d/detect-port-alt,detect-port-alt,1.1.6,node,,d/detect-port-alt/detect-port-alt_rhel_8.3.sh,https://github.com/node-modules/detect-port
d/detective,detective,4.7.1,node,,d/detective/detective_rhel_8.3.sh,https://github.com/browserify/detective
d/dezalgo,dezalgo,1.0.3,node,,d/dezalgo/dezalgo_rhel_8.3.sh,https://github.com/npm/dezalgo
d/dezalgo,dezalgo,1.0.3,node,,d/dezalgo/dezalgo_ubuntu_18.04.sh,https://github.com/npm/dezalgo.git
d/diagnostics,diagnostics,1.1.1,node,,d/diagnostics/diagnostics_rhel_8.3.sh,https://github.com/3rd-Eden/diagnostics
d/dicer,dicer,0.2.5,node,,d/dicer/dicer_rhel_8.3.sh,https://github.com/mscdex/dicer
d/difunc,difunc,0.0.4,node,,d/difunc/difunc_rhel_8.3.sh,https://github.com/kogosoftwarellc/js-difunc
d/dir-glob,dir-glob,3.0.1,node,,d/dir-glob/dir-glob_rhel_8.3.sh,https://github.com/kevva/dir-glob
d/dns-equal,dns-equal,1.0.0,node,,d/dns-equal/dns-equal_rhel_8.3.sh,https://github.com/watson/dns-equal
d/dns-packet,dns-packet,1.3.1,node,,d/dns-packet/dns-packet_rhel_8.3.sh,https://github.com/mafintosh/dns-packet
d/dns-prefetch-control,dns-prefetch-control,0.1.0,node,,d/dns-prefetch-control/dns-prefetch-control_rhel_8.3.sh,https://github.com/helmetjs/dns-prefetch-control
d/dns-txt,dns-txt,2.0.2,node,,d/dns-txt/dns-txt_rhel_8.3.sh,https://github.com/watson/dns-txt
d/doctrine,doctrine,1.5.0,node,,d/doctrine/doctrine_rhel_8.3.sh,https://github.com/eslint/doctrine
d/dom-converter,dom-converter,0.2.0,node,,d/dom-converter/dom-converter_rhel_8.3.sh,https://github.com/AriaMinaei/dom-converter
d/dom-serializer,dom-serializer,1.2.0,node,,d/dom-serializer/dom-serializer_rhel_8.3.sh,https://github.com/cheeriojs/dom-renderer
d/domain-browser,domain-browser,1.2.0,node,,d/domain-browser/domain-browser_rhel_8.3.sh,https://github.com/bevry/domain-browser
d/domutils,domutils,2.4.4,node,,d/domutils/domutils_rhel_8.3.sh,https://github.com/fb55/domutils
d/dont-sniff-mimetype,dont-sniff-mimetype,1.0.0,node,,d/dont-sniff-mimetype/dont-sniff-mimetype_rhel_8.3.sh,https://github.com/helmetjs/dont-sniff-mimetype
d/dot-case,dot-case,3.0.4,node,,d/dot-case/dot-case_rhel_8.3.sh,https://github.com/blakeembrey/change-case
d/dotignore,dotignore,0.1.2,node,,d/dotignore/dotignore_rhel_8.3.sh,https://github.com/bmeck/dotignore
d/dotsplit.js,dotsplit.js,1.1.0,node,,d/dotsplit.js/dotsplit.js_rhel_8.3.sh,https://github.com/wilmoore/dotsplit.js
d/drange,drange,1.1.1,node,,d/drange/drange_rhel_8.3.sh,https://github.com/fent/node-drange
d/drawille-blessed-contrib,drawille-blessed-contrib,1.0.0,node,,d/drawille-blessed-contrib/drawille-blessed-contrib_rhel_8.3.sh,https://github.com/madbence/node-drawille
d/dset,dset,3.1.0,node,,d/dset/dset_rhel_8.3.sh,https://github.com/lukeed/dset
d/duplex,duplex,1.0.0,node,,d/duplex/duplex_rhel_8.3.sh,https://github.com/dominictarr/duplex
d/duplexer,duplexer,0.1.2,node,,d/duplexer/duplexer_rhel_8.3.sh,https://github.com/Raynos/duplexer
d/duplexer2,duplexer2,0.1.4,node,,d/duplexer2/duplexer2_rhel_8.3.sh,https://github.com/deoxxa/duplexer2
d/duplexify,duplexify,3.5.0,node,,d/duplexify/duplexify_rhel_8.3.sh,https://github.com/mafintosh/duplexify
e/eachr,eachr,4.5.0,node,,e/eachr/eachr_rhel_8.3.sh,https://github.com/bevry/eachr
e/ecdsa-sig-formatter,ecdsa-sig-formatter,1.0.10,node,,e/ecdsa-sig-formatter/ecdsa-sig-formatter_rhel_8.3.sh,https://github.com/Brightspace/node-ecdsa-sig-formatter
e/editor,editor,1.0.0,node,,e/editor/editor_rhel_8.3.sh,https://github.com/substack/node-editor
e/ee-first,ee-first,1.1.1,node,,e/ee-first/ee-first_rhel_8.3.sh,https://github.com/jonathanong/ee-first
e/electron-is-dev,electron-is-dev,1.2.0,node,,e/electron-is-dev/electron-is-dev_rhel_8.3.sh,https://github.com/sindresorhus/electron-is-dev
e/electron-to-chromium,electron-to-chromium,1.3.723,node,,e/electron-to-chromium/electron-to-chromium_rhel_8.3.sh,https://github.com/kilian/electron-to-chromium
e/elliptic,elliptic,6.5.4,node,,e/elliptic/elliptic_rhel_8.3.sh,https://github.com/indutny/elliptic
e/emitter-listener,emitter-listener,1.1.2,node,,e/emitter-listener/emitter-listener_rhel_8.3.sh,https://github.com/othiym23/emitter-listener
e/emoji-regex,emoji-regex,8.0.0,node,,e/emoji-regex/emoji-regex_rhel_8.3.sh,https://github.com/mathiasbynens/emoji-regex
e/emojis-list,emojis-list,2.1.0,node,,e/emojis-list/emojis-list_rhel_8.3.sh,https://github.com/kikobeats/emojis-list
e/enabled,enabled,2.0.0,node,,e/enabled/enabled_rhel_8.3.sh,https://github.com/3rd-Eden/enabled
e/encode-3986,encode-3986,1.0.0,node,,e/encode-3986/encode-3986_rhel_8.3.sh,https://github.com/m59peacemaker/js-encode-3986
e/encodeurl,encodeurl,1.0.2,node,,e/encodeurl/encodeurl_rhel_8.3.sh,https://github.com/pillarjs/encodeurl
e/end-of-stream,end-of-stream,v1.4.4,node,,e/end-of-stream/end-of-stream_rhel_8.3.sh,https://github.com/mafintosh/end-of-stream
e/enquirer,enquirer,2.3.5,node,,e/enquirer/enquirer_rhel_8.3.sh,https://github.com/enquirer/enquirer
e/ent,ent,2.2.0,node,,e/ent/ent_rhel_8.3.sh,https://github.com/substack/node-ent
e/env-paths,env-paths,2.2.0,node,,e/env-paths/env-paths_rhel_8.3.sh,https://github.com/sindresorhus/env-paths
e/env-variable,env-variable,0.0.6,node,,e/env-variable/env-variable_rhel_8.3.sh,https://github.com/3rd-Eden/env-variable
e/envify,envify,3.4.1,node,,e/envify/envify_rhel_8.3.sh,https://github.com/hughsk/envify
e/err-code,err-code,1.1.2,node,,e/err-code/err-code_rhel_8.3.sh,https://github.com/IndigoUnited/js-err-code
e/errno,errno,0.1.8,node,,e/errno/errno_rhel_8.3.sh,https://github.com/rvagg/node-errno
e/error-ex,error-ex,1.3.2,node,,e/error-ex/error-ex_rhel_8.3.sh,https://github.com/qix-/node-error-ex
e/error-symbol,error-symbol,0.1.0,node,,e/error-symbol/error-symbol_rhel_8.3.sh,https://github.com/jonschlinkert/error-symbol
e/errorhandler,errorhandler,1.5.1,node,,e/errorhandler/errorhandler_rhel_8.3.sh,https://github.com/expressjs/errorhandler
e/es-get-iterator,es-get-iterator,1.1.0,node,,e/es-get-iterator/es-get-iterator_rhel_8.3.sh,https://github.com/ljharb/es-get-iterator
e/es6-error,es6-error,4.1.1,node,,e/es6-error/es6-error_rhel_8.3.sh,https://github.com/bjyoungblood/es6-error
e/es6-promisify,es6-promisify,6.1.1,node,,e/es6-promisify/es6-promisify_rhel_8.3.sh,https://github.com/mikehall314/es6-promisify
e/es6-symbol,es6-symbol,3.1.3,node,,e/es6-symbol/es6-symbol_rhel_8.3.sh,https://github.com/medikoo/es6-symbol
e/escalade,escalade,3.1.1,node,,e/escalade/escalade_rhel_8.3.sh,https://github.com/lukeed/escalade
e/escape-string-regexp,escape-string-regexp,4.0.0,node,,e/escape-string-regexp/escape-string-regexp_rhel_8.3.sh,https://github.com/sindresorhus/escape-string-regexp
e/eslint-config-standard,eslint-config-standard,14.1.0,node,,e/eslint-config-standard/eslint-config-standard_rhel_8.3.sh,https://github.com/standard/eslint-config-standard
e/eslint-config-standard-jsx,eslint-config-standard-jsx,8.1.0,node,,e/eslint-config-standard-jsx/eslint-config-standard-jsx_rhel_8.3.sh,https://github.com/standard/eslint-config-standard-jsx
e/eslint-import-resolver-node,eslint-import-resolver-node,0.3.3,node,,e/eslint-import-resolver-node/eslint-import-resolver-node_rhel_8.3.sh,https://github.com/import-js/eslint-plugin-import
e/eslint-loader,eslint-loader,3.0.3,node,,e/eslint-loader/eslint-loader_rhel_8.3.sh,https://github.com/webpack-contrib/eslint-loader
e/eslint-plugin-es,eslint-plugin-es,2.0.0,node,,e/eslint-plugin-es/eslint-plugin-es_rhel_8.3.sh,https://github.com/mysticatea/eslint-plugin-es
e/eslint-plugin-eslint-plugin,eslint-plugin-eslint-plugin,2.3.0,node,,e/eslint-plugin-eslint-plugin/eslint-plugin-eslint-plugin_rhel_8.3.sh,https://github.com/not-an-aardvark/eslint-plugin-eslint-plugin
e/eslint-plugin-import,eslint-plugin-import,2.19.1,node,,e/eslint-plugin-import/eslint-plugin-import_rhel_8.3.sh,https://github.com/import-js/eslint-plugin-import
e/eslint-plugin-mocha,eslint-plugin-mocha,8.0.0,node,,e/eslint-plugin-mocha/eslint-plugin-mocha_rhel_8.3.sh,https://github.com/lo1tuma/eslint-plugin-mocha
e/eslint-plugin-node,eslint-plugin-node,10.0.0,node,,e/eslint-plugin-node/eslint-plugin-node_rhel_8.3.sh,https://github.com/mysticatea/eslint-plugin-node
e/eslint-plugin-promise,eslint-plugin-promise,4.3.1,node,,e/eslint-plugin-promise/eslint-plugin-promise_rhel_8.3.sh,https://github.com/xjamundx/eslint-plugin-promise
e/eslint-utils,eslint-utils,2.1.0,node,,e/eslint-utils/eslint-utils_rhel_8.3.sh,https://github.com/mysticatea/eslint-utils
e/eslint-visitor-keys,eslint-visitor-keys,2.0.0,node,,e/eslint-visitor-keys/eslint-visitor-keys_rhel_8.3.sh,https://github.com/eslint/eslint-visitor-keys
e/esprima,esprima,4.0.1,node,,e/esprima/esprima_rhel_8.3.sh,https://github.com/jquery/esprima
e/esquery,esquery,1.4.0,node,,e/esquery/esquery_rhel_8.3.sh,https://github.com/estools/esquery
e/estraverse,estraverse,5.2.0,node,,e/estraverse/estraverse_rhel_8.3.sh,https://github.com/estools/estraverse
e/esutils,esutils,2.0.3,node,,e/esutils/esutils_rhel_8.3.sh,https://github.com/estools/esutils
e/event-lite,event-lite,0.1.2,node,,e/event-lite/event-lite_rhel_8.3.sh,https://github.com/kawanet/event-lite
e/eventemitter2,eventemitter2,5.0.1,node,,e/eventemitter2/eventemitter2_rhel_8.3.sh,https://github.com/hij1nx/EventEmitter2
e/events,events,3.3.0,node,,e/events/events_rhel_8.3.sh,https://github.com/Gozala/events
e/eventsource,eventsource,0.1.6,node,,e/eventsource/eventsource_rhel_8.3.sh,https://github.com/EventSource/eventsource
e/exec-sh,exec-sh,0.3.6,node,,e/exec-sh/exec-sh_rhel_8.3.sh,https://github.com/tsertkov/exec-sh
e/expand-brackets,expand-brackets,2.1.4,node,,e/expand-brackets/expand-brackets_rhel_8.3.sh,https://github.com/micromatch/expand-brackets
e/expand-range,expand-range,1.8.2,node,,e/expand-range/expand-range_rhel_8.3.sh,https://github.com/jonschlinkert/expand-range
e/expand-tilde,expand-tilde,2.0.2,node,,e/expand-tilde/expand-tilde_rhel_8.3.sh,https://github.com/jonschlinkert/expand-tilde
e/express-error-handler,express-error-handler,1.1.0,node,,e/express-error-handler/express-error-handler_rhel_8.3.sh,https://github.com/dilvie/express-error-handler
e/express-http-context,express-http-context,1.2.4,node,,e/express-http-context/express-http-context_rhel_8.3.sh,https://github.com/skonves/express-http-context
e/express-normalize-query-params-middleware,express-normalize-query-params-middleware,0.5.1,node,,e/express-normalize-query-params-middleware/express-normalize-query-params-middleware_rhel_8.3.sh,https://github.com/kogosoftwarellc/express-normalize-query-params-middleware
e/extend,extend,3.0.1,node,,e/extend/extend_rhel_8.3.sh,https://github.com/justmoon/node-extend
e/extendr,extendr,2.0.1,node,,e/extendr/extendr_rhel_8.3.sh,https://github.com/bevry/extendr
e/external-editor,external-editor,3.1.0,node,,e/external-editor/external-editor_rhel_8.3.sh,https://github.com/mrkmg/node-external-editor
e/extglob,extglob,2.0.4,node,,e/extglob/extglob_rhel_8.3.sh,https://github.com/micromatch/extglob
e/extract-opts,extract-opts,4.3.0,node,,e/extract-opts/extract-opts_rhel_8.3.sh,https://github.com/bevry/extract-opts
f/fast-decode-uri-component,fast-decode-uri-component,1.0.1,node,,f/fast-decode-uri-component/fast-decode-uri-component_rhel_8.3.sh,https://github.com/delvedor/fast-decode-uri-component
f/fast-json-parse,fast-json-parse,1.0.3,node,,f/fast-json-parse/fast-json-parse_rhel_8.3.sh,https://github.com/mcollina/fast-json-parse
f/fast-json-stable-stringify,fast-json-stable-stringify,2.1.0,node,,f/fast-json-stable-stringify/fast-json-stable-stringify_rhel_8.3.sh,https://github.com/epoberezkin/fast-json-stable-stringify
f/fast-json-stringify,fast-json-stringify,2.2.10,node,,f/fast-json-stringify/fast-json-stringify_rhel_8.3.sh,https://github.com/fastify/fast-json-stringify
f/fast-memoize,fast-memoize,2.5.2,node,,f/fast-memoize/fast-memoize_rhel_8.3.sh,https://github.com/caiogondim/fast-memoize
f/fast-redact,fast-redact,3.0.0,node,,f/fast-redact/fast-redact_rhel_8.3.sh,https://github.com/davidmarkclements/fast-redact
f/fast-text-encoding,fast-text-encoding,1.0.3,node,,f/fast-text-encoding/fast-text-encoding_rhel_8.3.sh,https://github.com/samthor/fast-text-encoding
f/fastfall,fastfall,1.5.1,node,,f/fastfall/fastfall_rhel_8.3.sh,https://github.com/mcollina/fastfall
f/fastify-cli,fastify-cli,1.5.0,node,,f/fastify-cli/fastify-cli_rhel_8.3.sh,https://github.com/fastify/fastify-cli
f/fastify-error,fastify-error,0.2.0,node,,f/fastify-error/fastify-error_rhel_8.3.sh,https://github.com/fastify/fastify-error
f/fastify-formbody,fastify-formbody,3.2.0,node,,f/fastify-formbody/fastify-formbody_rhel_8.3.sh,https://github.com/fastify/fastify-formbody
f/fastify-openapi-glue,fastify-openapi-glue,1.5.1,node,,f/fastify-openapi-glue/fastify-openapi-glue_rhel_8.3.sh,https://github.com/seriousme/fastify-openapi-glue
f/fastify-plugin,fastify-plugin,1.6.1,node,,f/fastify-plugin/fastify-plugin_rhel_8.3.sh,https://github.com/fastify/fastify-plugin
f/fastify-warning,fastify-warning,0.2.0,node,,f/fastify-warning/fastify-warning_rhel_8.3.sh,https://github.com/fastify/fastify-warning
f/fastparallel,fastparallel,2.3.0,node,,f/fastparallel/fastparallel_rhel_8.3.sh,https://github.com/mcollina/fastparallel
f/fastparse,fastparse,1.1.2,node,,f/fastparse/fastparse_rhel_8.3.sh,https://github.com/webpack/fastparse
f/fastq,fastq,1.11.0,node,,f/fastq/fastq_rhel_8.3.sh,https://github.com/mcollina/fastq
f/fastseries,fastseries,1.7.2,node,,f/fastseries/fastseries_rhel_8.3.sh,https://github.com/mcollina/fastseries
f/fbemitter,fbemitter,3.0.0,node,,f/fbemitter/fbemitter_rhel_8.3.sh,https://github.com/facebook/emitter
f/figgy-pudding,figgy-pudding,3.5.2,node,,f/figgy-pudding/figgy-pudding_rhel_8.3.sh,https://github.com/npm/figgy-pudding
f/figures,figures,3.2.0,node,,f/figures/figures_rhel_8.3.sh,https://github.com/sindresorhus/figures
f/file-entry-cache,file-entry-cache,6.0.0,node,,f/file-entry-cache/file-entry-cache_rhel_8.3.sh,https://github.com/royriojas/file-entry-cache
f/file-exists,file-exists,5.0.1,node,,f/file-exists/file-exists_rhel_8.3.sh,https://github.com/scottcorgan/file-exists
f/file-loader,file-loader,4.3.0,node,,f/file-loader/file-loader_rhel_8.3.sh,https://github.com/webpack-contrib/file-loader
f/file-match,file-match,1.0.2,node,,f/file-match/file-match_rhel_8.3.sh,https://github.com/douzi8/file-match
f/file-type,file-type,5.2.0,node,,f/file-type/file-type_rhel_8.3.sh,https://github.com/sindresorhus/file-type
f/file-uri-to-path,file-uri-to-path,1.0.0,node,,f/file-uri-to-path/file-uri-to-path_rhel_8.3.sh,https://github.com/TooTallNate/file-uri-to-path
f/filesize,filesize,6.0.1,node,,f/filesize/filesize_rhel_8.3.sh,https://github.com/avoidwork/filesize.js
f/fill-keys,fill-keys,1.0.2,node,,f/fill-keys/fill-keys_rhel_8.3.sh,https://github.com/bendrucker/fill-keys
f/fill-range,fill-range,7.0.1,node,,f/fill-range/fill-range_rhel_8.3.sh,https://github.com/jonschlinkert/fill-range
f/find-cache-dir,find-cache-dir,3.3.1,node,,f/find-cache-dir/find-cache-dir_rhel_8.3.sh,https://github.com/avajs/find-cache-dir
f/find-npm-prefix,find-npm-prefix,1.0.1,node,,f/find-npm-prefix/find-npm-prefix_rhel_8.3.sh,https://github.com/npm/find-npm-prefix
f/find-parent-dir,find-parent-dir,0.3.0,node,,f/find-parent-dir/find-parent-dir_rhel_8.3.sh,https://github.com/thlorenz/find-parent-dir
f/find-root,find-root,1.1.0,node,,f/find-root/find-root_rhel_8.3.sh,https://github.com/js-n/find-root
f/findup-sync,findup-sync,2.0.0,node,,f/findup-sync/findup-sync_rhel_8.3.sh,https://github.com/gulpjs/findup-sync
f/fined,fined,1.2.0,node,,f/fined/fined_rhel_8.3.sh,https://github.com/gulpjs/fined
f/flag,flag,1.0.0,node,,f/flag/flag_rhel_8.3.sh,https://github.com/garbles/flag
f/flat,flat,4.1.1,node,,f/flat/flat_rhel_8.3.sh,https://github.com/hughsk/flat
f/flat-cache,flat-cache,3.0.4,node,,f/flat-cache/flat-cache_rhel_8.3.sh,https://github.com/royriojas/flat-cache
f/fliplog,fliplog,0.3.13,node,,f/fliplog/fliplog_rhel_8.3.sh,https://github.com/fliphub/fliplog
f/fluent-logger,fluent-logger,3.4.1,node,,f/fluent-logger/fluent-logger_rhel_8.3.sh,https://github.com/fluent/fluent-logger-node
f/flush-write-stream,flush-write-stream,1.1.1,node,,f/flush-write-stream/flush-write-stream_rhel_8.3.sh,https://github.com/mafintosh/flush-write-stream
f/flux-standard-action,flux-standard-action,0.6.1,node,,f/flux-standard-action/flux-standard-action_rhel_8.3.sh,https://github.com/redux-utilities/flux-standard-action
f/fn.name,fn.name,1.1.0,node,,f/fn.name/fn.name_rhel_8.3.sh,https://github.com/3rd-Eden/fn.name
f/follow-redirects,follow-redirects,1.14.0,node,,f/follow-redirects/follow-redirects_rhel_8.3.sh,https://github.com/follow-redirects/follow-redirects
f/for-in,for-in,1.0.2,node,,f/for-in/for-in_rhel_8.3.sh,https://github.com/jonschlinkert/for-in
f/for-own,for-own,1.0.0,node,,f/for-own/for-own_rhel_8.3.sh,https://github.com/jonschlinkert/for-own
f/foreground-child,foreground-child,2.0.0,node,,f/foreground-child/foreground-child_rhel_8.3.sh,https://github.com/tapjs/foreground-child
f/form-data,form-data,3.0.1,node,,f/form-data/form-data_rhel_8.3.sh,https://github.com/form-data/form-data
f/format-util,format-util,1.0.5,node,,f/format-util/format-util_rhel_8.3.sh,https://github.com/tmpfs/format-util
f/formidable,formidable,1.2.2,node,,f/formidable/formidable_rhel_8.3.sh,https://github.com/node-formidable/formidable
f/forwarded,forwarded,0.1.2,node,,f/forwarded/forwarded_rhel_8.3.sh,https://github.com/jshttp/forwarded
f/fragment-cache,fragment-cache,0.2.1,node,,f/fragment-cache/fragment-cache_rhel_8.3.sh,https://github.com/jonschlinkert/fragment-cache
f/fresh,fresh,0.5.2,node,,f/fresh/fresh_rhel_8.3.sh,https://github.com/jshttp/fresh
f/from,from,0.1.7,node,,f/from/from_rhel_8.3.sh,https://github.com/dominictarr/from
f/from2,from2,2.3.0,node,,f/from2/from2_rhel_8.3.sh,https://github.com/hughsk/from2
f/from2,from2,2.3.0,node,,f/from2/from2_ubuntu_18.04.sh,https://github.com/hughsk/from2.git
f/fromentries,fromentries,1.3.2,node,,f/fromentries/fromentries_rhel_8.3.sh,https://github.com/feross/fromentries
f/fs-exists-sync,fs-exists-sync,0.1.0,node,,f/fs-exists-sync/fs-exists-sync_rhel_8.3.sh,https://github.com/jonschlinkert/fs-exists-sync
f/fs-vacuum,fs-vacuum,1.2.10,node,,f/fs-vacuum/fs-vacuum_rhel_8.3.sh,https://github.com/npm/fs-vacuum
f/fs-write-stream-atomic,fs-write-stream-atomic,1.0.10,node,,f/fs-write-stream-atomic/fs-write-stream-atomic_rhel_8.3.sh,https://github.com/npm/fs-write-stream-atomic
f/function-bind,function-bind,1.1.1,node,,f/function-bind/function-bind_rhel_8.3.sh,https://github.com/Raynos/function-bind
f/functional-red-black-tree,functional-red-black-tree,1.0.1,node,,f/functional-red-black-tree/functional-red-black-tree_rhel_8.3.sh,https://github.com/mikolalysenko/functional-red-black-tree
g/g11n-pipeline-flatten,g11n-pipeline-flatten,2.0.1,node,,g/g11n-pipeline-flatten/g11n-pipeline-flatten_rhel_8.3.sh,https://github.com/srl295/gp-js-flatten
g/gauge,gauge,2.7.4,node,,g/gauge/gauge_rhel_8.3.sh,https://github.com/iarna/gauge
g/generic-pool,generic-pool,3.7.1,node,,g/generic-pool/generic-pool_rhel_8.3.sh,https://github.com/coopernurse/node-pool
g/generify,generify,4.1.0,node,,g/generify/generify_rhel_8.3.sh,https://github.com/mcollina/generify
g/genfun,genfun,4.0.1,node,,g/genfun/genfun_rhel_8.3.sh,https://github.com/zkat/genfun
g/gentle-fs,gentle-fs,2.3.1,node,,g/gentle-fs/gentle-fs_rhel_8.3.sh,https://github.com/npm/gentle-fs
g/get-caller-file,get-caller-file,2.0.5,node,,g/get-caller-file/get-caller-file_rhel_8.3.sh,https://github.com/stefanpenner/get-caller-file
g/get-object,get-object,0.2.0,node,,g/get-object/get-object_rhel_8.3.sh,https://github.com/jonschlinkert/get-object
g/get-own-enumerable-property-symbols,get-own-enumerable-property-symbols,3.0.2,node,,g/get-own-enumerable-property-symbols/get-own-enumerable-property-symbols_rhel_8.3.sh,https://github.com/mightyiam/get-own-enumerable-property-symbols
g/get-package-type,get-package-type,0.1.0,node,,g/get-package-type/get-package-type_rhel_8.3.sh,https://github.com/cfware/get-package-type
g/get-stdin,get-stdin,7.0.0,node,,g/get-stdin/get-stdin_rhel_8.3.sh,https://github.com/sindresorhus/get-stdin
g/get-value,get-value,2.0.6,node,,g/get-value/get-value_rhel_8.3.sh,https://github.com/jonschlinkert/get-value
g/getopts,getopts,2.2.5,node,,g/getopts/getopts_rhel_8.3.sh,https://github.com/jorgebucaran/getopts
g/git-log-parser,git-log-parser,1.2.0,node,,g/git-log-parser/git-log-parser_rhel_8.3.sh,https://github.com/bendrucker/git-log-parser
g/glob,glob,7.1.6,node,,g/glob/glob_rhel_8.3.sh,https://github.com/isaacs/node-glob
g/glob,glob,"v7.1.6, v7.1.7, v5.0.15, v7.1.4, v3.2.11",node,,g/glob/glob_ubi_8.3.sh,https://github.com/isaacs/node-glob
g/glob-base,glob-base,0.3.0,node,,g/glob-base/glob-base_rhel_8.3.sh,https://github.com/jonschlinkert/glob-base
g/glob-parent,glob-parent,5.1.2,node,,g/glob-parent/glob-parent_rhel_8.3.sh,https://github.com/gulpjs/glob-parent
g/glob-to-regexp,glob-to-regexp,0.3.0,node,,g/glob-to-regexp/glob-to-regexp_rhel_8.3.sh,https://github.com/fitzgen/glob-to-regexp
g/global-modules,global-modules,2.0.0,node,,g/global-modules/global-modules_rhel_8.3.sh,https://github.com/jonschlinkert/global-modules
g/global-prefix,global-prefix,3.0.0,node,,g/global-prefix/global-prefix_rhel_8.3.sh,https://github.com/jonschlinkert/global-prefix
g/google-auth-library,google-auth-library,6.1.6,node,,g/google-auth-library/google-auth-library_rhel_8.3.sh,https://github.com/googleapis/google-auth-library-nodejs
g/google-p12-pem,google-p12-pem,3.0.3,node,,g/google-p12-pem/google-p12-pem_rhel_8.3.sh,https://github.com/googleapis/google-p12-pem
g/grapheme-splitter,grapheme-splitter,1.0.4,node,,g/grapheme-splitter/grapheme-splitter_rhel_8.3.sh,https://github.com/orling/grapheme-splitter
g/graphql-import,graphql-import,0.7.1,node,,g/graphql-import/graphql-import_rhel_8.3.sh,https://github.com/ardatan/graphql-import
g/grouped-queue,grouped-queue,1.1.0,node,,g/grouped-queue/grouped-queue_rhel_8.3.sh,https://github.com/SBoudrias/grouped-queue
g/growl,growl,1.10.3,node,,g/growl/growl_rhel_8.3.sh,https://github.com/tj/node-growl
g/grunt,grunt,1.3.0,node,,g/grunt/grunt_rhel_8.3.sh,https://github.com/gruntjs/grunt
g/grunt-cli,grunt-cli,1.3.2,node,,g/grunt-cli/grunt-cli_rhel_8.3.sh,https://github.com/gruntjs/grunt-cli
g/grunt-exec,grunt-exec,1.0.1,node,,g/grunt-exec/grunt-exec_rhel_8.3.sh,https://github.com/jharding/grunt-exec
g/gtoken,gtoken,5.2.1,node,,g/gtoken/gtoken_rhel_8.3.sh,https://github.com/google/node-gtoken
g/gzip-size,gzip-size,5.1.1,node,,g/gzip-size/gzip-size_rhel_8.3.sh,https://github.com/sindresorhus/gzip-size
h/handlebars-helpers,handlebars-helpers,0.8.4,node,,h/handlebars-helpers/handlebars-helpers_rhel_8.3.sh,https://github.com/helpers/handlebars-helpers
h/hapi__validate,hapi__validate,1.1.3,node,,h/hapi__validate/hapi__validate_rhel_8.3.sh,https://github.com/hapijs/validate
h/har-schema,har-schema,2.0.0,node,,h/har-schema/har-schema_rhel_8.3.sh,https://github.com/ahmadnassri/har-schema
h/har-validator,har-validator,5.1.5,node,,h/har-validator/har-validator_rhel_8.3.sh,https://github.com/ahmadnassri/node-har-validator
h/has,has,1.0.3,node,,h/has/has_rhel_8.3.sh,https://github.com/tarruda/has
h/has-ansi,has-ansi,2.0.0,node,,h/has-ansi/has-ansi_rhel_8.3.sh,https://github.com/chalk/has-ansi
h/has-bigints,has-bigints,1.0.1,node,,h/has-bigints/has-bigints_rhel_8.3.sh,https://github.com/ljharb/has-bigints
h/has-flag,has-flag,4.0.0,node,,h/has-flag/has-flag_rhel_8.3.sh,https://github.com/sindresorhus/has-flag
h/has-symbol-support-x,has-symbol-support-x,1.4.2,node,,h/has-symbol-support-x/has-symbol-support-x_rhel_8.3.sh,https://github.com/Xotic750/has-symbol-support-x
h/has-to-string-tag-x,has-to-string-tag-x,1.4.1,node,,h/has-to-string-tag-x/has-to-string-tag-x_rhel_8.3.sh,https://github.com/Xotic750/has-to-string-tag-x
h/has-unicode,has-unicode,2.0.1,node,,h/has-unicode/has-unicode_rhel_8.3.sh,https://github.com/iarna/has-unicode
h/has-value,has-value,1.0.0,node,,h/has-value/has-value_rhel_8.3.sh,https://github.com/jonschlinkert/has-value
h/has-values,has-values,1.0.0,node,,h/has-values/has-values_rhel_8.3.sh,https://github.com/jonschlinkert/has-values
h/hash-base,hash-base,3.1.0,node,,h/hash-base/hash-base_rhel_8.3.sh,https://github.com/crypto-browserify/hash-base
h/hash.js,hash.js,1.1.5,node,,h/hash.js/hash.js_rhel_8.3.sh,https://github.com/indutny/hash.js
h/hasha,hasha,5.2.2,node,,h/hasha/hasha_rhel_8.3.sh,https://github.com/sindresorhus/hasha
h/he,he,1.2.0,node,,h/he/he_rhel_8.3.sh,https://github.com/mathiasbynens/he
h/header-case,header-case,2.0.3,node,,h/header-case/header-case_rhel_8.3.sh,https://github.com/blakeembrey/change-case
h/heapdump,heapdump,0.3.15,node,,h/heapdump/heapdump_rhel_8.3.sh,https://github.com/bnoordhuis/node-heapdump
h/helmet-crossdomain,helmet-crossdomain,0.3.0,node,,h/helmet-crossdomain/helmet-crossdomain_rhel_8.3.sh,https://github.com/helmetjs/crossdomain
h/helper-date,helper-date,0.2.3,node,,h/helper-date/helper-date_rhel_8.3.sh,https://github.com/helpers/helper-date
h/helper-markdown,helper-markdown,0.2.2,node,,h/helper-markdown/helper-markdown_rhel_8.3.sh,https://github.com/helpers/helper-markdown
h/helper-md,helper-md,0.2.2,node,,h/helper-md/helper-md_rhel_8.3.sh,https://github.com/helpers/helper-md
h/here,here,0.0.2,node,,h/here/here_rhel_8.3.sh,https://github.com/cho45/node-here.js
h/hide-powered-by,hide-powered-by,1.0.0,node,,h/hide-powered-by/hide-powered-by_rhel_8.3.sh,https://github.com/helmetjs/hide-powered-by
h/hmac-drbg,hmac-drbg,1.0.1,node,,h/hmac-drbg/hmac-drbg_rhel_8.3.sh,https://github.com/indutny/hmac-drbg
h/homedir-polyfill,homedir-polyfill,1.0.3,node,,h/homedir-polyfill/homedir-polyfill_rhel_8.3.sh,https://github.com/doowb/homedir-polyfill
h/hpack.js,hpack.js,2.1.6,node,,h/hpack.js/hpack.js_rhel_8.3.sh,https://github.com/indutny/hpack.js
h/hpkp,hpkp,2.0.0,node,,h/hpkp/hpkp_rhel_8.3.sh,https://github.com/helmetjs/hpkp
h/hsl-regex,hsl-regex,1.0.0,node,,h/hsl-regex/hsl-regex_rhel_8.3.sh,https://github.com/regexps/hsl-regex
h/hsts,hsts,2.1.0,node,,h/hsts/hsts_rhel_8.3.sh,https://github.com/helmetjs/hsts
h/html-encoding-sniffer,html-encoding-sniffer,1.0.2,node,,h/html-encoding-sniffer/html-encoding-sniffer_rhel_8.3.sh,https://github.com/jsdom/html-encoding-sniffer
h/html-entities,html-entities,1.4.0,node,,h/html-entities/html-entities_rhel_8.3.sh,https://github.com/mdevils/html-entities
h/html-loader,html-loader,0.5.5,node,,h/html-loader/html-loader_rhel_8.3.sh,https://github.com/webpack-contrib/html-loader
h/html-parse-stringify,html-parse-stringify,3.0.1,node,,h/html-parse-stringify/html-parse-stringify_rhel_8.3.sh,https://github.com/henrikjoreteg/html-parse-stringify
h/html-react-parser,html-react-parser,0.14.3,node,,h/html-react-parser/html-react-parser_rhel_8.3.sh,https://github.com/remarkablemark/html-react-parser
h/html-tag,html-tag,1.0.0,node,,h/html-tag/html-tag_rhel_8.3.sh,https://github.com/jonschlinkert/html-tag
h/html-to-react,html-to-react,1.4.5,node,,h/html-to-react/html-to-react_rhel_8.3.sh,https://github.com/aknuds1/html-to-react
h/http-assert,http-assert,1.4.1,node,,h/http-assert/http-assert_rhel_8.3.sh,https://github.com/jshttp/http-assert
h/http-cache-semantics,http-cache-semantics,4.1.0,node,,h/http-cache-semantics/http-cache-semantics_rhel_8.3.sh,https://github.com/kornelski/http-cache-semantics
h/http-errors,http-errors,1.8.0,node,,h/http-errors/http-errors_rhel_8.3.sh,https://github.com/jshttp/http-errors
h/http-https,http-https,1.0.0,node,,h/http-https/http-https_rhel_8.3.sh,https://github.com/isaacs/http-https
h/http-proxy-middleware,http-proxy-middleware,1.0.6,node,,h/http-proxy-middleware/http-proxy-middleware_rhel_8.3.sh,https://github.com/chimurai/http-proxy-middleware
h/http-status,http-status,1.2.0,node,,h/http-status/http-status_rhel_8.3.sh,https://github.com/adaltas/node-http-status
h/https-browserify,https-browserify,1.0.0,node,,h/https-browserify/https-browserify_rhel_8.3.sh,https://github.com/substack/https-browserify
h/human-signals,human-signals,1.1.1,node,,h/human-signals/human-signals_rhel_8.3.sh,https://github.com/ehmicky/human-signals
h/humanize-ms,humanize-ms,1.2.1,node,,h/humanize-ms/humanize-ms_rhel_8.3.sh,https://github.com/node-modules/humanize-ms
h/hyperid,hyperid,2.1.0,node,,h/hyperid/hyperid_rhel_8.3.sh,https://github.com/mcollina/hyperid
h/hyphenate-style-name,hyphenate-style-name,1.0.3,node,,h/hyphenate-style-name/hyphenate-style-name_rhel_8.3.sh,https://github.com/rexxars/hyphenate-style-name
i/i18next-browser-languagedetector,i18next-browser-languagedetector,6.1.0,node,,i/i18next-browser-languagedetector/i18next-browser-languagedetector_rhel_8.3.sh,https://github.com/i18next/i18next-browser-languageDetector
i/i18next-http-backend,i18next-http-backend,1.2.2,node,,i/i18next-http-backend/i18next-http-backend_rhel_8.3.sh,https://github.com/i18next/i18next-http-backend
i/iconv-lite,iconv-lite,0.6.2,node,,i/iconv-lite/iconv-lite_rhel_8.3.sh,https://github.com/ashtuchkin/iconv-lite
i/iconv-lite,iconv-lite,v0.5.0,node,,i/iconv-lite/iconv-lite_ubi_8.5.sh,https://github.com/ashtuchkin/iconv-lite.git
i/icss-utils,icss-utils,4.1.1,node,,i/icss-utils/icss-utils_rhel_8.3.sh,https://github.com/css-modules/icss-utils
i/ignore,ignore,5.1.8,node,,i/ignore/ignore_rhel_8.3.sh,https://github.com/kaelzhang/node-ignore
i/ignore-walk,ignore-walk,3.0.3,node,,i/ignore-walk/ignore-walk_rhel_8.3.sh,https://github.com/isaacs/ignore-walk
i/image-size,image-size,0.3.5,node,,i/image-size/image-size_rhel_8.3.sh,https://github.com/image-size/image-size
i/immediate,immediate,3.0.6,node,,i/immediate/immediate_rhel_8.3.sh,https://github.com/calvinmetcalf/immediate
i/indent-string,indent-string,4.0.0,node,,i/indent-string/indent-string_rhel_8.3.sh,https://github.com/sindresorhus/indent-string
i/index-of,index-of,0.2.0,node,,i/index-of/index-of_rhel_8.3.sh,https://github.com/jonschlinkert/index-of
i/infer-owner,infer-owner,1.0.4,node,,i/infer-owner/infer-owner_rhel_8.3.sh,https://github.com/npm/infer-owner
i/inflight,inflight,1.0.6,node,,i/inflight/inflight_rhel_8.3.sh,https://github.com/npm/inflight
i/info-symbol,info-symbol,0.1.0,node,,i/info-symbol/info-symbol_rhel_8.3.sh,https://github.com/jonschlinkert/info-symbol
i/inherits,inherits,2.0.3,node,,i/inherits/inherits_rhel_8.3.sh,https://github.com/isaacs/inherits
i/ini,ini,1.3.8,node,,i/ini/ini_rhel_8.3.sh,https://github.com/isaacs/ini
i/inline-style-parser,inline-style-parser,0.1.1,node,,i/inline-style-parser/inline-style-parser_rhel_8.3.sh,https://github.com/remarkablemark/inline-style-parser
i/internal-slot,internal-slot,1.0.3,node,,i/internal-slot/internal-slot_rhel_8.3.sh,https://github.com/ljharb/internal-slot
i/invert-kv,invert-kv,3.0.1,node,,i/invert-kv/invert-kv_rhel_8.3.sh,https://github.com/sindresorhus/invert-kv
i/ipaddr.js,ipaddr.js,1.6.0,node,,i/ipaddr.js/ipaddr.js_rhel_8.3.sh,https://github.com/whitequark/ipaddr.js
i/is,is,3.3.0,node,,i/is/is_rhel_8.3.sh,https://github.com/enricomarino/is
i/is-absolute-url,is-absolute-url,3.0.3,node,,i/is-absolute-url/is-absolute-url_rhel_8.3.sh,https://github.com/sindresorhus/is-absolute-url
i/is-accessor-descriptor,is-accessor-descriptor,1.0.0,node,,i/is-accessor-descriptor/is-accessor-descriptor_rhel_8.3.sh,https://github.com/jonschlinkert/is-accessor-descriptor
i/is-alphabetical,is-alphabetical,1.0.4,node,,i/is-alphabetical/is-alphabetical_rhel_8.3.sh,https://github.com/wooorm/is-alphabetical
i/is-alphanumerical,is-alphanumerical,1.0.4,node,,i/is-alphanumerical/is-alphanumerical_rhel_8.3.sh,https://github.com/wooorm/is-alphanumerical
i/is-arguments,is-arguments,1.1.0,node,,i/is-arguments/is-arguments_rhel_8.3.sh,https://github.com/inspect-js/is-arguments
i/is-arrayish,is-arrayish,0.2.1,node,,i/is-arrayish/is-arrayish_rhel_8.3.sh,https://github.com/qix-/node-is-arrayish
i/is-bigint,is-bigint,1.0.1,node,,i/is-bigint/is-bigint_rhel_8.3.sh,https://github.com/inspect-js/is-bigint
i/is-binary-path,is-binary-path,2.1.0,node,,i/is-binary-path/is-binary-path_rhel_8.3.sh,https://github.com/sindresorhus/is-binary-path
i/is-ci,is-ci,2.0.0,node,,i/is-ci/is-ci_rhel_8.3.sh,https://github.com/watson/is-ci
i/is-cidr,is-cidr,1.0.0,node,,i/is-cidr/is-cidr_rhel_8.3.sh,https://github.com/silverwind/is-cidr
i/is-color-stop,is-color-stop,1.1.0,node,,i/is-color-stop/is-color-stop_rhel_8.3.sh,https://github.com/pigcan/is-color-stop
i/is-data-descriptor,is-data-descriptor,1.0.0,node,,i/is-data-descriptor/is-data-descriptor_rhel_8.3.sh,https://github.com/jonschlinkert/is-data-descriptor
i/is-decimal,is-decimal,1.0.4,node,,i/is-decimal/is-decimal_rhel_8.3.sh,https://github.com/wooorm/is-decimal
i/is-descriptor,is-descriptor,1.0.2,node,,i/is-descriptor/is-descriptor_rhel_8.3.sh,https://github.com/jonschlinkert/is-descriptor
i/is-dotfile,is-dotfile,1.0.3,node,,i/is-dotfile/is-dotfile_rhel_8.3.sh,https://github.com/jonschlinkert/is-dotfile
i/is-equal-shallow,is-equal-shallow,0.1.3,node,,i/is-equal-shallow/is-equal-shallow_rhel_8.3.sh,https://github.com/jonschlinkert/is-equal-shallow
i/is-even,is-even,0.1.2,node,,i/is-even/is-even_rhel_8.3.sh,https://github.com/jonschlinkert/is-even
i/is-extendable,is-extendable,1.0.1,node,,i/is-extendable/is-extendable_rhel_8.3.sh,https://github.com/jonschlinkert/is-extendable
i/is-extglob,is-extglob,1.0.0,node,,i/is-extglob/is-extglob_rhel_8.3.sh,https://github.com/jonschlinkert/is-extglob
i/is-finite,is-finite,1.1.0,node,,i/is-finite/is-finite_rhel_8.3.sh,https://github.com/sindresorhus/is-finite
i/is-generator,is-generator,1.0.3,node,,i/is-generator/is-generator_rhel_8.3.sh,https://github.com/blakeembrey/is-generator
i/is-generator-fn,is-generator-fn,2.1.0,node,,i/is-generator-fn/is-generator-fn_rhel_8.3.sh,https://github.com/sindresorhus/is-generator-fn
i/is-generator-function,is-generator-function,1.0.8,node,,i/is-generator-function/is-generator-function_rhel_8.3.sh,https://github.com/inspect-js/is-generator-function
i/is-glob,is-glob,3.1.0,node,,i/is-glob/is-glob_rhel_8.3.sh,https://github.com/micromatch/is-glob
i/is-hexadecimal,is-hexadecimal,1.0.4,node,,i/is-hexadecimal/is-hexadecimal_rhel_8.3.sh,https://github.com/wooorm/is-hexadecimal
i/is-in-browser,is-in-browser,1.1.3,node,,i/is-in-browser/is-in-browser_rhel_8.3.sh,https://github.com/tuxsudo/is-in-browser
i/is-integer,is-integer,1.0.7,node,,i/is-integer/is-integer_rhel_8.3.sh,https://github.com/parshap/js-is-integer
i/is-negative-zero,is-negative-zero,2.0.1,node,,i/is-negative-zero/is-negative-zero_rhel_8.3.sh,https://github.com/inspect-js/is-negative-zero
i/is-npm,is-npm,1.0.0,node,,i/is-npm/is-npm_rhel_8.3.sh,https://github.com/sindresorhus/is-npm
i/is-number,is-number,7.0.0,node,,i/is-number/is-number_rhel_8.3.sh,https://github.com/jonschlinkert/is-number
i/is-obj,is-obj,2.0.0,node,,i/is-obj/is-obj_rhel_8.3.sh,https://github.com/sindresorhus/is-obj
i/is-object,is-object,1.0.2,node,,i/is-object/is-object_rhel_8.3.sh,https://github.com/inspect-js/is-object
i/is-odd,is-odd,0.1.2,node,,i/is-odd/is-odd_rhel_8.3.sh,https://github.com/jonschlinkert/is-odd
i/is-path-cwd,is-path-cwd,2.2.0,node,,i/is-path-cwd/is-path-cwd_rhel_8.3.sh,https://github.com/sindresorhus/is-path-cwd
i/is-path-in-cwd,is-path-in-cwd,2.1.0,node,,i/is-path-in-cwd/is-path-in-cwd_rhel_8.3.sh,https://github.com/sindresorhus/is-path-in-cwd
i/is-path-inside,is-path-inside,2.1.0,node,,i/is-path-inside/is-path-inside_rhel_8.3.sh,https://github.com/sindresorhus/is-path-inside
i/is-plain-obj,is-plain-obj,3.0.0,node,,i/is-plain-obj/is-plain-obj_rhel_8.3.sh,https://github.com/sindresorhus/is-plain-obj
i/is-posix-bracket,is-posix-bracket,0.1.1,node,,i/is-posix-bracket/is-posix-bracket_rhel_8.3.sh,https://github.com/jonschlinkert/is-posix-bracket
i/is-primitive,is-primitive,2.0.0,node,,i/is-primitive/is-primitive_rhel_8.3.sh,https://github.com/jonschlinkert/is-primitive
i/is-promise,is-promise,2.2.2,node,,i/is-promise/is-promise_rhel_8.3.sh,https://github.com/then/is-promise
i/is-redirect,is-redirect,1.0.0,node,,i/is-redirect/is-redirect_rhel_8.3.sh,https://github.com/sindresorhus/is-redirect
i/is-resolvable,is-resolvable,1.1.0,node,,i/is-resolvable/is-resolvable_rhel_8.3.sh,https://github.com/shinnn/is-resolvable
i/is-root,is-root,2.1.0,node,,i/is-root/is-root_rhel_8.3.sh,https://github.com/sindresorhus/is-root
i/is-typedarray,is-typedarray,1.0.0,node,,i/is-typedarray/is-typedarray_rhel_8.3.sh,https://github.com/hughsk/is-typedarray
i/is-utf8,is-utf8,0.2.1,node,,i/is-utf8/is-utf8_rhel_8.3.sh,https://github.com/wayfind/is-utf8
i/is-whitespace-character,is-whitespace-character,1.0.4,node,,i/is-whitespace-character/is-whitespace-character_rhel_8.3.sh,https://github.com/wooorm/is-whitespace-character
i/is-windows,is-windows,1.0.2,node,,i/is-windows/is-windows_rhel_8.3.sh,https://github.com/jonschlinkert/is-windows
i/is-word-character,is-word-character,1.0.4,node,,i/is-word-character/is-word-character_rhel_8.3.sh,https://github.com/wooorm/is-word-character
i/isbinaryfile,isbinaryfile,4.0.6,node,,i/isbinaryfile/isbinaryfile_rhel_8.3.sh,https://github.com/gjtorikian/isBinaryFile
i/isobject,isobject,3.0.1,node,,i/isobject/isobject_rhel_8.3.sh,https://github.com/jonschlinkert/isobject
i/isomorphic-fetch,isomorphic-fetch,3.0.0,node,,i/isomorphic-fetch/isomorphic-fetch_rhel_8.3.sh,https://github.com/matthew-andrews/isomorphic-fetch
i/isomorphic-fetch,isomorphic-fetch,2.1.1,node,,i/isomorphic-fetch/isomorphic-fetch_ubuntu_18.04.sh,https://github.com/matthew-andrews/isomorphic-fetch
i/isstream,isstream,0.1.2,node,,i/isstream/isstream_rhel_8.3.sh,https://github.com/rvagg/isstream
i/istanbul-lib-processinfo,istanbul-lib-processinfo,2.0.2,node,,i/istanbul-lib-processinfo/istanbul-lib-processinfo_rhel_8.3.sh,https://github.com/istanbuljs/istanbul-lib-processinfo
i/istanbuljs__load-nyc-config,istanbuljs__load-nyc-config,1.1.0,node,,i/istanbuljs__load-nyc-config/istanbuljs__load-nyc-config_rhel_8.3.sh,https://github.com/istanbuljs/load-nyc-config
i/istextorbinary,istextorbinary,2.6.0,node,,i/istextorbinary/istextorbinary_rhel_8.3.sh,https://github.com/bevry/istextorbinary
i/isurl,isurl,1.0.0,node,,i/isurl/isurl_rhel_8.3.sh,https://github.com/stevenvachon/isurl
j/jayson,jayson,2.0.6,node,,j/jayson/jayson_rhel_8.3.sh,https://github.com/tedeh/jayson
j/jest-environment-jsdom-fourteen,jest-environment-jsdom-fourteen,1.0.1,node,,j/jest-environment-jsdom-fourteen/jest-environment-jsdom-fourteen_rhel_8.3.sh,https://github.com/ianschmitz/jest-environment-jsdom-fourteen
j/jest-watch-typeahead,jest-watch-typeahead,0.4.2,node,,j/jest-watch-typeahead/jest-watch-typeahead_rhel_8.3.sh,https://github.com/jest-community/jest-watch-typeahead
j/jsbi,jsbi,3.1.4,node,,j/jsbi/jsbi_rhel_8.3.sh,https://github.com/GoogleChromeLabs/jsbi
j/jsdoctypeparser,jsdoctypeparser,1.2.0,node,,j/jsdoctypeparser/jsdoctypeparser_rhel_8.3.sh,https://github.com/jsdoctypeparser/jsdoctypeparser
j/jsesc,jsesc,0.5.0,node,,j/jsesc/jsesc_rhel_8.3.sh,https://github.com/mathiasbynens/jsesc
j/json-bigint,json-bigint,1.0.0,node,,j/json-bigint/json-bigint_rhel_8.3.sh,https://github.com/sidorares/json-bigint
j/json-buffer,json-buffer,3.0.1,node,,j/json-buffer/json-buffer_rhel_8.3.sh,https://github.com/dominictarr/json-buffer
j/json-editor,json-editor,0.7.28,node,,j/json-editor/json-editor_rhel_8.3.sh,https://github.com/jdorn/json-editor
j/json-formatter-js,json-formatter-js,2.3.4,node,,j/json-formatter-js/json-formatter-js_rhel_8.3.sh,https://github.com/mohsen1/json-formatter-js
j/json-parse-better-errors,json-parse-better-errors,1.0.1,node,,j/json-parse-better-errors/json-parse-better-errors_rhel_8.3.sh,https://github.com/zkat/json-parse-better-errors
j/json-parse-even-better-errors,json-parse-even-better-errors,2.3.1,node,,j/json-parse-even-better-errors/json-parse-even-better-errors_rhel_8.3.sh,https://github.com/npm/json-parse-even-better-errors
j/json-schema-traverse,json-schema-traverse,1.0.0,node,,j/json-schema-traverse/json-schema-traverse_rhel_8.3.sh,https://github.com/epoberezkin/json-schema-traverse
j/json-schema-view-js,json-schema-view-js,v2.0.1,node,,j/json-schema-view-js/json-schema-view-js_ubi_8.5.sh,https://github.com/mohsen1/json-schema-view-js
j/json-stable-stringify,json-stable-stringify,1.0.1,node,,j/json-stable-stringify/json-stable-stringify_rhel_8.3.sh,https://github.com/substack/json-stable-stringify
j/json-stable-stringify-without-jsonify,json-stable-stringify-without-jsonify,1.0.1,node,,j/json-stable-stringify-without-jsonify/json-stable-stringify-without-jsonify_rhel_8.3.sh,https://github.com/samn/json-stable-stringify
j/json-to-ast,json-to-ast,2.1.0,node,,j/json-to-ast/json-to-ast_rhel_8.3.sh,https://github.com/vtrushin/json-to-ast
j/json3,json3,3.3.3,node,,j/json3/json3_rhel_8.3.sh,https://github.com/bestiejs/json3
j/jsonata,jsonata,1.6.5,node,,j/jsonata/jsonata_rhel_8.3.sh,https://github.com/jsonata-js/jsonata
j/jsonfile,jsonfile,6.1.0,node,,j/jsonfile/jsonfile_rhel_8.3.sh,https://github.com/jprichardson/node-jsonfile
j/jsonify,jsonify,0.0.0,node,,j/jsonify/jsonify_rhel_8.3.sh,https://github.com/substack/jsonify
j/jsonparse,jsonparse,1.3.1,node,,j/jsonparse/jsonparse_rhel_8.3.sh,https://github.com/creationix/jsonparse
j/jsonparse,jsonparse,1.3.1,node,,j/jsonparse/jsonparse_ubuntu_18.04.sh,https://github.com/creationix/jsonparse.git
j/jsonpath-plus,jsonpath-plus,4.0.0,node,,j/jsonpath-plus/jsonpath-plus_rhel_8.3.sh,https://github.com/s3u/JSONPath
j/jwa,jwa,2.0.0,node,,j/jwa/jwa_rhel_8.3.sh,https://github.com/brianloveswords/node-jwa
j/jws,jws,4.0.0,node,,j/jws/jws_rhel_8.3.sh,https://github.com/brianloveswords/node-jws
k/keygrip,keygrip,1.1.0,node,,k/keygrip/keygrip_rhel_8.3.sh,https://github.com/crypto-utils/keygrip
k/kind-of,kind-of,6.0.2,node,,k/kind-of/kind-of_rhel_8.3.sh,https://github.com/jonschlinkert/kind-of
k/kleur,kleur,3.0.3,node,,k/kleur/kleur_rhel_8.3.sh,https://github.com/lukeed/kleur
k/koa,koa,2.13.1,node,,k/koa/koa_rhel_8.3.sh,https://github.com/koajs/koa
k/koa-compose,koa-compose,4.1.0,node,,k/koa-compose/koa-compose_rhel_8.3.sh,https://github.com/koajs/compose
k/koa-convert,koa-convert,1.2.0,node,,k/koa-convert/koa-convert_rhel_8.3.sh,https://github.com/gyson/koa-convert
k/koalas,koalas,1.0.2,node,,k/koalas/koalas_rhel_8.3.sh,https://github.com/doowb/koalas
k/kuler,kuler,2.0.0,node,,k/kuler/kuler_rhel_8.3.sh,https://github.com/3rd-Eden/kuler
l/lazy-cache,lazy-cache,0.2.7,node,,l/lazy-cache/lazy-cache_rhel_8.3.sh,https://github.com/jonschlinkert/lazy-cache
l/lazy-property,lazy-property,1.0.0,node,,l/lazy-property/lazy-property_rhel_8.3.sh,https://github.com/mikolalysenko/lazy-property
l/lazybird,lazybird,1.0.0,node,,l/lazybird/lazybird_rhel_8.3.sh,http://github.com/assaf/lazybird
l/lazystream,lazystream,1.0.0,node,,l/lazystream/lazystream_rhel_8.3.sh,https://github.com/jpommerening/node-lazystream
l/lcid,lcid,1.0.0,node,,l/lcid/lcid_rhel_8.3.sh,https://github.com/sindresorhus/lcid
l/ldap-filter,ldap-filter,0.3.3,node,,l/ldap-filter/ldap-filter_rhel_8.3.sh,https://github.com/pfmooney/node-ldap-filter
l/ldapjs,ldapjs,2.2.3,node,,l/ldapjs/ldapjs_rhel_8.3.sh,https://github.com/ldapjs/node-ldapjs
l/left-pad,left-pad,1.3.0,node,,l/left-pad/left-pad_rhel_8.3.sh,https://github.com/stevemao/left-pad
l/lego-api,lego-api,1.0.8,node,,l/lego-api/lego-api_rhel_8.3.sh,https://github.com/fuse-box/lego-api
l/leven,leven,2.1.0,node,,l/leven/leven_rhel_8.3.sh,https://github.com/sindresorhus/leven
l/levenary,levenary,1.1.1,node,,l/levenary/levenary_rhel_8.3.sh,https://github.com/tanhauhau/levenary
l/levn,levn,0.4.1,node,,l/levn/levn_rhel_8.3.sh,https://github.com/gkz/levn
l/libmime,libmime,3.0.0,node,,l/libmime/libmime_rhel_8.3.sh,https://github.com/andris9/libmime
l/libnpm,libnpm,3.0.1,node,,l/libnpm/libnpm_rhel_8.3.sh,https://github.com/npm/libnpm
l/libnpmaccess,libnpmaccess,3.0.2,node,,l/libnpmaccess/libnpmaccess_rhel_8.3.sh,https://github.com/npm/libnpmaccess
l/libnpmconfig,libnpmconfig,1.2.1,node,,l/libnpmconfig/libnpmconfig_rhel_8.3.sh,https://github.com/npm/libnpmconfig
l/libnpmhook,libnpmhook,5.0.3,node,,l/libnpmhook/libnpmhook_rhel_8.3.sh,https://github.com/npm/libnpmhook
l/libnpmorg,libnpmorg,1.0.1,node,,l/libnpmorg/libnpmorg_rhel_8.3.sh,https://github.com/npm/libnpmorg
l/libnpmpublish,libnpmpublish,1.1.2,node,,l/libnpmpublish/libnpmpublish_rhel_8.3.sh,https://github.com/npm/libnpmpublish
l/libnpmsearch,libnpmsearch,2.0.2,node,,l/libnpmsearch/libnpmsearch_rhel_8.3.sh,https://github.com/npm/libnpmsearch
l/libnpmteam,libnpmteam,1.0.2,node,,l/libnpmteam/libnpmteam_rhel_8.3.sh,https://github.com/npm/libnpmteam
l/liftoff,liftoff,2.5.0,node,,l/liftoff/liftoff_rhel_8.3.sh,https://github.com/js-cli/js-liftoff
l/light-my-request,light-my-request,4.3.0,node,,l/light-my-request/light-my-request_rhel_8.3.sh,https://github.com/fastify/light-my-request
l/line-numbers,line-numbers,0.2.0,node,,l/line-numbers/line-numbers_rhel_8.3.sh,https://github.com/lydell/line-numbers
l/linkify-it,linkify-it,2.2.0,node,,l/linkify-it/linkify-it_rhel_8.3.sh,https://github.com/markdown-it/linkify-it
l/listenercount,listenercount,1.0.1,node,,l/listenercount/listenercount_rhel_8.3.sh,https://github.com/jden/node-listenercount
l/livereach__jsonpath,livereach__jsonpath,1.2.2,node,,l/livereach__jsonpath/livereach__jsonpath_rhel_8.3.sh,https://github.com/livereach/jsonpath
l/load-json-file,load-json-file,5.3.0,node,,l/load-json-file/load-json-file_rhel_8.3.sh,https://github.com/sindresorhus/load-json-file
l/loader-utils,loader-utils,2.0.0,node,,l/loader-utils/loader-utils_rhel_8.3.sh,https://github.com/webpack/loader-utils
l/locate-path,locate-path,6.0.0,node,,l/locate-path/locate-path_rhel_8.3.sh,https://github.com/sindresorhus/locate-path
l/lodash,lodash,4.17.21,node,,l/lodash/lodash_4.17.21_UBI_8.5.sh,https://github.com/lodash/lodash
l/lodash,lodash,4.17.21,node,,l/lodash/lodash_rhel_8.3.sh,https://github.com/lodash/lodash
l/lodash._baseclone,lodash._baseclone,2.4.1,node,,l/lodash._baseclone/lodash._baseclone_rhel_8.3.sh,https://github.com/lodash/lodash
l/lodash._basecreate,lodash._basecreate,2.4.1,node,,l/lodash._basecreate/lodash._basecreate_rhel_8.3.sh,https://github.com/lodash/lodash
l/lodash._baseindexof,lodash._baseindexof,3.1.0,node,,l/lodash._baseindexof/lodash._baseindexof_rhel_8.3.sh,https://github.com/lodash/lodash
l/lodash._baseuniq,lodash._baseuniq,4.6.0,node,,l/lodash._baseuniq/lodash._baseuniq_rhel_8.3.sh,https://github.com/lodash/lodash
l/lodash._bindcallback,lodash._bindcallback,3.0.1,node,,l/lodash._bindcallback/lodash._bindcallback_rhel_8.3.sh,https://github.com/lodash/lodash
l/lodash._cacheindexof,lodash._cacheindexof,3.0.2,node,,l/lodash._cacheindexof/lodash._cacheindexof_rhel_8.3.sh,https://github.com/lodash/lodash
l/lodash._createcache,lodash._createcache,3.1.2,node,,l/lodash._createcache/lodash._createcache_rhel_8.3.sh,https://github.com/lodash/lodash
l/lodash._createset,lodash._createset,4.0.3,node,,l/lodash._createset/lodash._createset_rhel_8.3.sh,https://github.com/lodash/lodash
l/lodash._createwrapper,lodash._createwrapper,2.4.1,node,,l/lodash._createwrapper/lodash._createwrapper_rhel_8.3.sh,https://github.com/lodash/lodash
l/lodash._getnative,lodash._getnative,3.9.1,node,,l/lodash._getnative/lodash._getnative_rhel_8.3.sh,https://github.com/lodash/lodash
l/lodash.assign,lodash.assign,2.4.1,node,,l/lodash.assign/lodash.assign_rhel_8.3.sh,https://github.com/lodash/lodash
l/lodash.bind,lodash.bind,2.4.1,node,,l/lodash.bind/lodash.bind_rhel_8.3.sh,https://github.com/lodash/lodash
l/lodash.clonedeep,lodash.clonedeep,2.4.1,node,,l/lodash.clonedeep/lodash.clonedeep_rhel_8.3.sh,https://github.com/lodash/lodash
l/lodash.curry,lodash.curry,4.1.1,node,,l/lodash.curry/lodash.curry_rhel_8.3.sh,https://github.com/lodash/lodash
l/lodash.defaults,lodash.defaults,4.2.0,node,,l/lodash.defaults/lodash.defaults_rhel_8.3.sh,https://github.com/lodash/lodash
l/lodash.defaultsdeep,lodash.defaultsdeep,4.6.1,node,,l/lodash.defaultsdeep/lodash.defaultsdeep_rhel_8.3.sh,https://github.com/lodash/lodash
l/lodash.findlast,lodash.findlast,4.6.0,node,,l/lodash.findlast/lodash.findlast_rhel_8.3.sh,https://github.com/lodash/lodash
l/lodash.flatten,lodash.flatten,4.4.0,node,,l/lodash.flatten/lodash.flatten_rhel_8.3.sh,https://github.com/lodash/lodash
l/lodash.flattendeep,lodash.flattendeep,4.4.0,node,,l/lodash.flattendeep/lodash.flattendeep_rhel_8.3.sh,https://github.com/lodash/lodash
l/lodash.flow,lodash.flow,3.5.0,node,,l/lodash.flow/lodash.flow_rhel_8.3.sh,https://github.com/lodash/lodash
l/lodash.foreach,lodash.foreach,2.4.1,node,,l/lodash.foreach/lodash.foreach_rhel_8.3.sh,https://github.com/lodash/lodash
l/lodash.forown,lodash.forown,2.4.1,node,,l/lodash.forown/lodash.forown_rhel_8.3.sh,https://github.com/lodash/lodash
l/lodash.identity,lodash.identity,2.4.1,node,,l/lodash.identity/lodash.identity_rhel_8.3.sh,https://github.com/lodash/lodash
l/lodash.includes,lodash.includes,4.3.0,node,,l/lodash.includes/lodash.includes_rhel_8.3.sh,https://github.com/lodash/lodash
l/lodash.isarguments,lodash.isarguments,3.1.0,node,,l/lodash.isarguments/lodash.isarguments_rhel_8.3.sh,https://github.com/lodash/lodash
l/lodash.isarray,lodash.isarray,2.4.1,node,,l/lodash.isarray/lodash.isarray_rhel_8.3.sh,https://github.com/lodash/lodash
l/lodash.isboolean,lodash.isboolean,3.0.3,node,,l/lodash.isboolean/lodash.isboolean_rhel_8.3.sh,https://github.com/lodash/lodash
l/lodash.isequal,lodash.isequal,4.5.0,node,,l/lodash.isequal/lodash.isequal_rhel_8.3.sh,https://github.com/lodash/lodash
l/lodash.isfunction,lodash.isfunction,2.4.1,node,,l/lodash.isfunction/lodash.isfunction_rhel_8.3.sh,https://github.com/lodash/lodash
l/lodash.isinteger,lodash.isinteger,4.0.4,node,,l/lodash.isinteger/lodash.isinteger_rhel_8.3.sh,https://github.com/lodash/lodash
l/lodash.isnumber,lodash.isnumber,3.0.3,node,,l/lodash.isnumber/lodash.isnumber_rhel_8.3.sh,https://github.com/lodash/lodash
l/lodash.isobject,lodash.isobject,2.4.1,node,,l/lodash.isobject/lodash.isobject_rhel_8.3.sh,https://github.com/lodash/lodash
l/lodash.isplainobject,lodash.isplainobject,4.0.6,node,,l/lodash.isplainobject/lodash.isplainobject_rhel_8.3.sh,https://github.com/lodash/lodash
l/lodash.isstring,lodash.isstring,4.0.1,node,,l/lodash.isstring/lodash.isstring_rhel_8.3.sh,https://github.com/lodash/lodash
l/lodash.keys,lodash.keys,2.4.1,node,,l/lodash.keys/lodash.keys_rhel_8.3.sh,https://github.com/lodash/lodash
l/lodash.keysin,lodash.keysin,3.0.8,node,,l/lodash.keysin/lodash.keysin_rhel_8.3.sh,https://github.com/lodash/lodash
l/lodash.noop,lodash.noop,2.4.1,node,,l/lodash.noop/lodash.noop_rhel_8.3.sh,https://github.com/lodash/lodash
l/lodash.omit,lodash.omit,4.5.0,node,,l/lodash.omit/lodash.omit_rhel_8.3.sh,https://github.com/lodash/lodash
l/lodash.once,lodash.once,4.1.1,node,,l/lodash.once/lodash.once_rhel_8.3.sh,https://github.com/lodash/lodash
l/lodash.restparam,lodash.restparam,3.6.1,node,,l/lodash.restparam/lodash.restparam_rhel_8.3.sh,https://github.com/lodash/lodash
l/lodash.set,lodash.set,4.3.2,node,,l/lodash.set/lodash.set_rhel_8.3.sh,https://github.com/lodash/lodash
l/lodash.sortby,lodash.sortby,4.7.0,node,,l/lodash.sortby/lodash.sortby_rhel_8.3.sh,https://github.com/lodash/lodash
l/lodash.support,lodash.support,2.4.1,node,,l/lodash.support/lodash.support_rhel_8.3.sh,https://github.com/lodash/lodash
l/lodash.template,lodash.template,4.5.0,node,,l/lodash.template/lodash.template_rhel_8.3.sh,https://github.com/lodash/lodash
l/lodash.templatesettings,lodash.templatesettings,4.2.0,node,,l/lodash.templatesettings/lodash.templatesettings_rhel_8.3.sh,https://github.com/lodash/lodash
l/lodash.throttle,lodash.throttle,4.1.1,node,,l/lodash.throttle/lodash.throttle_rhel_8.3.sh,https://github.com/lodash/lodash
l/lodash.toarray,lodash.toarray,4.4.0,node,,l/lodash.toarray/lodash.toarray_rhel_8.3.sh,https://github.com/lodash/lodash
l/lodash.union,lodash.union,4.6.0,node,,l/lodash.union/lodash.union_rhel_8.3.sh,https://github.com/lodash/lodash
l/lodash.uniq,lodash.uniq,4.5.0,node,,l/lodash.uniq/lodash.uniq_rhel_8.3.sh,https://github.com/lodash/lodash
l/lodash.without,lodash.without,4.4.0,node,,l/lodash.without/lodash.without_rhel_8.3.sh,https://github.com/lodash/lodash
l/log,log,6.0.0,node,,l/log/log_rhel_8.3.sh,https://github.com/medikoo/log
l/log-ok,log-ok,0.1.1,node,,l/log-ok/log-ok_rhel_8.3.sh,https://github.com/jonschlinkert/log-ok
l/log-utils,log-utils,0.2.1,node,,l/log-utils/log-utils_rhel_8.3.sh,https://github.com/jonschlinkert/log-utils
l/logging-helpers,logging-helpers,0.4.0,node,,l/logging-helpers/logging-helpers_rhel_8.3.sh,https://github.com/helpers/logging-helpers
l/long,long,4.0.0,node,,l/long/long_rhel_8.3.sh,https://github.com/dcodeIO/long.js
l/longest,longest,1.0.1,node,,l/longest/longest_rhel_8.3.sh,https://github.com/jonschlinkert/longest
l/loopback-bluemix,loopback-bluemix,3.1.1,node,,l/loopback-bluemix/loopback-bluemix_rhel_8.3.sh,https://github.com/strongloop/loopback-bluemix
l/loopback-connector-grpc,loopback-connector-grpc,2.0.0,node,,l/loopback-connector-grpc/loopback-connector-grpc_rhel_8.3.sh,https://github.com/strongloop/loopback-connector-grpc
l/loopback-context,loopback-context,1.0.0,node,,l/loopback-context/loopback-context_rhel_8.3.sh,https://github.com/strongloop/loopback-context
l/loopback-datatype-geopoint,loopback-datatype-geopoint,1.0.0,node,,l/loopback-datatype-geopoint/loopback-datatype-geopoint_rhel_8.3.sh,https://github.com/strongloop/loopback-datatype-geopoint
l/loopback-filters,loopback-filters,1.1.0,node,,l/loopback-filters/loopback-filters_rhel_8.3.sh,https://github.com/strongloop/loopback-filters
l/loopback-soap,loopback-soap,1.3.2,node,,l/loopback-soap/loopback-soap_rhel_8.3.sh,https://github.com/strongloop/loopback-soap
l/loose-envify,loose-envify,1.4.0,node,,l/loose-envify/loose-envify_rhel_8.3.sh,https://github.com/zertosh/loose-envify
l/loose-envify,loose-envify,1.4.0,node,,l/loose-envify/loose-envify_ubuntu_18.04.sh,https://github.com/zertosh/loose-envify
l/lower-case,lower-case,2.0.1,node,,l/lower-case/lower-case_rhel_8.3.sh,https://github.com/blakeembrey/change-case
l/lowercase-keys,lowercase-keys,2.0.0,node,,l/lowercase-keys/lowercase-keys_rhel_8.3.sh,https://github.com/sindresorhus/lowercase-keys
m/make-iterator,make-iterator,1.0.1,node,,m/make-iterator/make-iterator_rhel_8.3.sh,https://github.com/jonschlinkert/make-iterator
m/make-promises-safe,make-promises-safe,5.1.0,node,,m/make-promises-safe/make-promises-safe_rhel_8.3.sh,https://github.com/mcollina/make-promises-safe
m/map-age-cleaner,map-age-cleaner,0.1.3,node,,m/map-age-cleaner/map-age-cleaner_rhel_8.3.sh,https://github.com/SamVerschueren/map-age-cleaner
m/map-obj,map-obj,4.1.0,node,,m/map-obj/map-obj_rhel_8.3.sh,https://github.com/sindresorhus/map-obj
m/map-stream,map-stream,0.1.0,node,,m/map-stream/map-stream_rhel_8.3.sh,https://github.com/dominictarr/map-stream
m/map-visit,map-visit,1.0.0,node,,m/map-visit/map-visit_rhel_8.3.sh,https://github.com/jonschlinkert/map-visit
m/markdown-escapes,markdown-escapes,1.0.4,node,,m/markdown-escapes/markdown-escapes_rhel_8.3.sh,https://github.com/wooorm/markdown-escapes
m/math-random,math-random,1.0.4,node,,m/math-random/math-random_rhel_8.3.sh,https://github.com/michaelrhodes/math-random
m/md5.js,md5.js,1.3.5,node,,m/md5.js/md5.js_rhel_8.3.sh,https://github.com/crypto-browserify/md5.js
m/mdn-data,mdn-data,2.0.4,node,,m/mdn-data/mdn-data_rhel_8.3.sh,https://github.com/mdn/data
m/mdurl,mdurl,1.0.1,node,,m/mdurl/mdurl_rhel_8.3.sh,https://github.com/markdown-it/mdurl
m/meant,meant,1.0.2,node,,m/meant/meant_rhel_8.3.sh,https://github.com/watilde/meant
m/media-typer,media-typer,0.3.0,node,,m/media-typer/media-typer_rhel_8.3.sh,https://github.com/jshttp/media-typer
m/mem,mem,5.1.1,node,,m/mem/mem_rhel_8.3.sh,https://github.com/sindresorhus/mem
m/mem-fs,mem-fs,1.2.0,node,,m/mem-fs/mem-fs_rhel_8.3.sh,https://github.com/SBoudrias/mem-fs
m/mem-fs-editor,mem-fs-editor,7.1.0,node,,m/mem-fs-editor/mem-fs-editor_rhel_8.3.sh,https://github.com/SBoudrias/mem-fs-editor
m/memoizee,memoizee,0.4.15,node,,m/memoizee/memoizee_rhel_8.3.sh,https://github.com/medikoo/memoizee
m/memory-fs,memory-fs,0.4.1,node,,m/memory-fs/memory-fs_rhel_8.3.sh,https://github.com/webpack/memory-fs
m/merge-stream,merge-stream,2.0.0,node,,m/merge-stream/merge-stream_rhel_8.3.sh,https://github.com/grncdr/merge-stream
m/merge2,merge2,1.3.0,node,,m/merge2/merge2_rhel_8.3.sh,https://github.com/teambition/merge2
m/meros,meros,1.1.4,node,,m/meros/meros_rhel_8.3.sh,https://github.com/maraisr/meros
m/method-override,method-override,3.0.0,node,,m/method-override/method-override_rhel_8.3.sh,https://github.com/expressjs/method-override
m/methods,methods,1.1.2,node,,m/methods/methods_rhel_8.3.sh,https://github.com/jshttp/methods
m/microevent.ts,microevent.ts,0.1.1,node,,m/microevent.ts/microevent.ts_rhel_8.3.sh,https://github.com/DirtyHairy/microevent
m/microservice,microservice,1.0.0,node,,m/microservice/microservice_rhel_8.3.sh,https://github.com/nherment/node-microservice
m/middie,middie,4.1.0,node,,m/middie/middie_rhel_8.3.sh,https://github.com/fastify/middleman
m/mime,mime,2.5.2,node,,m/mime/mime_rhel_8.3.sh,https://github.com/broofa/mime
m/mimic-fn,mimic-fn,2.1.0,node,,m/mimic-fn/mimic-fn_rhel_8.3.sh,https://github.com/sindresorhus/mimic-fn
m/mini-css-extract-plugin,mini-css-extract-plugin,0.9.0,node,,m/mini-css-extract-plugin/mini-css-extract-plugin_rhel_8.3.sh,https://github.com/webpack-contrib/mini-css-extract-plugin
m/minimalistic-crypto-utils,minimalistic-crypto-utils,1.0.1,node,,m/minimalistic-crypto-utils/minimalistic-crypto-utils_rhel_8.3.sh,https://github.com/indutny/minimalistic-crypto-utils
m/minimist,minimist,1.2.5,node,,m/minimist/minimist_rhel_8.3.sh,https://github.com/substack/minimist
m/minipass,minipass,3.1.3,node,,m/minipass/minipass_rhel_8.3.sh,https://github.com/isaacs/minipass
m/minizlib,minizlib,1.0.4,node,,m/minizlib/minizlib_rhel_8.3.sh,https://github.com/isaacs/minizlib
m/mixin-deep,mixin-deep,1.3.2,node,,m/mixin-deep/mixin-deep_rhel_8.3.sh,https://github.com/jonschlinkert/mixin-deep
m/mixin-object,mixin-object,2.0.1,node,,m/mixin-object/mixin-object_rhel_8.3.sh,https://github.com/jonschlinkert/mixin-object
m/mixme,mixme,0.4.0,node,,m/mixme/mixme_rhel_8.3.sh,https://github.com/adaltas/node-mixme
m/mkdirp,mkdirp,1.0.4,node,,m/mkdirp/mkdirp_rhel_8.3.sh,https://github.com/isaacs/node-mkdirp
m/mkdirp-promise,mkdirp-promise,1.1.0,node,,m/mkdirp-promise/mkdirp-promise_rhel_8.3.sh,https://github.com/ahmadnassri/mkdirp-promise
m/mock-spawn,mock-spawn,0.2.6,node,,m/mock-spawn/mock-spawn_rhel_8.3.sh,https://github.com/gotwarlost/mock-spawn
m/module-alias,module-alias,2.2.2,node,,m/module-alias/module-alias_rhel_8.3.sh,https://github.com/ilearnio/module-alias
m/moment,moment,2.29.1,node,,m/moment/moment_rhel_8.3.sh,https://github.com/moment/moment
m/moment,moment,2.30.1,javascript,,m/moment/moment_ubi_9_3.sh,https://github.com/moment/moment.git
m/moment,moment,2.22.2,node,,m/moment/moment_ubuntu_18.04.sh,https://github.com/moment/moment.git
m/moment-timezone,moment-timezone,0.5.33,node,,m/moment-timezone/moment-timezone_rhel_8.3.sh,https://github.com/moment/moment-timezone
m/moment-timezone,moment-timezone,${1:-,javascript,,m/moment-timezone/moment-timezone_ubi_8_7.sh,https://github.com/moment/moment-timezone
m/moment-timezone,moment-timezone,0.5.14,node,,m/moment-timezone/moment-timezone_rhel_7.4.sh,https://github.com/moment/moment-timezone.git
m/moment-timezone,moment-timezone,0.5.14,node,,m/moment-timezone/moment-timezone_ubuntu_16.04.sh,https://github.com/moment/moment-timezone.git
m/mongodb-uri,mongodb-uri,0.9.7,node,,m/mongodb-uri/mongodb-uri_rhel_8.3.sh,https://github.com/mongolab/mongodb-uri-node
m/morgan,morgan,1.10.0,node,,m/morgan/morgan_rhel_8.3.sh,https://github.com/expressjs/morgan
m/morgan,morgan,1.9.0,node,,m/morgan/morgan_ubuntu_18.04.sh,https://github.com/expressjs/morgan
m/mout,mout,0.12.0,node,,m/mout/mout_rhel_8.3.sh,https://github.com/mout/mout
m/move-concurrently,move-concurrently,1.0.1,node,,m/move-concurrently/move-concurrently_rhel_8.3.sh,https://github.com/npm/move-concurrently
m/mri,mri,1.1.4,node,,m/mri/mri_rhel_8.3.sh,https://github.com/lukeed/mri
m/ms,ms,2.1.3,node,,m/ms/ms_rhel_8.3.sh,https://github.com/vercel/ms
m/msgpack-lite,msgpack-lite,0.1.26,node,,m/msgpack-lite/msgpack-lite_rhel_8.3.sh,https://github.com/kawanet/msgpack-lite
m/msgpack-stream,msgpack-stream,0.0.13,node,,m/msgpack-stream/msgpack-stream_rhel_8.3.sh,https://github.com/dominictarr/msgpack-stream
m/msgpack5,msgpack5,4.2.0,node,,m/msgpack5/msgpack5_rhel_8.3.sh,https://github.com/mcollina/msgpack5
m/multicast-dns,multicast-dns,6.2.3,node,,m/multicast-dns/multicast-dns_rhel_8.3.sh,https://github.com/mafintosh/multicast-dns
m/multicast-dns-service-types,multicast-dns-service-types,1.1.0,node,,m/multicast-dns-service-types/multicast-dns-service-types_rhel_8.3.sh,https://github.com/mafintosh/multicast-dns-service-types
m/multimatch,multimatch,5.0.0,node,,m/multimatch/multimatch_rhel_8.3.sh,https://github.com/sindresorhus/multimatch
m/mux-demux,mux-demux,3.7.9,node,,m/mux-demux/mux-demux_rhel_8.3.sh,https://github.com/dominictarr/mux-demux
m/mv,mv,2.1.1,node,,m/mv/mv_rhel_8.3.sh,https://github.com/andrewrk/node-mv
m/mz,mz,2.7.0,node,,m/mz/mz_rhel_8.3.sh,https://github.com/normalize/mz
n/named-placeholders,named-placeholders,1.1.2,node,,n/named-placeholders/named-placeholders_rhel_8.3.sh,https://github.com/sidorares/named-placeholders
n/native-duplexpair,native-duplexpair,1.0.0,node,,n/native-duplexpair/native-duplexpair_rhel_8.3.sh,https://github.com/tediousjs/native-duplexpair
n/natural-compare,natural-compare,1.4.0,node,,n/natural-compare/natural-compare_rhel_8.3.sh,https://github.com/litejs/natural-compare-lite
n/nconf,nconf,0.8.5,node,,n/nconf/nconf_rhel_8.3.sh,https://github.com/flatiron/nconf
n/nconf-yaml,nconf-yaml,1.0.2,node,,n/nconf-yaml/nconf-yaml_rhel_8.3.sh,https://github.com/tellnes/nconf-yaml
n/nested-error-stacks,nested-error-stacks,2.1.0,node,,n/nested-error-stacks/nested-error-stacks_rhel_8.3.sh,https://github.com/mdlavin/nested-error-stacks
n/newrelic__native-metrics,newrelic__native-metrics,6.0.0,node,,n/newrelic__native-metrics/newrelic__native-metrics_rhel_8.3.sh,https://github.com/newrelic/node-native-metrics
n/newrelic__superagent,newrelic__superagent,4.0.0,node,,n/newrelic__superagent/newrelic__superagent_rhel_8.3.sh,https://github.com/newrelic/node-newrelic-superagent
n/nexe,nexe,2.0.0-rc.34,node,,n/nexe/nexe_rhel_8.3.sh,https://github.com/nexe/nexe
n/ng-annotate,ng-annotate,1.2.1,node,,n/ng-annotate/ng-annotate_rhel_8.3.sh,https://github.com/olov/ng-annotate
n/nice-try,nice-try,1.0.5,node,,n/nice-try/nice-try_rhel_8.3.sh,https://github.com/electerious/nice-try
n/nise,nise,4.0.4,node,,n/nise/nise_rhel_8.3.sh,https://github.com/sinonjs/nise
n/njwt,njwt,1.0.0,node,,n/njwt/njwt_rhel_8.3.sh,https://github.com/jwtk/njwt
n/no-case,no-case,3.0.4,node,,n/no-case/no-case_rhel_8.3.sh,https://github.com/blakeembrey/change-case
n/nocache,nocache,2.0.0,node,,n/nocache/nocache_rhel_8.3.sh,https://github.com/helmetjs/nocache
n/nock,nock,11.7.2,node,,n/nock/nock_rhel_8.3.sh,https://github.com/nock/nock
n/node-cache,node-cache,5.1.2,node,,n/node-cache/node-cache_rhel_8.3.sh,https://github.com/node-cache/node-cache
n/node-emoji,node-emoji,1.10.0,node,,n/node-emoji/node-emoji_rhel_8.3.sh,https://github.com/omnidan/node-emoji
n/node-environment-flags,node-environment-flags,1.0.6,node,,n/node-environment-flags/node-environment-flags_rhel_8.3.sh,https://github.com/boneskull/node-environment-flags
n/node-forge,node-forge,0.10.0,node,,n/node-forge/node-forge_rhel_8.3.sh,https://github.com/digitalbazaar/forge
n/node-int64,node-int64,0.4.0,node,,n/node-int64/node-int64_rhel_8.3.sh,https://github.com/broofa/node-int64
n/node-jose,node-jose,2.0.0,node,,n/node-jose/node-jose_rhel_8.3.sh,https://github.com/cisco/node-jose
n/node-mocks-http,node-mocks-http,1.10.1,node,,n/node-mocks-http/node-mocks-http_rhel_8.3.sh,https://github.com/howardabrams/node-mocks-http
n/node-notifier,node-notifier,5.4.3,node,,n/node-notifier/node-notifier_rhel_8.3.sh,https://github.com/mikaelbr/node-notifier
n/node-object-hash,node-object-hash,1.4.2,node,,n/node-object-hash/node-object-hash_rhel_8.3.sh,https://github.com/SkeLLLa/node-object-hash
n/node-rsa,node-rsa,1.0.8,node,,n/node-rsa/node-rsa_rhel_8.3.sh,https://github.com/rzcoder/node-rsa
n/node-yaml,node-yaml,3.0.3,node,,n/node-yaml/node-yaml_rhel_8.3.sh,https://github.com/octet-stream/node-yaml
n/node.extend,node.extend,1.1.8,node,,n/node.extend/node.extend_rhel_8.3.sh,https://github.com/dreamerslab/node.extend
n/nodemailer,nodemailer,4.6.7,node,,n/nodemailer/nodemailer_rhel_8.3.sh,https://github.com/nodemailer/nodemailer
n/nodemailer-direct-transport,nodemailer-direct-transport,3.3.2,node,,n/nodemailer-direct-transport/nodemailer-direct-transport_rhel_8.3.sh,https://github.com/andris9/nodemailer-direct-transport
n/nodemailer-shared,nodemailer-shared,1.1.0,node,,n/nodemailer-shared/nodemailer-shared_rhel_8.3.sh,https://github.com/nodemailer/nodemailer-shared
n/nodemailer-smtp-pool,nodemailer-smtp-pool,2.8.2,node,,n/nodemailer-smtp-pool/nodemailer-smtp-pool_rhel_8.3.sh,https://github.com/andris9/nodemailer-smtp-pool
n/nodemailer-smtp-transport,nodemailer-smtp-transport,2.7.2,node,,n/nodemailer-smtp-transport/nodemailer-smtp-transport_rhel_8.3.sh,https://github.com/andris9/nodemailer-smtp-transport
n/nodemailer-stub-transport,nodemailer-stub-transport,1.1.0,node,,n/nodemailer-stub-transport/nodemailer-stub-transport_rhel_8.3.sh,https://github.com/andris9/nodemailer-stub-transport
n/nodemailer-wellknown,nodemailer-wellknown,0.1.10,node,,n/nodemailer-wellknown/nodemailer-wellknown_rhel_8.3.sh,https://github.com/andris9/nodemailer-wellknown
n/normalize-git-url,normalize-git-url,3.0.2,node,,n/normalize-git-url/normalize-git-url_rhel_8.3.sh,https://github.com/npm/normalize-git-url
n/normalize-path,normalize-path,3.0.0,node,,n/normalize-path/normalize-path_rhel_8.3.sh,https://github.com/jonschlinkert/normalize-path
n/normalize-scroll-left,normalize-scroll-left,0.1.2,node,,n/normalize-scroll-left/normalize-scroll-left_rhel_8.3.sh,https://github.com/alitaheri/normalize-scroll-left
n/npm-cache-filename,npm-cache-filename,1.0.2,node,,n/npm-cache-filename/npm-cache-filename_rhel_8.3.sh,https://github.com/npm/npm-cache-filename
n/npm-lifecycle,npm-lifecycle,3.1.5,node,,n/npm-lifecycle/npm-lifecycle_rhel_8.3.sh,https://github.com/npm/lifecycle
n/npm-logical-tree,npm-logical-tree,1.2.1,node,,n/npm-logical-tree/npm-logical-tree_rhel_8.3.sh,https://github.com/npm/logical-tree
n/npm-packlist,npm-packlist,1.1.10,node,,n/npm-packlist/npm-packlist_rhel_8.3.sh,https://github.com/npm/npm-packlist
n/npm-pick-manifest,npm-pick-manifest,2.1.0,node,,n/npm-pick-manifest/npm-pick-manifest_rhel_8.3.sh,https://github.com/npm/npm-pick-manifest
n/npm-run-path,npm-run-path,4.0.1,node,,n/npm-run-path/npm-run-path_rhel_8.3.sh,https://github.com/sindresorhus/npm-run-path
n/nth-check,nth-check,1.0.2,node,,n/nth-check/nth-check_rhel_8.3.sh,https://github.com/fb55/nth-check
n/nuid,nuid,1.1.4,node,,n/nuid/nuid_rhel_8.3.sh,https://github.com/nats-io/node-nuid
o/oauth-sign,oauth-sign,0.9.0,node,,o/oauth-sign/oauth-sign_rhel_8.3.sh,https://github.com/mikeal/oauth-sign
o/object-copy,object-copy,0.1.0,node,,o/object-copy/object-copy_rhel_8.3.sh,https://github.com/jonschlinkert/object-copy
o/object-is,object-is,1.1.5,node,,o/object-is/object-is_rhel_8.3.sh,https://github.com/es-shims/object-is
o/object-keys,object-keys,1.1.1,node,,o/object-keys/object-keys_rhel_8.3.sh,https://github.com/ljharb/object-keys
o/object-visit,object-visit,1.0.1,node,,o/object-visit/object-visit_rhel_8.3.sh,https://github.com/jonschlinkert/object-visit
o/object.defaults,object.defaults,1.1.0,node,,o/object.defaults/object.defaults_rhel_8.3.sh,https://github.com/jonschlinkert/object.defaults
o/object.entries,object.entries,1.1.3,node,,o/object.entries/object.entries_rhel_8.3.sh,https://github.com/es-shims/Object.entries
o/object.fromentries,object.fromentries,2.0.4,node,,o/object.fromentries/object.fromentries_rhel_8.3.sh,https://github.com/es-shims/Object.fromEntries
o/object.getownpropertydescriptors,object.getownpropertydescriptors,2.1.2,node,,o/object.getownpropertydescriptors/object.getownpropertydescriptors_rhel_8.3.sh,https://github.com/es-shims/object.getownpropertydescriptors
o/object.map,object.map,1.0.1,node,,o/object.map/object.map_rhel_8.3.sh,https://github.com/jonschlinkert/object.map
o/object.omit,object.omit,2.0.1,node,,o/object.omit/object.omit_rhel_8.3.sh,https://github.com/jonschlinkert/object.omit
o/object.pick,object.pick,1.3.0,node,,o/object.pick/object.pick_rhel_8.3.sh,https://github.com/jonschlinkert/object.pick
o/object.values,object.values,1.1.3,node,,o/object.values/object.values_rhel_8.3.sh,https://github.com/es-shims/Object.values
o/obuf,obuf,1.1.2,node,,o/obuf/obuf_rhel_8.3.sh,https://github.com/indutny/offset-buffer
o/octetstream__promisify,octetstream__promisify,2.0.2,node,,o/octetstream__promisify/octetstream__promisify_rhel_8.3.sh,https://github.com/octet-stream/promisify
o/oidc-token-hash,oidc-token-hash,5.0.0,node,,o/oidc-token-hash/oidc-token-hash_rhel_8.3.sh,https://github.com/panva/oidc-token-hash
o/omatch,omatch,1.2.13,node,,o/omatch/omatch_rhel_8.3.sh,https://github.com/micromatch/omatch
o/on-finished,on-finished,2.3.0,node,,o/on-finished/on-finished_rhel_8.3.sh,https://github.com/jshttp/on-finished
o/on-headers,on-headers,1.0.1,node,,o/on-headers/on-headers_rhel_8.3.sh,https://github.com/jshttp/on-headers
o/one-time,one-time,1.0.0,node,,o/one-time/one-time_rhel_8.3.sh,https://github.com/3rd-Eden/one-time
o/openapi-contrib__openapi-schema-to-json-schema,openapi-contrib__openapi-schema-to-json-schema,3.1.0,node,,o/openapi-contrib__openapi-schema-to-json-schema/openapi-contrib__openapi-schema-to-json-schema_rhel_8.3.sh,https://github.com/openapi-contrib/openapi-schema-to-json-schema
o/openapi3-ts,openapi3-ts,2.0.0,node,,o/openapi3-ts/openapi3-ts_rhel_8.3.sh,https://github.com/metadevpro/openapi3-ts
o/openid-client,openid-client,4.2.2,node,,o/openid-client/openid-client_rhel_8.3.sh,https://github.com/panva/node-openid-client
o/openssl-wrapper,openssl-wrapper,0.3.4,node,,o/openssl-wrapper/openssl-wrapper_rhel_8.3.sh,https://github.com/mgcrea/node-openssl-wrapper
o/opn,opn,5.1.0,node,,o/opn/opn_rhel_8.3.sh,https://github.com/sindresorhus/open
o/optimize-css-assets-webpack-plugin,optimize-css-assets-webpack-plugin,5.0.3,node,,o/optimize-css-assets-webpack-plugin/optimize-css-assets-webpack-plugin_rhel_8.3.sh,https://github.com/NMFR/optimize-css-assets-webpack-plugin
o/optionator,optionator,0.9.1,node,,o/optionator/optionator_rhel_8.3.sh,https://github.com/gkz/optionator
o/options,options,0.0.6,node,,o/options/options_rhel_8.3.sh,https://github.com/einaros/options.js
o/os-locale,os-locale,5.0.0,node,,o/os-locale/os-locale_rhel_8.3.sh,https://github.com/sindresorhus/os-locale
o/oseconds,oseconds,0.1.0,node,,o/oseconds/oseconds_rhel_8.3.sh,https://github.com/jonschlinkert/oseconds
o/osenv,osenv,0.1.4,node,,o/osenv/osenv_rhel_8.3.sh,https://github.com/npm/osenv
o/ovotech__avro-mock-generator,ovotech__avro-mock-generator,2.0.3,node,,o/ovotech__avro-mock-generator/ovotech__avro-mock-generator_rhel_8.3.sh,https://github.com/ovotech/avro-mock-generator
p/p-any,p-any,3.0.0,node,,p/p-any/p-any_rhel_8.3.sh,https://github.com/sindresorhus/p-any
p/p-cancelable,p-cancelable,2.1.0,node,,p/p-cancelable/p-cancelable_rhel_8.3.sh,https://github.com/sindresorhus/p-cancelable
p/p-each-series,p-each-series,2.2.0,node,,p/p-each-series/p-each-series_rhel_8.3.sh,https://github.com/sindresorhus/p-each-series
p/p-finally,p-finally,2.0.1,node,,p/p-finally/p-finally_rhel_8.3.sh,https://github.com/sindresorhus/p-finally
p/p-locate,p-locate,5.0.0,node,,p/p-locate/p-locate_rhel_8.3.sh,https://github.com/sindresorhus/p-locate
p/p-retry,p-retry,3.0.1,node,,p/p-retry/p-retry_rhel_8.3.sh,https://github.com/sindresorhus/p-retry
p/p-some,p-some,5.0.0,node,,p/p-some/p-some_rhel_8.3.sh,https://github.com/sindresorhus/p-some
p/p-try,p-try,2.2.0,node,,p/p-try/p-try_rhel_8.3.sh,https://github.com/sindresorhus/p-try
p/package-hash,package-hash,4.0.0,node,,p/package-hash/package-hash_rhel_8.3.sh,https://github.com/novemberborn/package-hash
p/packet-reader,packet-reader,1.0.0,node,,p/packet-reader/packet-reader_rhel_8.3.sh,https://github.com/brianc/node-packet-reader
p/pad-left,pad-left,2.1.0,node,,p/pad-left/pad-left_rhel_8.3.sh,https://github.com/jonschlinkert/pad-left
p/pad-right,pad-right,0.2.2,node,,p/pad-right/pad-right_rhel_8.3.sh,https://github.com/jonschlinkert/pad-right
p/paged-request,paged-request,2.0.2,node,,p/paged-request/paged-request_rhel_8.3.sh,https://github.com/jonschlinkert/paged-request
p/pako,pako,1.0.11,node,,p/pako/pako_rhel_8.3.sh,https://github.com/nodeca/pako
p/pako,pako,1.0.6,node,,p/pako/pako_ubuntu_18.04.sh,https://github.com/nodeca/pako
p/panva__asn1.js,panva__asn1.js,1.0.0,node,,p/panva__asn1.js/panva__asn1.js_rhel_8.3.sh,https://github.com/panva/asn1.js
p/param-case,param-case,3.0.4,node,,p/param-case/param-case_rhel_8.3.sh,https://github.com/blakeembrey/change-case
p/parent-module,parent-module,1.0.1,node,,p/parent-module/parent-module_rhel_8.3.sh,https://github.com/sindresorhus/parent-module
p/parse-asn1,parse-asn1,5.1.6,node,,p/parse-asn1/parse-asn1_rhel_8.3.sh,https://github.com/crypto-browserify/parse-asn1
p/parse-filepath,parse-filepath,1.0.2,node,,p/parse-filepath/parse-filepath_rhel_8.3.sh,https://github.com/jonschlinkert/parse-filepath
p/parse-glob,parse-glob,3.0.4,node,,p/parse-glob/parse-glob_rhel_8.3.sh,https://github.com/jonschlinkert/parse-glob
p/parse-ms,parse-ms,2.1.0,node,,p/parse-ms/parse-ms_rhel_8.3.sh,https://github.com/sindresorhus/parse-ms
p/parse-passwd,parse-passwd,1.0.0,node,,p/parse-passwd/parse-passwd_rhel_8.3.sh,https://github.com/doowb/parse-passwd
p/parseurl,parseurl,1.3.2,node,,p/parseurl/parseurl_rhel_8.3.sh,https://github.com/pillarjs/parseurl
p/pascal-case,pascal-case,3.1.2,node,,p/pascal-case/pascal-case_rhel_8.3.sh,https://github.com/blakeembrey/change-case
p/pascalcase,pascalcase,0.1.1,node,,p/pascalcase/pascalcase_rhel_8.3.sh,https://github.com/jonschlinkert/pascalcase
p/path-dirname,path-dirname,1.0.2,node,,p/path-dirname/path-dirname_rhel_8.3.sh,https://github.com/es128/path-dirname
p/path-exists,path-exists,4.0.0,node,,p/path-exists/path-exists_rhel_8.3.sh,https://github.com/sindresorhus/path-exists
p/path-is-absolute,path-is-absolute,1.0.1,node,,p/path-is-absolute/path-is-absolute_rhel_8.3.sh,https://github.com/sindresorhus/path-is-absolute
p/path-is-inside,path-is-inside,1.0.2,node,,p/path-is-inside/path-is-inside_rhel_8.3.sh,https://github.com/domenic/path-is-inside
p/path-key,path-key,3.1.1,node,,p/path-key/path-key_rhel_8.3.sh,https://github.com/sindresorhus/path-key
p/path-match,path-match,1.2.4,node,,p/path-match/path-match_rhel_8.3.sh,https://github.com/pillarjs/path-match
p/path-parse,path-parse,1.0.6,node,,p/path-parse/path-parse_rhel_8.3.sh,https://github.com/jbgutierrez/path-parse
p/path-root,path-root,0.1.1,node,,p/path-root/path-root_rhel_8.3.sh,https://github.com/jonschlinkert/path-root
p/path-root-regex,path-root-regex,0.1.2,node,,p/path-root-regex/path-root-regex_rhel_8.3.sh,https://github.com/regexhq/path-root-regex
p/path-to-regexp,path-to-regexp,6.2.0,node,,p/path-to-regexp/path-to-regexp_rhel_8.3.sh,https://github.com/pillarjs/path-to-regexp
p/path-type,path-type,4.0.0,node,,p/path-type/path-type_rhel_8.3.sh,https://github.com/sindresorhus/path-type
p/pause-stream,pause-stream,0.0.11,node,,p/pause-stream/pause-stream_rhel_8.3.sh,https://github.com/dominictarr/pause-stream
p/pbkdf2-compat,pbkdf2-compat,2.0.1,node,,p/pbkdf2-compat/pbkdf2-compat_rhel_8.3.sh,https://github.com/crypto-browserify/pbkdf2-compat
p/pend,pend,1.2.0,node,,p/pend/pend_rhel_8.3.sh,https://github.com/andrewrk/node-pend
p/pg-int8,pg-int8,1.0.1,node,,p/pg-int8/pg-int8_rhel_8.3.sh,https://github.com/charmander/pg-int8
p/pg-types,pg-types,2.2.0,node,,p/pg-types/pg-types_rhel_8.3.sh,https://github.com/brianc/node-pg-types
p/phenomnomnominal__tsquery,phenomnomnominal__tsquery,4.1.1,node,,p/phenomnomnominal__tsquery/phenomnomnominal__tsquery_rhel_8.3.sh,https://github.com/phenomnomnominal/tsquery
p/pify,pify,4.0.1,node,,p/pify/pify_rhel_8.3.sh,https://github.com/sindresorhus/pify
p/pinkie-promise,pinkie-promise,1.0.0,node,,p/pinkie-promise/pinkie-promise_rhel_8.3.sh,https://github.com/floatdrop/pinkie-promise
p/pino-colada,pino-colada,2.1.0,node,,p/pino-colada/pino-colada_rhel_8.3.sh,https://github.com/lrlna/pino-colada
p/pino-pretty,pino-pretty,2.6.1,node,,p/pino-pretty/pino-pretty_rhel_8.3.sh,https://github.com/pinojs/pino-pretty
p/pino-std-serializers,pino-std-serializers,2.5.0,node,,p/pino-std-serializers/pino-std-serializers_rhel_8.3.sh,https://github.com/pinojs/pino-std-serializers
p/pirates,pirates,4.0.1,node,,p/pirates/pirates_rhel_8.3.sh,https://github.com/ariporad/pirates
p/pkg-conf,pkg-conf,3.1.0,node,,p/pkg-conf/pkg-conf_rhel_8.3.sh,https://github.com/sindresorhus/pkg-conf
p/plur,plur,1.0.0,node,,p/plur/plur_rhel_8.3.sh,https://github.com/sindresorhus/plur
p/pluralize,pluralize,7.0.0,node,,p/pluralize/pluralize_rhel_8.3.sh,https://github.com/blakeembrey/pluralize
p/pn,pn,1.1.0,node,,p/pn/pn_rhel_8.3.sh,https://github.com/cscott/node-pn
p/png-js,png-js,0.1.1,node,,p/png-js/png-js_rhel_8.3.sh,https://github.com/devongovett/png.js
p/portfinder,portfinder,1.0.28,node,,p/portfinder/portfinder_rhel_8.3.sh,https://github.com/http-party/node-portfinder
p/posix-character-classes,posix-character-classes,0.1.1,node,,p/posix-character-classes/posix-character-classes_rhel_8.3.sh,https://github.com/jonschlinkert/posix-character-classes
p/posix-getopt,posix-getopt,1.2.0,node,,p/posix-getopt/posix-getopt_rhel_8.3.sh,https://github.com/davepacheco/node-getopt
p/postcss-browser-comments,postcss-browser-comments,3.0.0,node,,p/postcss-browser-comments/postcss-browser-comments_rhel_8.3.sh,https://github.com/csstools/postcss-browser-comments
p/postcss-calc,postcss-calc,7.0.5,node,,p/postcss-calc/postcss-calc_rhel_8.3.sh,https://github.com/postcss/postcss-calc
p/postcss-color-functional-notation,postcss-color-functional-notation,2.0.1,node,,p/postcss-color-functional-notation/postcss-color-functional-notation_rhel_8.3.sh,https://github.com/csstools/postcss-color-functional-notation
p/postcss-color-gray,postcss-color-gray,5.0.0,node,,p/postcss-color-gray/postcss-color-gray_rhel_8.3.sh,https://github.com/postcss/postcss-color-gray
p/postcss-color-hex-alpha,postcss-color-hex-alpha,5.0.3,node,,p/postcss-color-hex-alpha/postcss-color-hex-alpha_rhel_8.3.sh,https://github.com/postcss/postcss-color-hex-alpha
p/postcss-color-mod-function,postcss-color-mod-function,3.0.3,node,,p/postcss-color-mod-function/postcss-color-mod-function_rhel_8.3.sh,https://github.com/jonathantneal/postcss-color-mod-function
p/postcss-custom-media,postcss-custom-media,7.0.8,node,,p/postcss-custom-media/postcss-custom-media_rhel_8.3.sh,https://github.com/postcss/postcss-custom-media
p/postcss-custom-properties,postcss-custom-properties,8.0.11,node,,p/postcss-custom-properties/postcss-custom-properties_rhel_8.3.sh,https://github.com/postcss/postcss-custom-properties
p/postcss-custom-selectors,postcss-custom-selectors,5.1.2,node,,p/postcss-custom-selectors/postcss-custom-selectors_rhel_8.3.sh,https://github.com/postcss/postcss-custom-selectors
p/postcss-dir-pseudo-class,postcss-dir-pseudo-class,5.0.0,node,,p/postcss-dir-pseudo-class/postcss-dir-pseudo-class_rhel_8.3.sh,https://github.com/jonathantneal/postcss-dir-pseudo-class
p/postcss-double-position-gradients,postcss-double-position-gradients,1.0.0,node,,p/postcss-double-position-gradients/postcss-double-position-gradients_rhel_8.3.sh,https://github.com/csstools/postcss-double-position-gradients
p/postcss-env-function,postcss-env-function,2.0.2,node,,p/postcss-env-function/postcss-env-function_rhel_8.3.sh,https://github.com/csstools/postcss-env-function
p/postcss-focus-visible,postcss-focus-visible,4.0.0,node,,p/postcss-focus-visible/postcss-focus-visible_rhel_8.3.sh,https://github.com/csstools/postcss-focus-visible
p/postcss-focus-within,postcss-focus-within,3.0.0,node,,p/postcss-focus-within/postcss-focus-within_rhel_8.3.sh,https://github.com/csstools/postcss-focus-within
p/postcss-font-variant,postcss-font-variant,4.0.1,node,,p/postcss-font-variant/postcss-font-variant_rhel_8.3.sh,https://github.com/postcss/postcss-font-variant
p/postcss-gap-properties,postcss-gap-properties,2.0.0,node,,p/postcss-gap-properties/postcss-gap-properties_rhel_8.3.sh,https://github.com/jonathantneal/postcss-gap-properties
p/postcss-image-set-function,postcss-image-set-function,3.0.1,node,,p/postcss-image-set-function/postcss-image-set-function_rhel_8.3.sh,https://github.com/jonathantneal/postcss-image-set-function
p/postcss-initial,postcss-initial,3.0.4,node,,p/postcss-initial/postcss-initial_rhel_8.3.sh,https://github.com/maximkoretskiy/postcss-initial
p/postcss-lab-function,postcss-lab-function,2.0.1,node,,p/postcss-lab-function/postcss-lab-function_rhel_8.3.sh,https://github.com/csstools/postcss-lab-function
p/postcss-logical,postcss-logical,3.0.0,node,,p/postcss-logical/postcss-logical_rhel_8.3.sh,https://github.com/csstools/postcss-logical
p/postcss-media-minmax,postcss-media-minmax,4.0.0,node,,p/postcss-media-minmax/postcss-media-minmax_rhel_8.3.sh,https://github.com/postcss/postcss-media-minmax
p/postcss-modules-extract-imports,postcss-modules-extract-imports,2.0.0,node,,p/postcss-modules-extract-imports/postcss-modules-extract-imports_rhel_8.3.sh,https://github.com/css-modules/postcss-modules-extract-imports
p/postcss-modules-local-by-default,postcss-modules-local-by-default,3.0.3,node,,p/postcss-modules-local-by-default/postcss-modules-local-by-default_rhel_8.3.sh,https://github.com/css-modules/postcss-modules-local-by-default
p/postcss-modules-scope,postcss-modules-scope,2.2.0,node,,p/postcss-modules-scope/postcss-modules-scope_rhel_8.3.sh,https://github.com/css-modules/postcss-modules-scope
p/postcss-modules-values,postcss-modules-values,3.0.0,node,,p/postcss-modules-values/postcss-modules-values_rhel_8.3.sh,https://github.com/css-modules/postcss-modules-values
p/postcss-nesting,postcss-nesting,7.0.1,node,,p/postcss-nesting/postcss-nesting_rhel_8.3.sh,https://github.com/csstools/postcss-nesting
p/postcss-page-break,postcss-page-break,2.0.0,node,,p/postcss-page-break/postcss-page-break_rhel_8.3.sh,https://github.com/shrpne/postcss-page-break
p/postcss-place,postcss-place,4.0.1,node,,p/postcss-place/postcss-place_rhel_8.3.sh,https://github.com/csstools/postcss-place
p/postcss-pseudo-class-any-link,postcss-pseudo-class-any-link,6.0.0,node,,p/postcss-pseudo-class-any-link/postcss-pseudo-class-any-link_rhel_8.3.sh,https://github.com/jonathantneal/postcss-pseudo-class-any-link
p/postcss-selector-matches,postcss-selector-matches,4.0.0,node,,p/postcss-selector-matches/postcss-selector-matches_rhel_8.3.sh,https://github.com/postcss/postcss-selector-matches
p/postcss-selector-not,postcss-selector-not,4.0.1,node,,p/postcss-selector-not/postcss-selector-not_rhel_8.3.sh,https://github.com/postcss/postcss-selector-not
p/postcss-value-parser,postcss-value-parser,4.1.0,node,,p/postcss-value-parser/postcss-value-parser_rhel_8.3.sh,https://github.com/TrySound/postcss-value-parser
p/postgres-array,postgres-array,2.0.0,node,,p/postgres-array/postgres-array_rhel_8.3.sh,https://github.com/bendrucker/postgres-array
p/postgres-bytea,postgres-bytea,1.0.0,node,,p/postgres-bytea/postgres-bytea_rhel_8.3.sh,https://github.com/bendrucker/postgres-bytea
p/postgres-date,postgres-date,1.0.7,node,,p/postgres-date/postgres-date_rhel_8.3.sh,https://github.com/bendrucker/postgres-date
p/postgres-interval,postgres-interval,1.2.0,node,,p/postgres-interval/postgres-interval_rhel_8.3.sh,https://github.com/bendrucker/postgres-interval
p/precond,precond,0.2.3,node,,p/precond/precond_rhel_8.3.sh,https://github.com/MathieuTurcotte/node-precond
p/prelude-ls,prelude-ls,1.2.1,node,,p/prelude-ls/prelude-ls_rhel_8.3.sh,https://github.com/gkz/prelude-ls
p/prettier-bytes,prettier-bytes,1.0.4,node,,p/prettier-bytes/prettier-bytes_rhel_8.3.sh,https://github.com/Flet/prettier-bytes
p/pretty-bytes,pretty-bytes,5.6.0,node,,p/pretty-bytes/pretty-bytes_rhel_8.3.sh,https://github.com/sindresorhus/pretty-bytes
p/pretty-error,pretty-error,2.1.2,node,,p/pretty-error/pretty-error_rhel_8.3.sh,https://github.com/AriaMinaei/pretty-error
p/pretty-ms,pretty-ms,5.1.0,node,,p/pretty-ms/pretty-ms_rhel_8.3.sh,https://github.com/sindresorhus/pretty-ms
p/pretty-time,pretty-time,0.2.0,node,,p/pretty-time/pretty-time_rhel_8.3.sh,https://github.com/jonschlinkert/pretty-time
p/prettysize,prettysize,0.0.3,node,,p/prettysize/prettysize_rhel_8.3.sh,https://github.com/davglass/prettysize
p/private,private,0.1.8,node,,p/private/private_rhel_8.3.sh,https://github.com/benjamn/private
p/process-nextick-args,process-nextick-args,2.0.0,node,,p/process-nextick-args/process-nextick-args_rhel_8.3.sh,https://github.com/calvinmetcalf/process-nextick-args
p/promise-retry,promise-retry,1.1.1,node,,p/promise-retry/promise-retry_rhel_8.3.sh,https://github.com/IndigoUnited/node-promise-retry
p/promised-ldap,promised-ldap,v0.2.0,node,,p/promised-ldap/promised-ldap_ubi_8.5.sh,https://github.com/stewartml/promised-ldap
p/prompt-choices,prompt-choices,4.1.0,node,,p/prompt-choices/prompt-choices_rhel_8.3.sh,https://github.com/enquirer/prompt-choices
p/prompt-password,prompt-password,1.2.0,node,,p/prompt-password/prompt-password_rhel_8.3.sh,https://github.com/enquirer/prompt-password
p/prompt-question,prompt-question,5.0.2,node,,p/prompt-question/prompt-question_rhel_8.3.sh,https://github.com/enquirer/prompt-question
p/prompts,prompts,2.4.1,node,,p/prompts/prompts_rhel_8.3.sh,https://github.com/terkelg/prompts
p/promzard,promzard,0.3.0,node,,p/promzard/promzard_rhel_8.3.sh,https://github.com/isaacs/promzard
p/properties-reader,properties-reader,0.0.16,node,,p/properties-reader/properties-reader_rhel_8.3.sh,https://github.com/steveukx/properties
p/proto-list,proto-list,1.2.4,node,,p/proto-list/proto-list_rhel_8.3.sh,https://github.com/isaacs/proto-list
p/protobufjs,protobufjs,6.10.2,node,,p/protobufjs/protobufjs_rhel_8.3.sh,https://github.com/protobufjs/protobuf.js
p/protobufjs__aspromise,protobufjs__aspromise,1.1.2,node,,p/protobufjs__aspromise/protobufjs__aspromise_rhel_8.3.sh,https://github.com/dcodeIO/protobuf.js
p/protobufjs__base64,protobufjs__base64,1.1.2,node,,p/protobufjs__base64/protobufjs__base64_rhel_8.3.sh,https://github.com/dcodeIO/protobuf.js
p/protobufjs__eventemitter,protobufjs__eventemitter,1.1.0,node,,p/protobufjs__eventemitter/protobufjs__eventemitter_rhel_8.3.sh,https://github.com/dcodeIO/protobuf.js
p/protobufjs__fetch,protobufjs__fetch,1.1.0,node,,p/protobufjs__fetch/protobufjs__fetch_rhel_8.3.sh,https://github.com/dcodeIO/protobuf.js
p/protobufjs__float,protobufjs__float,1.0.2,node,,p/protobufjs__float/protobufjs__float_rhel_8.3.sh,https://github.com/dcodeIO/protobuf.js
p/protobufjs__inquire,protobufjs__inquire,1.1.0,node,,p/protobufjs__inquire/protobufjs__inquire_rhel_8.3.sh,https://github.com/dcodeIO/protobuf.js
p/protobufjs__path,protobufjs__path,1.1.2,node,,p/protobufjs__path/protobufjs__path_rhel_8.3.sh,https://github.com/dcodeIO/protobuf.js
p/protobufjs__pool,protobufjs__pool,1.1.0,node,,p/protobufjs__pool/protobufjs__pool_rhel_8.3.sh,https://github.com/dcodeIO/protobuf.js
p/protobufjs__utf8,protobufjs__utf8,1.1.0,node,,p/protobufjs__utf8/protobufjs__utf8_rhel_8.3.sh,https://github.com/dcodeIO/protobuf.js
p/protoduck,protoduck,4.0.0,node,,p/protoduck/protoduck_rhel_8.3.sh,https://github.com/zkat/protoduck
p/proxy-addr,proxy-addr,2.0.3,node,,p/proxy-addr/proxy-addr_rhel_8.3.sh,https://github.com/jshttp/proxy-addr
p/prr,prr,0.0.0,node,,p/prr/prr_rhel_8.3.sh,https://github.com/rvagg/prr
p/pseudomap,pseudomap,1.0.2,node,,p/pseudomap/pseudomap_rhel_8.3.sh,https://github.com/isaacs/pseudomap
p/public-encrypt,public-encrypt,4.0.3,node,,p/public-encrypt/public-encrypt_rhel_8.3.sh,https://github.com/crypto-browserify/publicEncrypt
p/pump,pump,1.0.2,node,,p/pump/pump_rhel_8.3.sh,https://github.com/mafintosh/pump
p/pumpify,pumpify,1.3.5,node,,p/pumpify/pumpify_rhel_8.3.sh,https://github.com/mafintosh/pumpify
p/punycode,punycode,2.1.0,node,,p/punycode/punycode_rhel_8.3.sh,https://github.com/bestiejs/punycode.js
p/pure-color,pure-color,1.3.0,node,,p/pure-color/pure-color_rhel_8.3.sh,https://github.com/WickyNilliams/pure-color
q/query-string,query-string,6.13.7,node,,q/query-string/query-string_rhel_8.3.sh,https://github.com/sindresorhus/query-string
q/query-string,query-string,6.1.0,node,,q/query-string/query-string_ubuntu_18.04.sh,https://github.com/sindresorhus/query-string.git
q/querystringify,querystringify,2.2.0,node,,q/querystringify/querystringify_rhel_8.3.sh,https://github.com/unshiftio/querystringify
q/queue-microtask,queue-microtask,1.2.3,node,,q/queue-microtask/queue-microtask_rhel_8.3.sh,https://github.com/feross/queue-microtask
q/quick-format-unescaped,quick-format-unescaped,4.0.1,node,,q/quick-format-unescaped/quick-format-unescaped_rhel_8.3.sh,https://github.com/davidmarkclements/quick-format
q/qw,qw,1.0.1,node,,q/qw/qw_rhel_8.3.sh,https://github.com/iarna/node-qw
r/radio-symbol,radio-symbol,2.0.0,node,,r/radio-symbol/radio-symbol_rhel_8.3.sh,https://github.com/enquirer/radio-symbol
r/ramda,ramda,0.27.1,node,,r/ramda/ramda_rhel_8.3.sh,https://github.com/ramda/ramda
r/ramda,ramda,v0.21.0,node,,r/ramda/ramda_ubi_8.0.sh,https://github.com/ramda/ramda.git
r/randexp,randexp,0.5.3,node,,r/randexp/randexp_rhel_8.3.sh,https://github.com/fent/randexp.js
r/randomatic,randomatic,3.1.1,node,,r/randomatic/randomatic_rhel_8.3.sh,https://github.com/jonschlinkert/randomatic
r/randomstring,randomstring,1.1.5,node,,r/randomstring/randomstring_rhel_8.3.sh,https://github.com/klughammer/node-randomstring
r/range-parser,range-parser,1.2.0,node,,r/range-parser/range-parser_rhel_8.3.sh,https://github.com/jshttp/range-parser
r/raw-loader,raw-loader,0.5.1,node,,r/raw-loader/raw-loader_rhel_8.3.sh,https://github.com/webpack-contrib/raw-loader
r/react-copy-to-clipboard,react-copy-to-clipboard,5.0.3,node,,r/react-copy-to-clipboard/react-copy-to-clipboard_rhel_8.3.sh,https://github.com/nkbt/react-copy-to-clipboard
r/react-event-listener,react-event-listener,0.6.6,node,,r/react-event-listener/react-event-listener_rhel_8.3.sh,https://github.com/oliviertassinari/react-event-listener
r/react-i18next,react-i18next,11.8.15,node,,r/react-i18next/react-i18next_rhel_8.3.sh,https://github.com/i18next/react-i18next
r/react-mock-router,react-mock-router,1.0.15,node,,r/react-mock-router/react-mock-router_rhel_8.3.sh,https://github.com/rkoeze/react-mock-router
r/react-style-proptype,react-style-proptype,3.2.2,node,,r/react-style-proptype/react-style-proptype_rhel_8.3.sh,https://github.com/brigand/react-style-proptype
r/react-textarea-autosize,react-textarea-autosize,8.3.2,node,,r/react-textarea-autosize/react-textarea-autosize_rhel_8.3.sh,https://github.com/Andarist/react-textarea-autosize
r/read,read,1.0.7,node,,r/read/read_rhel_8.3.sh,https://github.com/isaacs/read
r/read-cmd-shim,read-cmd-shim,1.0.5,node,,r/read-cmd-shim/read-cmd-shim_rhel_8.3.sh,https://github.com/npm/read-cmd-shim
r/read-package-json,read-package-json,1,node,,r/read-package-json/read-package-json_rhel_8.3.sh,https://github.com/npm/read-package-json
r/read-package-tree,read-package-tree,5.1.6,node,,r/read-package-tree/read-package-tree_rhel_8.3.sh,https://github.com/npm/read-package-tree
r/read-pkg,read-pkg,5.2.0,node,,r/read-pkg/read-pkg_rhel_8.3.sh,https://github.com/sindresorhus/read-pkg
r/read-pkg-up,read-pkg-up,7.0.1,node,,r/read-pkg-up/read-pkg-up_rhel_8.3.sh,https://github.com/sindresorhus/read-pkg-up
r/readdir-scoped-modules,readdir-scoped-modules,1.0.2,node,,r/readdir-scoped-modules/readdir-scoped-modules_rhel_8.3.sh,https://github.com/npm/readdir-scoped-modules
r/readdirp,readdirp,3.2.0,node,,r/readdirp/readdirp_rhel_8.3.sh,https://github.com/paulmillr/readdirp
r/readdirp,readdirp,3.6.0,node,,r/readdirp/readdirp_ubi_8.4.sh,https://github.com/paulmillr/readdirp
r/readline-utils,readline-utils,2.2.3,node,,r/readline-utils/readline-utils_rhel_8.3.sh,https://github.com/enquirer/readline-utils
r/recast,recast,0.11.23,node,,r/recast/recast_rhel_8.3.sh,https://github.com/benjamn/recast
r/recursive-readdir,recursive-readdir,2.2.2,node,,r/recursive-readdir/recursive-readdir_rhel_8.3.sh,https://github.com/jergason/recursive-readdir
r/redis-commands,redis-commands,1.7.0,node,,r/redis-commands/redis-commands_rhel_8.3.sh,https://github.com/NodeRedis/redis-commands
r/redis-errors,redis-errors,1.2.0,node,,r/redis-errors/redis-errors_rhel_8.3.sh,https://github.com/NodeRedis/redis-errors
r/reduce-reducers,reduce-reducers,0.4.3,node,,r/reduce-reducers/reduce-reducers_rhel_8.3.sh,https://github.com/redux-utilities/reduce-reducers
r/redux-logger,redux-logger,3.0.6,node,,r/redux-logger/redux-logger_rhel_8.3.sh,https://github.com/theaqua/redux-logger
r/redux-logger,redux-logger,3.0.6,node,,r/redux-logger/redux_logger_ubuntu_18.04.sh,https://github.com/evgenyrodionov/redux-logger.git
r/referrer-policy,referrer-policy,1.1.0,node,,r/referrer-policy/referrer-policy_rhel_8.3.sh,https://github.com/helmetjs/referrer-policy
r/regenerate,regenerate,1.4.2,node,,r/regenerate/regenerate_rhel_8.3.sh,https://github.com/mathiasbynens/regenerate
r/regenerate-unicode-properties,regenerate-unicode-properties,8.2.0,node,,r/regenerate-unicode-properties/regenerate-unicode-properties_rhel_8.3.sh,https://github.com/mathiasbynens/regenerate-unicode-properties
r/regenerator,regenerator,0.8.46,node,,r/regenerator/regenerator_rhel_8.3.sh,https://github.com/facebook/regenerator
r/regex-not,regex-not,1.0.2,node,,r/regex-not/regex-not_rhel_8.3.sh,https://github.com/jonschlinkert/regex-not
r/regex-parser,regex-parser,2.2.11,node,,r/regex-parser/regex-parser_rhel_8.3.sh,https://github.com/IonicaBizau/regex-parser.js
r/regexp.prototype.flags,regexp.prototype.flags,1.3.1,node,,r/regexp.prototype.flags/regexp.prototype.flags_rhel_8.3.sh,https://github.com/es-shims/RegExp.prototype.flags
r/regexpp,regexpp,3.1.0,node,,r/regexpp/regexpp_rhel_8.3.sh,https://github.com/mysticatea/regexpp
r/regexpu,regexpu,1.3.0,node,,r/regexpu/regexpu_rhel_8.3.sh,https://github.com/mathiasbynens/regexpu
r/registry-auth-token,registry-auth-token,3.4.0,node,,r/registry-auth-token/registry-auth-token_rhel_8.3.sh,https://github.com/rexxars/registry-auth-token
r/regjsgen,regjsgen,0.2.0,node,,r/regjsgen/regjsgen_rhel_8.3.sh,https://github.com/bnjmnt4n/regjsgen
r/regjsparser,regjsparser,0.6.9,node,,r/regjsparser/regjsparser_rhel_8.3.sh,https://github.com/jviereck/regjsparser
r/relateurl,relateurl,0.2.7,node,,r/relateurl/relateurl_rhel_8.3.sh,https://github.com/stevenvachon/relateurl
r/relative,relative,3.0.2,node,,r/relative/relative_rhel_8.3.sh,https://github.com/jonschlinkert/relative
r/release-zalgo,release-zalgo,1.0.0,node,,r/release-zalgo/release-zalgo_rhel_8.3.sh,https://github.com/novemberborn/release-zalgo
r/remove-trailing-separator,remove-trailing-separator,1.1.0,node,,r/remove-trailing-separator/remove-trailing-separator_rhel_8.3.sh,https://github.com/darsain/remove-trailing-separator
r/renderkid,renderkid,2.0.5,node,,r/renderkid/renderkid_rhel_8.3.sh,https://github.com/AriaMinaei/RenderKid
r/repeat-element,repeat-element,1.1.4,node,,r/repeat-element/repeat-element_rhel_8.3.sh,https://github.com/jonschlinkert/repeat-element
r/repeat-string,repeat-string,1.6.1,node,,r/repeat-string/repeat-string_rhel_8.3.sh,https://github.com/jonschlinkert/repeat-string
r/replace-ext,replace-ext,1.0.0,node,,r/replace-ext/replace-ext_rhel_8.3.sh,https://github.com/gulpjs/replace-ext
r/request-progress,request-progress,0.3.1,node,,r/request-progress/request-progress_rhel_8.3.sh,https://github.com/IndigoUnited/node-request-progress
r/require-directory,require-directory,2.1.1,node,,r/require-directory/require-directory_rhel_8.3.sh,https://github.com/troygoode/node-require-directory
r/require-main-filename,require-main-filename,2.0.0,node,,r/require-main-filename/require-main-filename_rhel_8.3.sh,https://github.com/yargs/require-main-filename
r/requirefresh,requirefresh,4.13.0,node,,r/requirefresh/requirefresh_rhel_8.3.sh,https://github.com/bevry/requirefresh
r/resolve-alpn,resolve-alpn,1.1.2,node,,r/resolve-alpn/resolve-alpn_rhel_8.3.sh,https://github.com/szmarczak/resolve-alpn
r/resolve-cwd,resolve-cwd,3.0.0,node,,r/resolve-cwd/resolve-cwd_rhel_8.3.sh,https://github.com/sindresorhus/resolve-cwd
r/resolve-dir,resolve-dir,1.0.1,node,,r/resolve-dir/resolve-dir_rhel_8.3.sh,https://github.com/jonschlinkert/resolve-dir
r/resolve-pathname,resolve-pathname,3.0.0,node,,r/resolve-pathname/resolve-pathname_rhel_8.3.sh,https://github.com/mjackson/resolve-pathname
r/responselike,responselike,1.0.2,node,,r/responselike/responselike_rhel_8.3.sh,https://github.com/lukechilds/responselike
r/restore-cursor,restore-cursor,3.1.0,node,,r/restore-cursor/restore-cursor_rhel_8.3.sh,https://github.com/sindresorhus/restore-cursor
r/resumer,resumer,0.0.0,node,,r/resumer/resumer_rhel_8.3.sh,https://github.com/substack/resumer
r/retry,retry,0.12.0,node,,r/retry/retry_rhel_8.3.sh,https://github.com/tim-kos/node-retry
r/reusify,reusify,1.0.4,node,,r/reusify/reusify_rhel_8.3.sh,https://github.com/mcollina/reusify
r/rewire,rewire,5.0.0,node,,r/rewire/rewire_rhel_8.3.sh,https://github.com/jhnns/rewire
r/rfc4648,rfc4648,1.3.0,node,,r/rfc4648/rfc4648_rhel_8.3.sh,https://github.com/swansontec/rfc4648.js
r/rfdc,rfdc,1.1.4,node,,r/rfdc/rfdc_rhel_8.3.sh,https://github.com/davidmarkclements/rfdc
r/rgb-regex,rgb-regex,1.0.1,node,,r/rgb-regex/rgb-regex_rhel_8.3.sh,https://github.com/regexps/rgb-regex
r/right-align,right-align,0.1.3,node,,r/right-align/right-align_rhel_8.3.sh,https://github.com/jonschlinkert/right-align
r/rimraf,rimraf,2.2.8,node,,r/rimraf/rimraf_rhel_8.3.sh,https://github.com/isaacs/rimraf
r/ripemd160,ripemd160,2.0.2,node,,r/ripemd160/ripemd160_rhel_8.3.sh,https://github.com/crypto-browserify/ripemd160
r/round-to,round-to,4.1.0,node,,r/round-to/round-to_rhel_8.3.sh,https://github.com/sindresorhus/round-to
r/run-async,run-async,2.4.1,node,,r/run-async/run-async_rhel_8.3.sh,https://github.com/SBoudrias/run-async
r/run-queue,run-queue,1.0.3,node,,r/run-queue/run-queue_rhel_8.3.sh,https://github.com/iarna/run-queue
r/rw,rw,1.3.3,node,,r/rw/rw_rhel_8.3.sh,https://github.com/mbostock/rw
s/safe-buffer,safe-buffer,5.2.0,node,,s/safe-buffer/safe-buffer_rhel_8.3.sh,https://github.com/feross/safe-buffer
s/safe-regex,safe-regex,1.1.0,node,,s/safe-regex/safe-regex_rhel_8.3.sh,https://github.com/davisjam/safe-regex
s/safe-regex2,safe-regex2,2.0.0,node,,s/safe-regex2/safe-regex2_rhel_8.3.sh,https://github.com/fastify/safe-regex
s/safefs,safefs,6.13.0,node,,s/safefs/safefs_rhel_8.3.sh,https://github.com/bevry/safefs
s/sane,sane,${1:-,node,,s/sane/sane_ubi_8.5.sh,https://github.com/amasad/sane
s/sax,sax,1.2.1,node,,s/sax/sax_rhel_8.3.sh,https://github.com/isaacs/sax-js
s/saxes,saxes,3.1.11,node,,s/saxes/saxes_rhel_8.3.sh,https://github.com/lddubeau/saxes
s/schema-utils,schema-utils,2.7.1,node,,s/schema-utils/schema-utils_rhel_8.3.sh,https://github.com/webpack/schema-utils
s/secure-random,secure-random,1.1.2,node,,s/secure-random/secure-random_rhel_8.3.sh,https://github.com/jprichardson/secure-random
s/selectn,selectn,1.1.2,node,,s/selectn/selectn_rhel_8.3.sh,https://github.com/wilmoore/selectn.js
s/semver-compare,semver-compare,1.0.0,node,,s/semver-compare/semver-compare_rhel_8.3.sh,https://github.com/substack/semver-compare
s/semver-diff,semver-diff,2.1.0,node,,s/semver-diff/semver-diff_rhel_8.3.sh,https://github.com/sindresorhus/semver-diff
s/semver-store,semver-store,0.3.0,node,,s/semver-store/semver-store_rhel_8.3.sh,https://github.com/delvedor/semver-store
s/serialize-javascript,serialize-javascript,3.0.0,node,,s/serialize-javascript/serialize-javascript_rhel_8.3.sh,https://github.com/yahoo/serialize-javascript
s/serve-favicon,serve-favicon,2.5.0,node,,s/serve-favicon/serve-favicon_rhel_8.3.sh,https://github.com/expressjs/serve-favicon
s/set-blocking,set-blocking,2.0.0,node,,s/set-blocking/set-blocking_rhel_8.3.sh,https://github.com/yargs/set-blocking
s/set-getter,set-getter,0.1.0,node,,s/set-getter/set-getter_rhel_8.3.sh,https://github.com/doowb/set-getter
s/set-immediate-shim,set-immediate-shim,1.0.1,node,,s/set-immediate-shim/set-immediate-shim_rhel_8.3.sh,https://github.com/sindresorhus/set-immediate-shim
s/setImmediate,setImmediate,1.0.5,node,,s/setImmediate/setimmediate_rhel_8.3.sh,https://github.com/yuzujs/setImmediate
s/setImmediate,setImmediate,1.0.5,node,,s/setImmediate/setImmediate_ubuntu_18.04.sh,https://github.com/YuzuJS/setImmediate.git
s/shallow-clone,shallow-clone,0.1.2,node,,s/shallow-clone/shallow-clone_rhel_8.3.sh,https://github.com/jonschlinkert/shallow-clone
s/shallow-equal,shallow-equal,1.2.1,node,,s/shallow-equal/shallow-equal_rhel_8.3.sh,https://github.com/moroshko/shallow-equal
s/shebang-command,shebang-command,2.0.0,node,,s/shebang-command/shebang-command_rhel_8.3.sh,https://github.com/kevva/shebang-command
s/shebang-regex,shebang-regex,3.0.0,node,,s/shebang-regex/shebang-regex_rhel_8.3.sh,https://github.com/sindresorhus/shebang-regex
s/shell-quote,shell-quote,1.7.2,node,,s/shell-quote/shell-quote_rhel_8.3.sh,https://github.com/substack/node-shell-quote
s/shellwords,shellwords,0.1.1,node,,s/shellwords/shellwords_rhel_8.3.sh,https://github.com/jimmycuadra/shellwords
s/shimmer,shimmer,1.2.1,node,,s/shimmer/shimmer_rhel_8.3.sh,https://github.com/othiym23/shimmer
s/should,should,13.2.3,node,,s/should/should_rhel_8.3.sh,https://github.com/shouldjs/should.js
s/should-equal,should-equal,2.0.0,node,,s/should-equal/should-equal_rhel_8.3.sh,https://github.com/shouldjs/equal
s/side-channel,side-channel,1.0.4,node,,s/side-channel/side-channel_rhel_8.3.sh,https://github.com/ljharb/side-channel
s/signal-exit,signal-exit,3.0.2,node,,s/signal-exit/signal-exit_rhel_8.3.sh,https://github.com/tapjs/signal-exit
s/simple-fmt,simple-fmt,0.1.0,node,,s/simple-fmt/simple-fmt_rhel_8.3.sh,https://github.com/olov/simple-fmt
s/simple-is,simple-is,0.2.0,node,,s/simple-is/simple-is_rhel_8.3.sh,https://github.com/olov/simple-is
s/simple-swizzle,simple-swizzle,0.2.2,node,,s/simple-swizzle/simple-swizzle_rhel_8.3.sh,https://github.com/qix-/node-simple-swizzle
s/sindresorhus__is,sindresorhus__is,4.0.0,node,,s/sindresorhus__is/sindresorhus__is_rhel_8.3.sh,https://github.com/sindresorhus/is
s/sinonjs__commons,sinonjs__commons,1.8.2,node,,s/sinonjs__commons/sinonjs__commons_rhel_8.3.sh,https://github.com/sinonjs/commons
s/sinonjs__formatio,sinonjs__formatio,5.0.1,node,,s/sinonjs__formatio/sinonjs__formatio_rhel_8.3.sh,https://github.com/sinonjs/formatio
s/sinonjs__samsam,sinonjs__samsam,5.3.0,node,,s/sinonjs__samsam/sinonjs__samsam_rhel_8.3.sh,https://github.com/sinonjs/samsam
s/sisteransi,sisteransi,1.0.5,node,,s/sisteransi/sisteransi_rhel_8.3.sh,https://github.com/terkelg/sisteransi
s/slash,slash,3.0.0,node,,s/slash/slash_rhel_8.3.sh,https://github.com/sindresorhus/slash
s/slugify,slugify,1.4.0,node,,s/slugify/slugify_rhel_8.3.sh,https://github.com/simov/slugify
s/smart-buffer,smart-buffer,4.1.0,node,,s/smart-buffer/smart-buffer_rhel_8.3.sh,https://github.com/JoshGlazebrook/smart-buffer
s/smtp-connection,smtp-connection,2.12.0,node,,s/smtp-connection/smtp-connection_rhel_8.3.sh,https://github.com/andris9/smtp-connection
s/snapdragon,snapdragon,0.8.2,node,,s/snapdragon/snapdragon_rhel_8.3.sh,https://github.com/here-be/snapdragon
s/snapdragon-node,snapdragon-node,2.1.1,node,,s/snapdragon-node/snapdragon-node_rhel_8.3.sh,https://github.com/here-be/snapdragon-node
s/snapdragon-util,snapdragon-util,3.0.1,node,,s/snapdragon-util/snapdragon-util_rhel_8.3.sh,https://github.com/here-be/snapdragon-util
s/sockjs-client,sockjs-client,1.4.0,node,,s/sockjs-client/sockjs-client_rhel_8.3.sh,https://github.com/sockjs/sockjs-client
s/socks,socks,2.3.3,node,,s/socks/socks_rhel_8.3.sh,https://github.com/JoshGlazebrook/socks
s/sonic-boom,sonic-boom,1.3.0,node,,s/sonic-boom/sonic-boom_rhel_8.3.sh,https://github.com/pinojs/sonic-boom
s/sort-keys-length,sort-keys-length,1.0.1,node,,s/sort-keys-length/sort-keys-length_rhel_8.3.sh,https://github.com/kevva/sort-keys-length
s/sorted-object,sorted-object,2.0.1,node,,s/sorted-object/sorted-object_rhel_8.3.sh,https://github.com/domenic/sorted-object
s/sorted-union-stream,sorted-union-stream,2.1.3,node,,s/sorted-union-stream/sorted-union-stream_rhel_8.3.sh,https://github.com/mafintosh/sorted-union-stream
s/source-list-map,source-list-map,2.0.1,node,,s/source-list-map/source-list-map_rhel_8.3.sh,https://github.com/webpack/source-list-map
s/source-map-resolve,source-map-resolve,0.5.1,node,,s/source-map-resolve/source-map-resolve_rhel_8.3.sh,https://github.com/lydell/source-map-resolve
s/source-map-url,source-map-url,0.4.1,node,,s/source-map-url/source-map-url_rhel_8.3.sh,https://github.com/lydell/source-map-url
s/sparkline,sparkline,0.1.1,node,,s/sparkline/sparkline_rhel_8.3.sh,https://github.com/shiwano/sparkline
s/spawn-wrap,spawn-wrap,2.0.0,node,,s/spawn-wrap/spawn-wrap_rhel_8.3.sh,https://github.com/istanbuljs/spawn-wrap
s/spdx-correct,spdx-correct,1.0.2,node,,s/spdx-correct/spdx-correct_rhel_8.3.sh,https://github.com/jslicense/spdx-correct.js
s/spdx-license-ids,spdx-license-ids,3.0.7,node,,s/spdx-license-ids/spdx-license-ids_rhel_8.3.sh,https://github.com/jslicense/spdx-license-ids
s/split,split,0.3.3,node,,s/split/split_rhel_8.3.sh,https://github.com/dominictarr/split
s/split-ca,split-ca,1.0.1,node,,s/split-ca/split-ca_rhel_8.3.sh,https://github.com/bushong1/split-ca
s/split-on-first,split-on-first,1.1.0,node,,s/split-on-first/split-on-first_rhel_8.3.sh,https://github.com/sindresorhus/split-on-first
s/split-string,split-string,3.1.0,node,,s/split-string/split-string_rhel_8.3.sh,https://github.com/jonschlinkert/split-string
s/split2,split2,3.1.1,node,,s/split2/split2_rhel_8.3.sh,https://github.com/mcollina/split2
s/sprintf-js,sprintf-js,1.0.3,node,,s/sprintf-js/sprintf-js_rhel_8.3.sh,https://github.com/alexei/sprintf.js
s/sprintf-kit,sprintf-kit,2.0.0,node,,s/sprintf-kit/sprintf-kit_rhel_8.3.sh,https://github.com/medikoo/sprintf-kit
s/sqlstring,sqlstring,2.3.2,node,,s/sqlstring/sqlstring_rhel_8.3.sh,https://github.com/mysqljs/sqlstring
s/ssri,ssri,7.1.0,node,,s/ssri/ssri_rhel_8.3.sh,https://github.com/npm/ssri
s/stable,stable,0.1.8,node,,s/stable/stable_rhel_8.3.sh,https://github.com/Two-Screen/stable
s/state-toggle,state-toggle,1.0.3,node,,s/state-toggle/state-toggle_rhel_8.3.sh,https://github.com/wooorm/state-toggle
s/static-eval,static-eval,2.0.2,node,,s/static-eval/static-eval_rhel_8.3.sh,https://github.com/browserify/static-eval
s/static-extend,static-extend,0.1.2,node,,s/static-extend/static-extend_rhel_8.3.sh,https://github.com/jonschlinkert/static-extend
s/statuses,statuses,1.5.0,node,,s/statuses/statuses_rhel_8.3.sh,https://github.com/jshttp/statuses
s/stealthy-require,stealthy-require,ae19570,node,,s/stealthy-require/stealthy-require_ubi_8.5.sh,https://github.com/analog-nico/stealthy-require.git
s/steed,steed,1.1.3,node,,s/steed/steed_rhel_8.3.sh,https://github.com/mcollina/steed
s/stream-browserify,stream-browserify,2.0.2,node,,s/stream-browserify/stream-browserify_rhel_8.3.sh,https://github.com/browserify/stream-browserify
s/stream-combiner,stream-combiner,0.0.4,node,,s/stream-combiner/stream-combiner_rhel_8.3.sh,https://github.com/dominictarr/stream-combiner
s/stream-combiner2,stream-combiner2,1.1.1,node,,s/stream-combiner2/stream-combiner2_rhel_8.3.sh,https://github.com/substack/stream-combiner2
s/stream-each,stream-each,1.2.3,node,,s/stream-each/stream-each_rhel_8.3.sh,https://github.com/mafintosh/stream-each
s/stream-iterate,stream-iterate,1.2.0,node,,s/stream-iterate/stream-iterate_rhel_8.3.sh,https://github.com/mafintosh/stream-iterate
s/stream-serializer,stream-serializer,1.1.2,node,,s/stream-serializer/stream-serializer_rhel_8.3.sh,https://github.com/dominictarr/stream-serializer
s/stream-shift,stream-shift,1.0.0,node,,s/stream-shift/stream-shift_rhel_8.3.sh,https://github.com/mafintosh/stream-shift
s/strict-uri-encode,strict-uri-encode,1.1.0,node,,s/strict-uri-encode/strict-uri-encode_rhel_8.3.sh,https://github.com/kevva/strict-uri-encode
s/string-length,string-length,3.1.0,node,,s/string-length/string-length_rhel_8.3.sh,https://github.com/sindresorhus/string-length
s/string-similarity,string-similarity,4.0.1,node,,s/string-similarity/string-similarity_rhel_8.3.sh,https://github.com/aceakash/string-similarity
s/string-template,string-template,0.2.1,node,,s/string-template/string-template_rhel_8.3.sh,https://github.com/Matt-Esch/string-template
s/string-width,string-width,4.2.2,node,,s/string-width/string-width_rhel_8.3.sh,https://github.com/sindresorhus/string-width
s/string.fromcodepoint,string.fromcodepoint,0.2.1,node,,s/string.fromcodepoint/string.fromcodepoint_rhel_8.3.sh,https://github.com/mathiasbynens/String.fromCodePoint
s/string.prototype.matchall,string.prototype.matchall,4.0.4,node,,s/string.prototype.matchall/string.prototype.matchall_rhel_8.3.sh,https://github.com/es-shims/String.prototype.matchAll
s/string.prototype.repeat,string.prototype.repeat,0.2.0,node,,s/string.prototype.repeat/string.prototype.repeat_rhel_8.3.sh,https://github.com/mathiasbynens/String.prototype.repeat
s/string.prototype.trim,string.prototype.trim,1.2.4,node,,s/string.prototype.trim/string.prototype.trim_rhel_8.3.sh,https://github.com/es-shims/String.prototype.trim
s/string.prototype.trimend,string.prototype.trimend,1.0.4,node,,s/string.prototype.trimend/string.prototype.trimend_rhel_8.3.sh,https://github.com/es-shims/String.prototype.trimEnd
s/string.prototype.trimleft,string.prototype.trimleft,2.1.0,node,,s/string.prototype.trimleft/string.prototype.trimleft_rhel_8.3.sh,https://github.com/es-shims/String.prototype.trimLeft
s/string.prototype.trimright,string.prototype.trimright,2.1.0,node,,s/string.prototype.trimright/string.prototype.trimright_rhel_8.3.sh,https://github.com/es-shims/String.prototype.trimRight
s/string.prototype.trimstart,string.prototype.trimstart,1.0.4,node,,s/string.prototype.trimstart/string.prototype.trimstart_rhel_8.3.sh,https://github.com/es-shims/String.prototype.trimStart
s/stringify-package,stringify-package,1.0.1,node,,s/stringify-package/stringify-package_rhel_8.3.sh,https://github.com/npm/stringify-package
s/strip-bom,strip-bom,4.0.0,node,,s/strip-bom/strip-bom_rhel_8.3.sh,https://github.com/sindresorhus/strip-bom
s/strip-bom-stream,strip-bom-stream,2.0.0,node,,s/strip-bom-stream/strip-bom-stream_rhel_8.3.sh,https://github.com/sindresorhus/strip-bom-stream
s/strip-color,strip-color,0.1.0,node,,s/strip-color/strip-color_rhel_8.3.sh,https://github.com/jonschlinkert/strip-color
s/strip-final-newline,strip-final-newline,2.0.0,node,,s/strip-final-newline/strip-final-newline_rhel_8.3.sh,https://github.com/sindresorhus/strip-final-newline
s/strip-json-comments,strip-json-comments,3.1.0,node,,s/strip-json-comments/strip-json-comments_rhel_8.3.sh,https://github.com/sindresorhus/strip-json-comments
s/striptags,striptags,2.2.1,node,,s/striptags/striptags_rhel_8.3.sh,https://github.com/ericnorris/striptags
s/strong-error-handler,strong-error-handler,3.5.0,node,,s/strong-error-handler/strong-error-handler_rhel_8.3.sh,https://github.com/strongloop/strong-error-handler
s/strong-globalize,strong-globalize,6.0.5,node,,s/strong-globalize/strong-globalize_rhel_8.3.sh,https://github.com/strongloop/strong-globalize
s/strong-soap,strong-soap,1.22.1,node,,s/strong-soap/strong-soap_rhel_8.3.sh,https://github.com/strongloop/strong-soap
s/style-loader,style-loader,0.23.1,node,,s/style-loader/style-loader_rhel_8.3.sh,https://github.com/webpack-contrib/style-loader
s/success-symbol,success-symbol,0.1.0,node,,s/success-symbol/success-symbol_rhel_8.3.sh,https://github.com/jonschlinkert/success-symbol
s/svg-parser,svg-parser,2.0.4,node,,s/svg-parser/svg-parser_rhel_8.3.sh,https://github.com/Rich-Harris/svg-parser
s/svgo,svgo,1.3.2,node,,s/svgo/svgo_rhel_8.3.sh,https://github.com/svg/svgo
s/swagger-client,swagger-client,3.10.8,node,,s/swagger-client/swagger-client_rhel_8.3.sh,https://github.com/swagger-api/swagger-js
s/swagger-converter,swagger-converter,0.1.7,node,,s/swagger-converter/swagger-converter_rhel_8.3.sh,https://github.com/apigee-127/swagger-converter
s/symbol-observable,symbol-observable,1.2.0,node,,s/symbol-observable/symbol-observable_rhel_8.3.sh,https://github.com/blesh/symbol-observable
s/symbol-tree,symbol-tree,3.2.4,node,,s/symbol-tree/symbol-tree_rhel_8.3.sh,https://github.com/jsdom/js-symbol-tree
t/tapable,tapable,1.1.3,node,,t/tapable/tapable_rhel_8.3.sh,https://github.com/webpack/tapable
t/tape,tape,4.13.3,node,,t/tape/tape_rhel_8.3.sh,https://github.com/substack/tape
t/tar-fs,tar-fs,1.16.3,node,,t/tar-fs/tar-fs_rhel_8.3.sh,https://github.com/mafintosh/tar-fs
t/tar-stream,tar-stream,1.6.2,node,,t/tar-stream/tar-stream_rhel_8.3.sh,https://github.com/mafintosh/tar-stream
t/tarn,tarn,1.1.5,node,,t/tarn/tarn_rhel_8.3.sh,https://github.com/vincit/tarn.js
t/taskgroup,taskgroup,2.0.0,node,,t/taskgroup/taskgroup_rhel_8.3.sh,https://github.com/bevry/taskgroup
t/tedious,tedious,6.7.0,node,,t/tedious/tedious_rhel_8.3.sh,https://github.com/tediousjs/tedious
t/temp,temp,0.9.4,node,,t/temp/temp_rhel_8.3.sh,https://github.com/bruce/node-temp
t/terminal-link,terminal-link,2.1.1,node,,t/terminal-link/terminal-link_rhel_8.3.sh,https://github.com/sindresorhus/terminal-link
t/terser-webpack-plugin,terser-webpack-plugin,2.3.8,node,,t/terser-webpack-plugin/terser-webpack-plugin_rhel_8.3.sh,https://github.com/webpack-contrib/terser-webpack-plugin
t/test-exclude,test-exclude,6.0.0,node,,t/test-exclude/test-exclude_rhel_8.3.sh,https://github.com/istanbuljs/test-exclude
t/text-hex,text-hex,1.0.0,node,,t/text-hex/text-hex_rhel_8.3.sh,https://github.com/3rd-Eden/text-hex
t/text-table,text-table,0.2.0,node,,t/text-table/text-table_rhel_8.3.sh,https://github.com/substack/text-table
t/textextensions,textextensions,2.6.0,node,,t/textextensions/textextensions_rhel_8.3.sh,https://github.com/bevry/textextensions
t/thenify,thenify,3.3.0,node,,t/thenify/thenify_rhel_8.3.sh,https://github.com/thenables/thenify
t/thenify-all,thenify-all,1.6.0,node,,t/thenify-all/thenify-all_rhel_8.3.sh,https://github.com/thenables/thenify-all
t/through,through,2.3.8,node,,t/through/through_rhel_8.3.sh,https://github.com/dominictarr/through
t/through2,through2,3.0.1,node,,t/through2/through2_rhel_8.3.sh,https://github.com/rvagg/through2
t/through2,through2,2.0.3,node,,t/through2/through2_ubuntu_18.04.sh,https://github.com/rvagg/through2.git
t/through2-filter,through2-filter,3.0.0,node,,t/through2-filter/through2-filter_rhel_8.3.sh,https://github.com/brycebaril/through2-filter
t/tildify,tildify,2.0.0,node,,t/tildify/tildify_rhel_8.3.sh,https://github.com/sindresorhus/tildify
t/time-stamp,time-stamp,1.1.0,node,,t/time-stamp/time-stamp_rhel_8.3.sh,https://github.com/jonschlinkert/time-stamp
t/timsort,timsort,0.3.0,node,,t/timsort/timsort_rhel_8.3.sh,https://github.com/mziccard/node-timsort
t/tiny-invariant,tiny-invariant,1.1.0,node,,t/tiny-invariant/tiny-invariant_rhel_8.3.sh,https://github.com/alexreardon/tiny-invariant
t/tiny-invariant,tiny-invariant,"master(c6eed03b479f7b121ca156df96f7a9fa606897aa),",node,,t/tiny-invariant/tiny-invariant_ubi_8.3.sh,https://github.com/alexreardon/tiny-invariant
t/tiny-lru,tiny-lru,7.0.4,node,,t/tiny-lru/tiny-lru_rhel_8.3.sh,https://github.com/avoidwork/tiny-lru
t/tiny-relative-date,tiny-relative-date,1.3.0,node,,t/tiny-relative-date/tiny-relative-date_rhel_8.3.sh,https://github.com/wildlyinaccurate/relative-date
t/tiny-warning,tiny-warning,1.0.3,node,,t/tiny-warning/tiny-warning_rhel_8.3.sh,https://github.com/alexreardon/tiny-warning
t/tmp,tmp,0.0.33,node,,t/tmp/tmp_rhel_8.3.sh,https://github.com/raszi/node-tmp
t/to-buffer,to-buffer,1.1.1,node,,t/to-buffer/to-buffer_rhel_8.3.sh,https://github.com/mafintosh/to-buffer
t/to-gfm-code-block,to-gfm-code-block,0.1.1,node,,t/to-gfm-code-block/to-gfm-code-block_rhel_8.3.sh,https://github.com/jonschlinkert/to-gfm-code-block
t/to-object-path,to-object-path,0.3.0,node,,t/to-object-path/to-object-path_rhel_8.3.sh,https://github.com/jonschlinkert/to-object-path
t/to-regex,to-regex,3.0.2,node,,t/to-regex/to-regex_rhel_8.3.sh,https://github.com/jonschlinkert/to-regex
t/to-regex-range,to-regex-range,5.0.1,node,,t/to-regex-range/to-regex-range_rhel_8.3.sh,https://github.com/micromatch/to-regex-range
t/to-utf8,to-utf8,0.0.1,node,,t/to-utf8/to-utf8_rhel_8.3.sh,https://github.com/chrisdickinson/to-utf8
t/toggle-array,toggle-array,1.0.1,node,,t/toggle-array/toggle-array_rhel_8.3.sh,https://github.com/jonschlinkert/toggle-array
t/toidentifier,toidentifier,1.0.0,node,,t/toidentifier/toidentifier_rhel_8.3.sh,https://github.com/component/toidentifier
t/toobusy-js,toobusy-js,0.5.1,node,,t/toobusy-js/toobusy-js_rhel_8.3.sh,https://github.com/strml/node-toobusy
t/toposort,toposort,0.2.12,node,,t/toposort/toposort_rhel_8.3.sh,https://github.com/marcelklehr/toposort
t/tough-cookie,tough-cookie,0.12.1,node,,t/tough-cookie/tough-cookie_rhel_8.3.sh,https://github.com/salesforce/tough-cookie
t/tough-cookie,tough-cookie,2.4.3,node,,t/tough-cookie/tough-cookie_ubuntu_18.04.sh,https://github.com/salesforce/tough-cookie.git
t/tr46,tr46,1.0.1,node,,t/tr46/tr46_rhel_8.3.sh,https://github.com/jsdom/tr46
t/traverse,traverse,0.3.9,node,,t/traverse/traverse_rhel_8.3.sh,https://github.com/substack/js-traverse
t/trim-repeated,trim-repeated,1.0.0,node,,t/trim-repeated/trim-repeated_rhel_8.3.sh,https://github.com/sindresorhus/trim-repeated
t/trim-right,trim-right,1.0.1,node,,t/trim-right/trim-right_rhel_8.3.sh,https://github.com/sindresorhus/trim-right
t/trim-trailing-lines,trim-trailing-lines,1.1.4,node,,t/trim-trailing-lines/trim-trailing-lines_rhel_8.3.sh,https://github.com/wooorm/trim-trailing-lines
t/triple-beam,triple-beam,1.3.0,node,,t/triple-beam/triple-beam_rhel_8.3.sh,https://github.com/winstonjs/triple-beam
t/ts-essentials,ts-essentials,2.0.12,node,,t/ts-essentials/ts-essentials_rhel_8.3.sh,https://github.com/krzkaczor/ts-essentials
t/ts-morph,ts-morph,10.0.2,node,,t/ts-morph/ts-morph_rhel_8.3.sh,https://github.com/dsherret/ts-morph
t/ts-nkeys,ts-nkeys,1.0.16,node,,t/ts-nkeys/ts-nkeys_rhel_8.3.sh,https://github.com//nats-io/ts-nkeys
t/tsscmp,tsscmp,1.0.6,node,,t/tsscmp/tsscmp_rhel_8.3.sh,https://github.com/suryagh/tsscmp
t/tsutils,tsutils,v3.21.0,node,,t/tsutils/tsutils_ubi_8.4.sh,https://github.com/ajafff/tsutils.git
t/tweetnacl,tweetnacl,1.0.3,node,,t/tweetnacl/tweetnacl_rhel_8.3.sh,https://github.com/dchest/tweetnacl-js
t/tweetnacl,tweetnacl,1.0.0,node,,t/tweetnacl/tweetnacl_ubuntu_18.04.sh,https://github.com/dchest/tweetnacl-js.git
t/type,type,2.5.0,node,,t/type/type_rhel_8.3.sh,https://github.com/medikoo/type
t/type-check,type-check,0.4.0,node,,t/type-check/type-check_rhel_8.3.sh,https://github.com/gkz/type-check
t/type-detect,type-detect,4.0.8,node,,t/type-detect/type-detect_rhel_8.3.sh,https://github.com/chaijs/type-detect
t/type-fest,type-fest,0.21.3,node,,t/type-fest/type-fest_rhel_8.3.sh,https://github.com/sindresorhus/type-fest
t/type-is,type-is,1.6.18,node,,t/type-is/type-is_rhel_8.3.sh,https://github.com/jshttp/type-is
t/typedarray,typedarray,0.0.6,node,,t/typedarray/typedarray_rhel_8.3.sh,https://github.com/substack/typedarray
t/typedarray,typedarray,0.0.6,node,,t/typedarray/typedarray_ubuntu_18.04.sh,https://github.com/substack/typedarray.git
t/tyriar__fibonacci-heap,tyriar__fibonacci-heap,2.0.7,node,,t/tyriar__fibonacci-heap/tyriar__fibonacci-heap_rhel_8.3.sh,https://github.com/gwtw/ts-fibonacci-heap
u/ua-parser-js,ua-parser-js,0.7.28,node,,u/ua-parser-js/ua-parser-js_rhel_8.3.sh,https://github.com/faisalman/ua-parser-js
u/ua-parser-js,ua-parser-js,0.7.18,node,,u/ua-parser-js/ua-parser-js_ubuntu_18.04.sh,https://github.com/faisalman/ua-parser-js.git
u/ua-parser-js,ua-parser-js,master,node,,u/ua-parser-js/ua_parser_js_ubi8_3.sh,https://github.com/faisalman/ua-parser-js.git
u/uc.micro,uc.micro,1.0.6,node,,u/uc.micro/uc.micro_rhel_8.3.sh,https://github.com/markdown-it/uc.micro
u/unbox-primitive,unbox-primitive,1.0.1,node,,u/unbox-primitive/unbox-primitive_rhel_8.3.sh,https://github.com/ljharb/unbox-primitive
u/unescape-js,unescape-js,1.1.4,node,,u/unescape-js/unescape-js_rhel_8.3.sh,https://github.com/iamakulov/unescape-js
u/ungap__promise-all-settled,ungap__promise-all-settled,1.1.2,node,,u/ungap__promise-all-settled/ungap__promise-all-settled_rhel_8.3.sh,https://github.com/ungap/promise-all-settled
u/unherit,unherit,1.1.3,node,,u/unherit/unherit_rhel_8.3.sh,https://github.com/wooorm/unherit
u/unicode-match-property-value-ecmascript,unicode-match-property-value-ecmascript,1.2.0,node,,u/unicode-match-property-value-ecmascript/unicode-match-property-value-ecmascript_rhel_8.3.sh,https://github.com/mathiasbynens/unicode-match-property-value-ecmascript
u/unicode-property-aliases-ecmascript,unicode-property-aliases-ecmascript,1.1.0,node,,u/unicode-property-aliases-ecmascript/unicode-property-aliases-ecmascript_rhel_8.3.sh,https://github.com/mathiasbynens/unicode-property-aliases-ecmascript
u/union-value,union-value,1.0.0,node,,u/union-value/union-value_rhel_8.3.sh,https://github.com/jonschlinkert/union-value
u/unique-stream,unique-stream,2.3.1,node,,u/unique-stream/unique-stream_rhel_8.3.sh,https://github.com/eugeneware/unique-stream
u/unique-string,unique-string,2.0.0,node,,u/unique-string/unique-string_rhel_8.3.sh,https://github.com/sindresorhus/unique-string
u/unpipe,unpipe,1.0.0,node,,u/unpipe/unpipe_rhel_8.3.sh,https://github.com/stream-utils/unpipe
u/unset-value,unset-value,1.0.0,node,,u/unset-value/unset-value_rhel_8.3.sh,https://github.com/jonschlinkert/unset-value
u/upath,upath,v1.2.0,node,,u/upath/upath_ubi_8.4.sh,https://github.com/anodynos/upath
u/update-notifier,update-notifier,5.1.0,node,,u/update-notifier/update-notifier_rhel_8.3.sh,https://github.com/yeoman/update-notifier
u/upper-case,upper-case,2.0.1,node,,u/upper-case/upper-case_rhel_8.3.sh,https://github.com/blakeembrey/change-case
u/upper-case-first,upper-case-first,2.0.1,node,,u/upper-case-first/upper-case-first_rhel_8.3.sh,https://github.com/blakeembrey/change-case
u/uri-js,uri-js,4.4.1,node,,u/uri-js/uri-js_rhel_8.3.sh,https://github.com/garycourt/uri-js
u/urix,urix,0.1.0,node,,u/urix/urix_rhel_8.3.sh,https://github.com/lydell/urix
u/url-parse-lax,url-parse-lax,1.0.0,node,,u/url-parse-lax/url-parse-lax_rhel_8.3.sh,https://github.com/sindresorhus/url-parse-lax
u/url-slug,url-slug,2.3.2,node,,u/url-slug/url-slug_rhel_8.3.sh,https://github.com/stldo/url-slug
u/url-to-options,url-to-options,1.0.1,node,,u/url-to-options/url-to-options_rhel_8.3.sh,https://github.com/stevenvachon/url-to-options
u/use,use,3.1.1,node,,u/use/use_rhel_8.3.sh,https://github.com/jonschlinkert/use
u/use-composed-ref,use-composed-ref,1.1.0,node,,u/use-composed-ref/use-composed-ref_rhel_8.3.sh,https://github.com/Andarist/use-composed-ref
u/use-isomorphic-layout-effect,use-isomorphic-layout-effect,1.1.1,node,,u/use-isomorphic-layout-effect/use-isomorphic-layout-effect_rhel_8.3.sh,https://github.com/Andarist/use-isomorphic-layout-effect
u/use-latest,use-latest,1.2.0,node,,u/use-latest/use-latest_rhel_8.3.sh,https://github.com/Andarist/use-latest
u/utf8,utf8,3.0.0,node,,u/utf8/utf8_rhel_8.3.sh,https://github.com/mathiasbynens/utf8.js
u/util,util,0.11.1,node,,u/util/util_rhel_8.3.sh,https://github.com/browserify/node-util
u/util-extend,util-extend,1.0.3,node,,u/util-extend/util-extend_rhel_8.3.sh,https://github.com/isaacs/util-extend
u/util-promisify,util-promisify,2.1.0,node,,u/util-promisify/util-promisify_rhel_8.3.sh,https://github.com/juliangruber/util-promisify
u/util.promisify,util.promisify,1.0.0,node,,u/util.promisify/util.promisify_rhel_8.3.sh,https://github.com/ljharb/util.promisify
u/utils-extend,utils-extend,1.0.8,node,,u/utils-extend/utils-extend_rhel_8.3.sh,https://github.com/douzi8/utils-extend
u/utils-merge,utils-merge,1.0.1,node,,u/utils-merge/utils-merge_rhel_8.3.sh,https://github.com/jaredhanson/utils-merge
u/uuid-parse,uuid-parse,1.1.0,node,,u/uuid-parse/uuid-parse_rhel_8.3.sh,https://github.com/zefferus/uuid-parse
v/v8-compile-cache,v8-compile-cache,2.3.0,node,,v/v8-compile-cache/v8-compile-cache_rhel_8.3.sh,https://github.com/zertosh/v8-compile-cache
v/v8-to-istanbul,v8-to-istanbul,4.1.4,node,,v/v8-to-istanbul/v8-to-istanbul_rhel_8.3.sh,https://github.com/istanbuljs/v8-to-istanbul
v/validate-npm-package-license,validate-npm-package-license,3.0.1,node,,v/validate-npm-package-license/validate-npm-package-license_rhel_8.3.sh,https://github.com/kemitchell/validate-npm-package-license.js
v/validate-npm-package-name,validate-npm-package-name,3.0.0,node,,v/validate-npm-package-name/validate-npm-package-name_rhel_8.3.sh,https://github.com/npm/validate-npm-package-name
v/validator,validator,9.4.1,node,,v/validator/validator_rhel_8.3.sh,https://github.com/validatorjs/validator.js
v/value-equal,value-equal,1.0.1,node,,v/value-equal/value-equal_rhel_8.3.sh,https://github.com/mjackson/value-equal
v/vanderlaan__nconf-secrets,vanderlaan__nconf-secrets,1.0.1,node,,v/vanderlaan__nconf-secrets/vanderlaan__nconf-secrets_rhel_8.3.sh,https://github.com/bvanderlaan/nconf-secrets
v/vary,vary,1.1.2,node,,v/vary/vary_rhel_8.3.sh,https://github.com/jshttp/vary
v/vasync,vasync,2.2.0,node,,v/vasync/vasync_rhel_8.3.sh,https://github.com/davepacheco/node-vasync
v/vendors,vendors,1.0.4,node,,v/vendors/vendors_rhel_8.3.sh,https://github.com/wooorm/vendors
v/verror,verror,1.6.0,node,,v/verror/verror_rhel_8.3.sh,https://github.com/davepacheco/node-verror
v/vinyl,vinyl,2.2.1,node,,v/vinyl/vinyl_rhel_8.3.sh,https://github.com/gulpjs/vinyl
w/w3c-hr-time,w3c-hr-time,1.0.2,node,,w/w3c-hr-time/w3c-hr-time_rhel_8.3.sh,https://github.com/jsdom/w3c-hr-time
w/w3c-xmlserializer,w3c-xmlserializer,1.1.2,node,,w/w3c-xmlserializer/w3c-xmlserializer_rhel_8.3.sh,https://github.com/jsdom/w3c-xmlserializer
w/warning-symbol,warning-symbol,0.1.0,node,,w/warning-symbol/warning-symbol_rhel_8.3.sh,https://github.com/jonschlinkert/warning-symbol
w/watchpack,watchpack,1.7.5,node,,w/watchpack/watchpack_rhel_8.3.sh,https://github.com/webpack/watchpack
w/watchpack,watchpack,1.7.5,node,,w/watchpack/watchpack_ubi_8.3.sh,https://github.com/webpack/watchpack
w/wazuh-api,wazuh-api,v3.13.6,javascript,,w/wazuh-api/wazuh-api_ubi_8.7.sh,https://github.com/wazuh/wazuh-api
w/weakset,weakset,0.2.2,node,,w/weakset/weakset_rhel_8.3.sh,https://github.com/dfcreative/weakset
w/webidl-conversions,webidl-conversions,4.0.2,node,,w/webidl-conversions/webidl-conversions_rhel_8.3.sh,https://github.com/jsdom/webidl-conversions
w/webpack-dev-middleware,webpack-dev-middleware,3.7.3,node,,w/webpack-dev-middleware/webpack-dev-middleware_rhel_8.3.sh,https://github.com/webpack/webpack-dev-middleware
w/webpack-log,webpack-log,2.0.0,node,,w/webpack-log/webpack-log_rhel_8.3.sh,https://github.com/shellscape/webpack-log
w/webpack-sources,webpack-sources,1.4.3,node,,w/webpack-sources/webpack-sources_rhel_8.3.sh,https://github.com/webpack/webpack-sources
w/websocket-driver,websocket-driver,0.7.4,node,,w/websocket-driver/websocket-driver_rhel_8.3.sh,https://github.com/faye/websocket-driver-node
w/websocket-extensions,websocket-extensions,0.1.4,node,,w/websocket-extensions/websocket-extensions_rhel_8.3.sh,https://github.com/faye/websocket-extensions-node
w/whatwg-mimetype,whatwg-mimetype,2.3.0,node,,w/whatwg-mimetype/whatwg-mimetype_rhel_8.3.sh,https://github.com/jsdom/whatwg-mimetype
w/whatwg-url,whatwg-url,7.1.0,node,,w/whatwg-url/whatwg-url_rhel_8.3.sh,https://github.com/jsdom/whatwg-url
w/which-boxed-primitive,which-boxed-primitive,1.0.2,node,,w/which-boxed-primitive/which-boxed-primitive_rhel_8.3.sh,https://github.com/inspect-js/which-boxed-primitive
w/which-module,which-module,2.0.0,node,,w/which-module/which-module_rhel_8.3.sh,https://github.com/nexdrew/which-module
w/wide-align,wide-align,1.1.3,node,,w/wide-align/wide-align_rhel_8.3.sh,https://github.com/iarna/wide-align
w/with-open-file,with-open-file,0.1.7,node,,w/with-open-file/with-open-file_rhel_8.3.sh,https://github.com/raphinesse/with-open-file
w/word-count,word-count,0.2.2,node,,w/word-count/word-count_rhel_8.3.sh,https://github.com/yuehu/word-count
w/worker-farm,worker-farm,1.5.1,node,,w/worker-farm/worker-farm_rhel_8.3.sh,https://github.com/rvagg/node-worker-farm
w/worker-rpc,worker-rpc,0.1.1,node,,w/worker-rpc/worker-rpc_rhel_8.3.sh,https://github.com/DirtyHairy/worker-rpc
w/wrappy,wrappy,1.0.2,node,,w/wrappy/wrappy_rhel_8.3.sh,https://github.com/npm/wrappy
w/write,write,0.2.1,node,,w/write/write_rhel_8.3.sh,https://github.com/jonschlinkert/write
w/write-file-atomic,write-file-atomic,2.4.1,node,,w/write-file-atomic/write-file-atomic_rhel_8.3.sh,https://github.com/npm/write-file-atomic
w/write-file-atomic,write-file-atomic,v3.0.3,node,,w/write-file-atomic/write-file-atomic_ubi_8.4.sh,https://github.com/npm/write-file-atomic
w/ws,ws,master,node,,w/ws/ws_master_ubi_8.5.sh,https://github.com/websockets/ws
w/ws,ws,7.4.4,node,,w/ws/ws_rhel_8.3.sh,https://github.com/websockets/ws
x/x-is-string,x-is-string,0.1.0,node,,x/x-is-string/x-is-string_rhel_8.3.sh,https://github.com/Matt-Esch/x-is-string
x/x256,x256,0.0.2,node,,x/x256/x256_rhel_8.3.sh,https://github.com/substack/node-x256
x/xdg-basedir,xdg-basedir,4.0.0,node,,x/xdg-basedir/xdg-basedir_rhel_8.3.sh,https://github.com/sindresorhus/xdg-basedir
x/xml-name-validator,xml-name-validator,3.0.0,node,,x/xml-name-validator/xml-name-validator_rhel_8.3.sh,https://github.com/jsdom/xml-name-validator
x/xmlchars,xmlchars,2.2.0,node,,x/xmlchars/xmlchars_rhel_8.3.sh,https://github.com/lddubeau/xmlchars
x/xmldom,xmldom,0.5.0,node,,x/xmldom/xmldom_rhel_8.3.sh,https://github.com/xmldom/xmldom
x/xtend,xtend,4.0.2,node,,x/xtend/xtend_rhel_8.3.sh,https://github.com/Raynos/xtend
y/y18n,y18n,5.0.8,node,,y/y18n/y18n_rhel_8.3.sh,https://github.com/yargs/y18n
y/yamljs,yamljs,0.3.0,node,,y/yamljs/yamljs_rhel_8.3.sh,https://github.com/jeremyfa/yaml.js
y/yauzl,yauzl,2.10.0,node,,y/yauzl/yauzl_rhel_8.3.sh,https://github.com/thejoshwolfe/yauzl
y/yeoman-generator,yeoman-generator,4.13.0,node,,y/yeoman-generator/yeoman-generator_rhel_8.3.sh,https://github.com/yeoman/generator
y/ylru,ylru,1.2.1,node,,y/ylru/ylru_rhel_8.3.sh,https://github.com/node-modules/ylru
y/yocto-queue,yocto-queue,0.1.0,node,,y/yocto-queue/yocto-queue_rhel_8.3.sh,https://github.com/sindresorhus/yocto-queue
z/zip-stream,zip-stream,1.2.0,node,,z/zip-stream/zip-stream_rhel_8.3.sh,https://github.com/archiverjs/node-zip-stream
a/aaargh,aaargh,0.7.1,python,,a/aaargh/aaargh_rhel_7.3.sh,https://github.com/wbolster/aaargh
a/aaargh,aaargh,0.7.1,python,,a/aaargh/aaargh_ubuntu_16.04.sh,https://github.com/wbolster/aaargh
a/abraham__twitteroauth,abraham__twitteroauth,0.9,php,,a/abraham__twitteroauth/abraham__twitteroauth_rhel_8.3.sh,https://github.com/abraham/twitteroauth
a/aniso8601,aniso8601,v8.0.0,python,,a/aniso8601/aniso8601_rhel_7.6.sh,https://bitbucket.org/nielsenb/aniso8601/src/master/
a/apache-poi,apache-poi,REL_5_2_3,java,,a/apache-poi/apache-poi_ubi_8_7.sh,https://github.com/apache/poi
a/apache-tomcat-native,apache-tomcat-native,1.2.28,python,,a/apache-tomcat-native/tomcat-native.sh,https://github.com/apache/tomcat-native.git
a/api-asn1-api,api-asn1-api,1.0.0.m20,java,,a/api-asn1-api/api-asn1-api_rhel_8.3.sh,https://github.com/apache/directory-ldap-api
a/arraymanagement,arraymanagement,0.2,python,,a/arraymanagement/arraymanagement_rhel_7.3.sh,https://github.com/ContinuumIO/ArrayManagement.git
a/arraymanagement,arraymanagement,0.2,python,,a/arraymanagement/arraymanagement_ubuntu_16.04.sh,https://github.com/ContinuumIO/ArrayManagement.git
a/arraymanagement,arraymanagement,,python,,a/arraymanagement/conda.recipe/build.sh,
a/asm,asm,ASM_9_7,java,,a/asm/asm_ubi_9.3.sh,https://gitlab.ow2.org/asm/asm
a/asm,asm,ASM_9_2,java,,a/asm/asm_ubi_8.3.sh,https://gitlab.ow2.org/asm/asm
a/asm89__stack-cors,asm89__stack-cors,1.3.0,php,,a/asm89__stack-cors/asm89__stack-cors_rhel_8.3.sh,https://github.com/asm89/stack-cors
a/asttokens,asttokens,v2.0.5,python,,a/asttokens/asttokens_ubi_8.4.sh,https://github.com/gristlabs/asttokens
b/badger,badger,${1:-,go,,b/badger/badger_ubi_8.5.sh,https://github.com/dgraph-io/badger
b/bandersnatch,bandersnatch,2.0.0,python,,b/bandersnatch/bandersnatch_rhel_7.3.sh,https://bitbucket.org/pypa/bandersnatch
b/bandersnatch,bandersnatch,6.5.0,python,,b/bandersnatch/bandersnatch_ubi_9_3.sh,https://github.com/pypa/bandersnatch
b/bandersnatch,bandersnatch,2.0.0,python,,b/bandersnatch/bandersnatch_ubuntu_16.04.sh,https://bitbucket.org/pypa/bandersnatch
b/bandersnatch,bandersnatch,,python,,b/bandersnatch/conda.recipe/build.sh,
b/behat__behat,behat__behat,3.2,php,,b/behat__behat/behat__behat_rhel_8.3.sh,https://github.com/Behat/Behat
b/behat__gherkin,behat__gherkin,4.8.0,php,,b/behat__gherkin/behat__gherkin_rhel_8.3.sh,https://github.com/Behat/Gherkin
b/behat__transliterator,behat__transliterator,1.3.0,php,,b/behat__transliterator/behat__transliterator_rhel_8.3.sh,https://github.com/Behat/Transliterator
b/blockspring,blockspring,0.1.13,python,,b/blockspring/blockspring_ubuntu_16.04.sh,https://github.com/blockspring/blockspring.py
b/blockspring,blockspring,,python,,b/blockspring/conda.recipe/build.sh,
c/camel-k,camel-k,v2.6.0,go,,c/camel-k/camel-k_rhel8.2.sh,https://github.com/apache/camel-k
c/caxy__php-htmldiff,caxy__php-htmldiff,0.1.11,php,,c/caxy__php-htmldiff/caxy__php-htmldiff_rhel_8.3.sh,https://github.com/caxy/php-htmldiff
c/chest,chest,0.2.3,python,,c/chest/chest_rhel_7.3.sh,https://github.com/blaze/chest
c/chest,chest,0.2.3,python,,c/chest/chest_ubuntu_16.04.sh,https://github.com/blaze/chest
c/chi-teck__drupal-code-generator,chi-teck__drupal-code-generator,1.32.1,php,,c/chi-teck__drupal-code-generator/chi-teck__drupal-code-generator_rhel_8.3.sh,https://github.com/Chi-teck/drupal-code-generator
c/cloud.google.com-go-firestore,cloud.google.com-go-firestore,firestore/v1.1.0,go,,c/cloud.google.com-go-firestore/cloud.google.com-go-firestore_ubi8.5.sh,https://github.com/googleapis/google-cloud-go
c/cloudant-client,cloudant-client,2.19.0,java,,c/cloudant-client/cloudant-client_rhel_8.3.sh,https://github.com/IBM/cloudant-java-sdk
c/cloudant-http,cloudant-http,2.19.0,java,,c/cloudant-http/cloudant-http_rhel_8.3.sh,https://github.com/IBM/cloudant-java-sdk
c/cloudnative-pg,cloudnative-pg,v1.23.2,go,,c/cloudnative-pg/cloudnative-pg-v1.23.2-ubuntu22.04.sh,https://github.com/cloudnative-pg/${PACKAGE_NAME}.git
c/cloudnative-pg,cloudnative-pg,release-1.25,go,,c/cloudnative-pg/cloudnative-pg_release-1.25_ubi_9.3.sh,https://github.com/cloudnative-pg/${PACKAGE_NAME}.git
c/clyent,clyent,1.2.2,python,,c/clyent/clyent_rhel_7.3.sh,https://github.com/Anaconda-Platform/clyent
c/clyent,clyent,1.2.2,python,,c/clyent/clyent_ubuntu_16.04.sh,https://github.com/Anaconda-Platform/clyent
c/commerceguys__addressing,commerceguys__addressing,1.2.0,php,,c/commerceguys__addressing/commerceguys__addressing_rhel_8.3.sh,https://github.com/commerceguys/addressing
c/commerceguys__intl,commerceguys__intl,1.0.8,php,,c/commerceguys__intl/commerceguys__intl_rhel_8.3.sh,https://github.com/commerceguys/intl
c/composer__ca-bundle,composer__ca-bundle,1.2.9,php,,c/composer__ca-bundle/composer__ca-bundle_rhel_8.3.sh,https://github.com/composer/ca-bundle
c/composer__installers,composer__installers,1.2,php,,c/composer__installers/composer__installers_rhel_8.3.sh,https://github.com/composer/installers
c/composer__metadata-minifier,composer__metadata-minifier,1.0.0,php,,c/composer__metadata-minifier/composer__metadata-minifier_rhel_8.3.sh,https://github.com/composer/metadata-minifier
c/composer__semver,composer__semver,1.7.2,php,,c/composer__semver/composer__semver_rhel_8.3.sh,https://github.com/composer/semver
c/composer__spdx-licenses,composer__spdx-licenses,1.5.2,php,,c/composer__spdx-licenses/composer__spdx-licenses_rhel_8.3.sh,https://github.com/composer/spdx-licenses
c/composer__xdebug-handler,composer__xdebug-handler,1.4.2,php,,c/composer__xdebug-handler/composer__xdebug-handler_UBI_8.5.sh,https://github.com/composer/xdebug-handler
c/composer__xdebug-handler,composer__xdebug-handler,1.4.0,php,,c/composer__xdebug-handler/composer__xdebug-handler_rhel_8.3.sh,https://github.com/composer/xdebug-handler
c/consolidation__annotated-command,consolidation__annotated-command,4.2.1,php,,c/consolidation__annotated-command/consolidation__annotated-command_rhel_8.3.sh,https://github.com/consolidation/annotated-command
c/consolidation__config,consolidation__config,1.2,php,,c/consolidation__config/consolidation__config_rhel_8.3.sh,https://github.com/consolidation/config
c/consolidation__filter-via-dot-access-data,consolidation__filter-via-dot-access-data,1.0.0,php,,c/consolidation__filter-via-dot-access-data/consolidation__filter-via-dot-access-data_rhel_8.3.sh,https://github.com/consolidation/filter-via-dot-access-data
c/consolidation__log,consolidation__log,2.0.2,php,,c/consolidation__log/consolidation__log_rhel_8.3.sh,https://github.com/consolidation/log
c/consolidation__output-formatters,consolidation__output-formatters,3.3.1,php,,c/consolidation__output-formatters/consolidation__output-formatters_rhel_8.3.sh,https://github.com/consolidation/output-formatters
c/consolidation__robo,consolidation__robo,2.0.2,php,,c/consolidation__robo/consolidation__robo_UBI_8.5.sh,https://github.com/consolidation/robo.git
c/consolidation__robo,consolidation__robo,1.4.6,php,,c/consolidation__robo/consolidation__robo_rhel_8.3.sh,https://github.com/consolidation/Robo
c/consolidation__site-alias,consolidation__site-alias,3.1.0,php,,c/consolidation__site-alias/consolidation__site-alias_rhel_8.3.sh,https://github.com/consolidation/site-alias
c/constantly,constantly,15.1.0,python,,c/constantly/constantly_rhel_7.3.sh,https://github.com/twisted/constantly
c/constantly,constantly,15.1.0,python,,c/constantly/constantly_ubuntu_16.04.sh,https://github.com/twisted/constantly
c/constructor,constructor,3.7.0,python,,c/constructor/constructor_ubi_9_3.sh,https://github.com/conda/constructor
c/constructor,constructor,3.6.0,python,,c/constructor/constructor_ubi_8_7.sh,https://github.com/conda/constructor
c/container-interop__container-interop,container-interop__container-interop,1.2.0,php,,c/container-interop__container-interop/container-interop__container-interop_rhel_8.3.sh,https://github.com/container-interop/container-interop
c/copy,copy,v1.7.0,go,,c/copy/copy_ubi_8.5.sh,https://github.com/otiai10/copy
c/counterfeiter,counterfeiter,v6.2.2,go,,c/counterfeiter/counterfieter_ubi_8.5.sh,https://github.com/maxbrunsfeld/counterfeiter
c/crunchy-containers,crunchy-containers,v4.7.2,go,,c/crunchy-containers/crunchy-containers_ubi_8.5.sh,https://github.com/CrunchyData/crunchy-containers
c/cryptacular,cryptacular,v1.2.6,java,,c/cryptacular/cryptacular_ubi_8.7.sh,https://github.com/vt-middleware/cryptacular.git
c/cryptacular,cryptacular,,java,,c/cryptacular/conda.recipe/build.sh,
c/cryptacular,cryptacular,1.2.1,java,,c/cryptacular/cryptacular_rhel_7.3.sh,https://github.com/vt-middleware/cryptacular
c/cryptacular,cryptacular,1.2.1,java,,c/cryptacular/cryptacular_ubuntu_16.04.sh,https://github.com/vt-middleware/cryptacular
c/custodia,custodia,,python,,c/custodia/custodia_v0.6.0.sh,https://github.com/latchset/custodia.git
d/d,dgraph-io_badger,${1:-,go,,d/d/dgraph-io_badger/badger_ubi_8.5.sh,https://github.com/dgraph-io/badger
d/datadog-agent,datadog-agent,7.54.1,go,,d/datadog-agent/datadog-agent_7.54.1_ubi_9.3.sh,https://github.com/DataDog/datadog-agent.git
d/datadog-agent,datadog-agent,7.38.2,go,,d/datadog-agent/datadog-agent_7.38.2_ubi_8.5.sh,https://github.com/DataDog/datadog-agent.git
d/datadog-agent,datadog-agent,7.39.0,go,,d/datadog-agent/datadog-agent_7.39.0_ubi_8.5.sh,https://github.com/DataDog/datadog-agent.git
d/datadog-agent,datadog-agent,7.42.2,go,,d/datadog-agent/datadog-agent_7.42.2_ubi_8.5.sh,https://github.com/DataDog/datadog-agent.git
d/datadog-agent,datadog-agent,7.21.0,python,,d/datadog-agent/datadog_sles12_sp5.sh,https://github.com/DataDog/datadog-agent.git
d/datadog-agent,datadog-agent,main,go,,d/datadog-agent/datadog-agent_ubi_8.4.sh,https://github.com/DataDog/datadog-agent.git
d/demjson,demjson,release-2.2.4,python,,d/demjson/demjson_rhel_7.6.sh,https://github.com/dmeranda/demjson.git
d/dflydev__dot-access-data,dflydev__dot-access-data,1.1.0,php,,d/dflydev__dot-access-data/dflydev__dot-access-data_rhel_8.3.sh,https://github.com/dflydev/dflydev-dot-access-data
d/dflydev__dot-access-data,dflydev__dot-access-data,v2.0.0,php,,d/dflydev__dot-access-data/dot-access-data_ubi_8.5.sh,https://github.com/dflydev/dflydev-dot-access-data
d/disco,disco,0.5.4,python,,d/disco/disco_ubuntu_16.04.sh,https://github.com/discoproject/disco
d/doctrine__annotations,doctrine__annotations,1.4,php,,d/doctrine__annotations/doctrine__annotations_rhel_8.3.sh,https://github.com/doctrine/annotations
d/doctrine__collections,doctrine__collections,1.3,php,,d/doctrine__collections/doctrine__collections_rhel_8.3.sh,https://github.com/doctrine/collections
d/doctrine__common,doctrine__common,2.13.3,php,,d/doctrine__common/doctrine__common_rhel_8.3.sh,https://github.com/doctrine/common
d/doctrine__event-manager,doctrine__event-manager,1.1.0,php,,d/doctrine__event-manager/doctrine__event-manager_rhel_8.3.sh,https://github.com/doctrine/event-manager
d/doctrine__inflector,doctrine__inflector,1.4.3,php,,d/doctrine__inflector/doctrine__inflector_rhel_8.3.sh,https://github.com/doctrine/inflector
d/doctrine__instantiator,doctrine__instantiator,1.2,php,,d/doctrine__instantiator/doctrine__instantiator_rhel_8.3.sh,https://github.com/doctrine/instantiator
d/doctrine__lexer,doctrine__lexer,1.0.1,php,,d/doctrine__lexer/doctrine__lexer_rhel_8.3.sh,https://github.com/doctrine/lexer
d/doctrine__persistence,doctrine__persistence,1.3.6,php,,d/doctrine__persistence/doctrine__persistence_rhel_8.3.sh,https://github.com/doctrine/persistence
d/dropbox,dropbox,,python,,d/dropbox/conda.recipe/build.sh,
d/drupal-back_to_top,drupal-back_to_top,8.x-1.1,php,,d/drupal-back_to_top/drupal-back_to_top_ubi_8.5.sh,https://git.drupalcode.org/project/back_to_top
d/drupal-change_pwd_page,drupal-change_pwd_page,8.x-1.0,php,,d/drupal-change_pwd_page/drupal-change_pwd_page_ubi_8.5.sh,https://git.drupalcode.org/project/change_pwd_page
d/drupal-check_dns,drupal-check_dns,8.x-1.3,php,,d/drupal-check_dns/drupal-check_dns_ubi_8.5.sh,https://git.drupalcode.org/project/check_dns
d/drupal-jquery_ui,drupal-jquery_ui,8.x-1.4,php,,d/drupal-jquery_ui/drupal-jquery_ui_ubi_8.5.sh,https://git.drupalcode.org/project/jquery_ui
d/drupal-slick_views,drupal-slick_views,8.x-2.4,php,,d/drupal-slick_views/drupal-slick_views_ubi_8.5.sh,https://git.drupalcode.org/project/slick_views
d/drupal-social_media_links,drupal-social_media_links,8.x-2.8,php,,d/drupal-social_media_links/drupal-social_media_links_ubi_8.5.sh,https://git.drupalcode.org/project/social_media_links
d/drupal-ultimate_cron,drupal-ultimate_cron,7.x-2.0,php,,d/drupal-ultimate_cron/drupal-ultimate_cron_ubi_8.5.sh,https://git.drupalcode.org/project/ultimate_cron
d/drupal-unlimited_number,drupal-unlimited_number,2.0.1,php,,d/drupal-unlimited_number/drupal-unlimited_number_ubi_8.5.sh,https://git.drupalcode.org/project/unlimited_number
d/drupal-views_autocomplete_filters,drupal-views_autocomplete_filters,8.x-1.3,php,,d/drupal-views_autocomplete_filters/drupal-views_autocomplete_filters_ubi_8.5.sh,https://git.drupalcode.org/project/views_autocomplete_filters
d/drupal_user_pwreset_timeout,drupal_user_pwreset_timeout,8.x-1.2,php,,d/drupal_user_pwreset_timeout/drupal_user_pwreset_timeout_ubi8.5.sh,https://git.drupalcode.org/project/user_pwreset_timeout
e/egulias__email-validator,egulias__email-validator,2.1.15,php,,e/egulias__email-validator/egulias__email-validator_rhel_8.3.sh,https://github.com/egulias/EmailValidator
e/eigenbase-properties,eigenbase-properties,1.1.5,java,,e/eigenbase-properties/eigenbase-properties_rhel_8.3.sh,https://github.com/julianhyde/eigenbase-properties
e/entrypoints,entrypoints,0.2.2,python,,e/entrypoints/entrypoints_rhel_7.3.sh,https://github.com/takluyver/entrypoints
e/entrypoints,entrypoints,0.4,python,,e/entrypoints/entrypoints_ubi_8_7.sh,https://github.com/takluyver/entrypoints
e/enyo__dropzone,enyo__dropzone,v5.9.2,php,,e/enyo__dropzone/enyo__dropzone_rhel_8.3.sh,https://github.com/dropzone/dropzone-packagist
e/ephem,ephem,3.7.6.0,python,,e/ephem/ephem_rhel_7.3.sh,https://github.com/brandon-rhodes/pyephem
e/etcd-client-v2,etcd-client-v2,client/v2.305.0,go,,e/etcd-client-v2/etcd-client-v2_ubi_8.5.sh,https://github.com/etcd-io/etcd
e/evil-transform,evil-transform,master,python,,e/evil-transform/evil_transform_rhel_7.6.sh,https://github.com/googollee/eviltransform.git
e/expressions,expressions,0.2.3,python,,e/expressions/expressions_rhel_7.3.sh,https://github.com/DataBrewery/expressions.git
e/expressions,expressions,0.2.3,python,,e/expressions/expressions_ubuntu_16.04.sh,https://github.com/DataBrewery/expressions.git
f/fabpot__goutte,fabpot__goutte,3.2.3,php,,f/fabpot__goutte/fabpot__goutte_rhel_8.3.sh,https://github.com/FriendsOfPHP/Goutte
f/faulthandler,faulthandler,2.6,python,,f/faulthandler/faulthandler_rhel_7.3.sh,https://github.com/haypo/faulthandler
f/findbugs-annotations,findbugs-annotations,3.0.1,java,,f/findbugs-annotations/findbugs-annotations_rhel_8.3.sh,https://github.com/stephenc/findbugs-annotations
f/findbugs-annotations,findbugs-annotations,master,java,,f/findbugs-annotations/findbugs-annotations_ubuntu_20.04.sh,https://github.com/stephenc/findbugs-annotations
f/flask-rdf,flask-rdf,v0.2.1,python,,f/flask-rdf/flask_restrdf_rhel_7.6.sh,https://github.com/hufman/flask_rdf
f/flask-restful,flask-restful,0.3.8,python,,f/flask-restful/flask_restful_rhel_7.6.sh,https://github.com/flask-restful/flask-restful
f/flask-restplus,flask-restplus,0.13.0,python,,f/flask-restplus/flask_restplus_rhel_7.6.sh,https://github.com/noirbizarre/flask-restplus
f/flask_ldap_login,flask_ldap_login,,python,,f/flask_ldap_login/conda.recipe/build.sh,
f/flask_ldap_login,flask_ldap_login,0.3.3,python,,f/flask_ldap_login/flask-ldap-login_ubuntu_16.04.sh,https://github.com/ContinuumIO/flask-ldap-login
f/flux2,flux2,v0.38.3,go,,f/flux2/flux2_v0.38.3_ubi_9.3.sh,https://github.com/fluxcd/${PACKAGE_NAME}
f/flyway-commandline,flyway-commandline,6.2.4,java,,f/flyway-commandline/flyway-commandline_rhel_8.3.sh,https://github.com/flyway/flyway
f/flyway-core,flyway-core,7.7.2,java,,f/flyway-core/flyway-core_rhel_8.3.sh,https://github.com/flyway/flyway
f/frr,frr,FRR 5.0 release,python,,f/frr/frr_ubuntu_16.04.sh,https://github.com/FRRouting/frr
f/func_timeout,func_timeout,4.3.5,python,,f/func_timeout/func_timeout_ubi_3.8.sh,https://github.com/kata198/func_timeout.git
f/futures,futures,3.0.5,python,,f/futures/futures_ubuntu_16.04.sh,https://github.com/agronholm/pythonfutures
g/Generex,Generex,1.0.1,java,,g/Generex/generex_rhel_8.3.sh,https://github.com/mifmif/Generex
g/Generex,Generex,1.0.2,java,,g/Generex/Generex.sh,https://github.com/mifmif/Generex
g/geronimo-annotation_1.1_spec,geronimo-annotation_1.1_spec,1,java,,g/geronimo-annotation_1.1_spec/geronimo-annotation_1.1_spec_rhel_8.3.sh,https://github.com/apache/geronimo-specs
g/geronimo-jaxrs_1.1_spec,geronimo-jaxrs_1.1_spec,1,java,,g/geronimo-jaxrs_1.1_spec/geronimo-jaxrs_1.1_spec_rhel_8.3.sh,https://github.com/apache/geronimo-specs
g/google-cloud-go,google-cloud-go,${1:-,go,,g/google-cloud-go/google-cloud-go_ubi8.5.sh,https://github.com/googleapis/google-cloud-go
g/google-ngrams,google-ngrams,4.0.1,python,,g/google-ngrams/google-ngrams_ubuntu_16.04.sh,https://github.com/dimazest/google-ngram-downloader
g/google_apputils,google_apputils,0.4.2,python,,g/google_apputils/google_apputils_rhel_7.3.sh,https://github.com/google/google-apputils
g/gotestyourself,gotestyourself,v3.0.1,go,,g/gotestyourself/gotestyourself_ubi_8.5.sh,https://github.com/gotestyourself/gotestyourself
g/graham-campbell__result-type,graham-campbell__result-type,1.0.1,php,,g/graham-campbell__result-type/graham-campbell__result-type_rhel_8.3.sh,https://github.com/GrahamCampbell/Result-Type
g/gridmap,gridmap,,python,,g/gridmap/conda.recipe/build.sh,
g/gridmap,gridmap,0.13.0,python,,g/gridmap/gridmap_rhel_7.3.sh,https://github.com/pygridtools/gridmap.git
g/gridmap,gridmap,0.13.0,python,,g/gridmap/gridmap_ubuntu_16.04.sh,https://github.com/pygridtools/gridmap.git
g/guzzlehttp__promises,guzzlehttp__promises,1.4.1,php,,g/guzzlehttp__promises/guzzlehttp__promises_rhel_8.3.sh,https://github.com/guzzle/promises
g/guzzlehttp__psr7,guzzlehttp__psr7,1.6.1,php,,g/guzzlehttp__psr7/guzzlehttp__psr7_rhel_8.3.sh,https://github.com/guzzle/psr7
gha-script/build_wheels.sh,gha-script,,python,,gha-script/build_wheels.sh,
gha-script/build_wheels.sh,gha-script,,python,,gha-script/pre_process.sh,
gha-script/build_wheels.sh,gha-script,,python,,gha-script/read_buildinfo.sh,
gha-script/build_wheels.sh,gha-script,,python,,gha-script/create_wheel_wrapper.sh,
h/h2o-py,h2o-py,3.10.4.8,python,,h/h2o-py/h2o-py_ubuntu_16.04_py27.sh,https://github.com/h2oai/h2o-3/tree/master/h2o-py
h/harvesthq__chosen,harvesthq__chosen,1.8.7,php,,h/harvesthq__chosen/harvesthq__chosen_rhel_8.3.sh,https://github.com/harvesthq/chosen-package
h/headers_workaround,headers_workaround,0.18,python,,h/headers_workaround/headers_workaround_rhel_7.3.sh,https://github.com/syllog1sm/headers_workaround.git
h/headers_workaround,headers_workaround,0.18,python,,h/headers_workaround/headers_workaround_ubuntu_16.04.sh,https://github.com/syllog1sm/headers_workaround.git
h/html2text__html2text,html2text__html2text,4.0.1,php,,h/html2text__html2text/html2text__html2text_rhel_8.3.sh,https://github.com/mtibben/html2text
h/humanfriendly,humanfriendly,8.1,python,,h/humanfriendly/humanfriendly_rhel_7.6.sh,https://github.com/xolox/python-humanfriendly
i/imagesize_py,imagesize_py,0.7.1,python,,i/imagesize_py/imagesize_rhel_7.3.sh,https://github.com/shibukawa/imagesize_py
i/imagesize_py,imagesize_py,1.4.1,python,,i/imagesize_py/imagesize_py_ubi_8_7.sh,https://github.com/shibukawa/imagesize_py
i/instaclick__php-webdriver,instaclick__php-webdriver,1.4.7,php,,i/instaclick__php-webdriver/instaclick__php-webdriver_rhel_8.3.sh,https://github.com/instaclick/php-webdriver
j/javax.inject,javax.inject,2.4.0.b34,java,,j/javax.inject/javax.inject_rhel_8.3.sh,https://github.com/javax-inject/javax-inject
j/javax.inject-1,javax.inject-1,1,java,,j/javax.inject-1/javax.inject-1_rhel_8.3.sh,https://github.com/javax-inject/javax-inject
j/jboss-transaction-api_1.2_spec,jboss-transaction-api_1.2_spec,1.1.1,java,,j/jboss-transaction-api_1.2_spec/jboss-transaction-api_1.2_spec_rhel_8.3.sh,https://github.com/jboss/jboss-transaction-api_spec
j/jean85__pretty-package-versions,jean85__pretty-package-versions,2.0.1,php,,j/jean85__pretty-package-versions/jean85__pretty-package-versions_rhel_8.3.sh,https://github.com/Jean85/pretty-package-versions
j/jekyll-theme-time-machine,jekyll-theme-time-machine,v0.1.1,ruby,,j/jekyll-theme-time-machine/jekyll-theme-time-machine_ubi_8.5.sh,https://github.com/pages-themes/time-machine
j/json-sanitizer,json-sanitizer,1.2.1,java,,j/json-sanitizer/json-sanitizer_rhel_8.3.sh,https://github.com/OWASP/json-sanitizer
j/json-smart,json-smart,2.5.1,java,,j/json-smart/json-smart_ubi_9_3.sh,https://github.com/netplex/json-smart-v2
j/json-smart,json-smart,2.2,java,,j/json-smart/json-smart_rhel_7.3.sh,https://github.com/netplex/json-smart-v2
j/json-smart,json-smart,2.2,java,,j/json-smart/json-smart_ubuntu_16.04.sh,https://github.com/netplex/json-smart-v2
j/junit4,junit4,r4.13.2,java,,j/junit4/junit4_ubi_9.3.sh,https://github.com/junit-team/junit4.git
j/jwt-utils,jwt-utils,0.2.5,java,,j/jwt-utils/jwt-utils_rhel_8.3.sh,https://github.com/auth0/java-jwt
k/katib,katib,v0.16.0,go,,k/katib/katib_rhel_8.2.sh,https://github.com/kubeflow/katib.git
k/kint-php__kint,kint-php__kint,3.3,php,,k/kint-php__kint/kint-php__kint_rhel_8.3.sh,https://github.com/kint-php/kint
k/knit,knit,,python,,k/knit/conda.recipe/build.sh,
k/knit,knit,0.2.1,python,,k/knit/knit_ubuntu_16.04.sh,https://github.com/dask/knit
l/lame,lame,3.100,python,,l/lame/lame_ubi_9.3.sh,https://downloads.sourceforge.net/sourceforge/$PACKAGE/$PACKAGE-$PACKAGE_VERSION.tar.gz
l/laminas__laminas-diactoros,laminas__laminas-diactoros,1.8.0,php,,l/laminas__laminas-diactoros/laminas__laminas-diactoros_ubi_8.5.sh,https://github.com/laminas/laminas-diactoros
l/laminas__laminas-escaper,laminas__laminas-escaper,2.7.0,php,,l/laminas__laminas-escaper/laminas__laminas-escaper_rhel_8.3.sh,https://github.com/laminas/laminas-escaper
l/laminas__laminas-feed,laminas__laminas-feed,2.14.0,php,,l/laminas__laminas-feed/laminas__laminas-feed_rhel_8.3.sh,https://github.com/laminas/laminas-feed
l/laminas__laminas-stdlib,laminas__laminas-stdlib,3.3.1,php,,l/laminas__laminas-stdlib/laminas__laminas-stdlib_rhel_8.3.sh,https://github.com/laminas/laminas-stdlib
l/laminas__laminas-zendframework-bridge,laminas__laminas-zendframework-bridge,1.2.0,php,,l/laminas__laminas-zendframework-bridge/laminas__laminas-zendframework-bridge_rhel_8.3.sh,https://github.com/laminas/laminas-zendframework-bridge
l/lasagne,lasagne,,python,,l/lasagne/conda.recipe/build.sh,
l/lasagne,lasagne,0.2.dev1,python,,l/lasagne/lasagne_ubuntu_16.04_py27.sh,https://github.com/Lasagne/Lasagne.git
l/leafo__scssphp,leafo__scssphp,0.6.7,php,,l/leafo__scssphp/leafo__scssphp_rhel_8.3.sh,https://github.com/leafo/scssphp
l/league__container,league__container,2.4.1,php,,l/league__container/league__container_rhel_8.3.sh,https://github.com/thephpleague/container
l/league__csv,league__csv,8.2.3,php,,l/league__csv/league__csv_rhel_8.3.sh,https://github.com/thephpleague/csv
l/league__oauth2-client,league__oauth2-client,2.4.1,php,,l/league__oauth2-client/league__oauth2-client_rhel_8.3.sh,https://github.com/thephpleague/oauth2-client
l/logstash-logback-encoder,logstash-logback-encoder,logstash-logback-encoder-7.4,java,,l/logstash-logback-encoder/logstash-logback-encoder_ubi_9_3.sh,https://github.com/logfellow/logstash-logback-encoder
l/logstash-logback-encoder,logstash-logback-encoder,4.9,node,,l/logstash-logback-encoder/logstash-logback-encoder_ubuntu_16.04.sh,https://github.com/logstash/logstash-logback-encoder
l/logstash-logback-encoder,logstash-logback-encoder,4.9,java,,l/logstash-logback-encoder/logstash-logback-encoder_rhel_7.3.sh,https://github.com/logstash/logstash-logback-encoder
m/maennchen__zipstream-php,maennchen__zipstream-php,2.1.0,php,,m/maennchen__zipstream-php/maennchen__zipstream-php_rhel_8.3.sh,https://github.com/maennchen/ZipStream-PHP
m/manageiq,manageiq,2.1.1,python,,m/manageiq/manageiq-pods/images/manageiq-ui-worker/container-assets/phantomjs_rhel_7.6.sh,https://github.com/ariya/phantomjs/
m/manageiq,manageiq,,node,,m/manageiq/manageiq-pods/images/manageiq-ui-worker/container-assets/npm_registry/npm_yarn_registry_cleanup.sh,
m/manageiq,manageiq,,node,,m/manageiq/manageiq-pods/images/manageiq-ui-worker/container-assets/npm_registry/yarn_registry_setup.sh,
m/markbaker__matrix,markbaker__matrix,2.1.2,php,,m/markbaker__matrix/markbaker__matrix_rhel_8.3.sh,https://github.com/MarkBaker/PHPMatrix
m/masterminds__html5,masterminds__html5,2.7.0,php,,m/masterminds__html5/masterminds__html5_rhel_8.3.sh,https://github.com/Masterminds/html5-php
m/mehrpadin__superfish,mehrpadin__superfish,2.1,php,,m/mehrpadin__superfish/mehrpadin__superfish_rhel_8.3.sh,https://github.com/mehrpadin/Superfish-for-Drupal
m/mikey179__vfsstream,mikey179__vfsstream,1.6.8,php,,m/mikey179__vfsstream/mikey179__vfsstream_rhel_8.3.sh,https://github.com/bovigo/vfsStream
m/mxnet,mxnet,1.0.0,python,,m/mxnet/mxnet_ubuntu_16.04_cpu.sh,https://github.com/apache/incubator-mxnet.git
m/mxnet,mxnet,1.0.0,python,,m/mxnet/mxnet_ubuntu_16.04_gpu.sh,https://github.com/apache/incubator-mxnet.git
m/mxnet,mxnet,1.0.0,python,,m/mxnet/mxnet_ubuntu_16.04_gpu_1.0.0.sh,https://github.com/apache/incubator-mxnet.git
m/mxnet,mxnet,1.0.0,python,,m/mxnet/mxnet_centos_7.4_gpu.sh,https://github.com/apache/incubator-mxnet.git
m/mxnet,mxnet,1.0.0,python,,m/mxnet/mxnet_rhel_7.4_cpu.sh,https://github.com/apache/incubator-mxnet.git
m/myclabs__deep-copy,myclabs__deep-copy,1.9.5,php,,m/myclabs__deep-copy/myclabs__deep-copy_rhel_8.3.sh,https://github.com/myclabs/DeepCopy
m/myclabs__php-enum,myclabs__php-enum,1.8.0,php,,m/myclabs__php-enum/myclabs__php-enum_rhel_8.3.sh,https://github.com/myclabs/php-enum
n/nb_config_manager,nb_config_manager,,python,,n/nb_config_manager/conda.recipe/build.sh,
n/nb_config_manager,nb_config_manager,0.1.3,python,,n/nb_config_manager/nb_config_manager_rhel_7.3.sh,https://github.com/Anaconda-Platform/nb_config_manager.git
n/nb_config_manager,nb_config_manager,0.1.3,python,,n/nb_config_manager/nb_config_manager_ubuntu_16.04.sh,https://github.com/Anaconda-Platform/nb_config_manager.git
n/nbsetuptools,nbsetuptools,,python,,n/nbsetuptools/conda.recipe/build.sh,
n/nbsetuptools,nbsetuptools,0.1.5,python,,n/nbsetuptools/nbsetuptools_rhel_7.3.sh,https://github.com/Anaconda-Platform/nbsetuptools.git
n/nbsetuptools,nbsetuptools,0.1.5,python,,n/nbsetuptools/nbsetuptools_ubuntu_16.04.sh,https://github.com/Anaconda-Platform/nbsetuptools.git
n/nikic__php-parser,nikic__php-parser,4.10.4,php,,n/nikic__php-parser/nikic__php-parser_rhel_8.3.sh,https://github.com/nikic/PHP-Parser
o/odo,odo,v3.13.0,go,,o/odo/odo_ubi_8.7.sh,https://github.com/redhat-developer/odo.git
o/ollama,ollama,v0.12.10,go,,o/ollama/ollama_v0.12.10_ubi_9.6.sh,https://github.com/ollama/ollama
o/ollama,ollama,v0.13.1,go,,o/ollama/ollama_v0.13.1_ubi_9.6.sh,https://github.com/ollama/ollama
o/ollama,ollama,v0.13.5,go,,o/ollama/ollama_v0.13.5_ubi_9.6.sh,https://github.com/ollama/ollama
o/opensearch-project-flow-framework,opensearch-project-flow-framework,2.19.2.0,java,,o/opensearch-project-flow-framework/opensearch-project-flow-framework_ubi_9.3.sh,https://github.com/${PACKAGE_ORG}/${PACKAGE_NAME}.git
o/opensearch-project-k-nn,opensearch-project-k-nn,2.19.2.0,java,,o/opensearch-project-k-nn/opensearch-project-k-NN_2.19.2.0_ubi_9.3.sh,https://github.com/opensearch-project/${PACKAGE_NAME}.git
o/opensearch-project-k-nn,opensearch-project-k-nn,${SCRIPT_PACKAGE_VERSION},java,,o/opensearch-project-k-nn/opensearch-project-k-NN_3.3.0.0_ubi_9.6.sh,https://github.com/opensearch-project/${PACKAGE_NAME}.git
o/opensearch-project-ml-commons,opensearch-project-ml-commons,2.19.2.0,java,,o/opensearch-project-ml-commons/ml-commons_2.19.2.0_ubi9.5.sh,https://github.com/${PACKAGE_ORG}/${PACKAGE_NAME}.git
o/opensearch-project-ml-commons,opensearch-project-ml-commons,$SCRIPT_PACKAGE_VERSION,java,,o/opensearch-project-ml-commons/ml-commons_3.3.0.0_ubi9.6.sh,https://github.com/${PACKAGE_ORG}/${PACKAGE_NAME}.git
o/opensearch-project-neural-search,opensearch-project-neural-search,2.19.2.0,java,,o/opensearch-project-neural-search/neural-search_2.19.2.0_ubi9.5.sh,https://github.com/${PACKAGE_ORG}/${PACKAGE_NAME}.git
o/opensearch-project-neural-search,opensearch-project-neural-search,$SCRIPT_PACKAGE_VERSION,java,,o/opensearch-project-neural-search/neural-search_3.3.0.0_ubi9.6.sh,https://github.com/${PACKAGE_ORG}/${PACKAGE_NAME}.git
o/opensearch-project-skills,opensearch-project-skills,2.19.2.0,java,,o/opensearch-project-skills/opensearch-project-skills_2.19.2.0_ubi_9.3.sh,https://github.com/${PACKAGE_ORG}/${PACKAGE_NAME}.git
o/opentelemetry-php,opentelemetry-php,${1:-,php,,o/opentelemetry-php/opentelemetry-php_ubi_8.5.sh,https://github.com/open-telemetry/opentelemetry-php.git
o/opentelemetry-ruby-contrib,opentelemetry-ruby-contrib,${1:-,ruby,,o/opentelemetry-ruby-contrib/opentelemetry-ruby-contrib_ubi_8.5.sh,https://github.com/open-telemetry/opentelemetry-ruby-contrib
o/orange3,orange3,,python,,o/orange3/conda.recipe/build.sh,
o/orange3,orange3,3.4.5,python,,o/orange3/orange3_ubuntu_16.04.sh,https://github.com/biolab/orange3.git
o/ordereddict,ordereddict,,python,,o/ordereddict/conda.recipe/build.sh,
o/ordereddict,ordereddict,1.1,python,,o/ordereddict/ordereddict_ubuntu_16.04_py27.sh,https://github.com/sprintly/ordereddict.git
o/org.aspectj,org.aspectj,V1_9_20_1,java,,o/org.aspectj/aspectj_ubi_9.3.sh,https://github.com/eclipse/org.aspectj
o/org.aspectj,org.aspectj,V1_9_7,java,,o/org.aspectj/AspectJweaver_ubi_8.3.sh,https://github.com/eclipse/org.aspectj
p/pastedeploy,pastedeploy,1.5.2,python,,p/pastedeploy/pastedeploy_rhel_7.3.sh,https://bitbucket.org/ianb/pastedeploy
p/pear__console_getopt,pear__console_getopt,1.4.3,php,,p/pear__console_getopt/pear__console_getopt_rhel_8.3.sh,https://github.com/pear/Console_Getopt
p/pear__pear-core-minimal,pear__pear-core-minimal,1.10.10,php,,p/pear__pear-core-minimal/pear__pear-core-minimal_rhel_8.3.sh,https://github.com/pear/pear-core-minimal
p/pep381client,pep381client,,python,,p/pep381client/conda.recipe/build.sh,
p/pep381client,pep381client,1.5,python,,p/pep381client/pep381client_ubuntu_16.04_py27.sh,https://bitbucket.org/loewis/pep381client
p/petlx,petlx,,python,,p/petlx/conda.recipe/build.sh,
p/petlx,petlx,1.0.3,python,,p/petlx/petlx_rhel_7.3.sh,https://github.com/alimanfoo/petlx.git
p/petlx,petlx,1.0.3,python,,p/petlx/petlx_ubuntu_16.04.sh,https://github.com/alimanfoo/petlx.git
p/phantomjs,phantomjs,2.1.1,python,,p/phantomjs/phantomjs_rhel_7.2.sh,https://github.com/ariya/phantomjs/
p/phantomjs,phantomjs,2.1.1,python,,p/phantomjs/phantomjs_rhel_7.6.sh,https://github.com/ariya/phantomjs/
p/phantomjs,phantomjs,2.1.1,python,,p/phantomjs/phantomjs_ubuntu_16.04.sh,https://github.com/ariya/phantomjs/
p/phar-io__manifest,phar-io__manifest,1.0.3,php,,p/phar-io__manifest/phar-io__manifest_rhel_8.3.sh,https://github.com/phar-io/manifest
p/phpdocumentor__reflection-common,phpdocumentor__reflection-common,2.2,php,,p/phpdocumentor__reflection-common/phpdocumentor__reflection-common_rhel_8.3.sh,https://github.com/phpDocumentor/ReflectionCommon
p/phpdocumentor__reflection-docblock,phpdocumentor__reflection-docblock,4.3.4,php,,p/phpdocumentor__reflection-docblock/phpdocumentor__reflection-docblock_rhel_8.3.sh,https://github.com/phpDocumentor/ReflectionDocBlock
p/phpoffice__phpspreadsheet,phpoffice__phpspreadsheet,1.17.1,php,,p/phpoffice__phpspreadsheet/phpoffice__phpspreadsheet_rhel_8.3.sh,https://github.com/PHPOffice/PhpSpreadsheet
p/phpoption__phpoption,phpoption__phpoption,1.7.2,php,,p/phpoption__phpoption/phpoption__phpoption_rhel_8.3.sh,https://github.com/schmittjoh/php-option
p/phpspec__prophecy,phpspec__prophecy,1.7,php,,p/phpspec__prophecy/phpspec__prophecy_rhel_8.3.sh,https://github.com/phpspec/prophecy
p/phpspec__prophecy-phpunit,phpspec__prophecy-phpunit,2.0.0,php,,p/phpspec__prophecy-phpunit/phpspec__prophecy-phpunit_rhel_8.3.sh,https://github.com/phpspec/prophecy-phpunit
p/phpunit__php-file-iterator,phpunit__php-file-iterator,2.0.1,php,,p/phpunit__php-file-iterator/phpunit__php-file-iterator_rhel_8.3.sh,https://github.com/sebastianbergmann/php-file-iterator
p/phpunit__php-text-template,phpunit__php-text-template,1.2.1,php,,p/phpunit__php-text-template/phpunit__php-text-template_rhel_8.3.sh,https://github.com/sebastianbergmann/php-text-template
p/phpunit__php-timer,phpunit__php-timer,2.1.3,php,,p/phpunit__php-timer/phpunit__php-timer_rhel_8.3.sh,https://github.com/sebastianbergmann/php-timer
p/phpunit__php-token-stream,phpunit__php-token-stream,3.1.2,php,,p/phpunit__php-token-stream/phpunit__php-token-stream_rhel_8.3.sh,https://github.com/sebastianbergmann/php-token-stream
p/pq,pq,v1.8.0,go,,p/pq/pq_ubi8.3.sh,https://github.com/lib/pq
p/psr__container,psr__container,1.1.1,php,,p/psr__container/psr__container_rhel_8.3.sh,https://github.com/php-fig/container
p/psr__http-client,psr__http-client,1.0.1,php,,p/psr__http-client/psr__http-client_rhel_8.3.sh,https://github.com/php-fig/http-client
p/psr__http-factory,psr__http-factory,1.0.1,php,,p/psr__http-factory/psr__http-factory_rhel_8.3.sh,https://github.com/php-fig/http-factory
p/psr__http-message,psr__http-message,1,php,,p/psr__http-message/psr__http-message_rhel_8.3.sh,https://github.com/php-fig/http-message
p/psr__simple-cache,psr__simple-cache,1.0.1,php,,p/psr__simple-cache/psr__simple-cache_rhel_8.3.sh,https://github.com/php-fig/simple-cache
p/psy__psysh,psy__psysh,0.10.7,php,,p/psy__psysh/psy__psysh_rhel_8.3.sh,https://github.com/bobthecow/psysh
p/pymongo,pymongo,3.10.1,python,,p/pymongo/pymongo_rhel_7.6.sh,https://github.com/mongodb/mongo-python-driver
p/pypng,pypng,0.0.17,python,,p/pypng/pypng_rhel_7.3.sh,https://github.com/drj11/pypng.git
p/pypng,pypng,0.0.17,python,,p/pypng/pypng_ubuntu_16.04.sh,https://github.com/drj11/pypng.git
p/pyramid_mako,pyramid_mako,,python,,p/pyramid_mako/conda.recipe/build.sh,
p/pyramid_mako,pyramid_mako,1.0.2,python,,p/pyramid_mako/pyramid_mako_ubuntu_16.04.sh,https://github.com/Pylons/pyramid_mako
p/pytest-virtualenv,pytest-virtualenv,v1.7.0,php,,p/pytest-virtualenv/pytest-virtualenv_ubi8.5.sh,https://github.com/man-group/pytest-plugins
p/python-ceilometerclient,python-ceilometerclient,2.9.1,python,,p/python-ceilometerclient/python-ceilometerclient_rhel_7.4.sh,https://github.com/openstack/python-ceilometerclient.git
p/python-ceilometerclient,python-ceilometerclient,2.9.1,python,,p/python-ceilometerclient/python-ceilometerclient_ubuntu_16.04.sh,https://github.com/openstack/python-ceilometerclient.git
p/python-dropbox,python-dropbox,1.4,python,,p/python-dropbox/python-dropbox_ubuntu_16.04_py27.sh,https://github.com/enginoid/python-dropbox
p/python-stop-words,python-stop-words,2018.7.23,python,,p/python-stop-words/python-stop-words_rhel_7.6.sh,https://github.com/Alir3z4/python-stop-words.git
p/python-sybase,python-sybase,,python,,p/python-sybase/conda.recipe/build.sh,
p/python-sybase,python-sybase,0.40pre2,python,,p/python-sybase/python-sybase_ubuntu_16.04.sh,https://github.com/fbessho/python-sybase
p/python-webencodings,python-webencodings,1.3.3,python,,p/python-webencodings/python-webencodings_ubuntu_18.04.sh,https://github.com/gsnedders/python-webencodings.git
p/pyzbar,pyzbar,v0.18,python,,p/pyzbar/pyzbar_rhel_7.6.sh,https://github.com/NaturalHistoryMuseum/pyzbar
r/rapids,rapids,v0.0.1,python,,r/rapids/rapids_rhel_7.6.sh,https://github.com/sinoroc/rapids
r/raveren__kint,raveren__kint,3.3,php,,r/raveren__kint/raveren__kint_rhel_8.3.sh,https://github.com/raveren/kint
r/react__promise,react__promise,2.7,php,,r/react__promise/react__promise_rhel_8.3.sh,https://github.com/reactphp/promise
r/readme-renderer,readme-renderer,29.0,python,,r/readme-renderer/readme_renderer_rhel7.6.sh,https://github.com/pypa/readme_renderer
r/retrying,retrying,1.3.3,python,,r/retrying/retrying_ubuntu_18.04.sh,https://github.com/rholder/retrying.git
r/ristretto,ristretto,v0.1.0,go,,r/ristretto/ristretto_ubi_8.5.sh,https://github.com/dgraph-io/ristretto
r/rocksdbjni,rocksdbjni,5.1.4,java,,r/rocksdbjni/rocksdbjni_rhel_8.3.sh,https://github.com/fusesource/rocksdbjni
r/rstudio,rstudio,v2024.09.0+375,java,,r/rstudio/rstudio_server_ubi_9.3.sh,https://github.com/rstudio/rstudio.git
r/rstudio,rstudio,1.1.447,java,,r/rstudio/rstudio_ubuntu_16.04.sh,https://github.com/rstudio/rstudio
r/runtime-spec,runtime-spec,v1.0.0,go,,r/runtime-spec/runtime-spec_ubi_8.5.sh,https://github.com/opencontainers/runtime-spec
r/rust-prometheus,rust-prometheus,0.2,go,,r/rust-prometheus/rust-prometheus_rhel_7.3.sh,https://github.com/pingcap/rust-prometheus.git
r/rust-prometheus,rust-prometheus,0.2,go,,r/rust-prometheus/rust-prometheus_ubuntu_16.04.sh,https://github.com/pingcap/rust-prometheus.git
s/salsify__json-streaming-parser,salsify__json-streaming-parser,8.2.0,php,,s/salsify__json-streaming-parser/salsify__json-streaming-parser_rhel_8.3.sh,https://github.com/salsify/jsonstreamingparser
s/scala-logging,scala-logging,3.5.0,java,,s/scala-logging/scala-logging_rhel_7.3.sh,https://github.com/typesafehub/scala-logging
s/scala-logging,scala-logging,3.5.0,java,,s/scala-logging/scala-logging_ubuntu_16.04.sh,https://github.com/typesafehub/scala-logging
s/scheduler,scheduler,unknown,java,,s/scheduler/scheduler_rhel_8.3.sh,https://github.com/googleapis/java-scheduler
s/scssphp__scssphp,scssphp__scssphp,1.0.5,php,,s/scssphp__scssphp/scssphp__scssphp_rhel_8.3.sh,https://github.com/scssphp/scssphp
s/sebastian__code-unit,sebastian__code-unit,1.0.6,php,,s/sebastian__code-unit/sebastian__code-unit_rhel_8.3.sh,https://github.com/sebastianbergmann/code-unit
s/sebastian__code-unit-reverse-lookup,sebastian__code-unit-reverse-lookup,1.0.1,php,,s/sebastian__code-unit-reverse-lookup/sebastian__code-unit-reverse-lookup_rhel_8.3.sh,https://github.com/sebastianbergmann/code-unit-reverse-lookup
s/sebastian__comparator,sebastian__comparator,3,php,,s/sebastian__comparator/sebastian__comparator_rhel_8.3.sh,https://github.com/sebastianbergmann/comparator
s/sebastian__complexity,sebastian__complexity,2.0.0,php,,s/sebastian__complexity/sebastian__complexity_rhel_8.3.sh,https://github.com/sebastianbergmann/complexity
s/sebastian__diff,sebastian__diff,3.0.2,php,,s/sebastian__diff/sebastian__diff_rhel_8.3.sh,https://github.com/sebastianbergmann/diff
s/sebastian__environment,sebastian__environment,4.2.3,php,,s/sebastian__environment/sebastian__environment_rhel_8.3.sh,https://github.com/sebastianbergmann/environment
s/sebastian__exporter,sebastian__exporter,3.1.2,php,,s/sebastian__exporter/sebastian__exporter_rhel_8.3.sh,https://github.com/sebastianbergmann/exporter
s/sebastian__object-enumerator,sebastian__object-enumerator,3.0.3,php,,s/sebastian__object-enumerator/sebastian__object-enumerator_rhel_8.3.sh,https://github.com/sebastianbergmann/object-enumerator
s/sebastian__object-reflector,sebastian__object-reflector,1.1.1,php,,s/sebastian__object-reflector/sebastian__object-reflector_rhel_8.3.sh,https://github.com/sebastianbergmann/object-reflector
s/sebastian__recursion-context,sebastian__recursion-context,3,php,,s/sebastian__recursion-context/sebastian__recursion-context_rhel_8.3.sh,https://github.com/sebastianbergmann/recursion-context
s/sebastian__resource-operations,sebastian__resource-operations,2.0.1,php,,s/sebastian__resource-operations/sebastian__resource-operations_rhel_8.3.sh,https://github.com/sebastianbergmann/resource-operations
s/sebastian__type,sebastian__type,2.3,php,,s/sebastian__type/sebastian__type_rhel_8.3.sh,https://github.com/sebastianbergmann/type
s/sebastian__version,sebastian__version,2.0.1,php,,s/sebastian__version/sebastian__version_rhel_8.3.sh,https://github.com/sebastianbergmann/version
s/seld__jsonlint,seld__jsonlint,1.8.3,php,,s/seld__jsonlint/seld__jsonlint_rhel_8.3.sh,https://github.com/Seldaek/jsonlint
s/seld__phar-utils,seld__phar-utils,1.0.2,php,,s/seld__phar-utils/seld__phar-utils_rhel_8.3.sh,https://github.com/Seldaek/phar-utils
s/sirbrillig__phpcs-variable-analysis,sirbrillig__phpcs-variable-analysis,2.11.0,php,,s/sirbrillig__phpcs-variable-analysis/sirbrillig__phpcs-variable-analysis_rhel_8.3.sh,https://github.com/sirbrillig/phpcs-variable-analysis
s/snakebite,snakebite,,python,,s/snakebite/conda.recipe/build.sh,
s/snakebite,snakebite,2.11.0,python,,s/snakebite/snakebite_ubuntu_16.04.sh,https://github.com/spotify/snakebite
s/snappy-java,snappy-java,v1.1.9.1,java,,s/snappy-java/snappy-java_ubi_8.5.sh,https://github.com/xerial/snappy-java.git
s/snappy-java,snappy-java,master,java,,s/snappy-java/build.sh,https://github.com/xerial/snappy-java
s/snappy-java,snappy-java,1.1.7.3,java,,s/snappy-java/snappy-java_ubi_8.3.sh,https://github.com/xerial/snappy-java.git
s/spring-data-commons,spring-data-commons,3.3.2,java,,s/spring-data-commons/spring-data-commons_ubi_9_3.sh,https://github.com/spring-projects/spring-data-commons
s/spring-data-commons,spring-data-commons,2.6.0-M2,java,,s/spring-data-commons/spring-data-commons_rhel8.sh,https://github.com/spring-projects/spring-data-commons.git
s/spring-data-jpa,spring-data-jpa,3.3.2,java,,s/spring-data-jpa/spring-data-jpa_ubi_9_3.sh,https://github.com/spring-projects/spring-data-jpa
s/spring-data-jpa,spring-data-jpa,"2.1.12, 2.3.0",java,,s/spring-data-jpa/spring_data_jpa_rhel_7.6.sh,https://github.com/spring-projects/spring-data-jpa
s/squizlabs__php_codesniffer,squizlabs__php_codesniffer,3.5,php,,s/squizlabs__php_codesniffer/squizlabs__php_codesniffer_rhel_8.3.sh,https://github.com/squizlabs/PHP_CodeSniffer
s/stack__builder,stack__builder,1.0.6,php,,s/stack__builder/stack__builder_rhel_8.3.sh,https://github.com/stackphp/builder
s/strictyaml,strictyaml,"1.1.0 ,1.2.0 ,1.3.1 & 1.4.4",python,,s/strictyaml/strictyaml_ubi_8.3.sh,https://github.com/crdoconnor/strictyaml
s/symfony-cmf-routing,symfony-cmf-routing,3.0.0,php,,s/symfony-cmf-routing/symfony-cmf_routing_ubi_8.5.sh,https://github.com/symfony-cmf/Routing
s/symfony__browser-kit,symfony__browser-kit,4,php,,s/symfony__browser-kit/symfony__browser-kit_rhel_8.3.sh,https://github.com/symfony/browser-kit
s/symfony__class-loader,symfony__class-loader,3.4.40,php,,s/symfony__class-loader/symfony__class-loader_rhel_8.3.sh,https://github.com/symfony/class-loader
s/symfony__css-selector,symfony__css-selector,4,php,,s/symfony__css-selector/symfony__css-selector_rhel_8.3.sh,https://github.com/symfony/css-selector
s/symfony__dependency-injection,symfony__dependency-injection,3.4.26,php,,s/symfony__dependency-injection/symfony__dependency-injection_rhel_8.3.sh,https://github.com/symfony/dependency-injection
s/symfony__dom-crawler,symfony__dom-crawler,4,php,,s/symfony__dom-crawler/symfony__dom-crawler_rhel_8.3.sh,https://github.com/symfony/dom-crawler
s/symfony__event-dispatcher-contracts,symfony__event-dispatcher-contracts,1.1.1,php,,s/symfony__event-dispatcher-contracts/symfony__event-dispatcher-contracts_rhel_8.3.sh,https://github.com/symfony/event-dispatcher-contracts
s/symfony__filesystem,symfony__filesystem,v5.0.7,php,,s/symfony__filesystem/symfony__filesystem_ubi_8.5.sh,https://github.com/symfony/filesystem
s/symfony__http-foundation,symfony__http-foundation,3.4.35,php,,s/symfony__http-foundation/symfony__http-foundation_rhel_8.3.sh,https://github.com/symfony/http-foundation
s/symfony__intl,symfony__intl,v4.0.0,php,,s/symfony__intl/symfony__intl_rhel_8.3.sh,https://github.com/symfony/intl
s/symfony__polyfill-ctype,symfony__polyfill-ctype,1.17,php,,s/symfony__polyfill-ctype/symfony__polyfill-ctype_rhel_8.3.sh,https://github.com/symfony/polyfill-ctype
s/symfony__polyfill-iconv,symfony__polyfill-iconv,1.22.1,php,,s/symfony__polyfill-iconv/symfony__polyfill-iconv_rhel_8.3.sh,https://github.com/symfony/polyfill-iconv
s/symfony__polyfill-intl-idn,symfony__polyfill-intl-idn,1.22.1,php,,s/symfony__polyfill-intl-idn/symfony__polyfill-intl-idn_rhel_8.3.sh,https://github.com/symfony/polyfill-intl-idn
s/symfony__polyfill-intl-normalizer,symfony__polyfill-intl-normalizer,1.22.1,php,,s/symfony__polyfill-intl-normalizer/symfony__polyfill-intl-normalizer_rhel_8.3.sh,https://github.com/symfony/polyfill-intl-normalizer
s/symfony__polyfill-mbstring,symfony__polyfill-mbstring,1.17.0,php,,s/symfony__polyfill-mbstring/symfony__polyfill-mbstring_rhel_8.3.sh,https://github.com/symfony/polyfill-mbstring
s/symfony__polyfill-php70,symfony__polyfill-php70,1.17.0,php,,s/symfony__polyfill-php70/symfony__polyfill-php70_rhel_8.3.sh,https://github.com/symfony/polyfill-php70
s/symfony__polyfill-php72,symfony__polyfill-php72,1.5,php,,s/symfony__polyfill-php72/symfony__polyfill-php72_rhel_8.3.sh,https://github.com/symfony/polyfill-php72
s/symfony__polyfill-php80,symfony__polyfill-php80,1.22.1,php,,s/symfony__polyfill-php80/symfony__polyfill-php80_rhel_8.3.sh,https://github.com/symfony/polyfill-php80
s/symfony__process,symfony__process,v4.4.0,php,,s/symfony__process/symfony__process_rhel_8.3.sh,https://github.com/symfony/process
s/symfony__psr-http-message-bridge,symfony__psr-http-message-bridge,1.2.0,php,,s/symfony__psr-http-message-bridge/symfony__psr-http-message-bridge_rhel_8.3.sh,https://github.com/symfony/psr-http-message-bridge
s/symfony__routing,symfony__routing,3.4.0,php,,s/symfony__routing/symfony__routing_rhel_8.3.sh,https://github.com/symfony/routing
s/symfony__serializer,symfony__serializer,3.4.40,php,,s/symfony__serializer/symfony__serializer_rhel_8.3.sh,https://github.com/symfony/serializer
s/symfony__translation,symfony__translation,3.4.0,php,,s/symfony__translation/symfony__translation_rhel_8.3.sh,https://github.com/symfony/translation
s/symfony__validator,symfony__validator,3.4.0,php,,s/symfony__validator/symfony__validator_rhel_8.3.sh,https://github.com/symfony/validator
s/symfony__yaml,symfony__yaml,3.4.40,php,,s/symfony__yaml/symfony__yaml_rhel_8.3.sh,https://github.com/symfony/yaml
script/build_wheels.sh,script,,python,,script/build_wheels.sh,
script/build_wheels.sh,script,,python,,script/pre_process.sh,
script/build_wheels.sh,script,,python,,script/create_wheel_wrapper.sh,
t/teleport,teleport,${SCRIPT_PACKAGE_VERSION},go,,t/teleport/teleport_v18.1.1_ubi9.6.sh,https://github.com/gravitational/teleport.git
t/tensorflow-serving,tensorflow-serving,,python,,t/tensorflow-serving/tensorflow-serving_sles_12.sh,https://github.com/ibmsoe/protobuf-1/
t/thorntail,thorntail,latest,python,,t/thorntail/thorntail_rhel_7.6.sh,https://github.com/thorntail/thorntail.git
t/thrift-java,thrift-java,v0.20.0,java,,t/thrift-java/thrift-java_ubi_9.3.sh,https://github.com/apache/thrift.git
t/toxiproxy,toxiproxy,v2.1.4,go,,t/toxiproxy/toxiproxy_ubi_8.5.sh,https://github.com/shopify/toxiproxy
t/typo3__phar-stream-wrapper,typo3__phar-stream-wrapper,3.1.4,php,,t/typo3__phar-stream-wrapper/typo3__phar-stream-wrapper_rhel_8.3.sh,https://github.com/TYPO3/phar-stream-wrapper
v/vault-api,vault-api,v1.1.1,go,,v/vault-api/vault-api-ubi_8.5.sh,https://github.com/hashicorp/vault
v/vertx-micrometer-metrics,vertx-micrometer-metrics,3.9.7,java,,v/vertx-micrometer-metrics/vertx-micrometer-metrics_ubi_8.4.sh,https://github.com/vert-x3/vertx-micrometer-metrics
v/vincent,vincent,,python,,v/vincent/conda.recipe/build.sh,
v/vincent,vincent,0.4.4,python,,v/vincent/vincent_rhel_7.3.sh,https://github.com/wrobstory/vincent
v/vincent,vincent,0.4.4,python,,v/vincent/vincent_ubuntu_16.04.sh,https://github.com/wrobstory/vincent
v/vipnytt__sitemapparser,vipnytt__sitemapparser,1.1.3,php,,v/vipnytt__sitemapparser/vipnytt__sitemapparser_1.1.3_1.1.0_UBI_8.5.sh,https://github.com/VIPnytt/SitemapParser.git
v/vipnytt__sitemapparser,vipnytt__sitemapparser,1.1.4,php,,v/vipnytt__sitemapparser/vipnytt__sitemapparser_UBI_8.5.sh,https://github.com/VIPnytt/SitemapParser.git
v/vipnytt__sitemapparser,vipnytt__sitemapparser,1.1.4,php,,v/vipnytt__sitemapparser/vipnytt__sitemapparser_rhel_8.3.sh,https://github.com/VIPnytt/SitemapParser
v/vlucas__phpdotenv,vlucas__phpdotenv,4.2.0,php,,v/vlucas__phpdotenv/vlucas__phpdotenv_rhel_8.3.sh,https://github.com/vlucas/phpdotenv
w/webmozart__assert,webmozart__assert,1.10.0,php,,w/webmozart__assert/webmozart__assert_rhel_8.3.sh,https://github.com/webmozarts/assert
w/webmozart__path-util,webmozart__path-util,2.1.0,php,,w/webmozart__path-util/webmozart__path-util_rhel_8.3.sh,https://github.com/webmozart/path-util
w/webonyx__graphql-php,webonyx__graphql-php,0.12.6,php,,w/webonyx__graphql-php/webonyx__graphql-php_rhel_8.3.sh,https://github.com/webonyx/graphql-php
w/wikimedia__composer-merge-plugin,wikimedia__composer-merge-plugin,1.4,php,,w/wikimedia__composer-merge-plugin/wikimedia__composer-merge-plugin_rhel_8.3.sh,https://github.com/wikimedia/composer-merge-plugin
w/wkhtmltopdf,wkhtmltopdf,0.12.5-dev,python,,w/wkhtmltopdf/wkhtmltopdf_rhel_7.4.sh,https://github.com/wkhtmltopdf/wkhtmltopdf
w/wkhtmltopdf,wkhtmltopdf,0.12.5-dev,python,,w/wkhtmltopdf/wkhtmltopdf_ubuntu_16.04.sh,https://github.com/wkhtmltopdf/wkhtmltopdf
x/xlsxwriter,xlsxwriter,v1.2.8,python,,x/xlsxwriter/xlsxwriter_rhel_7.6.sh,https://github.com/jmcnamara/XlsxWriter.git
x/xlsxwriter,xlsxwriter,RELEASE_3.1.9,python,,x/xlsxwriter/xlsxwriter_ubi_8_7.sh,https://github.com/jmcnamara/XlsxWriter.git
x/xmlenc,xmlenc,0.52,java,,x/xmlenc/xmlenc_rhel_8.3.sh,https://github.com/znerd/xmlenc/
x/xmlrpc2,xmlrpc2,,python,,x/xmlrpc2/conda.recipe/build.sh,
x/xmlrpc2,xmlrpc2,0.3.1,python,,x/xmlrpc2/xmlrpc2_ubuntu_16.04_py27.sh,https://github.com/dstufft/xmlrpc2
z/zabbix,zabbix,6.2.3rc2,php,,z/zabbix/zabbix_ubi_8.sh,https://github.com/zabbix/zabbix.git
z/zabbix,zabbix,7.4.1,php,,z/zabbix/zabbix_ubi_9.5.sh,https://github.com/zabbix/zabbix.git
z/zbar-py,zbar-py,master,python,,z/zbar-py/zbar-py_rhel_7.6.sh,https://github.com/zplab/zbar-py
z/zendframework__zend-diactoros,zendframework__zend-diactoros,1.8.7,php,,z/zendframework__zend-diactoros/zendframework__zend-diactoros_rhel_8.3.sh,https://github.com/zendframework/zend-diactoros
a/abbrev-js,abbrev-js,1.1.1,node,,a/abbrev-js/abbrev-js_ubuntu_18.04.sh,https://github.com/isaacs/abbrev-js
a/airbnb-javascript,airbnb-javascript,16.1.0,node,,a/airbnb-javascript/airbnb-javascript_rhel_7.4.sh,https://github.com/airbnb/javascript.git
a/airbnb-javascript,airbnb-javascript,16.1.0,node,,a/airbnb-javascript/airbnb-javascript_ubuntu_16.04.sh,https://github.com/airbnb/javascript.git
a/ajv,ajv,6.12.2,node,,a/ajv/ajv_rhel_7.6.sh,https://github.com/epoberezkin/ajv
a/angular-local-storage,angular-local-storage,v0.7.1,node,,a/angular-local-storage/angular-local-storage_ubuntu_18.04.sh,https://github.com/grevory/angular-local-storage.git
a/angular-moment,angular-moment,1.2.0,node,,a/angular-moment/angular-moment_ubuntu_18.04.sh,https://github.com/urish/angular-moment.git
a/angular-spinner,angular-spinner,1.0.1,node,,a/angular-spinner/angular-spinner_ubuntu_18.04.sh,https://github.com/urish/angular-spinner
a/angular-translate,angular-translate,2.18.1,node,,a/angular-translate/angular-translate_ubuntu_18.04.sh,https://github.com/angular-translate/angular-translate
a/angular-ui-bootstrap,angular-ui-bootstrap,2.5.6,node,,a/angular-ui-bootstrap/angular-ui-bootstrap_ubuntu_18.04.sh,https://github.com/angular-ui/bootstrap
a/angular-ui-router,angular-ui-router,1.0.19,node,,a/angular-ui-router/angular-ui-router_ubuntu_18.04.sh,https://github.com/angular-ui/ui-router
a/angular.js,angular.js,1.8.2,node,,a/angular.js/angular.js_master_1.8.2_ubi_8.3.sh,https://github.com/angular/angular.js.git
a/animate.css,animate.css,3.5.2,node,,a/animate.css/animate.css_rhel_7.4.sh,https://github.com/daneden/animate.css.git
a/ansi-escapes,ansi-escapes,v4.3.1,node,,a/ansi-escapes/ansi-escapes_rhel_7.6.sh,https://github.com/sindresorhus/ansi-escapes.git
a/ansi-html,ansi-html,0.0.7,node,,a/ansi-html/ansi_html_rhel_7.6.sh,https://github.com/Tjatse/ansi-html
a/archy,archy,1.0.0,node,,a/archy/archy_rhel_7.6.sh,https://github.com/substack/node-archy.git
a/async-json,async-json,0.0.2,node,,a/async-json/async-json_ubuntu_18.04.sh,https://github.com/ckknight/async-json
a/axon,axon,2.0.3,node,,a/axon/axon_rhel_7.2.sh,https://github.com/tj/axon
a/axon,axon,2.0.3,node,,a/axon/axon_ubuntu_16.04.sh,https://github.com/tj/axon
b/babel-plugin-transform-runtime,babel-plugin-transform-runtime,v7.4.0,javascript,,b/babel-plugin-transform-runtime/babel-plugin-transform-runtime_ubi8_3.sh,https://github.com/babel/babel.git
b/babel-preset-env,babel-preset-env,1.2.1,node,,b/babel-preset-env/babel-preset-env_rhel_7.6.sh,https://github.com/babel/babel-preset-env.git
b/babel-preset-es2015,babel-preset-es2015,master,node,,b/babel-preset-es2015/babel-preset-es2015_rhel_7.4.sh,https://github.com/babel/babel
b/babel-preset-es2015,babel-preset-es2015,master,node,,b/babel-preset-es2015/babel-preset-es2015_ubuntu_16.04.sh,https://github.com/babel/babel
b/babel-preset-react,babel-preset-react,master,node,,b/babel-preset-react/babel-preset-react_rhel_7.4.sh,https://github.com/babel/babel
b/babel-preset-react,babel-preset-react,master,node,,b/babel-preset-react/babel-preset-react_ubuntu_16.04.sh,https://github.com/babel/babel
b/babelify,babelify,8.0.0,node,,b/babelify/babelify_rhel_7.4.sh,https://github.com/babel/babelify.git
b/babelify,babelify,8.0.0,node,,b/babelify/babelify_ubuntu_16.04.sh,https://github.com/babel/babelify.git
b/base64url,base64url,v3.0.1,node,,b/base64url/base64url_ubi_8.4.sh,https://github.com/brianloveswords/base64url
b/bean,bean,1.0.14,node,,b/bean/bean_ubuntu_18.04.sh,https://github.com/fat/bean
b/blockly,blockly,1.20180629.0,node,,b/blockly/blockly_ubuntu_18.04.sh,https://github.com/google/blockly.git
b/bluebird-retry,bluebird-retry,0.10.1,node,,b/bluebird-retry/bluebird-retry_ubi8.sh,https://github.com/demmer/bluebird-retry
b/bonzo,bonzo,2.0.0,node,,b/bonzo/bonzo_ubuntu_18.04.sh,https://github.com/ded/bonzo
c/Cordova-spatialite-storage,Cordova-spatialite-storage,0.7.11,node,,c/Cordova-spatialite-storage/Cordova-spatialite-storage_0.7.11_UBI_8.0.sh,https://github.com/DisyInformationssysteme/Cordova-spatialite-storage.git
c/Cordova-spatialite-storage,Cordova-spatialite-storage,0.7.11,node,,c/Cordova-spatialite-storage/Cordova-spatialite-storage_0.7.11_ubuntu_18.04.sh,https://github.com/DisyInformationssysteme/Cordova-spatialite-storage.git
c/Cordova-spatialite-storage,Cordova-spatialite-storage,92c4df0,node,,c/Cordova-spatialite-storage/Cordova-spatialite-storage_92c4df0_UBI_8.0.sh,https://github.com/DisyInformationssysteme/Cordova-spatialite-storage.git
c/Cordova-spatialite-storage,Cordova-spatialite-storage,92c4df0,node,,c/Cordova-spatialite-storage/Cordova-spatialite-storage_92c4df0_ubuntu_18.04.sh,https://github.com/DisyInformationssysteme/Cordova-spatialite-storage.git
c/c3js,c3js,0.4.21,node,,c/c3js/c3js_ubuntu_16.04.sh,"https://github.com/c3js/c3.git"""
c/call-me-maybe,call-me-maybe,1.0.1,node,,c/call-me-maybe/call-me-maybe_ubi_8.4.sh,https://github.com/limulus/call-me-maybe
c/caller,caller,v1.0.1,node,,c/caller/caller_rhel_7.6.sh,https://github.com/totherik/caller.git
c/carbon-components-react,carbon-components-react,6.20.0,node,,c/carbon-components-react/carbon-components-react_ubuntu_18.04.sh,https://github.com/IBM/carbon-components-react
c/carbon-icons,carbon-icons,7.0.7,node,,c/carbon-icons/carbon-icons_ubuntu_18.04.sh,https://github.com/carbon-design-system/carbon-icons.git
c/chai,chai,4.2.0,node,,c/chai/chai_rhel_7.6.sh,https://github.com/chaijs/chai.git
c/chokidar,chokidar,1.7.0,node,,c/chokidar/chokidar_ubi_8.4.sh,https://github.com/paulmillr/chokidar
c/closure-library,closure-library,1559,node,,c/closure-library/closure-library_ubuntu_18.04.sh,https://github.com/gregrperkins/closure-library
c/code-prettify,code-prettify,2013-03-04,node,,c/code-prettify/code-prettify_ubuntu_18.04.sh,https://github.com/google/code-prettify
c/connect,connect,3.6.2,node,,c/connect/connect_ubuntu_16.04.sh,https://github.com/senchalabs/connect.git
c/constants-browserify,constants-browserify,v1.0.0,node,,c/constants-browserify/constants-browserify_rhel_7.6.sh,https://github.com/juliangruber/constants-browserify.git
c/cookie-parser,cookie-parser,1.4.3,node,,c/cookie-parser/cookie-parser_ubuntu_18.04.sh,https://github.com/expressjs/cookie-parser
c/cordova-plugin-file-opener2,cordova-plugin-file-opener2,3.0.5,node,,c/cordova-plugin-file-opener2/cordova-plugin-file-opener2_UBI_8.3.sh,https://github.com/pwlin/cordova-plugin-file-opener2.git
c/core-js,core-js,2.5.7,node,,c/core-js/core-js_ubuntu_18.04.sh,https://github.com/zloirock/core-js
c/cross-env,cross-env,5.2.0,node,,c/cross-env/cross-env_ubuntu_18.04.sh,https://github.com/kentcdodds/cross-env.git
c/crossfilter,crossfilter,1.4.7,node,,c/crossfilter/crossfilter_ubi_8.3.sh,https://github.com/crossfilter/crossfilter
c/cson,cson,7.0.0,node,,c/cson/cson_ubi8.sh,https://github.com/bevry/cson
c/cson-parser,cson-parser,4.0.4,node,,c/cson-parser/cson-parser_ubi8.sh,https://github.com/groupon/cson-parser
d/d3-force,d3-force,v1.1.0,node,,d/d3-force/d3-force_rhel_7.4.sh,https://github.com/d3/d3-force.git
d/d3-force,d3-force,v1.1.0,node,,d/d3-force/d3-force_ubuntu_16.04.sh,https://github.com/d3/d3-force.git
d/d3-timer,d3-timer,v1.0.9,node,,d/d3-timer/d3-timer_UBI_8.0.sh,https://github.com/d3/d3-timer.git
d/dagre,dagre,0.8.3-pre,node,,d/dagre/dagre_ubuntu_18.04.sh,https://github.com/dagrejs/dagre.git
d/dataTables,dataTables,1.10.11,node,,d/dataTables/DataTables_ubi_8.3.sh,https://github.com/DataTables/DataTables.git
d/debounce-promise,debounce-promise,master,node,,d/debounce-promise/debounce-promise_rhel_7.4.sh,https://github.com/bjoerge/debounce-promise.git
d/debounce-promise,debounce-promise,master,node,,d/debounce-promise/debounce-promise_ubuntu_16.04.sh,https://github.com/bjoerge/debounce-promise.git
d/debug,debug,4.2.0,node,,d/debug/debug_rhel_7.6.sh,https://github.com/visionmedia/debug.git
d/default,default,0.1.1,node,,d/default/default_ubuntu_18.04.sh,https://github.com/safareli/default.git
d/dgrid,dgrid,1.2.1,node,,d/dgrid/dgrid_ubuntu_18.04.sh,https://github.com/SitePen/dgrid
d/duplexer3,duplexer3,v0.1.4,node,,d/duplexer3/duplexer3_rhel_7.6.sh,https://github.com/floatdrop/duplexer3.git
d/dygraphs,dygraphs,v2.1.0,node,,d/dygraphs/dygraphs_2.1.0_master_UBI_8.3.sh,https://github.com/danvk/$NAME
e/EVP_BytesToKey,EVP_BytesToKey,v1.0.3,node,,e/EVP_BytesToKey/EVP_BytesToKey_rhel_7.6.sh,https://github.com/crypto-browserify/EVP_BytesToKey.git
e/eclipse-che,eclipse-che,7.13.1,node,,e/eclipse-che/che-theia/che-theia_7.13.1_rhel_7.6.sh,https://github.com/eclipse/che-theia
e/eclipse-che,eclipse-che,latest (20200521073352) (7.13.1),node,,e/eclipse-che/chectl/chectl_rhel_7.6.sh,https://github.com/che-incubator/chectl
e/eclipse-che,eclipse-che,7.26.2,node,,e/eclipse-che/eclipse-che/build.sh,https://github.com/eclipse/che-operator.git
e/eclipse-che,eclipse-che,,java,,e/eclipse-che/che/entrypoint.sh,
e/eclipse-che,eclipse-che,7.13.1,go,,e/eclipse-che/che-devfile-registry/che-devfiles-registry_7.13.1_rhel_7.6.sh,https://github.com/eclipse/che-devfile-registry
e/eclipse-che,eclipse-che,7.9.1,go,,e/eclipse-che/che-jwtproxy/che-jwtproxy_7.9.1_rhel_7.6.sh,https://github.com/eclipse/che-jwtproxy
e/eclipse-che,eclipse-che,v3.2.0,go,,e/eclipse-che/che-plugin-broker/che-plugin-broker_3.2.0_rhel_7.6.sh,https://github.com/eclipse/che-plugin-broker
e/eclipse-che,eclipse-che,7.13.1,go,,e/eclipse-che/che-plugin-registry/che-plugin-registry_7.13.1_rhel_7.6.sh,https://github.com/eclipse/che-plugin-registry
e/empty,empty,master,node,,e/empty/empty_rhel_8.3.sh,https://github.com/iclanzan/empty.git
e/encoding,encoding,0.1.12,node,,e/encoding/encoding_rhel_7.6.sh,https://github.com/andris9/encoding.git
e/encoding,encoding,0.1.12,node,,e/encoding/encoding_ubuntu_18.04.sh,https://github.com/andris9/encoding
e/ender-js,ender-js,2.0.0,node,,e/ender-js/ender-js_ubuntu_18.04.sh,https://github.com/ender-js/ender-js
e/enhanced-resolve,enhanced-resolve,7d273fc,node,,e/enhanced-resolve/enhanced-resolve_rhel_7.6.sh,https://github.com/webpack/enhanced-resolve.git
e/enzyme,enzyme,master,node,,e/enzyme/enzyme_rhel_7.4.sh,https://github.com/airbnb/enzyme.git
e/enzyme,enzyme,master,node,,e/enzyme/enzyme_ubuntu_16.04.sh,https://github.com/airbnb/enzyme.git
e/escape-html,escape-html,1.0.3,node,,e/escape-html/escape-html_ubuntu_18.04.sh,https://github.com/component/escape-html
e/eslint-plugin-jsx-a11y,eslint-plugin-jsx-a11y,v6.3.1,node,,e/eslint-plugin-jsx-a11y/eslint-plugin-jsx-a11y_rhel_7.6.sh,https://github.com/evcohen/eslint-plugin-jsx-a11y.git
e/eslint-plugin-react,eslint-plugin-react,7.6.1,node,,e/eslint-plugin-react/eslint-plugin-react_rhel_7.4.sh,https://github.com/yannickcr/eslint-plugin-react.git
e/eslint-plugin-react,eslint-plugin-react,7.6.1,node,,e/eslint-plugin-react/eslint-plugin-react_ubuntu_16.04.sh,https://github.com/yannickcr/eslint-plugin-react.git
e/eventemitter3,eventemitter3,4.0.0,node,,e/eventemitter3/eventemitter3_rhel_7.6.sh,https://github.com/primus/eventemitter3.git
e/exit,exit,0.1.2,node,,e/exit/node_exit_RHEL_8.4.sh,https://github.com/cowboy/node-exit.git
e/expect,expect,v25.2.4,node,,e/expect/expect_rhel_7.6.sh,https://github.com/facebook/jest.git
e/express-history-api-fallback,express-history-api-fallback,2.2.1,node,,e/express-history-api-fallback/express-history-api-fallback_ubuntu_18.04.sh,https://github.com/sebdeckers/express-history-api-fallback.git
e/express-static-gzip,express-static-gzip,v0.3.2,javascript,,e/express-static-gzip/express-static-gzip_ubi8_3.sh,https://github.com/tkoenig89/express-static-gzip.git
e/extend-shallow,extend-shallow,3.0.2,node,,e/extend-shallow/extend-shallow_rhel_7.6.sh,https://github.com/jonschlinkert/extend-shallow.git
f/Font-Awesome,Font-Awesome,5.1.0,node,,f/Font-Awesome/Font-Awesome_5.1.0_ubi_8.3.sh,https://github.com/FortAwesome/Font-Awesome.git
f/fast-levenshtein,fast-levenshtein,3.0.0,node,,f/fast-levenshtein/fast-levenshtein_ubi8.4.sh,https://github.com/hiddentao/fast-levenshtein
f/fixed-data-table,fixed-data-table,0.6.5,node,,f/fixed-data-table/fixed-data-table_ubuntu_18.04.sh,https://github.com/facebook/fixed-data-table.git
f/flagged-respawn,flagged-respawn,v1.0.1,node,,f/flagged-respawn/flagged-respawn_rhel_7.6.sh,https://github.com/gulpjs/flagged-respawn.git
f/flatten,flatten,9e94c8a,node,,f/flatten/flatten_rhel_7.6.sh,https://github.com/mk-pmb/flatten-js.git
f/flexicolorpicker,flexicolorpicker,master,node,,f/flexicolorpicker/FlexiColorPicker_rhel_7.4.sh,https://github.com/slidebean/FlexiColorPicker.git
f/flexicolorpicker,flexicolorpicker,master,node,,f/flexicolorpicker/FlexiColorPicker_ubuntu_16.04.sh,https://github.com/slidebean/FlexiColorPicker.git
f/for-each,for-each,v0.3.3,node,,f/for-each/for-each_rhel_7.6.sh,https://github.com/Raynos/for-each.git
f/fs.realpath,fs.realpath,v1.0.0,node,,f/fs.realpath/fs.realpath_rhel_7.6.sh,https://github.com/isaacs/fs.realpath.git
g/gensync,gensync,1.0.0-beta.1,node,,g/gensync/gensync_rhel_7.6.sh,https://registry.npmjs.org/gensync/-/gensync-1.0.0-beta.1.tgz
g/gerrit,gerrit,2.13.10,node,,g/gerrit/gerrit_rhel_7.4.sh,https://gerrit.googlesource.com/gerrit
g/gerrit,gerrit,2.13.10,node,,g/gerrit/gerrit_ubuntu_16.04.sh,https://gerrit.googlesource.com/gerrit
g/gremlin-console-js,gremlin-console-js,v0.9.9,node,,g/gremlin-console-js/gremlin-console-js_ubuntu_18.04.sh,https://github.com/PommeVerte/gremlin-console-js
g/griddle,griddle,1.0,node,,g/griddle/griddle_rhel_7.4.sh,https://github.com/allenai/griddle
g/griddle,griddle,1.0,node,,g/griddle/griddle_ubuntu_16.04.sh,https://github.com/allenai/griddle
g/grunt-spritesmith,grunt-spritesmith,6.4.0,node,,g/grunt-spritesmith/grunt_spritesmith_rhel_7.6.sh,https://github.com/twolfson/grunt-spritesmith.git
h/handlebars,handlebars,v4.0.14,node,,h/handlebars/handlebars_rhel_7.6.sh,https://github.com/wycats/handlebars.js.git
h/handlebars-layouts,handlebars-layouts,3.1.4,node,,h/handlebars-layouts/handlebars_layout_rhel_7.6.sh,https://github.com/shannonmoeller/handlebars-layouts
h/highlight-js,highlight-js,11.2.0,node,,h/highlight-js/highlight_js.sh,https://github.com/highlightjs/highlight.js.git
h/hoist-non-react-statics,hoist-non-react-statics,3.3.1,node,,h/hoist-non-react-statics/hoist_non_react_statics_rhel_7.6.sh,https://github.com/mridgway/hoist-non-react-statics.git
h/html-minifier,html-minifier,4.0.0,node,,h/html-minifier/html-minifier_rhel_7.6.sh,https://github.com/kangax/html-minifier.git
h/html5shiv,html5shiv,3.7.3,node,,h/html5shiv/html5shiv_ubuntu_18.04.sh,https://github.com/aFarkas/html5shiv
h/http-deceiver,http-deceiver,v1.2.7,node,,h/http-deceiver/http-deceiver_rhel_7.6.sh,https://github.com/indutny/http-deceiver.git
h/http-parser-js,http-parser-js,0.4.5,node,,h/http-parser-js/http-parser-js_rhel_7.6.sh,https://github.com/creationix/http-parser-js.git
h/httplib2,httplib2,0.11.3,node,,h/httplib2/httplib2_ubuntu_18.04.sh,https://github.com/httplib2/httplib2
h/hue,hue,4.5.0,node,,h/hue/hue_rhel_7.6.sh,https://github.com/cloudera/hue/
i/i18next,i18next,11.5.0,node,,i/i18next/i18next_ubuntu_18.04.sh,https://github.com/i18next/i18next
i/ieee754,ieee754,v1.1.13,node,,i/ieee754/ieee754_rhel_7.6.sh,https://github.com/feross/ieee754.git
i/inquirer,inquirer,v3.3.0,node,,i/inquirer/inquirer_rhel_7.6.sh,https://github.com/SBoudrias/Inquirer.js.git
i/is-absolute,is-absolute,7291e9c,node,,i/is-absolute/is-absolute_rhel_7.6.sh,https://github.com/jonschlinkert/is-absolute.git
i/is-buffer,is-buffer,v2.0.4,node,,i/is-buffer/is-buffer_rhel_7.6.sh,https://github.com/feross/is-buffer.git
i/is-property,is-property,186608b,node,,i/is-property/is-property_rhel_7.6.sh,https://github.com/mikolalysenko/is-property.git
i/is-stream,is-stream,1.1.0,node,,i/is-stream/is-stream_ubuntu_18.04.sh,https://github.com/sindresorhus/is-stream
i/is-subset,is-subset,0.1.1,node,,i/is-subset/is_subset_rhel_7.6.sh,https://github.com/studio-b12/is-subset.git
i/is-supported-regexp-flag,is-supported-regexp-flag,v1.0.1,node,,i/is-supported-regexp-flag/is-supported-regexp-flag_rhel_7.6.sh,https://github.com/sindresorhus/is-supported-regexp-flag.git
i/isomorphic,isomorphic,NA,node,,i/isomorphic/isomorphic_ubuntu_18.04.sh,https://github.com/ndreckshage/isomorphic
j/jline,jline,NA,node,,j/jline/jline_ubuntu_18.04.sh,https://github.com/bitdivine/jline.git
j/jline,jline,3.14.0,java,,j/jline/jline_rhel_7.6.sh,https://github.com/jline/jline3
j/jotted,jotted,master,node,,j/jotted/jotted_rhel_7.4.sh,https://github.com/ghinda/jotted.git
j/jotted,jotted,master,node,,j/jotted/jotted_ubuntu_16.04.sh,https://github.com/ghinda/jotted.git
j/js-file-download,js-file-download,0.3.2,node,,j/js-file-download/js-file-download_ubuntu_18.04.sh,https://github.com/kennethjiang/js-file-download.git
j/jsdoc,jsdoc,3.5.5,node,,j/jsdoc/jsdoc_rhel_7.4.sh,https://github.com/jsdoc3/jsdoc.git
j/jsdump,jsdump,NA,node,,j/jsdump/jsdump_ubuntu_18.04.sh,https://github.com/NV/jsDump.git
j/jslitmus-js,jslitmus-js,NA,node,,j/jslitmus-js/jslitmus-js_ubuntu_18.04.sh,https://github.com/broofa/jslitmus
j/json-content-demux,json-content-demux,0.2.0,node,,j/json-content-demux/json-content-demux_ubuntu_18.04.sh,https://github.com/twolfson/json-content-demux
j/json-schema,json-schema,0.2.3,node,,j/json-schema/json-schema_ubuntu_18.04.sh,https://github.com/kriszyp/json-schema.git
j/jsonpath,jsonpath,1.1.0,node,,j/jsonpath/jsonpath_ubi_8.3.sh,https://github.com/dchester/jsonpath
j/jsonstream,jsonstream,1.3.3,node,,j/jsonstream/jsonstream_ubuntu_18.04.sh,https://github.com/dominictarr/JSONStream.git
j/jszip,jszip,3.3.0,node,,j/jszip/jszip_ubi8.sh,https://github.com/Stuk/jszip
j/jwt-decode,jwt-decode,2.2.0,node,,j/jwt-decode/jwt-decode_ubuntu_18.04.sh,https://github.com/auth0/jwt-decode.git
j/jwt-node,jwt-node,master,node,,j/jwt-node/jwt-node_rhel_7.6.sh,https://github.com/mattrobenolt/jwt-node.git
k/karma,karma,2.0.0,node,,k/karma/karma_rhel_7.4.sh,https://github.com/karma-runner/karma.git
k/karma,karma,2.0.0,node,,k/karma/karma_ubuntu_16.04.sh,https://github.com/karma-runner/karma.git
k/kibana,kibana,5.6.3,node,,k/kibana/kibana_5.6.3_ubuntu_16.04.sh,https://github.com/elastic/kibana.git
k/kibana,kibana,6.5.4,node,,k/kibana/kibana_6.5.4_rhel_7.6.sh,https://github.com/elastic/kibana.git
k/kibana,kibana,6.5.4,node,,k/kibana/kibana_6.5.4_ubuntu_18.04.sh,https://github.com/elastic/kibana.git
k/kibana,kibana,6.7.2,node,,k/kibana/kibana_6.7.2_rhel_7.6.sh,https://github.com/elastic/kibana.git
k/kibana,kibana,7.6.0,node,,k/kibana/kibana_7.6.0_rhel_7.6.sh,https://github.com/elastic/kibana.git
l/libcipm,libcipm,4.0.7,node,,l/libcipm/libcipm_ubi8.sh,https://github.com/npm/libcipm
l/load-bmfont,load-bmfont,v1.4.1,node,,l/load-bmfont/load-bmfont_rhel_7.6.sh,https://github.com/Jam3/load-bmfont.git
l/loadash,loadash,4.17.10,node,,l/loadash/loadash_ubuntu_18.04.sh,https://github.com/lodash/lodash
l/lolex,lolex,v6.0.1,node,,l/lolex/lolex_rhel_7.6.sh,https://github.com/sinonjs/lolex.git
l/loopback-boot,loopback-boot,3.0.1,node,,l/loopback-boot/loopback-boot_ubuntu_16.04.sh,https://github.com/strongloop/loopback-boot.git
l/loopback-cli,loopback-cli,5.1.0,node,,l/loopback-cli/loopback-cli_ubi8.sh,https://github.com/strongloop/loopback-cli
l/loopback-component-explorer,loopback-component-explorer,4.2.0,node,,l/loopback-component-explorer/loopback-component-explorer_ubuntu_16.04.sh,https://github.com/strongloop/loopback-component-explorer.git
l/loopback-component-passport,loopback-component-passport,3.3.0,node,,l/loopback-component-passport/loopback-component-passport_ubuntu_16.04.sh,https://github.com/strongloop/loopback-component-passport.git
l/loopback-component-push,loopback-component-push,3.0.0,node,,l/loopback-component-push/loopback-component-push_ubuntu_16.04.sh,https://github.com/strongloop/loopback-component-push.git
l/loopback-component-storage,loopback-component-storage,3.2.0,node,,l/loopback-component-storage/loopback-component-storage_ubuntu_16.04.sh,https://github.com/strongloop/loopback-component-storage.git
l/loopback-connector-remote,loopback-connector-remote,3.1.1,node,,l/loopback-connector-remote/loopback-connector-remote_ubuntu_16.04.sh,https://github.com/strongloop/loopback-connector-remote.git
l/loopback-explorer,loopback-explorer,4.2.0,node,,l/loopback-explorer/loopback-explorer_ubuntu_16.04.sh,https://github.com/strongloop/loopback-explorer.git
l/loopback-phase,loopback-phase,3.0.0,node,,l/loopback-phase/loopback-phase_ubuntu_16.04.sh,https://github.com/strongloop/loopback-phase.git
l/loopback-sdk-android,loopback-sdk-android,1.6.0,node,,l/loopback-sdk-android/loopback-sdk-android_ubuntu_16.04.sh,https://github.com/strongloop/loopback-sdk-android.git
l/loopback-sdk-angular-cli,loopback-sdk-angular-cli,3.0.0,node,,l/loopback-sdk-angular-cli/loopback-sdk-angular-cli_ubuntu_16.04.sh,https://github.com/strongloop/loopback-sdk-angular-cli.git
l/loopback-swagger,loopback-swagger,4.0.3,node,,l/loopback-swagger/loopback-swagger_ubuntu_16.04.sh,https://github.com/strongloop/loopback-swagger.git
m/markdown-js,markdown-js,master,node,,m/markdown-js/markdown-js_rhel_7.6.sh,https://github.com/evilstreak/markdown-js.git
m/markdown-parser,markdown-parser,0.0.8,node,,m/markdown-parser/markdown-parser_ubuntu_18.04.sh,https://github.com/darul75/markdown-parser
m/marked,marked,0.3.19,node,,m/marked/marked_ubuntu_18.04.sh,https://github.com/markedjs/marked.git
m/memorystream,memorystream,6d57b08,node,,m/memorystream/memorystream_rhel_7.6.sh,https://github.com/JSBizon/node-memorystream.git
m/miller-rabin,miller-rabin,4.0.1,node,,m/miller-rabin/miller-rabin_rhel_7.6.sh,https://github.com/indutny/miller-rabin.git
m/mobx,mobx,mobx@6.3.3,node,,m/mobx/mobx_ubi_8.3.sh,https://github.com/mobxjs/mobx.git
m/mocha,mocha,5.2.0,node,,m/mocha/mocha_ubuntu_18.04.sh,https://github.com/mochajs/mocha.git
m/mongodb,mongodb,,node,,m/mongodb/Dockerfiles/mongoDB_5_0/docker-entrypoint.sh,
n/ndarray-ops,ndarray-ops,061007427b2ddd9e19775d43deb94a87b5fd1aef,node,,n/ndarray-ops/ndarray-ops_rhel_7.6.sh,https://github.com/mikolalysenko/ndarray-ops.git
n/ng2d3,ng2d3,7.0.1,node,,n/ng2d3/ng2d3_rhel_7.4.sh,https://github.com/swimlane/ng2d3.git
n/node-clone,node-clone,2.1.2,node,,n/node-clone/node-clone_ubuntu_18.04.sh,https://github.com/pvorb/node-clone.git
n/node-ctype,node-ctype,0.5.5,node,,n/node-ctype/node-ctype_ubuntu_18.04.sh,https://github.com/rmustacc/node-ctype.git
n/node-dashdash,node-dashdash,1.14.1,node,,n/node-dashdash/node-dashdash_ubuntu_18.04.sh,https://github.com/trentm/node-dashdash.git
n/node-editor,node-editor,1.0.0,node,,n/node-editor/node-editor_ubuntu_18.04.sh,https://github.com/substack/node-editor.git
n/node-hashtable,node-hashtable,2.0.2,node,,n/node-hashtable/node-hashtable_ubuntu_18.04.sh,https://github.com/chad3814/node-hashtable.git
n/node-heapdump,node-heapdump,0.3.9,node,,n/node-heapdump/node-heapdump_ubuntu_16.04.sh,https://github.com/bnoordhuis/node-heapdump.git
n/node-http-proxy,node-http-proxy,1.16.2,node,,n/node-http-proxy/node-http-proxy_rhel_7.4.sh,https://github.com/nodejitsu/node-http-proxy.git
n/node-http-proxy,node-http-proxy,1.16.2,node,,n/node-http-proxy/node-http-proxy_ubuntu_16.04.sh,https://github.com/nodejitsu/node-http-proxy.git
n/node-jersey,node-jersey,1.19,node,,n/node-jersey/node-jersey_ubuntu_18.04.sh,https://github.com/mojodna/node-jersey.git
n/node-normalize,node-normalize,0.3.1,node,,n/node-normalize/node-normalize_ubuntu_18.04.sh,https://github.com/nulltask/normalize.styl
n/node-oauth,node-oauth,0.0.7,node,,n/node-oauth/node-oauth_ubuntu_18.04.sh,https://github.com/ciaranj/node-oauth.git
n/node-proper-lockfile,node-proper-lockfile,v4.1.1,javascript,,n/node-proper-lockfile/node-proper-lockfile_ubi8_3.sh,https://github.com/moxystudio/node-proper-lockfile.git
n/normalize-css,normalize-css,8.0.0,node,,n/normalize-css/normalize-css_ubuntu_18.04.sh,https://github.com/necolas/normalize.css.git
n/normalize.css,normalize.css,7.0.0,node,,n/normalize.css/normalize.css_rhel_7.4.sh,https://github.com/necolas/normalize.css.git
n/nvd3,nvd3,1.8.6,node,,n/nvd3/nvd3_ubuntu_16.04.sh,https://github.com/novus/nvd3.git
o/object-assign,object-assign,4.1.1,node,,o/object-assign/object-assign_ubuntu_18.04.sh,https://github.com/sindresorhus/object-assign.git
o/oclif-command,oclif-command,v1.8.0,node,,o/oclif-command/oclif-command_ubi_8.3.sh,https://github.com/oclif/command.git
o/oclif-config,oclif-config,v1.17.0,node,,o/oclif-config/oclif_config_ubi_8.3.sh,https://github.com/oclif/config.git
o/opener,opener,1.4.3,node,,o/opener/opener_ubuntu_18.04.sh,https://github.com/domenic/opener.git
o/osapi,osapi,0.9.2,node,,o/osapi/osapi_ubuntu_18.04.sh,https://github.com/YounGoat/nodejs.osapi
p/p-is-promise,p-is-promise,v3.0.0,node,,p/p-is-promise/p-is-promise_rhel_7.6.sh,https://github.com/sindresorhus/p-is-promise.git
p/p-map,p-map,v4.0.0,node,,p/p-map/p-map_rhel_7.6.sh,https://github.com/sindresorhus/p-map.git
p/papaparse,papaparse,5.3.0,node,,p/papaparse/papaparse_rhel_7.6.sh,https://github.com/mholt/PapaParse.git
p/parseqs,parseqs,4d037fc,node,,p/parseqs/parseqs_rhel_7.6.sh,https://github.com/galkn/querystring.git
p/parseuri,parseuri,NA,node,,p/parseuri/parseuri_ubuntu_18.04.sh,https://github.com/get/parseuri
p/particles.js,particles.js,2.0.0,node,,p/particles.js/particles.js_ubi_8.3.sh,https://github.com/VincentGarreau/particles.js.git
p/pdfkit,pdfkit,v0.8.0,node,,p/pdfkit/pdfkit_rhel_7.3.sh,https://github.com/devongovett/pdfkit
p/pdfkit,pdfkit,v0.8.0,node,,p/pdfkit/pdfkit_ubuntu_16.04.sh,https://github.com/devongovett/pdfkit
p/performance-now,performance-now,master,node,,p/performance-now/performance_now_rhel_7.6.sh,https://github.com/myrne/performance-now.git
p/persevere,persevere,NA,node,,p/persevere/persevere_ubuntu_18.04.sh,https://github.com/kriszyp/persevere
p/pkg-json,pkg-json,2.0.6,node,,p/pkg-json/pkg-json_ubuntu_18.04.sh,https://github.com/IonicaBizau/pkg.json.git
p/polished,polished,v4.1.3,node,,p/polished/polished_ubi_8.3.sh,https://github.com/styled-components/polished.git
p/print-html-element,print-html-element,0.5.1,node,,p/print-html-element/print-html-element_ubuntu_18.04.sh,https://github.com/rpdasilva/print-html-element.git
p/promise,promise,8.0.1,node,,p/promise/promise_ubuntu_18.04.sh,https://github.com/then/promise
p/psl,psl,v1.6.0,node,,p/psl/psl_rhel_7.6.sh,https://github.com/lupomontero/psl
p/pstree.remy,pstree.remy,1.1.8,node,,p/pstree.remy/pstree.remy_rhel_7.6.sh,https://registry.npmjs.org/pstree.remy/-/pstree.remy-1.1.8.tgz
q/qs,qs,v6.7.0,node,,q/qs/qs_rhel_7.6.sh,https://github.com/ljharb/qs.git
q/qwery,qwery,4.0.0,node,,q/qwery/qwery_ubuntu_18.04.sh,https://github.com/ded/qwery
r/react-blockly-component,react-blockly-component,3.0.2,node,,r/react-blockly-component/react-blockly-component_ubuntu_18.04.sh,https://github.com/patientslikeme/react-blockly-component
r/react-collapse,react-collapse,1.9.3,node,,r/react-collapse/react-collapse_ubuntu_18.04.sh,https://github.com/react-component/collapse
r/react-hot-loader,react-hot-loader,v4.12.19,node,,r/react-hot-loader/react-hot-loader_rhel_7.6.sh,https://github.com/gaearon/react-hot-loader.git
r/react-html-table-to-excel,react-html-table-to-excel,2.0.0,node,,r/react-html-table-to-excel/react-html-table-to-excel_ubuntu_18.04.sh,https://github.com/zsusac/ReactHTMLTableToExcel.git
r/react-intl,react-intl,2.4.0,node,,r/react-intl/react-intl_ubuntu_18.04.sh,https://github.com/yahoo/react-intl.git
r/react-modal,react-modal,3.5.1,node,,r/react-modal/react-modal_ubuntu_18.04.sh,https://github.com/reactjs/react-modal.git
r/react-motion,react-motion,0.5.2,node,,r/react-motion/react-motion_ubuntu_18.04.sh,https://github.com/chenglou/react-motion
r/react-native-listener,react-native-listener,1.0.2,node,,r/react-native-listener/react-native-listener_ubuntu_18.04.sh,https://github.com/erikras/react-native-listener.git
r/react-proxy,react-proxy,1.1.8,node,,r/react-proxy/react_proxy_rhel_7.6.sh,https://github.com/gaearon/react-proxy.git
r/react-redux,react-redux,4.0.0,node,,r/react-redux/react-redux_ubuntu_18.04.sh,https://github.com/reduxjs/react-redux
r/react-resize-detector,react-resize-detector,v4.2.1,node,,r/react-resize-detector/react_resize_detector_rhel_7.6.sh,https://github.com/maslianok/react-resize-detector.git
r/react-router,react-router,4.2.2,node,,r/react-router/react-router_rhel_7.4.sh,https://github.com/ReactTraining/react-router
r/react-router,react-router,4.3.1,node,,r/react-router/react-router_ubuntu_18.04.sh,https://github.com/ReactTraining/react-router
r/react-router-redux,react-router-redux,4.0.7,node,,r/react-router-redux/react-router-redux_ubuntu_18.04.sh,https://github.com/reactjs/react-router-redux.git
r/react-tap-event-plugin,react-tap-event-plugin,3.0.3,node,,r/react-tap-event-plugin/react-tap-event-plugin_ubuntu_18.04.sh,https://github.com/zilverline/react-tap-event-plugin.git
r/react-transition-group,react-transition-group,2.4.0,node,,r/react-transition-group/react-transition-group_ubuntu_18.04.sh,https://github.com/reactjs/react-transition-group.git
r/react-zoom-pan-pinch,react-zoom-pan-pinch,f78c546,node,,r/react-zoom-pan-pinch/react_zoom_pan_pinch_rhel_7.6.sh,https://github.com/prc5/react-zoom-pan-pinch.git
r/reactivestack-cookies,reactivestack-cookies,2.1.5,node,,r/reactivestack-cookies/reactivestack-cookies_rhel_7.4.sh,https://github.com/reactivestack/cookies.git
r/recharts,recharts,1.1.0,node,,r/recharts/recharts_ubuntu_18.04.sh,https://github.com/recharts/recharts.git
r/redux,redux,4.0.0,node,,r/redux/redux_ubuntu_18.04.sh,https://github.com/reduxjs/redux.git
r/redux-catch,redux-catch,1.3.1,node,,r/redux-catch/redux-catch_ubuntu_18.04.sh,https://github.com/PlatziDev/redux-catch.git
r/redux-mock-store,redux-mock-store,1.4.0,node,,r/redux-mock-store/redux-mock-store_rhel_7.4.sh,https://github.com/arnaudbenard/redux-mock-store.git
r/redux-mock-store,redux-mock-store,1.4.0,node,,r/redux-mock-store/redux-mock-store_ubuntu_16.04.sh,https://github.com/arnaudbenard/redux-mock-store.git
r/redux-thunk,redux-thunk,2.3.0,node,,r/redux-thunk/redux_thunk_ubuntu_18.04.sh,https://github.com/reduxjs/redux-thunk.git
r/registry,registry,0.3.0,node,,r/registry/registry_ubuntu_18.04.sh,https://github.com/DamonOehlman/registry.git
r/registry-url,registry-url,5.1.0,node,,r/registry-url/registry-url_rhel_7.6.sh,https://github.com/sindresorhus/registry-url.git
r/repeating,repeating,v2.0.1,node,,r/repeating/repeating_rhel_7.6.sh,https://github.com/sindresorhus/repeating.git
r/request-promise,request-promise,4.2.2,node,,r/request-promise/request-promise_rhel_7.4.sh,https://github.com/request/request-promise.git
r/request-promise,request-promise,4.2.2,node,,r/request-promise/request-promise_ubuntu_16.04.sh,https://github.com/request/request-promise.git
r/requestretry,requestretry,v2.0.2,node,,r/requestretry/requestretry_rhel_7.6.sh,https://github.com/FGRibreau/node-request-retry.git
r/requirejs,requirejs,2.3.5,node,,r/requirejs/requirejs_ubuntu_18.04.sh,https://github.com/requirejs/requirejs.git
r/resources,resources,0.4.3,node,,r/resources/resources_ubuntu_18.04.sh,https://github.com/bigcompany/resources.git
r/rest,rest,2.0.0,node,,r/rest/rest_ubuntu_18.04.sh,https://github.com/cujojs/rest.git
r/resumable-js,resumable-js,1.1.0,node,,r/resumable-js/resumable-js_rhel_7.4.sh,https://github.com/23/resumable.js
r/resumable-js,resumable-js,1.1.0,node,,r/resumable-js/resumable-js_ubuntu_16.04.sh,https://github.com/23/resumable.js
r/rop-type,rop-type,1.0,node,,r/rop-type/rop-type_ubuntu_18.04.sh,https://github.com/jasmine1569/rop-type.git
r/router,router,v1.2.0,node,,r/router/router_UBI_8.0.sh,https://github.com/reach/router.git
r/rsvp,rsvp,v4.8.5,node,,r/rsvp/rsvp_rhel_7.6.sh,https://github.com/tildeio/rsvp.js.git
r/rxjs,rxjs,7.3.0,node,,r/rxjs/rxjs_ubi_8.3.sh,https://github.com/ReactiveX/rxjs
s/sasslint-webpack-plugin,sasslint-webpack-plugin,v1.0.4,node,,s/sasslint-webpack-plugin/sasslint_webpack_plugin_rhel_7.6.sh,https://github.com/alleyinteractive/sasslint-webpack-plugin.git
s/sax_js,sax_js,v1.2.2,node,,s/sax_js/sax-js_rhel_7.3.sh,https://github.com/isaacs/sax-js
s/sax_js,sax_js,v1.2.2,node,,s/sax_js/sax-js_ubuntu_16.04.sh,https://github.com/isaacs/sax-js
s/script_js,script_js,v2.5.8,node,,s/script_js/script-js_rhel_7.3.sh,https://github.com/ded/script.js
s/script_js,script_js,v2.5.8,node,,s/script_js/script-js_ubuntu_16.04.sh,https://github.com/ded/script.js
s/scss-tokenizer,scss-tokenizer,v0.4.2,node,,s/scss-tokenizer/scss-tokenizer_rhel_7.6.sh,https://github.com/sasstools/scss-tokenizer.git
s/seamless-immutable,seamless-immutable,7.1.4,node,,s/seamless-immutable/seamless-immutable_rhel_7.6.sh,https://github.com/rtfeldman/seamless-immutable.git
s/secure-keys,secure-keys,1.0.0,node,,s/secure-keys/secure-keys_rhel_7.6.sh,https://registry.npmjs.org/secure-keys/-/secure-keys-1.0.0.tgz
s/selfsigned,selfsigned,v1.10.7,node,,s/selfsigned/selfsigned_rhel_7.6.sh,https://github.com/jfromaniello/selfsigned.git
s/sha.js,sha.js,v2.4.11,node,,s/sha.js/sha.js_rhel_7.6.sh,https://github.com/crypto-browserify/sha.js.git
s/sinon-chai,sinon-chai,3.3.0,node,,s/sinon-chai/sinon-chai_ubi8.sh,https://github.com/domenic/sinon-chai
s/sizzle,sizzle,2.0.0,node,,s/sizzle/sizzle_ubuntu_18.04.sh,https://github.com/jquery/sizzle.git
s/socket.io-parser,socket.io-parser,3.3.0,node,,s/socket.io-parser/socket.io-parser_rhel_7.6.sh,https://github.com/socketio/socket.io-parser.git
s/spdx-exceptions.json,spdx-exceptions.json,v2.3.0,node,,s/spdx-exceptions.json/spdx-exceptions.json_ubi_8.3.sh,https://github.com/jslicense/spdx-exceptions.json.git
s/spin-js,spin-js,4.0.0,node,,s/spin-js/spin-js_ubuntu_18.04.sh,https://github.com/fgnass/spin.js.git
s/stdout-stream,stdout-stream,v1.4.1,node,,s/stdout-stream/stdout-stream_rhel_7.6.sh,https://github.com/mafintosh/stdout-stream.git
s/storybook-readme,storybook-readme,storybook-readme@5.0.5,node,,s/storybook-readme/storybook-readme_ubi_8.3.sh,https://github.com/tuchk4/storybook-readme.git
s/stream-http,stream-http,v2.8.3,node,,s/stream-http/stream_http_rhel_7.6.sh,https://github.com/jhiesey/stream-http.git
s/strong-agent-statsd,strong-agent-statsd,1.0.6,node,,s/strong-agent-statsd/strong-agent-statsd_ubuntu_16.04.sh,https://github.com/strongloop/strong-agent-statsd.git
s/strong-build,strong-build,2.1.2,node,,s/strong-build/strong-build_ubuntu_16.04.sh,https://github.com/strongloop/strong-build.git
s/strong-caching-http-client,strong-caching-http-client,n/a,node,,s/strong-caching-http-client/strong-caching-http-client_ubuntu_16.04.sh,https://github.com/strongloop/strong-caching-http-client.git
s/strong-cluster-connect-store,strong-cluster-connect-store,1.0.3,node,,s/strong-cluster-connect-store/strong-cluster-connect-store_ubuntu_16.04.sh,https://github.com/strongloop/strong-cluster-connect-store.git
s/strong-cluster-control,strong-cluster-control,2.2.3,node,,s/strong-cluster-control/strong-cluster-control_ubuntu_16.04.sh,https://github.com/strongloop/strong-cluster-control.git
s/strong-cluster-tls-store,strong-cluster-tls-store,1.0.3,node,,s/strong-cluster-tls-store/strong-cluster-tls-store_ubuntu_16.04.sh,https://github.com/strongloop/strong-cluster-tls-store.git
s/strong-log-transformer,strong-log-transformer,1.0.6,node,,s/strong-log-transformer/strong-log-transformer_ubuntu_16.04.sh,https://github.com/strongloop/strong-log-transformer.git
s/strong-nginx-controller,strong-nginx-controller,1.0.2,node,,s/strong-nginx-controller/strong-nginx-controller_ubuntu_16.04.sh,https://github.com/strongloop/strong-nginx-controller.git
s/strong-npm-ls,strong-npm-ls,1.0.10,node,,s/strong-npm-ls/strong-npm-ls_ubuntu_16.04.sh,https://github.com/strongloop/strong-npm-ls
s/strong-pubsub,strong-pubsub,0.2.0,node,,s/strong-pubsub/strong-pubsub_ubuntu_16.04.sh,https://github.com/strongloop/strong-pubsub.git
s/strong-registry,strong-registry,1.1.6,node,,s/strong-registry/strong-registry_ubuntu_16.04.sh,https://github.com/strongloop/strong-registry
s/strong-service-install,strong-service-install,2.0.3,node,,s/strong-service-install/strong-service-install_ubuntu_16.04.sh,https://github.com/strongloop/strong-service-install
s/strong-service-systemd,strong-service-systemd,1.2.3,node,,s/strong-service-systemd/strong-service-systemd_ubuntu_16.04.sh,https://github.com/strongloop/strong-service-systemd
s/strong-service-upstart,strong-service-upstart,1.1.3,node,,s/strong-service-upstart/strong-service-upstart_ubuntu_16.04.sh,https://github.com/strongloop/strong-service-upstart
s/strong-store-cluster,strong-store-cluster,1.0.1,node,,s/strong-store-cluster/strong-store-cluster_ubuntu_16.04.sh,https://github.com/strongloop/strong-store-cluster
s/strong-url-defaults,strong-url-defaults,1.2.3,node,,s/strong-url-defaults/strong-url-defaults_ubuntu_16.04.sh,https://github.com/strongloop/strong-url-defaults
s/strongloop,strongloop,6.0.3,node,,s/strongloop/strongloop_ubuntu_16.04.sh,https://github.com/strongloop/strongloop
s/swagger-spec,swagger-spec,3.0.0-rc2,node,,s/swagger-spec/swagger-spec_ubuntu_16.04.sh,https://github.com/swagger-api/swagger-spec.git
t/table,table,v3.8.3,node,,t/table/table_rhel_7.6.sh,https://github.com/gajus/table.git
t/tar,tar,5.0.5,node,,t/tar/tar_rhel_7.6.sh,https://github.com/npm/node-tar.git
t/to-arraybuffer,to-arraybuffer,v1.0.1,node,,t/to-arraybuffer/to_arraybuffer_rhel_7.6.sh,https://github.com/jhiesey/to-arraybuffer.git
t/trim-newlines,trim-newlines,v3.0.0,node,,t/trim-newlines/trim-newlines_rhel_7.6.sh,https://github.com/sindresorhus/trim-newlines.git
t/true-case-path,true-case-path,master(8a016e6a8be64c873aba414fbcdb4748e24dc796),node,,t/true-case-path/true-case-path_ubi_8.3.sh,https://github.com/Profiscience/true-case-path
t/tty-browserify,tty-browserify,v0.0.1,node,,t/tty-browserify/tty-browserify_ubi_8.3.sh,https://github.com/browserify/tty-browserify
t/typedarray-to-buffer,typedarray-to-buffer,v3.1.5,node,,t/typedarray-to-buffer/typedarray-to-buffer_rhel_7.6.sh,https://github.com/feross/typedarray-to-buffer.git
u/uglifyjs2,uglifyjs2,3.3.10,node,,u/uglifyjs2/uglifyjs2_rhel_7.4.sh,https://github.com/mishoo/UglifyJS2
u/underscore-js,underscore-js,1.9.1,node,,u/underscore-js/underscore-js_ubuntu_18.04.sh,https://github.com/jashkenas/underscore.git
u/uniq,uniq,4e0fc2c02bfdc17141301845c885f21b9fdacc21,node,,u/uniq/uniq_rhel_7.6.sh,https://github.com/mikolalysenko/uniq.git
u/url,url,v0.11.0,node,,u/url/url_rhel_7.6.sh,https://github.com/defunctzombie/node-url.git
u/uue,uue,e2c4f45e0886ba022a1ef2e1545ada74e1143218,node,,u/uue/uue_rhel_7.6.sh,https://github.com/Mithgol/node-uue.git
v/void-elements,void-elements,2.0.1,node,,v/void-elements/void-elements_ubi_8.4.sh,https://github.com/pugjs/void-elements
w/watchify,watchify,3.10.0,node,,w/watchify/watchify_rhel_7.4.sh,https://github.com/substack/watchify.git
w/watchify,watchify,3.10.0,node,,w/watchify/watchify_ubuntu_16.04.sh,https://github.com/substack/watchify.git
w/webdriverio,webdriverio,v5.0.0-beta.1,node,,w/webdriverio/webdriverio_ubuntu_18.04.sh,https://github.com/webdriverio/webdriverio.git
w/webpack-hot-middleware-example,webpack-hot-middleware-example,1.0.0,node,,w/webpack-hot-middleware-example/webpack_hot_middleware_example_rhel_7.6.sh,https://registry.npmjs.org/webpack-hot-middleware-example/-/webpack-hot-middleware-example-1.0.0.tgz
w/webpack-permissions-plugin,webpack-permissions-plugin,v1.0.7,node,,w/webpack-permissions-plugin/PermissionsPlugin.js_ubi_8.3.sh,https://github.com/GeKorm/webpack-permissions-plugin
w/whatwg-fetch,whatwg-fetch,v3.0.0,node,,w/whatwg-fetch/whatwg-fetch_rhel_7.6.sh,https://github.com/github/fetch.git
w/whatwg-fetch,whatwg-fetch,2.0.4,node,,w/whatwg-fetch/whatwg-fetch_ubuntu_18.04.sh,https://github.com/github/fetch.git
w/which,which,"v1.3.1, v2.0.2",node,,w/which/which_v2.0.2_v1.3.1_rhel_7.6.sh,https://github.com/isaacs/node-which.git
w/window-or-global,window-or-global,v1.0.1,node,,w/window-or-global/window-or-global_rhel_7.6.sh,https://github.com/purposeindustries/window-or-global.git
w/window-or-global,window-or-global,1.0.1,node,,w/window-or-global/window-or-global_ubuntu_18.04.sh,https://github.com/purposeindustries/window-or-global.git
w/window-size,window-size,1.1.1,node,,w/window-size/window-size_rhel_7.6.sh,https://github.com/jonschlinkert/window-size.git
x/xpath,xpath,0.0.27,node,,x/xpath/xpath_ubi8.sh,https://github.com/goto100/xpath
x/xregexp,xregexp,3.2.0,node,,x/xregexp/xregexp_rhel_7.3.sh,https://github.com/slevithan/xregexp.git
x/xregexp,xregexp,3.2.0,node,,x/xregexp/xregexp_ubuntu_16.04.sh,https://github.com/slevithan/xregexp.git
x/xstyle,xstyle,0.2.0,node,,x/xstyle/xstyle_ubuntu_18.04.sh,https://github.com/kriszyp/xstyle.git
z/zmq,zmq,2.15.3,node,,z/zmq/zmq_rhel_7.6.sh,https://github.com/JustinTulloss/zeromq.node.git
3/3scale-apisonator,redhat_ubi8,v0.5.1,ruby,,3/3scale-operator-metadata/redhat_ubi8/build.sh,https://github.com/3scale/3scale-operator-metadata
3/3scale-istio-adapter,Dockerfiles,v2.0.0.1,go,,3/3scale-istio-adapter/Dockerfiles/build.sh,https://github.com/3scale/3scale-istio-adapter
a/activemq,activemq,5.17.1,java,,a/activemq/Dockerfiles/redhat_ubi8/build.sh,https://github.com/apache/activemq
a/alertmanager,alertmanager,0.9.1,go,,a/alertmanager/alertmanager_ubuntu_16.04.sh,https://github.com/prometheus/alertmanager
a/aliyungo,aliyungo,master,go,,a/aliyungo/aliyungo_ubi_8.3.sh,https://github.com/denverdino/aliyungo
a/allennlp,allennlp,v0.8.4,python,,a/allennlp/allennlp_v0.8.4_rhel_7.6.sh,https://github.com/allenai/allennlp
a/allennlp,allennlp,v0.8.4,python,,a/allennlp/allennlp_v0.8.4_ubuntu_18.04.sh,https://github.com/allenai/allennlp
a/allennlp,allennlp,v0.9.0,python,,a/allennlp/allennlp_v0.9.0_rhel_7.sh,https://github.com/allenai/allennlp
a/amqp,amqp,0.9.1,go,,a/amqp/amqp_ubuntu_16.04.sh,http://github.com/streadway/amqp
a/antlr-runtime,antlr-runtime,3.5.2,java,,a/antlr-runtime/antlr-runtime-ubuntu_18.04.sh,https://github.com/antlr/antlr3.git
a/antlr-runtime,antlr-runtime,4.2,java,,a/antlr-runtime/antlr4-runtime_ubi_8.3.sh,https://github.com/antlr/antlr4.git
a/antlr-runtime,antlr-runtime,"4.7.2, 4.8",java,,a/antlr-runtime/antlr4_runtime_rhel_7.6.sh,https://github.com/antlr/antlr4
a/antlr-runtime,antlr-runtime,3.5.2,java,,a/antlr-runtime/antlr_runtime_rhel_7.6.sh,https://github.com/antlr/antlr3
a/antlr4-annotations,antlr4-annotations,4.2,java,,a/antlr4-annotations/antlr4-annotations_4.2_ubi_8.3.sh,https://github.com/antlr/antlr4.git
a/antlr4-annotations,antlr4-annotations,4.9.2,java,,a/antlr4-annotations/antlr4-annotations_ubi_8.3.sh,https://github.com/antlr/antlr4.git
a/apache-Jsvc,apache-Jsvc,latest (1.2.3),java,,a/apache-Jsvc/Apache_Jsvc_rhel_7.6.sh,https://github.com/apache/commons-daemon/tree/master/src/native/unix
a/apache-calcite,apache-calcite,1.19.0,java,,a/apache-calcite/apache-calcite_rhel_7.6.sh,https://github.com/apache/calcite
a/apache-hive,apache-hive,3.1.2,java,,a/apache-hive/apache-hive_rhel_7.6.sh,https://github.com/apache/hive.git
a/api,api,"0.10.6,0.3.7",go,,a/api/api_ubi_8.3.sh,https://github.com/operator-framework/api
a/apicurio-registry-common,apicurio-registry-common,1.3.0.Final,java,,a/apicurio-registry-common/apicurio-registry-common_ubi8_3.sh,https://github.com/Apicurio/apicurio-registry.git
a/apm-agent-go,apm-agent-go,"v1.14.0, v1.5.0",go,,a/apm-agent-go/apm-agent-go-apmhttp_ubi_8.3.sh,https://github.com/elastic/apm-agent-go
a/apm-agent-go,apm-agent-go,"v1.14.0, v1.5.0",go,,a/apm-agent-go/apm-agent-go_ubi_8.3.sh,https://github.com/elastic/apm-agent-go
a/appsody,appsody,latest (0.5.8),go,,a/appsody/appsody_rhel_7.6.sh,https://github.com/appsody/appsody
a/appsody-controller,appsody-controller,latest (0.3.4),go,,a/appsody-controller/appsody_controller_rhel_7.6.sh,https://github.com/appsody/controller
a/appsody-init-controller,appsody-init-controller,latest (0.3.4),go,,a/appsody-init-controller/appsody_controller_rhel_7.6.sh,https://github.com/appsody/controller
a/appsody-stack,appsody-stack,latest (0.9.0),java,,a/appsody-stack/java-spring-boot2/java-spring-boot2_rhel_7.6.sh,https://github.com/appsody/stacks/tree/master/incubator/java-spring-boot2
a/aspectJweaver,aspectJweaver,V1_9_7,java,,a/aspectJweaver/AspectJweaver_ubi_8.3.sh,https://github.com/eclipse/org.aspectj
a/attrs,attrs,v0.0.0-20190224210810-a9411de4debd,go,,a/attrs/attrs_ubi_8.4.sh,https://github.com/gobuffalo/attrs.git
a/aws-sdk-java,aws-sdk-java,1.7.3,java,,a/aws-sdk-java/aws-sdk-java_rhel84.sh,https://github.com/aws/aws-sdk-java
b/bcprov-ext-jdk15on,bcprov-ext-jdk15on,r1rv69,java,,b/bcprov-ext-jdk15on/bcprov-ext-jdk15on_ubi_8.3.sh,https://github.com/bcgit/bc-java
b/beanvalidation-api,beanvalidation-api,2.0.2,java,,b/beanvalidation-api/beanvalidation-api_ubuntu_16.04.sh,https://github.com/beanvalidation/beanvalidation-api.git
b/bonita,bonita,,java,,b/bonita/Dockerfiles/7.4_Debian_jessie/files/functions.sh,
b/bucket4j,bucket4j,6.2.0,java,,b/bucket4j/bucket4j-core_ubi_8.3.sh,https://github.com/vladimir-bukhtoyarov/bucket4j
b/bucket4j-core,bucket4j-core,6.2.0,java,,b/bucket4j-core/bucket4j-core_ubi_8.3.sh,https://github.com/vladimir-bukhtoyarov/bucket4j
b/builder-annotations,builder-annotations,0.40.1,java,,b/builder-annotations/builder_annotations_ubi8_3.sh,https://github.com/sundrio/sundrio.git
c/cache-api,cache-api,"1.0.0, 1.1.0",java,,c/cache-api/cache-api_rhel_7.6.sh,https://github.com/jsr107/jsr107spec
c/caffe,caffe,1.0.0-rc5,python,,c/caffe/caffe_ubuntu_16.04.sh,https://github.com/BVLC/caffe.git
c/cass-operator,cass-operator,v1.19.0,go,,c/cass-operator/cass-operator-v1.19.0-ubuntu22.04.sh,https://github.com/k8ssandra/${PACKAGE_NAME}.git
c/cassandra-driver-extras,cassandra-driver-extras,4.12.0,java,,c/cassandra-driver-extras/cassandra_driver_extras_ubi8_3.sh,https://github.com/datastax/java-driver.git
c/castor,castor,1.4.0,java,,c/castor/castor_ubuntu_18.04.sh,https://github.com/castor-data-binding/castor
c/cglib_nodep,cglib_nodep,RELEASE_3_3_0,java,,c/cglib_nodep/cglib_nodep_ubi8_3.sh,https://github.com/cglib/cglib.git
c/checker-compat-qual,checker-compat-qual,2.5.4,java,,c/checker-compat-qual/checker-compat-qual_ubuntu_18.04.sh,https://github.com/typetools/checker-framework.git
c/checker-compat-qual,checker-compat-qual,checker-framework-2.11.1,java,,c/checker-compat-qual/checker-qual_ubi_8.3.sh,https://github.com/typetools/checker-framework.git
c/clearNLP,clearNLP,3.2.0,java,,c/clearNLP/clearNLP_rhel_7.2.sh,https://github.com/clir/clearnlp
c/clearNLP,clearNLP,3.2.0,java,,c/clearNLP/clearNLP_ubuntu_16.04.sh,https://github.com/clir/clearnlp
c/cockroachdb,cockroachdb,v19.1.5,node,,c/cockroachdb/v19.1.5/cockroachdb_debian9.8slim.sh,https://github.com/cockroachdb/cockroach
c/cockroachdb,cockroachdb,v20.2.17,node,,c/cockroachdb/v20.2.17-oss/cockroachdb_ubi8.sh,https://github.com/cockroachdb/cockroach
c/cockroachdb,cockroachdb,v21.2.6,go,,c/cockroachdb/v21.2.6-oss/cockroachdb_ubi_8.5.sh,https://github.com/cockroachdb/cockroach
c/cockroachdb,cockroachdb,v19.1.5,node,,c/cockroachdb/v19.1.5/cockroachdb_ubi7.6.sh,https://github.com/cockroachdb/cockroach
c/cockroachdb,cockroachdb,v19.1.8,node,,c/cockroachdb/v19.1.8/cockroachdb_ubi7.sh,https://github.com/cockroachdb/cockroach
c/codeready-workspaces,codeready-workspaces,2.0.0.GA,java,,c/codeready-workspaces/codeready_wrkspace_build_ppc64le_rhel7.6.sh.sh,https://github.com/redhat-developer/codeready-workspaces
c/codewind,codewind,latest (0.9.0),java,,c/codewind/codewind_rhel_7.6.sh,https://github.com/eclipse/codewind
c/collectd-exporter,collectd-exporter,0.3.1,go,,c/collectd-exporter/collectd_exporter_ubuntu_16.04.sh,https://github.com/prometheus/collectd_exporter
c/com.lmax.disruptor,com.lmax.disruptor,3.4.4,java,,c/com.lmax.disruptor/com.lmax.disruptor_ubi_8.3.sh,https://github.com/LMAX-Exchange/disruptor
c/commons-chain,commons-chain,1.2,java,,c/commons-chain/commons-chain_ubi_8.3.sh,https://github.com/apache/commons-chain.git
c/commons-crypto,commons-crypto,1.1.0,java,,c/commons-crypto/commons-crypto_ubuntu_20.04.sh,https://github.com/apache/commons-crypto
c/commons-email,commons-email,1.5,java,,c/commons-email/commons-email_rhel_7.6.sh,https://github.com/apache/commons-email
c/commons-validator,commons-validator,1.6,java,,c/commons-validator/commons-validator_rhel_7.6.sh,https://github.com/apache/commons-validator
c/compiler,compiler,0.9.6,java,,c/compiler/compiler_rhel_7.6.sh,https://github.com/spullara/mustache.java
c/concurrent,concurrent,"v1.0.3,bacd9c7ef1dd9b15be4a9909b8ac7a4e313eec94",go,,c/concurrent/concurrent_ubi_8.5.sh,https://github.com/modern-go/concurrent
c/config,config,"1.3.4, 1.4.0",java,,c/config/config_rhel_7.6.sh,https://github.com/lightbend/config
c/corenlp,corenlp,n/a,java,,c/corenlp/corenlp_rhel_7.3.sh,https://github.com/stanfordnlp/CoreNLP.git
c/corenlp,corenlp,n/a,java,,c/corenlp/corenlp_ubuntu_16.04.sh,https://github.com/stanfordnlp/CoreNLP.git
c/cruise-control,cruise-control,master (default),java,,c/cruise-control/redhat_ubi8/build.sh,https://github.com/linkedin/cruise-control
c/curr,curr,1.0.0,go,,c/curr/curr_ubi_8.3.sh,https://github.com/otiai10/curr
d/data-quality,data-quality,8.0.10,java,,d/data-quality/data-quality_ubuntu_16.04.sh,https://github.com/Talend/data-quality.git
d/derby,derby,10.14.1.0,java,,d/derby/derby_rhel_7.4.sh,https://github.com/apache/derby.git
d/derby,derby,10.14.1.0,java,,d/derby/derby_ubuntu_16.04.sh,https://github.com/apache/derby.git
d/digraph-parser,digraph-parser,v1.0,java,,d/digraph-parser/digraph-parser_UBI_8.0.sh,https://github.com/paypal/digraph-parser.git
d/dktest,dktest,"0.3.0,0.3.6",go,,d/dktest/dktest_ubi_8.3.sh,https://github.com/dhui/dktest
d/docker,docker,,java,,d/docker/Dockerfiles/19.03.13_centos8/dind/dockerd-entrypoint.sh,
d/docker,docker,,java,,d/docker/Dockerfiles/19.03.13_centos8/docker-entrypoint.sh,
d/docling-serve,docling-serve,v1.9.0,python,,d/docling-serve/docling-serve_ubi_9.6.sh,https://github.com/docling-project/docling-serve.git
d/dwr,dwr,3.0.2,java,,d/dwr/DWR_rhel_7.3.sh,https://svn.directwebremoting.org/dwr/trunk
d/dwr,dwr,3.0.2,java,,d/dwr/DWR_ubuntu_16.04.sh,https://svn.directwebremoting.org/dwr/trunk
e/Encryptor4j,Encryptor4j,0.1.2 (master),java,,e/Encryptor4j/Encryptor4j_UBI_8.0.sh,https://github.com/martinwithaar/Encryptor4j.git
e/eclipse-core,eclipse-core,3.6.0,java,,e/eclipse-core/eclipse-core_ubuntu_18.04.sh,https://mvnrepository.com/artifact/org.eclipse.core/org.eclipse.core.commands
e/eclipse-datatools,eclipse-datatools,1.0.2,java,,e/eclipse-datatools/eclipse-datatools_ubuntu_18.04.sh,https://mvnrepository.com/artifact/org.eclipse.birt.runtime/org.eclipse.datatools.sqltools.parsers.sql/1.0.2.v201107221520
e/eclipse-equinox,eclipse-equinox,3.5.101,java,,e/eclipse-equinox/eclipse-equinox_ubuntu_18.04.sh,https://mvnrepository.com/artifact/org.eclipse.equinox/org.eclipse.equinox.registry/3.5.101
e/eclipse-jem,eclipse-jem,2.0.0,java,,e/eclipse-jem/eclipse-jem_ubuntu_18.04.sh,https://mvnrepository.com/artifact/org.wso2.wsf/org.eclipse.jem/2.0.0
e/eclipse-osgi,eclipse-osgi,3.7.1,java,,e/eclipse-osgi/eclipse-osgi_ubuntu_18.04.sh,http://central.maven.org/maven2/org/eclipse/osgi/org.eclipse.osgi/3.7.1/org.eclipse.osgi-3.7.1.jar
e/eclipse-runtime,eclipse-runtime,3.6.0,java,,e/eclipse-runtime/eclipse-runtime_ubuntu_18.04.sh,http://repository.mulesoft.org/releases/org/eclipse/eclipse-runtime/3.6.0.v20100505/eclipse-runtime-3.6.0.v20100505.jar
e/ejml,ejml,0.33,java,,e/ejml/ejml_rhel_7.4.sh,https://github.com/lessthanoptimal/ejml
e/encog,encog,3.4,java,,e/encog/encog_rhel_7.3.sh,https://github.com/encog
e/encog,encog,3.4,java,,e/encog/encog_ubuntu_16.04.sh,https://github.com/encog
e/envy,envy,1.7.1 - latest,go,,e/envy/envy_ubi8.3.sh,https://github.com/gobuffalo/envy
f/FastInfoset,FastInfoset,1.2.15,java,,f/FastInfoset/FastInfoset_rhel_7.6.sh,https://github.com/javaee/metro-fi.git
f/failsafe,failsafe,"1.1.0, 2.3.3",java,,f/failsafe/failsafe_rhel_7.6.sh,https://github.com/jhalterman/failsafe
f/findbugs-jsr305,findbugs-jsr305,3.0.2,java,,f/findbugs-jsr305/findbugs-jsr305_ubuntu_16.04.sh,http://central.maven.org/maven2/com/google/code/findbugs/jsr305/3.0.2/jsr305-3.0.2-sources.jar
f/flowable-engine-all-modules-generic,flowable-engine-all-modules-generic,6.6.0,java,,f/flowable-engine-all-modules-generic/flowable-engine_module_ubuntu_18.04.sh,https://github.com/flowable/flowable-engine
f/flowable-entitylink-service,flowable-entitylink-service,6.6.0,java,,f/flowable-entitylink-service/entitylink-service_ubuntu_18.04.sh,https://github.com/flowable/flowable-engine/tree/master/modules/flowable-entitylink-service
f/flowable-event-registry,flowable-event-registry,6.6.0,java,,f/flowable-event-registry/flowable-event-registry_ubuntu_18.04.sh,https://github.com/flowable/flowable-engine/tree/master/modules/flowable-event-registry
f/fluent-hc-4.1.x,fluent-hc-4.1.x,,java,,f/fluent-hc-4.1.x/fluent-hc-4.1.x_ubuntu_16.04.sh,https://github.com/rholder/fluent-hc-4.1.x.git
f/fst,fst,2.56,java,,f/fst/fst_rhel_7.6.sh,https://github.com/RuedigerMoeller/fast-serialization
g/generic-admission-server,generic-admission-server,master,go,,g/generic-admission-server/generic-admission-server_ubi_8.3.sh,https://github.com/openshift/generic-admission-server
g/geronimo-specs,geronimo-specs,1.0,java,,g/geronimo-specs/geronimo-specs-registry_rhel8.sh,https://github.com/apache/geronimo-specs.git
g/github_azure_azure-storage-blob-go,github_azure_azure-storage-blob-go,v0.10.0,go,,g/github_azure_azure-storage-blob-go/azure-storage-blob-go_v0.10.0_ubi_8.4.sh,https://github.com/Azure/azure-storage-blob-go.git
g/gmetric4j,gmetric4j,"1.0.3, 1.0.10",java,,g/gmetric4j/gmetric4j_rhel_7.6.sh,https://github.com/ganglia/gmetric4j
g/gnu-trove,gnu-trove,3.0.3,java,,g/gnu-trove/gnu-trove_rhel_7.4.sh,https://bitbucket.org/trove4j/trove/downloads/trove-3.1a1.tar.gz
g/go-fastjson,go-fastjson,"v1.1.0, v1.0.0",go,,g/go-fastjson/go-fastjson_ubi_8.3.sh,https://github.com/elastic/go-fastjson
g/go-pkcs12,go-pkcs12,master,go,,g/go-pkcs12/go-pkcs12_ubi_8.4.sh,https://github.com/SSLMate/go-pkcs12
g/go-redis,go-redis,v8.0.0-beta.5,go,,g/go-redis/redis_ubi_8.4.sh,https://github.com/go-redis/redis.git
g/go-resiliency,go-resiliency,"1.1.0,1.2.0",go,,g/go-resiliency/go-resiliency_ubi_8.3.sh,https://github.com/eapache/go-resiliency
g/go-strcase,go-strcase,v1.2.0,go,,g/go-strcase/go-strcase_ubi_8.5.sh,https://github.com/stoewer/go-strcase
g/go-sysinfo,go-sysinfo,"1.7.0,1.1.1",go,,g/go-sysinfo/go-sysinfo_ubi_8.3.sh,https://github.com/elastic/go-sysinfo
g/go-tools,go-tools,"v0.3.0-0.dev, v0.2.1",go,,g/go-tools/go-tools_ubi_8.4.sh,https://github.com/dominikh/go-tools
g/google-api-services-storage,google-api-services-storage,4eede80f0be5b7352f5a1698be5be8d2a1da4ca1,java,,g/google-api-services-storage/google-api-services-storage_ubi_8.5.sh,https://github.com/googleapis/google-api-java-client-services
g/goproxy,goproxy,v0.0.0-20190421051319-9d40249d3c2f,go,,g/goproxy/goproxy_ubi_8.4.sh,https://github.com/elazarl/goproxy.git
g/gotest.tools,gotest.tools,"v3.0.2, v3.0.3, v3.4.0",go,,g/gotest.tools/gotest.tools_ubi_8.4.sh,https://github.com/gotestyourself/gotest.tools
g/gradle-wrapper,gradle-wrapper,v4.10.3/ v5.6.0,java,,g/gradle-wrapper/gradle-wrapper_UBI_8.4.sh,https://github.com/gradle/gradle.git
g/graylog2-server,graylog2-server,20204a7979569aef116a1bdf30f4b9df6c52bc4d,java,,g/graylog2-server/graylog_master_rhel_8.3.sh,https://github.com/Graylog2/graylog2-server.git
g/grpc,grpc,'1.7.2',python,,g/grpc/grpc_rhel_7.3.sh,https://github.com/grpc/grpc
g/grpc,grpc,'1.33.2',python,,g/grpc/grpc_ubuntu_18.04.sh,https://github.com/grpc/grpc
g/grpc-core,grpc-core,1.28.1,java,,g/grpc-core/grpc-core.sh,https://github.com/grpc/grpc-java
g/grpc-core,grpc-core,1.28.1,java,,g/grpc-core/grpc-core_rhel_7.6.sh,https://github.com/grpc/grpc-java
g/grpc-core,grpc-core,1.28.1,java,,g/grpc-core/grpc-core_ubi8_minimal.sh,https://github.com/grpc/grpc-java
g/grpcurl,grpcurl,v1.8.2,go,,g/grpcurl/grpcurl_ubi8_3.sh,https://github.com/fullstorydev/grpcurl
g/gson-fire,gson-fire,1.8.3,java,,g/gson-fire/gson_fire_rhel_7.6.sh,https://github.com/julman99/gson-fire
g/gziphandler,gziphandler,"1.1.1,1.1.0",go,,g/gziphandler/gziphandler_ubi_8.3.sh,https://github.com/nytimes/gziphandler
gha-script/scanner-scripts,scanner-scripts,,python,,gha-script/scanner-scripts/scancode_wheel_scan.sh,https://github.com/nexB/scancode-toolkit.git
h/hadoop-mapreduce-client-core,hadoop-mapreduce-client-core,2.6.0 (commit #5f39827),java,,h/hadoop-mapreduce-client-core/hadoop-mapreduce-client-core_rhel_7.6.sh,https://github.com/hdfs-mapreduce/hadoop-mapreduce-client
h/hawtjni,hawtjni,1.17-SNAPSHOT,java,,h/hawtjni/hawtjni_build_ppc64le_rhel7.6.sh,https://github.com/fusesource/hawtjni
h/hibernate-core,hibernate-core,6.0.0Alpha5,java,,h/hibernate-core/hibernate-core_rhel8.sh,https://github.com/hibernate/hibernate-orm.git
h/hibernate-tool,hibernate-tool,6.0.0.Alpha5,java,,h/hibernate-tool/hibernate-tool_rhel8.sh,https://github.com/hibernate/hibernate-tools.git
h/hive-jdbc,hive-jdbc,3.1.0,java,,h/hive-jdbc/hive-jdbc_ubuntu_18.04.sh,http://central.maven.org/maven2/org/apache/hive/hive-jdbc/3.1.0/hive-jdbc-3.1.0-sources.jar
h/hk2-api,hk2-api,"2.5.0-b32, 2.5.0-b62",java,,h/hk2-api/hk2-api_rhel_7.6.sh,https://github.com/javaee/hk2
h/hk2-locator,hk2-locator,"2.5.0-b32, 2.5.0-b62",java,,h/hk2-locator/hk2-locator_rhel_7.6.sh,https://github.com/javaee/hk2
h/hk2-utils,hk2-utils,"2.5.0-b32, 2.5.0-b62",java,,h/hk2-utils/hk2-utils_rhel_7.6.sh,https://github.com/javaee/hk2
h/hystrix,hystrix,1.5.10,java,,h/hystrix/hystrix_rhel_7.3.sh,https://github.com/Netflix/Hystrix.git
h/hystrix,hystrix,1.5.10,java,,h/hystrix/hystrix_ubuntu_16.04.sh,https://github.com/Netflix/Hystrix.git
i/ibm-cos-sdk-java,ibm-cos-sdk-java,2.10.0,java,,i/ibm-cos-sdk-java/ibm-cos-sdk-java_ubuntu_20.04.sh,https://github.com/IBM/ibm-cos-sdk-java
i/icu4j,icu4j,60.2,java,,i/icu4j/icu4j_rhel_7.3.sh,http://source.icu-project.org/repos/icu/tags/release-60-2/icu4j
i/icu4j,icu4j,60.2,java,,i/icu4j/icu4j_ubuntu_16.04.sh,http://source.icu-project.org/repos/icu/tags/release-60-2/icu4j
i/inf,inf,0.9.0,go,,i/inf/inf_ubuntu_16.04.sh,https://github.com/go-inf/inf.git
i/inflect,inflect,"v0.19.0, 16a898ed1f4943794fb9b0e7afb7376a7619cf21",go,,i/inflect/inflect_ubi_8.5.sh,https://github.com/go-openapi/inflect
i/instana-agent-operator,instana-agent-operator,v1.0.4,java,,i/instana-agent-operator/instana-agent-operator_rhel8.2.sh,https://github.com/instana/instana-agent-operator.git
i/istio,istio,3b162effeb79918b421cb7094bc1c7f628534483,go,,i/istio/istio_UBI_8.4.sh,https://github.com/istio/istio.git
i/istio,istio,${1:maistra-2.2},go,,i/istio/istio_maistra_UBI_8.5.sh,https://github.com/maistra/istio.git
i/istio,istio,1.4.3,python,,i/istio/archive/1.4.3/istio_rhel7.6.sh,https://github.com/istio/istio.git
i/istio-operator,istio-operator,maistra-2.0.1,go,,i/istio-operator/istio-operator.sh,https://github.com/Maistra/istio-operator
j/JTransforms,JTransforms,0.1.0,java,,j/JTransforms/JTransforms_ubuntu_16.04.sh,https://github.com/wendykierp/JTransforms
j/Jackson-datatype-Guava,Jackson-datatype-Guava,2.13,java,,j/Jackson-datatype-Guava/Jackson-datatype-Guava_ubi_8.3.sh,https://github.com/FasterXML/jackson-datatypes-collections
j/Jakarta.inject,Jakarta.inject,,java,,j/Jakarta.inject/Jakarta.inject_UBI_8.0.sh,
j/Json-Surfer,Json-Surfer,v1.5.1,java,,j/Json-Surfer/JsonSurfer_ubuntu_20.04.sh,https://github.com/jsurfer/JsonSurfer
j/jOOQ,jOOQ,master,java,,j/jOOQ/jOOQ_rhel_7.4.sh,https://github.com/jOOQ/jOOQ
j/jOOQ,jOOQ,master,java,,j/jOOQ/jOOQ_ubuntu_16.04.sh,https://github.com/jOOQ/jOOQ
j/jackson-dataformat-yaml,jackson-dataformat-yaml,2.10.2,java,,j/jackson-dataformat-yaml/jackson-dataformat-yaml_rhel_7.6.sh,https://github.com/FasterXML/jackson-dataformats-text
j/jackson-datatype-jdk8,jackson-datatype-jdk8,2.9.8,java,,j/jackson-datatype-jdk8/jackson-datatype-jdk8_rhel_7.6.sh,https://github.com/FasterXML/jackson-modules-java8
j/jackson-datatype-jsr310,jackson-datatype-jsr310,2.10.2,java,,j/jackson-datatype-jsr310/jackson-datatype-jsr310_rhel_7.6.sh,https://github.com/FasterXML/jackson-modules-java8
j/jackson-datatype-jsr353,jackson-datatype-jsr353,2.9.5,java,,j/jackson-datatype-jsr353/jackson-datatype-jsr353_ubuntu_16.04.sh,https://github.com/FasterXML/jackson-datatype-jsr353
j/jackson-jaxrs-base,jackson-jaxrs-base,"2.9.9, 2.10.2",java,,j/jackson-jaxrs-base/jackson-jaxrs-base_rhel_7.6.sh,https://github.com/FasterXML/jackson-jaxrs-providers
j/jackson-jaxrs-json-provider,jackson-jaxrs-json-provider,2.10.2,java,,j/jackson-jaxrs-json-provider/jackson-jaxrs-json-provider_rhel_7.6.sh,https://github.com/FasterXML/jackson-jaxrs-providers
j/jackson-module-jaxb-annotations,jackson-module-jaxb-annotations,2.10.2,java,,j/jackson-module-jaxb-annotations/jackson-module-jaxb-annotations_rhel_7.6.sh,https://github.com/FasterXML/jackson-modules-base
j/jackson-module-paranamer,jackson-module-paranamer,2.10.2,java,,j/jackson-module-paranamer/jackson-module-paranamer_rhel_7.6.sh,https://github.com/FasterXML/jackson-modules-base
j/jackson-xc,jackson-xc,1.9.14,java,,j/jackson-xc/jackson-xc_ubuntu_16.04.sh,https://github.com/codehaus/jackson.git
j/jacoco,jacoco,0.7.2-SNAPSHOT,java,,j/jacoco/jacoco_sh.sh,https://github.com/jacoco/jacoco.git
j/jacoco-ant,jacoco-ant,0.7.2-SNAPSHOT,java,,j/jacoco-ant/jacoco_ant.sh,https://github.com/jacoco/jacoco.git
j/jacoco-core,jacoco-core,0.7.2-SNAPSHOT,java,,j/jacoco-core/jacoco_core_sh.sh,https://github.com/jacoco/jacoco.git
j/jacoco-report,jacoco-report,0.7.2-SNAPSHOT,java,,j/jacoco-report/jacoco_report.sh,https://github.com/jacoco/jacoco.git
j/jacocoagent,jacocoagent,v0.7.2,java,,j/jacocoagent/jacocoagent_ubi_8.3.sh,https://github.com/jacoco/jacoco
j/jakarta-activation-api,jakarta-activation-api,"1.2.1, 1.2.2",java,,j/jakarta-activation-api/jakarta_activation_api_rhel_7.6.sh,https://github.com/eclipse-ee4j/jaf
j/jakarta.annotation-api,jakarta.annotation-api,2.0.0,java,,j/jakarta.annotation-api/jakarta.annotation-api_20.04.sh,https://github.com/eclipse-ee4j/common-annotations-api
j/janusgraph-berkeleyje,janusgraph-berkeleyje,0.5.1,java,,j/janusgraph-berkeleyje/janusgraph-berkeleyje_rhel_7.6.sh,https://github.com/JanusGraph/janusgraph
j/janusgraph-core,janusgraph-core,0.3.1,java,,j/janusgraph-core/janusgraph-core_rhel_7.6.sh,https://github.com/JanusGraph/janusgraph
j/janusgraph-lucene,janusgraph-lucene,0.3.1,java,,j/janusgraph-lucene/janusgraph-lucene_rhel_7.6.sh,https://github.com/JanusGraph/janusgraph
j/jasypt,jasypt,1.9.3,java,,j/jasypt/jasypt_ubuntu_18.04.sh,https://svn.code.sf.net/p/jasypt/code/trunk
j/java-common-protos,java-common-protos,2.3.2,java,,j/java-common-protos/java-common-protos-ubuntu_18.04.sh,https://github.com/googleapis/java-common-protos
j/java-statsd-client,java-statsd-client,v3.1.0,java,,j/java-statsd-client/java-statsd-client_ubi_8.3.sh,https://github.com/tim-group/java-statsd-client.git
j/javax-inject,javax-inject,4.0.0,java,,j/javax-inject/javax-inject_ubuntu_20.04.sh,https://github.com/javax-inject/javax-inject
j/javax.activation-api,javax.activation-api,1.2.0,java,,j/javax.activation-api/javax.activation-api_rhel_7.6.sh,https://github.com/javaee/activation
j/javax.json,javax.json,1.1.2,java,,j/javax.json/javax.json_rhel_7.6.sh,https://github.com/javaee/jsonp
j/javax.persistence-api,javax.persistence-api,2.2,java,,j/javax.persistence-api/javax.persistence-api_rhel_7.6.sh,https://github.com/javaee/jpa-spec
j/javax.servlet-api,javax.servlet-api,4.0.1,java,,j/javax.servlet-api/javax.servlet-api_rhel_7.6.sh,https://github.com/javaee/servlet-spec
j/jbcrypt,jbcrypt,0.4,java,,j/jbcrypt/jbcrypt_rhel_7.6.sh,https://github.com/jeremyh/jBCrypt
j/jbcrypt,jbcrypt,0.4,java,,j/jbcrypt/jbcrypt_ubuntu_18.04.sh,https://github.com/jeremyh/jBCrypt
j/jboss-transaction-api,jboss-transaction-api,1.1.1,java,,j/jboss-transaction-api/jboss-transaction-api_rhel_7.6.sh,https://github.com/jboss/jboss-transaction-api_spec
j/jcabi-log,jcabi-log,0.14,java,,j/jcabi-log/jcabi-log_rhel_7.6.sh,https://github.com/jcabi/jcabi-log
j/jcabi-manifests,jcabi-manifests,1.1,java,,j/jcabi-manifests/jcabi-manifests_rhel_7.6.sh,https://github.com/jcabi/jcabi-manifests
j/jcifs,jcifs,master,java,,j/jcifs/jcifs_ubi8_3.sh,https://github.com/codelibs/jcifs
j/jcl-over-slf4j,jcl-over-slf4j,1.7.21,java,,j/jcl-over-slf4j/jcl_over_slf4j_rhel_7.6.sh,https://github.com/qos-ch/slf4j
j/jenkins,jenkins,,java,,j/jenkins/Dockerfiles/2.135/jenkins.sh,
j/jersey-common,jersey-common,"2.25.1, 2.27",java,,j/jersey-common/jersey_common_rhel_7.6.sh,https://github.com/jersey/jersey
j/jersey-media-multipart,jersey-media-multipart,"2.25.1, 2.27",java,,j/jersey-media-multipart/jersey_media_multipart_rhel_7.6.sh,https://github.com/jersey/jersey
j/jetty,jetty,jetty-test-helper-5.3,java,,j/jetty/jetty-test-helper_5.3_ubi_8.4.sh,https://github.com/eclipse/jetty.toolchain
j/jetty,jetty,jetty-11.0.12,java,,j/jetty/jetty_11.0.12_ubi_8.5.sh,https://github.com/eclipse/jetty.project.git
j/jetty,jetty,jetty-12.0.3,java,,j/jetty/jetty_12.0.3_ubi_8.5.sh,https://github.com/eclipse/jetty.project.git
j/jetty,jetty,jetty-9.4.48.v20220622,java,,j/jetty/jetty_9.4.48_ubi_8.5.sh,https://github.com/eclipse/jetty.project.git
j/jetty,jetty,9.4.12,java,,j/jetty/jetty_rhel_7.4.sh,https://github.com/eclipse/jetty.project.git
j/jforests,jforests,0.5,java,,j/jforests/jforests_rhel_7.3.sh,https://github.com/yasserg/jforests
j/jforests,jforests,0.5,java,,j/jforests/jforests_ubuntu_16.04.sh,https://github.com/yasserg/jforests
j/jmespath-java,jmespath-java,1.11.759,java,,j/jmespath-java/jmespath_java_rhel_7.6.sh,https://github.com/aws/aws-sdk-java
j/jmx_prometheus_javaagent,jmx_prometheus_javaagent,parent-0.14.0,java,,j/jmx_prometheus_javaagent/jmx_prometheus_javaagent_ubi8_3.sh,https://github.com/prometheus/jmx_exporter.git
j/jmxtrans,jmxtrans,jmxtrans-parent-272,java,,j/jmxtrans/jmxtrans_ubi8_3.sh,https://github.com/jmxtrans/jmxtrans.git
j/jnr-x86asm,jnr-x86asm,1.0.2,java,,j/jnr-x86asm/jnr_x86asm_rhel_7.6.sh,https://github.com/jnr/jnr-x86asm
j/jopt-simple,jopt-simple,5.0.2,java,,j/jopt-simple/jopt-simple_rhel_7.6.sh,https://github.com/jopt-simple/jopt-simple
j/jpam,jpam,1.1,java,,j/jpam/jpam_ubuntu_20.04.sh,https://github.com/gregrluck/jpam
j/jpmml_model,jpmml_model,1.3.9,java,,j/jpmml_model/jpmml_model_rhel_7.3.sh,https://github.com/jpmml/jpmml-model
j/jpmml_model,jpmml_model,1.3.9,java,,j/jpmml_model/jpmml_model_ubuntu_16.04.sh,https://github.com/jpmml/jpmml-model
j/jregex,jregex,1.2_01,java,,j/jregex/jregex_ubuntu_16.04.sh,https://github.com/eropple/jregex.git
j/jsap,jsap,2.1,java,,j/jsap/jsap_rhel_7.4.sh,https://sourceforge.net/projects/jsap/files/jsap/2.1/
j/json-patch,json-patch,1.12,java,,j/json-patch/json_patch_rhel_7.6.sh,https://github.com/java-json-tools/json-patch
j/json-simple,json-simple,1.1.1,java,,j/json-simple/json-simple_rhel_7.3.sh,https://github.com/fangyidong/json-simple
j/json-simple,json-simple,1.1.1,java,,j/json-simple/json-simple_ubuntu_16.04.sh,https://github.com/fangyidong/json-simple
j/jsoncpp,jsoncpp,1.8.4,python,,j/jsoncpp/jsoncpp_rhel_7.4.sh,https://github.com/open-source-parsers/jsoncpp.git
j/jsoncpp,jsoncpp,1.8.4,python,,j/jsoncpp/jsoncpp_ubuntu_16.04.sh,https://github.com/open-source-parsers/jsoncpp.git
j/jsonschema,jsonschema,2.9.4,java,,j/jsonschema/jsonschema_ubuntu_16.04.sh,https://github.com/FasterXML/jackson-module-jsonSchema
j/jsr-305,jsr-305,,java,,j/jsr-305/jsr-305_ubuntu_18.04.sh,https://github.com/amaembo/jsr-305
j/jul-to-slf4j,jul-to-slf4j,"1.7.30, 2.0.0-alpha1",java,,j/jul-to-slf4j/jul_to_slf4j_rhel_7.6.sh,https://github.com/qos-ch/slf4j
j/jung,jung,2.1.1,java,,j/jung/jung_ubuntu_18.04.sh,https://github.com/jrtom/jung
j/junit,junit,5.6.1,java,,j/junit/junit_rhel_7.6.sh,https://github.com/junit-team/junit5
j/junit-jupiter-api,junit-jupiter-api,5.6.1,java,,j/junit-jupiter-api/junit_jupiter_api_rhel_7.6.sh,https://github.com/junit-team/junit5
j/jupyter-base-notebook,jupyter-base-notebook,,java,,j/jupyter-base-notebook/Dockerfiles/v5.7.2/start.sh,
j/jupyter_client,jupyter_client,v8.6.0,python,,j/jupyter_client/jupyter_client_ubi_8_7.sh,https://github.com/jupyter/jupyter_client
j/jwks-rsa,jwks-rsa,0.1.0,java,,j/jwks-rsa/jwks-rsa_rhel_7.6.sh,https://github.com/auth0/jwks-rsa-java
j/jws-operator,jws-operator,1.0.0,go,,j/jws-operator/jws-operator_ubi_8.3.sh,https://github.com/web-servers/jws-operator
k/kabanero-command-line,kabanero-command-line,vlatest,go,,k/kabanero-command-line/kabanero-command-line-rhel_7.6.sh,https://github.com/kabanero-io/kabanero-command-line
k/kafka-open,kafka-open,2.9,java,,k/kafka-open/kafka-open_ubuntu_18.04.sh,https://github.com/odpi/egeria
k/karyon,karyon,3.0.1-rc.25,java,,k/karyon/karyon_rhel_7.3.sh,https://github.com/Netflix/karyon
k/karyon,karyon,3.0.1-rc.25,java,,k/karyon/karyon_ubuntu_16.04.sh,https://github.com/Netflix/karyon
k/kazoo,kazoo,2.8.0,java,,k/kazoo/kazoo_ubi_8.3.sh,https://github.com/python-zk/kazoo.git
k/kingpin,kingpin,v2.2.6,go,,k/kingpin/kingpin_ubi_8.5.sh,https://github.com/alecthomas/kingpin
k/knative,knative,v0.10.0,go,,k/knative/v0.10.x/knative-eventing-operator_rhel_7.6.sh,https://github.com/knative/eventing-operator.git
k/knative,knative,v0.13.2,go,,k/knative/v0.13.x/knative-serving-operator_0.13.2_rhel_7.5.sh,https://github.com/knative/serving-operator.git
k/knative,knative,v0.13.2,go,,k/knative/v0.13.x/knative-serving_0.13.2_rhel_7.5.sh,https://github.com/knative/serving.git
k/knative,knative,v0.14.0,go,,k/knative/v0.14.x/knative-client-v0.14.0_rhel_7.6.sh,https://github.com/knative/client.git
k/knative,knative,v0.15.0,go,,k/knative/v0.15.x/knative-net-kourier-v0.15.0_rhel_7.6.sh,https://github.com/knative/net-kourier.git
k/knative,knative,v0.16.0,go,,k/knative/v0.16.x/knative-client-v0.16.0_rhel_7.6.sh,https://github.com/knative/client.git
k/knative,knative,v0.16.0,go,,k/knative/v0.16.x/knative-eventing-contrib-v016.0_rhel_7.6.sh,https://github.com/knative/eventing-contrib.git
k/knative,knative,v0.16.1,go,,k/knative/v0.16.x/knative-eventing_0.16.1_rhel_7.6.sh,https://github.com/knative/eventing.git
k/knative,knative,v0.16.0,go,,k/knative/v0.16.x/knative-net-istio-v0.16.0_rhel_7.6.sh,https://github.com/knative-sandbox/net-istio
k/knative,knative,v0.16.0,go,,k/knative/v0.16.x/knative-net-kourier-v0.16.0_rhel_7.6.sh,https://github.com/knative-sandbox/net-kourier.git
k/knative,knative,release-0.16,go,,k/knative/v0.16.x/knative-pkg-0.16_rhel_7.6.sh,https://github.com/knative/pkg
k/knative,knative,v0.16.0,go,,k/knative/v0.16.x/knative-serving_0.16.0_rhel_7.6.sh,https://github.com/knative/serving.git
k/knative,knative,release-0.16,go,,k/knative/v0.16.x/knative-test-infra-0.16_rhel_7.6.sh,https://github.com/knative/test-infra
k/knative,knative,v0.19.4,go,,k/knative/v0.19.x/knative-operator-v0.19.4_ubuntu_18.04.sh,https://github.com/knative/operator.git
k/knative,knative,v0.8.0,go,,k/knative/v0.8.x/knative-eventing-contrib_rhel_7.6.sh,https://github.com/knative/eventing-contrib.git
k/knative,knative,v0.8.0,go,,k/knative/v0.8.x/knative-eventing_rhel_7.6.sh,https://github.com/knative/eventing.git
k/knative,knative,v0.8.1,go,,k/knative/v0.8.x/knative-serving_rhel_7.6.sh,https://github.com/knative/serving.git
k/knative,knative,v0.16.0,go,,k/knative/v0.16.x/knative-operator-v0.16.0_rhel_7.6.sh,https://github.com/knative/operator.git
k/knative,knative,v0.18.8,go,,k/knative/v0.18.x/knative-eventing-contrib-v0.18.8_ubuntu_18.04.sh,https://github.com/knative/eventing-contrib.git
k/knative,knative,v0.19.0,go,,k/knative/v0.19.x/knative-client-v0.19.0_ubuntu_18.04.sh,https://github.com/knative/client.git
k/knative,knative,v0.19.0,go,,k/knative/v0.19.x/knative-eventing-v0.19.0_ubuntu_18.04.sh,https://github.com/knative/eventing.git
k/knative,knative,v0.19.0,go,,k/knative/v0.19.x/knative-net-istio-v0.19.0_ubuntu_18.04.sh,https://github.com/knative-sandbox/net-istio.git
k/knative,knative,v0.19.0,go,,k/knative/v0.19.x/knative-serving-v0.19.0_ubuntu_18.04.sh,https://github.com/knative/serving.git
k/knative,knative,v0.19.0,go,,k/knative/v0.19.x/knative-net-kourier-v0.19.0_ubuntu_18.04.sh,https://github.com/knative-sandbox/net-kourier.git
k/kong,kong,2.1.4(latest),java,,k/kong/BuildScriptForKong.sh,https://github.com/Kong/kong
k/kr-text,kr-text,v0.2.0,go,,k/kr-text/text_ubi_8.5.sh,https://github.com/kr/text
k/kubernetes,kubernetes,latest,go,,k/kubernetes/fate-operator_CentOS_8.3.2011.sh,https://github.com/kubeflow/fate-operator
k/kubernetes,kubernetes,master,go,,k/kubernetes/kubernetes_sles_12.sh,https://github.com/kubernetes/kubernetes
l/LatencyUtils,LatencyUtils,2.0.3,java,,l/LatencyUtils/LatencyUtils_rhel_7.6.sh,https://github.com/LatencyUtils/LatencyUtils
l/lemur-indri,lemur-indri,5.9,java,,l/lemur-indri/lemur-indri_rhel_7.3.sh,http://sourceforge.net/projects/lemur
l/lemur-indri,lemur-indri,5.9,java,,l/lemur-indri/lemur-indri_ubuntu_16.04.sh,http://sourceforge.net/projects/lemur
l/log4j,log4j,1.2.17,java,,l/log4j/log4j_rhel_7.6.sh,https://github.com/apache/log4j
l/log4j-jsonevent-layout,log4j-jsonevent-layout,1.7,java,,l/log4j-jsonevent-layout/log4j-jsonevent-layout_rhel_7.3.sh,https://github.com/logstash/log4j-jsonevent-layout
l/log4j-jsonevent-layout,log4j-jsonevent-layout,1.7,java,,l/log4j-jsonevent-layout/log4j-jsonevent-layout_ubuntu_16.04.sh,https://github.com/logstash/log4j-jsonevent-layout
l/log4j-slf4j-impl,log4j-slf4j-impl,log4j-2.13.2,java,,l/log4j-slf4j-impl/log4j-slf4j-impl_ubi8_3.sh,https://github.com/apache/logging-log4j2.git
l/logging-interceptor,logging-interceptor,"2.7.5, 4.4.0",java,,l/logging-interceptor/logging-interceptor_rhel_7.6.sh,https://github.com/ihsanbal/LoggingInterceptor
l/logstash-forwarder,logstash-forwarder,0.4.0,go,,l/logstash-forwarder/logstash-forwarder_rhel_7.3.sh,https://github.com/elastic/logstash-forwarder.git
l/logstash-forwarder,logstash-forwarder,0.4.0,go,,l/logstash-forwarder/logstash-forwarder_ubuntu_16.04.sh,https://github.com/elastic/logstash-forwarder.git
l/lucene-core,lucene-core,9.0,java,,l/lucene-core/lucene-core_20.04.sh,https://github.com/apache/lucene
l/lucene-solr,lucene-solr,6.5.1,java,,l/lucene-solr/lucene-solr_rhel_7.3.sh,http://git.apache.org/lucene-solr.git
l/lucene-solr,lucene-solr,6.5.1,java,,l/lucene-solr/lucene-solr_ubuntu_16.04.sh,http://git.apache.org/lucene-solr.git
m/maistra-istio-operator,maistra-istio-operator,maistra-1.1,go,,m/maistra-istio-operator/maistra_istio_operator_rhel_7.6.sh,https://github.com/Maistra/istio-operator
m/maistra-test-tool-images,maistra-test-tool-images,,go,,m/maistra-test-tool-images/Mirror_Disconnect.sh,https://github.com/maistra/maistra-test-tool/
m/mallet,mallet,2.0,java,,m/mallet/mallet_rhel_7.3.sh,https://github.com/mimno/Mallet.git
m/mallet,mallet,2.0,java,,m/mallet/mallet_ubuntu_16.04.sh,https://github.com/mimno/Mallet.git
m/management-api-for-apache-cassandra,management-api-for-apache-cassandra,v0.1.111,java,,m/management-api-for-apache-cassandra/management-api-for-apache-cassandra-v0.1.111-ubuntu22.04.sh,https://github.com/k8ssandra/${PACKAGE_NAME}.git
m/management-api-for-apache-cassandra,management-api-for-apache-cassandra,v0.1.90,java,,m/management-api-for-apache-cassandra/management-api-for-apache-cassandra-v0.1.90-ubuntu22.04.sh,https://github.com/k8ssandra/${PACKAGE_NAME}.git
m/mapdb,mapdb,master,java,,m/mapdb/mapdb_rhel_7.4.sh,https://github.com/jankotek/mapdb
m/mapdb,mapdb,master,java,,m/mapdb/mapdb_ubuntu_16.04.sh,https://github.com/jankotek/mapdb
m/mapstruct,mapstruct,1.2.0,java,,m/mapstruct/mapstruct_rhel_7.6.sh,https://github.com/mapstruct/mapstruct
m/marathon-client,marathon-client,0.4.10,java,,m/marathon-client/marathon-client_rhel_7.3.sh,https://github.com/willroden/marathon-client
m/marathon-client,marathon-client,0.4.10,java,,m/marathon-client/marathon-client_ubuntu_16.04.sh,https://github.com/willroden/marathon-client
m/metro-mimepull,metro-mimepull,1.9.8,java,,m/metro-mimepull/metro-mimepull_ubuntu_16.04.sh,https://github.com/javaee/metro-mimepull
m/micrometer-registry-prometheus,micrometer-registry-prometheus,1.0.6,java,,m/micrometer-registry-prometheus/micrometer-registry-prometheus_ubuntu_18.04.sh,https://github.com/micrometer-metrics/micrometer
m/migrate,migrate,v3.1.0,go,,m/migrate/migrate_ubi_8.5.sh,https://github.com/golang-migrate/migrate
m/mimepull,mimepull,"1.9.6, 1.9.7",java,,m/mimepull/mimepull_rhel_7.6.sh,https://github.com/javaee/metro-mimepull.git
m/mina-core,mina-core,2.0.0-M6,java,,m/mina-core/mina-core_ubi_8.3.sh,https://github.com/apache/mina.git
m/mockito-core,mockito-core,v3.4.0,java,,m/mockito-core/mockito-core_ubi_8.3.sh,https://github.com/mockito/mockito.git
m/mockito-core,mockito-core,2.28.2,java,,m/mockito-core/mockito_UBI_8.sh,https://github.com/mockito/mockito.git
m/mongo-go-driver,mongo-go-driver,v1.1.3,go,,m/mongo-go-driver/mongo-go-driver_ubi_8.5.sh,https://github.com/mongodb/mongo-go-driver
m/mongo-java-driver,mongo-java-driver,3.6.0,java,,m/mongo-java-driver/mongo-java-driver_rhel_7.4.sh,https://github.com/mongodb/mongo-java-driver.git
m/mongo-java-driver,mongo-java-driver,3.6.0,java,,m/mongo-java-driver/mongo-java-driver_ubuntu_16.04.sh,https://github.com/mongodb/mongo-java-driver.git
m/mongo-ruby-driver,mongo-ruby-driver,2.4.2,ruby,,m/mongo-ruby-driver/mongo-ruby-driver_rhel_7.3.sh,https://github.com/mongodb/mongo-ruby-driver.git
m/mongo-ruby-driver,mongo-ruby-driver,2.4.2,ruby,,m/mongo-ruby-driver/mongo-ruby-driver_ubuntu_16.04.sh,https://github.com/mongodb/mongo-ruby-driver.git
m/multierr,multierr,v1.1.0,go,,m/multierr/multierr_ubi_8.3.sh,https://github.com/uber-go/multierr
m/multus-cni,multus-cni,N/A,go,,m/multus-cni/multus-cni_build_ppc64le_rhel7.6.sh.sh,https://github.com/openshift/multus-cni
m/murmur,murmur,murmur-1.0.0,java,,m/murmur/murmur_1.0.0_ubi_8.4.sh,https://github.com/sangupta/murmur/
m/mybatis,mybatis,"3.4.2, 3.5.4",java,,m/mybatis/mybatis_rhel_7.6.sh,https://github.com/mybatis/mybatis-3
n/nats-streaming-server,nats-streaming-server,0.3.8,go,,n/nats-streaming-server/nats-streaming-server_0.3.8_ubuntu_16.04.sh,https://github.com/nats-io/nats-streaming-server
n/nats-streaming-server,nats-streaming-server,0.9.1,go,,n/nats-streaming-server/nats-streaming-server_0.9.1_ubuntu_16.04.sh,https://github.com/nats-io/nats-streaming-server
n/netflix-commons,netflix-commons,0.3.0,java,,n/netflix-commons/netflix-commons_rhel_7.3.sh,https://github.com/Netflix/netflix-commons.git
n/netflix-commons,netflix-commons,0.3.0,java,,n/netflix-commons/netflix-commons_ubuntu_16.04.sh,https://github.com/Netflix/netflix-commons.git
n/netflix-eureka,netflix-eureka,2.0.0-rc.2,java,,n/netflix-eureka/netflix-eureka_rhel_7.3.sh,https://github.com/Netflix/eureka.git
n/netflix-eureka,netflix-eureka,2.0.0-rc.2,java,,n/netflix-eureka/netflix-eureka_ubuntu_16.04.sh,https://github.com/Netflix/eureka.git
n/netflix-feign,netflix-feign,8.18.0,java,,n/netflix-feign/netflix-feign_rhel_7.3.sh,https://github.com/Netflix/feign.git
n/netflix-feign,netflix-feign,8.18.0,java,,n/netflix-feign/netflix-feign_ubuntu_16.04.sh,https://github.com/Netflix/feign.git
n/netflix-frigga,netflix-frigga,0.18.0,java,,n/netflix-frigga/netflix-frigga_rhel_7.3.sh,https://github.com/Netflix/frigga.git
n/netflix-frigga,netflix-frigga,0.18.0,java,,n/netflix-frigga/netflix-frigga_ubuntu_16.04.sh,https://github.com/Netflix/frigga.git
n/netflix-governator,netflix-governator,1.16.0,java,,n/netflix-governator/netflix-governator_rhel_7.3.sh,https://github.com/Netflix/governator.git
n/netflix-governator,netflix-governator,1.16.0,java,,n/netflix-governator/netflix-governator_ubuntu_16.04.sh,https://github.com/Netflix/governator.git
n/netflix-pytheas,netflix-pytheas,1.29.1,java,,n/netflix-pytheas/netflix-pytheas_rhel_7.3.sh,https://github.com/Netflix/pytheas
n/netflix-pytheas,netflix-pytheas,1.29.1,java,,n/netflix-pytheas/netflix-pytheas_ubuntu_16.04.sh,https://github.com/Netflix/pytheas
n/netflix-ribbon,netflix-ribbon,,java,,n/netflix-ribbon/ribbon_ubuntu_16.04.sh,https://github.com/java-native-access/jna
n/netty-all,netty-all,netty-4.1.58.Final,java,,n/netty-all/netty-all_ubi_8.5.sh,https://github.com/netty/netty.git
n/netty-buffer,netty-buffer,netty-4.1.48.Final,java,,n/netty-buffer/netty-buffer_v4.1.48_ubi8_3.sh,https://github.com/netty/netty.git
n/netty-buffer,netty-buffer,netty-4.1.60.Final,java,,n/netty-buffer/netty-buffer_v4.1.60_ubi8_3.sh,https://github.com/netty/netty.git
n/netty-codec,netty-codec,4.1.48.Final,java,,n/netty-codec/netty_codec_rhel_7.6.sh,https://github.com/netty/netty
n/netty-codec-dns,netty-codec-dns,4.1.48.Final,java,,n/netty-codec-dns/netty_codec_dns_rhel_7.6.sh,https://github.com/netty/netty
n/netty-codec-http,netty-codec-http,4.1.48.Final,java,,n/netty-codec-http/netty_codec_http_rhel_7.6.sh,https://github.com/netty/netty
n/netty-codec-http2,netty-codec-http2,netty-4.1.48.Final,java,,n/netty-codec-http2/netty-codec-http2_v4.1.48_ubi8_3.sh,https://github.com/netty/netty.git
n/netty-codec-http2,netty-codec-http2,netty-4.1.60.Final,java,,n/netty-codec-http2/netty-codec-http2_v4.1.60_ubi8_3.sh,https://github.com/netty/netty.git
n/netty-codec-socks,netty-codec-socks,netty-4.1.60.Final,java,,n/netty-codec-socks/netty-codec-socks_ubi8_3.sh,https://github.com/netty/netty.git
n/netty-common,netty-common,netty-4.1.48.Final,java,,n/netty-common/netty-common_v4.1.48_ubi8_3.sh,https://github.com/netty/netty.git
n/netty-common,netty-common,netty-4.1.60.Final,java,,n/netty-common/netty-common_v4.1.60_ubi8_3.sh,https://github.com/netty/netty.git
n/netty-handler,netty-handler,netty-4.1.60.Final,java,,n/netty-handler/netty-handler_v4.1.60_ubi8_3.sh,https://github.com/netty/netty.git
n/netty-handler-proxy,netty-handler-proxy,netty-4.1.29.Final,java,,n/netty-handler-proxy/netty-handler-proxy_4.1.29.Final_ubi_8.5.sh,https://github.com/netty/netty.git
n/netty-handler-proxy,netty-handler-proxy,netty-4.1.48.Final,java,,n/netty-handler-proxy/netty-handler-proxy_v4.1.48_ubi8_3.sh,https://github.com/netty/netty.git
n/netty-handler-proxy,netty-handler-proxy,netty-4.1.60.Final,java,,n/netty-handler-proxy/netty-handler-proxy_v4.1.60_ubi8_3.sh,https://github.com/netty/netty.git
n/netty-resolver,netty-resolver,netty-4.1.48.Final,java,,n/netty-resolver/netty-resolver_v4.1.48_ubi8_3.sh,https://github.com/netty/netty.git
n/netty-resolver,netty-resolver,netty-4.1.60.Final,java,,n/netty-resolver/netty-resolver_v4.1.60_ubi8_3.sh,https://github.com/netty/netty.git
n/netty-resolver-dns,netty-resolver-dns,netty-4.1.29.Final,java,,n/netty-resolver-dns/netty-resolver-dns_4.1.29.Final_ubi_8.5.sh,https://github.com/netty/netty.git
n/netty-resolver-dns,netty-resolver-dns,netty-4.1.48.Final,java,,n/netty-resolver-dns/netty-resolver-dns_v4.1.48_ubi8_3.sh,https://github.com/netty/netty.git
n/netty-resolver-dns,netty-resolver-dns,netty-4.1.60.Final,java,,n/netty-resolver-dns/netty-resolver-dns_v4.1.60_ubi8_3.sh,https://github.com/netty/netty.git
n/netty-transport,netty-transport,netty-4.1.48.Final,java,,n/netty-transport/netty-transport_v4.1.48_ubi8_3.sh,https://github.com/netty/netty.git
n/netty-transport,netty-transport,netty-4.1.60.Final,java,,n/netty-transport/netty-transport_v4.1.60_ubi8_3.sh,https://github.com/netty/netty.git
n/netty-transport-native-epoll,netty-transport-native-epoll,netty-4.1.60.Final,java,,n/netty-transport-native-epoll/netty-transport-native-epoll_ubi8_3.sh,https://github.com/netty/netty.git
n/nfs-client-provisioner,nfs-client-provisioner,2.0.1,go,,n/nfs-client-provisioner/nfs-client-provisioner-ubi8.sh,https://github.com/kubernetes-incubator/external-storage/tree/master/nfs-client
n/node-exporter,node-exporter,0.15.0,go,,n/node-exporter/node-exporter_ubuntu_16.04.sh,https://github.com/prometheus/node_exporter
o/okhttp-ws,okhttp-ws,parent-2.7.5,java,,o/okhttp-ws/okhttp-ws_UBI_8.4.sh,https://github.com/square/okhttp.git
o/okio,okio,1.6.0,java,,o/okio/okio_rhel_7.6.sh,https://github.com/square/okio
o/openshift-knative,openshift-knative,v0.13.2,go,,o/openshift-knative/knative-client-v0.13.2_rhel_7.6.sh,https://github.com/openshift/knative-client
o/openshift-knative,openshift-knative,v0.14.0,go,,o/openshift-knative/knative-client-v0.14.0_rhel_7.6.sh,https://github.com/openshift/knative-client
o/openshift-knative,openshift-knative,v0.17.3,go,,o/openshift-knative/knative-client-v0.17.3_rhel_8.2.sh,https://github.com/openshift/knative-client
o/openshift-knative,openshift-knative,release-1.11,go,,o/openshift-knative/serverless-operator-v1.11_rhel_8.2.sh,https://github.com/openshift-knative/serverless-operator
o/openshift-knative,openshift-knative,v1.7.1,go,,o/openshift-knative/serverless-operator-v1.7.1_rhel_7.6.sh,https://github.com/openshift-knative/serverless-operator
o/openssl,openssl,openssl-3.0.0-alpha17,java,,o/openssl/openssl_ubi_8.3.sh,https://github.com/openssl/openssl.git
o/opentracing-api,opentracing-api,0.33.0,java,,o/opentracing-api/opentracing-api_ubi8_3.sh,https://github.com/opentracing/opentracing-java.git
o/opentracing-util,opentracing-util,0.33.0,java,,o/opentracing-util/opentracing-util_ubi8_3.sh,https://github.com/opentracing/opentracing-java.git
o/operator-registry,operator-registry,275301b779f8c059c733afd8e6a01c071aee9c22,go,,o/operator-registry/operator-registry_ubi_8.5.sh,https://github.com/operator-framework/operator-registry
o/orc-mapreduce,orc-mapreduce,1.6,java,,o/orc-mapreduce/orc-mapreduce_ubuntu_20.04.sh,https://github.com/apache/orc/tree/master/java/mapreduce
o/orc-shims,orc-shims,1.6,java,,o/orc-shims/orc-shims_ubuntu_20.04.sh,https://github.com/apache/orc/tree/master/java/shims
o/org.eclipse.osgi,org.eclipse.osgi,3.17.0,java,,o/org.eclipse.osgi/org.eclipse.osgi_3.17.0_ubi_8.4.sh,
o/org.eclipse.osgi,org.eclipse.osgi,master,java,,o/org.eclipse.osgi/org.eclipse.osgi_master_ubi_8.3.sh,
o/osgi_service_cm,osgi_service_cm,r8-core-final-rerelease,java,,o/osgi_service_cm/osgi_service_cm_ubi8_3.sh,https://github.com/osgi/osgi.git
p/pcollections,pcollections,master,java,,p/pcollections/pcollections_rhel_7.4.sh,https://github.com/hrldcpr/pcollections
p/pcollections,pcollections,master,java,,p/pcollections/pcollections_ubuntu_16.04.sh,https://github.com/hrldcpr/pcollections
p/perfmark-api,perfmark-api,"0.19.0, 0.21.0",java,,p/perfmark-api/perfmark-api_rhel_7.6.sh,https://github.com/perfmark/perfmark.git
p/pgio,pgio,v1.0.0,go,,p/pgio/pgio_ubi_8.5.sh,https://github.com/jackc/pgio
p/pingcap-pd,pingcap-pd,rc3,go,,p/pingcap-pd/pingcap-pd_rhel_7.3.sh,https://github.com/pingcap/pd
p/pingcap-pd,pingcap-pd,rc3,go,,p/pingcap-pd/pingcap-pd_ubuntu_16.04.sh,https://github.com/pingcap/pd
p/plexus-archiver,plexus-archiver,"3.7.0, 4.2.2",java,,p/plexus-archiver/plexus-archiver_rhel_7.6.sh,https://github.com/codehaus-plexus/plexus-archiver
p/plexus-io,plexus-io,"3.1.0, 3.2.0",java,,p/plexus-io/plexus-io_rhel_7.6.sh,https://github.com/codehaus-plexus/plexus-io
p/poi,poi,REL_3_17_FINAL,java,,p/poi/poi_ubuntu_18.04.sh,https://svn.apache.org/repos/asf/poi/trunk/
p/powermock,powermock,1.7.4,java,,p/powermock/powermock_rhel_7.4.sh,https://github.com/powermock/powermock.git
p/powermock,powermock,powermock-2.0.9,java,,p/powermock/powermock_ubi8_3.sh,https://github.com/powermock/powermock.git
p/powermock,powermock,1.7.3,java,,p/powermock/powermock_ubuntu_16.04.sh,https://github.com/powermock/powermock.git
p/prestodb-presto,prestodb-presto,0.267,java,,p/prestodb-presto/0.267/presto_rhel_8.3.sh,https://github.com/prestodb/presto.git
p/prestodb-presto,prestodb-presto,0.236,java,,p/prestodb-presto/0.236/presto_rhel7.6.sh,https://github.com/prestodb/presto.git
p/promremotebench,promremotebench,v0.8.0,go,,p/promremotebench/promremotebench_ubi8.2.sh,https://github.com/m3dbx/promremotebench.git
p/properties,properties,v1.8.5,go,,p/properties/properties_ubi_8.4.sh,https://github.com/magiconair/properties
p/proxytoys,proxytoys,1.0,java,,p/proxytoys/proxytoys_ubi_8.3.sh,https://github.com/proxytoys/proxytoys
p/psad,psad,,java,,p/psad/psad.sh,https://github.com/rfc1036/whois;
p/psad,psad,3.0,java,,p/psad/psad_RHEL_8.2.sh,https://github.com/mrash/psad
p/psad,psad,3.0,java,,p/psad/psad_SLES12.sh,https://github.com/mrash/psad
p/pygdf,pygdf,v0.1.0a3,python,,p/pygdf/pygdf_centos_7_gpu.sh,https://github.com/gpuopenanalytics/pygdf
p/pygdf,pygdf,0.1.0a3,python,,p/pygdf/pygdf_ubuntu_16.04_gpu.sh,https://github.com/gpuopenanalytics/pygdf
q/quartz-scheduler,quartz-scheduler,2.3.1,java,,q/quartz-scheduler/quartz-scheduler_ubuntu_18.04.sh,https://github.com/quartz-scheduler/quartz
r/reactive-streams,reactive-streams,1.0.3,java,,r/reactive-streams/reactive-streams_rhel_7.6.sh,https://github.com/reactive-streams/reactive-streams-jvm
r/retrofit,retrofit,parent-2.7.1,java,,r/retrofit/retrofit_ubi8_3.sh,https://github.com/square/retrofit.git
r/royale-compiler,royale-compiler,0.9.8-rc2,java,,r/royale-compiler/royale-compiler_ubuntu_20.04.sh,https://github.com/apache/royale-compiler
r/rspec-cells,rspec-cells,v0.3.7,ruby,,r/rspec-cells/rspec-cells_ubi_8.5.sh,https://github.com/trailblazer/rspec-cells.git
r/rxnetty,rxnetty,0.5.2,java,,r/rxnetty/rxnetty_ubuntu_16.04.sh,https://github.com/ReactiveX/RxNetty
r/rxscala,rxscala,0.26.5,java,,r/rxscala/rxscala_ubuntu_16.04.sh,https://github.com/ReactiveX/RxScala
s/ST4,ST4,st-4.0.7,java,,s/ST4/ST4_rhel8.sh,https://github.com/antlr/stringtemplate4.git
s/Shrinksafe,Shrinksafe,master(commit-id:0f46e2942af3b4894e7f0790e9f4e7f7d1a7969c),java,,s/Shrinksafe/shrinksafe_1.7.2_ubuntu_18.04.sh,https://github.com/zazl/shrinksafe.git
s/Shrinksafe,Shrinksafe,1.7.2 (master),java,,s/Shrinksafe/shrinksafe_UBI_8.0.sh,https://github.com/zazl/shrinksafe.git
s/Strimzi,Strimzi,master,java,,s/Strimzi/strimzi_ubuntu_18.04.sh,https://github.com/strimzi/strimzi-kafka-operator.git
s/scala,scala,v2.11.12,java,,s/scala/scala-2.11.12-ubi8.sh,https://github.com/scala/scala.git
s/scala-guice,scala-guice,4.1.0,java,,s/scala-guice/scala-guice_rhel_7.3.sh,https://github.com/codingwell/scala-guice.git
s/scala-guice,scala-guice,4.1.0,java,,s/scala-guice/scala-guice_ubuntu_16.04.sh,https://github.com/codingwell/scala-guice.git
s/scala-swing,scala-swing,v3.0.0#3.0.0,java,,s/scala-swing/scala-swing-ubi-8.sh,https://github.com/scala/scala-swing
s/sensu,sensu,1.4.2,ruby,,s/sensu/sensu_ubuntu_16.04.sh,https://github.com/sensu/sensu.git
s/servlet-javax-api,servlet-javax-api,2.5,java,,s/servlet-javax-api/servlet-javax-api_ubuntu_18.04.sh,http://central.maven.org/maven2/javax/servlet/servlet-api/2.5/servlet-api-2.5-sources.jar
s/shiro,shiro,shiro-root-1.5.2,java,,s/shiro/shiro_ubi_8.4.sh,https://github.com/apache/shiro
s/simplecov-console,simplecov-console,v0.4.2,ruby,,s/simplecov-console/simplecov-console_ubi_8.5.sh,https://github.com/chetan/simplecov-console.git
s/slf4j-jdk14,slf4j-jdk14,1.7.30,java,,s/slf4j-jdk14/slf4j_jdk14_rhel_7.6.sh,https://github.com/qos-ch/slf4j
s/slf4j-log4j12,slf4j-log4j12,"1.7.30, 2.0.0-alpha1",java,,s/slf4j-log4j12/slf4j_log4j12_rhel_7.6.sh,https://github.com/qos-ch/slf4j
s/smash-the-state,smash-the-state,v1.3.0,ruby,,s/smash-the-state/smash-the-state_ubi_8.5.sh,https://github.com/IBM-Cloud/smash-the-state.git
s/snowdrop,snowdrop,v0.15.0,go,,s/snowdrop/snowdrop_rhel_7.3.sh,https://github.com/snowdrop/snowdrop-cloud-devex/releases
s/spark-resource-staging-server,spark-resource-staging-server,2.2-kubernetes,java,,s/spark-resource-staging-server/spark-resource-staging-server_ubuntu_16.04.sh,https://github.com/apache-spark-on-k8s/spark
s/sphinx4,sphinx4,n/a,java,,s/sphinx4/sphinx4_rhel_7.3.sh,https://github.com/cmusphinx/sphinx4
s/sphinx4,sphinx4,n/a,java,,s/sphinx4/sphinx4_ubuntu_16.04.sh,https://github.com/cmusphinx/sphinx4
s/spotbugs-annotations,spotbugs-annotations,4.0.2,java,,s/spotbugs-annotations/spotbugs-annotations_rhel_7.6.sh,https://github.com/spotbugs/spotbugs
s/sprig,sprig,"v3.1.0,v3.2.2",go,,s/sprig/sprig_ubi_8.4.sh,https://github.com/masterminds/sprig
s/spring-boot-actuator,spring-boot-actuator,2.0.4.RELEASE,java,,s/spring-boot-actuator/spring-boot-actuator_ubuntu_18.04.sh,http://central.maven.org/maven2/org/springframework/boot/spring-boot-actuator/2.0.4.RELEASE/spring-boot-actuator-2.0.4.RELEASE-sources.jar
s/spring-boot-configuration-processor,spring-boot-configuration-processor,2.0.4.RELEASE,java,,s/spring-boot-configuration-processor/spring-boot-configuration-processor_ubuntu_18.04.sh,http://central.maven.org/maven2/org/springframework/boot/spring-boot-configuration-processor/2.0.4.RELEASE/spring-boot-configuration-processor-2.0.4.RELEASE-sources.jar
s/spring-boot-starter,spring-boot-starter,2.5.0,java,,s/spring-boot-starter/spring-boot-generic_ubuntu_20.04.sh,https://github.com/spring-projects/spring-boot
s/spring-boot-starter,spring-boot-starter,"2.1.12, 2.2.6",java,,s/spring-boot-starter/spring-boot-starter_rhel_7.6.sh,https://github.com/spring-projects/spring-boot
s/spring-boot-starter-actuator,spring-boot-starter-actuator,2.0.4.RELEASE,java,,s/spring-boot-starter-actuator/spring-boot-starter-actuator_ubuntu_18.04.sh,http://central.maven.org/maven2/org/springframework/boot/spring-boot-starter-actuator/2.0.4.RELEASE/spring-boot-starter-actuator-2.0.4.RELEASE.jar
s/spring-boot-starter-hateoas,spring-boot-starter-hateoas,2.0.4.RELEASE,java,,s/spring-boot-starter-hateoas/spring-boot-starter-hateoas_ubuntu_18.04.sh,http://central.maven.org/maven2/org/springframework/boot/spring-boot-starter-hateoas/2.0.4.RELEASE/spring-boot-starter-hateoas-2.0.4.RELEASE.jar
s/spring-boot-starter-undertow,spring-boot-starter-undertow,2.0.4.RELEASE,java,,s/spring-boot-starter-undertow/spring-boot-starter-undertow_ubuntu_18.04.sh,http://central.maven.org/maven2/org/springframework/boot/spring-boot-starter-undertow/2.0.4.RELEASE/spring-boot-starter-undertow-2.0.4.RELEASE.jar
s/spring-jcl,spring-jcl,"5.1.8, 5.2.5",java,,s/spring-jcl/spring-jcl_rhel_7.6.sh,https://github.com/spring-projects/spring-framework
s/spring-plugin-core,spring-plugin-core,"1.2.0, 2.0.0",java,,s/spring-plugin-core/spring-plugin-core_rhel_7.6.sh,https://github.com/spring-projects/spring-plugin
s/spring-plugin-metadata,spring-plugin-metadata,"1.2.0, 2.0.0",java,,s/spring-plugin-metadata/spring-plugin-metadata_rhel_7.6.sh,https://github.com/spring-projects/spring-plugin
s/springdao,springdao,v5.3.10,java,,s/springdao/springdao_rhel8.sh,https://github.com/spring-projects/spring-framework.git
s/springdoc-openapi-common,springdoc-openapi-common,v1.5.10,java,,s/springdoc-openapi-common/springdoc-openapi-common_rhel8.sh,https://github.com/springdoc/springdoc-openapi.git
s/springdoc-openapi-ui,springdoc-openapi-ui,v1.5.10,java,,s/springdoc-openapi-ui/springdoc-openapi-ui_rhel8.sh,https://github.com/springdoc/springdoc-openapi.git
s/springdoc-openapi-webmvc,springdoc-openapi-webmvc,v1.5.10,java,,s/springdoc-openapi-webmvc/springdoc-openapi-webmvc-core_rhel8.sh,https://github.com/springdoc/springdoc-openapi.git
s/stax-api,stax-api,aalto-xml-1.0.0,java,,s/stax-api/stax-api_ubi_8.3.sh,https://github.com/FasterXML/aalto-xml.git
s/stax-ex,stax-ex,1.8,java,,s/stax-ex/stax-ex_rhel_7.6.sh,https://github.com/javaee/metro-stax-ex
s/stream-lib,stream-lib,2.9.6,java,,s/stream-lib/stream-lib_rhel_7.4.sh,https://github.com/addthis/stream-lib
s/stream-lib,stream-lib,2.9.6,java,,s/stream-lib/stream-lib_ubuntu_16.04.sh,https://github.com/addthis/stream-lib
s/strimzi-kafka-oauth,strimzi-kafka-oauth,master (default),java,,s/strimzi-kafka-oauth/redhat_ubi8/build.sh,https://github.com/strimzi/strimzi-kafka-oauth
s/sundrio,sundrio,0.21.0,java,,s/sundrio/sundrio_ubi_8.3.sh,https://github.com/sundrio/sundrio.git
s/supercronic,supercronic,v0.1.12,go,,s/supercronic/supercronic_rhel_8.3.sh,https://github.com/aptible/supercronic
s/swagger-annotations,swagger-annotations,v1.5.3,java,,s/swagger-annotations/swagger-annotations_ubi_8.3.sh,https://github.com/swagger-api/swagger-core.git
s/swagger-jaxrs,swagger-jaxrs,1.5.20,java,,s/swagger-jaxrs/swagger-jaxrs_rhel_7.6.sh,https://github.com/swagger-api/swagger-core
s/swagger-jersey2-jaxrs,swagger-jersey2-jaxrs,1.5.24,java,,s/swagger-jersey2-jaxrs/swagger-jersey2-jaxrs_rhel_7.6.sh,https://github.com/swagger-api/swagger-core
s/swagger-maven-plugin,swagger-maven-plugin,3.1.0,java,,s/swagger-maven-plugin/swagger-maven-plugin_rhel_7.3.sh,https://github.com/kongchen/swagger-maven-plugin
s/swagger-maven-plugin,swagger-maven-plugin,3.1.0,java,,s/swagger-maven-plugin/swagger-maven-plugin_ubuntu_16.04.sh,https://github.com/kongchen/swagger-maven-plugin
t/tektoncd,tektoncd,master,go,,t/tektoncd/operator/tektoncd-operator_rhel_7.6.sh,https://github.com/tektoncd/operator.git
t/tektoncd,tektoncd,master,go,,t/tektoncd/operator/tektoncd-operator_sdk17_rhel_7.6.sh,https://github.com/tektoncd/operator.git
t/tektoncd,tektoncd,v0.11.0,go,,t/tektoncd/pipeline/tektoncd-pipeline_v0.11.0_rhel_7.6.sh,https://github.com/tektoncd/pipeline.git
t/tektoncd,tektoncd,v0.15.0,go,,t/tektoncd/pipeline/tektoncd-pipeline_v0.15.0_rhel_7.6.sh,https://github.com/tektoncd/pipeline.git
t/tektoncd,tektoncd,v0.7.0,go,,t/tektoncd/pipeline/tektoncd-pipeline_v0.7.0_rhel_7.6.sh,https://github.com/tektoncd/pipeline.git
t/tektoncd,tektoncd,latest (0.7.1),go,,t/tektoncd/tektoncd-cli_rhel_7.6.sh,https://github.com/tektoncd/cli
t/tektoncd,tektoncd,v0.1.0,go,,t/tektoncd/triggers/tektoncd-triggers_v0.1.0_rhel_7.6.sh,https://github.com/tektoncd/triggers.git
t/tektoncd,tektoncd,v0.3.11,go,,t/tektoncd/triggers/tektoncd-triggers_v0.3.1_rhel_7.6.sh,https://github.com/tektoncd/triggers.git
t/tektoncd,tektoncd,v0.7.0,go,,t/tektoncd/triggers/tektoncd-triggers_v0.7.0_rhel_7.6.sh,https://github.com/tektoncd/triggers.git
t/thanos,thanos,v0.12.2,go,,t/thanos/thanos-v0.12.2-rhel_7.6.sh,https://github.com/thanos-io/thanos.git
t/tiles_core,tiles_core,tiles-parent-3.0.8,java,,t/tiles_core/tiles_core_ubi8_3.sh,https://github.com/apache/tiles.git
t/to_words,to_words,v1.0.1,ruby,,t/to_words/to_words_ubi_8.5.sh,https://github.com/taimur-akhtar/to_words.git
t/twinj-uuid,twinj-uuid,1.0.0,go,,t/twinj-uuid/twinj-uuid_ubuntu_16.04.sh,https://github.com/twinj/uuid.git
t/typesafehub-config,typesafehub-config,1.3.3,java,,t/typesafehub-config/typesafehub-config_ubuntu_16.04.sh,https://github.com/typesafehub/config
u/universal-translator,universal-translator,v0.18.0,go,,u/universal-translator/universal-translator_ubi_8.4.sh,https://github.com/go-playground/universal-translator.git
u/util-geolocation-ejb,util-geolocation-ejb,1.0.31,java,,u/util-geolocation-ejb/util-geolocation-ejb_ubuntu_16.04.sh,http://repo1.maven.org/maven2/org/ow2/util/util-geolocation-ejb/1.0.31
v/validation-api,validation-api,3.0.0-M1,java,,v/validation-api/validation-api_rhel_7.6.sh,https://github.com/eclipse-ee4j/beanvalidation-api
v/vertx-web,vertx-web,3.9.1,java,,v/vertx-web/vertx-web_v3.9.1_ubi8_3.sh,https://github.com/vert-x3/vertx-web.git
v/vertx-web-api-contract,vertx-web-api-contract,4.1.2,java,,v/vertx-web-api-contract/vertx-web-api-contract_ubi8_3.sh,https://github.com/vert-x3/vertx-web.git
v/vertx-web-client,vertx-web-client,3.9.7,java,,v/vertx-web-client/vertx-web-client_v3.9.7_ubi8_3.sh,https://github.com/vert-x3/vertx-web.git
v/vertx-web-client,vertx-web-client,4.1.2,java,,v/vertx-web-client/vertx-web-client_v4.1.2_ubi8_3.sh,https://github.com/vert-x3/vertx-web.git
v/vertx-web-common,vertx-web-common,3.9.7,java,,v/vertx-web-common/vertx-web-common_ubi8_3.sh,https://github.com/vert-x3/vertx-web.git
v/vertx-web-graphql,vertx-web-graphql,4.1.2,java,,v/vertx-web-graphql/vertx-web-graphql_ubi8_3.sh,https://github.com/vert-x3/vertx-web.git
v/virtualization-services-server,virtualization-services-server,egeria-release-2.10,java,,v/virtualization-services-server/virtualization-services-server_ubuntu_20.04.sh,https://github.com/odpi/egeria
w/webcrawler,webcrawler,Not available.,java,,w/webcrawler/andreas-hess_webcrawler_Ubuntu_16.04.sh,http://andreas-hess.info/programming/webcrawler
w/webcrawler,webcrawler,Not available.,java,,w/webcrawler/andreas-hess_webcrawler_rhel_7.2.sh,http://andreas-hess.info/programming/webcrawler
w/websocket-driver-ruby,websocket-driver-ruby,0.6.5,ruby,,w/websocket-driver-ruby/websocket-driver-ruby_ubi_8.5.sh,https://github.com/faye/websocket-driver-ruby.git
w/wink,wink,1.4.0,java,,w/wink/wink_rhel_7.3.sh,https://github.com/apache/wink.git
w/wink,wink,1.4.0,java,,w/wink/wink_ubuntu_16.04.sh,https://github.com/apache/wink.git
w/wlp-anttasks,wlp-anttasks,liberty-ant-tasks-1.9.4,java,,w/wlp-anttasks/wlp-anttasks_ubi8_3.sh,https://github.com/OpenLiberty/ci.ant.git
x/xbean,xbean,4.8,java,,x/xbean/xbean_ubuntu_16.04.sh,https://github.com/apache/geronimo-xbean.git
x/xml-language-server,xml-language-server,NA,java,,x/xml-language-server/xml-language-server_rhel_7.3.sh,https://github.com/microclimate-devops/xml-language-server.git
x/xml-language-server,xml-language-server,NA,java,,x/xml-language-server/xml-language-server_ubuntu_16.04.sh,https://github.com/microclimate-devops/xml-language-server.git
x/xmlpull,xmlpull,xmlpull-parent-1.1.3.3,java,,x/xmlpull/xmlpull_ubi_8.3.sh,https://github.com/karlmdavis/xmlpull.git
x/xmlpull,xmlpull,xmlpull-xpp3-parent-1.2.0,java,,x/xmlpull/xmlpull_ubi_8_3.sh,https://github.com/xmlpull-xpp3/xmlpull-xpp3.git
x/xmlpull,xmlpull,1.0.5,java,,x/xmlpull/xmlpull_ubuntu_16.04.sh,http://www.xmlpull.org/v1/download/xmlpull_1_0_5_src.tgz
x/xz,xz,1.8,java,,x/xz/xz_rhel_7.6.sh,https://git.tukaani.org/xz-java.git
z/zipkin-go-opentracing,zipkin-go-opentracing,v0.4.5,go,,z/zipkin-go-opentracing/zipkin-go-opentracing_ubi_8.5.sh,https://github.com/openzipkin-contrib/zipkin-go-opentracing
z/ziplet,ziplet,ziplet-2.4.1,java,,z/ziplet/pjl-comp-filter_ubi_8.3.sh,https://github.com/ziplet/ziplet
z/zooinspector,zooinspector,1.0,java,,z/zooinspector/zooinspector_ubuntu_18.04.sh,https://github.com/zzhang5/zooinspector.git
a/adaro,adaro,1.0.4,node,,a/adaro/adaro_rhel_7.6.sh,https://github.com/krakenjs/adaro
a/apache-oozie,apache-oozie,5.1.0,node,,a/apache-oozie/oozie_5.1.0_rhel_7.6.sh,https://github.com/apache/oozie
b/backbone,backbone,1.3.3,node,,b/backbone/backbone_ubuntu_18.04.sh,https://github.com/jashkenas/backbone
c/jquery-cron,jquery-cron,v0.1.4.1,node,,c/jquery-cron/jquery-cron_UBI_8.0.sh,https://github.com/shawnchin/jquery-cron.git
d/date-fns,date-fns,v1.29.0,node,,d/date-fns/date-fns_UBI_8.0.sh,https://github.com/date-fns/date-fns.git
j/jodid25519,jodid25519,0.7.1,node,,j/jodid25519/jodid25519_ubuntu_18.04.sh,https://github.com/meganz/jodid25519
m/micromatch,micromatch,4.0.2,node,,m/micromatch/micromatch_rhel_7.6.sh,https://github.com/micromatch/micromatch.git
p/preserve,preserve,0.2.0,node,,p/preserve/preserve_rhel_7.6.sh,https://github.com/jonschlinkert/preserve.git
s/jquery.sparkline,jquery.sparkline,v2.1.2,node,,s/jquery.sparkline/jquery.sparkline_UBI_8.0.sh,https://github.com/gwatts/jquery.sparkline.git
s/styled-components,styled-components,v5.3.3,node,,s/styled-components/styled-components_ubi_8.3.sh,https://github.com/styled-components/styled-components.git
a/apache-orc,apache-orc,1.5.1,java,,a/apache-orc/apache-orc_rhel_7.6.sh,https://github.com/apache/orc.git
a/archaius,archaius,2.2.13,java,,a/archaius/archaius_ubuntu_16.04.sh,https://github.com/Netflix/archaius.git
a/arrow-R,arrow-R,latest/master,r,,a/arrow-R/arrow-r_rhel_7.6.sh,https://github.com/apache/arrow
b/boringssl,boringssl,36a41bf0bf2dd3176f8780e09c03585351f29963,go,,b/boringssl/boringssl_ubuntu_18.04.sh,https://boringssl.googlesource.com/boringssl/
c/chromium,chromium,latest,python,,c/chromium/Chromium_latest_AT_12.0_sdk_RHEL_7.6.sh,https://github.com/shawnanastasio/chromium_power
c/chromium,chromium,latest,python,,c/chromium/chromium_latest_RHEL_7.6.sh,https://github.com/shawnanastasio/chromium_power
c/conscrypt,conscrypt,2.2.1-SNAPSHOT,python,,c/conscrypt/conscrypt.sh,https://github.com/google/conscrypt
c/crate,crate,3.1.0,java,,c/crate/crate_rhel_7.4.sh,https://github.com/crate/crate.git
c/crate,crate,3.1.0,java,,c/crate/crate_ubuntu_16.04.sh,https://github.com/crate/crate.git
e/envoyproxy,envoyproxy,v2.2,go,,e/envoyproxy/envoy_RHEL_8.6.sh,https://github.com/maistra/envoy.git
e/envoyproxy,envoyproxy,v1.19.1,python,,e/envoyproxy/envoyproxy_envoy_ubi_8.4.sh,https://github.com/envoyproxy/envoy.git
i/istio-proxy,istio-proxy,1.4.3,python,,i/istio-proxy/istio-proxy_rhel7.6.sh,https://github.com/istio/proxy.git
k/kotlin-stdlib,kotlin-stdlib,1.3.50,java,,k/kotlin-stdlib/v1.3.50/kotlin-stdlib_1.3.50_ubuntu_18.04.sh,https://github.com/JetBrains/kotlin.git
k/kotlin-stdlib,kotlin-stdlib,1.3.50,java,,k/kotlin-stdlib/v1.3.50/kotlin-stdlib_v1.3.50_ubi_8.3.sh,https://github.com/JetBrains/kotlin.git
k/kotlin-stdlib,kotlin-stdlib,1.3.61,java,,k/kotlin-stdlib/v1.3.61/kotlin-stdlib_1.3.61_ubuntu_18.04.sh,https://github.com/JetBrains/kotlin.git
k/kotlin-stdlib,kotlin-stdlib,1.3.61,java,,k/kotlin-stdlib/v1.3.61/kotlin-stdlib_v1.3.61_ubi_8.3.sh,https://github.com/JetBrains/kotlin.git
k/kotlin-stdlib,kotlin-stdlib,1.5.21,java,,k/kotlin-stdlib/v1.5.21/kotlin-stdlib-ubi8.5.sh,https://github.com/JetBrains/kotlin.git
l/leveldbjni,leveldbjni,1.8,java,,l/leveldbjni/leveldbjni_ubuntu_18.04.sh,https://github.com/fusesource/leveldbjni
m/maistra,maistra,maistra-2.1,python,,m/maistra/maistra_envoy_ubi_8.4.sh,https://github.com/maistra/envoy
m/maistra,maistra,maistra-1.1,python,,m/maistra/maistra_istio_rhel_7.6.sh,https://github.com/Maistra/istio
m/maistra,maistra,maistra-1.1,python,,m/maistra/maistra_proxy_rhel_7.6.sh,https://github.com/Maistra/proxy.git
o/org.osgi,org.osgi,r8-core-final-rerelease,java,,o/org.osgi/org.osgi_UBI_8.4.sh,https://github.com/osgi/osgi.git
p/pip-ray,pip-ray,ray-0.7.7,python,,p/pip-ray/pip-ray_0.7.7_rhel7.6.sh,https://github.com/ray-project/ray
p/prestodb-odbc,prestodb-odbc,,java,,p/prestodb-odbc/presto-all.sh,https://github.com/prestodb/presto.git
p/protoc,protoc,3.5.1-1,java,,p/protoc/ubuntu-20.04/build.sh,https://github.com/protocolbuffers/protobuf.git
r/rustfmt,rustfmt,0.7,go,,r/rustfmt/rustfmt_rhel_7.3.sh,https://github.com/tennix/rustfmt
r/rustfmt,rustfmt,0.7,go,,r/rustfmt/rustfmt_ubuntu_16.04.sh,https://github.com/tennix/rustfmt
s/smhasher,smhasher,Not available.,java,,s/smhasher/smhasher_rhel_7.4.sh,https://github.com/aappleby/smhasher
t/tikv,tikv,v0.3.0-beta,go,,t/tikv/tikv_ubuntu_18.04.sh,https://github.com/tikv/tikv
w/websocat,websocat,commit #a000784,go,,w/websocat/websocat_ubi_8.2.sh,https://github.com/vi/websocat.git
t/theia,theia,v0.3.15,node,,t/theia/Theia_alpine_3.8.sh,https://github.com/theia-ide/theia.git
t/theia,theia,v0.3.12,node,,t/theia/theia_ubuntu_16.04.sh,https://github.com/theia-ide/theia.git
a/apache-atlas,apache-atlas,release-2.3.0,java,,a/apache-atlas/apache-atlas_2.3.0_ubi_8.5.sh,https://github.com/apache/atlas
c/couchbase,couchbase,,java,,c/couchbase/v5.1.0/couchbase51_ubuntu_16.04.sh,https://github.com/google/flatbuffers
c/couchbase,couchbase,,java,,c/couchbase/v6.0.0/couchbase60_ubuntu_16.04.sh,https://github.com/google/flatbuffers
i/ibm-cloud-operators,ibm-cloud-operators,v1.0.7,go,,i/ibm-cloud-operators/ibm-cloud-operators_rhel8.2.sh,https://github.com/IBM/cloud-operators.git
z/zimbra,zimbra,9.0.0-7-g0c716,java,,z/zimbra/zimbra_rhel7.sh,https://github.com/Zimbra/zm-build.git
