base_dir,package_name,package_version,language,language_versions,script_path,package_url
3scale-apisonator,apisonator,3scale-2.15.1-GA,Ruby,,3/3scale-apisonator/3scale-apisonator.sh,https://github.com/3scale/apisonator.git
3scale-istio-adapter,Dockerfiles,v2.0.0.1,Go,,3/3scale-istio-adapter/build.sh,https://github.com/3scale/3scale-istio-adapter
3scale-operator,3scale-operator,master,Go,,3/3scale-operator/3scale-operator-ubi_9.3.sh,https://github.com/3scale/3scale-operator
3scale-operator-metadata,redhat_ubi8,v0.5.1,Ruby,,3/3scale-operator-metadata/build.sh,https://github.com/3scale/3scale-operator-metadata
3scale-zync,zync,3scale-2.15.1-GA,Ruby,,3/3scale-zync/3scale-zync.sh,https://github.com/3scale/zync.git
3scale-zync,redhat_ubi8,master,Ruby,,3/3scale-zync/build.sh,https://github.com/3scale/zync
3scale_apicast-operator-metadata,redhat_ubi8,v0.3.1,Ruby,,3/3scale_apicast-operator-metadata/build.sh,https://github.com/3scale/apicast-operator-metadata
3scale_toolbox,3scale_toolbox,v0.18.1,Go,,3/3scale_toolbox/3scale_toolbox-build.sh,https://github.com/3scale/3scale_toolbox
3scale_toolbox,3scale_toolbox,v2.13.0,Ruby,,3/3scale_toolbox/3scale_toolbox-ubuntu20_04.sh,https://github.com/3scale/3scale_toolbox.git
3scale_toolbox,3scale_toolbox,3scale-2.15.1-GA,Ruby,,3/3scale_toolbox/3scale_toolbox.sh,https://github.com/3scale/3scale_toolbox
abbrev,abbrev,1.1.1,Node,,a/abbrev/abbrev.sh,https://github.com/isaacs/abbrev-js
abbrev-js,abbrev-js,1.1.1,Node,,a/abbrev-js/abbrev-js.sh,https://github.com/isaacs/abbrev-js
abort-controller,abort-controller,v3.0.0,Node,Node:11,a/abort-controller/abort-controller.sh,https://github.com/mysticatea/abort-controller
abraham__twitteroauth,abraham/twitteroauth,0.9,PHP,,a/abraham__twitteroauth/abraham__twitteroauth.sh,https://github.com/abraham/twitteroauth
abseil-cpp,abseil-cpp,20240116.2,Python,,a/abseil-cpp/abseil-cpp.sh,https://github.com/abseil/abseil-cpp
abstract-logging,abstract-logging,2.0.1,Node,,a/abstract-logging/abstract-logging.sh,https://github.com/jsumners/abstract-logging
abyss,abyss,2.3.5,Go,,a/abyss/abyss.sh,https://github.com/bcgsc/abyss.git
accept,accept,v3.2.3,Node,,a/accept/accept.sh,https://github.com/hapijs/accept
accepts,accepts,${1:-,Node,,a/accepts/accepts.sh,https://github.com/jshttp/accepts
accepts,accepts,1.3.3,Node,,a/accepts/accepts_ubuntu_16.04.sh,https://github.com/jshttp/accepts.git
accessible360_accessible-slick,accessible-slick,0693e67,Node,,a/accessible360_accessible-slick/accessible360_accessible-slick.sh,https://github.com/Accessible360/accessible-slick
accessors-smart,json-smart-v2,2.4.5,Java,,a/accessors-smart/accessors-smart.sh,https://github.com/netplex/json-smart-v2.git
acorn-globals,acorn-globals,4.3.4,Node,,a/acorn-globals/acorn-globals.sh,https://github.com/ForbesLindesay/acorn-globals
acorn-jsx,acorn-jsx,5.3.1,Node,,a/acorn-jsx/acorn-jsx.sh,https://github.com/acornjs/acorn-jsx
activation,activation,JAF-1_2_0,Java,,a/activation/activation.sh,https://github.com/javaee/activation
activation,activation,JAF-1_2_0,Java,,a/activation/activation_rhel7.6.sh,https://github.com/javaee/activation
activemq,redhat_ubi8,5.17.1,Java,,a/activemq/build.sh,https://github.com/apache/activemq
activemq-artemis-operator,activemq-artemis-operator,amq-broker-7.13.0.OPR.1.CR3,Go,,a/activemq-artemis-operator/activemq-artemis-operator.sh,https://github.com/rh-messaging/activemq-artemis-operator
activemq-artemis-operator,activemq-artemis-operator,v0.19.2,Go,,a/activemq-artemis-operator/activemq-artemis-operator_ubi_8.3.sh,https://github.com/artemiscloud/activemq-artemis-operator
activemq-artemis-operator,activemq-artemis-operator,main,Go,,a/activemq-artemis-operator/activemq-artemis-operator_ubi_8_5.sh,https://github.com/artemiscloud/activemq-artemis-operator.git
activemq-artemis-operator,PACKAGE_NAME,v1.0.0,Java,,a/activemq-artemis-operator/build.sh,https://github.com/org/repo
adal-node,adal-node,0.1.28,Node,,a/adal-node/adal-node.sh,https://github.com/AzureAD/azure-activedirectory-library-for-nodejs
adaro,adaro,1.0.4,Node,Python:3.6,a/adaro/adaro.sh,https://github.com/krakenjs/adaro
address,address,v2.1.4,Node,,a/address/address.sh,https://github.com/hapijs/address.git
address,address,1.0.2,Node,,a/address/address_rhel_8.3.sh,https://github.com/node-modules/address
addressparser,addressparser,v1.0.1,Node,,a/addressparser/addressparser.sh,https://github.com/andris9/addressparser.git
aesara,aesara,rel-2.9.4,Python,,a/aesara/aesara.sh,https://github.com/aesara-devs/aesara
aesara,aesara,rel-2.9.3,Python,,a/aesara/aesara_ubi_8.7.sh,https://github.com/aesara-devs/aesara
afero,afero,v1.9.3,Go,,a/afero/afero.sh,https://github.com/spf13/afero
agent-base,agent-base,6.0.2,Node,,a/agent-base/agent-base.sh,https://github.com/TooTallNate/node-agent-base
agent-base,agent-base,4.3.0,Node,,a/agent-base/agent-base_rhel_8.3.sh,https://github.com/TooTallNate/node-agent-base
agent-base,PACKAGE_NAME,v1.0.0,Node,Python:3.6,a/agent-base/agent_base.sh,https://github.com/org/repo
agent-base,agent-base,6.0.0,Node,Python:3.6,a/agent-base/agent_base_rhel_7.6.sh,https://github.com/TooTallNate/node-agent-base
agentkeepalive,agentkeepalive,4.5.0,Node,Node:16,a/agentkeepalive/agentkeepalive.sh,https://github.com/node-modules/agentkeepalive
agentkeepalive,agentkeepalive,3.3.0,Node,,a/agentkeepalive/agentkeepalive_rhel_8.3.sh,https://github.com/node-modules/agentkeepalive
agentkeepalive,agentkeepalive,master,Node,,a/agentkeepalive/agentkeepalive_ubi_8.5.sh,https://github.com/node-modules/agentkeepalive
aggregate-error,aggregate-error,3.1.0,Node,,a/aggregate-error/aggregate-error.sh,https://github.com/sindresorhus/aggregate-error
aho-corasick,aho-corasick,v0.6.2,Java,,a/aho-corasick/aho-corasick.sh,https://github.com/robert-bor/aho-corasick.git
aiohttp,aiohttp,v3.9.0,Python,,a/aiohttp/aiohttp.sh,https://github.com/aio-libs/aiohttp.git
aiohttp,aiohttp,v3.9.0,Python,,a/aiohttp/aiohttp_ubi_9.3.sh,https://github.com/aio-libs/aiohttp.git
aiohttp,aiohttp,v3.8.6,Python,,a/aiohttp/aiohttp_v3.8.6.sh,https://github.com/aio-libs/aiohttp.git
aiosignal,aiosignal,v1.2.0,Python,,a/aiosignal/aiosignal.sh,https://github.com/aio-libs/aiosignal.git
airbnb-javascript,airbnb-javascript,16.1.0,Node,,a/airbnb-javascript/airbnb-javascript.sh,https://github.com/airbnb/javascript.git
airbnb-javascript,airbnb-javascript,16.1.0,Node,,a/airbnb-javascript/airbnb-javascript_ubuntu_16.04.sh,https://github.com/airbnb/javascript.git
airflow,airflow,3.0.2,Python,,a/airflow/airflow.sh,https://github.com/apache/airflow
airflow,airflow,2.0.1,Python,Python:3.8,a/airflow/airflow_ubi_8.sh,https://github.com/apache/airflow
airline,airline,0.6,Java,,a/airline/airline.sh,https://github.com/airlift/airline.git
airline,airline,0.9,Java,,a/airline/airline_rhel7.6.sh,https://github.com/airlift/airline
ajax-request,ajax-request,75b6b48b0fd0bed9cabe6dc9acbe3e517db03c65,Node,,a/ajax-request/ajax-request.sh,https://github.com/douzi8/ajax-request.git
ajaxorg-ace,ace,v1.32.3,Node,Node:16,a/ajaxorg-ace/ajaxorg-ace.sh,https://github.com/ajaxorg/ace
ajstarks_svgo,svgo,644b8db467af,Go,,a/ajstarks_svgo/ajstarks_svgo.sh,https://github.com/ajstarks/svgo
ajv,ajv,6.12.2,Node,Python:3.6,a/ajv/ajv.sh,https://github.com/epoberezkin/ajv
ajv-formats,ajv-formats,v3.0.1,Node,Node:16,a/ajv-formats/ajv-formats.sh,https://github.com/ajv-validator/ajv-formats
ajv-i18n,ajv-i18n,v4.1.0,Node,Node:v14,a/ajv-i18n/ajv-i18n.sh,https://github.com/ajv-validator/ajv-i18n
ajv-keywords,ajv-keywords,3.5.2,Node,,a/ajv-keywords/ajv-keywords.sh,https://github.com/epoberezkin/ajv-keywords
alasql,alasql,v4.5.1,Node,,a/alasql/alasql_v4.5.1.sh,https://github.com/AlaSQL/${PACKAGE_NAME}.git
alecthomas__kingpin,alecthomas/kingpin,2.2.6,Go,,a/alecthomas__kingpin/alecthomas__kingpin.sh,https://github.com/alecthomas/kingpin
alecthomas__template,alecthomas/template,fb15b899a75114aa79cc930e33c46b577cc664b1,Go,,a/alecthomas__template/alecthomas__template.sh,https://github.com/alecthomas/template
alecthomas__units,units,2efee857e7cfd4f3d0138cc3cbb1b4966962b93a,Go,,a/alecthomas__units/alecthomas__units.sh,https://github.com/alecthomas/units
alecthomas__units,alecthomas/units,2efee857e7cfd4f3d0138cc3cbb1b4966962b93a,Go,,a/alecthomas__units/alecthomas__units_rhel_8.3.sh,https://github.com/alecthomas/units
alertmanager,alertmanager,0.9.1,Go,,a/alertmanager/alertmanager.sh,https://github.com/prometheus/alertmanager
alfresco-sdk,alfresco-sdk,alfresco-sdk-aggregator-4.5.0,Java,,a/alfresco-sdk/alfresco-sdk.sh,https://github.com/Alfresco/alfresco-sdk
align-text,align-text,0.1.4,Node,,a/align-text/align-text.sh,https://github.com/jonschlinkert/align-text
aliyun-sts-go-sdk,github.com/baiyubin/aliyun-sts-go-sdk,v0.0.0-20180326062324-cfa1a18b161f,Go,,a/aliyun-sts-go-sdk/aliyun-sts-go-sdk.sh,https://github.com/baiyubin/aliyun-sts-go-sdk
aliyungo,aliyungo,master,Go,,a/aliyungo/aliyungo.sh,https://github.com/denverdino/aliyungo
allennlp,allennlp,v0.8.4,Python,Python:3.6,a/allennlp/allennlp_v0.8.4.sh,https://github.com/allenai/allennlp
allennlp,allennlp,v0.8.4,Python,Python:3.6,a/allennlp/allennlp_v0.8.4_ubuntu_18.04.sh,https://github.com/allenai/allennlp
allennlp,PACKAGE_NAME,v1.0.0,Python,Python:3.6,a/allennlp/allennlp_v0.9.0.sh,https://github.com/org/repo
allennlp,allennlp,v0.9.0,Python,Python:3.6,a/allennlp/allennlp_v0.9.0_rhel_7.sh,https://github.com/allenai/allennlp
alter,alter,0.2.0,Node,,a/alter/alter.sh,https://github.com/olov/alter
ammo,ammo,v3.1.1,Node,,a/ammo/ammo.sh,https://github.com/hapijs/ammo
ampretia__x509,@ampretia/x509,0.4.8,Node,,a/ampretia__x509/ampretia__x509.sh,https://github.com/ampretia/node-x509
amqp,amqp,0.9.1,Go,,a/amqp/amqp.sh,http://github.com/streadway/amqp
amqplib,amqplib,v0.10.4,Node,Node:16,a/amqplib/amqplib.sh,https://github.com/amqp-node/amqplib
analysis,analysis,v0.21.4,Go,Go:1.20.1,a/analysis/analysis.sh,https://github.com/go-openapi/analysis
analysis,github.com/go-openapi/analysis,v0.19.5,Go,,a/analysis/github.com__go-openapi__analysis.sh,https://github.com/go-openapi/analysis
analysis,github.com/go-openapi/analysis,v0.19.5,Go,,a/analysis/github.com__go-openapi__analysis_rhel_8.3.sh,https://github.com/go-openapi/analysis
analysis,go-openapi/analysis,b44dc874b601d9e4e2f6e19140e794ba24bead3b,Go,,a/analysis/go-openapi__analysis.sh,https://github.com/go-openapi/analysis
analysis,go-openapi/analysis,b44dc874b601d9e4e2f6e19140e794ba24bead3b,Go,,a/analysis/go-openapi__analysis_rhel_8.3.sh,https://github.com/go-openapi/analysis
analytics-go,github.com/segmentio/analytics-go,v2.0.1-0.20160426181448-2d840d861c32+incompatible,Go,,a/analytics-go/analytics-go.sh,https://github.com/segmentio/analytics-go.git
andybalholm__brotli,andybalholm/brotli,71eb68cc467c35a70c4b3d0c46b590260fe3f303,Go,,a/andybalholm__brotli/andybalholm__brotli.sh,https://github.com/andybalholm/brotli
andybalholm__brotli,andybalholm/brotli,71eb68cc467c35a70c4b3d0c46b590260fe3f303,Go,,a/andybalholm__brotli/andybalholm__brotli_rhel_8.3.sh,https://github.com/andybalholm/brotli
andybalholm__brotli,brotli,71eb68cc467c35a70c4b3d0c46b590260fe3f303,Go,,a/andybalholm__brotli/andybalholm_brotli.sh,https://github.com/andybalholm/brotli
angular-dragdrop,angular-dragdrop,1.2.2,Node,,a/angular-dragdrop/angular-dragdrop.sh,https://github.com/angular-dragdrop/angular-dragdrop.git
angular-local-storage,angular-local-storage,v0.7.1,Node,,a/angular-local-storage/angular-local-storage.sh,https://github.com/grevory/angular-local-storage.git
angular-markdown-it,angular-markdown-it,v0.6.1,Node,,a/angular-markdown-it/angular-markdown-it.sh,https://github.com/macedigital/angular-markdown-it
angular-moment,angular-moment,1.2.0,Node,,a/angular-moment/angular-moment.sh,https://github.com/urish/angular-moment.git
angular-native-dragdrop,angular-dragdrop,1.2.2,Node,,a/angular-native-dragdrop/angular-native-dragdrop.sh,https://github.com/angular-dragdrop/angular-dragdrop
angular-spinner,angular-spinner,1.0.1,Node,,a/angular-spinner/angular-spinner.sh,https://github.com/urish/angular-spinner
angular-translate,angular-translate,2.18.1,Node,,a/angular-translate/angular-translate.sh,https://github.com/angular-translate/angular-translate
angular-ui-bootstrap,angular-ui-bootstrap,2.5.6,Node,,a/angular-ui-bootstrap/angular-ui-bootstrap.sh,https://github.com/angular-ui/bootstrap
angular-ui-router,angular-ui-router,1.0.19,Node,,a/angular-ui-router/angular-ui-router.sh,https://github.com/angular-ui/ui-router
angular.js,angular.js,1.8.2,Node,,a/angular.js/angular.js_master_1.8.2.sh,https://github.com/angular/angular.js.git
angus-activation,angus-activation,2.0.2,Java,,a/angus-activation/angus-activation.sh,https://github.com/eclipse-ee4j/angus-activation.git
angus-mail,angus-mail,2.0.3,Java,,a/angus-mail/angus-mail.sh,https://github.com/eclipse-ee4j/angus-mail.git
animal-sniffer,animal-sniffer,animal-sniffer-1.24,Java,,a/animal-sniffer/animal-sniffer.sh,https://github.com/mojohaus/animal-sniffer.git
animal-sniffer,animal-sniffer,animal-sniffer-parent-1.17,Java,,a/animal-sniffer/animal-sniffer_ubi_8.5.sh,https://github.com/mojohaus/animal-sniffer.git
animal-sniffer,animal-sniffer,1.23,Java,,a/animal-sniffer/animal-sniffer_ubi_8_7.sh,https://github.com/mojohaus/animal-sniffer
animal-sniffer,animal-sniffer,master,Java,,a/animal-sniffer/animal-sniffer_ubuntu_20.04.sh,https://github.com/mojohaus/animal-sniffer
animate.css,animate.css,3.5.2,Node,,a/animate.css/animate.css.sh,https://github.com/daneden/animate.css.git
aniso8601,aniso8601,v8.0.0,Python,Python:3.6,a/aniso8601/aniso8601.sh,https://bitbucket.org/nielsenb/aniso8601/src/master/
annotations,annotations,4.1.1.4,Java,,a/annotations/annotations.sh,https://github.com/stephenc/findbugs-annotations
annotations,annotations,13.0,Java,,a/annotations/annotations_13.0.sh,https://repo1.maven.org/maven2/org/jetbrains/annotations
annotations,annotations,4.1.1.4,Java,,a/annotations/annotations_rhel_8.3.sh,https://github.com/stephenc/findbugs-annotations
anser,anser,1.4.1,Node,,a/anser/anser.sh,https://github.com/IonicaBizau/anser
ansi-align,ansi-align,2.0.0,Node,,a/ansi-align/ansi-align.sh,https://github.com/nexdrew/ansi-align
ansi-bgblack,ansi-bgblack,0.1.1,Node,,a/ansi-bgblack/ansi-bgblack.sh,https://github.com/jonschlinkert/ansi-bgblack
ansi-bgblue,ansi-bgblue,0.1.1,Node,,a/ansi-bgblue/ansi-bgblue.sh,https://github.com/jonschlinkert/ansi-bgblue
ansi-bgcyan,ansi-bgcyan,0.1.1,Node,,a/ansi-bgcyan/ansi-bgcyan.sh,https://github.com/jonschlinkert/ansi-bgcyan
ansi-bggreen,ansi-bggreen,0.1.1,Node,,a/ansi-bggreen/ansi-bggreen.sh,https://github.com/jonschlinkert/ansi-bggreen
ansi-bgmagenta,ansi-bgmagenta,0.1.1,Node,,a/ansi-bgmagenta/ansi-bgmagenta.sh,https://github.com/jonschlinkert/ansi-bgmagenta
ansi-bgred,ansi-bgred,0.1.1,Node,,a/ansi-bgred/ansi-bgred.sh,https://github.com/jonschlinkert/ansi-bgred
ansi-bgwhite,ansi-bgwhite,0.1.1,Node,,a/ansi-bgwhite/ansi-bgwhite.sh,https://github.com/jonschlinkert/ansi-bgwhite
ansi-bgyellow,ansi-bgyellow,0.1.1,Node,,a/ansi-bgyellow/ansi-bgyellow.sh,https://github.com/jonschlinkert/ansi-bgyellow
ansi-black,ansi-black,0.1.1,Node,,a/ansi-black/ansi-black.sh,https://github.com/jonschlinkert/ansi-black
ansi-blue,ansi-blue,0.1.1,Node,,a/ansi-blue/ansi-blue.sh,https://github.com/jonschlinkert/ansi-blue
ansi-colors,ansi-colors,4.1.1,Node,,a/ansi-colors/ansi-colors.sh,https://github.com/doowb/ansi-colors
ansi-cyan,ansi-cyan,0.1.1,Node,,a/ansi-cyan/ansi-cyan.sh,https://github.com/jonschlinkert/ansi-cyan
ansi-dim,ansi-dim,0.1.1,Node,,a/ansi-dim/ansi-dim.sh,https://github.com/jonschlinkert/ansi-dim
ansi-escapes,ansi-escapes,v4.3.1,Node,,a/ansi-escapes/ansi-escapes.sh,https://github.com/sindresorhus/ansi-escapes.git
ansi-gray,ansi-gray,0.1.1,Node,,a/ansi-gray/ansi-gray.sh,https://github.com/jonschlinkert/ansi-gray
ansi-green,ansi-green,0.1.1,Node,,a/ansi-green/ansi-green.sh,https://github.com/jonschlinkert/ansi-green
ansi-grey,ansi-grey,0.1.1,Node,,a/ansi-grey/ansi-grey.sh,https://github.com/jonschlinkert/ansi-grey
ansi-hidden,ansi-hidden,0.1.1,Node,,a/ansi-hidden/ansi-hidden.sh,https://github.com/jonschlinkert/ansi-hidden
ansi-html,ansi-html,0.0.7,Node,Python:3.6,a/ansi-html/ansi_html.sh,https://github.com/Tjatse/ansi-html
ansi-inverse,ansi-inverse,0.1.1,Node,,a/ansi-inverse/ansi-inverse.sh,https://github.com/jonschlinkert/ansi-inverse
ansi-italic,ansi-italic,0.1.1,Node,,a/ansi-italic/ansi-italic.sh,https://github.com/jonschlinkert/ansi-italic
ansi-magenta,ansi-magenta,0.1.1,Node,,a/ansi-magenta/ansi-magenta.sh,https://github.com/jonschlinkert/ansi-magenta
ansi-red,ansi-red,0.1.1,Node,,a/ansi-red/ansi-red.sh,https://github.com/jonschlinkert/ansi-red
ansi-regex,ansi-regex,v6.1.0,Node,Node:16,a/ansi-regex/ansi-regex.sh,https://github.com/chalk/ansi-regex
ansi-regex,ansi-regex,4.1.0,Node,,a/ansi-regex/ansi-regex_rhel_8.3.sh,https://github.com/chalk/ansi-regex
ansi-reset,ansi-reset,0.1.1,Node,,a/ansi-reset/ansi-reset.sh,https://github.com/jonschlinkert/ansi-reset
ansi-strikethrough,ansi-strikethrough,0.1.1,Node,,a/ansi-strikethrough/ansi-strikethrough.sh,https://github.com/jonschlinkert/ansi-strikethrough
ansi-styles,ansi-styles,4.3.0,Node,,a/ansi-styles/ansi-styles.sh,https://github.com/chalk/ansi-styles
ansi-underline,ansi-underline,0.1.1,Node,,a/ansi-underline/ansi-underline.sh,https://github.com/jonschlinkert/ansi-underline
ansi-white,ansi-white,0.1.1,Node,,a/ansi-white/ansi-white.sh,https://github.com/jonschlinkert/ansi-white
ansi-yellow,ansi-yellow,0.1.1,Node,,a/ansi-yellow/ansi-yellow.sh,https://github.com/jonschlinkert/ansi-yellow
ansible,ansible,v2.19.2,Python,,a/ansible/ansible.sh,https://github.com/ansible/ansible
ansible,ansible,v2.18.6,Python,,a/ansible/ansible_ubi_9.3.sh,https://github.com/ansible/ansible.git
ansible-builder,ansible-builder,3.1.0,Python,,a/ansible-builder/ansible-builder.sh,https://github.com/ansible/ansible-builder
ansible-event-driven-ansible,event-driven-ansible,v2.8.1,Python,,a/ansible-event-driven-ansible/event-driven-ansible.sh,https://github.com/ansible/event-driven-ansible/
ansible-lint,ansible-lint,v6.16.2,Python,,a/ansible-lint/ansible-lint.sh,https://github.com/ansible/ansible-lint
ansible-navigator,ansible-navigator,v25.9.0,Python,,a/ansible-navigator/ansible-navigator.sh,https://github.com/ansible/ansible-navigator.git
ansible-rulebook,ansible-rulebook,v1.1.2,Python,,a/ansible-rulebook/ansible-rulebook.sh,https://github.com/ansible/ansible-rulebook.git
ansible-runner,ansible-runner,2.3.3,Python,,a/ansible-runner/ansible-runner.sh,https://github.com/ansible/ansible-runner
ansible-sign,ansible-sign,v0.1.2,Python,,a/ansible-sign/ansible-sign.sh,https://github.com/ansible/ansible-sign.git
ansible-sign,ansible-sign,0.1.1,Python,,a/ansible-sign/ansible-sign_ubi_8.7.sh,https://github.com/ansible/ansible-sign.git
ansicolors,ansicolors,0.3.2,Node,,a/ansicolors/ansicolors.sh,https://github.com/thlorenz/ansicolors
ansicolors,ansicolors,0.3.2,Node,,a/ansicolors/ansicolors_ubuntu_18.04.sh,https://github.com/thlorenz/ansicolors.git
ansistyles,ansistyles,0.1.3,Node,,a/ansistyles/ansistyles.sh,https://github.com/thlorenz/ansistyles
ant,ant,rel/1.10.15,Java,,a/ant/ant.sh,https://github.com/apache/ant.git
antisamy,antisamy,v1.6.4,Java,,a/antisamy/antisamy.sh,https://github.com/nahsra/antisamy.git
antlr-runtime,antlr-runtime,3.5.2,Java,,a/antlr-runtime/antlr-runtime-ubuntu_18.04.sh,https://github.com/antlr/antlr3.git
antlr-runtime,antlr-runtime,4.2,Java,,a/antlr-runtime/antlr4-runtime.sh,https://github.com/antlr/antlr4.git
antlr-runtime,PACKAGE_NAME,v1.0.0,Java,,a/antlr-runtime/antlr4_runtime.sh,https://github.com/org/repo
antlr-runtime,antlr-runtime,"4.7.2, 4.8",Java,,a/antlr-runtime/antlr4_runtime_rhel_7.6.sh,https://github.com/antlr/antlr4
antlr-runtime,PACKAGE_NAME,v1.0.0,Java,,a/antlr-runtime/antlr_runtime.sh,https://github.com/org/repo
antlr-runtime,antlr-runtime,3.5.2,Java,,a/antlr-runtime/antlr_runtime_rhel_7.6.sh,https://github.com/antlr/antlr3
antlr3,antlr3,3.5.3,Java,,a/antlr3/antlr3.sh,https://github.com/antlr/antlr3
antlr4,antlr4,4.13.1,Java,,a/antlr4/antlr4_4.13.1.sh,https://github.com/antlr/antlr4
antlr4,antlr4,v4.11.1,Java,,a/antlr4/antlr4_v4.11.1.sh,https://github.com/antlr/antlr4
antlr4,antlr4,v4.11.1,Java,,a/antlr4/antlr4_v4.11.1_ubi_8.7.sh,https://github.com/antlr/antlr4
antlr4-annotations,antlr4-annotations,4.9.2,Java,,a/antlr4-annotations/antlr4-annotations.sh,https://github.com/antlr/antlr4.git
antlr4-annotations,PACKAGE_NAME,v1.0.0,Java,,a/antlr4-annotations/antlr4-annotations_4.2.sh,https://github.com/org/repo
antlr4-annotations,antlr4-annotations,4.2,Java,,a/antlr4-annotations/antlr4-annotations_4.2_ubi_8.3.sh,https://github.com/antlr/antlr4.git
anymatch,anymatch,3.1.2,Node,,a/anymatch/anymatch.sh,https://github.com/micromatch/anymatch
aopalliance-repackaged,PACKAGE_NAME,v1.0.0,Java,,a/aopalliance-repackaged/2.4.0-b32.sh,https://github.com/org/repo
aopalliance-repackaged,aopalliance-repackaged,1.0.0,Java,,a/aopalliance-repackaged/2.4.0-b32_ubuntu_18.04.sh,https://github.com/Appdynamics/OSS
aopalliance-repackaged,aopalliance-repackaged,v2.6.1,Java,,a/aopalliance-repackaged/aopalliance_repackaged.sh,https://repo1.maven.org/maven2/org/glassfish/hk2/external/aopalliance-repackaged/2.6.1/aopalliance-repackaged-2.6.1-sources.jar
apache-Jsvc,apache-Jsvc,latest (1.2.3),Java,,a/apache-Jsvc/Apache_Jsvc.sh,https://github.com/apache/commons-daemon/tree/master/src/native/unix
apache-atlas,apache-atlas,release-2.3.0,Java,,a/apache-atlas/apache-atlas_2.3.0.sh,https://github.com/apache/atlas
apache-avro,avro,release-1.11.3,Java,,a/apache-avro/avro.sh,https://github.com/apache/avro
apache-avro,PACKAGE_NAME,v1.0.0,Node,,a/apache-avro/avro_1.8.2.sh,https://github.com/org/repo
apache-avro,apache-avro,1.8.2,Node,,a/apache-avro/avro_1.8.2_rhel_7.6.sh,https://github.com/apache/avro
apache-avro,avro,release-1.11.1,Java,,a/apache-avro/avro_ubi_8_5.sh,https://github.com/apache/avro
apache-beam,beam,v2.56.0,Java,Node:20,a/apache-beam/apache-beam.sh,https://github.com/apache/beam
apache-beam,beam,v2.51.0,Java,,a/apache-beam/apache-beam_ubi_8.7.sh,https://github.com/apache/beam
apache-calcite,apache-calcite,1.19.0,Java,,a/apache-calcite/apache-calcite.sh,https://github.com/apache/calcite
apache-calcite-avatica,calcite-avatica,rel/avatica-1.25.0,Java,,a/apache-calcite-avatica/calcite-avatica.sh,https://github.com/apache/calcite-avatica
apache-calcite-avatica,calcite-avatica,rel/avatica-1.23.0,Java,,a/apache-calcite-avatica/calcite-avatica_UBI_8.7.sh,https://github.com/apache/calcite-avatica
apache-cxf,cxf,cxf-4.0.4,Java,,a/apache-cxf/cxf.sh,https://github.com/apache/cxf.git
apache-cxf,cxf,cxf-4.0.0,Java,,a/apache-cxf/cxf_ubi_8.5.sh,https://github.com/apache/cxf.git
apache-directory-ldap-api,directory-ldap-api,${1:-,Java,,a/apache-directory-ldap-api/directory-ldap-api.sh,https://github.com/apache/directory-ldap-api
apache-directory-ldap-api,apache-directory-ldap-api,2.1.0,Java,,a/apache-directory-ldap-api/directory-ldap-api_ubi_8.3.sh,https://github.com/apache/directory-ldap-api.git
apache-directory-ldap-api,apache-directory-ldap-api,0.9.19,Java,,a/apache-directory-ldap-api/directory-ldap-api_ubuntu_20.04.sh,https://github.com/apache/directory-ldap-api
apache-directory-server,directory-server,v1.0.0,Java,,a/apache-directory-server/apacheds_2.0.0.AM26_master.sh,https://github.com/org/repo
apache-directory-server,directory-server,2.0.0.AM26,Java,,a/apache-directory-server/apacheds_2.0.0.AM26_master_ubi_8.3.sh,https://github.com/apache/directory-server.git
apache-directory-server,directory-server,2.0.0.AM27,Java,,a/apache-directory-server/directory-server.sh,https://github.com/apache/directory-server
apache-directory-server,directory-server,${1:-,Java,,a/apache-directory-server/directory-server_ubi_8.7.sh,https://github.com/apache/directory-server
apache-ds,directory-server,2.0.0.AM26,Java,,a/apache-ds/apacheds_2.0.0.AM26_master.sh,https://github.com/apache/directory-server.git
apache-flink,apache-flink,release-1.17.1,Java,,a/apache-flink/apache-flink.sh,https://github.com/apache/flink.git
apache-flink,PACKAGE_NAME,v1.0.0,Java,,a/apache-flink/apache-flink_1.8.3.sh,https://github.com/org/repo
apache-flink,apache-flink,release-1.8.3,Java,,a/apache-flink/apache-flink_1.8.3_rhel_7.6.sh,https://github.com/apache/flink
apache-flink,PACKAGE_NAME,v1.0.0,Node,,a/apache-flink/apache-flink_master.sh,https://github.com/org/repo
apache-flink,apache-flink,master,Node,,a/apache-flink/apache-flink_master_rhel_8.3.sh,https://github.com/apache/flink
apache-freemarker,freemarker,v2.3.33,Java,,a/apache-freemarker/apache-freemarker.sh,https://github.com/apache/freemarker.git
apache-freemarker,apache-freemarker,2.3.gae,Java,,a/apache-freemarker/apache-freemarker_ubuntu_16.04.sh,https://github.com/apache/incubator-freemarker
apache-freemarker,apache-freemarker,v2.3.32,Java,,a/apache-freemarker/apache-freemarker_v2.3.31.sh,https://github.com/apache/freemarker
apache-freemarker,apache-freemarker,v2.3.32,Java,,a/apache-freemarker/apache-freemarker_v2.3.31_ubi_8.5.sh,https://github.com/apache/freemarker
apache-freemarker,apache-freemarker,2.3.gae,Java,,a/apache-freemarker/freemarker_rhel_7.4.sh,https://github.com/apache/incubator-freemarker
apache-hive,apache-hive,3.1.2,Java,,a/apache-hive/apache-hive.sh,https://github.com/apache/hive.git
apache-httpd,apache-connectors,v2.4.41,Java,,a/apache-httpd/mod_proxy-connector_ubi_8.sh,https://github.com/allenai/allennlp
apache-jena,apache-jena,4.1.0,Java,,a/apache-jena/Apache Jena_ubi_8.3.sh,https://github.com/apache/jena
apache-jena,jena,jena-4.7.0,Java,,a/apache-jena/jena.sh,https://github.com/apache/jena
apache-logging-log4j2,logging-log4j2,rel/2.23.1,Java,,a/apache-logging-log4j2/logging-log4j2.sh,https://github.com/apache/logging-log4j2
apache-lucene,lucene,${1:-,Java,,a/apache-lucene/lucene.sh,https://github.com/apache/lucene.git
apache-nifi,nifi,rel/nifi-2.0.0-M4,Java,,a/apache-nifi/apache-nifi.sh,https://github.com/apache/nifi
apache-nifi,PACKAGE_NAME,rel/nifi-1.17.0,Java,,a/apache-nifi/apache-nifi_1.17.0.sh,https://github.com/org/repo
apache-nifi,apache-nifi,rel/nifi-1.17.0,Java,,a/apache-nifi/apache-nifi_1.17.0_ubi_8.5.sh,https://github.com/apache/nifi
apache-nifi,PACKAGE_NAME,rel/nifi-1.22.0,Java,,a/apache-nifi/apache-nifi_1.22.0.sh,https://github.com/org/repo
apache-nifi,apache-nifi,rel/nifi-1.22.0,Java,,a/apache-nifi/apache-nifi_1.22.0_ubi_8.5.sh,https://github.com/apache/nifi
apache-nifi,apache-nifi,rel/nifi-1.22.0,Java,,a/apache-nifi/apache-nifi_1.22.0_ubuntu_22.04.sh,https://github.com/apache/nifi
apache-nifi,PACKAGE_NAME,rel/nifi-1.9.0,Java,,a/apache-nifi/apache-nifi_1.9.0.sh,https://github.com/org/repo
apache-nifi,apache-nifi,rel/nifi-1.9.0,Java,,a/apache-nifi/apache-nifi_1.9.0_ubi_8.5.sh,https://github.com/apache/nifi
apache-nifi,apache-nifi,1.12.1,Java,,a/apache-nifi/apache-nifi_rhel_8.3.sh,https://github.com/apache/nifi
apache-oozie,apache-oozie,5.1.0,Node,,a/apache-oozie/oozie_5.1.0.sh,https://github.com/apache/oozie
apache-orc,apache-orc,1.5.1,Java,,a/apache-orc/apache-orc.sh,https://github.com/apache/orc.git
apache-poi,apache-poi,REL_5_2_3,Java,,a/apache-poi/apache-poi.sh,https://github.com/apache/poi
apache-solr,solr,releases/solr/9.6.1,Java,,a/apache-solr/apache-solr.sh,https://github.com/apache/solr
apache-solr,solr,releases/solr/9.2.0,Java,,a/apache-solr/apache-solr_ubi_8.7.sh,https://github.com/apache/solr
apache-solr,solr,releases/solr/9.2.0,Java,,a/apache-solr/solr.sh,https://github.com/apache/solr
apache-solr,solr,releases/solr/9.2.0,Java,,a/apache-solr/solr_ubi_8.7.sh,https://github.com/apache/solr
apache-tinkerpop,tinkerpop,3.7.2,Java,,a/apache-tinkerpop/apache-tinkerpop.sh,https://github.com/apache/tinkerpop
apache-tinkerpop,tinkerpop,3.6.2,Java,,a/apache-tinkerpop/apache-tinkerpop_ubi_8.5.sh,https://github.com/apache/tinkerpop
apache-tinkerpop,apache-tinkerpop,"3.4.0-rc1, 3.3.4",Java,,a/apache-tinkerpop/apache-tinkerpop_ubuntu_18.04.sh,https://github.com/apache/tinkerpop
apache-tomcat,tomcat,11.0.0-M26,Java,,a/apache-tomcat/apache-tomcat.sh,https://github.com/apache/tomcat
apache-tomcat,apache-tomcat,10.0.6,Java,,a/apache-tomcat/apache-tomcat_ubi8.3.sh,https://github.com/apache/tomcat.git
apache-tomcat,tomcat,11.0.0-M3,Java,,a/apache-tomcat/apache-tomcat_ubi8.5.sh,https://github.com/apache/tomcat.git
apache-tomcat,apache-tomcat,v1.0.0,Java,,a/apache-tomcat/apache-tomcat_ubi8.sh,https://github.com/apache/tomcat.git
apache-tomcat,tomcat,v1.0.0,Java,,a/apache-tomcat/apache-tomcat_v9.0.97.sh,https://github.com/org/repo
apache-tomcat,tomcat,9.0.97,Java,,a/apache-tomcat/apache-tomcat_v9.0.97_ubi_9.3.sh,https://github.com/apache/tomcat.git
apache-tomcat-native,apache-tomcat-native,1.2.28,Python,,a/apache-tomcat-native/tomcat-native.sh,https://github.com/apache/tomcat-native.git
apd,apd,v3.2.1,Go,Go:1.20.1,a/apd/apd.sh,https://github.com/cockroachdb/apd
apd,github.com/cockroachdb/apd,v1.1.0,Go,,a/apd/github.com__cockroachdb__apd.sh,https://github.com/cockroachdb/apd
apd,github.com/cockroachdb/apd,v1.1.0,Go,,a/apd/github.com__cockroachdb__apd_rhel_8.3.sh,https://github.com/cockroachdb/apd
api,api,"0.10.6,0.3.7",Go,,a/api/api.sh,https://github.com/operator-framework/api
api-asn1-api,api-asn1-api,1.0.0.m20,Java,,a/api-asn1-api/api-asn1-api.sh,https://github.com/apache/directory-ldap-api
apicurio-registry,apicurio-registry,2.4.1.Final,Go,,a/apicurio-registry/apicurio-registry.sh,https://github.com/Apicurio/apicurio-registry
apicurio-registry,apicurio-registry,1.3.2.Final,Java,,a/apicurio-registry/apicurio-registry_rhel8.sh,https://github.com/apicurio/apicurio-registry
apicurio-registry,apicurio-registry,2.1.0.Final,Java,,a/apicurio-registry/apicurio-registry_ubi_8.4.sh,https://github.com/Apicurio/apicurio-registry
apicurio-registry,apicurio-registry,2.4.1.Final,Java,,a/apicurio-registry/apicurio-registry_ubi_8_5.sh,https://github.com/Apicurio/apicurio-registry
apicurio-registry-common,apicurio-registry-common,1.3.0.Final,Java,,a/apicurio-registry-common/apicurio-registry-common.sh,https://github.com/Apicurio/apicurio-registry.git
apidevtools__swagger-methods,@apidevtools/swagger-methods,3.0.2,Node,,a/apidevtools__swagger-methods/apidevtools__swagger-methods.sh,https://github.com/APIDevTools/swagger-methods
apiguardian,apiguardian,r1.1.2,Java,,a/apiguardian/apiguardian.sh,https://github.com/apiguardian-team/apiguardian.git
apm-agent-go,apm-agent-go,"v1.14.0, v1.5.0",Go,,a/apm-agent-go/apm-agent-go-apmhttp.sh,https://github.com/elastic/apm-agent-go
apm-agent-go,PACKAGE_NAME,v1.0.0,Go,,a/apm-agent-go/apm-agent-go.sh,https://github.com/org/repo
apm-agent-go,apm-agent-go,"v1.14.0, v1.5.0",Go,,a/apm-agent-go/apm-agent-go_ubi_8.3.sh,https://github.com/elastic/apm-agent-go
apollo-client,apollo-client,${1:-,Node,Node:v12.22.4,a/apollo-client/apollo-client.sh,https://github.com/apollographql/apollo-client
app-builder,app-builder,5.2.0,Node,,a/app-builder/app-builder.sh,https://github.com/calebboyd/app-builder
app-root-path,app-root-path,2.2.1,Node,,a/app-root-path/app-root-path.sh,https://github.com/inxilpro/node-app-root-path
appdirs,appdirs,1.4.4,Python,,a/appdirs/appdirs.sh,https://github.com/ActiveState/appdirs.git
append-field,append-field,1.0.0,Node,,a/append-field/append-field.sh,https://github.com/LinusU/node-append-field
append-transform,append-transform,2.0.0,Node,,a/append-transform/append-transform.sh,https://github.com/istanbuljs/append-transform
appsody,appsody,latest (0.5.8),Go,,a/appsody/appsody.sh,https://github.com/appsody/appsody
appsody-controller,appsody-controller,latest (0.3.4),Go,,a/appsody-controller/appsody_controller.sh,https://github.com/appsody/controller
appsody-init-controller,appsody-init-controller,latest (0.3.4),Go,,a/appsody-init-controller/appsody_controller.sh,https://github.com/appsody/controller
appsody-stack,java-spring-boot2,latest (0.9.0),Java,,a/appsody-stack/java-spring-boot2_rhel_7.6.sh,https://github.com/appsody/stacks/tree/master/incubator/java-spring-boot2
aproba,aproba,2.0.0,Node,,a/aproba/aproba.sh,https://github.com/iarna/aproba
aproba,aproba,2.0.0,Node,,a/aproba/aproba_ubuntu_18.04.sh,https://github.com/iarna/aproba.git
archaius,archaius,2.2.13,Java,,a/archaius/archaius.sh,https://github.com/Netflix/archaius.git
architect,jekyll-theme-architect,${1:-,Ruby,,a/architect/architect.sh,https://github.com/pages-themes/architect
archiver,archiver,v3.5.0,Go,,a/archiver/archiver.sh,https://github.com/mholt/archiver
archiver,archiver,v3.5.0,Go,,a/archiver/archiver_ubi_8.4.sh,https://github.com/mholt/archiver
archiver-utils,archiver-utils,1.3.0,Node,,a/archiver-utils/archiver-utils.sh,https://github.com/archiverjs/archiver-utils
archy,archy,1.0.0,Node,,a/archy/archy.sh,https://github.com/substack/node-archy.git
are-we-there-yet,are-we-there-yet,1.1.4,Node,,a/are-we-there-yet/are-we-there-yet.sh,https://github.com/iarna/are-we-there-yet
argon2-cffi-bindings,argon2-cffi-bindings,21.2.0,Python,,a/argon2-cffi-bindings/argon2-cffi-bindings.sh,https://github.com/hynek/argon2-cffi-bindings
argparse,argparse,2.0.1,Node,,a/argparse/argparse.sh,https://github.com/nodeca/argparse.git
argparse,argparse,1.4.0,Python,,a/argparse/argparse_rhel_7.3.sh,https://github.com/ThomasWaldmann/argparse.git
argparse,argparse,${1:-,Node,Node:v16.20.0,a/argparse/argparse_ubi_8.7.sh,https://github.com/nodeca/argparse.git
argparse,argparse,1.4.0,Python,,a/argparse/argparse_ubuntu_16.04.sh,https://github.com/ThomasWaldmann/argparse.git
argparse,conda.recipe,v1.0.0,Python,,a/argparse/build.sh,https://github.com/org/repo
argv-formatter,argv-formatter,v1.0.0,Node,,a/argv-formatter/argv-formatter.sh,https://github.com/bendrucker/argv-formatter.git
aria-query,aria-query,${1:-,Node,Node:v12,a/aria-query/aria-query.sh,https://github.com/A11yance/aria-query
arity-n,arity-n,1.0.4,Node,,a/arity-n/arity-n.sh,http://github.com/stoeffel/arityN
armon__go-metrics,armon/go-metrics,v0.3.3,Go,,a/armon__go-metrics/armon__go-metrics.sh,https://github.com/armon/go-metrics
arr-diff,arr-diff,4.0.0,Node,,a/arr-diff/arr-diff.sh,https://github.com/jonschlinkert/arr-diff
arr-filter,arr-filter,1.1.2,Node,,a/arr-filter/arr-filter.sh,https://github.com/jonschlinkert/arr-filter
arr-flatten,arr-flatten,1.1.0,Node,,a/arr-flatten/arr-flatten.sh,https://github.com/jonschlinkert/arr-flatten
arr-swap,arr-swap,1.0.1,Node,,a/arr-swap/arr-swap.sh,https://github.com/jonschlinkert/arr-swap
arr-union,arr-union,3.1.0,Node,,a/arr-union/arr-union.sh,https://github.com/jonschlinkert/arr-union
array-differ,array-differ,3.0.0,Node,,a/array-differ/array-differ.sh,https://github.com/sindresorhus/array-differ
array-each,array-each,1.0.1,Node,,a/array-each/array-each.sh,https://github.com/jonschlinkert/array-each
array-filter,array-filter,0.0.1,Node,,a/array-filter/array-filter.sh,https://github.com/juliangruber/array-filter
array-flatten,array-flatten,2.1.2,Node,,a/array-flatten/array-flatten.sh,https://github.com/blakeembrey/array-flatten
array-includes,array-includes,3.1.3,Node,,a/array-includes/array-includes.sh,https://github.com/es-shims/array-includes
array-map,array-map,0.0.0,Node,,a/array-map/array-map.sh,https://github.com/substack/array-map
array-reduce,array-reduce,0.0.0,Node,,a/array-reduce/array-reduce.sh,https://github.com/substack/array-reduce
array-slice,array-slice,1.1.0,Node,,a/array-slice/array-slice.sh,https://github.com/jonschlinkert/array-slice
array-sort,array-sort,0.1.4,Node,,a/array-sort/array-sort.sh,https://github.com/jonschlinkert/array-sort
array-uniq,array-uniq,1.0.2,Node,,a/array-uniq/array-uniq.sh,https://github.com/sindresorhus/array-uniq
array-unique,array-unique,0.3.2,Node,,a/array-unique/array-unique.sh,https://github.com/jonschlinkert/array-unique
array.prototype.flat,array.prototype.flat,1.2.4,Node,,a/array.prototype.flat/array.prototype.flat.sh,https://github.com/es-shims/Array.prototype.flat
array_record,array_record,v0.5.0,Python,,a/array_record/array_record.sh,https://github.com/google/array_record
array_record,array_record,v0.6.0,Python,,a/array_record/array_record_0.6.0.sh,https://github.com/google/array_record
array_record,array_record,v0.6.0,Python,,a/array_record/array_record_0.6.0_ubi_9.3.sh,https://github.com/google/array_record
array_record_iindyk,array_record,0.7.1,Python,,a/array_record_iindyk/array_record_iindyk.sh,https://github.com/iindyk/array_record
arraymanagement,arraymanagement,0.2,Python,,a/arraymanagement/arraymanagement.sh,https://github.com/ContinuumIO/ArrayManagement.git
arraymanagement,arraymanagement,0.2,Python,,a/arraymanagement/arraymanagement_ubuntu_16.04.sh,https://github.com/ContinuumIO/ArrayManagement.git
arraymanagement,conda.recipe,v1.0.0,Python,,a/arraymanagement/build.sh,https://github.com/org/repo
arrow-R,arrow-R,latest/master,R,,a/arrow-R/arrow-r.sh,https://github.com/apache/arrow
arrow-java,arrow,apache-arrow-15.0.1,Java,,a/arrow-java/arrow-java-ubi_9.3.sh,https://github.com/apache/arrow.git
arrow-java,arrow,apache-arrow-17.0.0,Java,,a/arrow-java/arrow-java-v17-ubi_9.3.sh,https://github.com/apache/arrow.git
aryann__difflib,aryann/difflib,v0.0.0-20170710044230-e206f873d14a,Go,,a/aryann__difflib/aryann__difflib.sh,https://github.com/aryann/difflib
asap,asap,2.0.5,Node,,a/asap/asap.sh,https://github.com/kriskowal/asap
asaskevich__govalidator,asaskevich/govalidator,593d64559f7600f29581a3ee42177f5dbded27a9,Go,,a/asaskevich__govalidator/asaskevich__govalidator.sh,https://github.com/asaskevich/govalidator
asdine__storm,asdine/storm,2.2.1,Go,,a/asdine__storm/asdine__storm.sh,https://github.com/asdine/storm
askpass,askpass,1.2.0,R,,a/askpass/askpass.sh,https://github.com/cran/askpass
asm,asm,ASM_9_7,Java,,a/asm/asm.sh,https://gitlab.ow2.org/asm/asm
asm,asm,ASM_9_2,Java,,a/asm/asm_ubi_8.3.sh,https://gitlab.ow2.org/asm/asm
asm89__stack-cors,asm89/stack-cors,1.3.0,PHP,,a/asm89__stack-cors/asm89__stack-cors.sh,https://github.com/asm89/stack-cors
asn1,asn1,0.2.4,Node,,a/asn1/asn1.sh,https://github.com/joyent/node-asn1
asn1,asn1,0.2.4,Node,Python:3.6,a/asn1/asn1_rhel_7.6.sh,https://github.com/joyent/node-asn1
asn1.js,asn1.js,5.4.1,Node,,a/asn1.js/asn1.js.sh,https://github.com/indutny/asn1.js
asn1js,asn1js,1.2.12,Node,,a/asn1js/asn1js.sh,https://github.com/PeculiarVentures/asn1.js
aspectJweaver,aspectJweaver,V1_9_7,Java,,a/aspectJweaver/AspectJweaver.sh,https://github.com/eclipse/org.aspectj
assert-plus,assert-plus,1.0.0,Node,,a/assert-plus/assert-plus.sh,https://github.com/mcavage/node-assert-plus
assertion-error,assertion-error,1.1.0,Node,,a/assertion-error/assertion-error.sh,https://github.com/chaijs/assertion-error
assign-symbols,assign-symbols,1.0.0,Node,,a/assign-symbols/assign-symbols.sh,https://github.com/jonschlinkert/assign-symbols
ast-types,ast-types,master,Node,,a/ast-types/ast-types.sh,https://github.com/benjamn/ast-types.git
astral-regex,astral-regex,2.0.0,Node,,a/astral-regex/astral-regex.sh,https://github.com/kevva/astral-regex
asttokens,asttokens,v2.0.5,Python,,a/asttokens/asttokens.sh,https://github.com/gristlabs/asttokens
async,async,v3.2.5,Node,Node:20,a/async/async.sh,https://github.com/caolan/async.git
async-hook-jl,async-hook-jl,1.7.6,Node,,a/async-hook-jl/async-hook-jl.sh,https://github.com/jeff-lewis/async-hook-jl
async-http-client,async-http-client-netty-utils,async-http-client-project-2.5.3,Java,,a/async-http-client/async-http-client-netty-utils.sh,https://github.com/AsyncHttpClient/async-http-client
async-json,async-json,0.0.2,Node,,a/async-json/async-json.sh,https://github.com/ckknight/async-json
async-limiter,async-limiter,1.0.1,Node,,a/async-limiter/async-limiter.sh,https://github.com/strml/async-limiter
async_timeout,async_timeout,v5.0.1,Python,,a/async_timeout/async_timeout.sh,https://github.com/aio-libs/async_timeout/
async_timeout,async_timeout,3.0.1,Python,,a/async_timeout/async_timeout_rhel_8.3.sh,https://github.com/aio-libs/async_timeout/
asyncapi__avro-schema-parser,@asyncapi/avro-schema-parser,0.2.1,Node,,a/asyncapi__avro-schema-parser/asyncapi__avro-schema-parser.sh,https://github.com/asyncapi/avro-schema-parser
asyncapi__openapi-schema-parser,@asyncapi/openapi-schema-parser,2.0.1,Node,,a/asyncapi__openapi-schema-parser/asyncapi__openapi-schema-parser.sh,https://github.com/asyncapi/openapi-schema-parser
asyncapi__specs,@asyncapi/specs,2.7.7,Node,,a/asyncapi__specs/asyncapi__specs.sh,https://github.com/asyncapi/asyncapi-node
asynckit,asynckit,v0.4.0,Node,,a/asynckit/asynckit.sh,https://github.com/alexindigo/asynckit
at-least-node,at-least-node,1.0.0,Node,,a/at-least-node/at-least-node.sh,https://github.com/RyanZim/at-least-node
atlas-client,atlas/client,branch-2.0,Java,,a/atlas-client/atlas-client.sh,https://github.com/apache/atlas
atlas-common,atlas/common,branch-2.0,Java,,a/atlas-common/atlas-common.sh,https://github.com/apache/atlas
atlas-intg,atlas/intg,branch-2.0,Java,,a/atlas-intg/atlas-intg.sh,https://github.com/apache/atlas
atlas-notification,atlas/notification,branch-2.0,Java,,a/atlas-notification/atlas-notification.sh,https://github.com/apache/atlas
atlas-plugin-classloader,atlas/plugin-classloader,branch-2.0,Java,,a/atlas-plugin-classloader/atlas-plugin-classloader.sh,https://github.com/apache/atlas
atob,atob,v2.1.1,Node,,a/atob/atob.sh,https://github.com/node-browser-compat/atob.git
attrs,attrs,v0.0.0-20190224210810-a9411de4debd,Go,,a/attrs/attrs.sh,https://github.com/gobuffalo/attrs.git
autorest,github.com/Azure/go-autorest/autorest,v0.11.23,Go,,a/autorest/autorest.sh,https://github.com/Azure/go-autorest
autovizwidget,sparkmagic,0.20.0,Python,,a/autovizwidget/autovizwidget.sh,https://github.com/jupyter-incubator/sparkmagic
available-typed-arrays,available-typed-arrays,v1.0.7,Node,Node:14,a/available-typed-arrays/available-typed-arrays.sh,https://github.com/inspect-js/available-typed-arrays
avalon-framework-api,avalon-framework-api,4.3.1,Java,,a/avalon-framework-api/avalon-framework-api_4.3.1.sh,https://repo1.maven.org/maven2/org/apache/avalon/framework/avalon-framework-api
avalon-framework-api,avalon-framework-api,4.3.1,Java,,a/avalon-framework-api/avalon-framework-api_v4.3.1.sh,https://repo1.maven.org/maven2/org/apache/avalon/framework/avalon-framework-api
avalon-framework-api,avalon-framework-api,4.3.1,Java,,a/avalon-framework-api/avalon-framework-api_v4.3.1_ubuntu_18.04.sh,https://repo1.maven.org/maven2/org/apache/avalon/framework/avalon-framework-api
avalon-framework-impl,avalon-framework-impl,4.3.1,Java,,a/avalon-framework-impl/avalon-framework-impl_4.3.1.sh,https://repo1.maven.org/maven2/org/apache/avalon/framework/avalon-framework-impl
avalon-framework-impl,avalon-framework-impl,4.3.1,Java,,a/avalon-framework-impl/avalon-framework-impl_v4.3.1.sh,https://repo1.maven.org/maven2/org/apache/avalon/framework/avalon-framework-impl
avalon-framework-impl,avalon-framework-impl,4.3.1,Java,,a/avalon-framework-impl/avalon-framework-impl_v4.3.1_ubuntu_18.04.sh,https://repo1.maven.org/maven2/org/apache/avalon/framework/avalon-framework-impl
avatars,avatars,8.x-1.1,PHP,,a/avatars/avatars.sh,https://git.drupalcode.org/project/avatars.git
avvio,avvio,7.2.0,Node,,a/avvio/avvio.sh,https://github.com/fastify/avvio
aws-eventstream-java,aws-eventstream-java,1e76ef4,Java,,a/aws-eventstream-java/aws-eventstream-java.sh,https://github.com/awslabs/aws-eventstream-java.git
aws-sdk-go,aws-sdk-go,v1.44.89,Go,,a/aws-sdk-go/aws-sdk-go.sh,https://github.com/aws/aws-sdk-go
aws-sdk-go,aws/aws-sdk-go,v1.27.0,Go,,a/aws-sdk-go/aws__aws-sdk-go.sh,https://github.com/aws/aws-sdk-go
aws-sdk-go,aws/aws-sdk-go,v1.27.0,Go,,a/aws-sdk-go/aws__aws-sdk-go_rhel_8.3.sh,https://github.com/aws/aws-sdk-go
aws-sdk-java,aws-sdk-java,1.7.3,Java,,a/aws-sdk-java/aws-sdk-java.sh,https://github.com/aws/aws-sdk-java
aws4,aws4,1.11.0,Node,,a/aws4/aws4.sh,https://github.com/mhart/aws4
aws__aws-lambda-go,aws/aws-lambda-go,v1.13.3,Go,,a/aws__aws-lambda-go/aws__aws-lambda-go.sh,https://github.com/aws/aws-lambda-go
awx,awx,devel,Python,,a/awx/awx_vdevel.sh,https://github.com/ansible/awx/
axios,axios,${1:v1.7.9},Node,Node:22,a/axios/axios.sh,https://github.com/axios/axios
axon,axon,2.0.3,Node,,a/axon/axon.sh,https://github.com/tj/axon
axon,axon,2.0.3,Node,,a/axon/axon_ubuntu_16.04.sh,https://github.com/tj/axon
aymerick__raymond,aymerick/raymond,2.0.1,Go,,a/aymerick__raymond/aymerick__raymond.sh,https://github.com/aymerick/raymond
azure-mgmt-authorization,azure-mgmt-authorization,azure-mgmt-authorization_4.0.0,Python,,a/azure-mgmt-authorization/azure-mgmt-authorization.sh,https://github.com/Azure/azure-sdk-for-python
azure-mgmt-batch,azure-mgmt-batch,azure-mgmt-batch_18.0.0,Python,,a/azure-mgmt-batch/azure-mgmt-batch.sh,https://github.com/Azure/azure-sdk-for-python
azure-mgmt-cdn,azure-mgmt-cdn,azure-mgmt-cdn_13.1.1,Python,,a/azure-mgmt-cdn/azure-mgmt-cdn.sh,https://github.com/Azure/azure-sdk-for-python
azure-mgmt-containerregistry,azure-mgmt-containerregistry,azure-mgmt-containerregistry_14.0.0,Python,,a/azure-mgmt-containerregistry/azure-mgmt-containerregistry.sh,https://github.com/Azure/azure-sdk-for-python
azure-mgmt-containerservice,azure-mgmt-containerservice,azure-mgmt-containerservice_36.0.0,Python,,a/azure-mgmt-containerservice/azure-mgmt-containerservice.sh,https://github.com/Azure/azure-sdk-for-python
azure-mgmt-cosmosdb,azure-mgmt-cosmosdb_9.8.0,azure-mgmt-cosmosdb_9.8.0,Python,,a/azure-mgmt-cosmosdb/azure-mgmt-cosmosdb.sh,https://github.com/Azure/azure-sdk-for-python
azure-mgmt-devtestlabs,azure-mgmt-devtestlabs,azure-mgmt-devtestlabs_10.0.0b2,Python,,a/azure-mgmt-devtestlabs/azure-mgmt-devtestlabs.sh,https://github.com/Azure/azure-sdk-for-python
azure-mgmt-dns,azure-mgmt-dns,azure-mgmt-dns_8.2.0,Python,,a/azure-mgmt-dns/azure-mgmt-dns.sh,https://github.com/Azure/azure-sdk-for-python
azure-mgmt-hdinsight,azure-mgmt-hdinsight,azure-mgmt-hdinsight_9.1.0b1,Python,,a/azure-mgmt-hdinsight/azure-mgmt-hdinsight.sh,https://github.com/Azure/azure-sdk-for-python
azure-mgmt-iothub,azure-mgmt-iothub,azure-mgmt-iothub_4.0.0,Python,,a/azure-mgmt-iothub/azure-mgmt-iothub.sh,https://github.com/Azure/azure-sdk-for-python
azure-mgmt-keyvault,azure-mgmt-keyvault,azure-mgmt-keyvault_11.0.0,Python,,a/azure-mgmt-keyvault/azure-mgmt-keyvault.sh,https://github.com/Azure/azure-sdk-for-python
azure-mgmt-loganalytics,azure-mgmt-loganalytics,azure-mgmt-loganalytics_13.0.0b7,Python,,a/azure-mgmt-loganalytics/azure-mgmt-loganalytics.sh,https://github.com/Azure/azure-sdk-for-python
azure-mgmt-marketplaceordering,azure-mgmt-marketplaceordering,azure-mgmt-marketplaceordering_1.2.0b2,Python,,a/azure-mgmt-marketplaceordering/azure-mgmt-marketplaceordering.sh,https://github.com/Azure/azure-sdk-for-python
azure-mgmt-monitor,azure-mgmt-monitor,azure-mgmt-monitor_7.0.0b1,Python,,a/azure-mgmt-monitor/azure-mgmt-monitor.sh,https://github.com/Azure/azure-sdk-for-python
azure-mgmt-network,azure-mgmt-network,azure-mgmt-network_29.0.0,Python,,a/azure-mgmt-network/azure-mgmt-network.sh,https://github.com/Azure/azure-sdk-for-python
azure-mgmt-rdbms,azure-mgmt-rdbms,azure-mgmt-rdbms_10.1.0,Python,,a/azure-mgmt-rdbms/azure-mgmt-rdbms.sh,https://github.com/Azure/azure-sdk-for-python
azure-mgmt-redis,azure-mgmt-redis,azure-mgmt-redis_14.5.0,Python,,a/azure-mgmt-redis/azure-mgmt-redis.sh,https://github.com/Azure/azure-sdk-for-python
azure-mgmt-resource,azure-mgmt-resource,azure-mgmt-resource_23.4.0,Python,,a/azure-mgmt-resource/azure-mgmt-resource.sh,https://github.com/Azure/azure-sdk-for-python
azure-mgmt-servicebus,azure-mgmt-servicebus,azure-mgmt-servicebus_9.0.0,Python,,a/azure-mgmt-servicebus/azure-mgmt-servicebus.sh,https://github.com/Azure/azure-sdk-for-python
azure-mgmt-sql,azure-mgmt-sql,azure-mgmt-sql_4.0.0b21,Python,,a/azure-mgmt-sql/azure-mgmt-sql.sh,https://github.com/Azure/azure-sdk-for-python
azure-mgmt-storage,azure-mgmt-storage,azure-mgmt-storage_23.0.0,Python,,a/azure-mgmt-storage/azure-mgmt-storage.sh,https://github.com/Azure/azure-sdk-for-python
azure-mgmt-trafficmanager,azure-mgmt-trafficmanager,azure-mgmt-trafficmanager_1.1.0,Python,,a/azure-mgmt-trafficmanager/azure-mgmt-trafficmanager.sh,https://github.com/Azure/azure-sdk-for-python
azure-mgmt-web,azure-mgmt-web,azure-mgmt-web_8.0.0,Python,,a/azure-mgmt-web/azure-mgmt-web.sh,https://github.com/Azure/azure-sdk-for-python
azure-pipeline-go,azure-pipeline-go,v0.2.2,Go,,a/azure-pipeline-go/azure-pipeline-go_v0.2.2.sh,https://github.com/Azure/azure-pipeline-go
azure-sdk-for-python,azure-mgmt-authorization,azure-mgmt-authorization_0.51.1,Python,,a/azure-sdk-for-python/azure-mgmt-authorization_ubi_8.sh,https://github.com/Azure/azure-sdk-for-python
azure-sdk-for-python,azure-mgmt-batch,azure-mgmt-batch_5.0.1,Python,,a/azure-sdk-for-python/azure-mgmt-batch_ubi_8.sh,https://github.com/Azure/azure-sdk-for-python
azure-sdk-for-python,azure-mgmt-cdn,azure-mgmt-cdn_3.0.0,Python,,a/azure-sdk-for-python/azure-mgmt-cdn_ubi_8.sh,https://github.com/Azure/azure-sdk-for-python
azure-sdk-for-python,PACKAGE_NAME,azure-mgmt-containerinstance_1.4.0,Python,,a/azure-sdk-for-python/azure-mgmt-containerinstance.sh,https://github.com/org/repo
azure-sdk-for-python,azure-sdk-for-python,azure-mgmt-containerinstance_1.4.0,Python,,a/azure-sdk-for-python/azure-mgmt-containerinstance_1.4.0.sh,https://github.com/Azure/azure-sdk-for-python.git
azure-sdk-for-python,azure-sdk-for-python,azure-mgmt-containerinstance_1.4.0,Python,,a/azure-sdk-for-python/azure-mgmt-containerinstance_1.4.0_ubuntu_18.04.sh,https://github.com/Azure/azure-sdk-for-python.git
azure-sdk-for-python,azure-sdk-for-python,azure-mgmt-containerinstance_1.4.0,Python,,a/azure-sdk-for-python/azure-mgmt-containerinstance_ubi_8.3.sh,https://github.com/Azure/azure-sdk-for-python.git
azure-sdk-for-python,azure-sdk-for-python,azure-mgmt-containerregistry_2.0.0,Python,,a/azure-sdk-for-python/azure-mgmt-containerregistry_ubi_8.5.sh,https://github.com/Azure/azure-sdk-for-python.git
azure-sdk-for-python,azure-sdk-for-python,azure-mgmt-containerservice_4.4.0,Python,,a/azure-sdk-for-python/azure-mgmt-containerservice_ubi_8.5.sh,https://github.com/Azure/azure-sdk-for-python.git
azure-sdk-for-python,azure-sdk-for-python,azure-mgmt-cosmosdb_0.5.2,Python,,a/azure-sdk-for-python/azure-mgmt-cosmosdb_ubi_8.5.sh,https://github.com/Azure/azure-sdk-for-python.git
azure-sdk-for-python,azure-sdk-for-python,azure-mgmt-devtestlabs_3.0.0,Python,,a/azure-sdk-for-python/azure-mgmt-devtestlabs_ubi_8.5.sh,https://github.com/Azure/azure-sdk-for-python.git
azure-sdk-for-python,azure-sdk-for-python,azure-mgmt-dns_2.1.0,Python,,a/azure-sdk-for-python/azure-mgmt-dns_ubi_8.5.sh,https://github.com/Azure/azure-sdk-for-python.git
azure-sdk-for-python,azure-sdk-for-python,azure-mgmt-hdinsight_0.1.0,Python,,a/azure-sdk-for-python/azure-mgmt-hdinsight_ubi_8.5.sh,https://github.com/Azure/azure-sdk-for-python.git
azure-sdk-for-python,azure-sdk-for-python,azure-mgmt-iothub_0.7.0,Python,,a/azure-sdk-for-python/azure-mgmt-iothub_ubi_8.5.sh,https://github.com/Azure/azure-sdk-for-python.git
azure-sdk-for-python,azure-sdk-for-python,azure-mgmt-keyvault_1.1.0,Python,,a/azure-sdk-for-python/azure-mgmt-keyvault_ubi_8.5.sh,https://github.com/Azure/azure-sdk-for-python.git
azure-sdk-for-python,azure-sdk-for-python,azure-mgmt-loganalytics_0.2.0,Python,,a/azure-sdk-for-python/azure-mgmt-loganalytics_ubi_8.5.sh,https://github.com/Azure/azure-sdk-for-python.git
azure-sdk-for-python,azure-sdk-for-python,azure-mgmt-marketplaceordering_0.1.0,Python,,a/azure-sdk-for-python/azure-mgmt-marketplaceordering_ubi_8.5.sh,https://github.com/Azure/azure-sdk-for-python.git
azure-sdk-for-python,azure-sdk-for-python,azure-mgmt-monitor_0.5.2,Python,,a/azure-sdk-for-python/azure-mgmt-monitor_ubi_8.5.sh,https://github.com/Azure/azure-sdk-for-python.git
azure-sdk-for-python,azure-sdk-for-python,azure-mgmt-network_2.3.0,Python,,a/azure-sdk-for-python/azure-mgmt-network_ubi_8.5.sh,https://github.com/Azure/azure-sdk-for-python.git
azure-sdk-for-python,azure-sdk-for-python,azure-mgmt-nspkg_3.0.2,Python,,a/azure-sdk-for-python/azure-mgmt-nspkg_ubi_8.5.sh,https://github.com/Azure/azure-sdk-for-python.git
azure-sdk-for-python,azure-sdk-for-python,azure-mgmt-rdbms_1.4.1,Python,,a/azure-sdk-for-python/azure-mgmt-rdbms_ubi_8.5.sh,https://github.com/Azure/azure-sdk-for-python.git
azure-sdk-for-python,azure-sdk-for-python,azure-mgmt-redis_5.0.0,Python,,a/azure-sdk-for-python/azure-mgmt-redis.sh,https://github.com/Azure/azure-sdk-for-python.git
azure-sdk-for-python,azure-sdk-for-python,azure-mgmt-resource_2.1.0,Python,,a/azure-sdk-for-python/azure-mgmt-resource_ubi_8.5.sh,https://github.com/Azure/azure-sdk-for-python.git
azure-sdk-for-python,azure-mgmt-servicebus,azure-mgmt-servicebus_0.5.3,Python,,a/azure-sdk-for-python/azure-mgmt-servicebus_ubi_8.sh,https://github.com/Azure/azure-sdk-for-python
azure-sdk-for-python,azure-mgmt-sql,azure-mgmt-sql_0.10.0,Python,,a/azure-sdk-for-python/azure-mgmt-sql_0.10.0.sh,https://github.com/Azure/azure-sdk-for-python
azure-sdk-for-python,azure-mgmt-sql,azure-mgmt-sql_0.10.0,Python,,a/azure-sdk-for-python/azure-mgmt-sql_0.10.0_ubi_8.sh,https://github.com/Azure/azure-sdk-for-python
azure-sdk-for-python,azure-sdk-for-python,azure-mgmt-storage_3.1.0,Python,,a/azure-sdk-for-python/azure-mgmt-storage_ubi_8.5.sh,https://github.com/Azure/azure-sdk-for-python.git
azure-sdk-for-python,azure-sdk-for-python,azure-mgmt-trafficmanager_0.50.0,Python,,a/azure-sdk-for-python/azure-mgmt-trafficmanager_ubi_8.5.sh,https://github.com/Azure/azure-sdk-for-python.git
azure-sdk-for-python,azure-sdk-for-python,azure-mgmt-web_0.41.0,Python,,a/azure-sdk-for-python/azure-mgmt-web_ubi_8.5.sh,https://github.com/Azure/azure-sdk-for-python.git
azure-sdk-for-python,azure-sdk-for-python,azure-nspkg_3.0.2,Python,,a/azure-sdk-for-python/azure-nspkg_ubi_8.5.sh,https://github.com/Azure/azure-sdk-for-python.git
azure__go-autorest,azure/go-autorest,v10.8.1+incompatible,Go,,a/azure__go-autorest/azure__go-autorest.sh,https://github.com/azure/go-autorest
BigInteger.js,BigInteger.js,4e99b15b7951338f164728377c906caae5a78202                  #commit hash for version 1.6.45,Node,,b/BigInteger.js/biginteger.js.sh,https://github.com/peterolson/BigInteger.js.git
BigInteger.js,BigInteger.js,4e99b15b7951338f164728377c906caae5a78202                  #commit hash for version 1.6.45,Node,,b/BigInteger.js/biginteger.js_ubuntu_18.04.sh,https://github.com/peterolson/BigInteger.js.git
BigInteger.js,BigInteger.js,1.6.40,Node,,b/BigInteger.js/biginteger.sh,https://github.com/peterolson/BigInteger.js.git
b64,b64,v4.2.1,Node,,b/b64/b64.sh,https://github.com/hapijs/b64.git
babel,babel,v7.19.2,Node,,b/babel/babel.sh,https://github.com/babel/babel.git
babel,babel,6.26.3,Node,,b/babel/babel_rhel_7.4.sh,https://github.com/babel/babel.git
babel,babel,v7.0.0-beta.55,Node,,b/babel/babel_ubuntu_18.04.sh,https://github.com/babel/babel.git
babel-core,babel-core,${1:-,Node,Node:14.13,b/babel-core/babel-core.sh,https://github.com/babel/babel
babel-plugin-dev-expression,babel-plugin-dev-expression,0.2.2,Node,,b/babel-plugin-dev-expression/babel-plugin-dev-expression.sh,https://github.com/4Catalyzer/babel-plugin-dev-expression
babel-plugin-istanbul,babel-plugin-istanbul,5.2.0,Node,,b/babel-plugin-istanbul/babel-plugin-istanbul.sh,https://github.com/istanbuljs/babel-plugin-istanbul
babel-plugin-syntax-export-namespace-from,babel-plugin-syntax-export-namespace-from,v7.8.3,Node,,b/babel-plugin-syntax-export-namespace-from/babel-plugin-syntax-export-namespace-from.sh,https://github.com/babel/babel
babel-plugin-transform-react-remove-prop-types,babel-plugin-transform-react-remove-prop-types,0.4.24,Node,,b/babel-plugin-transform-react-remove-prop-types/babel-plugin-transform-react-remove-prop-types.sh,https://github.com/oliviertassinari/babel-plugin-transform-react-remove-prop-types
babel-plugin-transform-runtime,babel-plugin-transform-runtime,v7.4.0,Node,,b/babel-plugin-transform-runtime/babel-plugin-transform-runtime.sh,https://github.com/babel/babel.git
babel-preset-current-node-syntax,babel-preset-current-node-syntax,0.1.4,Node,,b/babel-preset-current-node-syntax/babel-preset-current-node-syntax.sh,https://github.com/nicolo-ribaudo/babel-preset-current-node-syntax
babel-preset-env,babel-preset-env,1.2.1,Node,,b/babel-preset-env/babel-preset-env.sh,https://github.com/babel/babel-preset-env.git
babel-preset-es2015,babel-preset-es2015,master,Node,,b/babel-preset-es2015/babel-preset-es2015.sh,https://github.com/babel/babel
babel-preset-es2015,babel-preset-es2015,master,Node,,b/babel-preset-es2015/babel-preset-es2015_ubuntu_16.04.sh,https://github.com/babel/babel
babel-preset-react,babel-preset-react,master,Node,,b/babel-preset-react/babel-preset-react.sh,https://github.com/babel/babel
babel-preset-react,babel-preset-react,master,Node,,b/babel-preset-react/babel-preset-react_ubuntu_16.04.sh,https://github.com/babel/babel
babel-runtime-corejs3,babel-runtime-corejs3,v7.14.0,Node,,b/babel-runtime-corejs3/babel-runtime-corejs3.sh,https://github.com/babel/babel
babelify,babelify,8.0.0,Node,,b/babelify/babelify.sh,https://github.com/babel/babelify.git
babelify,babelify,8.0.0,Node,,b/babelify/babelify_ubuntu_16.04.sh,https://github.com/babel/babelify.git
backbone,backbone,1.3.3,Node,,b/backbone/backbone.sh,https://github.com/jashkenas/backbone
backo-go,backo-go,204274ad699c0983a70203a566887f17a717fef4,Go,,b/backo-go/backo-go.sh,https://github.com/segmentio/backo-go
backports.functools-lru-cache,backports.functools_lru_cache,v2.0.0,Python,,b/backports.functools-lru-cache/backports.functools-lru-cache.sh,https://github.com/jaraco/backports.functools_lru_cache
backports.functools-lru-cache,backports.functools-lru-cache,1.6.4,Python,,b/backports.functools-lru-cache/backports.functools-lru-cache_rhel_8.3.sh,https://github.com/jaraco/backports.functools_lru_cache
backrest,backrest,v1.0,Java,,b/backrest/backrest.sh,https://github.com/MITLibraries/backrest
badger,github.com/dgraph-io/badger,${1:-,Go,,b/badger/badger.sh,https://github.com/dgraph-io/badger
bail,bail,1.0.5,Node,,b/bail/bail.sh,https://github.com/wooorm/bail
balanced-match,balanced-match,${1:-,Node,Node:16,b/balanced-match/balanced-match.sh,https://github.com/juliangruber/balanced-match
balanced-match,balanced-match,1.0.2,Node,,b/balanced-match/balanced-match_rhel_8.3.sh,https://github.com/juliangruber/balanced-match
balanced-match,balanced-match,1.0.0,Node,,b/balanced-match/balanced-match_ubuntu_18.04.sh,https://github.com/juliangruber/balanced-match.git
bandersnatch,bandersnatch,6.5.0,Python,,b/bandersnatch/bandersnatch.sh,https://github.com/pypa/bandersnatch
bandersnatch,bandersnatch,2.0.0,Python,,b/bandersnatch/bandersnatch_rhel_7.3.sh,https://bitbucket.org/pypa/bandersnatch
bandersnatch,bandersnatch,2.0.0,Python,,b/bandersnatch/bandersnatch_ubuntu_16.04.sh,https://bitbucket.org/pypa/bandersnatch
bandersnatch,conda.recipe,v1.0.0,Python,,b/bandersnatch/build.sh,https://github.com/org/repo
base,base,0.11.2,Node,,b/base/base.sh,https://github.com/node-base/base
base62,base62,1.2.8,Node,,b/base62/base62.sh,https://github.com/base62/base62.js
base64-img,base64-img,28af7ac,Node,,b/base64-img/base64-img.sh,https://github.com/douzi8/base64-img.git
base64-js,base64-js,1.0.0,Node,,b/base64-js/base64-js.sh,https://github.com/beatgammit/base64-js
base64url,base64url,v3.0.1,Node,,b/base64url/base64url.sh,https://github.com/brianloveswords/base64url
basic-auth,basic-auth,1.1.0,Node,,b/basic-auth/basic-auth.sh,https://github.com/jshttp/basic-auth
bazel,bazel,7.3.1,Java,,b/bazel/bazel.sh,https://github.com/bazelbuild/bazel.git
bazel,bazel,0.4.5,Java,,b/bazel/bazel_rhel_7.3.sh,https://github.com/bazelbuild/bazel.git
bazel,bazel,6.3.2,Java,,b/bazel/bazel_ubi_8_7.sh,https://github.com/bazelbuild/bazel
bazel,bazel,0.4.5,Java,,b/bazel/bazel_ubuntu_16.04.sh,https://github.com/bazelbuild/bazel/releases
bazel-gazelle,github.com/bazelbuild/bazel-gazelle,v0.0.0-20181012220611-c728ce9f663e,Go,,b/bazel-gazelle/bazel-gazelle.sh,https://github.com/bazelbuild/bazel-gazelle
bc-java,bc-java,r1rv77,Java,,b/bc-java/bc-java.sh,https://github.com/bcgit/bc-java.git
bc-java,bc-java,r1rv78,Java,,b/bc-java/bc-java_r1rv78.sh,https://github.com/bcgit/bc-java.git
bc-java,bc-java,r1rv73,Java,,b/bc-java/bc-java_ubi_8.7.sh,https://github.com/bcgit/bc-java.git
bc-java,bc-java,r1rv77,Java,,b/bc-java/bc-java_ubi_9.3.sh,https://github.com/bcgit/bc-java.git
bc-java,PACKAGE_NAME,v1.0.0,Java,,b/bc-java/bcpkix-jdk15on.sh,https://github.com/org/repo
bc-java,bc-java,"r1rv61,r1rv65,r1rv70",Java,,b/bc-java/bcpkix-jdk15on_ubi_8.3.sh,https://github.com/bcgit/bc-java
bc-java,PACKAGE_NAME,v1.0.0,Java,,b/bc-java/bcprov-ext-jdk15on.sh,https://github.com/org/repo
bc-java,bc-java,r1rv69,Java,,b/bc-java/bcprov-ext-jdk15on_ubi_8.3.sh,https://github.com/bcgit/bc-java
bc-java,bc-java,r1rv61,Java,,b/bc-java/bcprov-jdk15on.sh,https://github.com/bcgit/bc-java
bc-java,bc-java,r1rv61,Java,,b/bc-java/bcprov-jdk15on_ubi_8.3.sh,https://github.com/bcgit/bc-java
bcprov-ext-jdk15on,bcprov-ext-jdk15on,r1rv69,Java,,b/bcprov-ext-jdk15on/bcprov-ext-jdk15on.sh,https://github.com/bcgit/bc-java
bcprov-jdk15on,prov,r1rv73,Java,,b/bcprov-jdk15on/bcprov-jdk15on.sh,https://github.com/bcgit/bc-java.git
bcrypt,bcrypt,4.2.1,Python,,b/bcrypt/bcrypt.sh,https://github.com/pyca/bcrypt
bean,bean,1.0.14,Node,,b/bean/bean.sh,https://github.com/fat/bean
beanvalidation-api,beanvalidation-api,2.0.2,Java,,b/beanvalidation-api/beanvalidation-api.sh,https://github.com/beanvalidation/beanvalidation-api.git
behat__behat,behat/behat,3.2,PHP,,b/behat__behat/behat__behat.sh,https://github.com/Behat/Behat
behat__gherkin,behat/gherkin,4.8.0,PHP,,b/behat__gherkin/behat__gherkin.sh,https://github.com/Behat/Gherkin
behat__transliterator,behat/transliterator,1.3.0,PHP,,b/behat__transliterator/behat__transliterator.sh,https://github.com/Behat/Transliterator
behat_minkbrowserkitdriver,MinkBrowserKitDriver,v1.3.4,PHP,,b/behat_minkbrowserkitdriver/behat_mink-browserkit-driver.sh,https://github.com/minkphp/MinkBrowserKitDriver
behat_minkextension,MinkExtension,v2.3.1,PHP,,b/behat_minkextension/behat_minkextension.sh,https://github.com/Behat/MinkExtension
better-ajv-errors,better-ajv-errors,v0.5.7,Node,,b/better-ajv-errors/better-ajv-errors.sh,https://github.com/atlassian/better-ajv-errors.git
better_exposed_filters,better_exposed_filters,8.x-5.0,PHP,,b/better_exposed_filters/better_exposed_filters_8.5.sh,https://git.drupalcode.org/project/better_exposed_filters.git
big.js,big.js,5.2.2,Node,,b/big.js/big.js.sh,https://github.com/MikeMcl/big.js
bignumber.js,bignumber.js,9.0.1,Node,,b/bignumber.js/bignumber.js.sh,https://github.com/MikeMcl/bignumber.js
bigquery,google-cloud-go/bigquery/,v1.0.1,Go,,b/bigquery/bigquery.sh,https://github.com/googleapis/google-cloud-go.git
bin-links,bin-links,1.1.8,Node,,b/bin-links/bin-links.sh,https://github.com/npm/bin-links
binary,binary,0.3.0,Node,,b/binary/binary.sh,https://github.com/substack/node-binary
binary-extensions,binary-extensions,1.13.1,Node,,b/binary-extensions/binary-extensions.sh,https://github.com/sindresorhus/binary-extensions
binaryextensions,binaryextensions,2.3.0,Node,,b/binaryextensions/binaryextensions.sh,https://github.com/bevry/binaryextensions
binaryextensions,binaryextensions,2.3.0,Node,,b/binaryextensions/binaryextensions_rhel_8.3.sh,https://github.com/bevry/binaryextensions
binaryextensions,binaryextensions,2.2.0,Node,,b/binaryextensions/binaryextensions_ubi_8.3.sh,https://github.com/bevry/binaryextensions
bit,bit,4.5.0,R,,b/bit/bit.sh,https://github.com/cran/bit.git
bit64,bit64,4.5.2,R,,b/bit64/bit64.sh,https://github.com/cran/bit64.git
bitops,bitops,1.0-7,R,,b/bitops/bitops.sh,https://github.com/cran/bitops
bketelsen__crypt,bketelsen/crypt,v0.0.3-0.20200106085610-5cbc8cc4026c,Go,,b/bketelsen__crypt/bketelsen__crypt.sh,https://github.com/bketelsen/crypt
bl,bl,3.0.1,Node,,b/bl/bl.sh,https://github.com/rvagg/bl
black,black,22.12.0,Python,,b/black/black.sh,https://github.com/psf/black.git
blinker,blinker,rel-1.4,Python,,b/blinker/blinker.sh,https://github.com/pallets-eco/blinker
blob,blob,1.2.4,R,,b/blob/blob.sh,https://github.com/cran/blob
block-stream,block-stream,0.0.9,Node,,b/block-stream/block-stream.sh,https://github.com/isaacs/block-stream
blockly,blockly,1.20180629.0,Node,,b/blockly/blockly.sh,https://github.com/google/blockly.git
blockspring,blockspring,0.1.13,Python,,b/blockspring/blockspring.sh,https://github.com/blockspring/blockspring.py
blockspring,conda.recipe,v1.0.0,Python,,b/blockspring/build.sh,https://github.com/org/repo
bloom,bloom,v2.0.3,Go,,b/bloom/bloom.sh,https://github.com/bits-and-blooms/bloom
bloom,bloom,${1:-,Go,"Go:""1.16""",b/bloom/bloom_ubi_8.3.sh,https://github.com/bits-and-blooms/bloom
bluebird,bluebird,3.5.1,Node,,b/bluebird/bluebird.sh,https://github.com/petkaantonov/bluebird
bluebird,bluebird,3.5.1,Node,,b/bluebird/bluebird_ubuntu_18.04.sh,https://github.com/petkaantonov/bluebird.git
bluebird-retry,bluebird-retry,0.10.1,Node,,b/bluebird-retry/bluebird-retry.sh,https://github.com/demmer/bluebird-retry
bn.js,bn.js,5.2.0,Node,,b/bn.js/bn.js.sh,https://github.com/indutny/bn.js
body-parser,body-parser,1.20.2,Node,Node:20,b/body-parser/body-parser.sh,https://github.com/expressjs/body-parser
body-parser,body-parser,1.20.2,Node,,b/body-parser/body-parser_ubi_8.7.sh,https://github.com/expressjs/body-parser
bolt,bolt,v1.3.1,Go,,b/bolt/bolt_rhel.sh,https://github.com/boltdb/bolt
bonita,files,v1.0.0,Java,,b/bonita/functions.sh,https://github.com/org/repo
bonjour,bonjour,3.5.0,Node,,b/bonjour/bonjour.sh,https://github.com/watson/bonjour
bonzo,bonzo,2.0.0,Node,,b/bonzo/bonzo.sh,https://github.com/ded/bonzo
boom,boom,v7.4.11,Node,,b/boom/boom.sh,https://github.com/hapijs/boom.git
bootstrap,bootstrap,v5.3.3,Node,Node:18,b/bootstrap/bootstrap.sh,https://github.com/twbs/bootstrap
bootstrap-datepicker,bootstrap-datepicker,v1.9.0,Node,,b/bootstrap-datepicker/Bootstrap-datetimepicker.sh,https://github.com/uxsolutions/bootstrap-datepicker
bootstrap-datepicker,bootstrap-datepicker,v1.9.0,Java,,b/bootstrap-datepicker/Bootstrap-datetimepicker_v1.9.0.sh,https://github.com/uxsolutions/bootstrap-datepicker
bootstrap-datepicker,bootstrap-datepicker,v1.9.0,Java,,b/bootstrap-datepicker/Bootstrap-datetimepicker_v1.9.0_ubuntu_18.04.sh,https://github.com/uxsolutions/bootstrap-datepicker
bootstrap-select,bootstrap-select,v1.12.4,Node,,b/bootstrap-select/bootstrap-select.sh,https://github.com/snapappointments/bootstrap-select.git
bops,bops,0.0.7,Node,,b/bops/bops.sh,https://github.com/chrisdickinson/bops
boringssl,PACKAGE_NAME,36a41bf0bf2dd3176f8780e09c03585351f29963,Go,,b/boringssl/boringssl.sh,https://github.com/org/repo
boringssl,boringssl,36a41bf0bf2dd3176f8780e09c03585351f29963,Go,,b/boringssl/boringssl_ubuntu_18.04.sh,https://boringssl.googlesource.com/boringssl/
bottleneck,PACKAGE_NAME,v1.0.0,Python,,b/bottleneck/bottleneck.sh,https://github.com/org/repo
bottleneck,bottleneck,v1.6.0,Python,,b/bottleneck/bottleneck_1.3.5.sh,https://github.com/pydata/bottleneck.git
bottleneck,bottleneck,v1.3.8,Python,,b/bottleneck/bottleneck_ubi_9_3.sh,https://github.com/pydata/bottleneck
bounce,bounce,v1.3.2,Node,,b/bounce/bounce.sh,https://github.com/hapijs/bounce.git
bourne,bourne,v1.3.2,Node,,b/bourne/bourne.sh,https://github.com/hapijs/bourne
brace-expansion,brace-expansion,1.1.8,Node,,b/brace-expansion/brace-expansion.sh,https://github.com/juliangruber/brace-expansion
brcast,brcast,3.0.1,Node,,b/brcast/brcast.sh,https://github.com/vesparny/brcast
breakable,breakable,1.0.0,Node,,b/breakable/breakable.sh,https://github.com/olov/breakable
bresenham,bresenham,0.0.3,Node,,b/bresenham/bresenham.sh,https://github.com/madbence/node-bresenham
brew,brew,1.0-10,R,,b/brew/brew.sh,https://github.com/cran/brew
brorand,brorand,1.1.0,Node,,b/brorand/brorand.sh,https://github.com/indutny/brorand
brotli,brotli,v1.0.9,Python,,b/brotli/brotli.sh,https://github.com/google/brotli.git
brotlipy,brotlipy,v0.7.0,Python,,b/brotlipy/brotlipy.sh,https://github.com/python-hyper/brotlicffi.git
browser-resolve,browser-resolve,1.11.3,Node,,b/browser-resolve/browser-resolve.sh,https://github.com/browserify/browser-resolve
browserify-cipher,browserify-cipher,1.0.1,Node,,b/browserify-cipher/browserify-cipher.sh,https://github.com/crypto-browserify/browserify-cipher
browserify-des,browserify-des,1.0.2,Node,,b/browserify-des/browserify-des.sh,https://github.com/crypto-browserify/browserify-des
browserify-rsa,browserify-rsa,4.1.0,Node,,b/browserify-rsa/browserify-rsa.sh,https://github.com/crypto-browserify/browserify-rsa
browserify-sign,browserify-sign,4.2.1,Node,,b/browserify-sign/browserify-sign.sh,https://github.com/crypto-browserify/browserify-sign
brunsli,brunsli,v0.1,Python,,b/brunsli/brunsli.sh,https://github.com/google/brunsli.git
bsdiff4,PACKAGE_NAME,v1.0.0,Python,,b/bsdiff4/bsdiff4.sh,https://github.com/org/repo
bsdiff4,bsdiff4,1.1.4,Python,,b/bsdiff4/bsdiff4_rhel_7.3.sh,https://github.com/ilanschnell/bsdiff4
bsdiff4,bsdiff4,1.1.4,Python,,b/bsdiff4/bsdiff4_ubuntu_16.04.sh,https://github.com/ilanschnell/bsdiff4
bser,bser,${1:-,Node,Node:v14,b/bser/bser.sh,https://github.com/facebook/watchman
btrees,Btrees,6.1,Python,,b/btrees/btrees.sh,https://github.com/zopefoundation/Btrees
btrees,BTrees,5.1,Python,,b/btrees/btrees_ubi_8.7.sh,https://github.com/zopefoundation/BTrees.git
btrees,btrees,4.3.1,Python,,b/btrees/btrees_ubuntu_16.04.sh,https://github.com/zopefoundation/Btrees
bucket4j,bucket4j,6.2.0,Java,,b/bucket4j/bucket4j-core.sh,https://github.com/vladimir-bukhtoyarov/bucket4j
bucket4j-core,bucket4j-core,6.2.0,Java,,b/bucket4j-core/bucket4j-core.sh,https://github.com/vladimir-bukhtoyarov/bucket4j
buffalo,buffalo,v1.0.1,Go,,b/buffalo/buffalo_v1.0.1.sh,https://github.com/gobuffalo/buffalo.git
buffer,buffer,${1:-,Node,Node:v14,b/buffer/buffer.sh,https://github.com/feross/buffer
buffer,buffer,5.1.0,Node,,b/buffer/buffer_ubuntu_18.04.sh,https://github.com/feross/buffer.git
buffer-alloc,buffer-alloc,1.2.0,Node,,b/buffer-alloc/buffer-alloc.sh,https://github.com/LinusU/buffer-alloc
buffer-alloc-unsafe,buffer-alloc-unsafe,1.1.0,Node,,b/buffer-alloc-unsafe/buffer-alloc-unsafe.sh,https://github.com/LinusU/buffer-alloc-unsafe
buffer-crc32,buffer-crc32,0.2.13,Node,,b/buffer-crc32/buffer-crc32.sh,https://github.com/brianloveswords/buffer-crc32
buffer-equal-constant-time,buffer-equal-constant-time,1.0.1,Node,,b/buffer-equal-constant-time/buffer-equal-constant-time.sh,https://github.com/goinstant/buffer-equal-constant-time
buffer-from,buffer-from,1.0.0,Node,,b/buffer-from/buffer-from.sh,https://github.com/LinusU/buffer-from
buffer-indexof,buffer-indexof,1.1.1,Node,,b/buffer-indexof/buffer-indexof.sh,https://github.com/soldair/node-buffer-indexof
buffer-indexof-polyfill,buffer-indexof-polyfill,1.0.2,Node,,b/buffer-indexof-polyfill/buffer-indexof-polyfill.sh,https://github.com/sarosia/buffer-indexof-polyfill
buffer-writer,buffer-writer,2.0.0,Node,,b/buffer-writer/buffer-writer.sh,https://github.com/brianc/node-buffer-writer
buffer-xor,buffer-xor,1.0.3,Node,,b/buffer-xor/buffer-xor.sh,https://github.com/crypto-browserify/buffer-xor
builder-annotations,builder-annotations,0.40.1,Java,,b/builder-annotations/builder_annotations.sh,https://github.com/sundrio/sundrio.git
buildmail,buildmail,4.0.1,Node,,b/buildmail/buildmail.sh,https://github.com/andris9/buildmail
builtin-status-codes,builtin-status-codes,3.0.0,Node,,b/builtin-status-codes/builtin-status-codes.sh,https://github.com/bendrucker/builtin-status-codes
builtins,builtins,1.0.3,Node,,b/builtins/builtins.sh,https://github.com/juliangruber/builtins
bump,bump,${1-,Ruby,,b/bump/bump.sh,https://github.com/gregorym/bump
bunyan,bunyan,1.8.15,Node,,b/bunyan/bunyan.sh,https://github.com/trentm/node-bunyan
bunyan-prettystream,bunyan-prettystream,0.1.3,Node,,b/bunyan-prettystream/bunyan-prettystream.sh,https://github.com/mrrama/node-bunyan-prettystream
busboy,busboy,0.2.14,Node,,b/busboy/busboy.sh,https://github.com/mscdex/busboy
busboy-node,busboy,v3.0.0,Node,Node:16,b/busboy-node/busboy-node.sh,https://github.com/fastify/busboy
byte-buddy,PACKAGE_NAME,v1.0.0,Java,,b/byte-buddy/byte-buddy-1.9.10.sh,https://github.com/org/repo
byte-buddy,byte-buddy,1.9.10,Java,,b/byte-buddy/byte-buddy-1.9.10_ubi_8.3.sh,https://github.com/raphw/byte-buddy.git
byte-buddy,byte-buddy,byte-buddy-1.15.1,Java,,b/byte-buddy/byte-buddy.sh,https://github.com/raphw/byte-buddy.git
byte-buddy,PACKAGE_NAME,byte-buddy-1.11.8,Java,,b/byte-buddy/byte_buddy.sh,https://github.com/org/repo
byte-buddy,byte-buddy,byte-buddy-1.11.8,Java,,b/byte-buddy/byte_buddy_ubi8_3.sh,https://github.com/raphw/byte-buddy.git
byte-buddy-child,byte-buddy,byte-buddy-1.14.9,Java,,b/byte-buddy-child/byte-buddy-child.sh,https://github.com/raphw/byte-buddy.git
byte-size,byte-size,5.0.1,Node,,b/byte-size/byte-size.sh,https://github.com/75lb/byte-size
bytefmt,code.cloudfoundry.org/bytefmt,v0.0.0-20180906201452-2aa6f33b730c,Go,,b/bytefmt/bytefmt.sh,https://github.com/cloudfoundry/bytefmt
bytes,bytes,3.0.0,Node,,b/bytes/bytes.sh,https://github.com/visionmedia/bytes.js
bytes,bytes,3.0.0,Node,,b/bytes/bytes_rhel_8.3.sh,https://github.com/visionmedia/bytes.js
Cchardet,cChardet,master,Python,,c/Cchardet/Cchardet.sh,https://github.com/PyYoshi/cChardet
Cchardet,PACKAGE_NAME,v1.0.0,Python,Python:3.6,c/Cchardet/cChardet.sh,https://github.com/org/repo
Cchardet,Cchardet,2.1.6,Python,Python:3.6,c/Cchardet/cChardet_rhel_7.6.sh,https://github.com/PyYoshi/cChardet
Cordova-spatialite-storage,Cordova-spatialite-storage,0.7.11,Node,,c/Cordova-spatialite-storage/Cordova-spatialite-storage_0.7.11.sh,https://github.com/DisyInformationssysteme/Cordova-spatialite-storage.git
Cordova-spatialite-storage,Cordova-spatialite-storage,0.7.11,Node,,c/Cordova-spatialite-storage/Cordova-spatialite-storage_0.7.11_ubuntu_18.04.sh,https://github.com/DisyInformationssysteme/Cordova-spatialite-storage.git
Cordova-spatialite-storage,PACKAGE_NAME,v1.0.0,Node,,c/Cordova-spatialite-storage/Cordova-spatialite-storage_92c4df0.sh,https://github.com/org/repo
Cordova-spatialite-storage,Cordova-spatialite-storage,92c4df0,Node,,c/Cordova-spatialite-storage/Cordova-spatialite-storage_92c4df0_UBI_8.0.sh,https://github.com/DisyInformationssysteme/Cordova-spatialite-storage.git
Cordova-spatialite-storage,Cordova-spatialite-storage,92c4df0,Node,,c/Cordova-spatialite-storage/Cordova-spatialite-storage_92c4df0_ubuntu_18.04.sh,https://github.com/DisyInformationssysteme/Cordova-spatialite-storage.git
c3js,c3js,0.4.21,Node,,c/c3js/c3js.sh,https://github.com/c3js/c3.git
cacache,cacache,v17.0.7,Node,,c/cacache/cacache.sh,https://github.com/npm/cacache
cacache,cacache,v12.0.3,Node,,c/cacache/cacache_ubi_8.5.sh,https://github.com/npm/cacache
cache-api,cache-api,"1.0.0, 1.1.0",Java,,c/cache-api/cache-api.sh,https://github.com/jsr107/jsr107spec
cache-content-type,cache-content-type,1.0.1,Node,,c/cache-content-type/cache-content-type.sh,https://github.com/node-modules/cache-content-type
cacheable-lookup,cacheable-lookup,5.0.4,Node,,c/cacheable-lookup/cacheable-lookup.sh,https://github.com/szmarczak/cacheable-lookup
cacheable-request,cacheable-request,v7.0.2,Node,,c/cacheable-request/cacheable-request.sh,https://github.com/lukechilds/cacheable-request
cachetools,cachetools,${1:-,Python,,c/cachetools/cachetools.sh,https://github.com/tkem/cachetools.git
caching-transform,caching-transform,4.0.0,Node,,c/caching-transform/caching-transform.sh,https://github.com/istanbuljs/caching-transform
cadvisor,github.com/google/cadvisor,v0.34.0,Go,,c/cadvisor/cadvisor_v0.34.0.sh,https://github.com/google/cadvisor
cadvisor,github.com/google/cadvisor,v0.34.0,Go,,c/cadvisor/cadvisor_v0.34.0_rhel_8.3.sh,https://github.com/google/cadvisor
cadvisor,cadvisor,v0.47.0,Go,,c/cadvisor/cadvisor_v0.47.0.sh,https://github.com/google/cadvisor
caffe,PACKAGE_NAME,v1.0.0,Python,,c/caffe/caffe.sh,https://github.com/org/repo
caffe,caffe,1.0.0-rc5,Python,,c/caffe/caffe_ubuntu_16.04.sh,https://github.com/BVLC/caffe.git
caffeine,caffeine,v3.1.8,Java,,c/caffeine/caffeine.sh,https://github.com/ben-manes/caffeine.git
calcite-avatica,calcite-avatica,$1,Java,,c/calcite-avatica/calcite-avatica.sh,https://github.com/apache/calcite-avatica
call,call,v5.1.2,Node,,c/call/call.sh,https://github.com/hapijs/call
call-bind,call-bind,v1.0.5,Node,Node:16,c/call-bind/call-bind.sh,https://github.com/ljharb/call-bind.git
call-bind,call-bind,v1.0.2,Node,,c/call-bind/call-bind_ubi8.4.sh,https://github.com/ljharb/call-bind.git
call-limit,call-limit,1.1.0,Node,,c/call-limit/call-limit.sh,https://github.com/iarna/call-limit
call-me-maybe,call-me-maybe,1.0.1,Node,,c/call-me-maybe/call-me-maybe.sh,https://github.com/limulus/call-me-maybe
caller,caller,v1.0.1,Node,,c/caller/caller.sh,https://github.com/totherik/caller.git
caller-path,caller-path,0.1.0,Node,,c/caller-path/caller-path.sh,https://github.com/sindresorhus/caller-path
callsites,callsites,0.2.0,Node,,c/callsites/callsites.sh,https://github.com/sindresorhus/callsites
camel,camel,camel-4.12.0,Java,,c/camel/camel.sh,https://github.com/apache/camel.git
camel-case,camel-case,4.1.2,Node,,c/camel-case/camel-case.sh,https://github.com/blakeembrey/change-case
camel-k,camel-k,v2.6.0,Go,,c/camel-k/camel-k.sh,https://github.com/apache/camel-k
camel-karaf,camel-karaf,camel-karaf-4.10.3,Java,,c/camel-karaf/camel-karaf.sh,https://github.com/apache/camel-karaf
camel-quarkus,camel-quarkus,main,Java,,c/camel-quarkus/camel_quarkus.sh,https://github.com/apache/camel-quarkus
camelcase,camelcase,6.2.0,Node,,c/camelcase/camelcase.sh,https://github.com/sindresorhus/camelcase
camelcase-keys,camelcase-keys,v8.0.2,Node,,c/camelcase-keys/camelcase-keys.sh,https://github.com/sindresorhus/camelcase-keys.git
camelize,camelize,1.0.0,Node,,c/camelize/camelize.sh,https://github.com/substack/camelize
caniuse,caniuse,60390c9,Node,,c/caniuse/caniuse-db.sh,https://github.com/Fyrd/caniuse.git
caniuse,caniuse,60390c9,Java,,c/caniuse/caniuse-db_v1.0.3.sh,https://github.com/Fyrd/caniuse.git
caniuse,caniuse,60390c9,Java,,c/caniuse/caniuse-db_v1.0.3_ubuntu_18.04.sh,https://github.com/Fyrd/caniuse.git
caniuse-api,caniuse-api,3.0.0,Node,,c/caniuse-api/caniuse-api.sh,https://github.com/nyalab/caniuse-api
caniuse-lite,caniuse-lite,1.0.30001636,Node,Node:20,c/caniuse-lite/caniuse-lite.sh,https://github.com/browserslist/caniuse-lite
caniuse-lite,caniuse-lite,v1.0.30001173,Java,,c/caniuse-lite/caniuse-lite_1.0.30001173.sh,https://github.com/browserslist/caniuse-lite.git
caniuse-lite,caniuse-lite,v1.0.30001173,Java,,c/caniuse-lite/caniuse-lite_1.0.30001173_ubi_8.3.sh,https://github.com/browserslist/caniuse-lite.git
caniuse-lite,caniuse-lite,1.0.30001481,Node,,c/caniuse-lite/caniuse-lite_ubi_8.5.sh,https://github.com/browserslist/caniuse-lite.git
capture-exit,capture-exit,2.0.0,Node,,c/capture-exit/capture-exit.sh,https://github.com/stefanpenner/capture-exit
capture-stack-trace,capture-stack-trace,1.0.1,Node,,c/capture-stack-trace/capture-stack-trace.sh,https://github.com/floatdrop/capture-stack-trace
car,car,3.1-2,R,,c/car/car.sh,https://github.com/cran/car
carbon,carbon,v11.36.0,Node,,c/carbon/carbon_11.36.0.sh,https://github.com/carbon-design-system/carbon
carbon-charts,carbon-charts,v0.41.15,Node,,c/carbon-charts/carbon-charts_0.16.25_0.29.1_0.40.0_0.40.14_0.41.10_0.41.15.sh,https://github.com/carbon-design-system/carbon-charts.git
carbon-charts,carbon-charts,0.41.15,Node,,c/carbon-charts/carbon-charts_0.16.25_0.29.1_0.40.0_0.40.14_0.41.10_0.41.15_ubi_8.3.sh,https://github.com/carbon-design-system/carbon-charts.git
carbon-charts,carbon-charts,v0.41.15,Node,,c/carbon-charts/carbon-charts_0.16.25_0.29.1_0.40.0_0.40.14_0.41.10_0.41.15_ubuntu_18.04.sh,https://github.com/carbon-design-system/carbon-charts.git
carbon-charts,carbon-charts,v0.41.31,Node,,c/carbon-charts/carbon-charts_0.41.31.sh,https://github.com/carbon-design-system/carbon-charts.git
carbon-charts,carbon-charts,0.41.31,Node,,c/carbon-charts/carbon-charts_0.41.31_ubi_8.3.sh,https://github.com/carbon-design-system/carbon-charts.git
carbon-charts,carbon-charts,v0.41.31,Node,,c/carbon-charts/carbon-charts_0.41.31_ubuntu_18.04.sh,https://github.com/carbon-design-system/carbon-charts.git
carbon-charts,carbon-charts,0.41.67,Node,,c/carbon-charts/carbon-charts_0.41.67.sh,https://github.com/carbon-design-system/carbon-charts.git
carbon-charts,carbon-charts,v0.41.67,Node,,c/carbon-charts/carbon-charts_0.41.67_ubuntu_18.04.sh,https://github.com/carbon-design-system/carbon-charts.git
carbon-components,PACKAGE_NAME,v1.0.0,Node,,c/carbon-components/carbon-components.sh,https://github.com/org/repo
carbon-components,carbon,v10.29.0,Node,,c/carbon-components/carbon-components_10.29.0_10.31.0.sh,https://github.com/carbon-design-system/carbon.git
carbon-components,carbon-components,10.29.0,Node,,c/carbon-components/carbon-components_10.29.0_10.31.0_ubi_8.3.sh,https://github.com/carbon-design-system/carbon.git
carbon-components,carbon,v10.29.0,Node,,c/carbon-components/carbon-components_10.29.0_10.31.0_ubuntu_18.04.sh,https://github.com/carbon-design-system/carbon.git
carbon-components,carbon,v10.44.2,Node,,c/carbon-components/carbon-components_10.44.2_10.45.0.sh,https://github.com/carbon-design-system/carbon.git
carbon-components,carbon-components,10.44.2,Node,,c/carbon-components/carbon-components_10.44.2_10.45.0_ubi_8.3.sh,https://github.com/carbon-design-system/carbon.git
carbon-components,carbon,v10.44.2,Node,,c/carbon-components/carbon-components_10.44.2_10.45.0_ubuntu_18.04.sh,https://github.com/carbon-design-system/carbon.git
carbon-components,carbon-components,10.46.0,Node,,c/carbon-components/carbon-components_10.46.0.sh,https://github.com/carbon-design-system/carbon.git
carbon-components,carbon,v10.46.0,Node,,c/carbon-components/carbon-components_10.46.0_ubuntu_18.sh,https://github.com/carbon-design-system/carbon.git
carbon-components,carbon,v10.9.1,Node,,c/carbon-components/carbon-components_10.9.1_10.7.3_10.5.0.sh,https://github.com/carbon-design-system/carbon.git
carbon-components,carbon-components,10.9.1,Node,,c/carbon-components/carbon-components_10.9.1_10.7.3_10.5.0_ubi8.3.sh,https://github.com/carbon-design-system/carbon.git
carbon-components,carbon,v10.9.1,Node,,c/carbon-components/carbon-components_10.9.1_10.7.3_10.5.0_ubuntu_18.04.sh,https://github.com/carbon-design-system/carbon.git
carbon-components,carbon-components,8.16.8,Node,,c/carbon-components/carbon-components_ubuntu_18.04.sh,https://github.com/IBM/carbon-components
carbon-components-react,carbon-components-react,6.20.0,Node,,c/carbon-components-react/carbon-components-react.sh,https://github.com/IBM/carbon-components-react
carbon-icons,carbon-icons,7.0.7,Node,,c/carbon-icons/carbon-icons.sh,https://github.com/carbon-design-system/carbon-icons.git
cardinal,cardinal,2.1.1,Node,,c/cardinal/cardinal.sh,https://github.com/thlorenz/cardinal
casbin__casbin__v2,casbin/casbin/v2,v2.1.2,Go,,c/casbin__casbin__v2/casbin__casbin__v2.sh,https://github.com/casbin/casbin
caseless,caseless,0.12.0,Node,,c/caseless/caseless.sh,https://github.com/mikeal/caseless
caseless,caseless,0.12.1,Node,,c/caseless/caseless_ubuntu_18.04.sh,https://github.com/mikeal/caseless.git
cass-operator,cass-operator,v1.19.0,Go,,c/cass-operator/cass-operator-v1.19.0-ubuntu22.04.sh,https://github.com/k8ssandra/${PACKAGE_NAME}.git
cassandra-driver,cassandra-driver,3.29.0,Python,,c/cassandra-driver/cassandra-driver.sh,http://github.com/datastax/python-driver
cassandra-driver-extras,cassandra-driver-extras,4.12.0,Java,,c/cassandra-driver-extras/cassandra_driver_extras.sh,https://github.com/datastax/java-driver.git
cassandra-java-driver,cassandra-java-driver,4.18.1,Java,,c/cassandra-java-driver/cassandra-java-driver.sh,https://github.com/apache/cassandra-java-driver.git
castor,castor,1.4.0,Java,,c/castor/castor.sh,https://github.com/castor-data-binding/castor
catboost,catboost,v1.2.5,Python,,c/catboost/catboost-1.2.5.sh,https://github.com/catboost/catboost.git
catbox,catbox,v10.2.3,Node,,c/catbox/catbox.sh,https://github.com/hapijs/catbox
catbox-memory,catbox-memory,v4.1.1,Node,,c/catbox-memory/catbox-memory.sh,https://github.com/hapijs/catbox-memory
caxy__php-htmldiff,caxy/php-htmldiff,0.1.11,PHP,,c/caxy__php-htmldiff/caxy__php-htmldiff.sh,https://github.com/caxy/php-htmldiff
cdi,cdi,2.0.2,Java,,c/cdi/cdi-v2.sh,https://github.com/jakartaee/cdi.git
cdi,cdi,2.0.2,Java,,c/cdi/cdi-v2_ubi_9.3.sh,https://github.com/jakartaee/cdi.git
cdi,cdi,4.1.0,Java,,c/cdi/cdi.sh,https://github.com/jakartaee/cdi.git
cenkalti__backoff,cenkalti/backoff,v2.2.1+incompatible,Go,,c/cenkalti__backoff/cenkalti__backoff.sh,https://github.com/cenkalti/backoff
center-align,center-align,0.1.3,Node,,c/center-align/center-align.sh,https://github.com/jonschlinkert/center-align
certifi,python-certifi,2024.08.30,Python,,c/certifi/certifi.sh,https://github.com/certifi/python-certifi.git
certificate-transparency-go,certificate-transparency-go,v1.1.8,Go,Go:1.21.7,c/certificate-transparency-go/certificate-transparency-go.sh,https://github.com/google/certificate-transparency-go
certificate-transparency-go,certificate-transparency-go,v1.1.7,Go,Go:1.20.1,c/certificate-transparency-go/certificate-transparency-go_ubi_8.7.sh,https://github.com/google/certificate-transparency-go
certificate-transparency-go,github.com/google/certificate-transparency-go,v1.0.21,Go,,c/certificate-transparency-go/github.com__google__certificate-transparency-go.sh,https://github.com/google/certificate-transparency-go
certificate-transparency-go,github.com/google/certificate-transparency-go,v1.0.21,Go,,c/certificate-transparency-go/github.com__google__certificate-transparency-go_rhel_8.3.sh,https://github.com/google/certificate-transparency-go
certipy,certipy,main,Python,,c/certipy/certipy.sh,https://github.com/LLNL/certipy.git
cffi,cffi,v1.15.1,Python,,c/cffi/cffi.sh,https://github.com/python-cffi/cffi.git
cglib_nodep,cglib_nodep,RELEASE_3_3_0,Java,,c/cglib_nodep/cglib_nodep.sh,https://github.com/cglib/cglib.git
chai,chai,4.2.0,Node,,c/chai/chai.sh,https://github.com/chaijs/chai.git
chai-as-promised,chai-as-promised,7.1.1,Node,,c/chai-as-promised/chai-as-promised.sh,https://github.com/domenic/chai-as-promised
chai-things,chai-things,0.2.0,Node,,c/chai-things/chai-things.sh,https://github.com/RubenVerborgh/Chai-Things
chain-able,chain-able,3.0.0,Node,,c/chain-able/chain-able.sh,https://github.com/fluents/chain-able
chalice,chalice,1.32.0,Python,Node:16,c/chalice/chalice.sh,https://github.com/aws/chalice
chalice,chalice,"1.24.2,1.22.4 ,1.21.8",Python,,c/chalice/chalice_ubi_8.3.sh,https://github.com/aws/chalice
chalk,chalk,v5.3.0,Node,Node:16,c/chalk/chalk.sh,https://github.com/chalk/chalk
chalk,chalk,4.1.1,Node,,c/chalk/chalk_rhel_8.3.sh,https://github.com/chalk/chalk
chalk,chalk,v5.2.0,Node,,c/chalk/chalk_ubi_8.7.sh,https://github.com/chalk/chalk.git
chance,chance,1.1.7,Node,,c/chance/chance.sh,https://github.com/chancejs/chancejs
change-case,change-case,4.1.2,Node,,c/change-case/change-case.sh,https://github.com/blakeembrey/change-case
change-emitter,change-emitter,0.1.6,Node,,c/change-emitter/change-emitter.sh,https://github.com/acdlite/change-emitter
character-entities,character-entities,2.0.2,Node,Node:16,c/character-entities/character-entities.sh,https://github.com/wooorm/character-entities
character-entities-legacy,character-entities-legacy,1.1.4,Node,,c/character-entities-legacy/character-entities-legacy.sh,https://github.com/wooorm/character-entities-legacy
chartjs,Chart.js,v2.9.3,Node,,c/chartjs/chartjs.sh,https://github.com/chartjs/Chart.js.git
chartjs,chartjs,2.7.1,Node,,c/chartjs/chartjs_rhel_7.4.sh,https://github.com/chartjs/Chart.js.git
checker-compat-qual,PACKAGE_NAME,v1.0.0,Java,,c/checker-compat-qual/checker-compat-qual.sh,https://github.com/org/repo
checker-compat-qual,checker-compat-qual,2.5.4,Java,,c/checker-compat-qual/checker-compat-qual_ubuntu_18.04.sh,https://github.com/typetools/checker-framework.git
checker-compat-qual,checker-compat-qual,checker-framework-2.11.1,Java,,c/checker-compat-qual/checker-qual.sh,https://github.com/typetools/checker-framework.git
checkmate,checkmate,2.3.1,R,,c/checkmate/checkmate.sh,https://github.com/cran/checkmate
chef,chef,v17.6.18,Ruby,,c/chef/chef.sh,https://github.com/chef/chef
chest,chest,0.2.3,Python,,c/chest/chest.sh,https://github.com/blaze/chest
chest,chest,0.2.3,Python,,c/chest/chest_ubuntu_16.04.sh,https://github.com/blaze/chest
chi-teck__drupal-code-generator,chi-teck/drupal-code-generator,1.32.1,PHP,,c/chi-teck__drupal-code-generator/chi-teck__drupal-code-generator.sh,https://github.com/Chi-teck/drupal-code-generator
chokidar,chokidar,1.7.0,Node,,c/chokidar/chokidar.sh,https://github.com/paulmillr/chokidar
chownr,chownr,v3.0.0,Node,Node:20,c/chownr/chownr.sh,https://github.com/isaacs/chownr
chroma-hnswlib,chroma-hnswlib,0.7.3,Python,,c/chroma-hnswlib/chroma-hnswlib.sh,https://github.com/chroma-core/hnswlib
chromadb,chromadb,1.0.20,Python,,c/chromadb/chromadb_1.0.20.sh,https://github.com/chroma-core/chroma.git
chrome-trace-event,chrome-trace-event,v1.0.3,Node,Node:8,c/chrome-trace-event/chrome-trace-event.sh,https://github.com/samccone/chrome-trace-event
chromium,PACKAGE_NAME,v1.0.0,Python,,c/chromium/Chromium_latest_AT_12.0_sdk.sh,https://github.com/org/repo
chromium,chromium,latest,Python,,c/chromium/Chromium_latest_AT_12.0_sdk_RHEL_7.6.sh,https://github.com/shawnanastasio/chromium_power
chromium,PACKAGE_NAME,v1.0.0,Python,,c/chromium/chromium_latest.sh,https://github.com/org/repo
chromium,chromium,latest,Python,,c/chromium/chromium_latest_RHEL_7.6.sh,https://github.com/shawnanastasio/chromium_power
chzyer__readline,readline,v0.0.0-20180603132655-2972be24d48e,Go,,c/chzyer__readline/chzyer-readline.sh,https://github.com/chzyer/readline
chzyer__readline,chzyer/readline,v0.0.0-20180603132655-2972be24d48e,Go,,c/chzyer__readline/chzyer__readline.sh,https://github.com/chzyer/readline
chzyer__readline,chzyer/readline,v0.0.0-20180603132655-2972be24d48e,Go,,c/chzyer__readline/chzyer__readline_rhel_8.3.sh,https://github.com/chzyer/readline
chzyer_test,test,v0.0.0-20180213035817-a1ea475d72b1,Go,,c/chzyer_test/chzyer-test.sh,https://github.com/chzyer/test
ci-info,ci-info,v4.0.0,Node,Node:16,c/ci-info/ci-info.sh,https://github.com/watson/ci-info
ci-info,ci-info,1.6.0,Node,,c/ci-info/ci-info_rhel_8.3.sh,https://github.com/watson/ci-info
ci.ant,ci.ant,liberty-ant-tasks-1.9.15,Java,,c/ci.ant/ci.ant.sh,https://github.com/OpenLiberty/ci.ant
ci_common,ci.common,ci.common-1.8.33,Java,,c/ci_common/ci_common.sh,https://github.com/OpenLiberty/ci.common
ci_common,ci_common,ci.common-1.5,Java,,c/ci_common/ci_common_ubi8_3.sh,https://github.com/OpenLiberty/ci.common.git
cidr-regex,cidr-regex,1.0.6,Node,,c/cidr-regex/cidr-regex.sh,https://github.com/silverwind/cidr-regex
cipher-base,cipher-base,1.0.4,Node,,c/cipher-base/cipher-base.sh,https://github.com/crypto-browserify/cipher-base
circular-json,circular-json,0.5.9,Node,,c/circular-json/circular-json.sh,https://github.com/WebReflection/circular-json
cjs-module-lexer,cjs-module-lexer,1.3.1,Node,Node:16,c/cjs-module-lexer/cjs-module-lexer.sh,https://github.com/nodejs/cjs-module-lexer
ckeditor_media_embed,ckeditor_media_embed,8.x-1.10,PHP,,c/ckeditor_media_embed/ckeditor_media_embed.sh,https://git.drupalcode.org/project/ckeditor_media_embed.git
class-loader,symfony/class-loader,v3.4.42,PHP,,c/class-loader/class-loader.sh,https://github.com/symfony/class-loader.git
class-utils,class-utils,0.3.6,Node,,c/class-utils/class-utils.sh,https://github.com/jonschlinkert/class-utils
classgraph,classgraph,classgraph-4.8.175,Java,,c/classgraph/classgraph.sh,https://github.com/classgraph/classgraph.git
classgraph,classgraph,classgraph-4.8.110,Java,,c/classgraph/classgraph_ubi8_3.sh,https://github.com/classgraph/classgraph.git
classgraph,classgraph,classgraph-4.8.157,Java,,c/classgraph/classgraph_ubi_8_7.sh,https://github.com/classgraph/classgraph
classgraph,classgraph,classgraph-4.8.110,Java,,c/classgraph/classgraph_v4.8.110.sh,https://github.com/classgraph/classgraph.git
classgraph,classgraph,classgraph-4.8.110,Java,,c/classgraph/classgraph_v4.8.110_ubuntu_18.04.sh,https://github.com/classgraph/classgraph.git
classmate,java-classmate,classmate-1.5.1,Java,,c/classmate/classmate.sh,https://github.com/FasterXML/java-classmate.git
classmate,classmate,"1.3.4, 1.5.1",Java,,c/classmate/classmate_8.4.sh,https://github.com/FasterXML/java-classmate
classmate,classmate,"1.3.4, 1.5.1",Java,,c/classmate/classmate_rhel_7.6.sh,https://github.com/FasterXML/java-classmate
classnames,classnames,v2.5.2,Node,Node:16,c/classnames/classnames.sh,https://github.com/JedWatson/classnames.git
classnames,classnames,v2.2.6,Node,,c/classnames/classnames_UBI_8.5.sh,https://github.com/JedWatson/classnames.git
classnames,classnames,v2.2.5,Node,,c/classnames/classnames_rhel_7.4.sh,https://github.com/JedWatson/classnames.git
classnames,classnames,2.2.6,Node,,c/classnames/classnames_ubuntu_18.04.sh,https://github.com/JedWatson/classnames
clawpack,clawpack,v5.12.0,Python,,c/clawpack/clawpack.sh,https://github.com/clawpack/clawpack
clawpack,clawpack,5.4.1,Python,,c/clawpack/clawpack_rhel_7.3.sh,https://github.com/clawpack/clawpack
clawpack,clawpack,5.4.1,Python,,c/clawpack/clawpack_ubuntu_16.04.sh,https://github.com/clawpack/clawpack
clean-css,clean-css,4.2.3,Node,,c/clean-css/clean-css.sh,https://github.com/jakubpawlowicz/clean-css
clean-stack,clean-stack,2.2.0,Node,,c/clean-stack/clean-stack.sh,https://github.com/sindresorhus/clean-stack
clearNLP,clearNLP,3.2.0,Java,,c/clearNLP/clearNLP.sh,https://github.com/clir/clearnlp
clearNLP,clearNLP,3.2.0,Java,,c/clearNLP/clearNLP_ubuntu_16.04.sh,https://github.com/clir/clearnlp
cli-columns,cli-columns,3.1.2,Node,,c/cli-columns/cli-columns.sh,https://github.com/shannonmoeller/cli-columns
cli-cursor,cli-cursor,v4.0.0,Node,Node:16,c/cli-cursor/cli-cursor.sh,https://github.com/sindresorhus/cli-cursor
cli-cursor,cli-cursor,3.1.0,Node,,c/cli-cursor/cli-cursor_rhel_8.3.sh,https://github.com/sindresorhus/cli-cursor
cli-table3,cli-table3,v0.5.1,Node,,c/cli-table3/cli-table3.sh,https://github.com/cli-table/cli-table3
cli-width,cli-width,3.0.0,Node,,c/cli-width/cli-width.sh,https://github.com/knownasilya/cli-width
click,click,8.3.1,Python,,c/click/click.sh,https://github.com/pallets/click.git
client-java,client_java,parent-0.9.0,Java,,c/client-java/client-java.sh,https://github.com/prometheus/client_java.git
client-java,client-java,0.5.0,Java,,c/client-java/client-java_ubuntu_18.04.sh,https://github.com/prometheus/client_java
clipboardjs,clipboardjs,2.0.1,PHP,,c/clipboardjs/clipboardjs.sh,https://git.drupalcode.org/project/clipboardjs.git
cliui,cliui,${1:-,Node,Node:16,c/cliui/cliui.sh,https://github.com/yargs/cliui
cliui,cliui,7.0.4,Node,,c/cliui/cliui_rhel_8.3.sh,https://github.com/yargs/cliui
cliui,cliui,v2.1.0,Node,,c/cliui/cliui_ubi_8.5.sh,https://github.com/yargs/cliui
clockwork,clockwork,v0.4.0,Go,Go:1.20.1,c/clockwork/clockwork.sh,https://github.com/jonboulle/clockwork
clockwork,github.com/jonboulle/clockwork,v0.1.0,Go,,c/clockwork/github.com__jonboulle__clockwork.sh,https://github.com/jonboulle/clockwork
clockwork,github.com/jonboulle/clockwork,v0.1.0,Go,,c/clockwork/github.com__jonboulle__clockwork_rhel_8.3.sh,https://github.com/jonboulle/clockwork
clockwork,jonboulle/clockwork,72f9bd7c4e0c2a40055ab3d0f09654f730cce982,Go,,c/clockwork/jonboulle__clockwork.sh,https://github.com/jonboulle/clockwork
clockwork,jonboulle/clockwork,72f9bd7c4e0c2a40055ab3d0f09654f730cce982,Go,,c/clockwork/jonboulle__clockwork_rhel_8.3.sh,https://github.com/jonboulle/clockwork
clone,clone,1.0.2,Node,,c/clone/clone.sh,https://github.com/pvorb/node-clone
clone-buffer,clone-buffer,1.0.0,Node,,c/clone-buffer/clone-buffer.sh,https://github.com/gulpjs/clone-buffer
clone-deep,clone-deep,0.2.4,Node,,c/clone-deep/clone-deep.sh,https://github.com/jonschlinkert/clone-deep
clone-stats,clone-stats,1.0.0,Node,,c/clone-stats/clone-stats.sh,https://github.com/hughsk/clone-stats
cloneable-readable,cloneable-readable,1.1.3,Node,,c/cloneable-readable/cloneable-readable.sh,https://github.com/mcollina/cloneable-readable
closure-library,closure-library,1559,Node,,c/closure-library/closure-library.sh,https://github.com/gregrperkins/closure-library
cloud,cloud,${1:-,Go,"Go:""1.9""",c/cloud/cloud.sh,https://code.googlesource.com/gocloud
cloud.google.com-go-datastore,cloud.google.com/go/datastore,v1.0.0,Go,,c/cloud.google.com-go-datastore/cloud.google.com-go-datastore.sh,https://github.com/googleapis/google-cloud-go.git
cloud.google.com-go-firestore,google-cloud-go/firestore,firestore/v1.1.0,Go,,c/cloud.google.com-go-firestore/cloud.google.com-go-firestore.sh,https://github.com/googleapis/google-cloud-go
cloudant-client,cloudant-client,2.19.0,Java,,c/cloudant-client/cloudant-client.sh,https://github.com/IBM/cloudant-java-sdk
cloudant-http,cloudant-http,2.19.0,Java,,c/cloudant-http/cloudant-http.sh,https://github.com/IBM/cloudant-java-sdk
cloudant-java-sdk,cloudant-java-sdk,v0.9.1,Java,,c/cloudant-java-sdk/cloudant-java-sdk.sh,https://github.com/IBM/cloudant-java-sdk
cloudant__cloudant,@cloudant/cloudant,2.4.1,Node,,c/cloudant__cloudant/cloudant__cloudant.sh,https://github.com/cloudant/nodejs-cloudant
cloudflare,cfssl,v1.6.2,Go,,c/cloudflare/cfssl.sh,https://github.com/cloudflare/cfssl/
cloudflare,cfssl,v1.6.1,Go,,c/cloudflare/cloudflare-cfssl.sh,https://github.com/cloudflare/cfssl
cloudflare,cfssl,v1.6.1,Go,,c/cloudflare/cloudflare-cfssl_ubi_8.4.sh,https://github.com/cloudflare/cfssl
cloudfoundry-attic__jibber_jabber,cloudfoundry-attic/jibber_jabber,bcc4c8345a21301bf47c032ff42dd1aae2fe3027,Go,,c/cloudfoundry-attic__jibber_jabber/cloudfoundry-attic__jibber_jabber.sh,https://github.com/cloudfoundry-attic/jibber_jabber
cloudfoundry__jibber_jabber,jibber_jabber,bcc4c8345a21301bf47c032ff42dd1aae2fe3027,Go,,c/cloudfoundry__jibber_jabber/cloudfoundry-attic_jibber_jabber.sh,https://github.com/cloudfoundry-attic/jibber_jabber
cloudfoundry__jibber_jabber,cloudfoundry/jibber_jabber,bcc4c8345a21301bf47c032ff42dd1aae2fe3027,Go,,c/cloudfoundry__jibber_jabber/cloudfoundry__jibber_jabber.sh,https://github.com/cloudfoundry/jibber_jabber
cloudfoundry__jibber_jabber,cloudfoundry/jibber_jabber,bcc4c8345a21301bf47c032ff42dd1aae2fe3027,Go,,c/cloudfoundry__jibber_jabber/cloudfoundry__jibber_jabber_rhel_8.3.sh,https://github.com/cloudfoundry/jibber_jabber
cloudnative-pg,cloudnative-pg,v1.23.2,Go,,c/cloudnative-pg/cloudnative-pg-v1.23.2-ubuntu22.04.sh,https://github.com/cloudnative-pg/${PACKAGE_NAME}.git
cloudnative-pg,cloudnative-pg,release-1.25,Go,,c/cloudnative-pg/cloudnative-pg_release-1.25.sh,https://github.com/cloudnative-pg/${PACKAGE_NAME}.git
cloudpickle,cloudpickle,v3.1.1,Python,,c/cloudpickle/cloudpickle.sh,https://github.com/cloudpipe/cloudpickle
cloudpickle,cloudpickle,v3.0.0,Python,,c/cloudpickle/cloudpickle_ubi_8.7.sh,https://github.com/cloudpipe/cloudpickle.git
cloudpickle,cloudpickle,0.5.2,Python,,c/cloudpickle/cloudpickle_ubuntu_16.04.sh,https://github.com/cloudpipe/cloudpickle.git
clsx,clsx,v2.1.1,Node,Node:16,c/clsx/clsx.sh,https://github.com/lukeed/clsx
cluster-key-slot,cluster-key-slot,v1.1.2,Node,Node:16,c/cluster-key-slot/cluster-key-slot.sh,https://github.com/invertase/cluster-key-slot
clyent,clyent,1.2.2,Python,,c/clyent/clyent.sh,https://github.com/Anaconda-Platform/clyent
clyent,clyent,1.2.2,Python,,c/clyent/clyent_ubuntu_16.04.sh,https://github.com/Anaconda-Platform/clyent
cmd-shim,cmd-shim,v6.0.2,Node,Node:16,c/cmd-shim/cmd-shim.sh,https://github.com/npm/cmd-shim
cmd-shim,cmd-shim,3.0.3,Node,,c/cmd-shim/cmd-shim_rhel_8.3.sh,https://github.com/npm/cmd-shim
cmd-shim,cmd-shim,2.0.2,Node,,c/cmd-shim/cmd-shim_ubuntu_18.04.sh,https://github.com/ForbesLindesay/cmd-shim.git
co,co,4.6.0,Node,,c/co/co.sh,https://github.com/tj/co
co-from-stream,co-from-stream,0.0.0,Node,,c/co-from-stream/co-from-stream.sh,https://github.com/juliangruber/co-from-stream
cockroachdb,v21.2.6-oss,v21.2.6,Go,,c/cockroachdb/cockroachdb.sh,https://github.com/cockroachdb/cockroach
cockroachdb,v19.1.5,v19.1.5,Node,,c/cockroachdb/cockroachdb_debian9.8slim.sh,https://github.com/cockroachdb/cockroach
cockroachdb,v19.1.5,v19.1.5,Node,,c/cockroachdb/cockroachdb_ubi7.6.sh,https://github.com/cockroachdb/cockroach
cockroachdb,v19.1.8,v19.1.8,Node,,c/cockroachdb/cockroachdb_ubi7.sh,https://github.com/cockroachdb/cockroach
cockroachdb,v19.2.10-oss,v19.2.10,Node,,c/cockroachdb/cockroachdb_ubi8.sh,https://github.com/cockroachdb/cockroach
code-block-writer,code-block-writer,10.1.1,Node,,c/code-block-writer/code-block-writer.sh,https://github.com/dsherret/code-block-writer
code-error-fragment,code-error-fragment,0.0.230,Node,,c/code-error-fragment/code-error-fragment.sh,https://github.com/vtrushin/code-error-fragment
code-prettify,code-prettify,2013-03-04,Node,,c/code-prettify/code-prettify.sh,https://github.com/google/code-prettify
codemirror,codemirror,${1:-,Node,,c/codemirror/codemirror.sh,https://github.com/codemirror/codemirror
codemirror,codemirror,5.33.1,Node,,c/codemirror/codemirror_rhel_7.4.sh,https://github.com/codemirror/CodeMirror
codemirror,codemirror,5.33.1,Node,,c/codemirror/codemirror_ubuntu_16.04.sh,https://github.com/codemirror/CodeMirror
codeready-workspaces,codeready-workspaces,2.0.0.GA,Java,,c/codeready-workspaces/codeready_wrkspace_build_ppc64le_rhel7.6.sh.sh,https://github.com/redhat-developer/codeready-workspaces
codewind,codewind,latest (0.9.0),Java,,c/codewind/codewind.sh,https://github.com/eclipse/codewind
collapse-white-space,collapse-white-space,1.0.6,Node,,c/collapse-white-space/collapse-white-space.sh,https://github.com/wooorm/collapse-white-space
collectd-exporter,collectd-exporter,0.3.1,Go,,c/collectd-exporter/collectd_exporter.sh,https://github.com/prometheus/collectd_exporter
collection-visit,collection-visit,1.0.0,Node,,c/collection-visit/collection-visit.sh,https://github.com/jonschlinkert/collection-visit
color,color,3.1.3,Node,,c/color/color.sh,https://github.com/Qix-/color
color-convert,color-convert,1.9.0,Node,,c/color-convert/color-convert.sh,https://github.com/Qix-/color-convert
color-name,color-name,1.1.4,Node,,c/color-name/color-name.sh,https://github.com/colorjs/color-name
color-string,color-string,1.5.5,Node,,c/color-string/color-string.sh,https://github.com/Qix-/color-string
colorette,colorette,2.0.20,Node,Node:20,c/colorette/colorette.sh,https://github.com/jorgebucaran/colorette.git
colorette,colorette,1.2.2,Node,,c/colorette/colorette_rhel_8.3.sh,https://github.com/jorgebucaran/colorette
colornames,colornames,1.1.1,Node,,c/colornames/colornames.sh,https://github.com/timoxley/colornames
colors.js,colors.js,v1.0.3,Node,,c/colors.js/colors.js.sh,https://github.com/Marak/colors.js
columnify,columnify,1.5.4,Node,,c/columnify/columnify.sh,https://github.com/timoxley/columnify.git
com.lmax.disruptor,com.lmax.disruptor,3.4.4,Java,,c/com.lmax.disruptor/com.lmax.disruptor.sh,https://github.com/LMAX-Exchange/disruptor
combined-stream,combined-stream,1.0.6,Node,,c/combined-stream/combined-stream.sh,https://github.com/felixge/node-combined-stream
commerceguys__addressing,commerceguys/addressing,1.2.0,PHP,,c/commerceguys__addressing/commerceguys__addressing.sh,https://github.com/commerceguys/addressing
commerceguys__intl,commerceguys/intl,1.0.8,PHP,,c/commerceguys__intl/commerceguys__intl.sh,https://github.com/commerceguys/intl
commist,commist,1.1.0,Node,,c/commist/commist.sh,https://github.com/mcollina/commist
common,common,v0.61.0,Go,Go:1.23.4,c/common/common.sh,https://github.com/prometheus/common
common-annotations-api,common-annotations-api,2.1.1,Java,,c/common-annotations-api/common-annotations-api.sh,https://github.com/jakartaee/common-annotations-api.git
common-tags,common-tags,1.8.0,Node,,c/common-tags/common-tags.sh,https://github.com/declandewet/common-tags
commondir,commondir,0.0.1,Node,,c/commondir/commondir.sh,http://github.com/substack/node-commondir
commoner,commoner,0.10.8,Node,,c/commoner/commoner.sh,https://github.com/benjamn/commoner
commons-beanutils,commons-beanutils,commons-beanutils-1.9.4,Java,,c/commons-beanutils/commons-beanutils.sh,https://github.com/apache/commons-beanutils.git
commons-beanutils,commons-beanutils,1.9.4,Java,,c/commons-beanutils/commons-beanutils_rhel_7.6.sh,https://github.com/apache/commons-beanutils
commons-chain,commons-chain,1.2,Java,,c/commons-chain/commons-chain.sh,https://github.com/apache/commons-chain.git
commons-cli,commons-cli,commons-cli-1.5.0,Java,,c/commons-cli/commons-cli.sh,https://github.com/apache/commons-cli.git
commons-codec,commons-codec,rel/commons-codec-1.17.0,Java,,c/commons-codec/commons_codec.sh,https://github.com/apache/commons-codec.git
commons-codec,commons-codec,"1.11, 1.14",Java,,c/commons-codec/commons_codec_rhel_7.6.sh,https://github.com/apache/commons-codec
commons-collections,commons-collections,commons-commons-collections-4.4,Java,,c/commons-collections/commons-collections.sh,https://github.com/apache/commons-collections.git
commons-collections,commons-collections,4.4,Java,,c/commons-collections/commons-collections_rhel_7.6.sh,https://github.com/apache/commons-collections
commons-collections,commons-collections,collections-4.1,Java,,c/commons-collections/commons-collections_ubi_8.3.sh,https://github.com/apache/commons-collections.git
commons-collections,commons-collections,collections-4.2,Java,,c/commons-collections/commons-collections_ubi_8.4.sh,https://github.com/apache/commons-collections.git
commons-compress,PACKAGE_NAME,1.19,Java,,c/commons-compress/commons-compress_1.19_1.18_1.9.sh,https://github.com/org/repo
commons-compress,commons-compress,1.19,Java,,c/commons-compress/commons-compress_1.19_1.18_1.9_ubi_8.3.sh,https://github.com/apache/commons-compress.git
commons-compress,commons-compress,rel/1.19,Java,,c/commons-compress/commons-compress_1.19_1.18_1.9_ubuntu_18.04.sh,https://github.com/apache/commons-compress.git
commons-compress,commons-compress,rel/commons-compress-1.26.0,Node,,c/commons-compress/commons-compress_v1.26.0.sh,https://github.com/apache/${PACKAGE_NAME}.git
commons-configuration,commons-configuration,rel/commons-configuration-2.10.1,Java,,c/commons-configuration/commons-configuration.sh,https://github.com/apache/commons-configuration.git
commons-configuration,commons-configuration,"1.10, 2.1.1, 2.7",Java,,c/commons-configuration/commons-configuration_rhel_7.6.sh,https://github.com/apache/commons-configuration
commons-configuration,commons-configuration,commons-configuration-2.7,Java,,c/commons-configuration/commons-configuration_ubi8.4.sh,https://github.com/apache/commons-configuration.git
commons-crypto,commons-crypto,1.1.0,Java,,c/commons-crypto/commons-crypto.sh,https://github.com/apache/commons-crypto
commons-csv,commons-csv,rel/commons-csv-1.11.0,Java,,c/commons-csv/commons-csv.sh,https://github.com/apache/commons-csv.git
commons-csv,commons-csv,1.5-RC1,Java,,c/commons-csv/commons-csv_rhel_7.4.sh,https://github.com/apache/commons-csv
commons-csv,commons-csv,"1.7, 1.8",Java,,c/commons-csv/commons-csv_rhel_7.6.sh,https://github.com/apache/commons-csv
commons-daemon,commons-daemon,rel/commons-daemon-1.2.3,Java,,c/commons-daemon/commons-daemon-1.2.3.sh,https://github.com/apache/${PACKAGE_NAME}.git
commons-daemon,commons-daemon,rel/commons-daemon-1.2.4 #provide full tag name as naming convention for release is not consistent,Java,,c/commons-daemon/commons-daemon.sh,https://github.com/apache/commons-daemon.git
commons-daemon,commons-daemon,rel/commons-daemon-1.2.4 #provide full tag name as naming convention for release is not consistent,Java,,c/commons-daemon/commons-daemon_ubi8.4.sh,https://github.com/apache/commons-daemon.git
commons-dbcp,commons-dbcp,rel/commons-dbcp-2.12.0,Java,,c/commons-dbcp/commons-dbcp.sh,https://github.com/apache/commons-dbcp.git
commons-dbcp,PACKAGE_NAME,v1.0.0,Java,,c/commons-dbcp/commons_dbcp.sh,https://github.com/org/repo
commons-dbcp,commons-dbcp,"2.6.0, 2.7.0",Java,,c/commons-dbcp/commons_dbcp_rhel_7.6.sh,http://git-wip-us.apache.org/repos/asf/commons-dbcp
commons-dbcp2,commons-dbcp,2_0_1,Java,,c/commons-dbcp2/commons-dbcp2.sh,https://github.com/apache/commons-dbcp.git
commons-dbcp2,commons-dbcp-,2.5.0,Java,,c/commons-dbcp2/commons-dbcp2_2.5.0_ubi.sh,https://github.com/apache/commons-dbcp
commons-dbutils,commons-dbutils,rel/commons-dbutils-1.8.1,Java,,c/commons-dbutils/commons-dbutils.sh,https://github.com/apache/commons-dbutils.git
commons-dbutils,commons-dbutils,"1.7, 2.0-RC1",Java,,c/commons-dbutils/commons-dbutils_rhel_7.6.sh,https://github.com/apache/commons-dbutils
commons-digester,commons-digester,DIGESTER_2_1,Java,,c/commons-digester/common-digester.sh,https://github.com/apache/commons-digester.git
commons-digester,PACKAGE_NAME,v1.0.0,Java,,c/commons-digester/commons-digester.sh,https://github.com/org/repo
commons-digester,commons-digester,"1.8.1, 3.2",Java,,c/commons-digester/commons-digester_rhel_7.6.sh,https://github.com/apache/commons-digester
commons-email,commons-email,1.5,Java,,c/commons-email/commons-email.sh,https://github.com/apache/commons-email
commons-fileupload,commons-fileupload,1.4,Java,,c/commons-fileupload/commons-fileupload.sh,https://github.com/apache/commons-fileupload.git
commons-fileupload,commons-fileupload,commons-fileupload-1.4,Java,,c/commons-fileupload/commons-fileupload_ubi_8.3.sh,https://github.com/apache/commons-fileupload.git
commons-io,commons-io,rel/commons-io-2.17.0,Java,,c/commons-io/commons-io.sh,https://github.com/apache/commons-io.git
commons-io,PACKAGE_NAME,1.4,Java,,c/commons-io/commons-io_1.4.sh,https://github.com/org/repo
commons-io,commons-io,1.4,Java,,c/commons-io/commons-io_1.4_ubi_8.3.sh,https://github.com/apache/commons-io.git
commons-io,commons-io,rel/commons-io-2.16.1,Java,,c/commons-io/commons-io_2.16.1.sh,https://github.com/apache/${PACKAGE_NAME}.git
commons-io,PACKAGE_NAME,2.4,Java,,c/commons-io/commons-io_2.4_2.5.sh,https://github.com/org/repo
commons-io,commons-io,2.4,Java,,c/commons-io/commons-io_2.4_2.5_ubi_8.3.sh,https://github.com/apache/commons-io.git
commons-io,commons-io,commons-io-2.6  #provide full tag name as naming convention for release is not consistent,Java,,c/commons-io/commons-io_ubi8.4.sh,https://github.com/apache/commons-io.git
commons-io,commons-io,rel/commons-io-2.17.0,Java,,c/commons-io/commons-io_ubi_9.3.sh,https://github.com/apache/commons-io.git
commons-lang,PACKAGE_NAME,LANG_3_7,Java,,c/commons-lang/commons-lang.sh,https://github.com/org/repo
commons-lang,commons-lang,"3.8, 3.9",Java,,c/commons-lang/commons-lang_rhel_7.6.sh,https://github.com/apache/commons-lang
commons-lang,commons-lang,LANG_3_7,Java,,c/commons-lang/commons-lang_ubi_8.4.sh,https://github.com/apache/commons-lang.git
commons-lang,commons-lang,3.17.0,Java,,c/commons-lang/commons-lang_v3.17.0.sh,https://github.com/apache/commons-lang.git
commons-logging,commons-logging,rel/commons-logging-1.3.3,Java,,c/commons-logging/commons-logging.sh,https://github.com/apache/commons-logging.git
commons-logging,commons-logging,"1.1.3, 1.2",Java,,c/commons-logging/commons-logging_rhel_7.6.sh,https://github.com/apache/commons-logging
commons-logging,commons-logging,1.0.4,Java,,c/commons-logging/commons-logging_ubi_8.3.sh,https://github.com/apache/commons-logging.git
commons-math3,commons-math,MATH_3_6_1,Java,,c/commons-math3/commons-math3.sh,https://github.com/apache/commons-math.git
commons-math3,commons-math3,MATH_3_6_1,Java,,c/commons-math3/commons-math3_rhel_7.4.sh,https://github.com/apache/commons-math.git
commons-math3,PACKAGE_NAME,v1.0.0,Java,,c/commons-math3/commons_math3.sh,https://github.com/org/repo
commons-math3,commons-math3,3.6.1,Java,,c/commons-math3/commons_math3_rhel_7.6.sh,http://gitbox.apache.org/repos/asf/commons-math
commons-modeler,commons-modeler,2.0.1,Java,,c/commons-modeler/Commons-Modeler_2.0.1.sh,https://repo1.maven.org/maven2/commons-modeler/commons-modeler
commons-net,commons-net,rel/commons-net-3.9.0,Java,,c/commons-net/commons-net.sh,https://github.com/apache/commons-net.git
commons-pool,commons-pool,rel/commons-pool-2.12.0,Java,,c/commons-pool/commons-pool.sh,https://github.com/apache/commons-pool.git
commons-pool,commons-pool,"2.0, 2.8.0",Java,,c/commons-pool/commons-pool_rhel_7.6.sh,https://github.com/apache/commons-pool
commons-text,commons-text,rel/commons-text-1.12.0,Java,,c/commons-text/commons-text.sh,https://github.com/apache/commons-text.git
commons-text,PACKAGE_NAME,v1.0.0,Java,,c/commons-text/commons_text.sh,https://github.com/org/repo
commons-text,commons-text,"1.1, 1.8",Java,,c/commons-text/commons_text_rhel_7.6.sh,https://gitbox.apache.org/repos/asf/commons-text.git
commons-validator,commons-validator,1.6,Java,,c/commons-validator/commons-validator.sh,https://github.com/apache/commons-validator
compiler,compiler,0.9.6,Java,,c/compiler/compiler.sh,https://github.com/spullara/mustache.java
component-clone,component-clone,0.2.2,Node,,c/component-clone/component-clone.sh,https://github.com/component/clone
component-emitter,component-emitter,v2.0.0,Node,Node:16,c/component-emitter/component-emitter.sh,https://github.com/sindresorhus/component-emitter
component-emitter,component-emitter,1.2.0,Node,,c/component-emitter/component-emitter_rhel_8.3.sh,https://github.com/component/emitter
composer,composer,2.1.8,PHP,,c/composer/composer.sh,https://github.com/composer/composer
composer-merge-plugin,composer-merge-plugin,v2.0.0,PHP,,c/composer-merge-plugin/composer-merge-plugin.sh,https://github.com/wikimedia/composer-merge-plugin
composer-merge-plugin,composer-merge-plugin,v1.4.0,PHP,,c/composer-merge-plugin/composer-merge-plugin_ubi8.sh,https://github.com/wikimedia/composer-merge-plugin
composer__ca-bundle,composer/ca-bundle,1.2.9,PHP,,c/composer__ca-bundle/composer__ca-bundle.sh,https://github.com/composer/ca-bundle
composer__installers,composer/installers,1.2,PHP,,c/composer__installers/composer__installers.sh,https://github.com/composer/installers
composer__metadata-minifier,composer/metadata-minifier,1.0.0,PHP,,c/composer__metadata-minifier/composer__metadata-minifier.sh,https://github.com/composer/metadata-minifier
composer__semver,composer/semver,1.7.2,PHP,,c/composer__semver/composer__semver.sh,https://github.com/composer/semver
composer__spdx-licenses,composer/spdx-licenses,1.5.2,PHP,,c/composer__spdx-licenses/composer__spdx-licenses.sh,https://github.com/composer/spdx-licenses
composer__xdebug-handler,composer/xdebug-handler,1.4.2,PHP,,c/composer__xdebug-handler/composer__xdebug-handler.sh,https://github.com/composer/xdebug-handler
composer__xdebug-handler,composer/xdebug-handler,1.4.0,PHP,,c/composer__xdebug-handler/composer__xdebug-handler_rhel_8.3.sh,https://github.com/composer/xdebug-handler
compress-commons,compress-commons,1.2.2,Node,,c/compress-commons/compress-commons.sh,https://github.com/archiverjs/node-compress-commons
compressible,compressible,2.0.14,Node,,c/compressible/compressible.sh,https://github.com/jshttp/compressible
compression,compression,1.7.3,Node,,c/compression/compression.sh,https://github.com/expressjs/compression
concat-map,concat-map,0.0.1,Node,,c/concat-map/concat-map.sh,https://github.com/substack/node-concat-map
concat-stream,concat-stream,1.6.0,Node,,c/concat-stream/concat-stream.sh,https://github.com/maxogden/concat-stream
concat-stream,concat-stream,1.6.2,Node,,c/concat-stream/concat-stream_ubuntu_18.04.sh,https://github.com/maxogden/concat-stream.git
concurrent,concurrent,"v1.0.3,bacd9c7ef1dd9b15be4a9909b8ac7a4e313eec94",Go,,c/concurrent/concurrent.sh,https://github.com/modern-go/concurrent
config,config,"1.3.4, 1.4.0",Java,,c/config/config.sh,https://github.com/lightbend/config
config-chain,config-chain,1.1.12,Node,,c/config-chain/config-chain.sh,https://github.com/dominictarr/config-chain
config-chain,config-chain,1.1.11,Node,,c/config-chain/config-chain_ubuntu_18.04.sh,https://github.com/dominictarr/config-chain.git
configbump,configbump,v0.1.5,Go,"Go:""1.13""",c/configbump/configbump.sh,https://github.com/che-incubator/configbump
configstore,configstore,5.0.1,Node,,c/configstore/configstore.sh,https://github.com/yeoman/configstore
confluent-kafka,confluent-kafka-python,v2.10.0,Python,,c/confluent-kafka/confluent-kafka.sh,https://github.com/confluentinc/confluent-kafka-python.git
confluent-kafka,confluent-kafka,1.7.0,Python,,c/confluent-kafka/confluent-kafka_ubi8_3.sh,https://github.com/confluentinc/confluent-kafka-python
confluent-kafka,confluent-kafka,v0.11.5,Python,,c/confluent-kafka/confluent-kafka_ubi_8.3.sh,https://github.com/confluentinc/confluent-kafka-python
confluent-kafka,confluent-kafka/,v0.11.5,Java,,c/confluent-kafka/confluent-kafka_v0.11.5.sh,https://github.com/confluentinc/confluent-kafka-python
confluent-kafka,confluent-kafka/,v0.11.5,Java,,c/confluent-kafka/confluent-kafka_v0.11.5_ubuntu_18.04.sh,https://github.com/confluentinc/confluent-kafka-python
conftest,conftest,v0.30.0,Go,,c/conftest/conftest.sh,https://github.com/open-policy-agent/conftest
connect,connect,3.6.2,Node,,c/connect/connect.sh,https://github.com/senchalabs/connect.git
connect-history-api-fallback,connect-history-api-fallback,1.6.0,Node,,c/connect-history-api-fallback/connect-history-api-fallback.sh,https://github.com/bripkens/connect-history-api-fallback
connect-redis,connect-redis,v7.1.1,Node,Node:16,c/connect-redis/connect-redis.sh,https://github.com/tj/connect-redis
conscrypt,conscrypt,2.2.1-SNAPSHOT,Python,,c/conscrypt/conscrypt.sh,https://github.com/google/conscrypt
console,console,v1.0.4,Go,Go:1.20.1,c/console/console.sh,https://github.com/containerd/console
console,github.com/containerd/console,v0.0.0-20180822173158-c12b1e7919c1,Go,,c/console/github.com__containerd__console.sh,https://github.com/containerd/console
console,github.com/containerd/console,v0.0.0-20180822173158-c12b1e7919c1,Go,,c/console/github.com__containerd__console_rhel_8.3.sh,https://github.com/containerd/console
console-browserify,console-browserify,v1.2.0,Node,,c/console-browserify/console-browserify.sh,https://github.com/browserify/console-browserify
console-control-strings,console-control-strings,1.1.0,Node,,c/console-control-strings/console-control-strings.sh,https://github.com/iarna/console-control-strings
consolidation__annotated-command,consolidation/annotated-command,4.2.1,PHP,,c/consolidation__annotated-command/consolidation__annotated-command.sh,https://github.com/consolidation/annotated-command
consolidation__config,consolidation/config,1.2,PHP,,c/consolidation__config/consolidation__config.sh,https://github.com/consolidation/config
consolidation__filter-via-dot-access-data,consolidation/filter-via-dot-access-data,1.0.0,PHP,,c/consolidation__filter-via-dot-access-data/consolidation__filter-via-dot-access-data.sh,https://github.com/consolidation/filter-via-dot-access-data
consolidation__log,consolidation/log,2.0.2,PHP,,c/consolidation__log/consolidation__log.sh,https://github.com/consolidation/log
consolidation__output-formatters,consolidation/output-formatters,3.3.1,PHP,,c/consolidation__output-formatters/consolidation__output-formatters.sh,https://github.com/consolidation/output-formatters
consolidation__robo,consolidation/robo,2.0.2,PHP,,c/consolidation__robo/consolidation__robo.sh,https://github.com/consolidation/robo.git
consolidation__robo,consolidation/robo,1.4.6,PHP,,c/consolidation__robo/consolidation__robo_rhel_8.3.sh,https://github.com/consolidation/Robo
consolidation__site-alias,consolidation/site-alias,3.1.0,PHP,,c/consolidation__site-alias/consolidation__site-alias.sh,https://github.com/consolidation/site-alias
consolidation_site-process,site-process,4.1.0,PHP,,c/consolidation_site-process/consolidation_site-process.sh,https://github.com/consolidation/site-process.git
constantly,constantly,15.1.0,Python,,c/constantly/constantly.sh,https://github.com/twisted/constantly
constantly,constantly,15.1.0,Python,,c/constantly/constantly_ubuntu_16.04.sh,https://github.com/twisted/constantly
constants-browserify,constants-browserify,v1.0.0,Node,,c/constants-browserify/constants-browserify.sh,https://github.com/juliangruber/constants-browserify.git
constructor,constructor,3.7.0,Python,Python:3.8,c/constructor/constructor.sh,https://github.com/conda/constructor
constructor,constructor,3.6.0,Python,Python:3.8,c/constructor/constructor_ubi_8_7.sh,https://github.com/conda/constructor
consul,PACKAGE_NAME,v1.8.3,Go,,c/consul/consul.sh,https://github.com/org/repo
consul,go,v1.4.4,Go,,c/consul/consul_rhel_7.6.sh,https://github.com/hashicorp/consul
consul,sdk,sdk/v0.4.0,Go,,c/consul/consul_sdk.sh,https://github.com/hashicorp/consul
consul,sdk,sdk/v0.4.0,Go,,c/consul/consul_sdk_ubi8.5.sh,https://github.com/hashicorp/consul
consul,consul,v1.8.3,Go,,c/consul/consul_ubi_8.5.sh,https://github.com/hashicorp/consul
consul,PACKAGE_NAME,v1.12.0,Go,,c/consul/consul_v1.12.0.sh,https://github.com/org/repo
consul,consul,v1.12.0,Go,,c/consul/consul_v1.12.0_ubi_8.5.sh,https://github.com/hashicorp/consul
consul,PACKAGE_NAME,v1.12.3,Go,,c/consul/consul_v1.12.3.sh,https://github.com/org/repo
consul,consul,v1.12.3,Go,,c/consul/consul_v1.12.3_ubi_8.5.sh,https://github.com/hashicorp/consul
consul,consul,v1.14.4,Go,,c/consul/consul_v1.14.4.sh,https://github.com/hashicorp/consul
consul,consul,v1.14.4,Go,,c/consul/consul_v1.14.4_ubi_8.5.sh,https://github.com/hashicorp/consul
consul,PACKAGE_NAME,v1.16.1,Go,,c/consul/consul_v1.16.1.sh,https://github.com/org/repo
consul,consul,v1.16.1,Go,,c/consul/consul_v1.16.1_ubi_8.7.sh,https://github.com/hashicorp/consul
consul,consul,v1.18.1,Go,,c/consul/consul_v1.18.1.sh,https://github.com/hashicorp/consul
container-interop__container-interop,container-interop/container-interop,1.2.0,PHP,,c/container-interop__container-interop/container-interop__container-interop.sh,https://github.com/container-interop/container-interop
containerd__continuity,containerd/continuity,v0.0.0-20200413184840-d3ef23f19fbb,Go,,c/containerd__continuity/containerd__continuity.sh,https://github.com/containerd/continuity
containerd__ttrpc,containerd/ttrpc,v1.0.1,Go,,c/containerd__ttrpc/containerd__ttrpc.sh,https://github.com/containerd/ttrpc
contains-path,contains-path,0.1.0,Node,,c/contains-path/contains-path.sh,https://github.com/jonschlinkert/contains-path
content,content,v4.1.0,Node,,c/content/content.sh,https://github.com/hapijs/content
content-disposition,content-disposition,0.5.2,Node,,c/content-disposition/content-disposition.sh,https://github.com/jshttp/content-disposition
content-security-policy-builder,content-security-policy-builder,2.0.0,Node,,c/content-security-policy-builder/content-security-policy-builder.sh,https://github.com/helmetjs/content-security-policy-builder
content-type,content-type,1.0.4,Node,,c/content-type/content-type.sh,https://github.com/jshttp/content-type
continuity,continuity,v0.4.5,Go,Go:1.23.4,c/continuity/continuity.sh,https://github.com/containerd/continuity
contourpy,contourpy,v1.0.5,Python,,c/contourpy/contourpy.sh,https://github.com/contourpy/contourpy
contourpy,contourpy,v1.3.1,Python,,c/contourpy/contourpy_1.3.1.sh,https://github.com/contourpy/contourpy
contourpy,contourpy,v1.0.5,Python,,c/contourpy/contourpy_ubi_9.3.sh,https://github.com/contourpy/contourpy
contrib.go.opencensus.io__exporter__ocagent,contrib.go.opencensus.io/exporter/ocagent,v0.6.0,Go,,c/contrib.go.opencensus.io__exporter__ocagent/contrib.go.opencensus.io__exporter__ocagent.sh,https://github.com/census-ecosystem/opencensus-go-exporter-ocagent
convert-source-map,convert-source-map,0.3.5,Node,,c/convert-source-map/convert-source-map.sh,https://github.com/thlorenz/convert-source-map
cookie-parser,cookie-parser,1.4.3,Node,,c/cookie-parser/cookie-parser.sh,https://github.com/expressjs/cookie-parser
cookies,cookies,0.9.1,Node,Node:16,c/cookies/cookies.sh,http://github.com/pillarjs/cookies
copy,copy,v1.7.0,Go,,c/copy/copy.sh,https://github.com/otiai10/copy
copy-concurrently,copy-concurrently,1.0.5,Node,,c/copy-concurrently/copy-concurrently.sh,https://github.com/npm/copy-concurrently
copy-descriptor,copy-descriptor,0.1.1,Node,,c/copy-descriptor/copy-descriptor.sh,https://github.com/jonschlinkert/copy-descriptor
copy-to-clipboard,copy-to-clipboard,3.3.1,Node,,c/copy-to-clipboard/copy-to-clipboard.sh,https://github.com/sudodoki/copy-to-clipboard
cordova-plugin-file-opener2,cordova-plugin-file-opener2,3.0.5,Node,,c/cordova-plugin-file-opener2/cordova-plugin-file-opener2.sh,https://github.com/pwlin/cordova-plugin-file-opener2.git
core-js,core-js,2.5.7,Node,,c/core-js/core-js.sh,https://github.com/zloirock/core-js
core-util-is,core-util-is,1.0.2,Node,,c/core-util-is/core-util-is.sh,https://github.com/isaacs/core-util-is
coredns,coredns,v1.8.6,Go,,c/coredns/coredns.sh,http://github.com/coredns/coredns
corenlp,corenlp,n/a,Java,,c/corenlp/corenlp.sh,https://github.com/stanfordnlp/CoreNLP.git
corenlp,corenlp,n/a,Java,,c/corenlp/corenlp_ubuntu_16.04.sh,https://github.com/stanfordnlp/CoreNLP.git
coreos__go-semver,coreos/go-semver,568e959cd89871e61434c1143528d9162da89ef2,Go,,c/coreos__go-semver/coreos__go-semver.sh,https://github.com/coreos/go-semver
cors,cors,2.8.5,Node,,c/cors/cors.sh,https://github.com/expressjs/cors
cors_go,github.com/rs/cors,v1.8.0,Go,,c/cors_go/cors.sh,https://github.com/rs/cors
couchbase,v5.1.0,v1.0.0,Java,,c/couchbase/couchbase51_ubuntu_16.04.sh,https://github.com/google/flatbuffers
couchbase,v6.0.0,v1.0.0,Java,,c/couchbase/couchbase60_ubuntu_16.04.sh,https://github.com/google/flatbuffers
couchdb-nano,couchdb-nano,${1:-,Node,Node:14.13,c/couchdb-nano/couchdb-nano.sh,https://github.com/apache/couchdb-nano
counterfeiter,counterfeiter,v6.2.2,Go,,c/counterfeiter/counterfieter.sh,https://github.com/maxbrunsfeld/counterfeiter
cpuguy83__go-md2man,cpuguy83/go-md2man,1.0.7,Go,,c/cpuguy83__go-md2man/cpuguy83__go-md2man.sh,https://github.com/cpuguy83/go-md2man
cpuguy83__go-md2man__v2,cpuguy83/go-md2man/v2,v2.0.0-20190314233015-f79a8a8ca69d,Go,,c/cpuguy83__go-md2man__v2/cpuguy83__go-md2man__v2.sh,https://github.com/cpuguy83/go-md2man
cpython,cpython,v3.12.3,Python,,c/cpython/cpython.sh,https://github.com/python/cpython
crass,crass,v1.0.3,Ruby,,c/crass/crass.sh,https://github.com/rgrove/crass
crass,crass,v1.0.4,Ruby,,c/crass/crass_ubi_8.4.sh,https://github.com/rgrove/crass
crate,crate,3.1.0,Java,,c/crate/crate.sh,https://github.com/crate/crate.git
crate,crate,3.1.0,Java,,c/crate/crate_ubuntu_16.04.sh,https://github.com/crate/crate.git
crc32-stream,crc32-stream,2.0.0,Node,,c/crc32-stream/crc32-stream.sh,https://github.com/archiverjs/node-crc32-stream
create-ecdh,create-ecdh,4.0.4,Node,,c/create-ecdh/create-ecdh.sh,https://github.com/crypto-browserify/createECDH
create-error-class,create-error-class,3.0.2,Node,,c/create-error-class/create-error-class.sh,https://github.com/floatdrop/create-error-class
create-frame,create-frame,1.0.0,Node,,c/create-frame/create-frame.sh,https://github.com/jonschlinkert/create-frame
create-react-context,create-react-context,80c7bb9,Node,Node:8,c/create-react-context/create-react-context.sh,https://github.com/codemayonnaise/create-react-context
crmsh,crmsh,4.6.0,Python,,c/crmsh/crmsh.sh,https://github.com/ClusterLabs/crmsh.git
cron,cron,1.8.2,Node,,c/cron/cron.sh,https://github.com/kelektiv/node-cron
cron-util,cron-utils,8.1.1,Java,,c/cron-util/cron-util.sh,https://github.com/jmrozanec/cron-utils.git
crontab,crontab,0.22.6,Python,,c/crontab/crontab.sh,https://github.com/josiahcarlson/parse-crontab.git
crontab,crontab,${1:-,Python,,c/crontab/crontab_ubi8.4.sh,https://github.com/josiahcarlson/parse-crontab.git
cross-env,cross-env,5.2.0,Node,,c/cross-env/cross-env.sh,https://github.com/kentcdodds/cross-env.git
cross-spawn,cross-spawn,$1,Node,,c/cross-spawn/cross-spawn.sh,https://github.com/moxystudio/node-cross-spawn.git
crossfilter,crossfilter,1.4.7,Node,,c/crossfilter/crossfilter.sh,https://github.com/crossfilter/crossfilter
cruise-control,redhat_ubi8,master (default),Java,,c/cruise-control/build.sh,https://github.com/linkedin/cruise-control
crunchy-containers,crunchy-containers,v4.7.2,Go,,c/crunchy-containers/crunchy-containers.sh,https://github.com/CrunchyData/crunchy-containers
crypt,crypt,v0.0.3-0.20200106085610-5cbc8cc4026c,Go,,c/crypt/crypt.sh,https://github.com/bketelsen/crypt
crypt,PACKAGE_NAME,v1.0.0,Go,Go:1.12.17,c/crypt/crypt_master.sh,https://github.com/org/repo
crypt,crypt,b2862e3d0a77,Go,Go:1.12.17,c/crypt/crypt_master_ubi8.4.sh,https://github.com/xordataexchange/crypt
cryptacular,conda.recipe,v1.0.0,Java,,c/cryptacular/build.sh,https://github.com/org/repo
cryptacular,cryptacular,v1.2.6,Java,,c/cryptacular/cryptacular.sh,https://github.com/vt-middleware/cryptacular.git
cryptacular,cryptacular,1.2.1,Java,,c/cryptacular/cryptacular_rhel_7.3.sh,https://github.com/vt-middleware/cryptacular
cryptacular,cryptacular,1.2.1,Java,,c/cryptacular/cryptacular_ubuntu_16.04.sh,https://github.com/vt-middleware/cryptacular
cryptiles,cryptiles,b7e97448a8146859a1551e1a9f8eb2c79e125e15,Node,,c/cryptiles/cryptiles.sh,https://github.com/hapijs/cryptiles
crypto-browserify,crypto-browserify,v3.12.0,Node,Node:8,c/crypto-browserify/crypto-browserify.sh,https://github.com/browserify/crypto-browserify
crypto-random-string,crypto-random-string,2.0.0,Node,,c/crypto-random-string/crypto-random-string.sh,https://github.com/sindresorhus/crypto-random-string
cryptography,cryptography,38.0.1,Python,,c/cryptography/cryptography.sh,https://github.com/pyca/cryptography.git
cryptography,cryptography,39.0.1,Python,,c/cryptography/cryptography_39.0.1.sh,https://github.com/pyca/cryptography
cryptography,cryptography,39.0.1,Python,,c/cryptography/cryptography_39.0.1_ubi_9.3.sh,https://github.com/pyca/cryptography
cryptography,cryptography,44.0.0,Python,,c/cryptography/cryptography_43.0.1.sh,https://github.com/pyca/cryptography.git
cryptography,cryptography,43.0.3,Python,,c/cryptography/cryptography_ubi_8.10.sh,https://github.com/pyca/cryptography/
cryptography,cryptography,38.0.1,Python,,c/cryptography/cryptography_ubi_9.3.sh,https://github.com/pyca/cryptography.git
cson,cson,7.0.0,Node,,c/cson/cson.sh,https://github.com/bevry/cson
cson-parser,cson-parser,4.0.4,Node,,c/cson-parser/cson-parser.sh,https://github.com/groupon/cson-parser
css,css,2.2.4,Node,,c/css/css.sh,https://github.com/reworkcss/css
css-blank-pseudo,css-blank-pseudo,0.1.4,Node,,c/css-blank-pseudo/css-blank-pseudo.sh,https://github.com/csstools/css-blank-pseudo
css-declaration-sorter,css-declaration-sorter,4.0.1,Node,,c/css-declaration-sorter/css-declaration-sorter.sh,https://github.com/Siilwyn/css-declaration-sorter
css-escape,css-escape,v1.5.1,Node,,c/css-escape/css-escape_8.5.sh,https://github.com/mathiasbynens/CSS.escape.git
css-has-pseudo,css-has-pseudo,0.10.0,Node,,c/css-has-pseudo/css-has-pseudo.sh,https://github.com/csstools/css-has-pseudo
css-prefers-color-scheme,css-prefers-color-scheme,3.1.1,Node,,c/css-prefers-color-scheme/css-prefers-color-scheme.sh,https://github.com/csstools/css-prefers-color-scheme
css-select,css-select,v5.1.0,Node,Node:16,c/css-select/css-select.sh,https://github.com/fb55/css-select
css-select,css-select,2.1.0,Node,,c/css-select/css-select_rhel_8.3.sh,https://github.com/fb55/css-select
css-select-base-adapter,css-select-base-adapter,c6f9de8,Node,,c/css-select-base-adapter/css-select-base-adapter.sh,https://github.com/nrkn/css-select-base-adapter.git
css-tree,css-tree,1.0.0-alpha.37,Node,,c/css-tree/css-tree.sh,https://github.com/csstree/csstree
css-what,css-what,3.4.2,Node,,c/css-what/css-what.sh,https://github.com/fb55/css-what
cssdb,cssdb,4.4.0,Node,,c/cssdb/cssdb.sh,https://github.com/csstools/cssdb
cssesc,cssesc,3.0.0,Node,,c/cssesc/cssesc.sh,https://github.com/mathiasbynens/cssesc
cssnano,cssnano,cssnano@7.0.4,Node,Node:18,c/cssnano/cssnano.sh,https://github.com/cssnano/cssnano
csso,csso,4.2.0,Node,,c/csso/csso.sh,https://github.com/css/csso
cssstyle,cssstyle,1.4.0,Node,,c/cssstyle/cssstyle.sh,https://github.com/jsdom/cssstyle
csstype,csstype,${1:-,Node,Node:v14.18.3,c/csstype/csstype.sh,https://github.com/frenic/csstype
csstype,csstype,"v2.6.0,v2.6.9",Node,,c/csstype/csstype_RHEL7.6.sh,https://github.com/frenic/csstype
csv-generate,csv-generate,3.3.0,Node,,c/csv-generate/csv-generate.sh,https://github.com/adaltas/node-csv-generate
csv-stringify,node-csv-stringify,v5.3.6,Node,,c/csv-stringify/csv-stringify.sh,https://github.com/adaltas/node-csv-stringify
csv-stringify,csv-stringify,5.5.3,Node,,c/csv-stringify/csv-stringify_rhel_8.3.sh,https://github.com/adaltas/node-csv-stringify
csvtojson,csvtojson,2.0.10,Node,,c/csvtojson/csvtojson.sh,https://github.com/Keyang/node-csvtojson
ctranslate2,ctranslate2,v4.5.0,Python,,c/ctranslate2/ctranslate2.sh,https://github.com/OpenNMT/CTranslate2
curr,curr,1.0.0,Go,,c/curr/curr.sh,https://github.com/otiai10/curr
curry2,curry2,1.0.3,Node,,c/curry2/curry2.sh,https://github.com/wilmoore/curry2.js
custodia,custodia,v1.0.0,Python,,c/custodia/custodia_v0.6.0.sh,https://github.com/latchset/custodia.git
cutadapt,PACKAGE_NAME,v1.0.0,Python,,c/cutadapt/cutadapt.sh,https://github.com/org/repo
cutadapt,cutadapt,1.8.1,Python,,c/cutadapt/cutadapt_rhel_7.3.sh,https://pypi.python.org/pypi/cutadapt/1.8.1
cutadapt,cutadapt,1.8.1,Python,,c/cutadapt/cutadapt_ubuntu_16.04.sh,https://pypi.python.org/pypi/cutadapt/1.8.1
cycler,cycler,v0.12.1,Python,,c/cycler/cycler.sh,https://github.com/matplotlib/cycler.git
cycler,cycler,0.10.0,Python,,c/cycler/cycler_rhel_7.3.sh,https://github.com/matplotlib/cycler
cyclist,cyclist,v1.0.2,Node,Node:16,c/cyclist/cyclist.sh,https://github.com/mafintosh/cyclist
cyclist,cyclist,1.0.1,Node,,c/cyclist/cyclist_rhel_8.3.sh,https://github.com/mafintosh/cyclist
cypher-dsl,cypher-dsl,2024.0.3,Java,,c/cypher-dsl/cypher-dsl.sh,https://github.com/neo4j/cypher-dsl
cytoolz,cytoolz,0.12.0,Python,,c/cytoolz/cytoolz.sh,https://github.com/pytoolz/cytoolz.git
cytoolz,cytoolz,1.0.1,Python,,c/cytoolz/cytoolz_1.0.1.sh,https://github.com/pytoolz/cytoolz.git
cytoolz,cytoolz,1.0.1,Python,,c/cytoolz/cytoolz_1.0.1_ubi_9.5.sh,https://github.com/pytoolz/cytoolz.git
cytoolz,cytoolz,0.12.2,Python,,c/cytoolz/cytoolz_ubi_8.7.sh,https://github.com/pytoolz/cytoolz.git
cznic,cc/v3,v3.36.0,Go,,c/cznic/cznic-cc.sh,https://gitlab.com/cznic/cc
cznic,ccgo/v3,v3.16.4,Go,,c/cznic/cznic-ccgo.sh,modernc.org/ccgo/v3
cznic,ccgo/v3,v3.16.4,Go,,c/cznic/cznic-ccgo_ubi_8.5.sh,modernc.org/ccgo/v3
cznic,libc,v1.16.1,Go,,c/cznic/cznic-libc.sh,https://gitlab.com/cznic/libc
cznic,libc,v1.16.1,Go,,c/cznic/cznic-libc_ubi_8.5.sh,https://gitlab.com/cznic/libc
cznic,memory,v1.1.1,Go,,c/cznic/cznic-memory.sh,https://gitlab.com/cznic/memory
cznic,memory,v1.1.1,Go,,c/cznic/cznic-memory_ubi_8.5.sh,https://gitlab.com/cznic/memory
cznic,internal,1.0.0,Go,,c/cznic/cznic.sh,https://github.com/cznic/internal
cznic,internal,1.0.0,Go,,c/cznic/cznic_ubi_8.4.sh,https://github.com/cznic/internal
jquery-cron,jquery-cron,v0.1.4.1,Node,,c/jquery-cron/jquery-cron.sh,https://github.com/shawnchin/jquery-cron.git
d,github.com/dgraph-io/badger,${1:-,Go,,d/d/badger.sh,https://github.com/dgraph-io/badger
d,d,1.0.1,Node,,d/d/d.sh,https://github.com/medikoo/d
d,d,1.0.1,Node,,d/d/d_rhel_8.3.sh,https://github.com/medikoo/d
d3,d3,v7.8.2,Node,,d/d3/d3.sh,https://github.com/d3/d3.git
d3,d3,4.13.0,Node,,d/d3/d3_rhel_8.3.sh,https://github.com/d3/d3
d3,d3,4.12.0,Node,,d/d3/d3_ubuntu_16.04.sh,https://github.com/mbostock/d3.git
d3,d3,v7.9.0,Java,,d/d3/d3_v7.9.0.sh,https://github.com/d3/d3.git
d3,d3,v7.9.0,Node,,d/d3/d3_v7.9.0_ubi_9.5.sh,https://github.com/d3/d3.git
d3-array,d3-array,${1:-,Node,Node:14,d/d3-array/d3-array.sh,https://github.com/d3/d3-array
d3-array,d3-array,v1.2.1,Node,,d/d3-array/d3-array_rhel_8.3.sh,https://github.com/d3/d3-array
d3-axis,d3-axis,${1:-,Node,Node:16,d/d3-axis/d3-axis.sh,https://github.com/d3/d3-axis
d3-axis,d3-axis,v1.0.8,Node,,d/d3-axis/d3-axis_rhel_8.3.sh,https://github.com/d3/d3-axis
d3-brush,d3-brush,1.0.4,Node,,d/d3-brush/d3-brush.sh,https://github.com/d3/d3-brush
d3-brush,d3-brush,1.0.4,Node,,d/d3-brush/d3-brush_rhel_8.3.sh,https://github.com/d3/d3-brush
d3-brush,d3-brush,v3.0.0,Node,Node:16,d/d3-brush/d3-brush_v3.0.0.sh,https://github.com/d3/d3-brush
d3-chord,d3-chord,v3.0.1,Node,Node:16,d/d3-chord/d3-chord.sh,https://github.com/d3/d3-chord
d3-chord,d3-chord,1.0.4,Node,,d/d3-chord/d3-chord_rhel_8.3.sh,https://github.com/d3/d3-chord
d3-chord,d3-chord,v3.0.1,Node,Node:16,d/d3-chord/d3-chord_v3.0.1.sh,https://github.com/d3/d3-chord
d3-chord,d3-chord,v3.0.1,Node,Node:16,d/d3-chord/d3-chord_v3.0.1_UBI_8.5.sh,https://github.com/d3/d3-chord
d3-collection,d3-collection,1.0.4,Node,,d/d3-collection/d3-collection.sh,https://github.com/d3/d3-collection
d3-color,d3-color,v3.1.0,Node,,d/d3-color/d3-color.sh,https://github.com/d3/d3-color
d3-color,d3-color,1.0.3,Node,,d/d3-color/d3-color_rhel_8.3.sh,https://github.com/d3/d3-color
d3-contour,d3-contour,v4.0.2,Node,Node:14,d/d3-contour/d3-contour.sh,https://github.com/d3/d3-contour
d3-delaunay,d3-delaunay,v6.0.4,Node,,d/d3-delaunay/d3-delaunay.sh,https://github.com/d3/d3-delaunay.git
d3-dispatch,d3-dispatch,${1:-,Node,Node:16,d/d3-dispatch/d3-dispatch.sh,https://github.com/d3/d3-dispatch
d3-dispatch,d3-dispatch,1.0.3,Node,,d/d3-dispatch/d3-dispatch_rhel_8.3.sh,https://github.com/d3/d3-dispatch
d3-dispatch,d3-dispatch,${1:-,Node,Node:16,d/d3-dispatch/d3-dispatch_ubi_8_5.sh,https://github.com/d3/d3-dispatch
d3-drag,d3-drag,${1:-,Node,Node:16,d/d3-drag/d3-drag.sh,https://github.com/d3/d3-drag
d3-drag,d3-drag,1.2.1,Node,,d/d3-drag/d3-drag_rhel_8.3.sh,https://github.com/d3/d3-drag
d3-dsv,d3-dsv,${1:-,Node,Node:16,d/d3-dsv/d3-dsv.sh,https://github.com/d3/d3-dsv
d3-dsv,d3-dsv,1.0.8,Node,,d/d3-dsv/d3-dsv_rhel_8.3.sh,https://github.com/d3/d3-dsv
d3-dsv,d3-dsv,${1:-,Node,Node:16,d/d3-dsv/d3-dsv_ubi_8_5.sh,https://github.com/d3/d3-dsv
d3-ease,d3-ease,v3.0.1,Node,,d/d3-ease/d3-ease.sh,https://github.com/d3/d3-ease
d3-ease,d3-ease,1.0.3,Node,,d/d3-ease/d3-ease_rhel_8.3.sh,https://github.com/d3/d3-ease
d3-force,d3-force,v1.1.0,Node,,d/d3-force/d3-force.sh,https://github.com/d3/d3-force.git
d3-force,d3-force,v1.1.0,Node,,d/d3-force/d3-force_ubuntu_16.04.sh,https://github.com/d3/d3-force.git
d3-format,d3-format,${1:-,Node,Node:16,d/d3-format/d3-format.sh,https://github.com/d3/d3-format
d3-format,d3-format,1.2.2,Node,,d/d3-format/d3-format_rhel_8.3.sh,https://github.com/d3/d3-format
d3-hierarchy,d3-hierarchy,${1:-,Node,Node:16,d/d3-hierarchy/d3-hierarchy.sh,https://github.com/d3/d3-hierarchy
d3-hierarchy,d3-hierarchy,1.1.5,Node,,d/d3-hierarchy/d3-hierarchy_rhel_8.3.sh,https://github.com/d3/d3-hierarchy
d3-path,d3-path,1.0.5,Node,,d/d3-path/d3-path.sh,https://github.com/d3/d3-path
d3-path,d3-path,1.0.5,Node,,d/d3-path/d3-path_rhel_8.3.sh,https://github.com/d3/d3-path
d3-path,d3-path,v3.1.0,Node,,d/d3-path/d3-path_v3.1.0.sh,https://github.com/d3/d3-path
d3-polygon,d3-polygon,${1:-,Node,Node:16,d/d3-polygon/d3-polygon.sh,https://github.com/d3/d3-polygon
d3-polygon,d3-polygon,1.0.3,Node,,d/d3-polygon/d3-polygon_rhel_8.3.sh,https://github.com/d3/d3-polygon
d3-polygon,d3-polygon,${1:-,Node,Node:16,d/d3-polygon/d3-polygon_ubi_8_5.sh,https://github.com/d3/d3-polygon
d3-quadtree,d3-quadtree,${1:-,Node,Node:16,d/d3-quadtree/d3-quadtree.sh,https://github.com/d3/d3-quadtree
d3-quadtree,d3-quadtree,1.0.3,Node,,d/d3-quadtree/d3-quadtree_rhel_8.3.sh,https://github.com/d3/d3-quadtree
d3-quadtree,d3-quadtree,${1:-,Node,Node:16,d/d3-quadtree/d3-quadtree_ubi_8_5.sh,https://github.com/d3/d3-quadtree
d3-queue,d3-queue,3.0.7,Node,,d/d3-queue/d3-queue.sh,https://github.com/d3/d3-queue
d3-random,d3-random,v3.0.1,Node,,d/d3-random/d3-random.sh,https://github.com/d3/d3-random
d3-random,d3-random,1.1.0,Node,,d/d3-random/d3-random_rhel_8.3.sh,https://github.com/d3/d3-random
d3-request,d3-request,1.0.6,Node,,d/d3-request/d3-request.sh,https://github.com/d3/d3-request
d3-scale,d3-scale,${1:-,Node,Node:16,d/d3-scale/d3-scale.sh,https://github.com/d3/d3-scale
d3-scale,d3-scale,1.0.7,Node,,d/d3-scale/d3-scale_rhel_8.3.sh,https://github.com/d3/d3-scale
d3-selection,d3-selection,1.3.0,Node,,d/d3-selection/d3-selection.sh,https://github.com/d3/d3-selection
d3-selection,d3-selection,1.3.0,Node,,d/d3-selection/d3-selection_rhel_8.3.sh,https://github.com/d3/d3-selection
d3-selection,d3-selection,v3.0.0,Node,Node:16,d/d3-selection/d3-selection_v3.0.0.sh,https://github.com/d3/d3-selection
d3-shape,d3-shape,v3.2.0,Node,Node:16,d/d3-shape/d3-shape.sh,https://github.com/d3/d3-shape
d3-time,d3-time,1.0.8,Node,,d/d3-time/d3-time.sh,https://github.com/d3/d3-time
d3-time,d3-time,1.0.8,Node,,d/d3-time/d3-time_rhel_8.3.sh,https://github.com/d3/d3-time
d3-time,d3-time,v3.1.0,Node,,d/d3-time/d3-time_v3.1.0.sh,https://github.com/d3/d3-time
d3-time-format,d3-time-format,2.1.1,Node,,d/d3-time-format/d3-time-format.sh,https://github.com/d3/d3-time-format
d3-time-format,d3-time-format,2.1.1,Node,,d/d3-time-format/d3-time-format_rhel_8.3.sh,https://github.com/d3/d3-time-format
d3-time-format,d3-time-format,v4.1.0,Node,Node:16,d/d3-time-format/d3-time-format_v4.1.0.sh,https://github.com/d3/d3-time-format
d3-timer,d3-timer,v1.0.9,Node,,d/d3-timer/d3-timer.sh,https://github.com/d3/d3-timer.git
d3-transition,d3-transition,v3.0.1,Node,,d/d3-transition/d3-transition.sh,https://github.com/d3/d3-transition.git
d3-transition,d3-transition,1.1.1,Node,,d/d3-transition/d3-transition_rhel_8.3.sh,https://github.com/d3/d3-transition
d3-voronoi,d3-voronoi,1.1.2,Node,,d/d3-voronoi/d3-voronoi.sh,https://github.com/d3/d3-voronoi
d3-zoom,d3-zoom,v3.0.0,Node,,d/d3-zoom/d3-zoom.sh,https://github.com/d3/d3-zoom.git
d3-zoom,d3-zoom,1.7.1,Node,,d/d3-zoom/d3-zoom_rhel_8.3.sh,https://github.com/d3/d3-zoom
dabh__diagnostics,@dabh/diagnostics,2.0.2,Node,,d/dabh__diagnostics/dabh__diagnostics.sh,https://github.com/3rd-Eden/diagnostics
dagre,dagre,0.8.3-pre,Node,,d/dagre/dagre.sh,https://github.com/dagrejs/dagre.git
damerau-levenshtein,damerau-levenshtein,1.0.6,Node,,d/damerau-levenshtein/damerau-levenshtein.sh,https://github.com/tad-lispy/node-damerau-levenshtein
dargs,dargs,6.1.0,Node,,d/dargs/dargs.sh,https://github.com/sindresorhus/dargs
dashdash,dashdash,1.14.1,Node,,d/dashdash/dashdash.sh,https://github.com/trentm/node-dashdash
dasherize,dasherize,2.0.0,Node,,d/dasherize/dasherize.sh,https://github.com/shahata/dasherize
dask,dask,2.20.0}  # Default version set to 2.20.0,Python,,d/dask/dask.sh,https://github.com/dask/dask.git
dask,dask,2023.6.0,Python,,d/dask/dask_2023.6.0.sh,https://github.com/dask/dask.git
dask,dask,2.20.0  # Default version set to 2.20.0,Python,,d/dask/dask_ubi_9.3.sh,https://github.com/dask/dask.git
dask,latest_ubuntu_16.04,v1.0.0,Python,,d/dask/prepare.sh,https://github.com/org/repo
data-dog__go-sqlmock,data-dog/go-sqlmock,v1.5.0,Go,,d/data-dog__go-sqlmock/data-dog__go-sqlmock.sh,https://github.com/data-dog/go-sqlmock
data-quality,data-quality,8.0.10,Java,,d/data-quality/data-quality.sh,https://github.com/Talend/data-quality.git
data-urls,data-urls,1.1.0,Node,,d/data-urls/data-urls.sh,https://github.com/jsdom/data-urls
dataTables,dataTables,1.10.11,Node,,d/dataTables/DataTables.sh,https://github.com/DataTables/DataTables.git
datadog-agent,PACKAGE_NAME,v1.0.0,Go,,d/datadog-agent/datadog-agent.sh,https://github.com/org/repo
datadog-agent,datadog-agent,7.38.2,Go,,d/datadog-agent/datadog-agent_7.38.2.sh,https://github.com/DataDog/datadog-agent.git
datadog-agent,datadog-agent,7.38.2,Go,,d/datadog-agent/datadog-agent_7.38.2_ubi_8.5.sh,https://github.com/DataDog/datadog-agent.git
datadog-agent,datadog-agent,7.39.0,Go,,d/datadog-agent/datadog-agent_7.39.0.sh,https://github.com/DataDog/datadog-agent.git
datadog-agent,datadog-agent,7.39.0,Go,,d/datadog-agent/datadog-agent_7.39.0_ubi_8.5.sh,https://github.com/DataDog/datadog-agent.git
datadog-agent,datadog-agent,7.42.2,Go,,d/datadog-agent/datadog-agent_7.42.2.sh,https://github.com/DataDog/datadog-agent.git
datadog-agent,datadog-agent,7.42.2,Go,,d/datadog-agent/datadog-agent_7.42.2_ubi_8.5.sh,https://github.com/DataDog/datadog-agent.git
datadog-agent,datadog-agent,7.54.1,Go,Go:1.22.0,d/datadog-agent/datadog-agent_7.54.1.sh,https://github.com/DataDog/datadog-agent.git
datadog-agent,datadog-agent,main,Go,,d/datadog-agent/datadog-agent_ubi_8.4.sh,https://github.com/DataDog/datadog-agent.git
datadog-agent,datadog-agent,7.21.0,Python,,d/datadog-agent/datadog_sles12_sp5.sh,https://github.com/DataDog/datadog-agent.git
datadog-go,datadog-go,${1:-,Go,"Go:""1.15""",d/datadog-go/datadog-go.sh,https://github.com/DataDog/datadog-go
datasource-proxy,datasource-proxy,datasource-proxy-1.10,Java,,d/datasource-proxy/datasource-proxy.sh,https://github.com/jdbc-observations/datasource-proxy
date-fns,date-fns,v1.29.0,Node,,d/date-fns/date-fns.sh,https://github.com/date-fns/date-fns.git
date-format,date-format,v4.0.14,Node,,d/date-format/date-format.sh,https://github.com/nomiddlename/date-format.git
date-format,date-format,1.2.0,Node,,d/date-format/date-format_rhel_8.3.sh,https://github.com/nomiddlename/date-format
date.js,date.js,0.3.3,Node,,d/date.js/date.js.sh,https://github.com/MatthewMueller/date
dc-js,dc-js,4.2.7,Node,,d/dc-js/dc-js_4.2.7.sh,https://github.com/dc-js/dc.js.git
dc-js,dc.js,4.2.7,Node,,d/dc-js/dc-js_v4.2.7.sh,https://github.com/dc-js/dc.js.git
dc-js,dc.js,4.2.7,Node,,d/dc-js/dc-js_v4.2.7_ubuntu_18.04.sh,https://github.com/dc-js/dc.js.git
debounce,debounce,1.2.1,Node,,d/debounce/debounce.sh,https://github.com/component/debounce
debounce-promise,debounce-promise,master,Node,,d/debounce-promise/debounce-promise.sh,https://github.com/bjoerge/debounce-promise.git
debounce-promise,debounce-promise,master,Node,,d/debounce-promise/debounce-promise_ubuntu_16.04.sh,https://github.com/bjoerge/debounce-promise.git
debug,debug,4.2.0,Node,,d/debug/debug.sh,https://github.com/visionmedia/debug.git
debug-log,debug-log,1.0.1,Node,,d/debug-log/debug-log.sh,https://github.com/sindresorhus/debug-log
decamelize,decamelize,4.0.0,Node,,d/decamelize/decamelize.sh,https://github.com/sindresorhus/decamelize
decamelize-keys,decamelize-keys,v2.0.1,Node,Node:20,d/decamelize-keys/decamelize-keys.sh,https://github.com/sindresorhus/decamelize-keys
decamelize-keys,decamelize-keys,v1.1.0,Node,,d/decamelize-keys/decamelize-keys_rhel_7.6.sh,https://github.com/dsblv/decamelize-keys.git
decimal,decimal,v1.3.1,Go,Go:1.20.1,d/decimal/decimal.sh,https://github.com/shopspring/decimal
decimal,github.com/shopspring/decimal,v0.0.0-20200227202807-02e2044944cc,Go,,d/decimal/github.com__shopspring__decimal.sh,https://github.com/shopspring/decimal
decimal,github.com/shopspring/decimal,v0.0.0-20200227202807-02e2044944cc,Go,,d/decimal/github.com__shopspring__decimal_rhel_8.3.sh,https://github.com/shopspring/decimal
decimal.js,decimal.js,v10.4.3,Node,Node:16,d/decimal.js/decimal.js.sh,https://github.com/MikeMcl/decimal.js
decimal.js,decimal.js,10.2.0,Node,,d/decimal.js/decimal.js_rhel_8.3.sh,https://github.com/MikeMcl/decimal.js
deckarep__golang-set,deckarep/golang-set,v1.7.1,Go,,d/deckarep__golang-set/deckarep__golang-set.sh,https://github.com/deckarep/golang-set
decode-uri-component,decode-uri-component,0.2.0,Node,,d/decode-uri-component/decode-uri-component.sh,https://github.com/samverschueren/decode-uri-component
decompress-response,decompress-response,v8.1.0,Node,Node:16,d/decompress-response/decompress-response.sh,https://github.com/sindresorhus/decompress-response
decompress-response,decompress-response,6.0.0,Node,,d/decompress-response/decompress-response_rhel_8.3.sh,https://github.com/sindresorhus/decompress-response
deep-diff,deep-diff,0.3.8,Node,,d/deep-diff/deep-diff.sh,https://github.com/flitbit/diff
deep-equal,deep-equal,2.0.4,Node,,d/deep-equal/deep-equal.sh,https://github.com/inspect-js/node-deep-equal
deep-extend,deep-extend,0.6.0,Node,,d/deep-extend/deep-extend.sh,https://github.com/unclechu/node-deep-extend
deep-get-set,deep-get-set,0.1.1,Node,,d/deep-get-set/deep-get-set.sh,https://github.com/acstll/deep-get-set
deep-is,deep-is,0.1.3,Node,,d/deep-is/deep-is.sh,http://github.com/thlorenz/deep-is
deepmerge,deepmerge,4.2.2,Node,,d/deepmerge/deepmerge.sh,https://github.com/TehShrike/deepmerge
default,default,0.1.1,Node,,d/default/default.sh,https://github.com/safareli/default.git
default-compare,default-compare,1.0.0,Node,,d/default-compare/default-compare.sh,https://github.com/doowb/default-compare
defaults,defaults,1.0.3,Node,,d/defaults/defaults.sh,https://github.com/tmpvar/defaults
defer-to-connect,defer-to-connect,2.0.1,Node,,d/defer-to-connect/defer-to-connect.sh,https://github.com/szmarczak/defer-to-connect
defer-to-connect,defer-to-connect,1.1.0,Node,,d/defer-to-connect/defer-to-connect_ubi8.sh,https://github.com/szmarczak/defer-to-connect
define-property,define-property,2.0.2,Node,,d/define-property/define-property.sh,https://github.com/jonschlinkert/define-property
defined,defined,1.0.0,Node,,d/defined/defined.sh,https://github.com/substack/defined
defs,defs,1.1.1,Node,,d/defs/defs.sh,https://github.com/olov/defs
deglob,deglob,master,Node,,d/deglob/deglob.sh,https://github.com/flet/deglob
del,del,4.1.1,Node,,d/del/del.sh,https://github.com/sindresorhus/del
delayed-stream,delayed-stream,1.0.0,Node,,d/delayed-stream/delayed-stream.sh,https://github.com/felixge/node-delayed-stream
demjson,demjson,release-2.2.4,Python,,d/demjson/demjson.sh,https://github.com/dmeranda/demjson.git
denque,denque,1.5.0,Node,,d/denque/denque.sh,https://github.com/invertase/denque
depd,depd,1.1.1,Node,,d/depd/depd.sh,https://github.com/dougwilson/nodejs-depd
derby,derby,10.14.1.0,Java,,d/derby/derby.sh,https://github.com/apache/derby.git
derby,derby,10.14.1.0,Java,,d/derby/derby_ubuntu_16.04.sh,https://github.com/apache/derby.git
deref,deref,0.7.6,Node,,d/deref/deref.sh,https://github.com/json-schema-faker/deref
des.js,des.js,1.0.1,Node,,d/des.js/des.js.sh,https://github.com/indutny/des.js
destroy,destroy,1.0.4,Node,,d/destroy/destroy.sh,https://github.com/stream-utils/destroy
detect-conflict,detect-conflict,1.0.1,Node,,d/detect-conflict/detect-conflict.sh,https://github.com/SBoudrias/detect-conflict
detect-file,detect-file,1.0.0,Node,,d/detect-file/detect-file.sh,https://github.com/doowb/detect-file
detect-indent,detect-indent,main,Node,,d/detect-indent/detect-indent.sh,https://github.com/sindresorhus/detect-indent
detect-indent,detect-indent,3.0.1,Node,,d/detect-indent/detect-indent_rhel_8.3.sh,https://github.com/sindresorhus/detect-indent
detect-newline,detect-newline,3.1.0,Node,,d/detect-newline/detect-newline.sh,https://github.com/sindresorhus/detect-newline
detect-port-alt,detect-port-alt,1.1.6,Node,,d/detect-port-alt/detect-port-alt.sh,https://github.com/node-modules/detect-port
detective,detective,4.7.1,Node,,d/detective/detective.sh,https://github.com/browserify/detective
devfile-converter,devfile-converter,main,Node,,d/devfile-converter/devfile-converter.sh,https://github.com/che-incubator/devfile-converter.git
devportal,devportal,apic_v10.0.1.1,PHP,,d/devportal/devportal_ubi_8.5.sh.sh,https://github.com/ibm-apiconnect/devportal.git
dex,dex,v2.35.3,Go,,d/dex/dex_v2.35.3.sh,https://github.com/dexidp/dex.git
dezalgo,dezalgo,1.0.3,Node,,d/dezalgo/dezalgo.sh,https://github.com/npm/dezalgo
dezalgo,dezalgo,1.0.3,Node,,d/dezalgo/dezalgo_ubuntu_18.04.sh,https://github.com/npm/dezalgo.git
dflydev-placeholder-resolver,dflydev-placeholder-resolver,v1.0.2,PHP,,d/dflydev-placeholder-resolver/dflydev-placeholder-resolver_8.5.sh,https://github.com/dflydev/dflydev-placeholder-resolver.git
dflydev__dot-access-data,dflydev/dot-access-data,1.1.0,PHP,,d/dflydev__dot-access-data/dflydev__dot-access-data.sh,https://github.com/dflydev/dflydev-dot-access-data
dflydev__dot-access-data,dflydev/dot-access-data,1.1.0,PHP,,d/dflydev__dot-access-data/dflydev__dot-access-data_rhel_8.3.sh,https://github.com/dflydev/dflydev-dot-access-data
dflydev__dot-access-data,dflydev/dot-access-data,v2.0.0,PHP,,d/dflydev__dot-access-data/dot-access-data.sh,https://github.com/dflydev/dflydev-dot-access-data
dgrid,dgrid,1.2.1,Node,,d/dgrid/dgrid.sh,https://github.com/SitePen/dgrid
dgrijalva__jwt-go,dgrijalva/jwt-go,3.2.0,Go,,d/dgrijalva__jwt-go/dgrijalva__jwt-go.sh,https://github.com/dgrijalva/jwt-go
diagnostics,diagnostics,1.1.1,Node,,d/diagnostics/diagnostics.sh,https://github.com/3rd-Eden/diagnostics
dicer,dicer,0.2.5,Node,,d/dicer/dicer.sh,https://github.com/mscdex/dicer
diffie-hellman,diffie-hellman,v5.0.3,Node,Node:4,d/diffie-hellman/diffie-hellman.sh,https://github.com/browserify/diffie-hellman
difunc,difunc,0.0.4,Node,,d/difunc/difunc.sh,https://github.com/kogosoftwarellc/js-difunc
digest,digest,0.6.37,R,,d/digest/digest.sh,https://github.com/cran/digest.git
digraph-parser,digraph-parser,v1.0,Java,,d/digraph-parser/digraph-parser.sh,https://github.com/paypal/digraph-parser.git
dill,dill,0.3.8,Python,,d/dill/dill.sh,https://github.com/uqfoundation/dill
dill,dill,0.2.5,Python,,d/dill/dill_rhel_7.3.sh,https://github.com/uqfoundation/dill/
dill,dill,dill-0.3.7,Python,,d/dill/dill_ubi_8.7.sh,https://github.com/uqfoundation/dill
dir-glob,dir-glob,3.0.1,Node,,d/dir-glob/dir-glob.sh,https://github.com/kevva/dir-glob
directory-server,directory-server,2.0.0-M24,Java,,d/directory-server/directory-server.sh,https://github.com/apache/directory-server
directory-server,directory-server,2.0.0-M24,Java,,d/directory-server/directory-server_ubuntu_16.04.sh,https://github.com/apache/directory-server
directory-server,directory-server,2.0.0.AM26,Java,,d/directory-server/directory-server_v2.0.0.AM26.sh,https://github.com/apache/directory-server.git
directory-server,directory-server,2.0.0.AM26,Java,,d/directory-server/directory-server_v2.0.0.AM26_ubuntu_18.04.sh,https://github.com/apache/directory-server.git
disco,disco,0.5.4,Python,,d/disco/disco.sh,https://github.com/discoproject/disco
disruptor,disruptor,f8d4db46f69e0da19739cbecb973a27498382984,Java,,d/disruptor/com.lmax.disruptor.sh,https://github.com/LMAX-Exchange/disruptor
disruptor,disruptor,3.4.4,Java,,d/disruptor/com.lmax.disruptor_ubi_8.3.sh,https://github.com/LMAX-Exchange/disruptor
distributed,PACKAGE_NAME,v1.0.0,Python,,d/distributed/distributed.sh,https://github.com/org/repo
distributed,distributed,1.16.1,Python,,d/distributed/distributed_rhel_7.3.sh,https://github.com/dask/distributed.git
distributed,distributed,1.16.1,Python,,d/distributed/distributed_ubuntu_16.04.sh,https://github.com/dask/distributed.git
django,django,5.0.7,Python,,d/django/django.sh,https://github.com/django/django
django,django,2.2,Python,,d/django/django_rhel_7.4.sh,https://github.com/django/django.git
django,django,2.2,Python,,d/django/django_ubuntu_16.04.sh,https://github.com/django/django.git
dktest,dktest,"0.3.0,0.3.6",Go,,d/dktest/dktest.sh,https://github.com/dhui/dktest
dm-tree,dm-tree,0.1.7,Python,,d/dm-tree/dm-tree.sh,https://github.com/deepmind/tree
dm-tree,dm-tree,0.1.8,Python,,d/dm-tree/dm-tree_ubi_0.1.8_9.3.sh,https://github.com/deepmind/tree
dns-equal,dns-equal,1.0.0,Node,,d/dns-equal/dns-equal.sh,https://github.com/watson/dns-equal
dns-packet,dns-packet,1.3.1,Node,,d/dns-packet/dns-packet.sh,https://github.com/mafintosh/dns-packet
dns-prefetch-control,dns-prefetch-control,0.1.0,Node,,d/dns-prefetch-control/dns-prefetch-control.sh,https://github.com/helmetjs/dns-prefetch-control
dns-txt,dns-txt,2.0.2,Node,,d/dns-txt/dns-txt.sh,https://github.com/watson/dns-txt
docile,docile,v1.1.5,Ruby,,d/docile/docile.sh,https://github.com/ms-ati/docile
docker,19.03.13_centos8,v1.0.0,Java,,d/docker/docker-entrypoint.sh,https://github.com/org/repo
docker,dind,v1.0.0,Java,,d/docker/dockerd-entrypoint.sh,https://github.com/org/repo
docling,docling,v2.36.0,Python,,d/docling/docling_v2.36.0.sh,https://github.com/${PACKAGE_ORG}/${PACKAGE_NAME}.git
docling,docling,v2.36.0,Python,,d/docling/docling_v2.36.0_ubi9.5.sh,https://github.com/${PACKAGE_ORG}/${PACKAGE_NAME}.git
docling,docling,v2.60.1,Python,,d/docling/docling_v2.60.1.sh,https://github.com/${PACKAGE_ORG}/${PACKAGE_NAME}.git
doctrine,doctrine,1.5.0,Node,,d/doctrine/doctrine.sh,https://github.com/eslint/doctrine
doctrine__annotations,doctrine/annotations,1.4,PHP,,d/doctrine__annotations/doctrine__annotations.sh,https://github.com/doctrine/annotations
doctrine__collections,doctrine/collections,1.3,PHP,,d/doctrine__collections/doctrine__collections.sh,https://github.com/doctrine/collections
doctrine__common,doctrine/common,2.13.3,PHP,,d/doctrine__common/doctrine__common.sh,https://github.com/doctrine/common
doctrine__event-manager,doctrine/event-manager,1.1.0,PHP,,d/doctrine__event-manager/doctrine__event-manager.sh,https://github.com/doctrine/event-manager
doctrine__inflector,doctrine/inflector,1.4.3,PHP,,d/doctrine__inflector/doctrine__inflector.sh,https://github.com/doctrine/inflector
doctrine__instantiator,doctrine/instantiator,1.2,PHP,,d/doctrine__instantiator/doctrine__instantiator.sh,https://github.com/doctrine/instantiator
doctrine__lexer,doctrine/lexer,1.0.1,PHP,,d/doctrine__lexer/doctrine__lexer.sh,https://github.com/doctrine/lexer
doctrine__persistence,doctrine/persistence,1.3.6,PHP,,d/doctrine__persistence/doctrine__persistence.sh,https://github.com/doctrine/persistence
doctrine__reflection,reflection,1.2.0,PHP,,d/doctrine__reflection/doctrine-reflection.sh,https://github.com/doctrine/reflection
doctrine__reflection,doctrine/reflection,1.2,PHP,,d/doctrine__reflection/doctrine__reflection.sh,https://github.com/doctrine/reflection
doctrine__reflection,doctrine/reflection,1.2,PHP,,d/doctrine__reflection/doctrine__reflection_rhel_8.3.sh,https://github.com/doctrine/reflection
doctrine_cache,cache,1.10.2,PHP,,d/doctrine_cache/doctrine-cache.sh,https://github.com/doctrine/cache
dom-converter,dom-converter,0.2.0,Node,,d/dom-converter/dom-converter.sh,https://github.com/AriaMinaei/dom-converter
dom-serializer,dom-serializer,1.2.0,Node,,d/dom-serializer/dom-serializer.sh,https://github.com/cheeriojs/dom-renderer
dom-testing-library,dom-testing-library,${1:-,Node,Node:v14,d/dom-testing-library/dom-testing-library.sh,https://github.com/testing-library/dom-testing-library
dom-testing-library,dom-testing-library,v6.10.0,Node,,d/dom-testing-library/dom-testing-library_ubi_8.3.sh,https://github.com/testing-library/dom-testing-library.git
dom4j,PACKAGE_NAME,v1.0.0,Java,,d/dom4j/dom4j.sh,https://github.com/org/repo
dom4j,dom4j,"2.1.1, 2.1.3",Java,,d/dom4j/dom4j_rhel_7.6.sh,https://github.com/dom4j/dom4j
dom4j,dom4j,version-2.1.4,Java,,d/dom4j/dom4j_version-2.1.4.sh,https://github.com/dom4j/dom4j.git
domain-browser,domain-browser,1.2.0,Node,,d/domain-browser/domain-browser.sh,https://github.com/bevry/domain-browser
domelementtype,domelementtype,v2.3.0,Node,Node:16,d/domelementtype/domelementtype.sh,https://github.com/fb55/domelementtype
domelementtype,domelementtype,2.2.0,Node,,d/domelementtype/domelementtype_rhel_8.3.sh,https://github.com/fb55/domelementtype
domhandler,domhandler,v5.0.3,Node,Node:16,d/domhandler/domhandler.sh,https://github.com/fb55/DomHandler
dompurify,DOMPurify,3.1.2,Node,Node:21,d/dompurify/dompurify.sh,https://github.com/cure53/DOMPurify
domutils,domutils,2.4.4,Node,,d/domutils/domutils.sh,https://github.com/fb55/domutils
dont-sniff-mimetype,dont-sniff-mimetype,1.0.0,Node,,d/dont-sniff-mimetype/dont-sniff-mimetype.sh,https://github.com/helmetjs/dont-sniff-mimetype
dot-case,dot-case,3.0.4,Node,,d/dot-case/dot-case.sh,https://github.com/blakeembrey/change-case
dot-prop,dot-prop,v8.0.2,Node,Node:16,d/dot-prop/dot-prop.sh,https://github.com/sindresorhus/dot-prop
dot-prop,dot-prop,5.3.0,Node,,d/dot-prop/dot-prop_rhel_8.3.sh,https://github.com/sindresorhus/dot-prop
dotignore,dotignore,0.1.2,Node,,d/dotignore/dotignore.sh,https://github.com/bmeck/dotignore
dotsplit.js,dotsplit.js,1.1.0,Node,,d/dotsplit.js/dotsplit.js.sh,https://github.com/wilmoore/dotsplit.js
downshift,downshift,v9.0.4,Node,Node:20,d/downshift/downshift.sh,https://github.com/downshift-js/downshift
downshift,downshift,v5.2.1,Node,,d/downshift/downshift_rhel_8.5.sh,https://github.com/downshift-js/downshift
downshift,downshift,2.0.17,Node,,d/downshift/downshift_ubuntu_18.04.sh,https://github.com/paypal/downshift
drange,drange,1.1.1,Node,,d/drange/drange.sh,https://github.com/fent/node-drange
drawille-blessed-contrib,drawille-blessed-contrib,1.0.0,Node,,d/drawille-blessed-contrib/drawille-blessed-contrib.sh,https://github.com/madbence/node-drawille
dropbox,conda.recipe,v1.0.0,Python,,d/dropbox/build.sh,https://github.com/org/repo
dropzone,dropzone,${1:-,Node,Node:v12.22.4,d/dropzone/dropzone.sh,https://github.com/dropzone/dropzone
drupal-acl,acl,8.x-1.0-beta1,PHP,,d/drupal-acl/drupal-acl.sh,https://git.drupalcode.org/project/acl
drupal-address,address,8.x-1.9,PHP,,d/drupal-address/drupal-address.sh,https://git.drupalcode.org/project/address.git
drupal-addtoany,addtoany,8.x-1.15,PHP,,d/drupal-addtoany/drupal-addtoany.sh,https://git.drupalcode.org/project/addtoany.git
drupal-admin_toolbar,admin_toolbar,3.0.0,PHP,,d/drupal-admin_toolbar/drupal-admin_toolbar.sh,https://git.drupalcode.org/project/admin_toolbar
drupal-adminimal_admin_toolbar,adminimal_admin_toolbar,8.x-1.11,PHP,,d/drupal-adminimal_admin_toolbar/drupal-adminimal_admin_toolbar.sh,https://git.drupalcode.org/project/adminimal_admin_toolbar
drupal-advagg,advagg,8.x-4.1,PHP,,d/drupal-advagg/drupal-advagg.sh,https://git.drupalcode.org/project/advagg
drupal-autocomplete_deluxe,autocomplete_deluxe,2.0.1,PHP,,d/drupal-autocomplete_deluxe/drupal-autocomplete_deluxe.sh,https://git.drupalcode.org/project/autocomplete_deluxe
drupal-autologout,autologout,8.x-1.3,PHP,,d/drupal-autologout/drupal-autologout.sh,https://git.drupalcode.org/project/autologout
drupal-back_to_top,back_to_top,8.x-1.1,PHP,,d/drupal-back_to_top/drupal-back_to_top.sh,https://git.drupalcode.org/project/back_to_top
drupal-blazy,blazy,8.x-2.5,PHP,,d/drupal-blazy/drupal-blazy.sh,https://git.drupalcode.org/project/blazy
drupal-blog,blog,8.x-2.x,PHP,,d/drupal-blog/drupal-blog.sh,https://git.drupalcode.org/project/blog
drupal-bootstrap,bootstrap,8.x-3.x,PHP,,d/drupal-bootstrap/drupal-bootstrap.sh,https://git.drupalcode.org/project/bootstrap
drupal-bootstrap_site_alert,bootstrap_site_alert,8.x-1.9,PHP,,d/drupal-bootstrap_site_alert/drupal-bootstrap_site_alert.sh,https://git.drupalcode.org/project/bootstrap_site_alert
drupal-captcha,captcha,8.x-1.2,PHP,,d/drupal-captcha/drupal-captcha.sh,https://git.drupalcode.org/project/captcha
drupal-change_pwd_page,change_pwd_page,8.x-1.0,PHP,,d/drupal-change_pwd_page/drupal-change_pwd_page.sh,https://git.drupalcode.org/project/change_pwd_page
drupal-check_dns,check_dns,8.x-1.3,PHP,,d/drupal-check_dns/drupal-check_dns.sh,https://git.drupalcode.org/project/check_dns
drupal-config_update,config_update,8.x-1.7,PHP,,d/drupal-config_update/drupal-config_update.sh,https://git.drupalcode.org/project/config_update
drupal-contact_block,contact_block,8.x-2.x,PHP,,d/drupal-contact_block/drupal-contact_block.sh,https://git.drupalcode.org/project/contact_block.git
drupal-contact_storage,contact_storage,8.x-1.1,PHP,,d/drupal-contact_storage/drupal-contact_storage.sh,https://git.drupalcode.org/project/contact_storage
drupal-content_browser,content_browser,8.x-1.0,PHP,,d/drupal-content_browser/drupal-content_browser.sh,https://git.drupalcode.org/project/content_browser
drupal-crop,crop,8.x-2.1,PHP,,d/drupal-crop/drupal-crop.sh,https://git.drupalcode.org/project/crop
drupal-cshs,cshs,8.x-3.x,PHP,,d/drupal-cshs/drupal-cshs.sh,https://git.drupalcode.org/project/cshs
drupal-drush_language,drush_language,8.x-1.0-rc4,PHP,,d/drupal-drush_language/drupal-drush_language.sh,https://git.drupalcode.org/project/drush_language.git
drupal-entity_browser_enhanced,entity_browser_enhanced,8.x-1.0,PHP,,d/drupal-entity_browser_enhanced/drupal-entity_browser_enhanced.sh,https://git.drupalcode.org/project/entity_browser_enhanced.git
drupal-eu_cookie_compliance,eu_cookie_compliance,8.x-1.14,PHP,,d/drupal-eu_cookie_compliance/drupal-eu_cookie_compliance.sh,https://git.drupalcode.org/project/eu-cookie-compliance
drupal-externalauth,externalauth,8.x-1.3,PHP,,d/drupal-externalauth/drupal-externalauth.sh,https://git.drupalcode.org/project/externalauth
drupal-extlink,extlink,8.x-1.6,PHP,,d/drupal-extlink/drupal-extlink.sh,https://git.drupalcode.org/project/extlink
drupal-facets,facets,8.x-1.8,PHP,,d/drupal-facets/drupal-facets.sh,https://git.drupalcode.org/project/facets
drupal-facets_pretty_paths,facets_pretty_paths,8.x-1.1,PHP,,d/drupal-facets_pretty_paths/drupal-facets_pretty_paths.sh,https://git.drupalcode.org/project/facets_pretty_paths
drupal-faqfield,faqfield,8.x-7.0,PHP,,d/drupal-faqfield/drupal-faqfield.sh,https://git.drupalcode.org/project/faqfield.git
drupal-field_encrypt,field_encrypt,8.x-2.0-alpha2,PHP,,d/drupal-field_encrypt/drupal-field_encrypt.sh,https://git.drupalcode.org/project/field_encrypt
drupal-field_group,field_group,8.x-3.1,PHP,,d/drupal-field_group/drupal-field_group.sh,https://git.drupalcode.org/project/field_group
drupal-file_browser,file_browser,8.x-1.3,PHP,,d/drupal-file_browser/drupal-file_browser.sh,https://git.drupalcode.org/project/file_browser
drupal-flood_unblock,flood_unblock,3.2.0,PHP,,d/drupal-flood_unblock/drupal-flood_unblock.sh,https://git.drupalcode.org/project/flood_unblock.git
drupal-focal_point,focal_point,8.x-1.5,PHP,,d/drupal-focal_point/drupal-focal_point.sh,https://git.drupalcode.org/project/focal_point.git
drupal-graphql,graphql,8.x-3.1,PHP,,d/drupal-graphql/drupal-graphql.sh,https://git.drupalcode.org/project/graphql
drupal-graphql_twig,graphql_twig,8.x-1.0-alpha5,PHP,,d/drupal-graphql_twig/drupal-graphql_twig.sh,https://git.drupalcode.org/project/graphql_twig.git/
drupal-gutenberg,gutenberg,8.x-1.14,PHP,,d/drupal-gutenberg/drupal-gutenberg.sh,https://git.drupalcode.org/project/gutenberg.git
drupal-health_check,health_check,8.x-1.3,PHP,,d/drupal-health_check/drupal-health_check.sh,https://git.drupalcode.org/project/health_check.git
drupal-hierarchical_taxonomy_menu,hierarchical_taxonomy_menu,8.x-1.42,PHP,,d/drupal-hierarchical_taxonomy_menu/drupal-hierarchical_taxonomy_menu.sh,https://git.drupalcode.org/project/hierarchical_taxonomy_menu
drupal-intense,intense,8.x-2.3,PHP,,d/drupal-intense/drupal-intense.sh,https://git.drupalcode.org/project/intense.git
drupal-jquery_ui,jquery_ui,8.x-1.4,PHP,,d/drupal-jquery_ui/drupal-jquery_ui.sh,https://git.drupalcode.org/project/jquery_ui
drupal-jquery_ui_accordion,jquery_ui_accordion,8.x-1.1,PHP,,d/drupal-jquery_ui_accordion/drupal-jquery_ui_accordion.sh,https://git.drupalcode.org/project/jquery_ui_accordion
drupal-jquery_ui_datepicker,jquery_ui_datepicker,8.x-1.1,PHP,,d/drupal-jquery_ui_datepicker/drupal-jquery_ui_datepicker.sh,https://git.drupalcode.org/project/jquery_ui_datepicker
drupal-jquery_ui_slider,jquery_ui_slider,8.x-1.1,PHP,,d/drupal-jquery_ui_slider/drupal-jquery_ui_slider.sh,https://git.drupalcode.org/project/jquery_ui_slider
drupal-jwt,jwt,8.x-1.0-rc1,PHP,,d/drupal-jwt/drupal-jwt-ubi_8.5.sh,https://git.drupalcode.org/project/jwt
drupal-key,key,8.x-1.14,PHP,,d/drupal-key/drupal-key.sh,https://git.drupalcode.org/project/key
drupal-lang_dropdown,lang_dropdown,8.x-2.0-beta4,PHP,,d/drupal-lang_dropdown/drupal-lang_dropdown.sh,https://git.drupalcode.org/project/lang_dropdown
drupal-languageicons,languageicons,8.x-1.0-beta3,PHP,,d/drupal-languageicons/drupal-languageicons.sh,https://git.drupalcode.org/project/languageicons
drupal-linkit,linkit,6.0.0-beta3,PHP,,d/drupal-linkit/drupal-linkit.sh,https://git.drupalcode.org/project/linkit
drupal-login_security,login_security,2.0.0,PHP,,d/drupal-login_security/drupal-login_security.sh,https://git.drupalcode.org/project/login_security
drupal-masonry,masonry,8.x-1.2,PHP,,d/drupal-masonry/drupal-masonry.sh,https://git.drupalcode.org/project/masonry
drupal-masonry_views,masonry_views,8.x-1.1,PHP,,d/drupal-masonry_views/drupal-masonry_views.sh,https://git.drupalcode.org/project/masonry_views
drupal-media_entity_twitter,media_entity_twitter,8.x-2.7,PHP,,d/drupal-media_entity_twitter/drupal-media_entity_twitter.sh,https://git.drupalcode.org/project/media_entity_twitter
drupal-message_subscribe,message_subscribe,8.x-1.x,PHP,,d/drupal-message_subscribe/drupal-message_subscribe.sh,https://git.drupalcode.org/project/message_subscribe.git
drupal-mimemail,mimemail,8.x-1.0-alpha3,PHP,,d/drupal-mimemail/drupal-mimemail.sh,https://git.drupalcode.org/project/mimemail
drupal-openapi,openapi,8.x-2.0,PHP,,d/drupal-openapi/drupal-openapi.sh,https://git.drupalcode.org/project/openapi
drupal-password_policy,password_policy,8.x-3.0,PHP,,d/drupal-password_policy/drupal-password_policy.sh,https://git.drupalcode.org/project/password_policy
drupal-recaptcha,recaptcha,8.x-3.0,PHP,,d/drupal-recaptcha/drupal-recaptcha.sh,https://git.drupalcode.org/project/recaptcha
drupal-restui,facets,8.x-1.20,PHP,,d/drupal-restui/drupal-restui.sh,https://git.drupalcode.org/project/restui
drupal-rules,rules,8.x-3.x,PHP,,d/drupal-rules/drupal-rules.sh,https://git.drupalcode.org/project/rules
drupal-scheduler,scheduler,8.x-1.4,PHP,,d/drupal-scheduler/drupal-scheduler.sh,https://git.drupalcode.org/project/scheduler.git
drupal-schema_metatag,schema_metatag,8.x-1.8,PHP,,d/drupal-schema_metatag/drupal-schema_metatag.sh,https://git.drupalcode.org/project/schema_metatag
drupal-search_api,search_api,8.x-1.20,PHP,,d/drupal-search_api/drupal-search_api.sh,https://git.drupalcode.org/project/search_api
drupal-search_api_autocomplete,search_api_autocomplete,8.x-1.5,PHP,,d/drupal-search_api_autocomplete/drupal-search_api_autocomplete.sh,https://git.drupalcode.org/project/search_api_autocomplete.git
drupal-securitytxt,securitytxt,8.x-1.2,PHP,,d/drupal-securitytxt/drupal-securitytxt.sh,https://git.drupalcode.org/project/securitytxt
drupal-simple_sitemap,simple_sitemap,8.x-1.2,PHP,,d/drupal-simple_sitemap/drupal-simple_sitemap.sh,https://git.drupalcode.org/project/simple_sitemap
drupal-slick_extras,slick_extras,8.x-1.0-rc5,PHP,,d/drupal-slick_extras/drupal-slick_extras.sh,https://git.drupalcode.org/project/slick_extras
drupal-slick_views,slick_views,8.x-2.4,PHP,,d/drupal-slick_views/drupal-slick_views.sh,https://git.drupalcode.org/project/slick_views
drupal-social_api,social_api,8.x-2.0-rc4,PHP,,d/drupal-social_api/drupal-social_api.sh,https://git.drupalcode.org/project/social_api
drupal-social_media_links,social_media_links,8.x-2.8,PHP,,d/drupal-social_media_links/drupal-social_media_links.sh,https://git.drupalcode.org/project/social_media_links
drupal-superfish,superfish,8.x-1.4,PHP,,d/drupal-superfish/drupal-superfish.sh,https://git.drupalcode.org/project/superfish
drupal-terms_of_use,terms_of_use,8.x-2.2,PHP,,d/drupal-terms_of_use/drupal-terms_of_use.sh,https://git.drupalcode.org/project/terms_of_use
drupal-twig_tweak,twig_tweak,3.1.3,PHP,,d/drupal-twig_tweak/drupal-twig_tweak.sh,https://git.drupalcode.org/project/twig_tweak
drupal-typed_data,typed_data,8.x-1.0-alpha5,PHP,,d/drupal-typed_data/drupal-typed_data.sh,https://git.drupalcode.org/project/typed_data
drupal-ultimate_cron,ultimate_cron,7.x-2.0,PHP,,d/drupal-ultimate_cron/drupal-ultimate_cron.sh,https://git.drupalcode.org/project/ultimate_cron
drupal-unlimited_number,unlimited_number,2.0.1,PHP,,d/drupal-unlimited_number/drupal-unlimited_number.sh,https://git.drupalcode.org/project/unlimited_number
drupal-views_autocomplete_filters,views_autocomplete_filters,8.x-1.3,PHP,,d/drupal-views_autocomplete_filters/drupal-views_autocomplete_filters.sh,https://git.drupalcode.org/project/views_autocomplete_filters
drupal-views_bootstrap,views_bootstrap,5.3.x,PHP,,d/drupal-views_bootstrap/drupal-views_bootstrap.sh,https://git.drupalcode.org/project/views_bootstrap
drupal-views_data_export,views_data_export,8.x-1.0,PHP,,d/drupal-views_data_export/drupal-views_data_export.sh,https://git.drupalcode.org/project/views_data_export
drupal-views_infinite_scroll,views_infinite_scroll,8.x-1.x,PHP,,d/drupal-views_infinite_scroll/drupal-views_infinite_scroll.sh,https://git.drupalcode.org/project/views_infinite_scroll
drupal-views_slideshow,views_slideshow,8.x-4.8,PHP,,d/drupal-views_slideshow/drupal-views_slideshow.sh,https://git.drupalcode.org/project/views_slideshow
drupal-views_taxonomy_term_name_depth,views_taxonomy_term_name_depth,dev,PHP,,d/drupal-views_taxonomy_term_name_depth/drupal-views_taxonomy_term_name_depth.sh,https://git.drupalcode.org/project/views_taxonomy_term_name_depth
drupal-votingapi,votingapi,8.x-3.x,PHP,,d/drupal-votingapi/drupal-votingapi.sh,https://git.drupalcode.org/project/votingapi
drupal-warmer,warmer,2.0.3,PHP,,d/drupal-warmer/drupal-warmer.sh,https://git.drupalcode.org/project/warmer
drupal-workbench,workbench,8.x-1.3,PHP,,d/drupal-workbench/drupal-workbench.sh,https://git.drupalcode.org/project/workbench.git
drupal_libraries,libraries,8.x-3.0-beta1,PHP,,d/drupal_libraries/drupal_libraries.sh,https://git.drupalcode.org/project/libraries.git
drupal_mailsystem,mailsystem,8.x-4.3,PHP,,d/drupal_mailsystem/drupal_mailsystem.sh,https://git.drupalcode.org/project/mailsystem
drupal_message,message,8.x-1.2,PHP,,d/drupal_message/drupal_message.sh,https://git.drupalcode.org/project/message
drupal_user_pwreset_timeout,user_pwreset_timeout,8.x-1.2,PHP,,d/drupal_user_pwreset_timeout/drupal_user_pwreset_timeout.sh,https://git.drupalcode.org/project/user_pwreset_timeout
drush,drush,10.x,PHP,,d/drush/drush.sh,https://github.com/drush-ops/drush
dset,dset,3.1.0,Node,,d/dset/dset.sh,https://github.com/lukeed/dset
dsnet__compress,dsnet/compress,0.0.1,Go,,d/dsnet__compress/dsnet__compress.sh,https://github.com/dsnet/compress
dulwich,dulwich,dulwich-0.21.7,Python,,d/dulwich/dulwich_0.21.7.sh,https://github.com/jelmer/dulwich.git
duplex,duplex,1.0.0,Node,,d/duplex/duplex.sh,https://github.com/dominictarr/duplex
duplexer,duplexer,0.1.2,Node,,d/duplexer/duplexer.sh,https://github.com/Raynos/duplexer
duplexer2,duplexer2,0.1.4,Node,,d/duplexer2/duplexer2.sh,https://github.com/deoxxa/duplexer2
duplexer3,duplexer3,v0.1.4,Node,,d/duplexer3/duplexer3.sh,https://github.com/floatdrop/duplexer3.git
duplexify,duplexify,3.5.0,Node,,d/duplexify/duplexify.sh,https://github.com/mafintosh/duplexify
duration,duration,v0.2.2,Node,,d/duration/duration.sh,https://github.com/medikoo/duration
dustjs,dustjs,v3.0.1,Node,Node:16,d/dustjs/dustjs.sh,https://github.com/linkedin/dustjs
dustjs,dustjs,v3.0.0,Node,,d/dustjs/dustjs_ubi_8.3.sh,https://github.com/linkedin/dustjs.git
dustjs-helpers,dustjs-helpers,v1.7.4,Node,,d/dustjs-helpers/dustjs-helpers.sh,https://github.com/LinkedInAttic/dustjs-helpers
dwr,dwr,3.0.2,Java,,d/dwr/DWR.sh,https://svn.directwebremoting.org/dwr/trunk
dwr,dwr,3.0.2,Java,,d/dwr/DWR_ubuntu_16.04.sh,https://svn.directwebremoting.org/dwr/trunk
dygraphs,dygraphs,v2.1.0,Node,,d/dygraphs/dygraphs_2.1.0_master.sh,https://github.com/danvk/$NAME
EVP_BytesToKey,EVP_BytesToKey,v1.0.3,Node,,e/EVP_BytesToKey/EVP_BytesToKey.sh,https://github.com/crypto-browserify/EVP_BytesToKey.git
Encryptor4j,Encryptor4j,0.1.2 (master),Java,,e/Encryptor4j/Encryptor4j.sh,https://github.com/martinwithaar/Encryptor4j.git
Etienne42__testrail,Etienne42/testrail,9def6bd24a47723c046553ec5504f9ee54b73f9e,Go,,e/Etienne42__testrail/Etienne42__testrail.sh,https://github.com/etienne42/testrail
eachr,eachr,4.5.0,Node,,e/eachr/eachr.sh,https://github.com/bevry/eachr
easyjson,easyjson,2f5df55504ebc322e4d52d34df6a1f5b503bf26d,Go,,e/easyjson/easyjson.sh,https://github.com/mailru/easyjson
easyjson,easyjson,${1:-,Go,"Go:""1.15""",e/easyjson/easyjson_ubi_8.3.sh,https://github.com/mailru/easyjson
ecdsa-sig-formatter,ecdsa-sig-formatter,1.0.10,Node,,e/ecdsa-sig-formatter/ecdsa-sig-formatter.sh,https://github.com/Brightspace/node-ecdsa-sig-formatter
eck-operator,cloud-on-k8s,v2.9.0,Go,,e/eck-operator/eck_operator.sh,https://github.com/elastic/cloud-on-k8s
eclipse-che,che,v1.0.0,Java,,e/eclipse-che/build.sh,https://github.com/org/repo
eclipse-che,che-devfile-registry,7.13.1,Go,,e/eclipse-che/che-devfiles-registry_7.13.1_rhel_7.6.sh,https://github.com/eclipse/che-devfile-registry
eclipse-che,che-jwtproxy,7.9.1,Go,,e/eclipse-che/che-jwtproxy_7.9.1_rhel_7.6.sh,https://github.com/eclipse/che-jwtproxy
eclipse-che,che-plugin-broker,v3.2.0,Go,,e/eclipse-che/che-plugin-broker_3.2.0_rhel_7.6.sh,https://github.com/eclipse/che-plugin-broker
eclipse-che,che-plugin-registry,7.13.1,Go,,e/eclipse-che/che-plugin-registry_7.13.1_rhel_7.6.sh,https://github.com/eclipse/che-plugin-registry
eclipse-che,che-theia,7.13.1,Node,,e/eclipse-che/che-theia_7.13.1_rhel_7.6.sh,https://github.com/eclipse/che-theia
eclipse-che,chectl,latest (20200521073352) (7.13.1),Node,,e/eclipse-che/chectl_rhel_7.6.sh,https://github.com/che-incubator/chectl
eclipse-che,che,v1.0.0,Java,,e/eclipse-che/entrypoint.sh,https://github.com/org/repo
eclipse-che-server,che-server,7.106.0,Java,,e/eclipse-che-server/eclipse-che-server.sh,https://github.com/eclipse-che/che-server
eclipse-collections,eclipse-collections,11.1.0,Java,,e/eclipse-collections/eclipse-collections.sh,https://github.com/eclipse/eclipse-collections.git
eclipse-core,eclipse-core,3.6.0,Java,,e/eclipse-core/eclipse-core.sh,https://mvnrepository.com/artifact/org.eclipse.core/org.eclipse.core.commands
eclipse-datatools,eclipse-datatools,1.0.2,Java,,e/eclipse-datatools/eclipse-datatools.sh,https://mvnrepository.com/artifact/org.eclipse.birt.runtime/org.eclipse.datatools.sqltools.parsers.sql/1.0.2.v201107221520
eclipse-equinox,eclipse-equinox,3.5.101,Java,,e/eclipse-equinox/eclipse-equinox.sh,https://mvnrepository.com/artifact/org.eclipse.equinox/org.eclipse.equinox.registry/3.5.101
eclipse-jem,eclipse-jem,2.0.0,Java,,e/eclipse-jem/eclipse-jem.sh,https://mvnrepository.com/artifact/org.wso2.wsf/org.eclipse.jem/2.0.0
eclipse-osgi,eclipse-osgi,3.7.1,Java,,e/eclipse-osgi/eclipse-osgi.sh,http://central.maven.org/maven2/org/eclipse/osgi/org.eclipse.osgi/3.7.1/org.eclipse.osgi-3.7.1.jar
eclipse-runtime,eclipse-runtime,3.6.0,Java,,e/eclipse-runtime/eclipse-runtime.sh,http://repository.mulesoft.org/releases/org/eclipse/eclipse-runtime/3.6.0.v20100505/eclipse-runtime-3.6.0.v20100505.jar
editor,editor,1.0.0,Node,,e/editor/editor.sh,https://github.com/substack/node-editor
ee-first,ee-first,1.1.1,Node,,e/ee-first/ee-first.sh,https://github.com/jonathanong/ee-first
egeria,egeria,V4.3,Java,,e/egeria/egeria.sh,https://github.com/odpi/egeria.git
egeria,egeria,V4.0,Java,,e/egeria/egeria_ubi_8.7.sh,https://github.com/odpi/egeria.git
egeria,egeria,egeria-release-2.10,Java,,e/egeria/egeria_ubuntu_20.04.sh,https://github.com/odpi/egeria
egulias__email-validator,egulias/email-validator,2.1.15,PHP,,e/egulias__email-validator/egulias__email-validator.sh,https://github.com/egulias/EmailValidator
ehcache3,ehcache3,v3.10.8,Java,,e/ehcache3/ehcache3.sh,https://github.com/ehcache/ehcache3
eigenbase-properties,eigenbase-properties,1.1.5,Java,,e/eigenbase-properties/eigenbase-properties.sh,https://github.com/julianhyde/eigenbase-properties
ejml,ejml,0.33,Java,,e/ejml/ejml.sh,https://github.com/lessthanoptimal/ejml
ejs,ejs,v3.1.10,Node,Node:20.14.0,e/ejs/ejs_v3.1.10.sh,https://github.com/mde/ejs.git
elastic,github.com/olivere/elastic/v7,v7.0.22,Go,,e/elastic/elastic.sh,https://github.com/olivere/elastic
elasticsearch,bin,v1.0.0,Node,,e/elasticsearch/docker-entrypoint.sh,https://github.com/org/repo
elasticsearch,PACKAGE_NAME,v1.0.0,Java,,e/elasticsearch/elasticsearch_5.5.3.sh,https://github.com/org/repo
elasticsearch,elasticsearch,5.5.3,Java,,e/elasticsearch/elasticsearch_5.5.3_rhel_7.4.sh,https://github.com/elastic/elasticsearch.git
elasticsearch,PACKAGE_NAME,v1.0.0,Java,,e/elasticsearch/elasticsearch_5.6.3.sh,https://github.com/org/repo
elasticsearch,elasticsearch,5.6.3,Java,,e/elasticsearch/elasticsearch_5.6.3_rhel_7.4.sh,https://github.com/elastic/elasticsearch.git
elasticsearch,PACKAGE_NAME,v1.0.0,Java,,e/elasticsearch/elasticsearch_6.5.4.sh,https://github.com/org/repo
elasticsearch,elasticsearch,6.5.4,Java,,e/elasticsearch/elasticsearch_6.5.4_rhel_7.6.sh,https://github.com/elastic/elasticsearch.git
elasticsearch,elasticsearch,6.5.4,Java,,e/elasticsearch/elasticsearch_6.5.4_ubuntu_18.04.sh,https://github.com/elastic/elasticsearch.git
elasticsearch,PACKAGE_NAME,v1.0.0,Java,,e/elasticsearch/elasticsearch_6.7.2.sh,https://github.com/org/repo
elasticsearch,elasticsearch,6.7.2,Java,,e/elasticsearch/elasticsearch_6.7.2_rhel_7.6.sh,https://github.com/elastic/elasticsearch.git
elasticsearch,PACKAGE_NAME,v1.0.0,Java,,e/elasticsearch/elasticsearch_7.2.1.sh,https://github.com/org/repo
elasticsearch,elasticsearch,7.2.1,Java,,e/elasticsearch/elasticsearch_7.2.1_rhel_7.6.sh,https://github.com/elastic/elasticsearch.git
elasticsearch,PACKAGE_NAME,v1.0.0,Java,,e/elasticsearch/elasticsearch_7.4.sh,https://github.com/org/repo
elasticsearch,elasticsearch,7.4,Java,,e/elasticsearch/elasticsearch_7.4_rhel_7.6.sh,https://github.com/elastic/elasticsearch.git
elasticsearch,PACKAGE_NAME,v1.0.0,Java,,e/elasticsearch/elasticsearch_7.6.0.sh,https://github.com/org/repo
elasticsearch,elasticsearch,7.6.0,Java,,e/elasticsearch/elasticsearch_7.6.0_rhel_7.6.sh,https://github.com/elastic/elasticsearch.git
elasticsearch,PACKAGE_NAME,v1.0.0,Java,,e/elasticsearch/elasticsearch_7.8.0.sh,https://github.com/org/repo
elasticsearch,elasticsearch,7.8.0,Java,,e/elasticsearch/elasticsearch_7.8.0_rhel_7.6.sh,https://github.com/elastic/elasticsearch.git
elasticsearch,PACKAGE_NAME,v1.0.0,Java,,e/elasticsearch/elasticsearch_7.8.1.sh,https://github.com/org/repo
elasticsearch,elasticsearch,7.8.1,Java,,e/elasticsearch/elasticsearch_7.8.1_rhel_8.3.sh,https://github.com/elastic/elasticsearch.git
elasticsearch,PACKAGE_NAME,v1.0.0,Java,,e/elasticsearch/elasticsearch_7.9.1.sh,https://github.com/org/repo
elasticsearch,elasticsearch,7.9.1,Java,,e/elasticsearch/elasticsearch_7.9.1_rhel_7.6.sh,https://github.com/elastic/elasticsearch.git
elasticsearch,PACKAGE_NAME,v1.0.0,Java,,e/elasticsearch/elasticsearch_v7.11.2.sh,https://github.com/org/repo
elasticsearch,elasticsearch,v7.11.2,Java,,e/elasticsearch/elasticsearch_v7.11.2_ubi_8.5.sh,https://github.com/elastic/elasticsearch.git
elasticsearch,PACKAGE_NAME,v1.0.0,Java,,e/elasticsearch/elasticsearch_v7.12.0.sh,https://github.com/org/repo
elasticsearch,elasticsearch,v7.12.0,Java,,e/elasticsearch/elasticsearch_v7.12.0_ubi_8.5.sh,https://github.com/elastic/elasticsearch.git
elasticsearch,PACKAGE_NAME,v1.0.0,Java,,e/elasticsearch/elasticsearch_v7.13.0.sh,https://github.com/org/repo
elasticsearch,elasticsearch,7.13.0,Java,,e/elasticsearch/elasticsearch_v7.13.0_ubi_8.5.sh,https://github.com/elastic/elasticsearch.git
elasticsearch,PACKAGE_NAME,v1.0.0,Java,,e/elasticsearch/elasticsearch_v7.16.3.sh,https://github.com/org/repo
elasticsearch,elasticsearch,7.16.3,Java,,e/elasticsearch/elasticsearch_v7.16.3_ubi_8.5.sh,https://github.com/elastic/elasticsearch.git
elasticsearch,PACKAGE_NAME,v1.0.0,Java,,e/elasticsearch/elasticsearch_v7.17.10.sh,https://github.com/org/repo
elasticsearch,elasticsearch,7.17.10,Java,,e/elasticsearch/elasticsearch_v7.17.10_ubi_8.5.sh,https://github.com/elastic/elasticsearch.git
elasticsearch,elasticsearch,v1.0.0,Java,,e/elasticsearch/elasticsearch_v7.17.14.sh,https://github.com/elastic/elasticsearch.git
elasticsearch,elasticsearch,7.17.14,Java,,e/elasticsearch/elasticsearch_v7.17.14_ubi_9.3.sh,https://github.com/elastic/elasticsearch.git
elasticsearch,PACKAGE_NAME,v1.0.0,Java,,e/elasticsearch/elasticsearch_v7.17.2.sh,https://github.com/org/repo
elasticsearch,elasticsearch,7.17.2,Java,,e/elasticsearch/elasticsearch_v7.17.2_ubi_8.5.sh,https://github.com/elastic/elasticsearch.git
elasticsearch,PACKAGE_NAME,v1.0.0,Java,,e/elasticsearch/elasticsearch_v8.1.0.sh,https://github.com/org/repo
elasticsearch,elasticsearch,8.1.0,Java,,e/elasticsearch/elasticsearch_v8.1.0_ubi_8.5.sh,https://github.com/elastic/elasticsearch.git
elasticsearch,PACKAGE_NAME,v1.0.0,Java,,e/elasticsearch/elasticsearch_v8.1.1.sh,https://github.com/org/repo
elasticsearch,elasticsearch,8.1.1,Java,,e/elasticsearch/elasticsearch_v8.1.1_ubi_8.5.sh,https://github.com/elastic/elasticsearch.git
elasticsearch,elasticsearch,${SCRIPT_PACKAGE_VERSION},Java,,e/elasticsearch/elasticsearch_v8.18.6.sh,https://github.com/elastic/elasticsearch.git
elasticsearch,PACKAGE_NAME,v1.0.0,Java,,e/elasticsearch/elasticsearch_v8.2.1.sh,https://github.com/org/repo
elasticsearch,elasticsearch,8.2.1,Java,,e/elasticsearch/elasticsearch_v8.2.1_ubi_8.5.sh,https://github.com/elastic/elasticsearch.git
elasticsearch,PACKAGE_NAME,v1.0.0,Java,,e/elasticsearch/elasticsearch_v8.3.2.sh,https://github.com/org/repo
elasticsearch,elasticsearch,8.3.2,Java,,e/elasticsearch/elasticsearch_v8.3.2_ubi_8.5.sh,https://github.com/elastic/elasticsearch.git
elazarl__go-bindata-assetfs,elazarl/go-bindata-assetfs,3dcc96556217539f50599357fb481ac0dc7439b9,Go,,e/elazarl__go-bindata-assetfs/elazarl__go-bindata-assetfs.sh,https://github.com/elazarl/go-bindata-assetfs
electron-is-dev,electron-is-dev,1.2.0,Node,,e/electron-is-dev/electron-is-dev.sh,https://github.com/sindresorhus/electron-is-dev
electron-to-chromium,electron-to-chromium,1.3.723,Node,,e/electron-to-chromium/electron-to-chromium.sh,https://github.com/kilian/electron-to-chromium
elliptic,elliptic,6.5.4,Node,,e/elliptic/elliptic.sh,https://github.com/indutny/elliptic
em-websocket,em-websocket,v0.5.3,Ruby,,e/em-websocket/em-websocket.sh,https://github.com/igrigorik/em-websocket
emicklei__go-restful,emicklei/go-restful,ff4f55a206334ef123e4f79bbf348980da81ca46,Go,,e/emicklei__go-restful/emicklei__go-restful.sh,https://github.com/emicklei/go-restful
emicklei__go-restful-swagger12,emicklei/go-restful-swagger12,dcef7f55730566d41eae5db10e7d6981829720f6,Go,,e/emicklei__go-restful-swagger12/emicklei__go-restful-swagger12.sh,https://github.com/emicklei/go-restful-swagger12
emitter-listener,emitter-listener,1.1.2,Node,,e/emitter-listener/emitter-listener.sh,https://github.com/othiym23/emitter-listener
emogrifier,emogrifier,v5.0.0,PHP,,e/emogrifier/emogrifier_8.5.sh,https://github.com/MyIntervals/emogrifier.git
emoji-regex,emoji-regex,8.0.0,Node,,e/emoji-regex/emoji-regex.sh,https://github.com/mathiasbynens/emoji-regex
emojis-list,emojis-list,2.1.0,Node,,e/emojis-list/emojis-list.sh,https://github.com/kikobeats/emojis-list
empty,empty,master,Node,,e/empty/empty.sh,https://github.com/iclanzan/empty.git
enabled,enabled,2.0.0,Node,,e/enabled/enabled.sh,https://github.com/3rd-Eden/enabled
encode-3986,encode-3986,1.0.0,Node,,e/encode-3986/encode-3986.sh,https://github.com/m59peacemaker/js-encode-3986
encodeurl,encodeurl,1.0.2,Node,,e/encodeurl/encodeurl.sh,https://github.com/pillarjs/encodeurl
encoding,encoding,0.1.12,Node,,e/encoding/encoding.sh,https://github.com/andris9/encoding.git
encoding,encoding,0.1.12,Node,,e/encoding/encoding_ubuntu_18.04.sh,https://github.com/andris9/encoding
encog,encog,3.4,Java,,e/encog/encog.sh,https://github.com/encog
encog,encog,3.4,Java,,e/encog/encog_ubuntu_16.04.sh,https://github.com/encog
end-of-stream,end-of-stream,v1.4.4,Node,,e/end-of-stream/end-of-stream.sh,https://github.com/mafintosh/end-of-stream
ender-js,ender-js,2.0.0,Node,,e/ender-js/ender-js.sh,https://github.com/ender-js/ender-js
engine.io-parser,PACKAGE_NAME,2.1.3,Node,,e/engine.io-parser/engine.io-parser.sh,https://github.com/org/repo
engine.io-parser,engine.io-parser,2.1.3,Node,,e/engine.io-parser/engine.io-parser_rhel_7.6.sh,https://github.com/socketio/engine.io-parser.git
enhanced-resolve,enhanced-resolve,7d273fc,Node,,e/enhanced-resolve/enhanced-resolve.sh,https://github.com/webpack/enhanced-resolve.git
enquirer,enquirer,2.3.5,Node,,e/enquirer/enquirer.sh,https://github.com/enquirer/enquirer
ent,ent,2.2.0,Node,,e/ent/ent.sh,https://github.com/substack/node-ent
enterprise-beans,enterprise-beans,4.0.1-RELEASE,Java,,e/enterprise-beans/enterprise-beans.sh,https://github.com/jakartaee/enterprise-beans.git
entities,entities,2.2.0,Node,,e/entities/entities.sh,https://github.com/fb55/entities
entities,entities,2.2.0,Node,,e/entities/entities_rhel_8.3.sh,https://github.com/fb55/entities
entrypoints,entrypoints,0.4,Python,,e/entrypoints/entrypoints.sh,https://github.com/takluyver/entrypoints
entrypoints,entrypoints,0.2.2,Python,,e/entrypoints/entrypoints_rhel_7.3.sh,https://github.com/takluyver/entrypoints
env-paths,env-paths,2.2.0,Node,,e/env-paths/env-paths.sh,https://github.com/sindresorhus/env-paths
env-variable,env-variable,0.0.6,Node,,e/env-variable/env-variable.sh,https://github.com/3rd-Eden/env-variable
envify,envify,3.4.1,Node,,e/envify/envify.sh,https://github.com/hughsk/envify
envoyproxy,envoyproxy,v2.2,Go,,e/envoyproxy/envoy.sh,https://github.com/maistra/envoy.git
envoyproxy,PACKAGE_NAME,v1.0.0,Python,,e/envoyproxy/envoyproxy_envoy.sh,https://github.com/org/repo
envoyproxy,envoyproxy,v1.19.1,Python,,e/envoyproxy/envoyproxy_envoy_ubi_8.4.sh,https://github.com/envoyproxy/envoy.git
envoyproxy__go-control-plane,envoyproxy/go-control-plane,v0.9.9-0.20201210154907-fd9021fe5dad,Go,,e/envoyproxy__go-control-plane/envoyproxy__go-control-plane.sh,https://github.com/envoyproxy/go-control-plane
envy,envy,1.7.1 - latest,Go,,e/envy/envy.sh,https://github.com/gobuffalo/envy
enyo__dropzone,enyo/dropzone,v5.9.2,PHP,,e/enyo__dropzone/enyo__dropzone.sh,https://github.com/dropzone/dropzone-packagist
enzyme,enzyme,master,Node,,e/enzyme/enzyme.sh,https://github.com/airbnb/enzyme.git
enzyme,enzyme,master,Node,,e/enzyme/enzyme_ubuntu_16.04.sh,https://github.com/airbnb/enzyme.git
ephem,ephem,3.7.6.0,Python,,e/ephem/ephem.sh,https://github.com/brandon-rhodes/pyephem
err-code,err-code,1.1.2,Node,,e/err-code/err-code.sh,https://github.com/IndigoUnited/js-err-code
errno,errno,0.1.8,Node,,e/errno/errno.sh,https://github.com/rvagg/node-errno
error-ex,error-ex,1.3.2,Node,,e/error-ex/error-ex.sh,https://github.com/qix-/node-error-ex
error-prone-annotations,error-prone,v2.30.0,Java,,e/error-prone-annotations/error-prone-annotations.sh,https://github.com/google/error-prone.git
error-prone-annotations,error-prone-annotations,2.3.2-SNAPSHOT,Java,,e/error-prone-annotations/error-prone-annotations_ubuntu_18.04.sh,https://github.com/google/error-prone.git
error-symbol,error-symbol,0.1.0,Node,,e/error-symbol/error-symbol.sh,https://github.com/jonschlinkert/error-symbol
errorhandler,errorhandler,1.5.1,Node,,e/errorhandler/errorhandler.sh,https://github.com/expressjs/errorhandler
errors,errors,v0.22.0,Go,Go:1.20.1,e/errors/errors.sh,https://github.com/go-openapi/errors
errors,github.com/go-openapi/errors,v0.19.2,Go,,e/errors/github.com__go-openapi__errors.sh,https://github.com/go-openapi/errors
errors,github.com/go-openapi/errors,v0.19.2,Go,,e/errors/github.com__go-openapi__errors_rhel_8.3.sh,https://github.com/go-openapi/errors
errors,go-openapi/errors,d24ebc2075bad502fac3a8ae27aa6dd58e1952dc,Go,,e/errors/go-openapi__errors.sh,https://github.com/go-openapi/errors
errors,go-openapi/errors,d24ebc2075bad502fac3a8ae27aa6dd58e1952dc,Go,,e/errors/go-openapi__errors_rhel_8.3.sh,https://github.com/go-openapi/errors
erubi,erubi,1.10.0,Ruby,,e/erubi/erubi.sh,https://github.com/jeremyevans/erubi
es-abstract,es-abstract,v1.23.3,Node,Node:16,e/es-abstract/es-abstract.sh,https://github.com/ljharb/es-abstract
es-abstract,es-abstract,1.18.0,Node,,e/es-abstract/es-abstract_rhel_8.3.sh,https://github.com/ljharb/es-abstract
es-abstract,es-abstract,e48494c,Node,,e/es-abstract/es-abstract_ubi_8.5.sh,https://github.com/ljharb/es-abstract.git
es-get-iterator,es-get-iterator,1.1.0,Node,,e/es-get-iterator/es-get-iterator.sh,https://github.com/ljharb/es-get-iterator
es-to-primitive,es-to-primitive,v1.2.1,Node,Node:12,e/es-to-primitive/es-to-primitive.sh,https://github.com/ljharb/es-to-primitive.git
es-to-primitive,es-to-primitive,v1.2.1,Node,,e/es-to-primitive/es-to-primitive_ubi_8.5.sh,https://github.com/ljharb/es-to-primitive
es5-ext,es5-ext,v1.4.0,Node,,e/es5-ext/es5-ext.sh,https://github.com/medikoo/es5-ext.git
es5-ext,es5-ext,0.10.53,Node,,e/es5-ext/es5-ext_rhel_8.3.sh,https://github.com/medikoo/es5-ext
es6-error,es6-error,4.1.1,Node,,e/es6-error/es6-error.sh,https://github.com/bjyoungblood/es6-error
es6-promise,es6-promise,$1,Node,,e/es6-promise/es6-promise.sh,https://github.com/stefanpenner/es6-promise.git
es6-promisify,es6-promisify,6.1.1,Node,,e/es6-promisify/es6-promisify.sh,https://github.com/mikehall314/es6-promisify
es6-symbol,es6-symbol,3.1.3,Node,,e/es6-symbol/es6-symbol.sh,https://github.com/medikoo/es6-symbol
esapi-java-legacy,esapi-java-legacy,2.2.3.1,Java,,e/esapi-java-legacy/esapi-java-legacy.sh,https://github.com/ESAPI/esapi-java-legacy
esc,esc,${1:-,Go,"Go:""1.16""",e/esc/esc_8.5.sh,https://github.com/mjibson/esc.git
escalade,escalade,3.1.1,Node,,e/escalade/escalade.sh,https://github.com/lukeed/escalade
escape-html,escape-html,1.0.3,Node,,e/escape-html/escape-html.sh,https://github.com/component/escape-html
escape-string-regexp,escape-string-regexp,4.0.0,Node,,e/escape-string-regexp/escape-string-regexp.sh,https://github.com/sindresorhus/escape-string-regexp
eslint,eslint,v9.2.0,Java,Node:20,e/eslint/eslint.sh,https://github.com/eslint/eslint.git
eslint,eslint,4.16.0,Node,,e/eslint/eslint_rhel_7.4.sh,https://github.com/eslint/eslint
eslint,eslint,v8.30.0,Node,,e/eslint/eslint_ubi_8.5.sh,https://github.com/eslint/eslint.git
eslint,eslint,v9.2.0,Node,Node:20,e/eslint/eslint_ubi_9.3.sh,https://github.com/eslint/eslint.git
eslint,eslint,4.16.0,Node,,e/eslint/eslint_ubuntu_16.04.sh,https://github.com/eslint/eslint
eslint,eslint,v8.57.0,Node,,e/eslint/eslint_v8.57.0.sh,https://github.com/${PACKAGE_NAME}/${PACKAGE_NAME}.git
eslint-config-standard,eslint-config-standard,14.1.0,Node,,e/eslint-config-standard/eslint-config-standard.sh,https://github.com/standard/eslint-config-standard
eslint-config-standard-jsx,eslint-config-standard-jsx,8.1.0,Node,,e/eslint-config-standard-jsx/eslint-config-standard-jsx.sh,https://github.com/standard/eslint-config-standard-jsx
eslint-import-resolver-node,eslint-import-resolver-node,0.3.3,Node,,e/eslint-import-resolver-node/eslint-import-resolver-node.sh,https://github.com/import-js/eslint-plugin-import
eslint-loader,eslint-loader,3.0.3,Node,,e/eslint-loader/eslint-loader.sh,https://github.com/webpack-contrib/eslint-loader
eslint-plugin-es,eslint-plugin-es,2.0.0,Node,,e/eslint-plugin-es/eslint-plugin-es.sh,https://github.com/mysticatea/eslint-plugin-es
eslint-plugin-eslint-plugin,eslint-plugin-eslint-plugin,2.3.0,Node,,e/eslint-plugin-eslint-plugin/eslint-plugin-eslint-plugin.sh,https://github.com/not-an-aardvark/eslint-plugin-eslint-plugin
eslint-plugin-import,eslint-plugin-import,2.19.1,Node,,e/eslint-plugin-import/eslint-plugin-import.sh,https://github.com/import-js/eslint-plugin-import
eslint-plugin-jsx-a11y,eslint-plugin-jsx-a11y,v6.3.1,Node,,e/eslint-plugin-jsx-a11y/eslint-plugin-jsx-a11y.sh,https://github.com/evcohen/eslint-plugin-jsx-a11y.git
eslint-plugin-mocha,eslint-plugin-mocha,8.0.0,Node,,e/eslint-plugin-mocha/eslint-plugin-mocha.sh,https://github.com/lo1tuma/eslint-plugin-mocha
eslint-plugin-node,eslint-plugin-node,10.0.0,Node,,e/eslint-plugin-node/eslint-plugin-node.sh,https://github.com/mysticatea/eslint-plugin-node
eslint-plugin-prettier,eslint-plugin-prettier,v5.2.1,Node,Node:20,e/eslint-plugin-prettier/eslint-plugin-prettier.sh,https://github.com/prettier/eslint-plugin-prettier.git
eslint-plugin-promise,eslint-plugin-promise,4.3.1,Node,,e/eslint-plugin-promise/eslint-plugin-promise.sh,https://github.com/xjamundx/eslint-plugin-promise
eslint-plugin-react,eslint-plugin-react,7.6.1,Node,,e/eslint-plugin-react/eslint-plugin-react.sh,https://github.com/yannickcr/eslint-plugin-react.git
eslint-plugin-react,eslint-plugin-react,7.6.1,Node,,e/eslint-plugin-react/eslint-plugin-react_ubuntu_16.04.sh,https://github.com/yannickcr/eslint-plugin-react.git
eslint-plugin-standard,eslint-plugin-standard,v5.0.0,Node,,e/eslint-plugin-standard/eslint-plugin-standard.sh,https://github.com/standard/eslint-plugin-standard.git
eslint-scope,eslint-scope,v5.0.0,Node,,e/eslint-scope/eslint-scope.sh,https://github.com/eslint/eslint-scope.git
eslint-scope,eslint-scope,4.0.3,Node,,e/eslint-scope/eslint-scope_rhel_8.3.sh,https://github.com/eslint/eslint-scope
eslint-utils,eslint-utils,2.1.0,Node,,e/eslint-utils/eslint-utils.sh,https://github.com/mysticatea/eslint-utils
eslint-visitor-keys,eslint-visitor-keys,2.0.0,Node,,e/eslint-visitor-keys/eslint-visitor-keys.sh,https://github.com/eslint/eslint-visitor-keys
eslintrc,eslintrc,v2.1.4,Node,Node:16,e/eslintrc/eslintrc.sh,https://github.com/eslint/eslintrc
esprima,esprima,4.0.1,Node,,e/esprima/esprima.sh,https://github.com/jquery/esprima
esquery,esquery,1.4.0,Node,,e/esquery/esquery.sh,https://github.com/estools/esquery
esrecurse,esrecurse,v4.3.0,Node,,e/esrecurse/esrecurse.sh,https://github.com/estools/esrecurse.git
estraverse,estraverse,5.2.0,Node,,e/estraverse/estraverse.sh,https://github.com/estools/estraverse
esutils,esutils,2.0.3,Node,,e/esutils/esutils.sh,https://github.com/estools/esutils
etcd,etcd,v3.5.14,Go,,e/etcd/etcd.sh,https://github.com/etcd-io/etcd
etcd,etcd,v3.5.1,Go,,e/etcd/etcd_ubi_8.5.sh,https://github.com/etcd-io/etcd
etcd-client-v2,etcd,client/v2.305.0,Go,,e/etcd-client-v2/etcd-client-v2.sh,https://github.com/etcd-io/etcd
etcd-java,etcd-java,v0.0.24,Java,,e/etcd-java/etcd-java.sh,https://github.com/IBM/etcd-java
etcd_bbolt,bbolt,v1.3.3,Go,,e/etcd_bbolt/etcd_bbolt.sh,https://github.com/etcd-io/bbolt
eureka,eureka,v2.0.3,Java,,e/eureka/eureka.sh,https://github.com/Netflix/eureka.git
evanphx__json-patch,evanphx/json-patch,v4.9.0+incompatible,Go,,e/evanphx__json-patch/evanphx__json-patch.sh,https://github.com/evanphx/json-patch
evanphx__json-patch,evanphx/json-patch,v4.9.0+incompatible,Go,,e/evanphx__json-patch/evanphx__json-patch_rhel_8.3.sh,https://github.com/evanphx/json-patch
evanphx__json-patch,json-patch,94e38aa1586e8a6c8a75770bddf5ff84c48a106b,Go,,e/evanphx__json-patch/evanphx_json-patch.sh,https://github.com/evanphx/json-patch
event-emitter,event-emitter,${1:-,Node,Node:v10.24.1,e/event-emitter/event-emitter.sh,https://github.com/medikoo/event-emitter
event-lite,event-lite,0.1.2,Node,,e/event-lite/event-lite.sh,https://github.com/kawanet/event-lite
event-loop-stats,event-loop-stats,v1.4.1,Node,Node:16,e/event-loop-stats/event-loop-stats.sh,https://github.com/bripkens/event-loop-stats
eventemitter2,eventemitter2,5.0.1,Node,,e/eventemitter2/eventemitter2.sh,https://github.com/hij1nx/EventEmitter2
eventemitter3,eventemitter3,4.0.0,Node,,e/eventemitter3/eventemitter3.sh,https://github.com/primus/eventemitter3.git
events,events,3.3.0,Node,,e/events/events.sh,https://github.com/Gozala/events
eventsource,eventsource,0.1.6,Node,,e/eventsource/eventsource.sh,https://github.com/EventSource/eventsource
evil-transform,evil-transform,master,Python,,e/evil-transform/evil_transform.sh,https://github.com/googollee/eviltransform.git
exam,exam,0.10.6,Python,,e/exam/exam.sh,https://github.com/fluxx/exam
exec-sh,exec-sh,0.3.6,Node,,e/exec-sh/exec-sh.sh,https://github.com/tsertkov/exec-sh
executing,PACKAGE_NAME,v1.0.0,Python,,e/executing/executing.sh,https://github.com/org/repo
executing,executing,0.6.0,Python,,e/executing/executing_ubi_8.3.sh,https://github.com/alexmojaki/executing
exit,exit,0.1.2,Node,,e/exit/node_exit.sh,https://github.com/cowboy/node-exit.git
exp4j,exp4j,exp4j-0.4.8,Java,,e/exp4j/exp4j.sh,https://github.com/fasseg/exp4j.git
exp4j,exp4j,0.4.8,Java,,e/exp4j/exp4j_rhel_7.6.sh,https://github.com/fasseg/exp4j
expand-brackets,expand-brackets,2.1.4,Node,,e/expand-brackets/expand-brackets.sh,https://github.com/micromatch/expand-brackets
expand-range,expand-range,1.8.2,Node,,e/expand-range/expand-range.sh,https://github.com/jonschlinkert/expand-range
expand-tilde,expand-tilde,2.0.2,Node,,e/expand-tilde/expand-tilde.sh,https://github.com/jonschlinkert/expand-tilde
expander,expander,1.0.0,PHP,,e/expander/expander.sh,https://github.com/grasmash/expander.git
expect,expect,v25.2.4,Node,,e/expect/expect.sh,https://github.com/facebook/jest.git
express,express,4.18.2,Node,Node:18,e/express/express.sh,https://github.com/expressjs/express
express,express,4.16.2,Node,,e/express/express_rhel_7.4.sh,https://github.com/expressjs/express.git
express,express,4.16.2,Node,,e/express/express_ubuntu_16.04.sh,https://github.com/expressjs/express.git
express,express,4.16.3,Node,,e/express/express_ubuntu_18.04.sh,https://github.com/expressjs/express
express-error-handler,express-error-handler,1.1.0,Node,,e/express-error-handler/express-error-handler.sh,https://github.com/dilvie/express-error-handler
express-history-api-fallback,express-history-api-fallback,2.2.1,Node,,e/express-history-api-fallback/express-history-api-fallback.sh,https://github.com/sebdeckers/express-history-api-fallback.git
express-http-context,express-http-context,1.2.4,Node,,e/express-http-context/express-http-context.sh,https://github.com/skonves/express-http-context
express-normalize-query-params-middleware,express-normalize-query-params-middleware,0.5.1,Node,,e/express-normalize-query-params-middleware/express-normalize-query-params-middleware.sh,https://github.com/kogosoftwarellc/express-normalize-query-params-middleware
express-static-gzip,express-static-gzip,v0.3.2,Node,,e/express-static-gzip/express-static-gzip.sh,https://github.com/tkoenig89/express-static-gzip.git
expression-language,expression-language,6.0.1-RELEASE-api,Java,,e/expression-language/expression-language.sh,https://github.com/jakartaee/expression-language.git
expressions,expressions,0.2.3,Python,,e/expressions/expressions.sh,https://github.com/DataBrewery/expressions.git
expressions,expressions,0.2.3,Python,,e/expressions/expressions_ubuntu_16.04.sh,https://github.com/DataBrewery/expressions.git
extend,extend,3.0.1,Node,,e/extend/extend.sh,https://github.com/justmoon/node-extend
extend-shallow,extend-shallow,3.0.2,Node,,e/extend-shallow/extend-shallow.sh,https://github.com/jonschlinkert/extend-shallow.git
extendr,extendr,2.0.1,Node,,e/extendr/extendr.sh,https://github.com/bevry/extendr
external-editor,external-editor,3.1.0,Node,,e/external-editor/external-editor.sh,https://github.com/mrkmg/node-external-editor
external-snapshotter,external-snapshotter,cd45bdb,Go,,e/external-snapshotter/external-snapshotter.sh,http://github.com/kubernetes-csi/external-snapshotter
extglob,extglob,2.0.4,Node,,e/extglob/extglob.sh,https://github.com/micromatch/extglob
extract-opts,extract-opts,4.3.0,Node,,e/extract-opts/extract-opts.sh,https://github.com/bevry/extract-opts
FastInfoset,FastInfoset,1.2.15,Java,,f/FastInfoset/FastInfoset.sh,https://github.com/javaee/metro-fi.git
Font-Awesome,Font-Awesome,5.1.0,Node,,f/Font-Awesome/Font-Awesome_5.1.0.sh,https://github.com/FortAwesome/Font-Awesome.git
fabpot__goutte,fabpot/goutte,3.2.3,PHP,,f/fabpot__goutte/fabpot__goutte.sh,https://github.com/FriendsOfPHP/Goutte
failsafe,failsafe,"1.1.0, 2.3.3",Java,,f/failsafe/failsafe.sh,https://github.com/jhalterman/failsafe
fancytree,fancytree,v2.37.0,Node,,f/fancytree/fancytree.sh,https://github.com/mar10/fancytree.git
fancytree,fancytree,v2.37.0,Node,,f/fancytree/fancytree_ubi_8.5.sh,https://github.com/mar10/fancytree.git
fancytree,fancytree,v2.38.3,Node,,f/fancytree/fancytree_v2.38.3.sh,https://github.com/mar10/${PACKAGE_NAME}.git
fancytree,fancytree,v2.38.3,Node,,f/fancytree/fancytree_v2.38.3_debiantrixie.sh,https://github.com/mar10/${PACKAGE_NAME}.git
fast-decode-uri-component,fast-decode-uri-component,1.0.1,Node,,f/fast-decode-uri-component/fast-decode-uri-component.sh,https://github.com/delvedor/fast-decode-uri-component
fast-deep-equal,fast-deep-equal,v3.1.3,Node,,f/fast-deep-equal/fast-deep-equal.sh,https://github.com/epoberezkin/fast-deep-equal
fast-deep-equal,fast-deep-equal,2.0.1,Node,,f/fast-deep-equal/fast-deep-equal_rhel_8.3.sh,https://github.com/epoberezkin/fast-deep-equal
fast-glob,fast-glob,3.2.5,Node,Node:v12.22.4,f/fast-glob/fast-glob.sh,https://github.com/mrmlnc/fast-glob
fast-glob,fast-glob,${1:-,Node,Node:v12.22.4,f/fast-glob/fast-glob_ubi_8.5.sh,https://github.com/mrmlnc/fast-glob
fast-json-parse,fast-json-parse,1.0.3,Node,,f/fast-json-parse/fast-json-parse.sh,https://github.com/mcollina/fast-json-parse
fast-json-patch,JSON-Patch,v2.1.0,Node,,f/fast-json-patch/fast-json-patch.sh,https://github.com/Starcounter-Jack/JSON-Patch.git
fast-json-patch,fast-json-patch,3.0.0-1,Node,,f/fast-json-patch/fast-json-patch_rhel_8.3.sh,https://github.com/Starcounter-Jack/JSON-Patch
fast-json-stable-stringify,fast-json-stable-stringify,2.1.0,Node,,f/fast-json-stable-stringify/fast-json-stable-stringify.sh,https://github.com/epoberezkin/fast-json-stable-stringify
fast-json-stringify,fast-json-stringify,2.2.10,Node,,f/fast-json-stringify/fast-json-stringify.sh,https://github.com/fastify/fast-json-stringify
fast-levenshtein,fast-levenshtein,3.0.0,Node,,f/fast-levenshtein/fast-levenshtein.sh,https://github.com/hiddentao/fast-levenshtein
fast-memoize,fast-memoize,2.5.2,Node,,f/fast-memoize/fast-memoize.sh,https://github.com/caiogondim/fast-memoize
fast-redact,fast-redact,3.0.0,Node,,f/fast-redact/fast-redact.sh,https://github.com/davidmarkclements/fast-redact
fast-text-encoding,fast-text-encoding,1.0.3,Node,,f/fast-text-encoding/fast-text-encoding.sh,https://github.com/samthor/fast-text-encoding
fast-url-parser,fast-url-parser,v1.1.3,Node,,f/fast-url-parser/fast-url-parser.sh,https://github.com/petkaantonov/urlparser.git
fastfall,fastfall,1.5.1,Node,,f/fastfall/fastfall.sh,https://github.com/mcollina/fastfall
fastify-cli,fastify-cli,1.5.0,Node,,f/fastify-cli/fastify-cli.sh,https://github.com/fastify/fastify-cli
fastify-error,fastify-error,0.2.0,Node,,f/fastify-error/fastify-error.sh,https://github.com/fastify/fastify-error
fastify-formbody,fastify-formbody,3.2.0,Node,,f/fastify-formbody/fastify-formbody.sh,https://github.com/fastify/fastify-formbody
fastify-openapi-glue,fastify-openapi-glue,1.5.1,Node,,f/fastify-openapi-glue/fastify-openapi-glue.sh,https://github.com/seriousme/fastify-openapi-glue
fastify-plugin,fastify-plugin,1.6.1,Node,,f/fastify-plugin/fastify-plugin.sh,https://github.com/fastify/fastify-plugin
fastify-warning,fastify-warning,0.2.0,Node,,f/fastify-warning/fastify-warning.sh,https://github.com/fastify/fastify-warning
fastparallel,fastparallel,2.3.0,Node,,f/fastparallel/fastparallel.sh,https://github.com/mcollina/fastparallel
fastparse,fastparse,1.1.2,Node,,f/fastparse/fastparse.sh,https://github.com/webpack/fastparse
fastq,fastq,1.11.0,Node,,f/fastq/fastq.sh,https://github.com/mcollina/fastq
fastseries,fastseries,1.7.2,Node,,f/fastseries/fastseries.sh,https://github.com/mcollina/fastseries
fastutil,fastutil,1eec4d,Java,,f/fastutil/fastutil.sh,https://github.com/karussell/fastutil.git
fastutil,fastutil,8.1.1,Java,,f/fastutil/fastutil_rhel_7.3.sh,https://github.com/vigna/fastutil
faulthandler,faulthandler,2.6,Python,,f/faulthandler/faulthandler.sh,https://github.com/haypo/faulthandler
fbemitter,fbemitter,3.0.0,Node,,f/fbemitter/fbemitter.sh,https://github.com/facebook/emitter
fbjs,fbjs,fbjs-v3.0.5,Node,,f/fbjs/fbjs.sh,https://github.com/facebook/fbjs
fbjs,fbjs,v0.6.1,Node,,f/fbjs/fbjs_UBI_8.0.sh,https://github.com/facebook/fbjs.git
fbjs,fbjs,${1:-,Node,Node:v12.22.4,f/fbjs/fbjs_ubi_8.5.sh,https://github.com/facebook/fbjs
fbjs,fbjs,0.8.17,Node,,f/fbjs/fbjs_ubuntu_18.04.sh,https://github.com/facebook/fbjs
fbjs,fbjs,v0.6.1,Node,,f/fbjs/fbjs_v0.6.1.sh,https://github.com/facebook/fbjs.git
fbjs,fbjs,v0.6.1,Node,,f/fbjs/fbjs_v0.6.1_ubuntu_18.04.sh,https://github.com/facebook/fbjs.git
fecha,fecha,2.3.3,Node,,f/fecha/fecha.sh,https://github.com/taylorhakes/fecha.git
feign,feign,13.3,Java,,f/feign/feign.sh,https://github.com/OpenFeign/feign
ffmpeg,FFmpeg,n7.1,Python,,f/ffmpeg/ffmpeg.sh,https://github.com/FFmpeg/FFmpeg
figgy-pudding,figgy-pudding,3.5.2,Node,,f/figgy-pudding/figgy-pudding.sh,https://github.com/npm/figgy-pudding
figures,figures,3.2.0,Node,,f/figures/figures.sh,https://github.com/sindresorhus/figures
file,file,v1.0.0,Node,,f/file/file.sh,https://github.com/hapijs/file
file-entry-cache,file-entry-cache,6.0.0,Node,,f/file-entry-cache/file-entry-cache.sh,https://github.com/royriojas/file-entry-cache
file-exists,file-exists,5.0.1,Node,,f/file-exists/file-exists.sh,https://github.com/scottcorgan/file-exists
file-loader,file-loader,4.3.0,Node,,f/file-loader/file-loader.sh,https://github.com/webpack-contrib/file-loader
file-match,file-match,1.0.2,Node,,f/file-match/file-match.sh,https://github.com/douzi8/file-match
file-specs-java,file-specs-java,1.1.2,Java,,f/file-specs-java/file-specs-java.sh,https://github.com/jfrog/file-specs-java.git
file-type,file-type,5.2.0,Node,,f/file-type/file-type.sh,https://github.com/sindresorhus/file-type
file-uri-to-path,file-uri-to-path,1.0.0,Node,,f/file-uri-to-path/file-uri-to-path.sh,https://github.com/TooTallNate/file-uri-to-path
file_upload_secure_validator,file_upload_secure_validator,8.x-1.4,PHP,,f/file_upload_secure_validator/file_upload_secure_validator.sh,https://git.drupalcode.org/project/file_upload_secure_validator.git
filebeat,filebeat,v8.13.2,Go,Go:1.22.1,f/filebeat/filebeat.sh,https://github.com/elastic/beats
filebeat,filebeat,6.5.4,Go,,f/filebeat/filebeat_6.5.4_rhel_7.6.sh,https://github.com/elastic/beats.git
filebeat,filebeat,6.5.4,Go,,f/filebeat/filebeat_6.5.4_ubuntu_18.04.sh,https://github.com/elastic/beats.git
filebeat,filebeat,7.2.0,Go,,f/filebeat/filebeat_7.2.0_redhat_7.sh,https://github.com/elastic/beats.git
filebeat,filebeat,v8.5.0,Go,,f/filebeat/filebeat_UBI_8.5.sh,https://github.com/elastic/beats.git
filebeat,filebeat,7.11.1,Go,,f/filebeat/filebeat_rhel_7.6.sh,https://github.com/elastic/beats.git
filebeat,filebeat,v8.15.2,Go,Go:1.23.6,f/filebeat/filebeat_ubi_8.10.sh,https://github.com/elastic/beats
filebeat,filebeat,6.8.10,Go,,f/filebeat/filebeat_ubi_8.2.sh,https://github.com/elastic/beats.git
filebrowser,filebrowser,${1:-,Go,Node:14,f/filebrowser/filebrowser.sh,https://github.com/filebrowser/filebrowser
filehandler,PACKAGE_NAME,1.1.1,Node,,f/filehandler/filehandler.sh,https://github.com/org/repo
filehandler,filehandler,1.1.1,Node,,f/filehandler/filehandler_ubi8.sh,https://github.com/pillarjs/finalhandler
filehandler,finalhandler,v0.4.1,Node,,f/filehandler/finalhandler.sh,https://github.com/pillarjs/finalhandler.git
filelist,filelist,${1:-,Node,Node:v12.22.4,f/filelist/filelist.sh,https://github.com/mde/filelist
filename-regex,filename-regex,2.0.1,Node,,f/filename-regex/filename-regex.sh,https://github.com/regexhq/filename-regex
filename-regex,filename-regex,2.0.1,Node,,f/filename-regex/filename-regex_rhel_8.5.sh,https://github.com/regexhq/filename-regex
filename-regex,filename-regex,${1:-,Node,Node:v12.22.4,f/filename-regex/filename-regex_ubi_8.5.sh,https://github.com/regexhq/filename-regex
filesize,filesize,6.0.1,Node,,f/filesize/filesize.sh,https://github.com/avoidwork/filesize.js
filetype,gopkg.in/h2non/filetype.v1,v1.0.5,Go,,f/filetype/filetype.sh,https://github.com/h2non/filetype
fill-keys,fill-keys,1.0.2,Node,,f/fill-keys/fill-keys.sh,https://github.com/bendrucker/fill-keys
fill-range,fill-range,7.0.1,Node,,f/fill-range/fill-range.sh,https://github.com/jonschlinkert/fill-range
finalhandler,finalhandler,v1.2.0,Node,Node:16,f/finalhandler/finalhandler.sh,https://github.com/pillarjs/finalhandler
finalhandler,finalhandler,v1.1.2,Node,,f/finalhandler/finalhandler_rhel_8.5.sh,https://github.com/pillarjs/finalhandler
find-cache-dir,find-cache-dir,3.3.1,Node,,f/find-cache-dir/find-cache-dir.sh,https://github.com/avajs/find-cache-dir
find-my-way,find-my-way,v7.7.0,Node,Node:16,f/find-my-way/find-my-way.sh,https://github.com/delvedor/find-my-way
find-my-way,find-my-way,3.0.5,Node,,f/find-my-way/find-my-way_rhel_8.3.sh,https://github.com/delvedor/find-my-way
find-npm-prefix,find-npm-prefix,1.0.1,Node,,f/find-npm-prefix/find-npm-prefix.sh,https://github.com/npm/find-npm-prefix
find-parent-dir,find-parent-dir,0.3.0,Node,,f/find-parent-dir/find-parent-dir.sh,https://github.com/thlorenz/find-parent-dir
find-root,find-root,1.1.0,Node,,f/find-root/find-root.sh,https://github.com/js-n/find-root
findbugs-annotations,findbugs-annotations,3.0.1,Java,,f/findbugs-annotations/findbugs-annotations.sh,https://github.com/stephenc/findbugs-annotations
findbugs-annotations,findbugs-annotations,master,Java,,f/findbugs-annotations/findbugs-annotations_ubuntu_20.04.sh,https://github.com/stephenc/findbugs-annotations
findbugs-jsr305,findbugs-jsr305,3.0.2,Java,,f/findbugs-jsr305/findbugs-jsr305.sh,http://central.maven.org/maven2/com/google/code/findbugs/jsr305/3.0.2/jsr305-3.0.2-sources.jar
findup-sync,findup-sync,2.0.0,Node,,f/findup-sync/findup-sync.sh,https://github.com/gulpjs/findup-sync
fined,fined,1.2.0,Node,,f/fined/fined.sh,https://github.com/gulpjs/fined
fiona,Fiona,1.9.5,Python,,f/fiona/fiona.sh,https://github.com/Toblerity/Fiona
fire,fire,v0.4.0,Python,,f/fire/fire.sh,https://github.com/google/python-fire
fixed-data-table,fixed-data-table,0.6.5,Node,,f/fixed-data-table/fixed-data-table.sh,https://github.com/facebook/fixed-data-table.git
fixedheader,FixedHeader,${1:-,Node,,f/fixedheader/fixedheader.sh,https://github.com/DataTables/FixedHeader
fixedheader,FixedHeader,${1:-,Node,,f/fixedheader/fixedheader_ubi_8_7.sh,https://github.com/DataTables/FixedHeader
flag,flag,1.0.0,Node,,f/flag/flag.sh,https://github.com/garbles/flag
flagged-respawn,flagged-respawn,v1.0.1,Node,,f/flagged-respawn/flagged-respawn.sh,https://github.com/gulpjs/flagged-respawn.git
flake8-2020,flake8-2020,1.6.0,Python,,f/flake8-2020/flake8-2020.sh,https://github.com/asottile/flake8-2020
flask-rdf,flask-rdf,v0.2.1,Python,Python:3.6,f/flask-rdf/flask_restrdf.sh,https://github.com/hufman/flask_rdf
flask-restful,flask-restful,0.3.8,Python,Python:3.6,f/flask-restful/flask_restful.sh,https://github.com/flask-restful/flask-restful
flask-restplus,flask-restplus,0.13.0,Python,Python:3.6,f/flask-restplus/flask_restplus.sh,https://github.com/noirbizarre/flask-restplus
flask-security,flask-security,5.6.2,Python,,f/flask-security/flask-security.sh,https://github.com/pallets-eco/flask-security
flask-security,flask-security,4.1.2,Python,,f/flask-security/flask-security_ubi_8.sh,https://github.com/Flask-Middleware/flask-security.git
flask_ldap_login,conda.recipe,v1.0.0,Python,,f/flask_ldap_login/build.sh,https://github.com/org/repo
flask_ldap_login,flask_ldap_login,0.3.3,Python,,f/flask_ldap_login/flask-ldap-login.sh,https://github.com/ContinuumIO/flask-ldap-login
flat,flat,4.1.1,Node,,f/flat/flat.sh,https://github.com/hughsk/flat
flat-cache,flat-cache,3.0.4,Node,,f/flat-cache/flat-cache.sh,https://github.com/royriojas/flat-cache
flatpickr,flatpickr,v4.6.9,Node,,f/flatpickr/flatpickr.sh,https://github.com/chmln/flatpickr.git
flatpickr,flatpickr,4.6.1,Node,,f/flatpickr/flatpickr_rhel_8.3.sh,https://github.com/chmln/flatpickr
flatpickr,flatpickr,v4.6.9,Node,,f/flatpickr/flatpickr_ubi_8.5.sh,https://github.com/chmln/flatpickr.git
flatpickr,flatpickr,4.5.1,Node,,f/flatpickr/flatpickr_ubuntu_18.04.sh,https://github.com/chmln/flatpickr.git
flatted,flatted,v3.2.9,Node,Node:16,f/flatted/flatted.sh,https://github.com/WebReflection/flatted
flatted,flatted,3.1.0,Node,,f/flatted/flatted_rhel_8.3.sh,https://github.com/WebReflection/flatted
flatten,flatten,9e94c8a,Node,,f/flatten/flatten.sh,https://github.com/mk-pmb/flatten-js.git
flect,flect,v1.0.2,Go,Go:1.20.1,f/flect/flect.sh,https://github.com/gobuffalo/flect
flect,github.com/gobuffalo/flect,v0.2.1,Go,,f/flect/github.com__gobuffalo__flect.sh,https://github.com/gobuffalo/flect
flect,github.com/gobuffalo/flect,v0.2.1,Go,,f/flect/github.com__gobuffalo__flect_rhel_8.3.sh,https://github.com/gobuffalo/flect
flexicolorpicker,flexicolorpicker,master,Node,,f/flexicolorpicker/FlexiColorPicker.sh,https://github.com/slidebean/FlexiColorPicker.git
flexicolorpicker,flexicolorpicker,master,Node,,f/flexicolorpicker/FlexiColorPicker_ubuntu_16.04.sh,https://github.com/slidebean/FlexiColorPicker.git
fliplog,fliplog,0.3.13,Node,,f/fliplog/fliplog.sh,https://github.com/fliphub/fliplog
flog,flog,v4.6.2,Ruby,,f/flog/flog.sh,https://github.com/seattlerb/flog
flowable-engine,flowable-engine,flowable-7.0.1,Java,,f/flowable-engine/flowable_engine.sh,https://github.com/flowable/flowable-engine
flowable-engine,flowable-engine,flowable-6.8.0,Java,,f/flowable-engine/flowable_engine_ubi_8.7.sh,https://github.com/flowable/flowable-engine
flowable-engine-all-modules-generic,flowable-engine-all-modules-generic,6.6.0,Java,,f/flowable-engine-all-modules-generic/flowable-engine_module.sh,https://github.com/flowable/flowable-engine
flowable-entitylink-service,flowable-entitylink-service,6.6.0,Java,,f/flowable-entitylink-service/entitylink-service.sh,https://github.com/flowable/flowable-engine/tree/master/modules/flowable-entitylink-service
flowable-event-registry,flowable-event-registry,6.6.0,Java,,f/flowable-event-registry/flowable-event-registry.sh,https://github.com/flowable/flowable-engine/tree/master/modules/flowable-event-registry
fluent-hc-4.1.x,fluent-hc-4.1.x,v1.0.0,Java,,f/fluent-hc-4.1.x/fluent-hc-4.1.x.sh,https://github.com/rholder/fluent-hc-4.1.x.git
fluent-logger,fluent-logger,3.4.1,Node,,f/fluent-logger/fluent-logger.sh,https://github.com/fluent/fluent-logger-node
fluentd,fluentd,v1.17.0,Ruby,,f/fluentd/fluentd.sh,https://github.com/fluent/fluentd.git
fluentd,PACKAGE_NAME,v1.0.0,Ruby,,f/fluentd/fluentd_1.12.0.sh,https://github.com/org/repo
fluentd,fluentd,v1.12.0,Ruby,,f/fluentd/fluentd_1.12.0_rhel_7.9.sh,https://github.com/fluent/fluentd
fluentd,fluentd,v1.11.3,Ruby,,f/fluentd/fluentd_rhel_8.2.sh,https://github.com/fluent/fluentd
fluentd,fluentd,v1.16.1,Ruby,,f/fluentd/fluentd_ubi_8.7.sh,https://github.com/fluent/fluentd.git
fluentd,fluentd,1.2.2,Ruby,,f/fluentd/fluentd_ubuntu_16.04.sh,https://github.com/fluent/fluentd
flush-write-stream,flush-write-stream,1.1.1,Node,,f/flush-write-stream/flush-write-stream.sh,https://github.com/mafintosh/flush-write-stream
flux,flux,4.0.1,Node,,f/flux/flux.sh,https://github.com/facebook/flux.git
flux-standard-action,flux-standard-action,0.6.1,Node,,f/flux-standard-action/flux-standard-action.sh,https://github.com/redux-utilities/flux-standard-action
flux2,flux2,v0.38.3,Go,,f/flux2/flux2_v0.38.3.sh,https://github.com/fluxcd/${PACKAGE_NAME}
flyway,flyway,flyway-10.15.2,Java,,f/flyway/flyway.sh,https://github.com/flyway/flyway
flyway,flyway,6.2.4,Java,,f/flyway/flyway_rhel_8.3.sh,https://github.com/flyway/flyway
flyway,flyway,flyway-7.8.2,Java,,f/flyway/flyway_ubuntu_16.04.sh,https://github.com/flyway/flyway
flyway-commandline,flyway-commandline,6.2.4,Java,,f/flyway-commandline/flyway-commandline.sh,https://github.com/flyway/flyway
flyway-core,flyway-core,7.7.2,Java,,f/flyway-core/flyway-core.sh,https://github.com/flyway/flyway
fn.name,fn.name,1.1.0,Node,,f/fn.name/fn.name.sh,https://github.com/3rd-Eden/fn.name
follow-redirects,follow-redirects,1.14.0,Node,,f/follow-redirects/follow-redirects.sh,https://github.com/follow-redirects/follow-redirects
for-each,for-each,v0.3.3,Node,,f/for-each/for-each.sh,https://github.com/Raynos/for-each.git
for-in,for-in,1.0.2,Node,,f/for-in/for-in.sh,https://github.com/jonschlinkert/for-in
for-own,for-own,1.0.0,Node,,f/for-own/for-own.sh,https://github.com/jonschlinkert/for-own
foreground-child,foreground-child,2.0.0,Node,,f/foreground-child/foreground-child.sh,https://github.com/tapjs/foreground-child
form-data,form-data,3.0.1,Node,,f/form-data/form-data.sh,https://github.com/form-data/form-data
form-data-encoder,form-data-encoder,v4.0.2,Node,Node:18,f/form-data-encoder/form-data-encoder.sh,https://github.com/octet-stream/form-data-encoder
form-data-encoder,form-data-encoder,v2.1.4,Node,Node:16,f/form-data-encoder/form-data-encoder_v2.1.14.sh,https://github.com/octet-stream/form-data-encoder
form-data-encoder,form-data-encoder,v2.1.4,Node,Node:16,f/form-data-encoder/form-data-encoder_v2.1.14_ubi_9.3.sh,https://github.com/octet-stream/form-data-encoder
form3tech-oss__jwt-go,form3tech-oss/jwt-go,v3.2.2+incompatible,Go,,f/form3tech-oss__jwt-go/form3tech-oss__jwt-go.sh,https://github.com/form3tech-oss/jwt-go
format-util,format-util,1.0.5,Node,,f/format-util/format-util.sh,https://github.com/tmpfs/format-util
formatjs,formatjs,v2.2.0,Node,,f/formatjs/formatjs.sh,https://github.com/formatjs/formatjs.git
formidable,formidable,1.2.2,Node,,f/formidable/formidable.sh,https://github.com/node-formidable/formidable
formula,formula,v1.2.0,Node,,f/formula/formula.sh,https://github.com/hapijs/formula.git
forwarded,forwarded,0.1.2,Node,,f/forwarded/forwarded.sh,https://github.com/jshttp/forwarded
fragment-cache,fragment-cache,0.2.1,Node,,f/fragment-cache/fragment-cache.sh,https://github.com/jonschlinkert/fragment-cache
franela__goblin,franela/goblin,v0.0.0-20200105215937-c9ffbefa60db,Go,,f/franela__goblin/franela__goblin.sh,https://github.com/franela/goblin
fresh,fresh,0.5.2,Node,,f/fresh/fresh.sh,https://github.com/jshttp/fresh
from,from,0.1.7,Node,,f/from/from.sh,https://github.com/dominictarr/from
from2,from2,2.3.0,Node,,f/from2/from2.sh,https://github.com/hughsk/from2
from2,from2,2.3.0,Node,,f/from2/from2_ubuntu_18.04.sh,https://github.com/hughsk/from2.git
fromentries,fromentries,1.3.2,Node,,f/fromentries/fromentries.sh,https://github.com/feross/fromentries
frozenlist,frozenlist,v1.3.3,Python,,f/frozenlist/frozenlist.sh,https://github.com/aio-libs/frozenlist.git
frr,PACKAGE_NAME,v1.0.0,Python,,f/frr/frr.sh,https://github.com/org/repo
frr,frr,FRR 5.0 release,Python,,f/frr/frr_ubuntu_16.04.sh,https://github.com/FRRouting/frr
fs-exists-sync,fs-exists-sync,0.1.0,Node,,f/fs-exists-sync/fs-exists-sync.sh,https://github.com/jonschlinkert/fs-exists-sync
fs-minipass,fs-minipass,v3.0.3,Node,Node:16,f/fs-minipass/fs-minipass.sh,https://github.com/npm/fs-minipass
fs-minipass,fs-minipass,2.1.0,Node,,f/fs-minipass/fs-minipass_rhel_8.3.sh,https://github.com/npm/fs-minipass
fs-readdir-recursive,fs-readdir-recursive,f810b44,Node,,f/fs-readdir-recursive/fs-readdir-recursive.sh,https://github.com/fs-utils/fs-readdir-recursive.git
fs-vacuum,fs-vacuum,1.2.10,Node,,f/fs-vacuum/fs-vacuum.sh,https://github.com/npm/fs-vacuum
fs-write-stream-atomic,fs-write-stream-atomic,1.0.10,Node,,f/fs-write-stream-atomic/fs-write-stream-atomic.sh,https://github.com/npm/fs-write-stream-atomic
fs.realpath,fs.realpath,v1.0.0,Node,,f/fs.realpath/fs.realpath.sh,https://github.com/isaacs/fs.realpath.git
fs.scandir,fs.scandir,${1:-,Node,Node:v12.22.4,f/fs.scandir/fs.scandir.sh,https://github.com/nodelib/nodelib
fs.stat,fs.stat,${1:-,Node,Node:v12.22.4,f/fs.stat/fs.stat.sh,https://github.com/nodelib/nodelib
fs.walk,fs.walk,${1:-,Node,Node:v12.22.4,f/fs.walk/fs.walk.sh,https://github.com/nodelib/nodelib
fsnotify,github.com/fsnotify/fsnotify,v1.5.1,Go,,f/fsnotify/fsnotify.sh,https://github.com/fsnotify/fsnotify.git
fst,fst,2.56,Java,,f/fst/fst.sh,https://github.com/RuedigerMoeller/fast-serialization
fullcalendar,fullcalendar,v6.1.17,Node,Node:20.14.0,f/fullcalendar/fullcalendar_v6.1.17.sh,https://github.com/fullcalendar/fullcalendar.git
func_timeout,func_timeout,4.3.5,Python,,f/func_timeout/func_timeout.sh,https://github.com/kata198/func_timeout.git
function-bind,function-bind,1.1.1,Node,,f/function-bind/function-bind.sh,https://github.com/Raynos/function-bind
functional-red-black-tree,functional-red-black-tree,1.0.1,Node,,f/functional-red-black-tree/functional-red-black-tree.sh,https://github.com/mikolalysenko/functional-red-black-tree
furo,furo,${1:-,Python,,f/furo/furo.sh,https://github.com/pradyunsg/furo
furo,furo,${1:-,Python,,f/furo/furo_ubi_8.5.sh,https://github.com/pradyunsg/furo
future,future,v0.18.3,Python,,f/future/future.sh,https://github.com/PythonCharmers/python-future
futures,futures,3.0.5,Python,,f/futures/futures.sh,https://github.com/agronholm/pythonfutures
fvbommel__sortorder,fvbommel/sortorder,v1.0.1,Go,,f/fvbommel__sortorder/fvbommel__sortorder.sh,https://github.com/fvbommel/sortorder
Generex,Generex,1.0.2,Java,,g/Generex/Generex.sh,https://github.com/mifmif/Generex
Generex,generex,1.0.1,Java,,g/Generex/generex.sh,https://github.com/mifmif/Generex
GoLLRB,GoLLRB/llrb,ae3b015,Go,,g/GoLLRB/GoLLRRB.sh,https://github.com/petar/GoLLRB
g11n-pipeline-flatten,g11n-pipeline-flatten,2.0.1,Node,,g/g11n-pipeline-flatten/g11n-pipeline-flatten.sh,https://github.com/srl295/gp-js-flatten
gauge,gauge,2.7.4,Node,,g/gauge/gauge.sh,https://github.com/iarna/gauge
gaxios,gaxios,v6.1.1,Node,Node:16,g/gaxios/gaxios.sh,https://github.com/googleapis/gaxios
gaxios,gaxios,4.2.0,Node,,g/gaxios/gaxios_rhel_8.3.sh,https://github.com/googleapis/gaxios
gcp-metadata,gcp-metadata,v6.1.0,Node,Node:20,g/gcp-metadata/gcp-metadata.sh,https://github.com/googleapis/gcp-metadata
gcp-metadata,gcp-metadata,4.2.1,Node,,g/gcp-metadata/gcp-metadata_rhel_8.3.sh,https://github.com/googleapis/gcp-metadata
gcp-metadata,gcp-metadata,v6.1.0,Node,Node:16,g/gcp-metadata/gcp-metadata_ubi_8.7.sh,https://github.com/googleapis/gcp-metadata
gdsmith_jquery.easing,jquery.easing,c05e039,Node,,g/gdsmith_jquery.easing/gdsmith_jquery.easing.sh,https://github.com/gdsmith/jquery.easing
gemoji,gemoji,3.0.0,Ruby,,g/gemoji/gemoji.sh,https://github.com/github/gemoji
gen-mapping,gen-mapping,v0.3.5,Node,Node:18,g/gen-mapping/gen-mapping.sh,https://github.com/jridgewell/gen-mapping
generic-admission-server,generic-admission-server,master,Go,,g/generic-admission-server/generic-admission-server.sh,https://github.com/openshift/generic-admission-server
generic-pool,generic-pool,3.7.1,Node,,g/generic-pool/generic-pool.sh,https://github.com/coopernurse/node-pool
generic_admission_server,generic-admission-server,v1.14.0,Go,,g/generic_admission_server/generic-admission-server.sh,https://github.com/openshift/generic-admission-server.git
generify,generify,4.1.0,Node,,g/generify/generify.sh,https://github.com/mcollina/generify
genfun,genfun,4.0.1,Node,,g/genfun/genfun.sh,https://github.com/zkat/genfun
genproto,google.golang.org/genproto,v0.0.0-20211207154714-918901c715cf,Go,,g/genproto/genproto.sh,https://pkg.go.dev/google.golang.org/genproto
gensim,gensim,4.3.2,Python,,g/gensim/gensim.sh,https://github.com/RaRe-Technologies/gensim
gensim,gensim,4.3.3,Python,,g/gensim/gensim_4.3.3.sh,https://github.com/RaRe-Technologies/gensim
gensim,gensim,3.8.1,Python,Python:3.6,g/gensim/gensim_rhel_7.6.sh,https://github.com/RaRe-Technologies/gensim
gensim,gensim,4.3.2,Python,,g/gensim/gensim_ubi_9_3.sh,https://github.com/RaRe-Technologies/gensim
gensim,gensim,3.4.0,Python,,g/gensim/gensim_ubuntu_16.04.sh,https://github.com/piskvorky/gensim.git
gensync,gensync,1.0.0-beta.1,Node,,g/gensync/gensync.sh,https://registry.npmjs.org/gensync/-/gensync-1.0.0-beta.1.tgz
gentle-fs,gentle-fs,2.3.1,Node,,g/gentle-fs/gentle-fs.sh,https://github.com/npm/gentle-fs
geo,geo,5b978397cfec,Go,,g/geo/geo.sh,https://github.com/golang/geo.git
geomet,geomet,1.1.0,Python,,g/geomet/geomet.sh,https://github.com/geomet/geomet
geomet,geomet,0.1.0,Python,,g/geomet/geomet_rhel_8.3.sh,https://github.com/geomet/geomet
geoserver,geoserver,${1:-,Java,,g/geoserver/geoserver.sh,https://github.com/geoserver/geoserver
geoserver,geoserver,2.23.1,Java,,g/geoserver/geoserver_ubi_8_7.sh,https://github.com/geoserver/geoserver
geronimo-annotation_1.1_spec,geronimo-annotation_1.1_spec,1,Java,,g/geronimo-annotation_1.1_spec/geronimo-annotation_1.1_spec.sh,https://github.com/apache/geronimo-specs
geronimo-jaxrs_1.1_spec,geronimo-jaxrs_1.1_spec,1,Java,,g/geronimo-jaxrs_1.1_spec/geronimo-jaxrs_1.1_spec.sh,https://github.com/apache/geronimo-specs
geronimo-specs,geronimo-specs,1.0,Java,,g/geronimo-specs/geronimo-specs-registry.sh,https://github.com/apache/geronimo-specs.git
gerrit,gerrit,2.13.10,Node,,g/gerrit/gerrit.sh,https://gerrit.googlesource.com/gerrit
gerrit,gerrit,2.13.10,Node,,g/gerrit/gerrit_ubuntu_16.04.sh,https://gerrit.googlesource.com/gerrit
get-caller-file,get-caller-file,2.0.5,Node,,g/get-caller-file/get-caller-file.sh,https://github.com/stefanpenner/get-caller-file
get-css-data,get-css-data,${1:v2.1.1},Node,Node:22,g/get-css-data/get-css-data.sh,https://github.com/jhildenbiddle/get-css-data
get-intrinsic,get-intrinsic,0972547efd0abc863fe4c445a6ca7eb4f8c6901d,Node,,g/get-intrinsic/get-intrinsic.sh,https://github.com/ljharb/get-intrinsic.git
get-object,get-object,0.2.0,Node,,g/get-object/get-object.sh,https://github.com/jonschlinkert/get-object
get-own-enumerable-property-symbols,get-own-enumerable-property-symbols,3.0.2,Node,,g/get-own-enumerable-property-symbols/get-own-enumerable-property-symbols.sh,https://github.com/mightyiam/get-own-enumerable-property-symbols
get-package-type,get-package-type,0.1.0,Node,,g/get-package-type/get-package-type.sh,https://github.com/cfware/get-package-type
get-stdin,get-stdin,7.0.0,Node,,g/get-stdin/get-stdin.sh,https://github.com/sindresorhus/get-stdin
get-stream,get-stream,v6.0.1,Node,,g/get-stream/get-stream.sh,https://github.com/sindresorhus/get-stream.git
get-stream,get-stream,5.2.0,Node,,g/get-stream/get-stream_rhel_8.3.sh,https://github.com/sindresorhus/get-stream
get-value,get-value,2.0.6,Node,,g/get-value/get-value.sh,https://github.com/jonschlinkert/get-value
gethostname4j,gethostname4j,v0.0.2,Java,,g/gethostname4j/gethostname4j.sh,https://github.com/mattsheppard/gethostname4j
getobject,node-getobject,v1.0.0,Node,Node:v14,g/getobject/getobject.sh,https://github.com/cowboy/node-getobject
getopts,getopts,2.2.5,Node,,g/getopts/getopts.sh,https://github.com/jorgebucaran/getopts
gettext-go,gettext-go,${1:v1.0.3},Go,Go:1.14,g/gettext-go/gettext-go.sh,https://github.com/chai2010/gettext-go
gh-got,gh-got,main,Node,,g/gh-got/gh-got.sh,https://github.com/sindresorhus/gh-got.git
ghodss__yaml,ghodss/yaml,73d445a93680fa1a78ae23a5839bad48f32ba1ee,Go,,g/ghodss__yaml/ghodss__yaml.sh,https://github.com/ghodss/yaml
ghodss__yaml,ghodss/yaml,73d445a93680fa1a78ae23a5839bad48f32ba1ee,Go,,g/ghodss__yaml/ghodss__yaml_rhel_8.3.sh,https://github.com/ghodss/yaml
ghodss__yaml,ghodss__yaml,v1.0.0,Go,,g/ghodss__yaml/ghodss_yaml.sh,https://github.com/ghodss/yaml
ginkgo,ginkgo,v2.23.4,Go,Go:1.24.1,g/ginkgo/ginkgo_ubi_9.6_v2.23.4.sh,https://github.com/onsi/ginkgo
git-log-parser,git-log-parser,1.2.0,Node,,g/git-log-parser/git-log-parser.sh,https://github.com/bendrucker/git-log-parser
gitea,gitea,1.15.8,Go,,g/gitea/build_image_gitea.sh,https://github.com/go-gitea/gitea
gitea,gitea,v1.22.0,Go,,g/gitea/gitea.sh,https://github.com/go-gitea/gitea
gitea,gitea,v1.17.2,Go,,g/gitea/gitea_v1.17.2.sh,https://github.com/go-gitea/gitea.git
github-username,github-username,v6.0.0,Node,,g/github-username/github-username.sh,https://github.com/sindresorhus/github-username.git
github.com-jeffashton-win_pdh,github.com/JeffAshton/win_pdh,v0.0.0-20161109143554-76bb4ee9f0ab,Go,,g/github.com-jeffashton-win_pdh/github.com-jeffashton-win_pdh.sh,https://github.com/jeffashton/win_pdh
github.com-maorfr-helm-plugin-utils,github.com/maorfr/helm-plugin-utils,v0.0.0-20200216074820-36d2fcf6ae86,Go,,g/github.com-maorfr-helm-plugin-utils/github.com-maorfr-helm-plugin-utils.sh,https://github.com/maorfr/helm-plugin-utils
github.com-niemeyer-pretty,github.com/niemeyer/pretty,v0.0.0-20200227124842-a10e7caefd8e,Go,,g/github.com-niemeyer-pretty/github.com-niemeyer-pretty.sh,https://github.com/niemeyer/pretty
github.com-shopify-logrus-bugsnag,github.com/shopify/logrus-bugsnag,v0.0.0-20171204204709-577dee27f20d,Go,,g/github.com-shopify-logrus-bugsnag/github.com-shopify-logrus-bugsnag.sh,https://github.com/Shopify/logrus-bugsnag
github.com__Etienne42__testrail,testrail,9def6bd24a47723c046553ec5504f9ee54b73f9e,Go,,g/github.com__Etienne42__testrail/github.com__Etienne42__testrail.sh,https://github.com/etienne42/testrail
github.com__Etienne42__testrail,github.com/Etienne42/testrail,9def6bd24a47723c046553ec5504f9ee54b73f9e,Go,,g/github.com__Etienne42__testrail/github.com__Etienne42__testrail_rhel_8.3.sh,https://github.com/etienne42/testrail
github.com__alecthomas__template,github.com/alecthomas/template,v0.0.0-20190718012654-fb15b899a751,Go,,g/github.com__alecthomas__template/github.com__alecthomas__template.sh,https://github.com/alecthomas/template
github.com__alecthomas__units,github.com/alecthomas/units,v0.0.0-20190924025748-f65c72e2690d,Go,,g/github.com__alecthomas__units/github.com__alecthomas__units.sh,https://github.com/alecthomas/units
github.com__alvaroloes__enumer,github.com/alvaroloes/enumer,v1.1.2,Go,,g/github.com__alvaroloes__enumer/github.com__alvaroloes__enumer.sh,https://github.com/alvaroloes/enumer
github.com__andreyvit__diff,github.com/andreyvit/diff,v0.0.0-20170406064948-c7f18ee00883,Go,,g/github.com__andreyvit__diff/github.com__andreyvit__diff.sh,https://github.com/andreyvit/diff
github.com__andybalholm__brotli,github.com/andybalholm/brotli,v0.0.0-20190621154722-5f990b63d2d6,Go,,g/github.com__andybalholm__brotli/github.com__andybalholm__brotli.sh,https://github.com/andybalholm/brotli
github.com__antihax__optional,github.com/antihax/optional,v1.0.0,Go,,g/github.com__antihax__optional/github.com__antihax__optional.sh,https://github.com/antihax/optional
github.com__armon__circbuf,github.com/armon/circbuf,v0.0.0-20150827004946-bbbad097214e,Go,,g/github.com__armon__circbuf/github.com__armon__circbuf.sh,https://github.com/armon/circbuf
github.com__armon__go-metrics,github.com/armon/go-metrics,v0.3.0,Go,,g/github.com__armon__go-metrics/github.com__armon__go-metrics.sh,https://github.com/armon/go-metrics
github.com__armon__go-radix,github.com/armon/go-radix,v1.0.0,Go,,g/github.com__armon__go-radix/github.com__armon__go-radix.sh,https://github.com/armon/go-radix
github.com__asaskevich__eventbus,github.com/asaskevich/eventbus,v0.0.0-20200428142821-4fc0642a29f3,Go,,g/github.com__asaskevich__eventbus/github.com__asaskevich__eventbus.sh,https://github.com/asaskevich/eventbus
github.com__asaskevich__govalidator,github.com/asaskevich/govalidator,v0.0.0-20200428143746-21a406dcc535,Go,,g/github.com__asaskevich__govalidator/github.com__asaskevich__govalidator.sh,https://github.com/asaskevich/govalidator
github.com__asdine__storm,github.com/asdine/storm,v2.2.1,Go,,g/github.com__asdine__storm/github.com__asdine__storm.sh,https://github.com/asdine/storm
github.com__auth0__go-jwt-middleware,github.com/auth0/go-jwt-middleware,v0.0.0-20170425171159-5493cabe49f7,Go,,g/github.com__auth0__go-jwt-middleware/github.com__auth0__go-jwt-middleware.sh,https://github.com/auth0/go-jwt-middleware
github.com__aws__aws-sdk-go,github.com/aws/aws-sdk-go,v1.25.48,Go,,g/github.com__aws__aws-sdk-go/github.com__aws__aws-sdk-go.sh,https://github.com/aws/aws-sdk-go
github.com__aws__aws-sdk-go-v2,github.com/aws/aws-sdk-go-v2,v0.18.0,Go,,g/github.com__aws__aws-sdk-go-v2/github.com__aws__aws-sdk-go-v2.sh,https://github.com/aws/aws-sdk-go-v2
github.com__aymerick__raymond,github.com/aymerick/raymond,v2.0.1,Go,,g/github.com__aymerick__raymond/github.com__aymerick__raymond.sh,https://github.com/aymerick/raymond
github.com__azure__azure-sdk-for-go,github.com/azure/azure-sdk-for-go,v36.1.0+incompatible,Go,,g/github.com__azure__azure-sdk-for-go/github.com__azure__azure-sdk-for-go.sh,https://github.com/azure/azure-sdk-for-go
github.com__azure__go-ansiterm,github.com/azure/go-ansiterm,v0.0.0-20170929234023-d6e3b3328b78,Go,,g/github.com__azure__go-ansiterm/github.com__azure__go-ansiterm.sh,https://github.com/azure/go-ansiterm
github.com__azure__go-autorest,github.com/azure/go-autorest,v14.2.0+incompatible,Go,,g/github.com__azure__go-autorest/github.com__azure__go-autorest.sh,https://github.com/azure/go-autorest
github.com__azure__go-autorest__autorest__adal,github.com/azure/go-autorest/autorest/adal,v0.8.1-0.20191028180845-3492b2aff503,Go,,g/github.com__azure__go-autorest__autorest__adal/github.com__azure__go-autorest__autorest__adal.sh,https://github.com/azure/go-autorest
github.com__azure__go-autorest__autorest__date,github.com/azure/go-autorest/autorest/date,v0.2.0,Go,,g/github.com__azure__go-autorest__autorest__date/github.com__azure__go-autorest__autorest__date.sh,https://github.com/azure/go-autorest
github.com__azure__go-autorest__autorest__mocks,github.com/azure/go-autorest/autorest/mocks,v0.3.0,Go,,g/github.com__azure__go-autorest__autorest__mocks/github.com__azure__go-autorest__autorest__mocks.sh,https://github.com/azure/go-autorest
github.com__azure__go-autorest__autorest__to,github.com/azure/go-autorest/autorest/to,v0.4.0,Go,,g/github.com__azure__go-autorest__autorest__to/github.com__azure__go-autorest__autorest__to.sh,https://github.com/azure/go-autorest
github.com__azure__go-autorest__autorest__validation,github.com/azure/go-autorest/autorest/validation,v0.3.0,Go,,g/github.com__azure__go-autorest__autorest__validation/github.com__azure__go-autorest__autorest__validation.sh,https://github.com/azure/go-autorest
github.com__azure__go-autorest__logger,github.com/azure/go-autorest/logger,v0.1.0,Go,,g/github.com__azure__go-autorest__logger/github.com__azure__go-autorest__logger.sh,https://github.com/azure/go-autorest
github.com__azure__go-autorest__tracing,github.com/azure/go-autorest/tracing,v0.5.0,Go,,g/github.com__azure__go-autorest__tracing/github.com__azure__go-autorest__tracing.sh,https://github.com/azure/go-autorest
github.com__bep__debounce,github.com/bep/debounce,v1.2.0,Go,,g/github.com__bep__debounce/github.com__bep__debounce.sh,https://github.com/bep/debounce
github.com__bgentry__speakeasy,github.com/bgentry/speakeasy,v0.1.0,Go,,g/github.com__bgentry__speakeasy/github.com__bgentry__speakeasy.sh,https://github.com/bgentry/speakeasy
github.com__bitly__go-hostpool,github.com/bitly/go-hostpool,v0.0.0-20171023180738-a3a6125de932,Go,,g/github.com__bitly__go-hostpool/github.com__bitly__go-hostpool.sh,https://github.com/bitly/go-hostpool
github.com__bitly__go-simplejson,github.com/bitly/go-simplejson,v0.5.0,Go,,g/github.com__bitly__go-simplejson/github.com__bitly__go-simplejson.sh,https://github.com/bitly/go-simplejson
github.com__blang__semver,github.com/blang/semver,v3.5.1+incompatible,Go,,g/github.com__blang__semver/github.com__blang__semver.sh,https://github.com/blang/semver
github.com__bmizerany__assert,github.com/bmizerany/assert,v0.0.0-20160611221934-b7ed37b82869,Go,,g/github.com__bmizerany__assert/github.com__bmizerany__assert.sh,https://github.com/bmizerany/assert
github.com__brancz__kube-rbac-proxy,github.com/brancz/kube-rbac-proxy,v0.5.0,Go,,g/github.com__brancz__kube-rbac-proxy/github.com__brancz__kube-rbac-proxy.sh,https://github.com/brancz/kube-rbac-proxy
github.com__bugsnag__bugsnag-go,github.com/bugsnag/bugsnag-go,v1.5.3,Go,,g/github.com__bugsnag__bugsnag-go/github.com__bugsnag__bugsnag-go.sh,https://github.com/bugsnag/bugsnag-go
github.com__bugsnag__osext,github.com/bugsnag/osext,v0.0.0-20130617224835-0dd3f918b21b,Go,,g/github.com__bugsnag__osext/github.com__bugsnag__osext.sh,https://github.com/bugsnag/osext
github.com__burntsushi__xgb,github.com/burntsushi/xgb,v0.0.0-20160522181843-27f122750802,Go,,g/github.com__burntsushi__xgb/github.com__burntsushi__xgb.sh,https://github.com/burntsushi/xgb
github.com__cenkalti__backoff,github.com/cenkalti/backoff,v2.1.1+incompatible,Go,,g/github.com__cenkalti__backoff/github.com__cenkalti__backoff.sh,https://github.com/cenkalti/backoff
github.com__cespare__prettybench,github.com/cespare/prettybench,v0.0.0-20150116022406-03b8cfe5406c,Go,,g/github.com__cespare__prettybench/github.com__cespare__prettybench.sh,https://github.com/cespare/prettybench
github.com__cespare__xxhash,github.com/cespare/xxhash,v1.1.0,Go,,g/github.com__cespare__xxhash/github.com__cespare__xxhash.sh,https://github.com/cespare/xxhash
github.com__cespare__xxhash__v2,github.com/cespare/xxhash/v2,v2.1.1,Go,,g/github.com__cespare__xxhash__v2/github.com__cespare__xxhash__v2.sh,https://github.com/cespare/xxhash
github.com__checkpoint-restore__go-criu,github.com/checkpoint-restore/go-criu,v0.0.0-20190109184317-bdb7599cd87b,Go,,g/github.com__checkpoint-restore__go-criu/github.com__checkpoint-restore__go-criu.sh,https://github.com/checkpoint-restore/go-criu
github.com__cheekybits__genny,github.com/cheekybits/genny,v1.0.0,Go,,g/github.com__cheekybits__genny/github.com__cheekybits__genny.sh,https://github.com/cheekybits/genny
github.com__cheekybits__is,github.com/cheekybits/is,v0.0.0-20150225183255-68e9c0620927,Go,,g/github.com__cheekybits__is/github.com__cheekybits__is.sh,https://github.com/cheekybits/is
github.com__circonus-labs__circonus-gometrics,github.com/circonus-labs/circonus-gometrics,v2.3.1+incompatible,Go,,g/github.com__circonus-labs__circonus-gometrics/github.com__circonus-labs__circonus-gometrics.sh,https://github.com/circonus-labs/circonus-gometrics
github.com__client9__misspell,github.com/client9/misspell,v0.3.4,Go,,g/github.com__client9__misspell/github.com__client9__misspell.sh,https://github.com/client9/misspell
github.com__cloudflare__cloudflare-go,github.com/cloudflare/cloudflare-go,v0.8.5,Go,,g/github.com__cloudflare__cloudflare-go/github.com__cloudflare__cloudflare-go.sh,https://github.com/cloudflare/cloudflare-go
github.com__cloudfoundry__jibber_jabber,github.com/cloudfoundry/jibber_jabber,v0.0.0-20151120183258-bcc4c8345a21,Go,,g/github.com__cloudfoundry__jibber_jabber/github.com__cloudfoundry__jibber_jabber.sh,https://github.com/cloudfoundry/jibber_jabber
github.com__clusterhq__flocker-go,github.com/clusterhq/flocker-go,v0.0.0-20160920122132-2b8b7259d313,Go,,g/github.com__clusterhq__flocker-go/github.com__clusterhq__flocker-go.sh,https://github.com/clusterhq/flocker-go
github.com__cockroachdb__datadriven,github.com/cockroachdb/datadriven,v0.0.0-20190809214429-80d97fb3cbaa,Go,,g/github.com__cockroachdb__datadriven/github.com__cockroachdb__datadriven.sh,https://github.com/cockroachdb/datadriven
github.com__codahale__hdrhistogram,github.com/codahale/hdrhistogram,v0.0.0-20161010025455-3a0bb77429bd,Go,,g/github.com__codahale__hdrhistogram/github.com__codahale__hdrhistogram.sh,https://github.com/codahale/hdrhistogram
github.com__codegangsta__negroni,github.com/codegangsta/negroni,v1.0.0,Go,,g/github.com__codegangsta__negroni/github.com__codegangsta__negroni.sh,https://github.com/codegangsta/negroni
github.com__containerd__cgroups,github.com/containerd/cgroups,v0.0.0-20190919134610-bf292b21730f,Go,,g/github.com__containerd__cgroups/github.com__containerd__cgroups.sh,https://github.com/containerd/cgroups
github.com__containerd__continuity,github.com/containerd/continuity,v0.0.0-20200228182428-0f16d7a0959c,Go,,g/github.com__containerd__continuity/github.com__containerd__continuity.sh,https://github.com/containerd/continuity
github.com__containerd__fifo,github.com/containerd/fifo,v0.0.0-20190226154929-a9fb20d87448,Go,,g/github.com__containerd__fifo/github.com__containerd__fifo.sh,https://github.com/containerd/fifo
github.com__containerd__go-runc,github.com/containerd/go-runc,v0.0.0-20180907222934-5a6d9f37cfa3,Go,,g/github.com__containerd__go-runc/github.com__containerd__go-runc.sh,https://github.com/containerd/go-runc
github.com__containerd__ttrpc,github.com/containerd/ttrpc,v0.0.0-20190828154514-0e0f228740de,Go,,g/github.com__containerd__ttrpc/github.com__containerd__ttrpc.sh,https://github.com/containerd/ttrpc
github.com__containerd__typeurl,github.com/containerd/typeurl,v0.0.0-20190228175220-2a93cfde8c20,Go,,g/github.com__containerd__typeurl/github.com__containerd__typeurl.sh,https://github.com/containerd/typeurl
github.com__coredns__corefile-migration,github.com/coredns/corefile-migration,v1.0.2,Go,,g/github.com__coredns__corefile-migration/github.com__coredns__corefile-migration.sh,https://github.com/coredns/corefile-migration
github.com__coreos__go-semver,github.com/coreos/go-semver,v0.3.0,Go,,g/github.com__coreos__go-semver/github.com__coreos__go-semver.sh,https://github.com/coreos/go-semver
github.com__cpu__goacmedns,github.com/cpu/goacmedns,v0.0.0-20180701200144-565ecf2a84df,Go,,g/github.com__cpu__goacmedns/github.com__cpu__goacmedns.sh,https://github.com/cpu/goacmedns
github.com__cpuguy83__go-md2man,github.com/cpuguy83/go-md2man,v1.0.7,Go,,g/github.com__cpuguy83__go-md2man/github.com__cpuguy83__go-md2man.sh,https://github.com/cpuguy83/go-md2man
github.com__cpuguy83__go-md2man__v2,github.com/cpuguy83/go-md2man/v2,v2.0.0,Go,,g/github.com__cpuguy83__go-md2man__v2/github.com__cpuguy83__go-md2man__v2.sh,https://github.com/cpuguy83/go-md2man
github.com__creack__pty,github.com/creack/pty,v1.1.9,Go,,g/github.com__creack__pty/github.com__creack__pty.sh,https://github.com/creack/pty
github.com__cyphar__filepath-securejoin,github.com/cyphar/filepath-securejoin,v0.2.2,Go,,g/github.com__cyphar__filepath-securejoin/github.com__cyphar__filepath-securejoin.sh,https://github.com/cyphar/filepath-securejoin
github.com__cznic__b,github.com/cznic/b,v0.0.0-20180115125044-35e9bbe41f07,Go,,g/github.com__cznic__b/github.com__cznic__b.sh,https://github.com/cznic/b
github.com__cznic__mathutil,github.com/cznic/mathutil,v0.0.0-20180504122225-ca4c9f2c1369,Go,,g/github.com__cznic__mathutil/github.com__cznic__mathutil.sh,https://github.com/cznic/mathutil
github.com__cznic__sortutil,github.com/cznic/sortutil,v0.0.0-20150617083342-4c7342852e65,Go,,g/github.com__cznic__sortutil/github.com__cznic__sortutil.sh,https://github.com/cznic/sortutil
github.com__cznic__strutil,github.com/cznic/strutil,v0.0.0-20171016134553-529a34b1c186,Go,,g/github.com__cznic__strutil/github.com__cznic__strutil.sh,https://github.com/cznic/strutil
github.com__data-dog__go-sqlmock,github.com/data-dog/go-sqlmock,v1.4.1,Go,,g/github.com__data-dog__go-sqlmock/github.com__data-dog__go-sqlmock.sh,https://github.com/data-dog/go-sqlmock
github.com__daviddengcn__go-colortext,github.com/daviddengcn/go-colortext,v0.0.0-20160507010035-511bcaf42ccd,Go,,g/github.com__daviddengcn__go-colortext/github.com__daviddengcn__go-colortext.sh,https://github.com/daviddengcn/go-colortext
github.com__denisenkom__go-mssqldb,github.com/denisenkom/go-mssqldb,v0.0.0-20191001013358-cfbb681360f0,Go,,g/github.com__denisenkom__go-mssqldb/github.com__denisenkom__go-mssqldb.sh,https://github.com/denisenkom/go-mssqldb
github.com__dgrijalva__jwt-go,github.com/dgrijalva/jwt-go,v3.2.0+incompatible,Go,,g/github.com__dgrijalva__jwt-go/github.com__dgrijalva__jwt-go.sh,https://github.com/dgrijalva/jwt-go
github.com__dgryski__go-sip13,github.com/dgryski/go-sip13,v0.0.0-20190329191031-25c5027a8c7b,Go,,g/github.com__dgryski__go-sip13/github.com__dgryski__go-sip13.sh,https://github.com/dgryski/go-sip13
github.com__docker__go-connections,github.com/docker/go-connections,v0.4.0,Go,,g/github.com__docker__go-connections/github.com__docker__go-connections.sh,https://github.com/docker/go-connections
github.com__docker__go-events,github.com/docker/go-events,v0.0.0-20190806004212-e31b211e4f1c,Go,,g/github.com__docker__go-events/github.com__docker__go-events.sh,https://github.com/docker/go-events
github.com__docker__go-units,github.com/docker/go-units,v0.4.0,Go,,g/github.com__docker__go-units/github.com__docker__go-units.sh,https://github.com/docker/go-units
github.com__docopt__docopt-go,github.com/docopt/docopt-go,v0.0.0-20180111231733-ee0de3bc6815,Go,,g/github.com__docopt__docopt-go/github.com__docopt__docopt-go.sh,https://github.com/docopt/docopt-go
github.com__dsnet__compress,github.com/dsnet/compress,v0.0.1,Go,,g/github.com__dsnet__compress/github.com__dsnet__compress.sh,https://github.com/dsnet/compress
github.com__dsnet__golib,github.com/dsnet/golib,v0.0.0-20171103203638-1ea166775780,Go,,g/github.com__dsnet__golib/github.com__dsnet__golib.sh,https://github.com/dsnet/golib
github.com__duosecurity__duo_api_golang,github.com/duosecurity/duo_api_golang,v0.0.0-20190308151101-6c680f768e74,Go,,g/github.com__duosecurity__duo_api_golang/github.com__duosecurity__duo_api_golang.sh,https://github.com/duosecurity/duo_api_golang
github.com__dustin__go-humanize,github.com/dustin/go-humanize,v1.0.0,Go,,g/github.com__dustin__go-humanize/github.com__dustin__go-humanize.sh,https://github.com/dustin/go-humanize
github.com__eapache__go-xerial-snappy,github.com/eapache/go-xerial-snappy,v0.0.0-20180814174437-776d5712da21,Go,,g/github.com__eapache__go-xerial-snappy/github.com__eapache__go-xerial-snappy.sh,https://github.com/eapache/go-xerial-snappy
github.com__eapache__queue,github.com/eapache/queue,v1.1.0,Go,,g/github.com__eapache__queue/github.com__eapache__queue.sh,https://github.com/eapache/queue
github.com__edsrzf__mmap-go,github.com/edsrzf/mmap-go,v1.0.0,Go,,g/github.com__edsrzf__mmap-go/github.com__edsrzf__mmap-go.sh,https://github.com/edsrzf/mmap-go
github.com__elastic__go-windows,github.com/elastic/go-windows,v1.0.1,Go,,g/github.com__elastic__go-windows/github.com__elastic__go-windows.sh,https://github.com/elastic/go-windows
github.com__evanphx__json-patch,github.com/evanphx/json-patch,v4.5.0+incompatible,Go,,g/github.com__evanphx__json-patch/github.com__evanphx__json-patch.sh,https://github.com/evanphx/json-patch
github.com__evanphx__json-patch,github.com/evanphx/json-patch,v4.5.0+incompatible,Go,,g/github.com__evanphx__json-patch/github.com__evanphx__json-patch_rhel_8.3.sh,https://github.com/evanphx/json-patch
github.com__evanphx__json-patch,github.com__evanphx__json-patch,v0.0.0-20190203023257-5858425f7550,Go,,g/github.com__evanphx__json-patch/github.com__evanphx_json-patch.sh,https://github.com/evanphx/json-patch
github.com__exponent-io__jsonpath,github.com/exponent-io/jsonpath,v0.0.0-20151013193312-d6023ce2651d,Go,,g/github.com__exponent-io__jsonpath/github.com__exponent-io__jsonpath.sh,https://github.com/exponent-io/jsonpath
github.com__facette__natsort,github.com/facette/natsort,v0.0.0-20181210072756-2cd4dd1e2dcb,Go,,g/github.com__facette__natsort/github.com__facette__natsort.sh,https://github.com/facette/natsort
github.com__fatih__camelcase,github.com/fatih/camelcase,v1.0.0,Go,,g/github.com__fatih__camelcase/github.com__fatih__camelcase.sh,https://github.com/fatih/camelcase
github.com__fatih__color,github.com/fatih/color,v1.9.0,Go,,g/github.com__fatih__color/github.com__fatih__color.sh,https://github.com/fatih/color
github.com__fatih__structs,github.com/fatih/structs,v1.1.0,Go,,g/github.com__fatih__structs/github.com__fatih__structs.sh,https://github.com/fatih/structs
github.com__fatih__structtag,github.com/fatih/structtag,v1.1.0,Go,,g/github.com__fatih__structtag/github.com__fatih__structtag.sh,https://github.com/fatih/structtag
github.com__flynn__go-shlex,github.com/flynn/go-shlex,v0.0.0-20150515145356-3f9db97f8568,Go,,g/github.com__flynn__go-shlex/github.com__flynn__go-shlex.sh,https://github.com/flynn/go-shlex
github.com__fortytw2__leaktest,github.com/fortytw2/leaktest,v1.3.0,Go,,g/github.com__fortytw2__leaktest/github.com__fortytw2__leaktest.sh,https://github.com/fortytw2/leaktest
github.com__fsnotify__fsnotify,github.com/fsnotify/fsnotify,v1.4.9,Go,,g/github.com__fsnotify__fsnotify/github.com__fsnotify__fsnotify.sh,https://github.com/fsnotify/fsnotify
github.com__fsouza__fake-gcs-server,github.com/fsouza/fake-gcs-server,v1.7.0,Go,,g/github.com__fsouza__fake-gcs-server/github.com__fsouza__fake-gcs-server.sh,https://github.com/fsouza/fake-gcs-server
github.com__ghodss__yaml,github.com/ghodss/yaml,v1.0.1-0.20190212211648-25d852aebe32,Go,,g/github.com__ghodss__yaml/github.com__ghodss__yaml.sh,https://github.com/ghodss/yaml
github.com__go-bindata__go-bindata,github.com/go-bindata/go-bindata,v3.1.2+incompatible,Go,,g/github.com__go-bindata__go-bindata/github.com__go-bindata__go-bindata.sh,https://github.com/go-bindata/go-bindata
github.com__go-bindata__go-bindata__v3,github.com/go-bindata/go-bindata/v3,v3.1.3,Go,,g/github.com__go-bindata__go-bindata__v3/github.com__go-bindata__go-bindata__v3.sh,https://github.com/go-bindata/go-bindata
github.com__go-ini__ini,github.com/go-ini/ini,v1.42.0,Go,,g/github.com__go-ini__ini/github.com__go-ini__ini.sh,https://github.com/go-ini/ini
github.com__go-ini__ini,github.com/go-ini/ini,v1.42.0,Go,,g/github.com__go-ini__ini/github.com__go-ini__ini_rhel_8.3.sh,https://github.com/go-ini/ini
github.com__go-ini__ini,gopkg.in/ini.v1,v1.57.0,Go,,g/github.com__go-ini__ini/go-ini__ini.sh,https://github.com/go-ini/ini
github.com__go-logfmt__logfmt,github.com/go-logfmt/logfmt,v0.4.0,Go,,g/github.com__go-logfmt__logfmt/github.com__go-logfmt__logfmt.sh,https://github.com/go-logfmt/logfmt
github.com__go-logr__logr,github.com/go-logr/logr,v0.2.0,Go,,g/github.com__go-logr__logr/github.com__go-logr__logr.sh,https://github.com/go-logr/logr
github.com__go-openapi__analysis,github.com/go-openapi/analysis,v0.19.5,Go,,g/github.com__go-openapi__analysis/github.com__go-openapi__analysis.sh,https://github.com/go-openapi/analysis
github.com__go-openapi__inflect,github.com/go-openapi/inflect,16a898ed1f4943794fb9b0e7afb7376a7619cf21,Go,,g/github.com__go-openapi__inflect/github.com__go-openapi__inflect.sh,https://github.com/go-openapi/inflect
github.com__go-openapi__jsonpointer,github.com/go-openapi/jsonpointer,v0.19.3,Go,,g/github.com__go-openapi__jsonpointer/github.com__go-openapi__jsonpointer.sh,https://github.com/go-openapi/jsonpointer
github.com__go-openapi__jsonreference,github.com/go-openapi/jsonreference,v0.19.3,Go,,g/github.com__go-openapi__jsonreference/github.com__go-openapi__jsonreference.sh,https://github.com/go-openapi/jsonreference
github.com__go-openapi__strfmt,github.com/go-openapi/strfmt,v0.19.3,Go,,g/github.com__go-openapi__strfmt/github.com__go-openapi__strfmt.sh,https://github.com/go-openapi/strfmt
github.com__go-ozzo__ozzo-validation,github.com/go-ozzo/ozzo-validation,v3.5.0+incompatible,Go,,g/github.com__go-ozzo__ozzo-validation/github.com__go-ozzo__ozzo-validation.sh,https://github.com/go-ozzo/ozzo-validation
github.com__go-playground__locales,github.com/go-playground/locales,v0.13.0,Go,,g/github.com__go-playground__locales/github.com__go-playground__locales.sh,https://github.com/go-playground/locales
github.com__go-sql-driver__mysql,github.com/go-sql-driver/mysql,v1.5.0,Go,,g/github.com__go-sql-driver__mysql/github.com__go-sql-driver__mysql.sh,https://github.com/go-sql-driver/mysql
github.com__gobuffalo__flect,github.com/gobuffalo/flect,v0.2.1,Go,,g/github.com__gobuffalo__flect/github.com__gobuffalo__flect.sh,https://github.com/gobuffalo/flect
github.com__gobuffalo__logger,github.com/gobuffalo/logger,v1.0.1,Go,,g/github.com__gobuffalo__logger/github.com__gobuffalo__logger.sh,https://github.com/gobuffalo/logger
github.com__gobuffalo__packd,github.com/gobuffalo/packd,v0.3.0,Go,,g/github.com__gobuffalo__packd/github.com__gobuffalo__packd.sh,https://github.com/gobuffalo/packd
github.com__gobuffalo__packr,github.com/gobuffalo/packr,v1.30.1,Go,,g/github.com__gobuffalo__packr/github.com__gobuffalo__packr.sh,https://github.com/gobuffalo/packr
github.com__gobuffalo__packr__v2,github.com/gobuffalo/packr/v2,v2.7.1,Go,,g/github.com__gobuffalo__packr__v2/github.com__gobuffalo__packr__v2.sh,https://github.com/gobuffalo/packr
github.com__gobwas__glob,github.com/gobwas/glob,v0.2.3,Go,,g/github.com__gobwas__glob/github.com__gobwas__glob.sh,https://github.com/gobwas/glob
github.com__gobwas__httphead,github.com/gobwas/httphead,v0.0.0-20180130184737-2c6c146eadee,Go,,g/github.com__gobwas__httphead/github.com__gobwas__httphead.sh,https://github.com/gobwas/httphead
github.com__gobwas__pool,github.com/gobwas/pool,v0.2.0,Go,,g/github.com__gobwas__pool/github.com__gobwas__pool.sh,https://github.com/gobwas/pool
github.com__gobwas__ws,github.com/gobwas/ws,v1.0.2,Go,,g/github.com__gobwas__ws/github.com__gobwas__ws.sh,https://github.com/gobwas/ws
github.com__goccy__go-yaml,github.com/goccy/go-yaml,v1.7.5,Go,,g/github.com__goccy__go-yaml/github.com__goccy__go-yaml.sh,https://github.com/goccy/go-yaml
github.com__gocql__gocql,github.com/gocql/gocql,v0.0.0-20190402132108-0e1d5de854df,Go,,g/github.com__gocql__gocql/github.com__gocql__gocql.sh,https://github.com/gocql/gocql
github.com__gofrs__flock,github.com/gofrs/flock,v0.7.1,Go,,g/github.com__gofrs__flock/github.com__gofrs__flock.sh,https://github.com/gofrs/flock
github.com__golang-migrate__migrate__v4,github.com/golang-migrate/migrate/v4,v4.6.2,Go,,g/github.com__golang-migrate__migrate__v4/github.com__golang-migrate__migrate__v4.sh,https://github.com/golang-migrate/migrate
github.com__golang-sql__civil,github.com/golang-sql/civil,v0.0.0-20190719163853-cb61b32ac6fe,Go,,g/github.com__golang-sql__civil/github.com__golang-sql__civil.sh,https://github.com/golang-sql/civil
github.com__golang__glog,github.com/golang/glog,v0.0.0-20160126235308-23def4e6c14b,Go,,g/github.com__golang__glog/github.com__golang__glog.sh,https://github.com/golang/glog
github.com__golang__groupcache,github.com/golang/groupcache,v0.0.0-20191027212112-611e8accdfc9,Go,,g/github.com__golang__groupcache/github.com__golang__groupcache.sh,https://github.com/golang/groupcache
github.com__golang__mock,github.com/golang/mock,v1.3.1,Go,,g/github.com__golang__mock/github.com__golang__mock.sh,https://github.com/golang/mock
github.com__golang__protobuf,github.com/golang/protobuf,v1.4.3,Go,,g/github.com__golang__protobuf/github.com__golang__protobuf.sh,https://github.com/golang/protobuf
github.com__golang__snappy,github.com/golang/snappy,v0.0.1,Go,,g/github.com__golang__snappy/github.com__golang__snappy.sh,https://github.com/golang/snappy
github.com__golangplus__bytes,github.com/golangplus/bytes,v0.0.0-20160111154220-45c989fe5450,Go,,g/github.com__golangplus__bytes/github.com__golangplus__bytes.sh,https://github.com/golangplus/bytes
github.com__golangplus__fmt,github.com/golangplus/fmt,v0.0.0-20150411045040-2a5d6d7d2995,Go,,g/github.com__golangplus__fmt/github.com__golangplus__fmt.sh,https://github.com/golangplus/fmt
github.com__golangplus__testing,github.com/golangplus/testing,v0.0.0-20180327235837-af21d9c3145e,Go,,g/github.com__golangplus__testing/github.com__golangplus__testing.sh,https://github.com/golangplus/testing
github.com__google__btree,github.com/google/btree,v1.0.0,Go,,g/github.com__google__btree/github.com__google__btree.sh,https://github.com/google/btree
github.com__google__cadvisor,github.com/google/cadvisor,v0.34.0,Go,,g/github.com__google__cadvisor/github.com__google__cadvisor.sh,https://github.com/google/cadvisor
github.com__google__certificate-transparency-go,github.com/google/certificate-transparency-go,v1.0.21,Go,,g/github.com__google__certificate-transparency-go/github.com__google__certificate-transparency-go.sh,https://github.com/google/certificate-transparency-go
github.com__google__go-cmp,github.com/google/go-cmp,v0.4.0,Go,,g/github.com__google__go-cmp/github.com__google__go-cmp.sh,https://github.com/google/go-cmp
github.com__google__martian,github.com/google/martian,v2.1.0+incompatible,Go,,g/github.com__google__martian/github.com__google__martian.sh,https://github.com/google/martian
github.com__google__pprof,github.com/google/pprof,v0.0.0-20190723021845-34ac40c74b70,Go,,g/github.com__google__pprof/github.com__google__pprof.sh,https://github.com/google/pprof
github.com__google__renameio,github.com/google/renameio,v0.1.0,Go,,g/github.com__google__renameio/github.com__google__renameio.sh,https://github.com/google/renameio
github.com__google__shlex,github.com/google/shlex,v0.0.0-20191202100458-e7afc7fbc510,Go,,g/github.com__google__shlex/github.com__google__shlex.sh,https://github.com/google/shlex
github.com__googleapis__gax-go,github.com/googleapis/gax-go,v2.0.2+incompatible,Go,,g/github.com__googleapis__gax-go/github.com__googleapis__gax-go.sh,https://github.com/googleapis/gax-go
github.com__googleapis__gax-go__v2,github.com/googleapis/gax-go/v2,v2.0.5,Go,,g/github.com__googleapis__gax-go__v2/github.com__googleapis__gax-go__v2.sh,https://github.com/googleapis/gax-go
github.com__gophercloud__gophercloud,github.com/gophercloud/gophercloud,v0.6.0,Go,,g/github.com__gophercloud__gophercloud/github.com__gophercloud__gophercloud.sh,https://github.com/gophercloud/gophercloud
github.com__gorilla__context,github.com/gorilla/context,v1.1.1,Go,,g/github.com__gorilla__context/github.com__gorilla__context.sh,https://github.com/gorilla/context
github.com__gorilla__handlers,github.com/gorilla/handlers,v1.4.2,Go,,g/github.com__gorilla__handlers/github.com__gorilla__handlers.sh,https://github.com/gorilla/handlers
github.com__gorilla__mux,github.com/gorilla/mux,v1.7.4,Go,,g/github.com__gorilla__mux/github.com__gorilla__mux.sh,https://github.com/gorilla/mux
github.com__gorilla__websocket,github.com/gorilla/websocket,v1.4.1,Go,,g/github.com__gorilla__websocket/github.com__gorilla__websocket.sh,https://github.com/gorilla/websocket
github.com__gosuri__uitable,github.com/gosuri/uitable,v0.0.4,Go,,g/github.com__gosuri__uitable/github.com__gosuri__uitable.sh,https://github.com/gosuri/uitable
github.com__grpc-ecosystem__go-grpc-middleware,github.com/grpc-ecosystem/go-grpc-middleware,v1.1.0,Go,,g/github.com__grpc-ecosystem__go-grpc-middleware/github.com__grpc-ecosystem__go-grpc-middleware.sh,https://github.com/grpc-ecosystem/go-grpc-middleware
github.com__grpc-ecosystem__go-grpc-prometheus,github.com/grpc-ecosystem/go-grpc-prometheus,v1.2.0,Go,,g/github.com__grpc-ecosystem__go-grpc-prometheus/github.com__grpc-ecosystem__go-grpc-prometheus.sh,https://github.com/grpc-ecosystem/go-grpc-prometheus
github.com__grpc-ecosystem__grpc-health-probe,github.com/grpc-ecosystem/grpc-health-probe,v0.2.1-0.20181220223928-2bf0a5b182db,Go,,g/github.com__grpc-ecosystem__grpc-health-probe/github.com__grpc-ecosystem__grpc-health-probe.sh,https://github.com/grpc-ecosystem/grpc-health-probe
github.com__hashicorp__errwrap,github.com/hashicorp/errwrap,v1.0.0,Go,,g/github.com__hashicorp__errwrap/github.com__hashicorp__errwrap.sh,https://github.com/hashicorp/errwrap
github.com__hashicorp__go-immutable-radix,github.com/hashicorp/go-immutable-radix,v1.1.0,Go,,g/github.com__hashicorp__go-immutable-radix/github.com__hashicorp__go-immutable-radix.sh,https://github.com/hashicorp/go-immutable-radix
github.com__hashicorp__go-memdb,github.com/hashicorp/go-memdb,v1.0.0,Go,,g/github.com__hashicorp__go-memdb/github.com__hashicorp__go-memdb.sh,https://github.com/hashicorp/go-memdb
github.com__hashicorp__go-multierror,github.com/hashicorp/go-multierror,v1.0.0,Go,,g/github.com__hashicorp__go-multierror/github.com__hashicorp__go-multierror.sh,https://github.com/hashicorp/go-multierror
github.com__hashicorp__go-syslog,github.com/hashicorp/go-syslog,v1.0.0,Go,,g/github.com__hashicorp__go-syslog/github.com__hashicorp__go-syslog.sh,https://github.com/hashicorp/go-syslog
github.com__hashicorp__go-uuid,github.com/hashicorp/go-uuid,v1.0.1,Go,,g/github.com__hashicorp__go-uuid/github.com__hashicorp__go-uuid.sh,https://github.com/hashicorp/go-uuid
github.com__hashicorp__logutils,github.com/hashicorp/logutils,v1.0.0,Go,,g/github.com__hashicorp__logutils/github.com__hashicorp__logutils.sh,https://github.com/hashicorp/logutils
github.com__hashicorp__memberlist,github.com/hashicorp/memberlist,v0.1.5,Go,,g/github.com__hashicorp__memberlist/github.com__hashicorp__memberlist.sh,https://github.com/hashicorp/memberlist
github.com__hashicorp__raft-boltdb,github.com/hashicorp/raft-boltdb,v0.0.0-20171010151810-6e5ba93211ea,Go,,g/github.com__hashicorp__raft-boltdb/github.com__hashicorp__raft-boltdb.sh,https://github.com/hashicorp/raft-boltdb
github.com__heketi__rest,github.com/heketi/rest,v0.0.0-20180404230133-aa6a65207413,Go,,g/github.com__heketi__rest/github.com__heketi__rest.sh,https://github.com/heketi/rest
github.com__heketi__tests,github.com/heketi/tests,v0.0.0-20151005000721-f3775cbcefd6,Go,,g/github.com__heketi__tests/github.com__heketi__tests.sh,https://github.com/heketi/tests
github.com__heketi__utils,github.com/heketi/utils,v0.0.0-20170317161834-435bc5bdfa64,Go,,g/github.com__heketi__utils/github.com__heketi__utils.sh,https://github.com/heketi/utils
github.com__hpcloud__tail,github.com/hpcloud/tail,v1.0.0,Go,,g/github.com__hpcloud__tail/github.com__hpcloud__tail.sh,https://github.com/hpcloud/tail
github.com__huandu__xstrings,github.com/huandu/xstrings,v1.3.1,Go,,g/github.com__huandu__xstrings/github.com__huandu__xstrings.sh,https://github.com/huandu/xstrings
github.com__iancoleman__strcase,github.com/iancoleman/strcase,v0.0.0-20191112232945-16388991a334,Go,,g/github.com__iancoleman__strcase/github.com__iancoleman__strcase.sh,https://github.com/iancoleman/strcase
github.com__ianlancetaylor__demangle,github.com/ianlancetaylor/demangle,v0.0.0-20181102032728-5e5cf60278f6,Go,,g/github.com__ianlancetaylor__demangle/github.com__ianlancetaylor__demangle.sh,https://github.com/ianlancetaylor/demangle
github.com__imdario__mergo,github.com/imdario/mergo,v0.3.11,Go,,g/github.com__imdario__mergo/github.com__imdario__mergo.sh,https://github.com/imdario/mergo
github.com__inconshreveable__mousetrap,github.com/inconshreveable/mousetrap,v1.0.0,Go,,g/github.com__inconshreveable__mousetrap/github.com__inconshreveable__mousetrap.sh,https://github.com/inconshreveable/mousetrap
github.com__inconshreveable__mousetrap,github.com/inconshreveable/mousetrap,v1.0.0,Go,,g/github.com__inconshreveable__mousetrap/github.com__inconshreveable__mousetrap_rhel_8.3.sh,https://github.com/inconshreveable/mousetrap
github.com__inconshreveable__mousetrap,github.com__inconshreveable__mousetrap,v1.0.0,Go,,g/github.com__inconshreveable__mousetrap/mousetrap.sh,https://github.com/inconshreveable/mousetrap
github.com__jackc__chunkreader,github.com/jackc/chunkreader,v1.0.0,Go,,g/github.com__jackc__chunkreader/github.com__jackc__chunkreader.sh,https://github.com/jackc/chunkreader
github.com__jackc__chunkreader__v2,github.com/jackc/chunkreader/v2,v2.0.1,Go,,g/github.com__jackc__chunkreader__v2/github.com__jackc__chunkreader__v2.sh,https://github.com/jackc/chunkreader
github.com__jackc__fake,github.com/jackc/fake,v0.0.0-20150926172116-812a484cc733,Go,,g/github.com__jackc__fake/github.com__jackc__fake.sh,https://github.com/jackc/fake
github.com__jackc__pgio,github.com/jackc/pgio,v1.0.0,Go,,g/github.com__jackc__pgio/github.com__jackc__pgio.sh,https://github.com/jackc/pgio
github.com__jackc__pgmock,github.com/jackc/pgmock,v0.0.0-20190831213851-13a1b77aafa2,Go,,g/github.com__jackc__pgmock/github.com__jackc__pgmock.sh,https://github.com/jackc/pgmock
github.com__jackc__pgpassfile,github.com/jackc/pgpassfile,v1.0.0,Go,,g/github.com__jackc__pgpassfile/github.com__jackc__pgpassfile.sh,https://github.com/jackc/pgpassfile
github.com__jackc__pgpassfile,github.com/jackc/pgpassfile,v1.0.0,Go,,g/github.com__jackc__pgpassfile/github.com__jackc__pgpassfile_rhel_8.3.sh,https://github.com/jackc/pgpassfile
github.com__jackc__pgpassfile,github.com__jackc__pgpassfile,v1.0.0,Go,,g/github.com__jackc__pgpassfile/pgpassfile.sh,https://github.com/jackc/pgpassfile
github.com__jackc__pgproto3,github.com/jackc/pgproto3,v1.1.0,Go,,g/github.com__jackc__pgproto3/github.com__jackc__pgproto3.sh,https://github.com/jackc/pgproto3
github.com__jackc__pgproto3,github.com/jackc/pgproto3,v1.1.0,Go,,g/github.com__jackc__pgproto3/github.com__jackc__pgproto3_rhel_8.3.sh,https://github.com/jackc/pgproto3
github.com__jackc__pgproto3,github.com__jackc__pgproto3,v1.1.0,Go,,g/github.com__jackc__pgproto3/pgproto3.sh,https://github.com/jackc/pgproto3
github.com__jackc__pgproto3__v2,github.com/jackc/pgproto3/v2,v2.0.6,Go,,g/github.com__jackc__pgproto3__v2/github.com__jackc__pgproto3__v2.sh,https://github.com/jackc/pgproto3
github.com__jackc__pgservicefile,github.com/jackc/pgservicefile,v0.0.0-20200714003250-2b9c44734f2b,Go,,g/github.com__jackc__pgservicefile/github.com__jackc__pgservicefile.sh,https://github.com/jackc/pgservicefile
github.com__jackc__puddle,github.com/jackc/puddle,v1.1.2,Go,,g/github.com__jackc__puddle/github.com__jackc__puddle.sh,https://github.com/jackc/puddle
github.com__jeffail__gabs,github.com/jeffail/gabs,v1.1.1,Go,,g/github.com__jeffail__gabs/github.com__jeffail__gabs.sh,https://github.com/jeffail/gabs
github.com__jefferai__jsonx,github.com/jefferai/jsonx,v1.0.0,Go,,g/github.com__jefferai__jsonx/github.com__jefferai__jsonx.sh,https://github.com/jefferai/jsonx
github.com__jehiah__go-strftime,github.com/jehiah/go-strftime,1d33003b386959af197ba96475f198c114627b5e,Go,,g/github.com__jehiah__go-strftime/github.com__jehiah__go-strftime.sh,https://github.com/jehiah/go-strftime
github.com__jessevdk__go-flags,github.com/jessevdk/go-flags,v1.4.0,Go,,g/github.com__jessevdk__go-flags/github.com__jessevdk__go-flags.sh,https://github.com/jessevdk/go-flags
github.com__jinzhu__inflection,github.com/jinzhu/inflection,v1.0.0,Go,,g/github.com__jinzhu__inflection/github.com__jinzhu__inflection.sh,https://github.com/jinzhu/inflection
github.com__jmespath__go-jmespath,github.com/jmespath/go-jmespath,v0.0.0-20180206201540-c2b33e8439af,Go,,g/github.com__jmespath__go-jmespath/github.com__jmespath__go-jmespath.sh,https://github.com/jmespath/go-jmespath
github.com__jmoiron__jsonq,github.com/jmoiron/jsonq,v0.0.0-20150511023944-e874b168d07e,Go,,g/github.com__jmoiron__jsonq/github.com__jmoiron__jsonq.sh,https://github.com/jmoiron/jsonq
github.com__jmoiron__sqlx,github.com/jmoiron/sqlx,v1.2.0,Go,,g/github.com__jmoiron__sqlx/github.com__jmoiron__sqlx.sh,https://github.com/jmoiron/sqlx
github.com__joefitzgerald__rainbow-reporter,github.com/joefitzgerald/rainbow-reporter,v0.1.0,Go,,g/github.com__joefitzgerald__rainbow-reporter/github.com__joefitzgerald__rainbow-reporter.sh,https://github.com/joefitzgerald/rainbow-reporter
github.com__joeshaw__multierror,github.com/joeshaw/multierror,v0.0.0-20140124173710-69b34d4ec901,Go,,g/github.com__joeshaw__multierror/github.com__joeshaw__multierror.sh,https://github.com/joeshaw/multierror
github.com__jonboulle__clockwork,github.com/jonboulle/clockwork,v0.1.0,Go,,g/github.com__jonboulle__clockwork/github.com__jonboulle__clockwork.sh,https://github.com/jonboulle/clockwork
github.com__jpillora__backoff,github.com__jpillora__backoff,v1.0.0,Go,,g/github.com__jpillora__backoff/backoff.sh,https://github.com/jpillora/backoff
github.com__jpillora__backoff,github.com/jpillora/backoff,v1.0.0,Go,,g/github.com__jpillora__backoff/github.com__jpillora__backoff.sh,https://github.com/jpillora/backoff
github.com__jpillora__backoff,github.com/jpillora/backoff,v1.0.0,Go,,g/github.com__jpillora__backoff/github.com__jpillora__backoff_rhel_8.3.sh,https://github.com/jpillora/backoff
github.com__json-iterator__go,github.com/json-iterator/go,v1.1.9,Go,,g/github.com__json-iterator__go/github.com__json-iterator__go.sh,https://github.com/json-iterator/go
github.com__jsonnet-bundler__jsonnet-bundler,github.com/jsonnet-bundler/jsonnet-bundler,v0.3.1,Go,,g/github.com__jsonnet-bundler__jsonnet-bundler/github.com__jsonnet-bundler__jsonnet-bundler.sh,https://github.com/jsonnet-bundler/jsonnet-bundler
github.com__jstemmer__go-junit-report,github.com/jstemmer/go-junit-report,v0.9.1,Go,,g/github.com__jstemmer__go-junit-report/github.com__jstemmer__go-junit-report.sh,https://github.com/jstemmer/go-junit-report
github.com__jtolds__gls,github.com/jtolds/gls,v4.20.0+incompatible,Go,,g/github.com__jtolds__gls/github.com__jtolds__gls.sh,https://github.com/jtolds/gls
github.com__julienschmidt__httprouter,github.com/julienschmidt/httprouter,v1.3.0,Go,,g/github.com__julienschmidt__httprouter/github.com__julienschmidt__httprouter.sh,https://github.com/julienschmidt/httprouter
github.com__kardianos__osext,github.com/kardianos/osext,v0.0.0-20190222173326-2bc1f35cddc0,Go,,g/github.com__kardianos__osext/github.com__kardianos__osext.sh,https://github.com/kardianos/osext
github.com__karrick__godirwalk,github.com/karrick/godirwalk,v1.7.5,Go,,g/github.com__karrick__godirwalk/github.com__karrick__godirwalk.sh,https://github.com/karrick/godirwalk
github.com__kballard__go-shellquote,github.com/kballard/go-shellquote,v0.0.0-20180428030007-95032a82bc51,Go,,g/github.com__kballard__go-shellquote/github.com__kballard__go-shellquote.sh,https://github.com/kballard/go-shellquote
github.com__kisielk__errcheck,github.com/kisielk/errcheck,v1.5.0,Go,,g/github.com__kisielk__errcheck/github.com__kisielk__errcheck.sh,https://github.com/kisielk/errcheck
github.com__kisielk__gotool,github.com/kisielk/gotool,v1.0.0,Go,,g/github.com__kisielk__gotool/github.com__kisielk__gotool.sh,https://github.com/kisielk/gotool
github.com__klauspost__compress,github.com/klauspost/compress,v1.7.4,Go,,g/github.com__klauspost__compress/github.com__klauspost__compress.sh,https://github.com/klauspost/compress
github.com__klauspost__cpuid,github.com/klauspost/cpuid,v1.2.1,Go,,g/github.com__klauspost__cpuid/github.com__klauspost__cpuid.sh,https://github.com/klauspost/cpuid
github.com__klauspost__pgzip,github.com/klauspost/pgzip,v1.2.1,Go,,g/github.com__klauspost__pgzip/github.com__klauspost__pgzip.sh,https://github.com/klauspost/pgzip
github.com__konsorten__go-windows-terminal-sequences,github.com/konsorten/go-windows-terminal-sequences,v1.0.3,Go,,g/github.com__konsorten__go-windows-terminal-sequences/github.com__konsorten__go-windows-terminal-sequences.sh,https://github.com/konsorten/go-windows-terminal-sequences
github.com__kr__logfmt,github.com/kr/logfmt,v0.0.0-20140226030751-b84e30acd515,Go,,g/github.com__kr__logfmt/github.com__kr__logfmt.sh,https://github.com/kr/logfmt
github.com__kr__pty,github.com/kr/pty,v1.1.8,Go,,g/github.com__kr__pty/github.com__kr__pty.sh,https://github.com/kr/pty
github.com__kr__text,github.com/kr/text,v0.2.0,Go,,g/github.com__kr__text/github.com__kr__text.sh,https://github.com/kr/text
github.com__kylelemons__godebug,github.com/kylelemons/godebug,v1.1.0,Go,,g/github.com__kylelemons__godebug/github.com__kylelemons__godebug.sh,https://github.com/kylelemons/godebug
github.com__lann__builder,github.com/lann/builder,v0.0.0-20180802200727-47ae307949d0,Go,,g/github.com__lann__builder/github.com__lann__builder.sh,https://github.com/lann/builder
github.com__lann__ps,github.com/lann/ps,v0.0.0-20150810152359-62de8c46ede0,Go,,g/github.com__lann__ps/github.com__lann__ps.sh,https://github.com/lann/ps
github.com__leanovate__gopter,github.com/leanovate/gopter,v0.2.4,Go,,g/github.com__leanovate__gopter/github.com__leanovate__gopter.sh,https://github.com/leanovate/gopter
github.com__leodido__go-urn,github.com/leodido/go-urn,v1.2.0,Go,,g/github.com__leodido__go-urn/github.com__leodido__go-urn.sh,https://github.com/leodido/go-urn
github.com__liggitt__tabwriter,github.com/liggitt/tabwriter,v0.0.0-20181228230101-89fcab3d43de,Go,,g/github.com__liggitt__tabwriter/github.com__liggitt__tabwriter.sh,https://github.com/liggitt/tabwriter
github.com__lithammer__dedent,github.com/lithammer/dedent,v1.1.0,Go,,g/github.com__lithammer__dedent/github.com__lithammer__dedent.sh,https://github.com/lithammer/dedent
github.com__lovoo__gcloud-opentracing,github.com/lovoo/gcloud-opentracing,v0.3.0,Go,,g/github.com__lovoo__gcloud-opentracing/github.com__lovoo__gcloud-opentracing.sh,https://github.com/lovoo/gcloud-opentracing
github.com__lpabon__godbc,github.com/lpabon/godbc,v0.1.1,Go,,g/github.com__lpabon__godbc/github.com__lpabon__godbc.sh,https://github.com/lpabon/godbc
github.com__lucas-clemente__aes12,github.com/lucas-clemente/aes12,v0.0.0-20171027163421-cd47fb39b79f,Go,,g/github.com__lucas-clemente__aes12/github.com__lucas-clemente__aes12.sh,https://github.com/lucas-clemente/aes12
github.com__lucas-clemente__quic-clients,github.com/lucas-clemente/quic-clients,v0.1.0,Go,,g/github.com__lucas-clemente__quic-clients/github.com__lucas-clemente__quic-clients.sh,https://github.com/lucas-clemente/quic-clients
github.com__lucas-clemente__quic-go,github.com/lucas-clemente/quic-go,v0.10.2,Go,,g/github.com__lucas-clemente__quic-go/github.com__lucas-clemente__quic-go.sh,https://github.com/lucas-clemente/quic-go
github.com__lucas-clemente__quic-go-certificates,github.com/lucas-clemente/quic-go-certificates,v0.0.0-20160823095156-d2f86524cced,Go,,g/github.com__lucas-clemente__quic-go-certificates/github.com__lucas-clemente__quic-go-certificates.sh,https://github.com/lucas-clemente/quic-go-certificates
github.com__mailru__easyjson,github.com/mailru/easyjson,v0.7.0,Go,,g/github.com__mailru__easyjson/github.com__mailru__easyjson.sh,https://github.com/mailru/easyjson
github.com__markbates__inflect,github.com/markbates/inflect,v1.0.4,Go,,g/github.com__markbates__inflect/github.com__markbates__inflect.sh,https://github.com/markbates/inflect
github.com__marstr__guid,github.com/marstr/guid,v1.1.0,Go,,g/github.com__marstr__guid/github.com__marstr__guid.sh,https://github.com/marstr/guid
github.com__martinlindhe__base36,github.com/martinlindhe/base36,v1.0.0,Go,,g/github.com__martinlindhe__base36/github.com__martinlindhe__base36.sh,https://github.com/martinlindhe/base36
github.com__masterminds__goutils,github.com/masterminds/goutils,v1.1.0,Go,,g/github.com__masterminds__goutils/github.com__masterminds__goutils.sh,https://github.com/masterminds/goutils
github.com__masterminds__semver,github.com/masterminds/semver,v1.5.0,Go,,g/github.com__masterminds__semver/github.com__masterminds__semver.sh,https://github.com/masterminds/semver
github.com__masterminds__semver__v3,github.com/masterminds/semver/v3,v3.1.0,Go,,g/github.com__masterminds__semver__v3/github.com__masterminds__semver__v3.sh,https://github.com/Masterminds/semver
github.com__masterminds__sprig,github.com/masterminds/sprig,v2.22.0+incompatible,Go,,g/github.com__masterminds__sprig/github.com__masterminds__sprig.sh,https://github.com/masterminds/sprig
github.com__masterminds__squirrel,github.com/masterminds/squirrel,v1.2.0,Go,,g/github.com__masterminds__squirrel/github.com__masterminds__squirrel.sh,https://github.com/masterminds/squirrel
github.com__mattn__go-colorable,github.com/mattn/go-colorable,v0.1.6,Go,,g/github.com__mattn__go-colorable/github.com__mattn__go-colorable.sh,https://github.com/mattn/go-colorable
github.com__mattn__go-ieproxy,github.com/mattn/go-ieproxy,v0.0.0-20191113090002-7c0f6868bffe,Go,,g/github.com__mattn__go-ieproxy/github.com__mattn__go-ieproxy.sh,https://github.com/mattn/go-ieproxy
github.com__mattn__go-isatty,github.com/mattn/go-isatty,v0.0.9,Go,,g/github.com__mattn__go-isatty/github.com__mattn__go-isatty.sh,https://github.com/mattn/go-isatty
github.com__mattn__go-runewidth,github.com/mattn/go-runewidth,v0.0.6,Go,,g/github.com__mattn__go-runewidth/github.com__mattn__go-runewidth.sh,https://github.com/mattn/go-runewidth
github.com__mattn__go-sqlite3,github.com/mattn/go-sqlite3,v1.9.0,Go,,g/github.com__mattn__go-sqlite3/github.com__mattn__go-sqlite3.sh,https://github.com/mattn/go-sqlite3
github.com__mgutz__ansi,github.com/mgutz/ansi,v0.0.0-20170206155736-9520e82c474b,Go,,g/github.com__mgutz__ansi/github.com__mgutz__ansi.sh,https://github.com/mgutz/ansi
github.com__mholt__certmagic,github.com/mholt/certmagic,v0.6.2-0.20190624175158-6a42ef9fe8c2,Go,,g/github.com__mholt__certmagic/github.com__mholt__certmagic.sh,https://github.com/mholt/certmagic
github.com__miekg__dns,github.com/miekg/dns,v1.1.4,Go,,g/github.com__miekg__dns/github.com__miekg__dns.sh,https://github.com/miekg/dns
github.com__mindprince__gonvml,github.com/mindprince/gonvml,v0.0.0-20171110221305-fee913ce8fb2,Go,,g/github.com__mindprince__gonvml/github.com__mindprince__gonvml.sh,https://github.com/mindprince/gonvml
github.com__minio__sha256-simd,github.com/minio/sha256-simd,v0.1.1,Go,,g/github.com__minio__sha256-simd/github.com__minio__sha256-simd.sh,https://github.com/minio/sha256-simd
github.com__mitchellh__cli,github.com/mitchellh/cli,v1.0.0,Go,,g/github.com__mitchellh__cli/github.com__mitchellh__cli.sh,https://github.com/mitchellh/cli
github.com__mitchellh__colorstring,github.com/mitchellh/colorstring,v0.0.0-20190213212951-d06e56a500db,Go,,g/github.com__mitchellh__colorstring/github.com__mitchellh__colorstring.sh,https://github.com/mitchellh/colorstring
github.com__mitchellh__copystructure,github.com/mitchellh/copystructure,v1.0.0,Go,,g/github.com__mitchellh__copystructure/github.com__mitchellh__copystructure.sh,https://github.com/mitchellh/copystructure
github.com__mitchellh__go-homedir,github.com/mitchellh/go-homedir,v1.1.0,Go,,g/github.com__mitchellh__go-homedir/github.com__mitchellh__go-homedir.sh,https://github.com/mitchellh/go-homedir
github.com__mitchellh__go-testing-interface,github.com/mitchellh/go-testing-interface,v1.0.0,Go,,g/github.com__mitchellh__go-testing-interface/github.com__mitchellh__go-testing-interface.sh,https://github.com/mitchellh/go-testing-interface
github.com__mitchellh__go-wordwrap,github.com/mitchellh/go-wordwrap,v1.0.0,Go,,g/github.com__mitchellh__go-wordwrap/github.com__mitchellh__go-wordwrap.sh,https://github.com/mitchellh/go-wordwrap
github.com__mitchellh__gox,github.com/mitchellh/gox,v0.4.0,Go,,g/github.com__mitchellh__gox/github.com__mitchellh__gox.sh,https://github.com/mitchellh/gox
github.com__mitchellh__hashstructure,github.com/mitchellh/hashstructure,v1.0.0,Go,,g/github.com__mitchellh__hashstructure/github.com__mitchellh__hashstructure.sh,https://github.com/mitchellh/hashstructure
github.com__mitchellh__iochan,github.com/mitchellh/iochan,v1.0.0,Go,,g/github.com__mitchellh__iochan/github.com__mitchellh__iochan.sh,https://github.com/mitchellh/iochan
github.com__mitchellh__mapstructure,github.com/mitchellh/mapstructure,v1.1.2,Go,,g/github.com__mitchellh__mapstructure/github.com__mitchellh__mapstructure.sh,https://github.com/mitchellh/mapstructure
github.com__mitchellh__osext,github.com/mitchellh/osext,v0.0.0-20151018003038-5e2d6d41470f,Go,,g/github.com__mitchellh__osext/github.com__mitchellh__osext.sh,https://github.com/mitchellh/osext
github.com__moby__term,github.com/moby/term,v0.0.0-20200312100748-672ec06f55cd,Go,,g/github.com__moby__term/github.com__moby__term.sh,https://github.com/moby/term
github.com__modern-go__concurrent,github.com/modern-go/concurrent,v0.0.0-20180306012644-bacd9c7ef1dd,Go,,g/github.com__modern-go__concurrent/github.com__modern-go__concurrent.sh,https://github.com/modern-go/concurrent
github.com__modern-go__reflect2,github.com/modern-go/reflect2,v1.0.1,Go,,g/github.com__modern-go__reflect2/github.com__modern-go__reflect2.sh,https://github.com/modern-go/reflect2
github.com__mohae__deepcopy,github.com/mohae/deepcopy,v0.0.0-20170603005431-491d3605edfb,Go,,g/github.com__mohae__deepcopy/github.com__mohae__deepcopy.sh,https://github.com/mohae/deepcopy
github.com__morikuni__aec,github.com/morikuni/aec,v1.0.0,Go,,g/github.com__morikuni__aec/github.com__morikuni__aec.sh,https://github.com/morikuni/aec
github.com__motemen__go-loghttp,github.com/motemen/go-loghttp,v0.0.0-20170804080138-974ac5ceac27,Go,,g/github.com__motemen__go-loghttp/github.com__motemen__go-loghttp.sh,https://github.com/motemen/go-loghttp
github.com__moul__http2curl,github.com/moul/http2curl,9ac6cf4d929b2fa8fd2d2e6dec5bb0feb4f4911d,Go,,g/github.com__moul__http2curl/github.com__moul__http2curl.sh,https://github.com/moul/http2curl
github.com__mozillazg__go-cos,github.com/mozillazg/go-cos,v0.13.0,Go,,g/github.com__mozillazg__go-cos/github.com__mozillazg__go-cos.sh,https://github.com/mozillazg/go-cos
github.com__munnerz__goautoneg,github.com/munnerz/goautoneg,v0.0.0-20191010083416-a7dc8b61c822,Go,,g/github.com__munnerz__goautoneg/github.com__munnerz__goautoneg.sh,https://github.com/munnerz/goautoneg
github.com__mvdan__xurls,github.com/mvdan/xurls,v1.1.0,Go,,g/github.com__mvdan__xurls/github.com__mvdan__xurls.sh,https://github.com/mvdan/xurls
github.com__mwitkow__go-conntrack,github.com/mwitkow/go-conntrack,v0.0.0-20190716064945-2f068394615f,Go,,g/github.com__mwitkow__go-conntrack/github.com__mwitkow__go-conntrack.sh,https://github.com/mwitkow/go-conntrack
github.com__naoina__go-stringutil,github.com/naoina/go-stringutil,v0.1.0,Go,,g/github.com__naoina__go-stringutil/github.com__naoina__go-stringutil.sh,https://github.com/naoina/go-stringutil
github.com__naoina__toml,github.com/naoina/toml,v0.1.1,Go,,g/github.com__naoina__toml/github.com__naoina__toml.sh,https://github.com/naoina/toml
github.com__natefinch__lumberjack,github.com/natefinch/lumberjack,v2.0.0+incompatible,Go,,g/github.com__natefinch__lumberjack/github.com__natefinch__lumberjack.sh,https://github.com/natefinch/lumberjack
github.com__nats-io__jwt,github.com/nats-io/jwt,v0.3.2,Go,,g/github.com__nats-io__jwt/github.com__nats-io__jwt.sh,https://github.com/nats-io/jwt
github.com__nats-io__nats-server,github.com/nats-io/nats-server,v1.4.1,Go,,g/github.com__nats-io__nats-server/github.com__nats-io__nats-server.sh,https://github.com/nats-io/nats-server
github.com__nats-io__nats-server__v2,github.com/nats-io/nats-server/v2,v2.1.2,Go,,g/github.com__nats-io__nats-server__v2/github.com__nats-io__nats-server__v2.sh,https://github.com/nats-io/nats-server
github.com__nats-io__nats.go,github.com/nats-io/nats.go,v1.9.2,Go,,g/github.com__nats-io__nats.go/github.com__nats-io__nats.go.sh,https://github.com/nats-io/nats.go
github.com__nats-io__nkeys,github.com/nats-io/nkeys,v0.1.4,Go,,g/github.com__nats-io__nkeys/github.com__nats-io__nkeys.sh,https://github.com/nats-io/nkeys
github.com__nats-io__nuid,github.com/nats-io/nuid,v1.0.1,Go,,g/github.com__nats-io__nuid/github.com__nats-io__nuid.sh,https://github.com/nats-io/nuid
github.com__ncw__swift,github.com/ncw/swift,v1.0.47,Go,,g/github.com__ncw__swift/github.com__ncw__swift.sh,https://github.com/ncw/swift
github.com__nvveen__gotty,github.com/nvveen/gotty,v0.0.0-20120604004816-cd527374f1e5,Go,,g/github.com__nvveen__gotty/github.com__nvveen__gotty.sh,https://github.com/nvveen/gotty
github.com__nwaples__rardecode,github.com/nwaples/rardecode,v1.0.0,Go,,g/github.com__nwaples__rardecode/github.com__nwaples__rardecode.sh,https://github.com/nwaples/rardecode
github.com__nxadm__tail,github.com/nxadm/tail,v1.4.4,Go,,g/github.com__nxadm__tail/github.com__nxadm__tail.sh,https://github.com/nxadm/tail
github.com__oklog__run,github.com/oklog/run,v1.1.0,Go,,g/github.com__oklog__run/github.com__oklog__run.sh,https://github.com/oklog/run
github.com__oklog__ulid,github.com/oklog/ulid,v1.3.1,Go,,g/github.com__oklog__ulid/github.com__oklog__ulid.sh,https://github.com/oklog/ulid
github.com__olekukonko__tablewriter,github.com/olekukonko/tablewriter,v0.0.2,Go,,g/github.com__olekukonko__tablewriter/github.com__olekukonko__tablewriter.sh,https://github.com/olekukonko/tablewriter
github.com__oneofone__xxhash,github.com/oneofone/xxhash,v1.2.6,Go,,g/github.com__oneofone__xxhash/github.com__oneofone__xxhash.sh,https://github.com/oneofone/xxhash
github.com__onsi__ginkgo,github.com/onsi/ginkgo,v1.14.2,Go,,g/github.com__onsi__ginkgo/github.com__onsi__ginkgo.sh,https://github.com/onsi/ginkgo
github.com__onsi__gomega,github.com/onsi/gomega,v1.10.2,Go,,g/github.com__onsi__gomega/github.com__onsi__gomega.sh,https://github.com/onsi/gomega
github.com__openshift__api,github.com/openshift/api,v0.0.0-20201102162614-9252afb032e1,Go,,g/github.com__openshift__api/github.com__openshift__api.sh,https://github.com/openshift/api
github.com__openshift__build-machinery-go,github.com/openshift/build-machinery-go,v0.0.0-20200917070002-f171684f77ab,Go,,g/github.com__openshift__build-machinery-go/github.com__openshift__build-machinery-go.sh,https://github.com/openshift/build-machinery-go
github.com__openshift__prom-label-proxy,github.com/openshift/prom-label-proxy,v0.1.1-0.20191016113035-b8153a7f39f1,Go,,g/github.com__openshift__prom-label-proxy/github.com__openshift__prom-label-proxy.sh,https://github.com/openshift/prom-label-proxy
github.com__opentracing-contrib__go-observer,github.com/opentracing-contrib/go-observer,v0.0.0-20170622124052-a52f23424492,Go,,g/github.com__opentracing-contrib__go-observer/github.com__opentracing-contrib__go-observer.sh,https://github.com/opentracing-contrib/go-observer
github.com__opentracing-contrib__go-stdlib,github.com/opentracing-contrib/go-stdlib,v0.0.0-20190519235532-cf7a6c988dc9,Go,,g/github.com__opentracing-contrib__go-stdlib/github.com__opentracing-contrib__go-stdlib.sh,https://github.com/opentracing-contrib/go-stdlib
github.com__opentracing__basictracer-go,github.com/opentracing/basictracer-go,v1.0.0,Go,,g/github.com__opentracing__basictracer-go/github.com__opentracing__basictracer-go.sh,https://github.com/opentracing/basictracer-go
github.com__opentracing__opentracing-go,github.com/opentracing/opentracing-go,v1.1.0,Go,,g/github.com__opentracing__opentracing-go/github.com__opentracing__opentracing-go.sh,https://github.com/opentracing/opentracing-go
github.com__openzipkin-contrib__zipkin-go-opentracing,github.com/openzipkin-contrib/zipkin-go-opentracing,v0.4.5,Go,,g/github.com__openzipkin-contrib__zipkin-go-opentracing/github.com__openzipkin-contrib__zipkin-go-opentracing.sh,https://github.com/openzipkin-contrib/zipkin-go-opentracing
github.com__openzipkin__zipkin-go,github.com/openzipkin/zipkin-go,v0.2.2,Go,,g/github.com__openzipkin__zipkin-go/github.com__openzipkin__zipkin-go.sh,https://github.com/openzipkin/zipkin-go
github.com__operator-framework__operator-lib,github.com/operator-framework/operator-lib,v0.1.0,Go,,g/github.com__operator-framework__operator-lib/github.com__operator-framework__operator-lib.sh,https://github.com/operator-framework/operator-lib
github.com__otiai10__mint,github.com/otiai10/mint,v1.3.1,Go,,g/github.com__otiai10__mint/github.com__otiai10__mint.sh,https://github.com/otiai10/mint
github.com__pascaldekloe__name,github.com/pascaldekloe/name,v0.0.0-20180628100202-0fd16699aae1,Go,,g/github.com__pascaldekloe__name/github.com__pascaldekloe__name.sh,https://github.com/pascaldekloe/name
github.com__patrickmn__go-cache,github.com/patrickmn/go-cache,v2.1.0+incompatible,Go,,g/github.com__patrickmn__go-cache/github.com__patrickmn__go-cache.sh,https://github.com/patrickmn/go-cache
github.com__pborman__uuid,github.com/pborman/uuid,v1.2.0,Go,,g/github.com__pborman__uuid/github.com__pborman__uuid.sh,https://github.com/pborman/uuid
github.com__pelletier__go-buffruneio,github.com/pelletier/go-buffruneio,v0.2.0,Go,,g/github.com__pelletier__go-buffruneio/github.com__pelletier__go-buffruneio.sh,https://github.com/pelletier/go-buffruneio
github.com__peterbourgon__diskv,github.com/peterbourgon/diskv,v2.0.1+incompatible,Go,,g/github.com__peterbourgon__diskv/github.com__peterbourgon__diskv.sh,https://github.com/peterbourgon/diskv
github.com__phayes__freeport,github.com/phayes/freeport,v0.0.0-20180830031419-95f893ade6f2,Go,,g/github.com__phayes__freeport/github.com__phayes__freeport.sh,https://github.com/phayes/freeport
github.com__pierrec__cmdflag,github.com/pierrec/cmdflag,v0.0.2,Go,,g/github.com__pierrec__cmdflag/github.com__pierrec__cmdflag.sh,https://github.com/pierrec/cmdflag
github.com__pkg__errors,github.com/pkg/errors,v0.9.1,Go,,g/github.com__pkg__errors/github.com__pkg__errors.sh,https://github.com/pkg/errors
github.com__posener__complete,github.com/posener/complete,v1.1.1,Go,,g/github.com__posener__complete/github.com__posener__complete.sh,https://github.com/posener/complete
github.com__prometheus__client_model,github.com/prometheus/client_model,v0.1.0,Go,,g/github.com__prometheus__client_model/github.com__prometheus__client_model.sh,https://github.com/prometheus/client_model
github.com__puerkitobio__purell,github.com/puerkitobio/purell,v1.1.1,Go,,g/github.com__puerkitobio__purell/github.com__puerkitobio__purell.sh,https://github.com/puerkitobio/purell
github.com__puerkitobio__urlesc,github.com/puerkitobio/urlesc,v0.0.0-20170810143723-de5bf2ad4578,Go,,g/github.com__puerkitobio__urlesc/github.com__puerkitobio__urlesc.sh,https://github.com/puerkitobio/urlesc
github.com__remyoudompheng__bigfft,github.com/remyoudompheng/bigfft,v0.0.0-20170806203942-52369c62f446,Go,,g/github.com__remyoudompheng__bigfft/github.com__remyoudompheng__bigfft.sh,https://github.com/remyoudompheng/bigfft
github.com__robfig__cron,github.com/robfig/cron,v1.2.0,Go,,g/github.com__robfig__cron/github.com__robfig__cron.sh,https://github.com/robfig/cron
github.com__rogpeppe__fastuuid,github.com/rogpeppe/fastuuid,v1.2.0,Go,,g/github.com__rogpeppe__fastuuid/github.com__rogpeppe__fastuuid.sh,https://github.com/rogpeppe/fastuuid
github.com__rogpeppe__go-internal,go-internal,v1.5.0,Go,,g/github.com__rogpeppe__go-internal/github.com__rogpeppe__go-internal.sh,https://github.com/rogpeppe/go-internal
github.com__rs__cors,github.com/rs/cors,v1.6.0,Go,,g/github.com__rs__cors/github.com__rs__cors.sh,https://github.com/rs/cors
github.com__rs__xid,github.com/rs/xid,v1.2.1,Go,,g/github.com__rs__xid/github.com__rs__xid.sh,https://github.com/rs/xid
github.com__rs__zerolog,github.com/rs/zerolog,v1.15.0,Go,,g/github.com__rs__zerolog/github.com__rs__zerolog.sh,https://github.com/rs/zerolog
github.com__rubenv__sql-migrate,github.com/rubenv/sql-migrate,v0.0.0-20200616145509-8d140a17f351,Go,,g/github.com__rubenv__sql-migrate/github.com__rubenv__sql-migrate.sh,https://github.com/rubenv/sql-migrate
github.com__russross__blackfriday,github.com/russross/blackfriday,v1.5.2,Go,,g/github.com__russross__blackfriday/github.com__russross__blackfriday.sh,https://github.com/russross/blackfriday
github.com__russross__blackfriday__v2,github.com/russross/blackfriday/v2,v2.0.1,Go,,g/github.com__russross__blackfriday__v2/github.com__russross__blackfriday__v2.sh,https://github.com/russross/blackfriday
github.com__ryanuber__columnize,github.com/ryanuber/columnize,v2.1.0+incompatible,Go,,g/github.com__ryanuber__columnize/github.com__ryanuber__columnize.sh,https://github.com/ryanuber/columnize
github.com__ryanuber__go-glob,github.com/ryanuber/go-glob,v1.0.0,Go,,g/github.com__ryanuber__go-glob/github.com__ryanuber__go-glob.sh,https://github.com/ryanuber/go-glob
github.com__santhosh-tekuri__jsonschema,github.com/santhosh-tekuri/jsonschema,v1.2.4,Go,,g/github.com__santhosh-tekuri__jsonschema/github.com__santhosh-tekuri__jsonschema.sh,https://github.com/santhosh-tekuri/jsonschema
github.com__satori__go.uuid,github.com/satori/go.uuid,v1.2.0,Go,,g/github.com__satori__go.uuid/github.com__satori__go.uuid.sh,https://github.com/satori/go.uuid
github.com__sclevine__spec,github.com/sclevine/spec,v1.2.0,Go,,g/github.com__sclevine__spec/github.com__sclevine__spec.sh,https://github.com/sclevine/spec
github.com__sean-__seed,github.com/sean-/seed,v0.0.0-20170313163322-e2103e2c3529,Go,,g/github.com__sean-__seed/github.com__sean-__seed.sh,https://github.com/sean-/seed
github.com__segmentio__backo-go,github.com/segmentio/backo-go,204274ad699c0983a70203a566887f17a717fef4,Go,,g/github.com__segmentio__backo-go/github.com__segmentio__backo-go.sh,https://github.com/segmentio/backo-go
github.com__serenize__snaker,github.com/serenize/snaker,de5293a32fd929048775e277fa6dd163bdeac7b3,Go,,g/github.com__serenize__snaker/github.com__serenize__snaker.sh,https://github.com/serenize/snaker
github.com__sermodigital__jose,github.com/sermodigital/jose,v0.9.1,Go,,g/github.com__sermodigital__jose/github.com__sermodigital__jose.sh,https://github.com/sermodigital/jose
github.com__sethvargo__go-password,github.com/sethvargo/go-password,v0.2.0,Go,,g/github.com__sethvargo__go-password/github.com__sethvargo__go-password.sh,https://github.com/sethvargo/go-password
github.com__shopify__sarama,github.com/shopify/sarama,v1.19.0,Go,,g/github.com__shopify__sarama/github.com__shopify__sarama.sh,https://github.com/shopify/sarama
github.com__shopspring__decimal,github.com/shopspring/decimal,v0.0.0-20200227202807-02e2044944cc,Go,,g/github.com__shopspring__decimal/github.com__shopspring__decimal.sh,https://github.com/shopspring/decimal
github.com__sigurn__crc16,github.com/sigurn/crc16,da416fad5162ac0f3338ba24dccdb26e4da22485,Go,,g/github.com__sigurn__crc16/github.com__sigurn__crc16.sh,https://github.com/sigurn/crc16
github.com__sigurn__utils,github.com/sigurn/utils,f19e41f79f8f006116f682c1af454591bc278ad4,Go,,g/github.com__sigurn__utils/github.com__sigurn__utils.sh,https://github.com/sigurn/utils
github.com__sirupsen__logrus,github.com/sirupsen/logrus,v1.7.0,Go,,g/github.com__sirupsen__logrus/github.com__sirupsen__logrus.sh,https://github.com/sirupsen/logrus
github.com__smartystreets__assertions,github.com/smartystreets/assertions,v1.0.1,Go,,g/github.com__smartystreets__assertions/github.com__smartystreets__assertions.sh,https://github.com/smartystreets/assertions
github.com__soheilhy__cmux,github.com/soheilhy/cmux,v0.1.4,Go,,g/github.com__soheilhy__cmux/github.com__soheilhy__cmux.sh,https://github.com/soheilhy/cmux
github.com__sony__gobreaker,github.com/sony/gobreaker,v0.4.1,Go,,g/github.com__sony__gobreaker/github.com__sony__gobreaker.sh,https://github.com/sony/gobreaker
github.com__spaolacci__murmur3,github.com/spaolacci/murmur3,v1.1.0,Go,,g/github.com__spaolacci__murmur3/github.com__spaolacci__murmur3.sh,https://github.com/spaolacci/murmur3
github.com__spf13__cobra,github.com/spf13/cobra,v1.1.1,Go,,g/github.com__spf13__cobra/github.com__spf13__cobra.sh,https://github.com/spf13/cobra
github.com__spf13__jwalterweatherman,github.com/spf13/jwalterweatherman,v1.1.0,Go,,g/github.com__spf13__jwalterweatherman/github.com__spf13__jwalterweatherman.sh,https://github.com/spf13/jwalterweatherman
github.com__spf13__pflag,github.com/spf13/pflag,v1.0.5,Go,,g/github.com__spf13__pflag/github.com__spf13__pflag.sh,https://github.com/spf13/pflag
github.com__spf13__viper,github.com/spf13/viper,v1.7.0,Go,,g/github.com__spf13__viper/github.com__spf13__viper.sh,https://github.com/spf13/viper
github.com__stoewer__go-strcase,github.com/stoewer/go-strcase,v1.2.0,Go,,g/github.com__stoewer__go-strcase/github.com__stoewer__go-strcase.sh,https://github.com/stoewer/go-strcase
github.com__storageos__go-api,github.com/storageos/go-api,v0.0.0-20180912212459-343b3eff91fc,Go,,g/github.com__storageos__go-api/github.com__storageos__go-api.sh,https://github.com/storageos/go-api
github.com__streadway__amqp,github.com/streadway/amqp,v0.0.0-20190827072141-edfb9018d271,Go,,g/github.com__streadway__amqp/github.com__streadway__amqp.sh,https://github.com/streadway/amqp
github.com__stretchr__objx,github.com/stretchr/objx,v0.2.0,Go,,g/github.com__stretchr__objx/github.com__stretchr__objx.sh,https://github.com/stretchr/objx
github.com__stretchr__testify,github.com/stretchr/testify,v1.6.1,Go,,g/github.com__stretchr__testify/github.com__stretchr__testify.sh,https://github.com/stretchr/testify
github.com__subosito__gotenv,github.com/subosito/gotenv,v1.2.0,Go,,g/github.com__subosito__gotenv/github.com__subosito__gotenv.sh,https://github.com/subosito/gotenv
github.com__thanos-io__thanos,github.com/thanos-io/thanos,v0.11.0,Go,,g/github.com__thanos-io__thanos/github.com__thanos-io__thanos.sh,https://github.com/thanos-io/thanos
github.com__thecodeteam__goscaleio,github.com/thecodeteam/goscaleio,v0.1.0,Go,,g/github.com__thecodeteam__goscaleio/github.com__thecodeteam__goscaleio.sh,https://github.com/thecodeteam/goscaleio
github.com__tidwall__pretty,github.com/tidwall/pretty,v1.0.0,Go,,g/github.com__tidwall__pretty/github.com__tidwall__pretty.sh,https://github.com/tidwall/pretty
github.com__uber__jaeger-client-go,github.com/uber/jaeger-client-go,v2.29.1+incompatible,Go,Go:1.15,g/github.com__uber__jaeger-client-go/github.com__uber__jaeger-client-go.sh,https://github.com/uber/jaeger-client-go
github.com__uber__jaeger-client-go,github.com/uber/jaeger-client-go,v2.20.1+incompatible,Go,,g/github.com__uber__jaeger-client-go/github.com__uber__jaeger-client-go_rhel_8.3.sh,https://github.com/uber/jaeger-client-go
github.com__uber__jaeger-lib,github.com/uber/jaeger-lib,v2.2.0+incompatible,Go,,g/github.com__uber__jaeger-lib/github.com__uber__jaeger-lib.sh,https://github.com/uber/jaeger-lib
github.com__ugorji__go__codec,github.com/ugorji/go/codec,v0.0.0-20181204163529-d75b2dcb6bc8,Go,,g/github.com__ugorji__go__codec/github.com__ugorji__go__codec.sh,https://github.com/ugorji/go
github.com__ulikunitz__xz,github.com/ulikunitz/xz,v0.5.6,Go,,g/github.com__ulikunitz__xz/github.com__ulikunitz__xz.sh,https://github.com/ulikunitz/xz
github.com__urfave__cli,github.com/urfave/cli,v1.22.1,Go,,g/github.com__urfave__cli/github.com__urfave__cli.sh,https://github.com/urfave/cli
github.com__urfave__negroni,github.com/urfave/negroni,v1.0.0,Go,,g/github.com__urfave__negroni/github.com__urfave__negroni.sh,https://github.com/urfave/negroni
github.com__vbauerster__mpb,github.com/vbauerster/mpb,v3.4.0,Go,,g/github.com__vbauerster__mpb/github.com__vbauerster__mpb.sh,https://github.com/vbauerster/mpb
github.com__vektah__gqlparser,github.com/vektah/gqlparser,v1.1.2,Go,,g/github.com__vektah__gqlparser/github.com__vektah__gqlparser.sh,https://github.com/vektah/gqlparser
github.com__venafi__vcert,github.com/venafi/vcert,v0.0.0-20190613103158-62139eb19b25,Go,,g/github.com__venafi__vcert/github.com__venafi__vcert.sh,https://github.com/venafi/vcert
github.com__vividcortex__ewma,ewma,v1.1.1,Go,,g/github.com__vividcortex__ewma/github.com__vividcortex__ewma.sh,https://github.com/vividcortex/ewma
github.com__vmihailenco__msgpack,github.com/vmihailenco/msgpack,v4.0.1+incompatible,Go,,g/github.com__vmihailenco__msgpack/github.com__vmihailenco__msgpack.sh,https://github.com/vmihailenco/msgpack
github.com__wadey__gocovmerge,github.com/wadey/gocovmerge,v0.0.0-20160331181800-b5bfa59ec0ad,Go,,g/github.com__wadey__gocovmerge/github.com__wadey__gocovmerge.sh,https://github.com/wadey/gocovmerge
github.com__xanzy__go-gitlab,github.com/xanzy/go-gitlab,v0.15.0,Go,,g/github.com__xanzy__go-gitlab/github.com__xanzy__go-gitlab.sh,https://github.com/xanzy/go-gitlab
github.com__xdg__scram,github.com/xdg/scram,v0.0.0-20180814205039-7eeb5667e42c,Go,,g/github.com__xdg__scram/github.com__xdg__scram.sh,https://github.com/xdg/scram
github.com__xdg__stringprep,github.com/xdg/stringprep,v1.0.0,Go,,g/github.com__xdg__stringprep/github.com__xdg__stringprep.sh,https://github.com/xdg/stringprep
github.com__xeipuuv__gojsonpointer,github.com/xeipuuv/gojsonpointer,v0.0.0-20180127040702-4e3ac2762d5f,Go,,g/github.com__xeipuuv__gojsonpointer/github.com__xeipuuv__gojsonpointer.sh,https://github.com/xeipuuv/gojsonpointer
github.com__xeipuuv__gojsonreference,github.com/xeipuuv/gojsonreference,v0.0.0-20180127040603-bd5ef7bd5415,Go,,g/github.com__xeipuuv__gojsonreference/github.com__xeipuuv__gojsonreference.sh,https://github.com/xeipuuv/gojsonreference
github.com__xeipuuv__gojsonschema,github.com/xeipuuv/gojsonschema,v1.2.0,Go,,g/github.com__xeipuuv__gojsonschema/github.com__xeipuuv__gojsonschema.sh,https://github.com/xeipuuv/gojsonschema
github.com__xi2__xz,github.com/xi2/xz,v0.0.0-20171230120015-48954b6210f8,Go,,g/github.com__xi2__xz/github.com__xi2__xz.sh,https://github.com/xi2/xz
github.com__xiang90__probing,github.com/xiang90/probing,v0.0.0-20190116061207-43a291ad63a2,Go,,g/github.com__xiang90__probing/github.com__xiang90__probing.sh,https://github.com/xiang90/probing
github.com__xlab__treeprint,github.com/xlab/treeprint,v0.0.0-20180616005107-d6fb6747feb6,Go,,g/github.com__xlab__treeprint/github.com__xlab__treeprint.sh,https://github.com/xlab/treeprint
github.com__xtgo__uuid,github.com/xtgo/uuid,a0b114877d4caeffbd7f87e3757c17fce570fea7,Go,,g/github.com__xtgo__uuid/github.com__xtgo__uuid.sh,https://github.com/xtgo/uuid
github.com__yuin__goldmark,github.com/yuin/goldmark,v1.2.1,Go,,g/github.com__yuin__goldmark/github.com__yuin__goldmark.sh,https://github.com/yuin/goldmark
github.com__yvasiyarov__gorelic,github.com/yvasiyarov/gorelic,v0.0.7,Go,,g/github.com__yvasiyarov__gorelic/github.com__yvasiyarov__gorelic.sh,https://github.com/yvasiyarov/gorelic
github.com__yvasiyarov__newrelic_platform_go,github.com/yvasiyarov/newrelic_platform_go,v0.0.0-20160601141957-9c099fbc30e9,Go,,g/github.com__yvasiyarov__newrelic_platform_go/github.com__yvasiyarov__newrelic_platform_go.sh,https://github.com/yvasiyarov/newrelic_platform_go
github.com__zenazn__goji,github.com/zenazn/goji,v0.9.0,Go,,g/github.com__zenazn__goji/github.com__zenazn__goji.sh,https://github.com/zenazn/goji
github.com__ziutek__mymysql,github.com/ziutek/mymysql,v1.5.4,Go,,g/github.com__ziutek__mymysql/github.com__ziutek__mymysql.sh,https://github.com/ziutek/mymysql
github.com_akamai_akamaiopen-edgegrid-golang,github.com/akamai/AkamaiOPEN-edgegrid-golang,v1.1.1,Go,,g/github.com_akamai_akamaiopen-edgegrid-golang/github.com_akamai_akamaiopen-edgegrid-golang.sh,https://github.com/akamai/AkamaiOPEN-edgegrid-golang.git
github.com_dave_jennifer,jennifer,v1.2.0,Go,,g/github.com_dave_jennifer/github.com_dave_jennifer.sh,https://github.com/dave/jennifer.git
github.com_deislabs_oras,oras,v0.11.1,Go,,g/github.com_deislabs_oras/github.com_deislabs_oras.sh,https://github.com/oras-project/oras
github.com_hdrhistogram_hdrhistogram-go,hdrhistogram-go,v1.0.1,Go,,g/github.com_hdrhistogram_hdrhistogram-go/github.com_hdrhistogram_hdrhistogram-go.sh,https://github.com/HdrHistogram/hdrhistogram-go.git
github.com_jinzhu_gorm,github.com/jinzhu/gorm,v1.9.1,Go,,g/github.com_jinzhu_gorm/github.com_jinzhu_gorm_1.9.1.sh,https://github.com/jinzhu/gorm
github.com_lyft_protoc-gen-validate,protoc-gen-validate,v0.6.7,Go,,g/github.com_lyft_protoc-gen-validate/github.com_lyft_protoc-gen-validate.sh,https://github.com/envoyproxy/protoc-gen-validate
github.com_masterminds_sprig,sprig,v3.2.2,Go,,g/github.com_masterminds_sprig/github.com_masterminds_sprig.sh,https://github.com/masterminds/sprig
github_azure_azure-storage-blob-go,github_azure_azure-storage-blob-go,v0.10.0,Go,,g/github_azure_azure-storage-blob-go/azure-storage-blob-go_v0.10.0.sh,https://github.com/Azure/azure-storage-blob-go.git
glance,glance,zed-eom,Python,,g/glance/glance.sh,https://github.com/openstack/glance
glance,glance,yoga-eom,Python,,g/glance/glance_ubi_8.7.sh,https://github.com/openstack/glance
glassfish,glassfish,7.0.15,Java,,g/glassfish/glassfish.sh,https://github.com/eclipse-ee4j/glassfish
glassfish,glassfish,4.1,Java,,g/glassfish/glassfish_rhel_7.4.sh,http://download.java.net/glassfish/4.1/release
glassfish,glassfish,7.0.7,Java,,g/glassfish/glassfish_ubi_8.7.sh,https://github.com/eclipse-ee4j/glassfish
glassfish-hk2,glassfish-hk2,2.6.1,Java,,g/glassfish-hk2/glassfish-hk2-v2.6.1.sh,https://github.com/eclipse-ee4j/glassfish-hk2.git
glassfish-hk2,glassfish-hk2,2.6.1,Java,,g/glassfish-hk2/glassfish-hk2-v2.6.1_ubi_9.3.sh,https://github.com/eclipse-ee4j/glassfish-hk2.git
glassfish-hk2,glassfish-hk2,3.1.1-RELEASE,Java,,g/glassfish-hk2/glassfish-hk2.sh,https://github.com/eclipse-ee4j/glassfish-hk2.git
glfw,glfw,e6da0acd62b1,Go,,g/glfw/glfw.sh,https://github.com/go-gl/glfw
glob,glob,7.1.6,Node,,g/glob/glob.sh,https://github.com/isaacs/node-glob
glob,glob,7.1.6,Node,,g/glob/glob_rhel_8.3.sh,https://github.com/isaacs/node-glob
glob,glob,"v7.1.6, v7.1.7, v5.0.15, v7.1.4, v3.2.11",Node,,g/glob/glob_ubi_8.3.sh,https://github.com/isaacs/node-glob
glob-base,glob-base,0.3.0,Node,,g/glob-base/glob-base.sh,https://github.com/jonschlinkert/glob-base
glob-parent,glob-parent,5.1.2,Node,,g/glob-parent/glob-parent.sh,https://github.com/gulpjs/glob-parent
glob-to-regexp,glob-to-regexp,0.3.0,Node,,g/glob-to-regexp/glob-to-regexp.sh,https://github.com/fitzgen/glob-to-regexp
global-modules,global-modules,2.0.0,Node,,g/global-modules/global-modules.sh,https://github.com/jonschlinkert/global-modules
global-prefix,global-prefix,3.0.0,Node,,g/global-prefix/global-prefix.sh,https://github.com/jonschlinkert/global-prefix
globals,globals,v13.22.0,Node,Node:16,g/globals/globals.sh,https://github.com/sindresorhus/globals
globals,globals,12.3.0,Node,,g/globals/globals_rhel_8.3.sh,https://github.com/sindresorhus/globals
glog,glog,0.3.1,Python,,g/glog/glog.sh,https://github.com/benley/python-glog
gmetric4j,gmetric4j,"1.0.3, 1.0.10",Java,,g/gmetric4j/gmetric4j.sh,https://github.com/ganglia/gmetric4j
gmpy2,gmpy2,gmpy2-2.1.2,Python,,g/gmpy2/gmpy2.sh,https://github.com/aleaxit/gmpy.git
gnostic,github.com/google/gnostic,v0.5.7,Go,,g/gnostic/gnostic.sh,https://github.com/google/gnostic
gnostic-models,gnostic-models,${1:v0.6.9},Go,Go:1.21.0,g/gnostic-models/gnostic-models.sh,https://github.com/google/gnostic-models
gnu-trove,gnu-trove,3.0.3,Java,,g/gnu-trove/gnu-trove.sh,https://bitbucket.org/trove4j/trove/downloads/trove-3.1a1.tar.gz
go,github.com/ugorji/go,v1.1.4,Go,,g/go/go.sh,https://github.com/ugorji/go.git
go-cleanhttp,github.com/hashicorp/go-cleanhttp,v0.5.2,Go,,g/go-cleanhttp/go-cleanhttp.sh,https://github.com/hashicorp/go-cleanhttp
go-control-plane,github.com/envoyproxy/go-control-plane,v0.9.7,Go,,g/go-control-plane/go-control-plane.sh,https://github.com/envoyproxy/go-control-plane.git
go-digest,go-digest,v1.0.0,Go,,g/go-digest/go-digest.sh,https://github.com/opencontainers/go-digest
go-fastjson,go-fastjson,"v1.1.0, v1.0.0",Go,,g/go-fastjson/go-fastjson.sh,https://github.com/elastic/go-fastjson
go-gcfg,gcfg,v1,Go,,g/go-gcfg/gcfg_uib_8.5.sh,https://github.com/go-gcfg/gcfg
go-genproto,go-genproto,b5d43981345bdb2c233eb4bf3277847b48c6fdc6,Go,,g/go-genproto/go-genproto.sh,https://github.com/googleapis/go-genproto
go-github,go-github,${1:-,Go,"Go:""1.16""",g/go-github/go-github.sh,https://github.com/google/go-github
go-grpc-middleware,github.com/grpc-ecosystem/go-grpc-middleware,v1.1.0,Go,,g/go-grpc-middleware/github.com__grpc-ecosystem__go-grpc-middleware.sh,https://github.com/grpc-ecosystem/go-grpc-middleware
go-grpc-middleware,github.com/grpc-ecosystem/go-grpc-middleware,v1.1.0,Go,,g/go-grpc-middleware/github.com__grpc-ecosystem__go-grpc-middleware_rhel_8.3.sh,https://github.com/grpc-ecosystem/go-grpc-middleware
go-grpc-middleware,go-grpc-middleware,v2.0.1,Go,Go:1.20.1,g/go-grpc-middleware/go-grpc-middleware.sh,https://github.com/grpc-ecosystem/go-grpc-middleware
go-hclog,go-hclog,v0.9.2,Go,,g/go-hclog/go-hclog_v0.9.2.sh,https://github.com/hashicorp/go-hclog
go-http-tunnel,go-http-tunnel,2.1,Go,,g/go-http-tunnel/go-http-tunnel.sh,https://github.com/mmatczuk/go-http-tunnel.git
go-i18n,go-i18n,${1:-,Go,"Go:""1.9""",g/go-i18n/go-i18n.sh,https://github.com/nicksnyder/go-i18n
go-immutable-radix,github.com/hashicorp/go-immutable-radix,v1.1.0,Go,,g/go-immutable-radix/github.com__hashicorp__go-immutable-radix.sh,https://github.com/hashicorp/go-immutable-radix
go-immutable-radix,github.com/hashicorp/go-immutable-radix,v1.1.0,Go,,g/go-immutable-radix/github.com__hashicorp__go-immutable-radix_rhel_8.3.sh,https://github.com/hashicorp/go-immutable-radix
go-immutable-radix,go-immutable-radix,v2.1.0,Go,Go:1.20.1,g/go-immutable-radix/go-immutable-radix.sh,https://github.com/hashicorp/go-immutable-radix
go-immutable-radix,hashicorp/go-immutable-radix,v1.2.0,Go,,g/go-immutable-radix/hashicorp__go-immutable-radix.sh,https://github.com/hashicorp/go-immutable-radix
go-immutable-radix,hashicorp/go-immutable-radix,v1.2.0,Go,,g/go-immutable-radix/hashicorp__go-immutable-radix_rhel_8.3.sh,https://github.com/hashicorp/go-immutable-radix
go-inf__inf,go-inf/inf,3887ee99ecf07df5b447e9b00d9c0b2adaa9f3e4,Go,,g/go-inf__inf/go-inf__inf.sh,https://github.com/go-inf/inf
go-jose,github.com/square/go-jose,v2.6.0,Go,,g/go-jose/go-jose.sh,https://github.com/square/go-jose
go-jose,github.com/square/go-jose,v2.3.1,Go,,g/go-jose/go-jose_2.3.1.sh,https://github.com/org/repo
go-jose,github.com/square/go-jose,v2.3.1,Go,,g/go-jose/go-jose_2.3.1_ubi_8.5.sh,https://github.com/square/go-jose
go-jose,go-jose,v2.5.1,Go,"Go:""1.12""",g/go-jose/go-jose_2.5.1.sh,https://github.com/square/go-jose
go-jose,go-jose,${1:-,Go,"Go:""1.12""",g/go-jose/go-jose_2.5.1_ubi_8.5.sh,https://github.com/square/go-jose
go-ldap,github.com/go-ldap/ldap,v3.0.2,Go,,g/go-ldap/go-ldap.sh,https://github.com/go-ldap/ldap
go-logfmt__logfmt,go-logfmt/logfmt,v0.5.0,Go,,g/go-logfmt__logfmt/go-logfmt__logfmt.sh,https://github.com/go-logfmt/logfmt
go-logr__logr,go-logr/logr,v0.3.0,Go,,g/go-logr__logr/go-logr__logr.sh,https://github.com/go-logr/logr
go-memdb,github.com/hashicorp/go-memdb,v1.0.0,Go,,g/go-memdb/github.com__hashicorp__go-memdb.sh,https://github.com/hashicorp/go-memdb
go-memdb,github.com/hashicorp/go-memdb,v1.0.0,Go,,g/go-memdb/github.com__hashicorp__go-memdb_rhel_8.3.sh,https://github.com/hashicorp/go-memdb
go-memdb,go-memdb,v1.3.4,Go,Go:1.20.1,g/go-memdb/go-memdb.sh,https://github.com/hashicorp/go-memdb
go-metrics,go-metrics,v0.5.3,Go,,g/go-metrics/go-metrics.sh,https://github.com/hashicorp/go-metrics.git
go-metrics,go-metrics,3113b8401b8a,Go,,g/go-metrics/go-metrics_3113b8401b8a.sh,https://github.com/rcrowley/go-metrics
go-metrics,go-metrics,3113b8401b8a,Go,,g/go-metrics/go-metrics_3113b8401b8a_ubi_8.5.sh,https://github.com/rcrowley/go-metrics
go-metrics,github.com/rcrowley/go-metrics,master,Go,,g/go-metrics/go-metrics_ubi_8.5.sh,https://github.com/rcrowley/go-metrics
go-msgpack,go-msgpack,v2.1.1,Go,,g/go-msgpack/go-msgpack.sh,https://github.com/hashicorp/go-msgpack
go-nsq,github.com/nsqio/go-nsq,v1.0.8,Go,,g/go-nsq/go-nsq.sh,https://github.com/nsqio/go-nsq
go-nuts,go-nuts,1d2432db96,Go,,g/go-nuts/go-nuts.sh,https://github.com/motemen/go-nuts
go-oci8,github.com/mattn/go-oci8,v0.0.7,Go,,g/go-oci8/go-oci8.sh,https://github.com/mattn/go-oci8
go-oidc,go-oidc,v3.10.0,Go,Go:1.22.0,g/go-oidc/go-oidc.sh,https://github.com/coreos/go-oidc.git
go-oidc,go-oidc,v2.1.0,Go,,g/go-oidc/go-oidc_ubi_8.5.sh,https://github.com/coreos/go-oidc.git
go-openapi-runtime,runtime,v0.26.2,Go,Go:1.20.1,g/go-openapi-runtime/go-openapi_runtime.sh,https://github.com/go-openapi/runtime
go-openapi-runtime,runtime,v0.19.0,Go,,g/go-openapi-runtime/go-openapi_runtime_v019.0.sh,https://github.com/go-openapi/runtime.git
go-openapi-runtime,runtime,v0.19.0,Go,,g/go-openapi-runtime/go-openapi_runtime_v019.0_ubi_8.7.sh,https://github.com/go-openapi/runtime.git
go-openapi__errors,go-openapi/errors,d24ebc2075bad502fac3a8ae27aa6dd58e1952dc,Go,,g/go-openapi__errors/go-openapi__errors.sh,https://github.com/go-openapi/errors
go-openapi__inflect,go-openapi/inflect,0.19.0,Go,,g/go-openapi__inflect/go-openapi__inflect.sh,https://github.com/go-openapi/inflect
go-openapi__jsonpointer,go-openapi/jsonpointer,46af16f9f7b149af66e5d1bd010e3574dc06de98,Go,,g/go-openapi__jsonpointer/go-openapi__jsonpointer.sh,https://github.com/go-openapi/jsonpointer
go-openapi__jsonpointer,go-openapi/jsonpointer,46af16f9f7b149af66e5d1bd010e3574dc06de98,Go,,g/go-openapi__jsonpointer/go-openapi__jsonpointer_rhel_8.3.sh,https://github.com/go-openapi/jsonpointer
go-openapi__jsonpointer,jsonpointer,46af16f9f7b149af66e5d1bd010e3574dc06de98,Go,,g/go-openapi__jsonpointer/go-openapi_jsonpointer.sh,https://github.com/go-openapi/jsonpointer
go-openapi__jsonreference,go-openapi/jsonreference,13c6e3589ad90f49bd3e3bbe2c2cb3d7a4142272,Go,,g/go-openapi__jsonreference/go-openapi__jsonreference.sh,https://github.com/go-openapi/jsonreference
go-openapi__strfmt,go-openapi/strfmt,d65c7fdb29eca313476e529628176fe17e58c488,Go,,g/go-openapi__strfmt/go-openapi__strfmt.sh,https://github.com/go-openapi/strfmt
go-openapi__strfmt,go-openapi/strfmt,d65c7fdb29eca313476e529628176fe17e58c488,Go,,g/go-openapi__strfmt/go-openapi__strfmt_rhel_8.3.sh,https://github.com/go-openapi/strfmt
go-openapi__strfmt,strfmt,d65c7fdb29eca313476e529628176fe17e58c488,Go,,g/go-openapi__strfmt/go-openapi_strfmt.sh,https://github.com/go-openapi/strfmt
go-openapi__swag,go-openapi/swag,f3f9494671f93fcff853e3c6e9e948b3eb71e590,Go,,g/go-openapi__swag/go-openapi__swag.sh,https://github.com/go-openapi/swag
go-openapi__swag,go-openapi/swag,f3f9494671f93fcff853e3c6e9e948b3eb71e590,Go,,g/go-openapi__swag/go-openapi__swag_rhel_8.3.sh,https://github.com/go-openapi/swag
go-openapi__swag,swag,1d0bd113de87027671077d3c71eb3ac5d7dbba72,Go,,g/go-openapi__swag/go-openapi_swag.sh,https://github.com/go-openapi/swag
go-openapi_validate,validate,v0.21.0,Go,,g/go-openapi_validate/go-openapi_validate.sh,https://github.com/go-openapi/validate
go-pkcs12,go-pkcs12,master,Go,,g/go-pkcs12/go-pkcs12.sh,https://github.com/SSLMate/go-pkcs12
go-querystring,go-querystring,v1.0.0,Go,,g/go-querystring/go-querystring.sh,https://github.com/google/go-querystring
go-redis,go-redis,v8.0.0-beta.5,Go,,g/go-redis/redis.sh,https://github.com/go-redis/redis.git
go-resiliency,go-resiliency,"1.1.0,1.2.0",Go,,g/go-resiliency/go-resiliency.sh,https://github.com/eapache/go-resiliency
go-restful,go-restful,v3.9.0,Go,,g/go-restful/go-restful.sh,https://github.com/emicklei/go-restful
go-restful,go-restful,v3.7.3,Go,,g/go-restful/go-restful_ubi_8.4.sh,https://github.com/emicklei/go-restful.git
go-rootcerts,go-rootcerts,v1.0.1,Go,,g/go-rootcerts/go-rootcerts.sh,https://github.com/hashicorp/go-rootcerts
go-semver,github.com/coreos/go-semver,v0.3.0,Go,,g/go-semver/go-semver.sh,https://github.com/coreos/go-semver
go-sockaddr,go-sockaddr,v1.0.2,Go,,g/go-sockaddr/go-sockaddr_v1.0.2.sh,github.com/hashicorp/go-sockaddr
go-spew,github.com/davecgh/go-spew,v1.1.1,Go,,g/go-spew/go-spew.sh,https://github.com/davecgh/go-spew
go-spew,go-spew,v1.1.0,Go,,g/go-spew/go-spew_v1.1.0.sh,github.com/davecgh/go-spew
go-spew,go-spew,v1.1.0,Go,,g/go-spew/go-spew_v1.1.0_ubi_8.5.sh,github.com/davecgh/go-spew
go-sql-driver__mysql,go-sql-driver/mysql,v1.5.0,Go,,g/go-sql-driver__mysql/go-sql-driver__mysql.sh,https://github.com/go-sql-driver/mysql
go-strcase,go-strcase,v1.2.0,Go,,g/go-strcase/go-strcase.sh,https://github.com/stoewer/go-strcase
go-sysinfo,go-sysinfo,"1.7.0,1.1.1",Go,,g/go-sysinfo/go-sysinfo.sh,https://github.com/elastic/go-sysinfo
go-syslog,go-syslog,v2.2.1,Go,,g/go-syslog/go-syslog.sh,https://github.com/mcuadros/go-syslog
go-systemd,go-systemd,v22.5.0,Go,,g/go-systemd/go-systemd.sh,https://github.com/coreos/go-systemd
go-toml,go-toml,${1:-,Go,"Go:""1.17.4""",g/go-toml/go-toml.sh,https://github.com/pelletier/go-toml
go-tools,go-tools,"v0.3.0-0.dev, v0.2.1",Go,,g/go-tools/go-tools.sh,https://github.com/dominikh/go-tools
go-update,github.com/inconshreveable/go-update,8152e7e,Go,,g/go-update/go-update.sh,https://github.com/inconshreveable/go-update
go-zookeeper,go-zookeeper,2cc03de413da,Go,,g/go-zookeeper/go-zookeeper.sh,https://github.com/samuel/go-zookeeper
go.opencensus.io,go.opencensus.io,v0.22.5,Go,,g/go.opencensus.io/go.opencensus.io.sh,https://github.com/census-instrumentation/opencensus-go
go.uber.org__atomic,go.uber.org/atomic,v1.6.0,Go,,g/go.uber.org__atomic/go.uber.org__atomic.sh,https://github.com/uber-go/atomic
gobrake,gobrake,v5.6.1,Go,Go:1.19.13,g/gobrake/gobrake.sh,https://github.com/airbrake/gobrake
gobrake,gobrake,v5.6.1,Go,Go:1.20.1,g/gobrake/gobrake_ubi_8.7.sh,https://github.com/airbrake/gobrake
gobrake,gopkg.in/airbrake/gobrake.v2,v2.0.9,Go,,g/gobrake/gopkg.in__airbrake__gobrake.v2.sh,https://github.com/airbrake/gobrake
gobrake,gopkg.in/airbrake/gobrake.v2,v2.0.9,Go,,g/gobrake/gopkg.in__airbrake__gobrake.v2_rhel_8.3.sh,https://github.com/airbrake/gobrake
gobwas__glob,gobwas__glob,v0.2.3,Go,,g/gobwas__glob/glob.sh,https://github.com/gobwas/glob
gobwas__glob,gobwas/glob,0.2.3,Go,,g/gobwas__glob/gobwas__glob.sh,https://github.com/gobwas/glob
gobwas__glob,gobwas/glob,0.2.3,Go,,g/gobwas__glob/gobwas__glob_rhel_8.3.sh,https://github.com/gobwas/glob
gocql,github.com/gocql/gocql,v0.0.0-20190402132108-0e1d5de854df,Go,,g/gocql/github.com__gocql__gocql.sh,https://github.com/gocql/gocql
gocql,github.com/gocql/gocql,v0.0.0-20190402132108-0e1d5de854df,Go,,g/gocql/github.com__gocql__gocql_rhel_8.3.sh,https://github.com/gocql/gocql
gocql,gocql,v1.6.0,Go,Go:1.20.1,g/gocql/gocql.sh,https://github.com/gocql/gocql
gocql,gocql/gocql,9de8c0414fd7ff72ee819f25a66e4942cb223873,Go,,g/gocql/gocql__gocql.sh,https://github.com/gocql/gocql
gocql,gocql/gocql,9de8c0414fd7ff72ee819f25a66e4942cb223873,Go,,g/gocql/gocql__gocql_rhel_8.3.sh,https://github.com/gocql/gocql
gocql,gocql,n/a,Go,,g/gocql/gocql_ubuntu_16.04.sh,https://github.com/gocql/gocql
gocql__gocql,gocql/gocql,9de8c0414fd7ff72ee819f25a66e4942cb223873,Go,,g/gocql__gocql/gocql__gocql.sh,https://github.com/gocql/gocql
godbus,dbus,v5.1.0,Go,,g/godbus/dbus.sh,https://github.com/godbus/dbus
godo,github.com/digitalocean/godo,v1.6.0,Go,,g/godo/github.com__digitalocean__godo.sh,https://github.com/digitalocean/godo
godo,github.com/digitalocean/godo,v1.6.0,Go,,g/godo/github.com__digitalocean__godo_rhel_8.3.sh,https://github.com/digitalocean/godo
godo,godo,v1.114.0,Go,Go:1.20.1,g/godo/godo.sh,https://github.com/digitalocean/godo
godog,godog,${1:-,Go,"Go:""1.15""",g/godog/godog.sh,https://github.com/cucumber/godog
godotenv,github.com/joho/godotenv,v1.3.0,Go,,g/godotenv/github.com__joho__godotenv.sh,https://github.com/joho/godotenv
godotenv,github.com/joho/godotenv,v1.3.0,Go,,g/godotenv/github.com__joho__godotenv_rhel_8.3.sh,https://github.com/joho/godotenv
godotenv,godotenv,v1.5.1,Go,Go:1.20.1,g/godotenv/godotenv.sh,https://github.com/joho/godotenv
gofpdf,gofpdf,v1.1.0,Go,,g/gofpdf/gofpdf_8.5.sh,https://github.com/jung-kurt/gofpdf.git
gofrs-uuid,github.com/gofrs/uuid,v3.2.0+incompatible,Go,,g/gofrs-uuid/github.com__gofrs__uuid.sh,https://github.com/gofrs/uuid
gofrs-uuid,github.com/gofrs/uuid,v3.2.0+incompatible,Go,,g/gofrs-uuid/github.com__gofrs__uuid_rhel_8.3.sh,https://github.com/gofrs/uuid
gofrs-uuid,uuid,v5.1.0,Go,Go:1.20.1,g/gofrs-uuid/gofrs-uuid.sh,https://github.com/gofrs/uuid
gofrs__flock,gofrs/flock,v0.8.0,Go,,g/gofrs__flock/gofrs__flock.sh,https://github.com/gofrs/flock
gojsonschema,github.com/xeipuuv/gojsonschema,v1.2.0,Go,,g/gojsonschema/gojsonschema.sh,https://github.com/xeipuuv/gojsonschema.git
gokrb5.v7,gopkg.in/jcmturner/gokrb5.v7,v7.5.0,Go,,g/gokrb5.v7/gokrb5.v7.sh,https://github.com/jcmturner/gokrb5
golang-net,net,v0.20.0,Go,,g/golang-net/golang-net.sh,https://github.com/golang/net
golang-net,golang-net,NA,Go,,g/golang-net/golang-net_ubuntu_16.04.sh,https://github.com/golang/net.git
golang-set,deckarep/golang-set,v1.7.1,Go,,g/golang-set/deckarep__golang-set.sh,https://github.com/deckarep/golang-set
golang-set,deckarep/golang-set,v1.7.1,Go,,g/golang-set/deckarep__golang-set_rhel_8.3.sh,https://github.com/deckarep/golang-set
golang-set,golang-set,v2.3.1,Go,Go:1.20.1,g/golang-set/golang-set.sh,https://github.com/deckarep/golang-set
golang__glog,golang/glog,44145f04b68cf362d9c4df2182967c2275eaefed,Go,,g/golang__glog/golang__glog.sh,https://github.com/golang/glog
golang__groupcache,golang/groupcache,v0.0.0-20200121045136-8c9f03a8e57e,Go,,g/golang__groupcache/golang__groupcache.sh,https://github.com/golang/groupcache
golang__protobuf,golang/protobuf,b4deda0973fb4c70b50d226b1af49f3da59f5265,Go,,g/golang__protobuf/golang__protobuf.sh,https://github.com/golang/protobuf
golang__snappy,golang/snappy,2e65f85255dbc3072edf28d6b5b8efc472979f5a,Go,,g/golang__snappy/golang__snappy.sh,https://github.com/golang/snappy
golang__text,golang/text,0.3.0,Go,,g/golang__text/golang__text.sh,https://github.com/golang/text
golang_protobuf_extensions,github.com/matttproud/golang_protobuf_extensions,${1:-,Go,,g/golang_protobuf_extensions/golang_protobuf_extensions.sh,https://github.com/matttproud/golang_protobuf_extensions.git
golang_protobuf_extensions,github.com/matttproud/golang_protobuf_extensions,v1.0.1,Go,,g/golang_protobuf_extensions/golang_protobuf_extensions_1.0.1.sh,https://github.com/org/repo
golang_protobuf_extensions,github.com/matttproud/golang_protobuf_extensions,v1.0.1,Go,,g/golang_protobuf_extensions/golang_protobuf_extensions_1.0.1_ubi_8.5.sh,https://github.com/matttproud/golang_protobuf_extensions
golex,modernc.org/golex,v1.0.1,Go,,g/golex/golex.sh,https://gitlab.com/cznic/golex
gomodules.xyz__orderedmap,gomodules.xyz/orderedmap,v0.1.0,Go,,g/gomodules.xyz__orderedmap/gomodules.xyz__orderedmap.sh,https://github.com/gomodules/orderedmap
gomodules_jsonpatch,jsonpatch,v2.0.0,Go,,g/gomodules_jsonpatch/gomodules_jsonpatch_v2.0.0.sh,https://github.com/gomodules/jsonpatch.git
google,recaptcha,1.2.4,PHP,,g/google/google_recaptcha.sh,https://github.com/google/recaptcha.git
google-api-client-jackson2,google-api-client-jackson2,1.27.0,Java,,g/google-api-client-jackson2/google-api-client-jackson2.sh,https://github.com/googleapis/google-api-java-client.git
google-api-client-java6,google-api-java-client/google-api-client-java6,v1.27.0,Java,,g/google-api-client-java6/google-api-client-java6.sh,https://github.com/googleapis/google-api-java-client.git
google-api-services-storage,google-api-services-storage,4eede80f0be5b7352f5a1698be5be8d2a1da4ca1,Java,,g/google-api-services-storage/google-api-services-storage.sh,https://github.com/googleapis/google-api-java-client-services
google-auth-library,google-auth-library,6.1.6,Node,,g/google-auth-library/google-auth-library.sh,https://github.com/googleapis/google-auth-library-nodejs
google-auth-library-nodejs,google-auth-library-nodejs,v9.14.1,Node,Node:16,g/google-auth-library-nodejs/google-auth-library-nodejs.sh,https://github.com/googleapis/google-auth-library-nodejs.git
google-cloud-go,google-cloud-go,${1:-,Go,"Go:""1.17.4""",g/google-cloud-go/google-cloud-go.sh,https://github.com/googleapis/google-cloud-go
google-libphonenumber,google-libphonenumber,v3.2.38,Node,Node:20,g/google-libphonenumber/google-libphonenumber.sh,https://github.com/ruimarinho/google-libphonenumber
google-ngrams,google-ngrams,4.0.1,Python,,g/google-ngrams/google-ngrams.sh,https://github.com/dimazest/google-ngram-downloader
google-oauth-client-java6,google-oauth-java-client/google-oauth-client-java6,v1.27.0,Java,,g/google-oauth-client-java6/google-oauth-client-java6.sh,https://github.com/googleapis/google-oauth-java-client
google-p12-pem,google-p12-pem,3.0.3,Node,,g/google-p12-pem/google-p12-pem.sh,https://github.com/googleapis/google-p12-pem
google-uuid,github.com/google/uuid,v1.1.4,Go,,g/google-uuid/github.com__google__uuid.sh,https://github.com/google/uuid
google-uuid,github.com/google/uuid,v1.1.4,Go,,g/google-uuid/github.com__google__uuid_rhel_8.3.sh,https://github.com/google/uuid
google-uuid,uuid,v1.6.0,Go,Go:1.20.1,g/google-uuid/google-uuid.sh,https://github.com/google/uuid
google.golang.org__api,google.golang.org/api,v0.20.0,Go,,g/google.golang.org__api/google.golang.org__api.sh,https://github.com/googleapis/google-api-go-client
google__btree,google/btree,7d79101e329e5a3adf994758c578dab82b90c017,Go,,g/google__btree/google__btree.sh,https://github.com/google/btree
google__go-cmp,google/go-cmp,v0.5.2,Go,,g/google__go-cmp/google__go-cmp.sh,https://github.com/google/go-cmp
google__gofuzz,google/gofuzz,44d81051d367757e1c7c6a5a86423ece9afcf63c,Go,,g/google__gofuzz/google__gofuzz.sh,https://github.com/google/gofuzz
google__pprof,google/pprof,v0.0.0-20200229191704-1ebb73c60ed3,Go,,g/google__pprof/google__pprof.sh,https://github.com/google/pprof
google_apputils,google_apputils,0.4.2,Python,,g/google_apputils/google_apputils.sh,https://github.com/google/google-apputils
googlesheets4,googlesheets4,1.1.1,R,,g/googlesheets4/googlesheets4.sh,https://github.com/cran/googlesheets4
gopd,gopd,v1.0.1,Node,Node:16,g/gopd/gopd.sh,https://github.com/ljharb/gopd
gophercloud__gophercloud,gophercloud/gophercloud,781450b3c4fcb4f5182bcc5133adb4b2e4a09d1d,Go,,g/gophercloud__gophercloud/gophercloud__gophercloud.sh,https://github.com/gophercloud/gophercloud
gopkg.in__airbrake__gobrake.v2,gopkg.in/airbrake/gobrake.v2,v2.0.9,Go,,g/gopkg.in__airbrake__gobrake.v2/gopkg.in__airbrake__gobrake.v2.sh,https://github.com/airbrake/gobrake
gopkg.in__alecthomas__kingpin.v2,gopkg.in/alecthomas/kingpin.v2,v2.2.6,Go,,g/gopkg.in__alecthomas__kingpin.v2/gopkg.in__alecthomas__kingpin.v2.sh,https://github.com/alecthomas/kingpin
gopkg.in__check.v1,gopkg.in/check.v1,v1.0.0-20200227125254-8fa46927fb4f,Go,,g/gopkg.in__check.v1/gopkg.in__check.v1.sh,https://github.com/go-check/check
gopkg.in__cheggaaa__pb.v1,gopkg.in/cheggaaa/pb.v1,v1.0.25,Go,,g/gopkg.in__cheggaaa__pb.v1/gopkg.in__cheggaaa__pb.v1.sh,https://github.com/cheggaaa/pb
gopkg.in__errgo.v2,gopkg.in/errgo.v2,v2.1.0,Go,,g/gopkg.in__errgo.v2/gopkg.in__errgo.v2.sh,https://github.com/go-errgo/errgo
gopkg.in__fsnotify.v1,gopkg.in/fsnotify.v1,v1.4.7,Go,,g/gopkg.in__fsnotify.v1/gopkg.in__fsnotify.v1.sh,https://github.com/fsnotify/fsnotify
gopkg.in__fsnotify__fsnotify.v1,gopkg.in/fsnotify/fsnotify.v1,v1.4.7,Go,,g/gopkg.in__fsnotify__fsnotify.v1/gopkg.in__fsnotify__fsnotify.v1.sh,https://github.com/fsnotify/fsnotify
gopkg.in__gemnasium__logrus-airbrake-hook.v2,gopkg.in/gemnasium/logrus-airbrake-hook.v2,v2.1.2,Go,,g/gopkg.in__gemnasium__logrus-airbrake-hook.v2/gopkg.in__gemnasium__logrus-airbrake-hook.v2.sh,https://github.com/gemnasium/logrus-airbrake-hook
gopkg.in__go-playground__assert.v1,gopkg.in/go-playground/assert.v1,v1.2.1,Go,,g/gopkg.in__go-playground__assert.v1/gopkg.in__go-playground__assert.v1.sh,https://github.com/go-playground/assert
gopkg.in__go-playground__validator.v9,gopkg.in/go-playground/validator.v9,v9.30.2,Go,,g/gopkg.in__go-playground__validator.v9/gopkg.in__go-playground__validator.v9.sh,https://github.com/go-playground/validator
gopkg.in__gorp.v1,gopkg.in/gorp.v1,v1.7.2,Go,,g/gopkg.in__gorp.v1/gopkg.in__gorp.v1.sh,https://github.com/go-gorp/gorp
gopkg.in__imdario__mergo.v0,gopkg.in/imdario/mergo.v0,v0.3.7,Go,,g/gopkg.in__imdario__mergo.v0/gopkg.in__imdario__mergo.v0.sh,https://github.com/imdario/mergo
gopkg.in__inconshreveable__log15.v2,gopkg.in/inconshreveable/log15.v2,v2.0.0-20180818164646-67afb5ed74ec,Go,,g/gopkg.in__inconshreveable__log15.v2/gopkg.in__inconshreveable__log15.v2.sh,https://github.com/inconshreveable/log15
gopkg.in__inf.v0,gopkg.in/inf.v0,v0.9.1,Go,,g/gopkg.in__inf.v0/gopkg.in__inf.v0.sh,https://github.com/go-inf/inf
gopkg.in__ini.v1,gopkg.in/ini.v1,v1.51.0,Go,,g/gopkg.in__ini.v1/gopkg.in__ini.v1.sh,https://github.com/go-ini/ini
gopkg.in__mikefarah__yq.v1,gopkg.in/mikefarah/yq.v1,v1.15.0,Go,,g/gopkg.in__mikefarah__yq.v1/gopkg.in__mikefarah__yq.v1.sh,https://github.com/mikefarah/yq
gopkg.in__natefinch__lumberjack.v2,gopkg.in/natefinch/lumberjack.v2,v2.0.0-20150622162204-20b71e5b60d7,Go,,g/gopkg.in__natefinch__lumberjack.v2/gopkg.in__natefinch__lumberjack.v2.sh,https://github.com/natefinch/lumberjack
gopkg.in__resty.v1,gopkg.in/resty.v1,v1.12.0,Go,,g/gopkg.in__resty.v1/gopkg.in__resty.v1.sh,https://github.com/go-resty/resty
gopkg.in__warnings.v0,gopkg.in/warnings.v0,v0.1.2,Go,,g/gopkg.in__warnings.v0/gopkg.in__warnings.v0.sh,https://github.com/go-warnings/warnings
goproxy,goproxy,v0.0.0-20190421051319-9d40249d3c2f,Go,,g/goproxy/goproxy.sh,https://github.com/elazarl/goproxy.git
gopsutil,github.com/shirou/gopsutil/v3,v3.21.1,Go,,g/gopsutil/gopsutil.sh,https://github.com/shirou/gopsutil
gorilla__websocket,gorilla/websocket,v1.4.2,Go,,g/gorilla__websocket/gorilla__websocket.sh,https://github.com/gorilla/websocket
gotest.tools,gotest.tools,"v3.0.2, v3.0.3, v3.4.0",Go,,g/gotest.tools/gotest.tools.sh,https://github.com/gotestyourself/gotest.tools
gotest.tools__gotestsum,gotest.tools/gotestsum,v0.3.5,Go,,g/gotest.tools__gotestsum/gotest.tools__gotestsum.sh,https://github.com/gotestyourself/gotestsum
gotestsum,gotest.tools/gotestsum,v0.3.5,Go,,g/gotestsum/gotest.tools__gotestsum.sh,https://github.com/gotestyourself/gotestsum
gotestsum,gotest.tools/gotestsum,v0.3.5,Go,,g/gotestsum/gotest.tools__gotestsum_rhel_8.3.sh,https://github.com/gotestyourself/gotestsum
gotestsum,gotestsum,v1.11.0,Go,Go:1.20.1,g/gotestsum/gotestsum.sh,https://github.com/gotestyourself/gotestsum
gotestyourself,gotestyourself,v3.0.1,Go,,g/gotestyourself/gotestyourself.sh,https://github.com/gotestyourself/gotestyourself
governator,governator,v1.17.13,Java,,g/governator/governator.sh,https://github.com/Netflix/governator.git
gradle-wrapper,gradle-wrapper,v4.10.3/ v5.6.0,Java,,g/gradle-wrapper/gradle-wrapper.sh,https://github.com/gradle/gradle.git
grafana,grafana,v9.3.6,Go,,g/grafana/grafana.sh,https://github.com/grafana/grafana.git
grafana,grafana,v4.3.0-bet1,Node,,g/grafana/grafana_rhel_7.3.sh,https://github.com/grafana/grafana
grafana,grafana,v8.1.5,Node,,g/grafana/grafana_ubi8.4.sh,https://github.com/grafana/grafana.git
grafana,grafana,v9.3.6,Go,,g/grafana/grafana_ubi_8.5.sh,https://github.com/grafana/grafana.git
grafana,grafana,v4.3.0-bet1,Node,,g/grafana/grafana_ubuntu_16.04.sh,https://github.com/grafana/grafana
graham-campbell__result-type,graham-campbell/result-type,1.0.1,PHP,,g/graham-campbell__result-type/graham-campbell__result-type.sh,https://github.com/GrahamCampbell/Result-Type
grails-core,grails-core,v6.2.0,Java,,g/grails-core/grails-core.sh,https://github.com/grails/grails-core.git
grails-core,grails-core,v5.2.5,Java,,g/grails-core/grails-core_ubi_8.5.sh,https://github.com/grails/grails-core.git
grails-xss-sanitizer,grails-xss-sanitizer,master,Java,,g/grails-xss-sanitizer/grails-xss-sanitizer.sh,https://github.com/rpalcolea/grails-xss-sanitizer
grapheme-splitter,grapheme-splitter,1.0.4,Node,,g/grapheme-splitter/grapheme-splitter.sh,https://github.com/orling/grapheme-splitter
graphiql,graphiql,@graphiql/react@0.22.0,Node,Node:20,g/graphiql/graphiql.sh,https://github.com/graphql/graphiql
graphite2,graphite2,1.3.14,Python,,g/graphite2/graphite2.sh,https://github.com/silnrsi/graphite
graphql-import,graphql-import,0.7.1,Node,,g/graphql-import/graphql-import.sh,https://github.com/ardatan/graphql-import
graphql-language-service,graphiql,graphql-language-service@3.1.4,Node,,g/graphql-language-service/graphql-language-service.sh,https://github.com/graphql/graphiql
graphviz,graphviz,0.20.2,Python,,g/graphviz/graphviz.sh,https://github.com/xflr6/graphviz
graylog2-server,graylog2-server,20204a7979569aef116a1bdf30f4b9df6c52bc4d,Java,,g/graylog2-server/graylog_master.sh,https://github.com/Graylog2/graylog2-server.git
greenlet,greenlet,2.0.1,Python,,g/greenlet/greenlet.sh,https://github.com/python-greenlet/greenlet.git
gregjones__httpcache,httpcache,c63ab54fda8f77302f8d414e19933f2b6026a089,Go,,g/gregjones__httpcache/gregjones__httpcache.sh,https://github.com/gregjones/httpcache
gregjones__httpcache,gregjones/httpcache,c63ab54fda8f77302f8d414e19933f2b6026a089,Go,,g/gregjones__httpcache/gregjones__httpcache_rhel_8.3.sh,https://github.com/gregjones/httpcache
gremlin-console-js,gremlin-console-js,v0.9.9,Node,,g/gremlin-console-js/gremlin-console-js.sh,https://github.com/PommeVerte/gremlin-console-js
griddle,griddle,1.0,Node,,g/griddle/griddle.sh,https://github.com/allenai/griddle
griddle,griddle,1.0,Node,,g/griddle/griddle_ubuntu_16.04.sh,https://github.com/allenai/griddle
gridmap,conda.recipe,v1.0.0,Python,,g/gridmap/build.sh,https://github.com/org/repo
gridmap,gridmap,0.13.0,Python,,g/gridmap/gridmap.sh,https://github.com/pygridtools/gridmap.git
gridmap,gridmap,0.13.0,Python,,g/gridmap/gridmap_ubuntu_16.04.sh,https://github.com/pygridtools/gridmap.git
grizzly,grizzly,4.0.2-RELEASE,Java,,g/grizzly/grizzly.sh,https://github.com/eclipse-ee4j/grizzly
grizzly,grizzly,2.4.3,Java,,g/grizzly/grizzly_rhel_7.3.sh,https://github.com/javaee/grizzly
grizzly,grizzly,4.0.0,Java,,g/grizzly/grizzly_ubi_8.7.sh,https://github.com/eclipse-ee4j/grizzly
grizzly,grizzly,2.4.3,Java,,g/grizzly/grizzly_ubuntu_16.04.sh,https://github.com/javaee/grizzly
grizzly,grizzly,1.0.28,Java,,g/grizzly/grizzly_ubuntu_18.04.sh,https://search.maven.org/remotecontent?filepath=grizzly/grizzly/1.0.28/grizzly-1.0.28-sources.jar
grouped-queue,grouped-queue,1.1.0,Node,,g/grouped-queue/grouped-queue.sh,https://github.com/SBoudrias/grouped-queue
growl,growl,1.10.3,Node,,g/growl/growl.sh,https://github.com/tj/node-growl
grpc,grpc,'1.7.2',Python,,g/grpc/grpc.sh,https://github.com/grpc/grpc
grpc,grpc,'1.33.2',Python,,g/grpc/grpc_ubuntu_18.04.sh,https://github.com/grpc/grpc
grpc-core,grpc-core,1.28.1,Java,,g/grpc-core/grpc-core.sh,https://github.com/grpc/grpc-java
grpc-core,grpc-core,1.28.1,Java,,g/grpc-core/grpc-core_rhel_7.6.sh,https://github.com/grpc/grpc-java
grpc-core,PACKAGE_NAME,v1.0.0,Java,,g/grpc-core/grpc-core_ubi8.sh,https://github.com/org/repo
grpc-core,grpc-core,1.28.1,Java,,g/grpc-core/grpc-core_ubi8_minimal.sh,https://github.com/grpc/grpc-java
grpc-cpp,grpc-cpp,v1.68.0,Python,,g/grpc-cpp/grpc_cpp.sh,https://github.com/grpc/grpc
grpc-ecosystem__go-grpc-prometheus,grpc-ecosystem/go-grpc-prometheus,2500245aa6110c562d17020fb31a2c133d737799,Go,,g/grpc-ecosystem__go-grpc-prometheus/grpc-ecosystem__go-grpc-prometheus.sh,https://github.com/grpc-ecosystem/go-grpc-prometheus
grpc-ecosystem__grpc-gateway,grpc-ecosystem/grpc-gateway,v1.16.0,Go,,g/grpc-ecosystem__grpc-gateway/grpc-ecosystem__grpc-gateway.sh,https://github.com/grpc-ecosystem/grpc-gateway
grpc-gateway,grpc-gateway,v2.18.0,Go,Go:1.20.1,g/grpc-gateway/grpc-gateway.sh,https://github.com/grpc-ecosystem/grpc-gateway
grpc-gateway,grpc-gateway,v2.6.0,Go,,g/grpc-gateway/grpc-gateway_ubi_8.4.sh,https://github.com/grpc-ecosystem/grpc-gateway
grpc-gateway,grpc-gateway,v1.9.5,Go,,g/grpc-gateway/grpc-gateway_v1.9.5.sh,https://github.com/grpc-ecosystem/grpc-gateway
grpc-gateway,grpc-gateway,v1.9.5,Go,,g/grpc-gateway/grpc-gateway_v1.9.5_ubi_8.5.sh,https://github.com/grpc-ecosystem/grpc-gateway
grpc-go,grpc-go,v1.58.2,Go,,g/grpc-go/grpc-go.sh,https://github.com/grpc/grpc-go
grpc-go,grpc-go,"v1.16.0, v1.41.0",Go,,g/grpc-go/grpc-go_ubi_8.4.sh,https://github.com/grpc/grpc-go
grpc-websocket-proxy,grpc-websocket-proxy,e5319fda7802,Go,,g/grpc-websocket-proxy/grpc-websocket-proxy.sh,https://github.com/tmc/grpc-websocket-proxy
grpc-websocket-proxy,grpc-websocket-proxy,673ab2c3ae75cc01952b84b88590e30e75dcf395,Go,,g/grpc-websocket-proxy/grpc-websocket-proxy_ubi_8.4.sh,https://github.com/tmc/grpc-websocket-proxy
grpcurl,grpcurl,v1.8.2,Go,,g/grpcurl/grpcurl.sh,https://github.com/fullstorydev/grpcurl
grunt,grunt,1.3.0,Node,,g/grunt/grunt.sh,https://github.com/gruntjs/grunt
grunt-cli,grunt-cli,1.3.2,Node,,g/grunt-cli/grunt-cli.sh,https://github.com/gruntjs/grunt-cli
grunt-exec,grunt-exec,1.0.1,Node,,g/grunt-exec/grunt-exec.sh,https://github.com/jharding/grunt-exec
grunt-legacy-log,grunt-legacy-log-utils,331a476,Node,,g/grunt-legacy-log/grunt-legacy-log-utils.sh,https://github.com/gruntjs/grunt-legacy-log-utils.git
grunt-legacy-log,grunt-legacy-log,3.0.0,Node,,g/grunt-legacy-log/grunt-legacy-log.sh,https://github.com/gruntjs/grunt-legacy-log
grunt-legacy-log,grunt-legacy-log,3.0.0,Node,,g/grunt-legacy-log/grunt-legacy-log_rhel_8.3.sh,https://github.com/gruntjs/grunt-legacy-log
grunt-legacy-util,grunt-legacy-util,v2.0.0,Node,,g/grunt-legacy-util/grunt-legacy-util.sh,https://github.com/gruntjs/grunt-legacy-util.git
grunt-legacy-util,grunt-legacy-util,2.0.0,Node,,g/grunt-legacy-util/grunt-legacy-util_rhel_8.3.sh,https://github.com/gruntjs/grunt-legacy-util
grunt-spritesmith,grunt-spritesmith,6.4.0,Node,,g/grunt-spritesmith/grunt_spritesmith.sh,https://github.com/twolfson/grunt-spritesmith.git
gson,gson,gson-parent-2.10.1,Java,,g/gson/gson.sh,https://github.com/google/gson.git
gson,gson,2.8.5,Java,,g/gson/gson_rhel_7.6.sh,https://github.com/google/gson
gson,gson,2.8.5,Java,,g/gson/gson_ubuntu_18.04.sh,https://github.com/google/gson
gson-fire,gson-fire,1.8.3,Java,,g/gson-fire/gson_fire.sh,https://github.com/julman99/gson-fire
gtoken,gtoken,5.2.1,Node,,g/gtoken/gtoken.sh,https://github.com/google/node-gtoken
guava,guava/futures/listenablefuture9999,${1:v31.0.1},Java,,g/guava/guava.sh,https://github.com/google/guava.git
guava,guava,25.1,Java,,g/guava/guava_ubuntu_18.04.sh,https://github.com/google/guava
guava-futures-failureaccess,failureaccess,failureaccess-v1.0.2,Java,,g/guava-futures-failureaccess/guava-futures-failureaccess.sh,https://github.com/google/guava.git
guava-futures-listenablefuture9999,listenablefuture9999,v33.3.1,Java,,g/guava-futures-listenablefuture9999/guava-futures-listenablefuture9999.sh,https://github.com/google/guava.git
gulp,gulp,v5.0.0,Node,Node:16,g/gulp/gulp.sh,https://github.com/gulpjs/gulp
gulp,gulp,v4.0.2,Node,,g/gulp/gulp_ubi_8.7.sh,https://github.com/gulpjs/gulp
gulp-header,gulp-header,111ec87,Node,,g/gulp-header/gulp-header.sh,https://github.com/gulp-community/gulp-header.git
gunicorn,gunicorn,21.2.0,Python,,g/gunicorn/gunicorn.sh,https://github.com/benoitc/gunicorn
gunicorn,gunicorn,21.2.0,Python,,g/gunicorn/gunicorn_ubi_8.7.sh,https://github.com/benoitc/gunicorn
guzzlehttp__promises,guzzlehttp/promises,1.4.1,PHP,,g/guzzlehttp__promises/guzzlehttp__promises.sh,https://github.com/guzzle/promises
guzzlehttp__psr7,guzzlehttp/psr7,1.6.1,PHP,,g/guzzlehttp__psr7/guzzlehttp__psr7.sh,https://github.com/guzzle/psr7
guzzlehttp_guzzle,guzzle,6.5.6,PHP,Node:v14.0,g/guzzlehttp_guzzle/guzzlehttp_guzzle.sh,https://github.com/guzzle/guzzle.git
gzip-size,gzip-size,5.1.1,Node,,g/gzip-size/gzip-size.sh,https://github.com/sindresorhus/gzip-size
gziphandler,gziphandler,"1.1.1,1.1.0",Go,,g/gziphandler/gziphandler.sh,https://github.com/nytimes/gziphandler
build_wheels.sh,gha-script,v1.0.0,Python,,gha-script/build_wheels.sh/build_wheels.sh,https://github.com/org/repo
create_wheel_wrapper.sh,gha-script,v1.0.0,Python,,gha-script/create_wheel_wrapper.sh/create_wheel_wrapper.sh,https://github.com/org/repo
pre_process.sh,gha-script,v1.0.0,Python,,gha-script/pre_process.sh/pre_process.sh,https://github.com/org/repo
scanner-scripts,scanner-scripts,v1.0.0,Python,,gha-script/scanner-scripts/scancode_wheel_scan.sh,https://github.com/nexB/scancode-toolkit.git
h2database,h2database,version-2.3.232,Java,,h/h2database/h2database.sh,https://github.com/h2database/h2database.git
h2o-py,h2o-py,3.10.4.8,Python,,h/h2o-py/h2o-py_ubuntu_16.04_py27.sh,https://github.com/h2oai/h2o-3/tree/master/h2o-py
h2o2,h2o2,v8.3.2,Node,,h/h2o2/h2o2.sh,https://github.com/hapijs/h2o2
h5py,h5py,3.7.0,Python,,h/h5py/h5py.sh,https://github.com/h5py/h5py.git
h5py,h5py,3.11.0,Python,,h/h5py/h5py_3.11.0.sh,https://github.com/h5py/h5py.git
h5py,h5py,3.15.0,Python,,h/h5py/h5py_3.15.0.sh,https://github.com/h5py/h5py.git
h5py,h5py,3.7.0,Python,,h/h5py/h5py_ubi_9.3.sh,https://github.com/h5py/h5py.git
hadoop-connectors,gcsio,master,Java,,h/hadoop-connectors/gcsio.sh,https://github.com/GoogleCloudDataproc/hadoop-connectors
hadoop-mapreduce-client-core,hadoop-mapreduce-client-core,2.6.0 (commit #5f39827),Java,,h/hadoop-mapreduce-client-core/hadoop-mapreduce-client-core.sh,https://github.com/hdfs-mapreduce/hadoop-mapreduce-client
hadoop-thirdparty,hadoop-thirdparty,release-1.3.0-RC1,Java,,h/hadoop-thirdparty/hadoop-thirdparty.sh,https://github.com/apache/hadoop-thirdparty.git
hamcrest-all,hamcrest-all,1.3,Java,,h/hamcrest-all/hamcrest-all_1.3.sh,https://repo1.maven.org/maven2/org/hamcrest/hamcrest-all
handle-thing,handle-thing,v2.0.1,Node,,h/handle-thing/handle-thing.sh,https://github.com/spdy-http2/handle-thing.git
handlebars,handlebars,v4.0.14,Node,,h/handlebars/handlebars.sh,https://github.com/wycats/handlebars.js.git
handlebars-helpers,handlebars-helpers,0.8.4,Node,,h/handlebars-helpers/handlebars-helpers.sh,https://github.com/helpers/handlebars-helpers
handlebars-layouts,handlebars-layouts,3.1.4,Node,Python:3.6,h/handlebars-layouts/handlebars_layout.sh,https://github.com/shannonmoeller/handlebars-layouts
handlers,handlers,v1.5.2,Go,Go:1.20.1,h/handlers/handlers.sh,https://github.com/gorilla/handlers
hapi-fhir-jpaserver-starter,hapi-fhir-jpaserver-starter,image/v7.4.0,Java,,h/hapi-fhir-jpaserver-starter/hapi-fhir-jpaserver-starter.sh,https://github.com/hapifhir/hapi-fhir-jpaserver-starter
hapi__validate,@hapi/validate,1.1.3,Node,,h/hapi__validate/hapi__validate.sh,https://github.com/hapijs/validate
har-schema,har-schema,2.0.0,Node,,h/har-schema/har-schema.sh,https://github.com/ahmadnassri/har-schema
har-validator,har-validator,5.1.5,Node,,h/har-validator/har-validator.sh,https://github.com/ahmadnassri/node-har-validator
hard-source-webpack-plugin,hard-source-webpack-plugin,v0.13.1,Node,,h/hard-source-webpack-plugin/hard-source-webpack-plugin.sh,https://github.com/mzgoddard/hard-source-webpack-plugin
harshicorp_serf,serf,v0.9.5,Go,,h/harshicorp_serf/harshicorp_serf.sh,https://github.com/hashicorp/serf.git
harvesthq__chosen,harvesthq/chosen,1.8.7,PHP,,h/harvesthq__chosen/harvesthq__chosen.sh,https://github.com/harvesthq/chosen-package
has,has,1.0.3,Node,,h/has/has.sh,https://github.com/tarruda/has
has-ansi,has-ansi,2.0.0,Node,,h/has-ansi/has-ansi.sh,https://github.com/chalk/has-ansi
has-bigints,has-bigints,1.0.1,Node,,h/has-bigints/has-bigints.sh,https://github.com/ljharb/has-bigints
has-flag,has-flag,4.0.0,Node,,h/has-flag/has-flag.sh,https://github.com/sindresorhus/has-flag
has-symbol-support-x,has-symbol-support-x,1.4.2,Node,,h/has-symbol-support-x/has-symbol-support-x.sh,https://github.com/Xotic750/has-symbol-support-x
has-symbols,has-symbols,main,Node,Node:20,h/has-symbols/has-symbols.sh,https://github.com/inspect-js/has-symbols.git
has-symbols,has-symbols,${1:-,Node,,h/has-symbols/has-symbols_ubi_8.5.sh,https://github.com/inspect-js/has-symbols
has-to-string-tag-x,has-to-string-tag-x,1.4.1,Node,,h/has-to-string-tag-x/has-to-string-tag-x.sh,https://github.com/Xotic750/has-to-string-tag-x
has-unicode,has-unicode,2.0.1,Node,,h/has-unicode/has-unicode.sh,https://github.com/iarna/has-unicode
has-value,has-value,1.0.0,Node,,h/has-value/has-value.sh,https://github.com/jonschlinkert/has-value
has-values,has-values,1.0.0,Node,,h/has-values/has-values.sh,https://github.com/jonschlinkert/has-values
hash-base,hash-base,3.1.0,Node,,h/hash-base/hash-base.sh,https://github.com/crypto-browserify/hash-base
hash.js,hash.js,1.1.5,Node,,h/hash.js/hash.js.sh,https://github.com/indutny/hash.js
hasha,hasha,5.2.2,Node,,h/hasha/hasha.sh,https://github.com/sindresorhus/hasha
hashicorp__go-immutable-radix,hashicorp/go-immutable-radix,v1.2.0,Go,,h/hashicorp__go-immutable-radix/hashicorp__go-immutable-radix.sh,https://github.com/hashicorp/go-immutable-radix
hashicorp__golang-lru,hashicorp/golang-lru,a0d98a5f288019575c6d1f4bb1573fef2d1fcdc4,Go,,h/hashicorp__golang-lru/hashicorp__golang-lru.sh,https://github.com/hashicorp/golang-lru
hawtio,hawtio,4.x,Java,,h/hawtio/hawtio.sh,https://github.com/hawtio/hawtio
hawtjni,hawtjni,1.17-SNAPSHOT,Java,,h/hawtjni/hawtjni_build_ppc64le.sh,https://github.com/fusesource/hawtjni
hcl,github.com/hashicorp/hcl,v1.0.0,Go,,h/hcl/github.com__hashicorp__hcl.sh,https://github.com/hashicorp/hcl
hcl,github.com/hashicorp/hcl,v1.0.0,Go,,h/hcl/github.com__hashicorp__hcl_rhel_8.3.sh,https://github.com/hashicorp/hcl
hcl,github.com/hashicorp/hcl,v1.0.0,Go,,h/hcl/hashicorp_hcl.sh,https://github.com/hashicorp/hcl
hcl,github.com/hashicorp/hcl,v1.0.0,Go,,h/hcl/hashicorp_hcl_ubi_8.5.sh,https://github.com/hashicorp/hcl
hcl,hcl,v2.20.1,Go,Go:1.20.1,h/hcl/hcl.sh,https://github.com/hashicorp/hcl
hdbscan,PACKAGE_NAME,v1.0.0,Python,Python:3.6,h/hdbscan/hdbscan.sh,https://github.com/org/repo
hdbscan,hdbscan,0.8.24,Python,Python:3.6,h/hdbscan/hdbscan_rhel_7.6.sh,http://github.com/scikit-learn-contrib/hdbscan
hdf5,hdf5,hdf5-1_12_1,Python,,h/hdf5/hdf5.sh,https://github.com/HDFGroup/hdf5
hdijupyterutils,hdijupyterutils,0.20.0,Python,,h/hdijupyterutils/hdijupyterutils.sh,https://github.com/jupyter-incubator/sparkmagic.git
hdrhistogram,HdrHistogram,HdrHistogram-2.1.12,Java,,h/hdrhistogram/HdrHistogram.sh,https://github.com/HdrHistogram/HdrHistogram.git
hdrhistogram,hdrhistogram,2.1.9,Java,,h/hdrhistogram/HdrHistogram_rhel_7.6.sh,https://github.com/HdrHistogram/HdrHistogram
he,he,1.2.0,Node,,h/he/he.sh,https://github.com/mathiasbynens/he
header-case,header-case,2.0.3,Node,,h/header-case/header-case.sh,https://github.com/blakeembrey/change-case
headers_workaround,headers_workaround,0.18,Python,,h/headers_workaround/headers_workaround.sh,https://github.com/syllog1sm/headers_workaround.git
headers_workaround,headers_workaround,0.18,Python,,h/headers_workaround/headers_workaround_ubuntu_16.04.sh,https://github.com/syllog1sm/headers_workaround.git
heapdump,heapdump,0.3.15,Node,,h/heapdump/heapdump.sh,https://github.com/bnoordhuis/node-heapdump
heavy,heavy,v6.2.2,Node,,h/heavy/heavy.sh,https://github.com/hapijs/heavy
helm-2to3,helm-2to3,v0.10.3,Go,,h/helm-2to3/helm-2to3.sh,https://github.com/helm/helm-2to3.git
helm-unittest,helm-unittest,v0.5.2,Go,Go:1.22.1,h/helm-unittest/helm-unittest.sh,https://github.com/helm-unittest/helm-unittest
helmet-crossdomain,helmet-crossdomain,0.3.0,Node,,h/helmet-crossdomain/helmet-crossdomain.sh,https://github.com/helmetjs/crossdomain
helper-date,helper-date,0.2.3,Node,,h/helper-date/helper-date.sh,https://github.com/helpers/helper-date
helper-markdown,helper-markdown,0.2.2,Node,,h/helper-markdown/helper-markdown.sh,https://github.com/helpers/helper-markdown
helper-md,helper-md,0.2.2,Node,,h/helper-md/helper-md.sh,https://github.com/helpers/helper-md
here,here,0.0.2,Node,,h/here/here.sh,https://github.com/cho45/node-here.js
hexoid,hexoid,v1.0.0,Node,Node:16,h/hexoid/hexoid.sh,https://github.com/lukeed/hexoid
hey-listen,hey-listen,8452583,Node,Node:16,h/hey-listen/hey-listen.sh,https://github.com/mattgperry/hey-listen
hf-xet,hf-xet,v1.1.0,Python,,h/hf-xet/hf-xet.sh,https://github.com/huggingface/xet-core
hibernate-commons-annotations,hibernate-commons-annotations,7.0.0.Final,Java,,h/hibernate-commons-annotations/hibernate-commons-annotations.sh,https://github.com/hibernate/hibernate-commons-annotations.git
hibernate-core,hibernate-core,6.0.0Alpha5,Java,,h/hibernate-core/hibernate-core.sh,https://github.com/hibernate/hibernate-orm.git
hibernate-orm,hibernate-orm,6.4.10,Java,,h/hibernate-orm/hibernate-orm.sh,https://github.com/hibernate/hibernate-orm
hibernate-tool,hibernate-tool,6.0.0.Alpha5,Java,,h/hibernate-tool/hibernate-tool.sh,https://github.com/hibernate/hibernate-tools.git
hibernate-validator,hibernate-validator,8.0.1.Final,Java,,h/hibernate-validator/hibernate-validator.sh,https://github.com/hibernate/hibernate-validator
hibernate-validator,hibernate-validator,"6.1.0, 6.1.3",Java,,h/hibernate-validator/hibernate-validator_rhel_7.6.sh,https://github.com/hibernate/hibernate-validator
hide-powered-by,hide-powered-by,1.0.0,Node,,h/hide-powered-by/hide-powered-by.sh,https://github.com/helmetjs/hide-powered-by
high-scale-lib,high-scale-lib,high-scale-lib-parent-1.1.4,Java,,h/high-scale-lib/high-scale-lib.sh,https://github.com/stephenc/high-scale-lib.git
high-scale-lib,high-scale-lib,1.1.4,Java,,h/high-scale-lib/high-scale-lib_ubuntu_16.04.sh,https://github.com/stephenc/high-scale-lib.git
highlight-js,highlight-js,11.2.0,Node,,h/highlight-js/highlight_js.sh,https://github.com/highlightjs/highlight.js.git
highlight.js,highlight.js,10.7.2,Node,Node:v12.22.4,h/highlight.js/highlight.js.sh,https://github.com/highlightjs/highlight.js
highlight.js,highlight.js,9.12.0,Node,,h/highlight.js/highlight.js_9.12.0_9.13.1.sh,https://github.com/highlightjs/highlight.js
highlight.js,highlight.js,9.12.0,Node,,h/highlight.js/highlight.js_9.12.0_9.13.1_ubi_8.4.sh,https://github.com/highlightjs/highlight.js
highwayhash,highwayhash,v1.0.2,Go,,h/highwayhash/highwayhash.sh,https://github.com/minio/highwayhash.git
hikaricp,HikariCP,HikariCP-5.1.0,Java,,h/hikaricp/hikaricp.sh,https://github.com/brettwooldridge/HikariCP
hive-jdbc,hive-jdbc,3.1.0,Java,,h/hive-jdbc/hive-jdbc.sh,http://central.maven.org/maven2/org/apache/hive/hive-jdbc/3.1.0/hive-jdbc-3.1.0-sources.jar
hjson-py,hjson-py,v3.0.2,Python,,h/hjson-py/hjson-py.sh,https://github.com/hjson/hjson-py.git
hk2-api,hk2-api,"2.5.0-b32, 2.5.0-b62",Java,,h/hk2-api/hk2-api.sh,https://github.com/javaee/hk2
hk2-locator,hk2-locator,"2.5.0-b32, 2.5.0-b62",Java,,h/hk2-locator/hk2-locator.sh,https://github.com/javaee/hk2
hk2-utils,hk2-utils,"2.5.0-b32, 2.5.0-b62",Java,,h/hk2-utils/hk2-utils.sh,https://github.com/javaee/hk2
hmac-drbg,hmac-drbg,1.0.1,Node,,h/hmac-drbg/hmac-drbg.sh,https://github.com/indutny/hmac-drbg
hms,hms,1.1.3,R,,h/hms/hms.sh,https://github.com/cran/hms
hoek,hoek,v11.0.4,Node,Node:16,h/hoek/hoek.sh,https://github.com/hapijs/hoek
hoek,hoek,5.0.4,Node,,h/hoek/hoek_rhel_8.3.sh,https://github.com/hapijs/hoek
hoek,hoek,941a932b8be873bd119c6680c368116c52845e4a,Node,,h/hoek/hoek_ubi_8.5.sh,https://github.com/hapijs/hoek
hoek,hoek,5.0.3,Node,,h/hoek/hoek_ubuntu_18.04.sh,https://github.com/hapijs/hoek
hoist-non-react-statics,hoist-non-react-statics,3.3.1,Node,,h/hoist-non-react-statics/hoist_non_react_statics.sh,https://github.com/mridgway/hoist-non-react-statics.git
homedir-polyfill,homedir-polyfill,1.0.3,Node,,h/homedir-polyfill/homedir-polyfill.sh,https://github.com/doowb/homedir-polyfill
horizon,horizon,24.0.0,Python,,h/horizon/horizon.sh,https://github.com/openstack/horizon
hosted-git-info,hosted-git-info,v7.0.1,Node,Node:16,h/hosted-git-info/hosted-git-info.sh,https://github.com/npm/hosted-git-info
hosted-git-info,hosted-git-info,2.8.9,Node,,h/hosted-git-info/hosted-git-info_rhel_8.3.sh,https://github.com/npm/hosted-git-info
hoverIntent,jquery-hoverIntent,v1.9.0,Node,,h/hoverIntent/hoverIntent.sh,https://github.com/briancherne/jquery-hoverIntent
hpack.js,hpack.js,2.1.6,Node,,h/hpack.js/hpack.js.sh,https://github.com/indutny/hpack.js
hpkp,hpkp,2.0.0,Node,,h/hpkp/hpkp.sh,https://github.com/helmetjs/hpkp
hppc,hppc,0.10.0,Java,,h/hppc/hppc.sh,https://github.com/carrotsearch/hppc
hsl-regex,hsl-regex,1.0.0,Node,,h/hsl-regex/hsl-regex.sh,https://github.com/regexps/hsl-regex
hsts,hsts,2.1.0,Node,,h/hsts/hsts.sh,https://github.com/helmetjs/hsts
html-encoding-sniffer,html-encoding-sniffer,1.0.2,Node,,h/html-encoding-sniffer/html-encoding-sniffer.sh,https://github.com/jsdom/html-encoding-sniffer
html-entities,html-entities,1.4.0,Node,,h/html-entities/html-entities.sh,https://github.com/mdevils/html-entities
html-loader,html-loader,0.5.5,Node,,h/html-loader/html-loader.sh,https://github.com/webpack-contrib/html-loader
html-minifier,html-minifier,4.0.0,Node,,h/html-minifier/html-minifier.sh,https://github.com/kangax/html-minifier.git
html-parse-stringify,html-parse-stringify,3.0.1,Node,,h/html-parse-stringify/html-parse-stringify.sh,https://github.com/henrikjoreteg/html-parse-stringify
html-react-parser,html-react-parser,0.14.3,Node,,h/html-react-parser/html-react-parser.sh,https://github.com/remarkablemark/html-react-parser
html-tag,html-tag,1.0.0,Node,,h/html-tag/html-tag.sh,https://github.com/jonschlinkert/html-tag
html-to-react,html-to-react,1.4.5,Node,,h/html-to-react/html-to-react.sh,https://github.com/aknuds1/html-to-react
html2text__html2text,html2text/html2text,4.0.1,PHP,,h/html2text__html2text/html2text__html2text.sh,https://github.com/mtibben/html2text
html5shiv,html5shiv,3.7.3,Node,,h/html5shiv/html5shiv.sh,https://github.com/aFarkas/html5shiv
htmlpurifier,htmlpurifier,4.14.0,PHP,,h/htmlpurifier/htmlpurifier.sh,https://github.com/ezyang/htmlpurifier.git
htmltools,htmltools,0.5.8.1,R,,h/htmltools/htmltools.sh,https://github.com/cran/htmltools
htmlwidgets,htmlwidgets,1.6.4,R,,h/htmlwidgets/htmlwidgets.sh,https://github.com/cran/htmlwidgets
htpasswd,htpasswd,2.3,Python,,h/htpasswd/htpasswd.sh,https://github.com/thesharp/htpasswd
http-assert,http-assert,1.4.1,Node,,h/http-assert/http-assert.sh,https://github.com/jshttp/http-assert
http-cache-semantics,http-cache-semantics,4.1.0,Node,,h/http-cache-semantics/http-cache-semantics.sh,https://github.com/kornelski/http-cache-semantics
http-deceiver,http-deceiver,v1.2.7,Node,,h/http-deceiver/http-deceiver.sh,https://github.com/indutny/http-deceiver.git
http-errors,http-errors,1.8.0,Node,,h/http-errors/http-errors.sh,https://github.com/jshttp/http-errors
http-https,http-https,1.0.0,Node,,h/http-https/http-https.sh,https://github.com/isaacs/http-https
http-parser-js,http-parser-js,0.4.5,Node,,h/http-parser-js/http-parser-js.sh,https://github.com/creationix/http-parser-js.git
http-proxy-middleware,http-proxy-middleware,1.0.6,Node,,h/http-proxy-middleware/http-proxy-middleware.sh,https://github.com/chimurai/http-proxy-middleware
http-status,http-status,1.2.0,Node,,h/http-status/http-status.sh,https://github.com/adaltas/node-http-status
http-timer,http-timer,v5.0.1,Node,Node:16,h/http-timer/http-timer.sh,https://github.com/szmarczak/http-timer
http2-client,http2-client,v1.3.3,Node,,h/http2-client/http2-client.sh,https://github.com/hisco/http2-client
http2-wrapper,http2-wrapper,v2.2.1,Node,Node:20,h/http2-wrapper/http2-wrapper.sh,https://github.com/szmarczak/http2-wrapper
httpasyncclient,httpasyncclient,4.1.4,Java,,h/httpasyncclient/httpasyncclient.sh,https://github.com/apache/httpasyncclient.git
httpasyncclient,httpasyncclient,4.1.4,Java,,h/httpasyncclient/httpasyncclient_rhel_8.3.sh,https://github.com/apache/httpasyncclient
httpcomponents-client,httpcomponents-client,rel/v5.2.1,Java,,h/httpcomponents-client/httpcomponents-client.sh,https://github.com/apache/httpcomponents-client.git
httpcomponents-client,httpcomponents-client,rel/v5.2.1,Java,,h/httpcomponents-client/httpcomponents-client_ubi_9.3.sh,https://github.com/apache/httpcomponents-client.git
httpcomponents-client,httpcomponents-client,rel/v4.5.14,Java,,h/httpcomponents-client/httpcomponents-client_v4.5.14.sh,https://github.com/apache/httpcomponents-client.git
httpcomponents-client,httpcomponents-client,rel/v4.5.14,Java,,h/httpcomponents-client/httpcomponents-client_v4.5.14_ubi_9.3.sh,https://github.com/apache/httpcomponents-client.git
httpcomponents-client,httpcomponents-client,rel/v4.5.5,Java,,h/httpcomponents-client/httpcomponents-client_v4.5.5.sh,https://github.com/apache/httpcomponents-client.git
httpcomponents-client,httpcomponents-client,rel/v4.5.5,Java,,h/httpcomponents-client/httpcomponents-client_v4.5.5_ubi_9.3.sh,https://github.com/apache/httpcomponents-client.git
httpcomponents-client,httpcomponents-client,rel/v5.4,Java,,h/httpcomponents-client/httpcomponents-client_v5.4.sh,https://github.com/apache/httpcomponents-client
httpcomponents-core,httpcomponents-core,rel/v5.3.1,Java,,h/httpcomponents-core/httpcomponents-core.sh,https://github.com/apache/httpcomponents-core.git
httpcore,httpcore,rel/v4.4.13,Java,,h/httpcore/httpcore.sh,https://github.com/apache/httpcomponents-core.git
httpcore5,httpcore5,rel/v5.2.1,Java,,h/httpcore5/httpcore5.sh,https://github.com/apache/httpcomponents-core.git
httpcore5-h2,httpcore5-h2,rel/v5.2.1,Java,,h/httpcore5-h2/httpcore5-h2.sh,https://github.com/apache/httpcomponents-core.git
httplib2,httplib2,0.11.3,Node,,h/httplib2/httplib2.sh,https://github.com/httplib2/httplib2
httpmime,httpcomponents-client,rel/v4.1.2,Java,,h/httpmime/httpmime.sh,https://github.com/apache/httpcomponents-client.git
https-browserify,https-browserify,1.0.0,Node,,h/https-browserify/https-browserify.sh,https://github.com/substack/https-browserify
httpsnippet,httpsnippet,1.25.0,Node,,h/httpsnippet/httpsnippet.sh,https://github.com/Mashape/httpsnippet
httpsnippet,httpsnippet,1.25.0,Node,,h/httpsnippet/httpsnippet_rhel_8.3.sh,https://github.com/Mashape/httpsnippet
httptools,httptools,v0.6.4,Python,,h/httptools/httptools.sh,https://github.com/MagicStack/httptools.git
httptools,httptools,v0.6.4,Python,,h/httptools/httptools_ubi_8.10.sh,https://github.com/MagicStack/httptools.git
httr2,httr2,1.0.1,R,,h/httr2/httr2.sh,https://github.com/cran/httr2
hudl__fargo,hudl/fargo,v1.3.0,Go,,h/hudl__fargo/hudl__fargo.sh,https://github.com/hudl/fargo
hue,hue,4.5.0,Node,,h/hue/hue.sh,https://github.com/cloudera/hue/
human-signals,human-signals,1.1.1,Node,,h/human-signals/human-signals.sh,https://github.com/ehmicky/human-signals
humanfriendly,humanfriendly,8.1,Python,,h/humanfriendly/humanfriendly.sh,https://github.com/xolox/python-humanfriendly
humanize-ms,humanize-ms,1.2.1,Node,,h/humanize-ms/humanize-ms.sh,https://github.com/node-modules/humanize-ms
hyperid,hyperid,2.1.0,Node,,h/hyperid/hyperid.sh,https://github.com/mcollina/hyperid
hyphenate-style-name,hyphenate-style-name,1.0.3,Node,,h/hyphenate-style-name/hyphenate-style-name.sh,https://github.com/rexxars/hyphenate-style-name
hystrix,hystrix,1.5.10,Java,,h/hystrix/hystrix.sh,https://github.com/Netflix/Hystrix.git
hystrix,hystrix,1.5.10,Java,,h/hystrix/hystrix_ubuntu_16.04.sh,https://github.com/Netflix/Hystrix.git
hystrix-go,hystrix-go,fa1af6a1f4f5,Go,,h/hystrix-go/hystrix-go.sh,https://github.com/afex/hystrix-go
i18n,i18n,v4.4.3,Java,,i/i18n/i18n_v4.4.3.sh,https://github.com/fnando/i18n.git
i18next,i18next,11.5.0,Node,,i/i18next/i18next.sh,https://github.com/i18next/i18next
i18next-browser-languagedetector,i18next-browser-languagedetector,6.1.0,Node,,i/i18next-browser-languagedetector/i18next-browser-languagedetector.sh,https://github.com/i18next/i18next-browser-languageDetector
i18next-fs-backend,i18next-fs-backend,v2.3.2,Node,Node:16,i/i18next-fs-backend/i18next-fs-backend.sh,https://github.com/i18next/i18next-fs-backend
i18next-http-backend,i18next-http-backend,1.2.2,Node,,i/i18next-http-backend/i18next-http-backend.sh,https://github.com/i18next/i18next-http-backend
i18next-xhr-backend,i18next-xhr-backend,v3.2.2,Node,,i/i18next-xhr-backend/i18next-xhr-backend.sh,https://github.com/i18next/i18next-xhr-backend.git
iaesdk,iaesdk,v3.3.0,Python,,i/iaesdk/iaesdk.sh,https://github.com/IBM/ibm-iae-python-sdk
ibm-cloud-operators,ibm-cloud-operators,v1.0.7,Go,,i/ibm-cloud-operators/ibm-cloud-operators.sh,https://github.com/IBM/cloud-operators.git
ibm-cloud-sdk-core,ibm-cloud-sdk-core,v3.16.7,Python,,i/ibm-cloud-sdk-core/ibm-cloud-sdk-core.sh,https://github.com/IBM/python-sdk-core.git
ibm-cos-sdk,ibm-cos-sdk,2.13.4,Python,,i/ibm-cos-sdk/ibm-cos-sdk-python.sh,https://github.com/ibm/ibm-cos-sdk-python
ibm-cos-sdk-core,ibm-cos-sdk-core,2.13.4,Python,,i/ibm-cos-sdk-core/ibm-cos-sdk-python-core.sh,https://github.com/ibm/ibm-cos-sdk-python-core
ibm-cos-sdk-core,ibm-cos-sdk-python-core,2.8.0,Python,,i/ibm-cos-sdk-core/ibm-cos-sdk-python-core_2.8.0_ubi_8.4.sh,https://github.com/IBM/ibm-cos-sdk-python-core/
ibm-cos-sdk-core,ibm-cos-sdk-python-cor,2.8.0,Java,,i/ibm-cos-sdk-core/ibm-cos-sdk-python-core_v2.8.0.sh,https://github.com/IBM/ibm-cos-sdk-python-core/
ibm-cos-sdk-core,ibm-cos-sdk-python-cor,2.8.0,Java,,i/ibm-cos-sdk-core/ibm-cos-sdk-python-core_v2.8.0_ubuntu_18.04.sh,https://github.com/IBM/ibm-cos-sdk-python-core/
ibm-cos-sdk-java,ibm-cos-sdk-java,2.10.0,Java,,i/ibm-cos-sdk-java/ibm-cos-sdk-java.sh,https://github.com/IBM/ibm-cos-sdk-java
ibm-cos-sdk-s3transfer,ibm-cos-sdk-s3transfer,2.14.0,Python,,i/ibm-cos-sdk-s3transfer/ibm-cos-sdk-python-s3transfer.sh,https://github.com/IBM/ibm-cos-sdk-python-s3transfer
ibm-iam-operator,ibm-iam-operator,7d1cdc19978e2bda35ac2660b3ee325474ed5df0,Go,,i/ibm-iam-operator/ibm-iam-operator.sh,https://github.com/IBM/ibm-iam-operator
ibm-namespace-scope-operator,ibm-namespace-scope-operator,v1.5.0,Go,,i/ibm-namespace-scope-operator/ibm-namespace-scope-operator.sh,https://github.com/IBM/ibm-namespace-scope-operator
ibm-namespace-scope-operator,ibm-namespace-scope-operator,v1.0.1,Go,,i/ibm-namespace-scope-operator/ibm-namespace-scope-operator_ubi_8.4.sh,https://github.com/IBM/ibm-namespace-scope-operator
ibm_db,ibm_db,v3.2.3,Python,,i/ibm_db/ibm_db.sh,https://github.com/ibmdb/python-ibmdb.git
iconv-lite,iconv-lite,v0.5.0,Node,,i/iconv-lite/iconv-lite.sh,https://github.com/ashtuchkin/iconv-lite.git
iconv-lite,iconv-lite,0.6.2,Node,,i/iconv-lite/iconv-lite_rhel_8.3.sh,https://github.com/ashtuchkin/iconv-lite
icss-utils,icss-utils,4.1.1,Node,,i/icss-utils/icss-utils.sh,https://github.com/css-modules/icss-utils
icu4j,icu4j,60.2,Java,,i/icu4j/icu4j.sh,http://source.icu-project.org/repos/icu/tags/release-60-2/icu4j
icu4j,icu4j,60.2,Java,,i/icu4j/icu4j_ubuntu_16.04.sh,http://source.icu-project.org/repos/icu/tags/release-60-2/icu4j
idna-ssl,idna-ssl,1.1.0,Python,,i/idna-ssl/idna-ssl.sh,https://github.com/aio-libs/idna-ssl
ieee754,ieee754,v1.1.13,Node,,i/ieee754/ieee754.sh,https://github.com/feross/ieee754.git
ignore,ignore,5.1.8,Node,,i/ignore/ignore.sh,https://github.com/kaelzhang/node-ignore
ignore-walk,ignore-walk,3.0.3,Node,,i/ignore-walk/ignore-walk.sh,https://github.com/isaacs/ignore-walk
ijson,ijson,v3.4.0,Python,,i/ijson/ijson.sh,https://github.com/ICRAR/ijson.git
image-size,image-size,0.3.5,Node,,i/image-size/image-size.sh,https://github.com/image-size/image-size
imageio,imageio,v2.34.1,Python,,i/imageio/imageio.sh,https://github.com/imageio/imageio.git
imagesize_py,PACKAGE_NAME,v1.0.0,Python,,i/imagesize_py/imagesize.sh,https://github.com/org/repo
imagesize_py,imagesize_py,1.4.1,Python,,i/imagesize_py/imagesize_py.sh,https://github.com/shibukawa/imagesize_py
imagesize_py,imagesize_py,0.7.1,Python,,i/imagesize_py/imagesize_rhel_7.3.sh,https://github.com/shibukawa/imagesize_py
imbalanced-learn,imbalanced-learn,0.12.2,Python,,i/imbalanced-learn/imbalanced-learn.sh,https://github.com/scikit-learn-contrib/imbalanced-learn.git
imdario__mergo,imdario/mergo,6633656539c1639d9d78127b7d47c622b5d7b6dc,Go,,i/imdario__mergo/imdario__mergo.sh,https://github.com/imdario/mergo
iminuit,conda.recipe,v1.0.0,Python,,i/iminuit/build.sh,https://github.com/org/repo
iminuit,iminuit,${1:-,Python,,i/iminuit/iminuit.sh,https://github.com/iminuit/iminuit.git
iminuit,iminuit,1.2,Python,,i/iminuit/iminuit_ubuntu_16.04.sh,https://github.com/iminuit/iminuit
immediate,immediate,3.0.6,Node,,i/immediate/immediate.sh,https://github.com/calvinmetcalf/immediate
immer,immer,v10.1.1,Node,Node:16,i/immer/immer.sh,https://github.com/immerjs/immer
immutable-js,immutable-js,v4.1.0,Node,Node:16,i/immutable-js/immutable-js.sh,https://github.com/immutable-js/immutable-js
import-fresh,import-fresh,v3.3.0,Node,Node:14,i/import-fresh/import-fresh.sh,https://github.com/sindresorhus/import-fresh
import-local,import-local,v3.0.2,Node,,i/import-local/import-local.sh,https://github.com/sindresorhus/import-local.git
import-tracker,import-tracker,3.2.1,Python,,i/import-tracker/import_tracker.sh,https://github.com/IBM/import-tracker.git
impyla,conda.recipe,v1.0.0,Python,,i/impyla/build.sh,https://github.com/org/repo
impyla,impyla,v0.21.0,Python,,i/impyla/impyla.sh,https://github.com/cloudera/impyla.git
impyla,impyla,0.14.0,Python,,i/impyla/impyla_ubuntu_16.04.sh,https://github.com/cloudera/impyla.git
inconshreveable__mousetrap,inconshreveable/mousetrap,76626ae9c91c4f2a10f34cad8ce83ea42c93bb75,Go,,i/inconshreveable__mousetrap/inconshreveable__mousetrap.sh,https://github.com/inconshreveable/mousetrap
incremental,incremental,incremental-24.7.2,Python,,i/incremental/incremental.sh,https://github.com/twisted/incremental
incremental,incremental,16.10.1,Python,,i/incremental/incremental_rhel_7.3.sh,https://github.com/hawkowl/incremental
incremental,incremental,incremental-22.10.0,Python,,i/incremental/incremental_ubi_8_7.sh,https://github.com/twisted/incremental
incremental,incremental,16.10.1,Python,,i/incremental/incremental_ubuntu_16.04.sh,https://github.com/hawkowl/incremental
indent-string,indent-string,4.0.0,Node,,i/indent-string/indent-string.sh,https://github.com/sindresorhus/indent-string
index-of,index-of,0.2.0,Node,,i/index-of/index-of.sh,https://github.com/jonschlinkert/index-of
inert,inert,3.1.3,Node,Node:10,i/inert/inert.sh,https://github.com/WICG/inert
inert,inert,v3.1.1,Node,,i/inert/inert_ubi_8.5.sh,https://github.com/WICG/inert.git
inf,inf,0.9.0,Go,,i/inf/inf.sh,https://github.com/go-inf/inf.git
infer-owner,infer-owner,1.0.4,Node,,i/infer-owner/infer-owner.sh,https://github.com/npm/infer-owner
infinispan,PACKAGE_NAME,v1.0.0,Python,,i/infinispan/infinispan_build_ppc64le.sh,https://github.com/org/repo
infinispan,infinispan,10.1.0.Beta1,Python,,i/infinispan/infinispan_build_ppc64le_rhel7.6.sh,https://github.com/infinispan/infinispan
infinispan,infinispan,12.1.3.Final,Java,,i/infinispan/infinispan_ppc64le.sh,https://github.com/infinispan/infinispan
infinispan-operator,infinispan-operator,2.4.3.Final,Go,,i/infinispan-operator/infinispan-operator.sh,https://github.com/infinispan/infinispan-operator
inflect,inflect,"v0.19.0, 16a898ed1f4943794fb9b0e7afb7376a7619cf21",Go,,i/inflect/inflect.sh,https://github.com/go-openapi/inflect
inflection,inflection,master,Python,,i/inflection/inflection.sh,https://github.com/jpvanhal/inflection.git
inflection,inflection,0.3.1,Python,,i/inflection/inflection_rhel_7.3.sh,https://github.com/jpvanhal/inflection
inflection,inflection,v1.0.0,Go,,i/inflection/inflection_ubi_8.5.sh,https://github.com/jinzhu/inflection
inflection,inflection,0.3.1,Python,,i/inflection/inflection_ubuntu_16.04.sh,https://github.com/jpvanhal/inflection
inflight,inflight,1.0.6,Node,,i/inflight/inflight.sh,https://github.com/npm/inflight
influxdata,line-protocol,v0.0.0-20180522152040-32c6aa80de5e,Go,,i/influxdata/influxdata_line_protocol.sh,https://github.com/influxdata/line-protocol
influxdata-flux,flux,v0.65.1,Go,,i/influxdata-flux/flux.sh,https://github.com/influxdata/flux
influxdb,influxdb,v2.7.6,Go,,i/influxdb/influxdb.sh,https://github.com/influxdata/influxdb
influxdb,influxdb,v2.5.1,Go,,i/influxdb/influxdb_ubi_8.5.sh,https://github.com/influxdata/influxdb.git
influxdb,scripts,v1.0.0,Java,,i/influxdb/init-influxdb.sh,https://github.com/org/repo
influxdb1-client,influxdb1-client,${1:-,Go,"Go:""1.13""",i/influxdb1-client/influxdb1-client.sh,https://proxy.golang.org/github.com/influxdata/influxdb1-client/@v/$PACKAGE_VERSION.zip
info-symbol,info-symbol,0.1.0,Node,,i/info-symbol/info-symbol.sh,https://github.com/jonschlinkert/info-symbol
inherits,inherits,2.0.3,Node,,i/inherits/inherits.sh,https://github.com/isaacs/inherits
ini,ini,1.3.8,Node,,i/ini/ini.sh,https://github.com/isaacs/ini
inject,inject,2.0.1,Java,,i/inject/inject.sh,https://github.com/jakartaee/inject.git
inline-style-parser,inline-style-parser,0.1.1,Node,,i/inline-style-parser/inline-style-parser.sh,https://github.com/remarkablemark/inline-style-parser
inquirer,inquirer,v3.3.0,Node,,i/inquirer/inquirer.sh,https://github.com/SBoudrias/Inquirer.js.git
insert-line,insert-line,1.1.0,Node,,i/insert-line/insert-line.sh,https://github.com/hacksparrow/insert-line.git
instaclick__php-webdriver,instaclick/php-webdriver,1.4.7,PHP,,i/instaclick__php-webdriver/instaclick__php-webdriver.sh,https://github.com/instaclick/php-webdriver
instana-agent-operator,instana-agent-operator,v1.0.4,Java,,i/instana-agent-operator/instana-agent-operator.sh,https://github.com/instana/instana-agent-operator.git
instana-java-sdk,instana-java-sdk,instana-java-sdk-1.2.0,Java,,i/instana-java-sdk/instana-java-sdk.sh,https://github.com/instana/instana-java-sdk.git
internal-slot,internal-slot,1.0.3,Node,,i/internal-slot/internal-slot.sh,https://github.com/ljharb/internal-slot
interpret,interpret,${1:-,Node,Node:v12.22.4,i/interpret/interpret.sh,https://github.com/gulpjs/interpret
interpret,interpret,1.4.0,Node,,i/interpret/interpret_rhel_8.3.sh,https://github.com/gulpjs/interpret
intl.js,Intl.js,v1.2.5,Node,Node:5,i/intl.js/intl.js.sh,https://github.com/andyearnshaw/Intl.js
invariant,invariant,v2.2.4,Node,,i/invariant/invariant.sh,https://github.com/zertosh/invariant.git
invariant,invariant,v2.2.4,Node,,i/invariant/invariant_ubuntu_18.04.sh,https://github.com/zertosh/invariant
invariant-node,invariant,v2.0.0,Node,Node:16,i/invariant-node/invariant-node.sh,https://github.com/react-dnd/invariant
invert-kv,invert-kv,3.0.1,Node,,i/invert-kv/invert-kv.sh,https://github.com/sindresorhus/invert-kv
ipaddr.js,ipaddr.js,1.6.0,Node,,i/ipaddr.js/ipaddr.js.sh,https://github.com/whitequark/ipaddr.js
ipykernel,ipykernel,v6.29.4,Python,,i/ipykernel/ipykernel.sh,https://github.com/ipython/ipykernel
ipykernel,ipykernel,v6.25.0,Python,,i/ipykernel/ipykernel_ubi_8_7.sh,https://github.com/ipython/ipykernel
ipywidgets,ipywidgets,8.1.2,Python,Node:16,i/ipywidgets/ipywidgets.sh,https://github.com/jupyter-widgets/ipywidgets
ipywidgets,ipywidgets,8.1.1,Python,Node:16,i/ipywidgets/ipywidgets_ubi_8.7.sh,https://github.com/jupyter-widgets/ipywidgets
iron,iron,62e00b64bd405a2c8bc773328774da9f7cc92d3c,Node,,i/iron/iron.sh,https://github.com/hueniverse/iron
is,is,3.3.0,Node,,i/is/is.sh,https://github.com/enricomarino/is
is-absolute,is-absolute,7291e9c,Node,,i/is-absolute/is-absolute.sh,https://github.com/jonschlinkert/is-absolute.git
is-absolute-url,is-absolute-url,3.0.3,Node,,i/is-absolute-url/is-absolute-url.sh,https://github.com/sindresorhus/is-absolute-url
is-accessor-descriptor,is-accessor-descriptor,1.0.0,Node,,i/is-accessor-descriptor/is-accessor-descriptor.sh,https://github.com/jonschlinkert/is-accessor-descriptor
is-alphabetical,is-alphabetical,1.0.4,Node,,i/is-alphabetical/is-alphabetical.sh,https://github.com/wooorm/is-alphabetical
is-alphanumerical,is-alphanumerical,1.0.4,Node,,i/is-alphanumerical/is-alphanumerical.sh,https://github.com/wooorm/is-alphanumerical
is-arguments,is-arguments,1.1.0,Node,,i/is-arguments/is-arguments.sh,https://github.com/inspect-js/is-arguments
is-arrayish,is-arrayish,0.2.1,Node,,i/is-arrayish/is-arrayish.sh,https://github.com/qix-/node-is-arrayish
is-bigint,is-bigint,1.0.1,Node,,i/is-bigint/is-bigint.sh,https://github.com/inspect-js/is-bigint
is-binary-path,is-binary-path,2.1.0,Node,,i/is-binary-path/is-binary-path.sh,https://github.com/sindresorhus/is-binary-path
is-boolean-object,is-boolean-object,v1.1.1,Node,,i/is-boolean-object/is-boolean-object.sh,https://github.com/inspect-js/is-boolean-object
is-buffer,is-buffer,v2.0.4,Node,,i/is-buffer/is-buffer.sh,https://github.com/feross/is-buffer.git
is-ci,is-ci,2.0.0,Node,,i/is-ci/is-ci.sh,https://github.com/watson/is-ci
is-cidr,is-cidr,1.0.0,Node,,i/is-cidr/is-cidr.sh,https://github.com/silverwind/is-cidr
is-color-stop,is-color-stop,1.1.0,Node,,i/is-color-stop/is-color-stop.sh,https://github.com/pigcan/is-color-stop
is-data-descriptor,is-data-descriptor,1.0.0,Node,,i/is-data-descriptor/is-data-descriptor.sh,https://github.com/jonschlinkert/is-data-descriptor
is-decimal,is-decimal,1.0.4,Node,,i/is-decimal/is-decimal.sh,https://github.com/wooorm/is-decimal
is-descriptor,is-descriptor,1.0.2,Node,,i/is-descriptor/is-descriptor.sh,https://github.com/jonschlinkert/is-descriptor
is-dotfile,is-dotfile,1.0.3,Node,,i/is-dotfile/is-dotfile.sh,https://github.com/jonschlinkert/is-dotfile
is-equal-shallow,is-equal-shallow,0.1.3,Node,,i/is-equal-shallow/is-equal-shallow.sh,https://github.com/jonschlinkert/is-equal-shallow
is-even,is-even,0.1.2,Node,,i/is-even/is-even.sh,https://github.com/jonschlinkert/is-even
is-extendable,is-extendable,1.0.1,Node,,i/is-extendable/is-extendable.sh,https://github.com/jonschlinkert/is-extendable
is-extglob,is-extglob,1.0.0,Node,,i/is-extglob/is-extglob.sh,https://github.com/jonschlinkert/is-extglob
is-finite,is-finite,1.1.0,Node,,i/is-finite/is-finite.sh,https://github.com/sindresorhus/is-finite
is-fullwidth-code-point,is-fullwidth-code-point,v5.0.0,Node,Node:16,i/is-fullwidth-code-point/is-fullwidth-code-point.sh,https://github.com/sindresorhus/is-fullwidth-code-point
is-fullwidth-code-point,is-fullwidth-code-point,3.0.0,Node,,i/is-fullwidth-code-point/is-fullwidth-code-point_rhel_8.3.sh,https://github.com/sindresorhus/is-fullwidth-code-point
is-generator,is-generator,1.0.3,Node,,i/is-generator/is-generator.sh,https://github.com/blakeembrey/is-generator
is-generator-fn,is-generator-fn,2.1.0,Node,,i/is-generator-fn/is-generator-fn.sh,https://github.com/sindresorhus/is-generator-fn
is-generator-function,is-generator-function,1.0.8,Node,,i/is-generator-function/is-generator-function.sh,https://github.com/inspect-js/is-generator-function
is-glob,is-glob,3.1.0,Node,,i/is-glob/is-glob.sh,https://github.com/micromatch/is-glob
is-hexadecimal,is-hexadecimal,1.0.4,Node,,i/is-hexadecimal/is-hexadecimal.sh,https://github.com/wooorm/is-hexadecimal
is-in-browser,is-in-browser,1.1.3,Node,,i/is-in-browser/is-in-browser.sh,https://github.com/tuxsudo/is-in-browser
is-installed-globally,is-installed-globally,v1.0.0,Node,Node:20,i/is-installed-globally/is-installed-globally.sh,https://github.com/sindresorhus/is-installed-globally
is-integer,is-integer,1.0.7,Node,,i/is-integer/is-integer.sh,https://github.com/parshap/js-is-integer
is-map,is-map,v2.0.3,Node,Node:14,i/is-map/is-map.sh,https://github.com/inspect-js/is-map
is-natural-number,is-natural-number,ee904d17384c85f5ed94c1294afd3cfb4ab48bdc,Node,,i/is-natural-number/is-natural-number.sh,https://github.com/shinnn/is-natural-number.js
is-negative-zero,is-negative-zero,2.0.1,Node,,i/is-negative-zero/is-negative-zero.sh,https://github.com/inspect-js/is-negative-zero
is-npm,is-npm,1.0.0,Node,,i/is-npm/is-npm.sh,https://github.com/sindresorhus/is-npm
is-number,is-number,7.0.0,Node,,i/is-number/is-number.sh,https://github.com/jonschlinkert/is-number
is-obj,is-obj,2.0.0,Node,,i/is-obj/is-obj.sh,https://github.com/sindresorhus/is-obj
is-object,is-object,1.0.2,Node,,i/is-object/is-object.sh,https://github.com/inspect-js/is-object
is-odd,is-odd,0.1.2,Node,,i/is-odd/is-odd.sh,https://github.com/jonschlinkert/is-odd
is-path-cwd,is-path-cwd,2.2.0,Node,,i/is-path-cwd/is-path-cwd.sh,https://github.com/sindresorhus/is-path-cwd
is-path-in-cwd,is-path-in-cwd,2.1.0,Node,,i/is-path-in-cwd/is-path-in-cwd.sh,https://github.com/sindresorhus/is-path-in-cwd
is-path-inside,is-path-inside,2.1.0,Node,,i/is-path-inside/is-path-inside.sh,https://github.com/sindresorhus/is-path-inside
is-plain-obj,is-plain-obj,3.0.0,Node,,i/is-plain-obj/is-plain-obj.sh,https://github.com/sindresorhus/is-plain-obj
is-plain-object,is-plain-object,2.0.4,Node,,i/is-plain-object/is-plain-object.sh,https://github.com/jonschlinkert/is-plain-object.git
is-posix-bracket,is-posix-bracket,0.1.1,Node,,i/is-posix-bracket/is-posix-bracket.sh,https://github.com/jonschlinkert/is-posix-bracket
is-primitive,is-primitive,2.0.0,Node,,i/is-primitive/is-primitive.sh,https://github.com/jonschlinkert/is-primitive
is-promise,is-promise,2.2.2,Node,,i/is-promise/is-promise.sh,https://github.com/then/is-promise
is-property,is-property,186608b,Node,,i/is-property/is-property.sh,https://github.com/mikolalysenko/is-property.git
is-redirect,is-redirect,1.0.0,Node,,i/is-redirect/is-redirect.sh,https://github.com/sindresorhus/is-redirect
is-regex,is-regex,v1.1.4,Node,Node:16,i/is-regex/is-regex.sh,https://github.com/inspect-js/is-regex.git
is-regex,is-regex,v1.1.4,Node,,i/is-regex/is-regex_ubi_8.5.sh,https://github.com/inspect-js/is-regex.git
is-resolvable,is-resolvable,1.1.0,Node,,i/is-resolvable/is-resolvable.sh,https://github.com/shinnn/is-resolvable
is-root,is-root,2.1.0,Node,,i/is-root/is-root.sh,https://github.com/sindresorhus/is-root
is-set,is-set,v2.0.3,Node,Node:16,i/is-set/is-set.sh,https://github.com/inspect-js/is-set
is-stream,is-stream,1.1.0,Node,,i/is-stream/is-stream.sh,https://github.com/sindresorhus/is-stream
is-subset,is-subset,0.1.1,Node,,i/is-subset/is_subset.sh,https://github.com/studio-b12/is-subset.git
is-supported-regexp-flag,is-supported-regexp-flag,v1.0.1,Node,,i/is-supported-regexp-flag/is-supported-regexp-flag.sh,https://github.com/sindresorhus/is-supported-regexp-flag.git
is-typedarray,is-typedarray,1.0.0,Node,,i/is-typedarray/is-typedarray.sh,https://github.com/hughsk/is-typedarray
is-utf8,is-utf8,0.2.1,Node,,i/is-utf8/is-utf8.sh,https://github.com/wayfind/is-utf8
is-weakmap,is-weakmap,v2.0.1,Node,,i/is-weakmap/is-weakmap.sh,https://github.com/inspect-js/is-weakmap
is-weakset,is-weakset,v2.0.1,Node,,i/is-weakset/is-weakset.sh,https://github.com/inspect-js/is-weakset
is-whitespace-character,is-whitespace-character,1.0.4,Node,,i/is-whitespace-character/is-whitespace-character.sh,https://github.com/wooorm/is-whitespace-character
is-windows,is-windows,1.0.2,Node,,i/is-windows/is-windows.sh,https://github.com/jonschlinkert/is-windows
is-word-character,is-word-character,1.0.4,Node,,i/is-word-character/is-word-character.sh,https://github.com/wooorm/is-word-character
isarray,isarray,v2.0.5,Node,,i/isarray/isarray.sh,https://github.com/juliangruber/isarray.git
isarray,isarray,1.0.0,Node,,i/isarray/isarray_rhel_8.3.sh,https://github.com/juliangruber/isarray
isbinaryfile,isbinaryfile,4.0.6,Node,,i/isbinaryfile/isbinaryfile.sh,https://github.com/gjtorikian/isBinaryFile
isemail,isemail,229def1,Node,,i/isemail/isemail.sh,https://github.com/skeggse/isemail.git
isexe,isexe,v3.1.1,Node,Node:16,i/isexe/isexe.sh,https://github.com/isaacs/isexe
isobject,isobject,3.0.1,Node,,i/isobject/isobject.sh,https://github.com/jonschlinkert/isobject
isomorphic,isomorphic,NA,Node,,i/isomorphic/isomorphic.sh,https://github.com/ndreckshage/isomorphic
isomorphic-fetch,isomorphic-fetch,3.0.0,Node,,i/isomorphic-fetch/isomorphic-fetch.sh,https://github.com/matthew-andrews/isomorphic-fetch
isomorphic-fetch,isomorphic-fetch,2.1.1,Node,,i/isomorphic-fetch/isomorphic-fetch_ubuntu_18.04.sh,https://github.com/matthew-andrews/isomorphic-fetch
isomorphic-form-data,isomorphic-form-data,v2.0.0,Node,,i/isomorphic-form-data/isomorphic-form-data.sh,https://github.com/form-data/isomorphic-form-data
isstream,isstream,0.1.2,Node,,i/isstream/isstream.sh,https://github.com/rvagg/isstream
istanbul-lib-processinfo,istanbul-lib-processinfo,2.0.2,Node,,i/istanbul-lib-processinfo/istanbul-lib-processinfo.sh,https://github.com/istanbuljs/istanbul-lib-processinfo
istanbul-lib-source-maps,istanbul-lib-source-maps,istanbul-lib-source-maps-v4.0.1,Go,,i/istanbul-lib-source-maps/istanbul-lib-source-maps.sh,https://github.com/istanbuljs/istanbuljs
istanbuljs,istanbul-lib-coverage,istanbul-lib-coverage@3.0.0},Node,,i/istanbuljs/istanbul-lib-coverage.sh,https://github.com/istanbuljs/istanbuljs
istanbuljs,istanbul-lib-coverage,istanbul-lib-coverage@3.0.0,Node,,i/istanbuljs/istanbul-lib-coverage_ubi_8.3.sh,https://github.com/istanbuljs/istanbuljs
istanbuljs,istanbul-lib-instrument,istanbul-lib-instrument-v5.1.0,Node,,i/istanbuljs/istanbul-lib-instrument.sh,https://github.com/istanbuljs/istanbuljs
istanbuljs__load-nyc-config,@istanbuljs/load-nyc-config,1.1.0,Node,,i/istanbuljs__load-nyc-config/istanbuljs__load-nyc-config.sh,https://github.com/istanbuljs/load-nyc-config
istextorbinary,istextorbinary,2.6.0,Node,,i/istextorbinary/istextorbinary.sh,https://github.com/bevry/istextorbinary
istio,PACKAGE_NAME,v1.0.0,Java,,i/istio/build.sh,https://github.com/org/repo
istio,PACKAGE_NAME,3b162effeb79918b421cb7094bc1c7f628534483,Go,,i/istio/istio.sh,https://github.com/org/repo
istio,istio,3b162effeb79918b421cb7094bc1c7f628534483,Go,,i/istio/istio_UBI_8.4.sh,https://github.com/istio/istio.git
istio,istio,${1:maistra-2.2},Go,,i/istio/istio_maistra.sh,https://github.com/maistra/istio.git
istio,1.4.3,1.4.3,Python,,i/istio/istio_rhel7.6.sh,https://github.com/istio/istio.git
istio-api,api,v1.22.1,Go,,i/istio-api/istio-api.sh,https://github.com/istio/api
istio-api,api,${1:-,Go,,i/istio-api/istio-api_ubi_9_3.sh,https://github.com/istio/api
istio-api,https://github.com/istio/api,1.16.1,Go,,i/istio-api/istio_api.sh,https://github.com/istio/api
istio-api,istio-api,1.4.3,Go,,i/istio-api/istio_api_rhel_7.6.sh,https://github.com/istio/api
istio-api,istio-api,a584d151eff9b8f7327087a99b2cba53116c0136,Go,,i/istio-api/istio_api_ubi_8.4.sh,https://github.com/istio/api.git
istio-api,https://github.com/istio/api,${1:-,Go,,i/istio-api/istio_api_ubi_8.5.sh,https://github.com/istio/api
istio-api,api,${SCRIPT_PACKAGE_VERSION},Go,,i/istio-api/istio_api_ubi_9.4_v1.26.1.sh,https://github.com/${PACKAGE_ORG}/${PACKAGE_NAME}
istio-operator,istio-operator,maistra-2.0.1,Go,,i/istio-operator/istio-operator.sh,https://github.com/Maistra/istio-operator
istio-proxy,istio-proxy,1.4.3,Python,,i/istio-proxy/istio-proxy.sh,https://github.com/istio/proxy.git
isurl,isurl,1.0.0,Node,,i/isurl/isurl.sh,https://github.com/stevenvachon/isurl
itsdangerous,PACKAGE_NAME,v1.0.0,Python,,i/itsdangerous/itsdangerous.sh,https://github.com/org/repo
itsdangerous,itsdangerous,2.1.2,Python,,i/itsdangerous/itsdangerous_ubi_8_7.sh,https://github.com/pallets/itsdangerous
lru-queue,lru-queue,v0.1.0,Node,,i/lru-queue/lru-queue.sh,https://github.com/medikoo/lru-queue.git
JTransforms,JTransforms,0.1.0,Java,,j/JTransforms/JTransforms.sh,https://github.com/wendykierp/JTransforms
Jackson-dataformat-xml,jackson-dataformat-xml,2.13,Java,,j/Jackson-dataformat-xml/Jackson-dataformat-xml.sh,https://github.com/FasterXML/jackson-dataformat-xml.git
Jackson-dataformat-xml,jackson-dataformat-xml,2.13,Java,,j/Jackson-dataformat-xml/Jackson-dataformat-xml_ubi_8.3.sh,https://github.com/FasterXML/jackson-dataformat-xml.git
Jackson-dataformat-xml,jackson-dataformat-xml,jackson-dataformat-xml-2.17.0,Java,,j/Jackson-dataformat-xml/jackson-dataformat-xml.sh,https://github.com/FasterXML/jackson-dataformat-xml
Jackson-dataformat-xml,jackson-dataformat-xml,jackson-dataformat-xml-2.14.1,Java,,j/Jackson-dataformat-xml/jackson-dataformat-xml_ubi_8.5.sh,https://github.com/FasterXML/jackson-dataformat-xml
Jackson-datatype-Guava,Jackson-datatype-Guava,2.13,Java,,j/Jackson-datatype-Guava/Jackson-datatype-Guava.sh,https://github.com/FasterXML/jackson-datatypes-collections
Jakarta.inject,Jakarta.inject,v1.0.0,Java,,j/Jakarta.inject/Jakarta.inject.sh,https://github.com/org/repo
Jena-arq,jena/jena-arq,jena-4.2.0,Java,,j/Jena-arq/Jena-arq.sh,https://github.com/apache/jena.git
Jena-arq,jena/jena-arq,jena-4.2.0,Java,,j/Jena-arq/Jena-arq_ubi_8.3.sh,https://github.com/apache/jena.git
Jena-arq,PACKAGE_NAME,v1.0.0,Java,,j/Jena-arq/jena-arq-2.13.0.sh,https://github.com/org/repo
Jena-arq,Jena-arq,2.13.0,Java,,j/Jena-arq/jena-arq-2.13.0_ubi_8.3.sh,https://github.com/apache/jena.git
Jena-arq,jena-arq,jena-4.9.0,Java,,j/Jena-arq/jena-arq.sh,https://github.com/apache/jena.git
Jena-iri,jena/jena-iri,jena-4.2.0,Java,,j/Jena-iri/Jena-iri.sh,https://github.com/apache/jena.git
Jena-iri,jena/jena-iri,jena-4.2.0,Java,,j/Jena-iri/Jena-iri_ubi_8.3.sh,https://github.com/apache/jena.git
Jena-iri,jena-iri,jena-4.9.0,Java,,j/Jena-iri/jena-iri.sh,https://github.com/apache/jena.git
Json-Surfer,Json-Surfer,v1.5.1,Java,,j/Json-Surfer/JsonSurfer.sh,https://github.com/jsurfer/JsonSurfer
j2objc-annotations,j2objc/annotations,2.8,Java,,j/j2objc-annotations/j2objc-annotations.sh,https://github.com/google/j2objc
j2objc-annotations,j2objc-annotations,"1.1, 2.6",Java,,j/j2objc-annotations/j2objc-annotations_rhel_7.6.sh,https://github.com/google/j2objc
j2objc-annotations,j2objc/annotations,1.3,Java,,j/j2objc-annotations/j2objc-annotations_ubi_8.3.sh,https://github.com/google/j2objc.git
jOOQ,jOOQ,master,Java,,j/jOOQ/jOOQ.sh,https://github.com/jOOQ/jOOQ
jOOQ,jOOQ,master,Java,,j/jOOQ/jOOQ_ubuntu_16.04.sh,https://github.com/jOOQ/jOOQ
jQuery-Timepicker-Addon,jQuery-Timepicker-Addon,v1.6.3,Node,,j/jQuery-Timepicker-Addon/jQuery-Timepicker-Addon_v1.6.3.sh,https://github.com/trentrichardson/${PACKAGE_NAME}.git
jackson-annotations,jackson-annotations,jackson-annotations-2.17.0,Java,,j/jackson-annotations/jackson-annotations.sh,https://github.com/FasterXML/jackson-annotations
jackson-annotations,jackson-annotations,2.10.2,Java,,j/jackson-annotations/jackson-annotations_rhel_7.6.sh,https://github.com/FasterXML/jackson-annotations.git
jackson-annotations,jackson-annotations,jackson-annotations-2.14.1,Go,,j/jackson-annotations/jackson-annotations_ubi_8.5.sh,https://github.com/FasterXML/jackson-annotations
jackson-core,jackson-core,jackson-core-2.17.0,Java,,j/jackson-core/jackson-core.sh,https://github.com/FasterXML/jackson-core
jackson-core,jackson-core,jackson-core-2.14.1,Java,,j/jackson-core/jackson-core_ubi_8.5.sh,https://github.com/FasterXML/jackson-core
jackson-core,jackson-core,jackson-core-2.17.0,Java,,j/jackson-core/jackson-core_ubi_9.3.sh,https://github.com/FasterXML/jackson-core
jackson-core,jackson-core,jackson-core-2.17.2,Java,,j/jackson-core/jackson-core_v2.17.2.sh,https://github.com/FasterXML/jackson-core
jackson-databind,jackson-databind,jackson-databind-2.17.0,Java,,j/jackson-databind/jackson-databind.sh,https://github.com/FasterXML/jackson-databind.git
jackson-databind,jackson-databind,jackson-databind-2.14.1,Java,,j/jackson-databind/jackson-databind_ubi_8.5.sh,https://github.com/FasterXML/jackson-databind
jackson-dataformat-csv,jackson-dataformats-text,jackson-dataformats-text-2.10.5,Java,,j/jackson-dataformat-csv/jackson-dataformat-csv.sh,https://github.com/FasterXML/jackson-dataformats-text.git
jackson-dataformat-csv,jackson-dataformats-text/csv/,jackson-dataformats-text-2.11.0,Java,,j/jackson-dataformat-csv/jackson-dataformat-csv__2.11.0.sh,https://github.com/FasterXML/jackson-dataformats-text.git
jackson-dataformat-csv,jackson-dataformats-text/csv/,jackson-dataformats-text-2.11.0,Java,,j/jackson-dataformat-csv/jackson-dataformat-csv__2.11.0_ubi_8.sh,https://github.com/FasterXML/jackson-dataformats-text.git
jackson-dataformat-yaml,jackson-dataformat-yaml,2.10.2,Java,,j/jackson-dataformat-yaml/jackson-dataformat-yaml.sh,https://github.com/FasterXML/jackson-dataformats-text
jackson-dataformats-binary,jackson-dataformats-binary,jackson-dataformats-binary-2.17.2,Java,,j/jackson-dataformats-binary/jackson-dataformats-binary.sh,https://github.com/FasterXML/jackson-dataformats-binary.git
jackson-dataformats-text,jackson-dataformats-text,jackson-dataformats-text-2.17.2,Java,,j/jackson-dataformats-text/jackson-dataformats-text.sh,https://github.com/FasterXML/jackson-dataformats-text.git
jackson-datatype-jdk8,jackson-datatype-jdk8,2.9.8,Java,,j/jackson-datatype-jdk8/jackson-datatype-jdk8.sh,https://github.com/FasterXML/jackson-modules-java8
jackson-datatype-joda,jackson-datatype-joda,jackson-datatype-joda-2.17.2,Java,,j/jackson-datatype-joda/jackson-datatype-joda.sh,https://github.com/FasterXML/jackson-datatype-joda.git
jackson-datatype-joda,jackson-datatype-joda,2.10.2,Java,,j/jackson-datatype-joda/jackson-datatype-joda_rhel_7.6.sh,https://github.com/FasterXML/jackson-datatype-joda
jackson-datatype-jsr310,jackson-datatype-jsr310,2.10.2,Java,,j/jackson-datatype-jsr310/jackson-datatype-jsr310.sh,https://github.com/FasterXML/jackson-modules-java8
jackson-datatype-jsr353,jackson-datatype-jsr353,2.9.5,Java,,j/jackson-datatype-jsr353/jackson-datatype-jsr353.sh,https://github.com/FasterXML/jackson-datatype-jsr353
jackson-jakarta-rs-providers,jackson-jakarta-rs-providers,jackson-jakarta-rs-providers-2.17.2,Java,,j/jackson-jakarta-rs-providers/jackson-jakarta-rs-providers.sh,https://github.com/FasterXML/jackson-jakarta-rs-providers.git
jackson-jaxrs-base,jackson-jaxrs-base,"2.9.9, 2.10.2",Java,,j/jackson-jaxrs-base/jackson-jaxrs-base.sh,https://github.com/FasterXML/jackson-jaxrs-providers
jackson-jaxrs-json-provider,jackson-jaxrs-json-provider,2.10.2,Java,,j/jackson-jaxrs-json-provider/jackson-jaxrs-json-provider.sh,https://github.com/FasterXML/jackson-jaxrs-providers
jackson-jaxrs-providers,jackson-jaxrs-providers,jackson-jaxrs-providers-2.17.2,Java,,j/jackson-jaxrs-providers/jackson-jaxrs-providers.sh,https://github.com/FasterXML/jackson-jaxrs-providers.git
jackson-jaxrs-providers,jackson-jaxrs-providers,2.9.6,Java,,j/jackson-jaxrs-providers/jackson-jaxrs-providers_ubuntu_16.04.sh,https://github.com/FasterXML/jackson-jaxrs-providers.git
jackson-jaxrs-providers,PACKAGE_NAME,v1.0.0,Java,,j/jackson-jaxrs-providers/jackson-jaxrs-providers_v2.9.sh,https://github.com/org/repo
jackson-jaxrs-providers,jackson-jaxrs-providers,2.9.6,Java,,j/jackson-jaxrs-providers/jackson-jaxrs-providers_v2.9_ubuntu_16.04.sh,https://github.com/FasterXML/jackson-jaxrs-providers.git
jackson-module-jaxb-annotations,jackson-module-jaxb-annotations,2.10.2,Java,,j/jackson-module-jaxb-annotations/jackson-module-jaxb-annotations.sh,https://github.com/FasterXML/jackson-modules-base
jackson-module-parameter-names,jackson-modules-java8,jackson-modules-java8-2.13.0,Java,,j/jackson-module-parameter-names/jackson-module-parameter-names-ubi_8.3.sh,https://github.com/FasterXML/jackson-modules-java8.git
jackson-module-paranamer,jackson-module-paranamer,2.10.2,Java,,j/jackson-module-paranamer/jackson-module-paranamer.sh,https://github.com/FasterXML/jackson-modules-base
jackson-module-scala,PACKAGE_NAME,v1.0.0,Java,,j/jackson-module-scala/jackson-scala.sh,https://github.com/org/repo
jackson-module-scala,jackson-module-scala,2.9.4,Java,,j/jackson-module-scala/jackson-scala_ubuntu_16.04.sh,https://github.com/FasterXML/jackson-module-scala.git
jackson-modules-base,jackson-modules-base,jackson-modules-base-2.17.2,Java,,j/jackson-modules-base/jackson-modules-base.sh,https://github.com/FasterXML/jackson-modules-base.git
jackson-modules-java8,jackson-modules-java8,jackson-modules-java8-2.14.1,Java,,j/jackson-modules-java8/jackson_module_java8.sh,https://github.com/FasterXML/jackson-modules-java8
jackson-modules-java8-datatypes,datatypes,jackson-modules-java8-2.14.3,Java,,j/jackson-modules-java8-datatypes/jackson-modules-java8-datatypes.sh,https://github.com/FasterXML/jackson-modules-java8.git
jackson-modules-java8-datetime,datetime,jackson-modules-java8-2.14.3,Java,,j/jackson-modules-java8-datetime/jackson-modules-java8-datetime.sh,https://github.com/FasterXML/jackson-modules-java8.git
jackson-modules-java8-parameter-names,parameter-names,jackson-modules-java8-2.14.3,Java,,j/jackson-modules-java8-parameter-names/jackson-modules-java8-parameter-names.sh,https://github.com/FasterXML/jackson-modules-java8.git
jackson-xc,jackson-xc,1.9.14,Java,,j/jackson-xc/jackson-xc.sh,https://github.com/codehaus/jackson.git
jacoco,jacoco,0.7.2-SNAPSHOT,Java,,j/jacoco/jacoco_sh.sh,https://github.com/jacoco/jacoco.git
jacoco-ant,jacoco-ant,0.7.2-SNAPSHOT,Java,,j/jacoco-ant/jacoco_ant.sh,https://github.com/jacoco/jacoco.git
jacoco-core,jacoco-core,0.7.2-SNAPSHOT,Java,,j/jacoco-core/jacoco_core_sh.sh,https://github.com/jacoco/jacoco.git
jacoco-report,jacoco-report,0.7.2-SNAPSHOT,Java,,j/jacoco-report/jacoco_report.sh,https://github.com/jacoco/jacoco.git
jacocoagent,jacocoagent,v0.7.2,Java,,j/jacocoagent/jacocoagent.sh,https://github.com/jacoco/jacoco
jaeger,jaeger,Master,Node,,j/jaeger/jaeger-rhel_8.3.sh,https://github.com/jaegertracing/jaeger
jaeger,jaeger,Master,Node,,j/jaeger/jaeger-ubuntu_18.04.sh,https://github.com/jaegertracing/jaeger
jaeger,jaeger,Master,Node,,j/jaeger/jaeger-ubuntu_20.04.sh,https://github.com/jaegertracing/jaeger
jaeger,jaeger,v1.56.0,Go,Node:16,j/jaeger/jaeger.sh,https://github.com/jaegertracing/jaeger
jaeger,jaeger,v1.39.0,Go,,j/jaeger/jaeger_ubi8.sh,https://github.com/jaegertracing/jaeger.git
jaeger-operator,jaeger-operator,v1.56.0,Go,,j/jaeger-operator/jaeger-operator.sh,https://github.com/jaegertracing/jaeger-operator
jaeger-operator,jaeger-operator,v1.53.0,Go,,j/jaeger-operator/jaeger-operator_ubi_8.7.sh,https://github.com/jaegertracing/jaeger-operator
jaeger-operator,jaeger-operator,v1.16.0,Go,,j/jaeger-operator/jaeger_operator_rhel_7.6.sh,https://github.com/jaegertracing/jaeger-operator
jaegertracing,jaeger,v1.40.0,Go,,j/jaegertracing/jaegertracing.sh,https://github.com/jaegertracing/jaeger.git
jaegertracing,jaeger,v1.30.0,Go,,j/jaegertracing/jaegertracing_ubi_8.3.sh,https://github.com/jaegertracing/jaeger.git
jaf-api,jaf-api,2.1.3,Java,,j/jaf-api/jaf-api.sh,https://github.com/jakartaee/jaf-api
jaf-api,jaf-api,2.1.1,Java,,j/jaf-api/jaf-api_2.1.1.sh,https://github.com/jakartaee/jaf-api
jaf-api,jaf-api,2.1.1,Java,,j/jaf-api/jaf-api_2.1.1_ubi_8.5.sh,https://github.com/jakartaee/jaf-api
jakarta-activation-api,jakarta-activation-api,"1.2.1, 1.2.2",Java,,j/jakarta-activation-api/jakarta_activation_api.sh,https://github.com/eclipse-ee4j/jaf
jakarta-metro-saaj-impl,metro-saaj,3.0.0,Java,,j/jakarta-metro-saaj-impl/jakarta-metro-saaj-impl_v3.0.0.sh,https://github.com/eclipse-ee4j/metro-saaj
jakarta-metro-saaj-impl,metro-saaj,3.0.4,Java,,j/jakarta-metro-saaj-impl/jakarta-metro-saaj-impl_v3.0.4.sh,https://github.com/eclipse-ee4j/metro-saaj
jakarta-metro-saaj-impl,metro-saaj,3.0.4,Java,,j/jakarta-metro-saaj-impl/jakarta-metro-saaj-impl_v3.0.4_ubi_9.3.sh,https://github.com/eclipse-ee4j/metro-saaj
jakarta.annotation-api,jakarta.annotation-api,2.0.0,Java,,j/jakarta.annotation-api/jakarta.annotation-api_20.04.sh,https://github.com/eclipse-ee4j/common-annotations-api
jakarta.persistence-api,jpa-api/api,3.1-3.1.0-RC1-RELEASE,Java,,j/jakarta.persistence-api/jakarta.persistence-api-ubi_8.3.sh,https://github.com/eclipse-ee4j/jpa-api.git
jakarta.transaction-api,jta-api/api,2.0.0,Java,,j/jakarta.transaction-api/jakarta.transaction-api-ubi_8.3.sh,https://github.com/eclipse-ee4j/jta-api.git
jakartaee-javax.servlet-api,servlet,${1:-,Java,,j/jakartaee-javax.servlet-api/jakartaee-javax.servlet-api.sh,https://github.com/jakartaee/servlet
jakartaee-rest,rest,4.0.0-RELEASE,Java,,j/jakartaee-rest/jakartaee-rest.sh,https://github.com/jakartaee/rest.git
jamm,jamm,6a0a13f,Java,,j/jamm/jamm-master-ubi8.4.sh,https://github.com/jbellis/jamm.git
jandex,jandex,3.2.0,Java,,j/jandex/jandex.sh,https://github.com/smallrye/jandex.git
jandex,jandex,2.0.5,Java,,j/jandex/jandex_rhel_7.6.sh,https://github.com/wildfly/jandex
janusgraph,janusgraph,v1.1.0,Java,,j/janusgraph/janusgraph.sh,https://github.com/JanusGraph/janusgraph.git
janusgraph,janusgraph,0.2.0,Java,,j/janusgraph/janusgraph_rhel_7.4.sh,https://github.com/JanusGraph/janusgraph.git
janusgraph,janusgraph,0.2.0,Java,,j/janusgraph/janusgraph_ubuntu_16.04.sh,https://github.com/JanusGraph/janusgraph.git
janusgraph-berkeleyje,janusgraph-berkeleyje,0.5.1,Java,,j/janusgraph-berkeleyje/janusgraph-berkeleyje.sh,https://github.com/JanusGraph/janusgraph
janusgraph-core,janusgraph-core,0.3.1,Java,,j/janusgraph-core/janusgraph-core.sh,https://github.com/JanusGraph/janusgraph
janusgraph-lucene,janusgraph-lucene,0.3.1,Java,,j/janusgraph-lucene/janusgraph-lucene.sh,https://github.com/JanusGraph/janusgraph
jaraco.packaging,jaraco.packaging,v10.2.3,Python,,j/jaraco.packaging/jaraco.packaging.sh,https://github.com/jaraco/jaraco.packaging
jaraco.packaging,jaraco.packaging,8.1.0,Python,,j/jaraco.packaging/jaraco.packaging_rhel_8.3.sh,https://github.com/jaraco/jaraco.packaging
jaraco.test,jaraco.test,v5.5.1,Python,,j/jaraco.test/jaraco.test.sh,https://github.com/jaraco/jaraco.test
jaraco.test,jaraco.test,v5.0.0,Python,,j/jaraco.test/jaraco.test_ubi_8.5.sh,https://github.com/jaraco/jaraco.test
jaro-winkler-distance,jaro-winkler-distance,v2.0.0,Python,,j/jaro-winkler-distance/jaro-winkler-distance.sh,https://github.com/nap/jaro-winkler-distance
jaro-winkler-distance,jaro-winkler-distance,commit #835bede,Python,Python:3.6,j/jaro-winkler-distance/jaro-winkler-distance_rhel_7.6.sh,https://github.com/nap/jaro-winkler-distance
jasper,jasper,0.1,Python,,j/jasper/jasper.sh,https://github.com/tylerlaberge/Jasper
jasypt,jasypt,1.9.3,Java,,j/jasypt/jasypt.sh,https://svn.code.sf.net/p/jasypt/code/trunk
java-annotations,java-annotations,24.1.0,Java,,j/java-annotations/java-annotations-ubi_9.3.sh,https://github.com/JetBrains/java-annotations
java-common-protos,java-common-protos,2.3.2,Java,,j/java-common-protos/java-common-protos-ubuntu_18.04.sh,https://github.com/googleapis/java-common-protos
java-hll,java-hll,v1.6.0,Java,,j/java-hll/java-hll.sh,https://github.com/aggregateknowledge/java-hll.git
java-jwt,java-jwt,4.4.0,Java,,j/java-jwt/java-jwt.sh,https://github.com/auth0/java-jwt.git
java-jwt,PACKAGE_NAME,v1.0.0,Java,,j/java-jwt/java_jwt.sh,https://github.com/org/repo
java-jwt,java-jwt,3.10.1,Java,,j/java-jwt/java_jwt_rhel_7.6.sh,https://github.com/auth0/java-jwt
java-sdk-core,java-sdk-core,9.20.0,Java,,j/java-sdk-core/java-sdk-core.sh,https://github.com/IBM/java-sdk-core.git
java-statsd-client,java-statsd-client,v3.1.0,Java,,j/java-statsd-client/java-statsd-client.sh,https://github.com/tim-group/java-statsd-client.git
java-tracerresolver,opentracing-tracerresolver,0.1.8,Java,,j/java-tracerresolver/opentracing-tracerresolver.sh,https://github.com/opentracing-contrib/java-tracerresolver
java-uuid-generator,java-uuid-generator,java-uuid-generator-5.1.0,Java,,j/java-uuid-generator/java-uuid-generator.sh,https://github.com/cowtowncoder/java-uuid-generator
javabridge,conda.recipe,v1.0.0,Python,,j/javabridge/build.sh,https://github.com/org/repo
javabridge,javabridge,master,Python,,j/javabridge/javabridge.sh,https://github.com/LeeKamentsky/python-javabridge
javabridge,javabridge,1.0.0pr3,Python,,j/javabridge/javabridge_ubuntu_16.04.sh,https://github.com/LeeKamentsky/python-javabridge
javaewah,javaewah,JavaEWAH-1.2.3,Java,,j/javaewah/javaewah.sh,https://github.com/lemire/javaewah
javaparser-core,javaparser/javaparser-core,javaparser-parent-3.23.1,Java,,j/javaparser-core/javaparser-core.sh,https://github.com/javaparser/javaparser.git
javapoet,javapoet,javapoet-1.13.0,Java,,j/javapoet/javapoet.sh,https://github.com/square/javapoet.git
javapoet,javapoet,"1.8.0, 1.12.1",Java,,j/javapoet/javapoet_rhel_7.6.sh,https://github.com/square/javapoet
javascript-hooker,javascript-hooker,4b49d9e,Node,,j/javascript-hooker/javascript-hooker.sh,https://github.com/cowboy/javascript-hooker.git
javassist,javassist,rel_3_30_2_ga,Java,,j/javassist/javassist.sh,https://github.com/jboss-javassist/javassist
javassist,javassist,3.21.0-GA,Java,,j/javassist/javassist_rhel_7.6.sh,https://github.com/jboss-javassist/javassist
javassist,javassist,rel_3_29_2_ga,Java,,j/javassist/javassist_ubi_8.5.sh,https://github.com/jboss-javassist/javassist
javatuples,javatuples,javatuples-1.2,Java,,j/javatuples/javatuples.sh,https://github.com/javatuples/javatuples.git
javatuples,javatuples,1.2,Java,,j/javatuples/javatuples_rhel_7.6.sh,https://github.com/javatuples/javatuples
javax-inject,javax-inject,4.0.0,Java,,j/javax-inject/javax-inject.sh,https://github.com/javax-inject/javax-inject
javax.activation-api,javax.activation-api,1.2.0,Java,,j/javax.activation-api/javax.activation-api.sh,https://github.com/javaee/activation
javax.annotation-api,javax.annotation,1.3,Java,,j/javax.annotation-api/javax.annotation-api.sh,https://github.com/javaee/javax.annotation.git
javax.annotation-api,javax.annotation-api,1.2,Java,,j/javax.annotation-api/javax.annotation-api_rhel_7.6.sh,https://github.com/javaee/javax.annotation
javax.inject,javax.inject,2.4.0.b34,Java,,j/javax.inject/javax.inject.sh,https://github.com/javax-inject/javax-inject
javax.inject-1,javax.inject-1,1,Java,,j/javax.inject-1/javax.inject-1.sh,https://github.com/javax-inject/javax-inject
javax.interceptor,javax.interceptor,1.2.2,Java,,j/javax.interceptor/javax.interceptor.sh,https://github.com/javaee/javax.interceptor.git
javax.json,javax.json,1.1.2,Java,,j/javax.json/javax.json.sh,https://github.com/javaee/jsonp
javax.mail,javamail,JAVAMAIL-1_4_7,Java,,j/javax.mail/javax.mail_v1.4.7.sh,https://github.com/javaee/javamail.git
javax.persistence-api,javax.persistence-api,2.2,Java,,j/javax.persistence-api/javax.persistence-api.sh,https://github.com/javaee/jpa-spec
javax.servlet-api,javax.servlet-api,4.0.1,Java,,j/javax.servlet-api/javax.servlet-api.sh,https://github.com/javaee/servlet-spec
javax.transaction,javax.transaction,1.2,Java,,j/javax.transaction/javax.transaction.sh,https://github.com/javaee/javax.transaction.git
jax,jax,jax-v0.4.7,Python,,j/jax/jax.sh,https://github.com/jax-ml/jax
jaxb-api,PACKAGE_NAME,v1.0.0,Java,,j/jaxb-api/jakarta.xml.bind-api_4.0.0-RC2.sh,https://github.com/org/repo
jaxb-api,jaxb-api,4.0.0-RC2,Java,,j/jaxb-api/jakarta.xml.bind-api_4.0.0-RC2_ubi_8.3.sh,https://github.com/eclipse-ee4j/jaxb-api
jaxb-api,jaxb-api,4.0.2,Java,,j/jaxb-api/jaxb-api.sh,https://github.com/jakartaee/jaxb-api
jaxb-api,PACKAGE_NAME,v1.0.0,Java,,j/jaxb-api/jaxb_api.sh,https://github.com/org/repo
jaxb-api,jaxb-api,3.0.0-RC3,Java,,j/jaxb-api/jaxb_api_rhel_7.6.sh,https://github.com/eclipse-ee4j/jaxb-api
jaxb-istack-commons,jaxb-istack-commons,4.2.0,Java,,j/jaxb-istack-commons/jaxb-istack-commons.sh,https://github.com/eclipse-ee4j/jaxb-istack-commons.git
jaxb-ri,jaxb-ri,4.0.5,Java,,j/jaxb-ri/jaxb-core_4.0.5-RI.sh,https://github.com/eclipse-ee4j/${PACKAGE_NAME}.git
jaxb-ri,jaxb-ri,4.0.5-RI,Java,,j/jaxb-ri/jaxb-ri.sh,https://github.com/eclipse-ee4j/jaxb-ri
jaxb-ri,jaxb-ri,4.0.5-RI,Java,,j/jaxb-ri/jaxb-ri_ubi_9.3.sh,https://github.com/eclipse-ee4j/jaxb-ri
jaxlib,jax,jaxlib-v0.4.7,Python,,j/jaxlib/jaxlib.sh,https://github.com/jax-ml/jax
jayson,jayson,2.0.6,Node,,j/jayson/jayson.sh,https://github.com/tedeh/jayson
jbcrypt,jbcrypt,0.4,Java,,j/jbcrypt/jbcrypt.sh,https://github.com/jeremyh/jBCrypt
jbcrypt,jbcrypt,0.4,Java,,j/jbcrypt/jbcrypt_ubuntu_18.04.sh,https://github.com/jeremyh/jBCrypt
jboss-logging,jboss-logging,3.5.3.Final,Java,,j/jboss-logging/jboss-logging.sh,https://github.com/jboss-logging/jboss-logging.git
jboss-logging,jboss-logging,3.3.2,Java,,j/jboss-logging/jboss-logging_rhel_7.6.sh,https://github.com/jboss-logging/jboss-logging
jboss-marshalling,jboss-marshalling,2.2.1.Final,Java,,j/jboss-marshalling/jboss-marshalling.sh,https://github.com/jboss-remoting/jboss-marshalling.git
jboss-marshalling,jboss-marshalling,2.0.12.Final,Java,,j/jboss-marshalling/jboss-marshalling_ubuntu_20.04.sh,https://github.com/jboss-remoting/jboss-marshalling
jboss-transaction-api,jboss-transaction-api,1.1.1,Java,,j/jboss-transaction-api/jboss-transaction-api.sh,https://github.com/jboss/jboss-transaction-api_spec
jboss-transaction-api_1.2_spec,jboss-transaction-api_1.2_spec,1.1.1,Java,,j/jboss-transaction-api_1.2_spec/jboss-transaction-api_1.2_spec.sh,https://github.com/jboss/jboss-transaction-api_spec
jcabi-aspects,jcabi-aspects,0.23.2,Java,,j/jcabi-aspects/jcabi-aspects.sh,https://github.com/jcabi/jcabi-aspects.git
jcabi-log,jcabi-log,0.14,Java,,j/jcabi-log/jcabi-log.sh,https://github.com/jcabi/jcabi-log
jcabi-manifests,jcabi-manifests,1.1,Java,,j/jcabi-manifests/jcabi-manifests.sh,https://github.com/jcabi/jcabi-manifests
jcifs,jcifs,master,Java,,j/jcifs/jcifs.sh,https://github.com/codelibs/jcifs
jcip-annotations,jcip-annotations,jcip-annotations-1.0-1,Java,,j/jcip-annotations/jcip-annotations.sh,https://github.com/stephenc/jcip-annotations.git
jcip-annotations,PACKAGE_NAME,v1.0.0,Java,,j/jcip-annotations/jcip_annotations.sh,https://github.com/org/repo
jcip-annotations,jcip-annotations,1.0-1,Java,,j/jcip-annotations/jcip_annotations_rhel_7.6.sh,https://github.com/stephenc/jcip-annotations
jcl-over-slf4j,jcl-over-slf4j,1.7.21,Java,,j/jcl-over-slf4j/jcl_over_slf4j.sh,https://github.com/qos-ch/slf4j
jctools,JCTools,v4.0.5,Java,,j/jctools/jctools.sh,https://github.com/JCTools/JCTools.git
jdcal,jdcal,master,Python,,j/jdcal/jdcal.sh,https://github.com/phn/jdcal
jean85__pretty-package-versions,jean85/pretty-package-versions,2.0.1,PHP,,j/jean85__pretty-package-versions/jean85__pretty-package-versions.sh,https://github.com/Jean85/pretty-package-versions
jedi,PACKAGE_NAME,v1.0.0,Node,,j/jedi/jedi.sh,https://github.com/org/repo
jedi,jedi,master,Node,,j/jedi/jedi_rhel_7.6.sh,https://github.com/baixing/jedi.git
jedi,jedi,${1:-,Python,,j/jedi/jedi_v0.16.0.sh,https://github.com/davidhalter/jedi.git
jehiah__go-strftime,jehiah/go-strftime,1d33003b386959af197ba96475f198c114627b5e,Go,,j/jehiah__go-strftime/jehiah__go-strftime.sh,https://github.com/jehiah/go-strftime
jekyll,jekyll,v3.7.3,Ruby,,j/jekyll/jekyll.sh,https://github.com/jekyll/jekyll
jekyll-commonmark,jekyll-commonmark,v1.2.0,Ruby,,j/jekyll-commonmark/jekyll-commonmark.sh,https://github.com/jekyll/jekyll-commonmark.git
jekyll-seo-tag,jekyll-seo-tag,v2.4.0,Ruby,,j/jekyll-seo-tag/jekyll-seo-tag.sh,https://github.com/jekyll/jekyll-seo-tag
jekyll-sitemap,jekyll-sitemap,v1.2.0,Ruby,,j/jekyll-sitemap/jekyll-sitemap.sh,https://github.com/jekyll/jekyll-sitemap
jekyll-swiss,swiss,master,Ruby,,j/jekyll-swiss/jekyll-swiss.sh,https://github.com/broccolini/swiss.git
jekyll-theme-cayman,cayman,v0.1.1,Ruby,,j/jekyll-theme-cayman/jekyll-theme-cayman.sh,https://github.com/pages-themes/cayman
jekyll-theme-dinky,dinky,v0.1.1,Ruby,,j/jekyll-theme-dinky/jekyll-theme-dinky.sh,https://github.com/pages-themes/dinky
jekyll-theme-hacker,hacker,v0.1.1,Ruby,,j/jekyll-theme-hacker/jekyll-theme-hacker.sh,https://github.com/pages-themes/hacker
jekyll-theme-leap-day,leap-day,v0.1.1,Ruby,,j/jekyll-theme-leap-day/jekyll-theme-leap-day.sh,https://github.com/pages-themes/leap-day
jekyll-theme-midnight,midnight,v0.1.1,Ruby,,j/jekyll-theme-midnight/jekyll-theme-midnight.sh,https://github.com/pages-themes/midnight
jekyll-theme-minimal,minimal,v0.1.1,Ruby,,j/jekyll-theme-minimal/jekyll-theme-minimal.sh,https://github.com/pages-themes/minimal
jekyll-theme-modernist,modernist,v0.1.1,Ruby,,j/jekyll-theme-modernist/jekyll-theme-modernist.sh,https://github.com/pages-themes/modernist
jekyll-theme-primer,primer,v0.5.3,Ruby,,j/jekyll-theme-primer/jekyll-theme-primer.sh,https://github.com/pages-themes/primer
jekyll-theme-slate,slate,v0.1.1,Ruby,,j/jekyll-theme-slate/jekyll-theme-slate.sh,https://github.com/pages-themes/slate
jekyll-theme-tactile,tactile,v0.1.1,Ruby,,j/jekyll-theme-tactile/jekyll-theme-tactile.sh,https://github.com/pages-themes/tactile
jekyll-theme-time-machine,time-machine,v0.1.1,Ruby,,j/jekyll-theme-time-machine/jekyll-theme-time-machine.sh,https://github.com/pages-themes/time-machine
jena-base,jena-base,jena-4.9.0,Java,,j/jena-base/jena-base.sh,https://github.com/apache/jena.git
jena-core,jena-core,jena-4.9.0,Java,,j/jena-core/jena-core.sh,https://github.com/apache/jena.git
jena-core,jena-core,2.13.0,Java,,j/jena-core/jena-core_ubi_8.3.sh,https://github.com/apache/jena.git
jenkins,2.135,v1.0.0,Java,,j/jenkins/jenkins.sh,https://github.com/org/repo
jenkspy,jenkspy,0.4.1,Python,,j/jenkspy/jenkspy.sh,https://github.com/mthh/jenkspy
jersey,jersey,3.1.7,Java,,j/jersey/jersey.sh,https://github.com/eclipse-ee4j/jersey.git
jersey,jersey/core-server,3.1.8,Java,,j/jersey/jersey_core-server_3.1.8.sh,https://github.com/eclipse-ee4j/jersey.git
jersey,jersey/core-server,3.1.8,Java,,j/jersey/jersey_core-server_3.1.8_ubi9.3.sh,https://github.com/eclipse-ee4j/jersey.git
jersey,jersey,2.26,Java,,j/jersey/jersey_rhel_7.4.sh,https://github.com/jersey/jersey
jersey,jersey,2.26,Java,,j/jersey/jersey_ubuntu_16.04.sh,https://github.com/jersey/jersey
jersey-client,PACKAGE_NAME,v1.0.0,Java,,j/jersey-client/jersey-client.sh,https://github.com/org/repo
jersey-client,jersey-client,2.25.1,Java,,j/jersey-client/jersey-client_rhel_7.6.sh,https://github.com/jersey/jersey
jersey-client,jersey,3.1.8,Java,,j/jersey-client/jersey-client_v3.1.8.sh,https://github.com/eclipse-ee4j/jersey.git
jersey-common,jersey-common,"2.25.1, 2.27",Java,,j/jersey-common/jersey_common.sh,https://github.com/jersey/jersey
jersey-container-servlet,jersey,3.1.8,Java,,j/jersey-container-servlet/jersey-container-servlet_v3.1.8.sh,https://github.com/eclipse-ee4j/jersey.git
jersey-container-servlet-core,PACKAGE_NAME,v1.0.0,Java,,j/jersey-container-servlet-core/jersey-container-servlet-core.sh,https://github.com/org/repo
jersey-container-servlet-core,jersey-container-servlet-core,2.25.1,Java,,j/jersey-container-servlet-core/jersey-container-servlet-core_rhel_7.6.sh,https://github.com/jersey/jersey
jersey-container-servlet-core,jersey,3.1.8,Java,,j/jersey-container-servlet-core/jersey-container-servlet-core_v3.1.8.sh,https://github.com/eclipse-ee4j/jersey.git
jersey-hk2,jersey,3.1.8,Java,,j/jersey-hk2/jersey-hk2_v3.1.8.sh,https://github.com/eclipse-ee4j/jersey.git
jersey-media-jaxb,jersey,3.1.8,Java,,j/jersey-media-jaxb/jersey-media-jaxb_v3.1.8.sh,https://github.com/eclipse-ee4j/jersey.git
jersey-media-jaxb,PACKAGE_NAME,v1.0.0,Java,,j/jersey-media-jaxb/jersey_media_jaxb.sh,https://github.com/org/repo
jersey-media-jaxb,jersey-media-jaxb,"2.25.1, 2.27",Java,,j/jersey-media-jaxb/jersey_media_jaxb_rhel_7.6.sh,https://github.com/jersey/jersey
jersey-media-json-binding,jersey,3.1.8,Java,,j/jersey-media-json-binding/jersey-media-json-binding_v3.1.8.sh,https://github.com/eclipse-ee4j/jersey.git
jersey-media-multipart,jersey-media-multipart,"2.25.1, 2.27",Java,,j/jersey-media-multipart/jersey_media_multipart.sh,https://github.com/jersey/jersey
jersey-media-sse,jersey,3.1.8,Java,,j/jersey-media-sse/jersey-media-sse_v3.1.8.sh,https://github.com/eclipse-ee4j/jersey.git
jest,jestjs,v29.7.0,Node,Node:19,j/jest/jest.sh,https://github.com/jestjs/jest
jest-environment-jsdom-fourteen,jest-environment-jsdom-fourteen,1.0.1,Node,,j/jest-environment-jsdom-fourteen/jest-environment-jsdom-fourteen.sh,https://github.com/ianschmitz/jest-environment-jsdom-fourteen
jest-watch-typeahead,jest-watch-typeahead,0.4.2,Node,,j/jest-watch-typeahead/jest-watch-typeahead.sh,https://github.com/jest-community/jest-watch-typeahead
jetty,PACKAGE_NAME,v1.0.0,Java,,j/jetty/jetty-test-helper_5.3.sh,https://github.com/org/repo
jetty,jetty,jetty-test-helper-5.3,Java,,j/jetty/jetty-test-helper_5.3_ubi_8.4.sh,https://github.com/eclipse/jetty.toolchain
jetty,PACKAGE_NAME,v1.0.0,Java,,j/jetty/jetty.sh,https://github.com/org/repo
jetty,PACKAGE_NAME,jetty-11.0.12,Java,,j/jetty/jetty_11.0.12.sh,https://github.com/eclipse/jetty.project.git
jetty,jetty,jetty-11.0.12,Java,,j/jetty/jetty_11.0.12_ubi_8.5.sh,https://github.com/eclipse/jetty.project.git
jetty,jetty,jetty-12.0.3,Java,,j/jetty/jetty_12.0.3.sh,https://github.com/eclipse/jetty.project.git
jetty,PACKAGE_NAME,jetty-9.4.48.v20220622,Java,,j/jetty/jetty_9.4.48.sh,https://github.com/eclipse/jetty.project.git
jetty,jetty,jetty-9.4.48.v20220622,Java,,j/jetty/jetty_9.4.48_ubi_8.5.sh,https://github.com/eclipse/jetty.project.git
jetty,jetty,9.4.12,Java,,j/jetty/jetty_rhel_7.4.sh,https://github.com/eclipse/jetty.project.git
jffi,jffi,jffi-1.3.10,Java,,j/jffi/jffi.sh,https://github.com/jnr/jffi
jffi,jffi,1.2.16,Java,,j/jffi/jffi_rhel_7.6.sh,https://github.com/jnr/jffi
jforests,jforests,0.5,Java,,j/jforests/jforests.sh,https://github.com/yasserg/jforests
jforests,jforests,0.5,Java,,j/jforests/jforests_ubuntu_16.04.sh,https://github.com/yasserg/jforests
jgrapht,jgrapht,jgrapht-1.5.2,Java,,j/jgrapht/jgrapht.sh,https://github.com/jgrapht/jgrapht
jgrapht,jgrapht,1.1.0,Java,,j/jgrapht/jgrapht_rhel_7.4.sh,https://github.com/jgrapht/jgrapht
jgrapht,jgrapht,jgrapht-1.5.1,Java,,j/jgrapht/jgrapht_ubi_8_7.sh,https://github.com/jgrapht/jgrapht
jheaps,jheaps,jheaps-0.13,Java,,j/jheaps/jheaps.sh,https://github.com/d-michail/jheaps.git
jheaps,jheaps,0.11,Java,,j/jheaps/jheaps_rhel_8.3.sh,https://github.com/d-michail/jheaps/tree/jheaps-0.11
jimfs,jimfs,v1.3.0,Java,,j/jimfs/jimfs.sh,https://github.com/google/jimfs
jinzhu__inflection,jinzhu/inflection,1c35d901db3da928c72a72d8458480cc9ade058f,Go,,j/jinzhu__inflection/jinzhu__inflection.sh,https://github.com/jinzhu/inflection
jjwt,jjwt,f6d0679,Java,,j/jjwt/jjwt.sh,https://github.com/jwtk/jjwt
jline,jline,3.14.0,Java,,j/jline/jline.sh,https://github.com/jline/jline3
jline,jline,NA,Node,,j/jline/jline_ubuntu_18.04.sh,https://github.com/bitdivine/jline.git
jmespath-java,jmespath-java,1.11.759,Java,,j/jmespath-java/jmespath_java.sh,https://github.com/aws/aws-sdk-java
jmespath__go-jmespath,jmespath/go-jmespath,0b12d6b5,Go,,j/jmespath__go-jmespath/jmespath__go-jmespath.sh,https://github.com/jmespath/go-jmespath
jmoiron__jsonq,jmoiron/jsonq,e874b168d07ecc7808bc950a17998a8aa3141d82,Go,,j/jmoiron__jsonq/jmoiron__jsonq.sh,https://github.com/jmoiron/jsonq
jmx_prometheus_javaagent,jmx_prometheus_javaagent,parent-0.14.0,Java,,j/jmx_prometheus_javaagent/jmx_prometheus_javaagent.sh,https://github.com/prometheus/jmx_exporter.git
jmxtrans,jmxtrans,jmxtrans-parent-272,Java,,j/jmxtrans/jmxtrans.sh,https://github.com/jmxtrans/jmxtrans.git
jnr-constants,jnr-constants,jnr-constants-0.10.4,Java,,j/jnr-constants/jnr-constants.sh,https://github.com/jnr/jnr-constants
jnr-constants,jnr-constants,"0.9.9, 0.9.15",Java,,j/jnr-constants/jnr-constants_rhel_7.6.sh,https://github.com/jnr/jnr-constants
jnr-ffi,jnr-ffi,jnr-ffi-2.2.13,Java,,j/jnr-ffi/jnr-ffi.sh,https://github.com/jnr/jnr-ffi
jnr-ffi,jnr-ffi,2.1.13,Java,,j/jnr-ffi/jnr-ffi_rhel_7.6.sh,https://github.com/jnr/jnr-ffi
jnr-posix,jnr-posix,jnr-posix-3.1.19,Java,,j/jnr-posix/jnr-posix.sh,https://github.com/jnr/jnr-posix.git
jnr-posix,jnr-posix,jnr-posix-3.1.16,Java,,j/jnr-posix/jnr-posix_ubi_8.7.sh,https://github.com/jnr/jnr-posix.git
jnr-x86asm,jnr-x86asm,1.0.2,Java,,j/jnr-x86asm/jnr_x86asm.sh,https://github.com/jnr/jnr-x86asm
joda-convert,joda-convert,v2.2.3,Java,,j/joda-convert/joda-convert.sh,https://github.com/JodaOrg/joda-convert
joda-time,joda-time,v2.12.7,Java,,j/joda-time/joda-time.sh,https://github.com/JodaOrg/joda-time.git
joda-time,joda-time,v2.12.1,Java,,j/joda-time/joda_time.sh,https://github.com/JodaOrg/joda-time
joda-time,joda-time,"2.8.1, 2.10.5",Java,,j/joda-time/joda_time_rhel_7.6.sh,https://github.com/JodaOrg/joda-time
joda-time,joda-time,v2.12.1,Java,,j/joda-time/joda_time_ubi_8.5.sh,https://github.com/JodaOrg/joda-time
jodid25519,jodid25519,0.7.1,Node,,j/jodid25519/jodid25519.sh,https://github.com/meganz/jodid25519
joi,joi,v15.1.1,Node,,j/joi/joi.sh,https://github.com/sideway/joi.git
jonboulle__clockwork,jonboulle/clockwork,72f9bd7c4e0c2a40055ab3d0f09654f730cce982,Go,,j/jonboulle__clockwork/jonboulle__clockwork.sh,https://github.com/jonboulle/clockwork
jopt-simple,jopt-simple,5.0.2,Java,,j/jopt-simple/jopt-simple.sh,https://github.com/jopt-simple/jopt-simple
jotted,jotted,master,Node,,j/jotted/jotted.sh,https://github.com/ghinda/jotted.git
jotted,jotted,master,Node,,j/jotted/jotted_ubuntu_16.04.sh,https://github.com/ghinda/jotted.git
journalbeat,journalbeat,master,Go,,j/journalbeat/journalbeat.sh,https://github.com/mheese/journalbeat
jpam,jpam,1.1,Java,,j/jpam/jpam.sh,https://github.com/gregrluck/jpam
jpmml-model,jpmml-model,1.6.4,Java,,j/jpmml-model/jpmml-model.sh,https://github.com/jpmml/jpmml-model
jpmml-model,PACKAGE_NAME,v1.0.0,Java,,j/jpmml-model/jpmml_model.sh,https://github.com/org/repo
jpmml-model,jpmml-model,1.3.9,Java,,j/jpmml-model/jpmml_model_rhel_7.3.sh,https://github.com/jpmml/jpmml-model
jpmml-model,jpmml-model,1.3.9,Java,,j/jpmml-model/jpmml_model_ubuntu_16.04.sh,https://github.com/jpmml/jpmml-model
jpmml_model,jpmml_model,1.3.9,Java,,j/jpmml_model/jpmml_model.sh,https://github.com/jpmml/jpmml-model
jpmml_model,jpmml_model,1.3.9,Java,,j/jpmml_model/jpmml_model_ubuntu_16.04.sh,https://github.com/jpmml/jpmml-model
jpype,jpype,v1.5.0,Python,,j/jpype/jpype.sh,https://github.com/jpype-project/jpype.git
jqtree,jqTree,1.8.7,Node,Node:20,j/jqtree/jqtree.sh,https://github.com/mbraak/jqTree.git
jquery,PACKAGE_NAME,v1.0.0,Node,,j/jquery/jquery.sh,https://github.com/org/repo
jquery,PACKAGE_NAME,3.5.1,Node,,j/jquery/jquery_3.4.0_3.4.1_3.5.1.sh,https://github.com/org/repo
jquery,jquery,3.5.1,Node,,j/jquery/jquery_3.4.0_3.4.1_3.5.1_ubi_8.3.sh,https://github.com/jquery/jquery.git
jquery,PACKAGE_NAME,3.6.0,Node,,j/jquery/jquery_3.6.0.sh,https://github.com/org/repo
jquery,jquery,3.6.0,Node,,j/jquery/jquery_3.6.0_ubi_8.3.sh,https://github.com/jquery/jquery.git
jquery,jquery,2.2.4,Node,,j/jquery/jquery_rhel_8.3.sh,https://github.com/jquery/jquery
jquery,jquery,3.4.0,Node,,j/jquery/jquery_ubi_8.0.sh,https://github.com/jquery/jquery
jquery,jquery,3.6.0,Node,,j/jquery/jquery_v3.4.0_v3.4.1_v3.5.1_v3.6.0.sh,https://github.com/jquery/jquery.git
jquery,jquery,3.6.0,Node,,j/jquery/jquery_v3.4.0_v3.4.1_v3.5.1_v3.6.0_ubuntu_18.04.sh,https://github.com/jquery/jquery.git
jquery,jquery,3.7.1,Node,,j/jquery/jquery_v3.7.1.sh,https://github.com/jquery/jquery.git
jquery-bar-rating,jquery-bar-rating,v1.2.2,Node,,j/jquery-bar-rating/jquery-bar-rating.sh,https://github.com/antennaio/jquery-bar-rating.git
jquery-labelauty,jquery-labelauty,v1.1.4,Node,,j/jquery-labelauty/jquery-labelauty_v1.1.4.sh,https://github.com/fntneves/jquery-labelauty
jquery-mousewheel,jquery-mousewheel,3.1.11,Node,,j/jquery-mousewheel/jquery-mousewheel.sh,https://github.com/jquery/jquery-mousewheel.git
jquery-once,jquery-once,2.3.0,Node,Node:20,j/jquery-once/jquery-once.sh,https://github.com/RobLoach/jquery-once
jquery-ui,jquery-ui,1.13.2,Java,,j/jquery-ui/jquery-ui.sh,https://github.com/jquery/jquery-ui
jquery-ui,jquery-ui,${1:-,Node,,j/jquery-ui/jquery-ui_ubi_8_7.sh,https://github.com/jquery/jquery-ui
jquery-ui,jquery-ui,1.12.1,Node,,j/jquery-ui/jquery-ui_ubuntu_18.04.sh,https://github.com/jquery/jquery-ui
jquery-ui,jquery-ui,1.14.1,Node,,j/jquery-ui/jquery-ui_v1.14.1.sh,https://github.com/jquery/jquery-ui
jquery.i18n,jquery.i18n,master,Node,,j/jquery.i18n/jquery.i18n-master.sh,https://github.com/wikimedia/jquery.i18n.git
jquery.i18n,jquery.i18n,v1.0.7,Node,,j/jquery.i18n/jquery.i18n_v1.0.7.sh,https://github.com/wikimedia/jquery.i18n.git
jquery.i18n,jquery.i18n,v1.0.7,Node,,j/jquery.i18n/jquery.i18n_v1.0.7_ubuntu_18.04.sh,https://github.com/wikimedia/jquery.i18n.git
jregex,jregex,1.2_01,Java,,j/jregex/jregex.sh,https://github.com/eropple/jregex.git
jruby,jruby,9.4.3.0,Ruby,,j/jruby/jruby.sh,https://github.com/jruby/jruby.git
js-cookie,js-cookie,${1:-,Node,,j/js-cookie/js-cookie.sh,https://github.com/js-cookie/js-cookie
js-cookie,js-cookie,v3.0.0,Node,,j/js-cookie/js-cookie_ubi_8.5.sh,https://github.com/js-cookie/js-cookie.git
js-cookie,js-cookie,${1:-,Node,,j/js-cookie/js-cookie_ubi_8_7.sh,https://github.com/js-cookie/js-cookie
js-file-download,js-file-download,0.3.2,Node,,j/js-file-download/js-file-download.sh,https://github.com/kennethjiang/js-file-download.git
js-tokens,js-tokens,v8.0.2,Node,Node:16,j/js-tokens/js-tokens.sh,https://github.com/lydell/js-tokens
js-tokens,js-tokens,4.0.0,Node,,j/js-tokens/js-tokens_ubuntu_18.04.sh,https://github.com/lydell/js-tokens
js-yaml,js-yaml,4.1.0,Node,Node:16,j/js-yaml/js-yaml.sh,https://github.com/nodeca/js-yaml
js-yaml,js-yaml,4.0.0,Node,,j/js-yaml/js-yaml_rhel_8.3.sh,https://github.com/nodeca/js-yaml
jsap,jsap,2.1,Java,,j/jsap/jsap.sh,https://sourceforge.net/projects/jsap/files/jsap/2.1/
jsbi,jsbi,3.1.4,Node,,j/jsbi/jsbi.sh,https://github.com/GoogleChromeLabs/jsbi
jsbn,jsbn,v1.1.0,Node,Node:v12.22.4,j/jsbn/jsbn.sh,https://github.com/andyperlitch/jsbn
jsbn,jsbn,master,Node,,j/jsbn/jsbn_ubi_8.sh,https://github.com/andyperlitch/jsbn
jsdiff,jsdiff,v4.0.1,Node,,j/jsdiff/jsdiff.sh,https://github.com/kpdecker/jsdiff
jsdoc,jsdoc,3.5.5,Node,,j/jsdoc/jsdoc.sh,https://github.com/jsdoc3/jsdoc.git
jsdoctypeparser,jsdoctypeparser,1.2.0,Node,,j/jsdoctypeparser/jsdoctypeparser.sh,https://github.com/jsdoctypeparser/jsdoctypeparser
jsdom,jsdom,24.0.0,Node,Node:v18.19.0,j/jsdom/jsdom.sh,https://github.com/jsdom/jsdom
jsdom,jsdom,9.11.0,Node,,j/jsdom/jsdom_rhel_7.6.sh,https://github.com/jsdom/jsdom.git
jsdump,jsdump,NA,Node,,j/jsdump/jsdump.sh,https://github.com/NV/jsDump.git
jsep,jsep,${1:-,Node,,j/jsep/jsep.sh,https://github.com/EricSmekens/jsep
jsesc,jsesc,0.5.0,Node,,j/jsesc/jsesc.sh,https://github.com/mathiasbynens/jsesc
jslitmus-js,jslitmus-js,NA,Node,,j/jslitmus-js/jslitmus-js.sh,https://github.com/broofa/jslitmus
json-base,json-base,json-base-2.4.3,Java,,j/json-base/json-base.sh,https://github.com/wnameless/json-base.git
json-bigint,json-bigint,1.0.0,Node,,j/json-bigint/json-bigint.sh,https://github.com/sidorares/json-bigint
json-buffer,json-buffer,3.0.1,Node,,j/json-buffer/json-buffer.sh,https://github.com/dominictarr/json-buffer
json-content-demux,json-content-demux,0.2.0,Node,,j/json-content-demux/json-content-demux.sh,https://github.com/twolfson/json-content-demux
json-editor,json-editor,0.7.28,Node,,j/json-editor/json-editor.sh,https://github.com/jdorn/json-editor
json-flattener,json-flattener,json-flattener-0.16.6,Java,,j/json-flattener/json-flattener.sh,https://github.com/wnameless/json-flattener.git
json-flattener,json-flattener,"0.4.0, 0.8.1",Java,,j/json-flattener/json-flattener_rhel_7.6.sh,https://github.com/wnameless/json-flattener
json-formatter-js,json-formatter-js,2.3.4,Node,,j/json-formatter-js/json-formatter-js.sh,https://github.com/mohsen1/json-formatter-js
json-iterator__go,json-iterator/go,f2b4162afba35581b6d4a50d3b8f34e33c144682,Go,,j/json-iterator__go/json-iterator__go.sh,https://github.com/json-iterator/go
json-java,JSON-java,20231013,Java,,j/json-java/json-java.sh,https://github.com/stleary/JSON-java.git
json-parse-better-errors,json-parse-better-errors,1.0.1,Node,,j/json-parse-better-errors/json-parse-better-errors.sh,https://github.com/zkat/json-parse-better-errors
json-parse-even-better-errors,json-parse-even-better-errors,2.3.1,Node,,j/json-parse-even-better-errors/json-parse-even-better-errors.sh,https://github.com/npm/json-parse-even-better-errors
json-patch,json-patch,1.12,Java,,j/json-patch/json_patch.sh,https://github.com/java-json-tools/json-patch
json-path,JsonPath,json-path-2.9.0,Java,,j/json-path/json-path.sh,https://github.com/json-path/JsonPath
json-path,json-path,master (commit id #1ed1ea0),Java,,j/json-path/json-path_rhel_7.6.sh,https://github.com/json-path/JsonPath
json-sanitizer,json-sanitizer,1.2.1,Java,,j/json-sanitizer/json-sanitizer.sh,https://github.com/OWASP/json-sanitizer
json-schema,json-schema,0.2.3,Node,,j/json-schema/json-schema.sh,https://github.com/kriszyp/json-schema.git
json-schema-faker,json-schema-faker,v0.5.0-rcv.40,Node,,j/json-schema-faker/json-schema-faker.sh,https://github.com/json-schema-faker/json-schema-faker
json-schema-traverse,json-schema-traverse,1.0.0,Node,,j/json-schema-traverse/json-schema-traverse.sh,https://github.com/epoberezkin/json-schema-traverse
json-schema-view-js,json-schema-view-js,v2.0.1,Node,,j/json-schema-view-js/json-schema-view-js.sh,https://github.com/mohsen1/json-schema-view-js
json-simple,json-simple,1.1.1,Java,,j/json-simple/json-simple.sh,https://github.com/fangyidong/json-simple
json-simple,json-simple,1.1.1,Java,,j/json-simple/json-simple_ubuntu_16.04.sh,https://github.com/fangyidong/json-simple
json-smart,json-smart,2.5.1,Java,,j/json-smart/json-smart.sh,https://github.com/netplex/json-smart-v2
json-smart,json-smart,2.2,Java,,j/json-smart/json-smart_rhel_7.3.sh,https://github.com/netplex/json-smart-v2
json-smart,json-smart,2.2,Java,,j/json-smart/json-smart_ubuntu_16.04.sh,https://github.com/netplex/json-smart-v2
json-stable-stringify,json-stable-stringify,1.0.1,Node,,j/json-stable-stringify/json-stable-stringify.sh,https://github.com/substack/json-stable-stringify
json-stable-stringify-without-jsonify,json-stable-stringify-without-jsonify,1.0.1,Node,,j/json-stable-stringify-without-jsonify/json-stable-stringify-without-jsonify.sh,https://github.com/samn/json-stable-stringify
json-to-ast,json-to-ast,2.1.0,Node,,j/json-to-ast/json-to-ast.sh,https://github.com/vtrushin/json-to-ast
json3,json3,3.3.3,Node,,j/json3/json3.sh,https://github.com/bestiejs/json3
json4s,PACKAGE_NAME,v1.0.0,Java,,j/json4s/json4s.sh,https://github.com/org/repo
json4s,json4s,3.6,Java,,j/json4s/json4s_rhel_7.3.sh,https://github.com/json4s/json4s
json4s,json4s,3.6,Java,,j/json4s/json4s_ubuntu_16.04.sh,https://github.com/json4s/json4s
jsonassert,JSONassert,jsonassert-2.0-rc1,Java,,j/jsonassert/jsonassert.sh,https://github.com/skyscreamer/JSONassert.git
jsonata,jsonata,1.6.5,Node,,j/jsonata/jsonata.sh,https://github.com/jsonata-js/jsonata
jsonata4java,JSONata4Java,f0fdbeb,Java,,j/jsonata4java/jsonata4java.sh,https://github.com/IBM/JSONata4Java.git
jsonb-api,jsonb-api,3.0.1,Java,,j/jsonb-api/jsonb-api-3.0.1-ubi9.3.sh,https://github.com/jakartaee/jsonb-api.git
jsoncpp,jsoncpp,1.8.4,Python,,j/jsoncpp/jsoncpp.sh,https://github.com/open-source-parsers/jsoncpp.git
jsoncpp,jsoncpp,1.8.4,Python,,j/jsoncpp/jsoncpp_ubuntu_16.04.sh,https://github.com/open-source-parsers/jsoncpp.git
jsonfile,jsonfile,6.1.0,Node,,j/jsonfile/jsonfile.sh,https://github.com/jprichardson/node-jsonfile
jsonfile-updater,jsonfile-updater,2.1.0,Node,,j/jsonfile-updater/jsonfile-updater.sh,https://github.com/hacksparrow/jsonfile-updater.git
jsonfile-updater,jsonfile-updater,3.1.0,Node,,j/jsonfile-updater/jsonfile-updater_rhel_8.3.sh,https://github.com/hacksparrow/jsonfile-updater
jsonify,jsonify,0.0.0,Node,,j/jsonify/jsonify.sh,https://github.com/substack/jsonify
jsonld-java,jsonld-java,v0.13.6,Java,,j/jsonld-java/jsonld-java.sh,https://github.com/jsonld-java/jsonld-java.git
jsonp,jsonp,1.1.4-RELEASE,Java,,j/jsonp/jsonp.sh,https://github.com/javaee/jsonp.git
jsonp-api,jsonp-api,2.0.1-RELEASE,Java,,j/jsonp-api/jsonp-api.sh,https://github.com/jakartaee/jsonp-api.git
jsonp-api,jsonp-api,2.1.3-RELEASE,Java,,j/jsonp-api/jsonp-api_2.1.3-RELEASE.sh,https://github.com/jakartaee/${PACKAGE_NAME}.git
jsonp-api,jsonp-api,2.0.1-RELEASE,Java,,j/jsonp-api/jsonp-api_ubi_9.3.sh,https://github.com/jakartaee/jsonp-api.git
jsonparse,jsonparse,1.3.1,Node,,j/jsonparse/jsonparse.sh,https://github.com/creationix/jsonparse
jsonparse,jsonparse,1.3.1,Node,,j/jsonparse/jsonparse_ubuntu_18.04.sh,https://github.com/creationix/jsonparse.git
jsonpatch,jsonpatch,81af80346b1a,Go,,j/jsonpatch/jsonpatch.sh,https://github.com/mattbaird/jsonpatch.git
jsonpath,jsonpath,1.1.0,Node,,j/jsonpath/jsonpath.sh,https://github.com/dchester/jsonpath
jsonpath-plus,jsonpath-plus,4.0.0,Node,,j/jsonpath-plus/jsonpath-plus.sh,https://github.com/s3u/JSONPath
jsonpointer,github.com/go-openapi/jsonpointer,v0.19.3,Go,,j/jsonpointer/github.com__go-openapi__jsonpointer.sh,https://github.com/go-openapi/jsonpointer
jsonpointer,github.com/go-openapi/jsonpointer,v0.19.3,Go,,j/jsonpointer/github.com__go-openapi__jsonpointer_rhel_8.3.sh,https://github.com/go-openapi/jsonpointer
jsonpointer,go-openapi/jsonpointer,46af16f9f7b149af66e5d1bd010e3574dc06de98,Go,,j/jsonpointer/go-openapi__jsonpointer.sh,https://github.com/go-openapi/jsonpointer
jsonpointer,go-openapi/jsonpointer,46af16f9f7b149af66e5d1bd010e3574dc06de98,Go,,j/jsonpointer/go-openapi__jsonpointer_rhel_8.3.sh,https://github.com/go-openapi/jsonpointer
jsonpointer,jsonpointer,46af16f9f7b149af66e5d1bd010e3574dc06de98,Go,,j/jsonpointer/go-openapi_jsonpointer.sh,https://github.com/go-openapi/jsonpointer
jsonpointer,jsonpointer,46af16f9f7b149af66e5d1bd010e3574dc06de98,Go,,j/jsonpointer/go-openapi_jsonpointer_ubi_8.5.sh,https://github.com/go-openapi/jsonpointer
jsonpointer,jsonpointer,v0.20.0,Go,Go:1.20.1,j/jsonpointer/jsonpointer.sh,https://github.com/go-openapi/jsonpointer
jsonreference,github.com/go-openapi/jsonreference,v0.19.3,Go,,j/jsonreference/github.com__go-openapi__jsonreference.sh,https://github.com/go-openapi/jsonreference
jsonreference,github.com/go-openapi/jsonreference,v0.19.3,Go,,j/jsonreference/github.com__go-openapi__jsonreference_rhel_8.3.sh,https://github.com/go-openapi/jsonreference
jsonreference,go-openapi/jsonreference,13c6e3589ad90f49bd3e3bbe2c2cb3d7a4142272,Go,,j/jsonreference/go-openapi__jsonreference.sh,https://github.com/go-openapi/jsonreference
jsonreference,go-openapi/jsonreference,13c6e3589ad90f49bd3e3bbe2c2cb3d7a4142272,Go,,j/jsonreference/go-openapi__jsonreference_rhel_8.3.sh,https://github.com/go-openapi/jsonreference
jsonreference,jsonreference,v0.20.2,Go,Go:1.20.1,j/jsonreference/jsonreference.sh,https://github.com/go-openapi/jsonreference
jsonschema,jsonschema,2.9.4,Java,,j/jsonschema/jsonschema.sh,https://github.com/FasterXML/jackson-module-jsonSchema
jsonschema-specifications,jsonschema-specifications,v2024.10.1,Python,,j/jsonschema-specifications/jsonschema-specifications.sh,https://github.com/python-jsonschema/jsonschema-specifications
jsonstream,jsonstream,1.3.3,Node,,j/jsonstream/jsonstream.sh,https://github.com/dominictarr/JSONStream.git
jsonstreamingparser,salsify/json-streaming-parser,v8.2.0,PHP,,j/jsonstreamingparser/jsonstreamingparser.sh,https://github.com/salsify/jsonstreamingparser.git
jsr-305,jsr-305,v1.0.0,Java,,j/jsr-305/jsr-305.sh,https://github.com/amaembo/jsr-305
jsr305,jsr305,3.0.2,Java,,j/jsr305/jsr305_3.0.2.sh,https://github.com/org/repo
jsr305,jar305,3.0.2,Java,,j/jsr305/jsr305_3.0.2_ubuntu_18.04.sh,https://repo1.maven.org/maven2/com/google/code/findbugs/jsr305/3.0.2/jsr305-3.0.2-sources.jar
jss-plugin-camel-case,jss-plugin-camel-case,v10.9.0,Node,,j/jss-plugin-camel-case/jss-plugin-camel-case.sh,https://github.com/cssinjs/jss
jss-plugin-compose,jss-plugin-compose,v10.9.0,Node,,j/jss-plugin-compose/jss-plugin-compose.sh,https://github.com/cssinjs/jss
jss-plugin-default-unit,jss-plugin-default-unit,v10.9.0,Node,,j/jss-plugin-default-unit/jss-plugin-default-unit.sh,https://github.com/cssinjs/jss
jss-plugin-global,jss-plugin-global,v10.9.0,Node,,j/jss-plugin-global/jss-plugin-global.sh,https://github.com/cssinjs/jss
jss-plugin-nested,jss-plugin-nested,v10.9.0,Node,,j/jss-plugin-nested/jss-plugin-nested.sh,https://github.com/cssinjs/jss
jss-plugin-props-sort,jss-plugin-props-sort,v10.9.0,Node,,j/jss-plugin-props-sort/jss-plugin-props-sort-ubi_8.5.sh,https://github.com/cssinjs/jss
jss-plugin-template,jss-plugin-template,v10.9.0,Node,,j/jss-plugin-template/jss-plugin-template.sh,https://github.com/cssinjs/jss
jss-plugin-vendor-prefixer,jss-plugin-vendor-prefixer,v10.9.0,Node,,j/jss-plugin-vendor-prefixer/jss-plugin-vendor-prefixer.sh,https://github.com/cssinjs/jss
jstransformer,jstransformer,1.0.0,Node,,j/jstransformer/jstransformer.sh,https://github.com/jstransformers/jstransformer.git
jszip,jszip,3.3.0,Node,,j/jszip/jszip.sh,https://github.com/Stuk/jszip
jteeuwen__go-bindata,jteeuwen__go-bindata,v3.0.7,Go,,j/jteeuwen__go-bindata/go-bindata.sh,https://github.com/jteeuwen/go-bindata
jteeuwen__go-bindata,jteeuwen/go-bindata,3.0.7,Go,,j/jteeuwen__go-bindata/jteeuwen__go-bindata.sh,https://github.com/jteeuwen/go-bindata
jteeuwen__go-bindata,jteeuwen/go-bindata,3.0.7,Go,,j/jteeuwen__go-bindata/jteeuwen__go-bindata_rhel_8.3.sh,https://github.com/jteeuwen/go-bindata
jts,jts,1.17.0,Java,,j/jts/jts.sh,https://github.com/locationtech/jts.git
jul-to-slf4j,jul-to-slf4j,"1.7.30, 2.0.0-alpha1",Java,,j/jul-to-slf4j/jul_to_slf4j.sh,https://github.com/qos-ch/slf4j
jung,jung,2.1.1,Java,,j/jung/jung.sh,https://github.com/jrtom/jung
junit,junit,5.6.1,Java,,j/junit/junit.sh,https://github.com/junit-team/junit5
junit-jupiter-api,junit-jupiter-api,5.6.1,Java,,j/junit-jupiter-api/junit_jupiter_api.sh,https://github.com/junit-team/junit5
junit4,junit4,r4.13.2,Java,,j/junit4/junit4.sh,https://github.com/junit-team/junit4.git
junk,junk,v4.0.1,Node,Node:16,j/junk/junk.sh,https://github.com/sindresorhus/junk
junk,junk,3.0.0,Node,,j/junk/junk_rhel_8.3.sh,https://github.com/sindresorhus/junk
jupyter,jupyter,v1.1.1,Python,,j/jupyter/jupyter.sh,https://github.com/jupyter/jupyter
jupyter,jupyter,1.0.0,Python,,j/jupyter/jupyter_rhel_7.3.sh,https://github.com/jupyter/jupyter
jupyter,jupyter,1.0.0,Python,,j/jupyter/jupyter_ubuntu_16.04.sh,https://github.com/jupyter/jupyter
jupyter-base-notebook,v5.7.2,v1.0.0,Java,,j/jupyter-base-notebook/start.sh,https://github.com/org/repo
jupyter_client,jupyter_client,v8.6.0,Python,,j/jupyter_client/jupyter_client.sh,https://github.com/jupyter/jupyter_client
jupyter_core,jupyter_core,v5.8.1,Python,,j/jupyter_core/jupyter_core.sh,https://github.com/jupyter/jupyter_core.git
jupyter_core,jupyter_core,v5.5.0,Python,,j/jupyter_core/jupyter_core_ubi_8.7.sh,https://github.com/jupyter/jupyter_core.git
justinrainbow__json-schema,justinrainbow/json-schema,5.2.10,PHP,,j/justinrainbow__json-schema/justinrainbow__json-schema.sh,https://github.com/justinrainbow/json-schema
justinrainbow__json-schema,justinrainbow/json-schema,5.2.10,PHP,,j/justinrainbow__json-schema/justinrainbow__json-schema_rhel_8.3.sh,https://github.com/justinrainbow/json-schema
justinrainbow__json-schema,json-schema,5.2.9,PHP,,j/justinrainbow__json-schema/justinrainbow_json-schema.sh,https://github.com/justinrainbow/json-schema.git
jwa,jwa,2.0.0,Node,,j/jwa/jwa.sh,https://github.com/brianloveswords/node-jwa
jwks-rsa,jwks-rsa,0.1.0,Java,,j/jwks-rsa/jwks-rsa.sh,https://github.com/auth0/jwks-rsa-java
jwks-rsa-java,jwks-rsa-java,0.22.1,Java,,j/jwks-rsa-java/jwks-rsa-java.sh,https://github.com/auth0/jwks-rsa-java
jwks-rsa-java,PACKAGE_NAME,v1.0.0,Java,,j/jwks-rsa-java/jwks-rsa.sh,https://github.com/org/repo
jwks-rsa-java,jwks-rsa-java,0.1.0,Java,,j/jwks-rsa-java/jwks-rsa_rhel_7.6.sh,https://github.com/auth0/jwks-rsa-java
jws,jws,4.0.0,Node,,j/jws/jws.sh,https://github.com/brianloveswords/node-jws
jws-operator,jws-operator,1.0.0,Go,,j/jws-operator/jws-operator.sh,https://github.com/web-servers/jws-operator
jwt-decode,jwt-decode,2.2.0,Node,,j/jwt-decode/jwt-decode.sh,https://github.com/auth0/jwt-decode.git
jwt-go,github.com/dgrijalva/jwt-go,v1.0.2,Go,,j/jwt-go/jwt-go.sh,https://github.com/dgrijalva/jwt-go
jwt-node,jwt-node,master,Node,,j/jwt-node/jwt-node.sh,https://github.com/mattrobenolt/jwt-node.git
jwt-utils,jwt-utils,0.2.5,Java,,j/jwt-utils/jwt-utils.sh,https://github.com/auth0/java-jwt
k8s.io__api,k8s.io/api,v0.20.2,Go,,k/k8s.io__api/k8s.io__api.sh,https://github.com/kubernetes/api
kabanero-command-line,kabanero-command-line,vlatest,Go,,k/kabanero-command-line/kabanero-command-line-rhel_7.6.sh,https://github.com/kabanero-io/kabanero-command-line
kafka,kafka,${1:-,Java,,k/kafka/kafka.sh,https://github.com/apache/kafka
kafka,PACKAGE_NAME,v1.0.0,Java,,k/kafka/kafka2.sh,https://github.com/org/repo
kafka,kafka,2.1,Java,,k/kafka/kafka2_sles12_sp2.sh,https://github.com/apache/kafka
kafka,kafka,2.1,Java,,k/kafka/kafka2_ubuntu_16.04.sh,https://github.com/apache/kafka
kafka,PACKAGE_NAME,v1.0.0,Java,,k/kafka/kafka_2.6.0.sh,https://github.com/org/repo
kafka,kafka,2.6.0,Java,,k/kafka/kafka_2.6.0_ubi_8.2.sh,https://github.com/apache/kafka
kafka,kafka,2.2.0,Java,,k/kafka/kafka_rhel7.6.sh,https://github.com/apache/kafka
kafka,kafka,1.1.0,Java,,k/kafka/kafka_rhel_7.4.sh,https://github.com/apache/kafka
kafka,kafka,2.7.0,Java,,k/kafka/kafka_ubi_8.4.sh,https://github.com/apache/kafka
kafka,kafka,${1:-,Java,,k/kafka/kafka_ubi_8.5.sh,https://github.com/apache/kafka
kafka,kafka,1.1.0,Java,,k/kafka/kafka_ubuntu_16.04.sh,https://github.com/apache/kafka
kafka-clients,kafka-clients,3.0.0,Java,,k/kafka-clients/kafka-clients_3.0.0.sh,https://github.com/apache/kafka
kafka-clients,kafka-clients,3.0.0,Java,,k/kafka-clients/kafka-clients_v3.0.0_ubuntu_18.04.sh.sh,https://github.com/apache/kafka
kafka-go,kafka-go,v0.2.0,Go,,k/kafka-go/kafka-go.sh,https://github.com/segmentio/kafka-go.git
kafka-open,kafka-open,2.9,Java,,k/kafka-open/kafka-open.sh,https://github.com/odpi/egeria
kafka-python,kafka-python,2.2.10,Python,,k/kafka-python/kafka-python.sh,https://github.com/dpkp/kafka-python
kafka-python,kafka-python,2.0.2,Python,,k/kafka-python/kafka-python_ubi_8.5.sh,https://github.com/dpkp/kafka-python
karma,karma,2.0.0,Node,,k/karma/karma.sh,https://github.com/karma-runner/karma.git
karma,karma,2.0.0,Node,,k/karma/karma_ubuntu_16.04.sh,https://github.com/karma-runner/karma.git
karyon,karyon,3.0.1-rc.25,Java,,k/karyon/karyon.sh,https://github.com/Netflix/karyon
karyon,karyon,3.0.1-rc.25,Java,,k/karyon/karyon_ubuntu_16.04.sh,https://github.com/Netflix/karyon
kazoo,kazoo,2.8.0,Java,,k/kazoo/kazoo.sh,https://github.com/python-zk/kazoo.git
keda,keda,v2.16.1,Go,,k/keda/keda-v2.16.1-ubi9.3.sh,https://github.com/kedacore/keda.git
keras,conda.recipe,v1.0.0,Python,,k/keras/build.sh,https://github.com/org/repo
keras,PACKAGE_NAME,v1.0.0,Python,,k/keras/keras.sh,https://github.com/org/repo
keras,keras,${1:-,Python,,k/keras/keras_3.10.0.sh,https://github.com/keras-team/keras.git
keras,keras,2.15.0,R,,k/keras/keras_ubi_9.3.sh,https://github.com/cran/keras
keras,keras,2.0.8,Python,,k/keras/keras_ubuntu_16.04.sh,https://github.com/fchollet/keras.git
keycloak,keycloak,25.0.6,Java,,k/keycloak/keycloak.sh,https://github.com/keycloak/keycloak
keycloak,keycloak,22.0.4,Java,,k/keycloak/keycloak_ubi_8.7.sh,https://github.com/keycloak/keycloak.git
keygrip,keygrip,1.1.0,Node,,k/keygrip/keygrip.sh,https://github.com/crypto-utils/keygrip
keyv,keyv,${1:-,Node,,k/keyv/keyv.sh,https://github.com/lukechilds/keyv
kiali,kiali,v1.85.0,Go,,k/kiali/kiali.sh,https://github.com/kiali/kiali.git
kiali,kiali,v1.12.1,Go,,k/kiali/kiali_rhel_7.6.sh,https://github.com/kiali/kiali/
kiali,kiali,v1.35.0,Go,,k/kiali/kiali_ubi_8.3.sh,https://github.com/kiali/kiali/
kiali,kiali,f72ddd308c155aa00bd492a423b5aebc88b5922f,Go,,k/kiali/kiali_ubi_8.4.sh,https://github.com/kiali/kiali/
kiali,kiali,v1.62.0,Go,,k/kiali/kiali_ubi_8.5.sh,https://github.com/kiali/kiali.git
kiali,PACKAGE_NAME,v1.0.0,Go,,k/kiali/kiali_v1_62_0.sh,https://github.com/org/repo
kiali,kiali,v1.62.0,Go,,k/kiali/kiali_v1_62_0_ubi_8_5.sh,https://github.com/kiali/kiali
kibana,PACKAGE_NAME,v1.0.0,Node,,k/kibana/kibana_5.6.3.sh,https://github.com/org/repo
kibana,kibana,5.6.3,Node,,k/kibana/kibana_5.6.3_ubuntu_16.04.sh,https://github.com/elastic/kibana.git
kibana,PACKAGE_NAME,v1.0.0,Node,,k/kibana/kibana_6.5.4.sh,https://github.com/org/repo
kibana,kibana,6.5.4,Node,,k/kibana/kibana_6.5.4_rhel_7.6.sh,https://github.com/elastic/kibana.git
kibana,kibana,6.5.4,Node,,k/kibana/kibana_6.5.4_ubuntu_18.04.sh,https://github.com/elastic/kibana.git
kibana,PACKAGE_NAME,v1.0.0,Node,,k/kibana/kibana_6.7.2.sh,https://github.com/org/repo
kibana,kibana,6.7.2,Node,,k/kibana/kibana_6.7.2_rhel_7.6.sh,https://github.com/elastic/kibana.git
kibana,kibana,7.6.0,Node,,k/kibana/kibana_7.6.0.sh,https://github.com/elastic/kibana.git
kie-cloud-operator,kie-cloud-operator,7.13.4-1,Go,,k/kie-cloud-operator/kie-cloud-operator.sh,https://github.com/kiegroup/kie-cloud-operator.git
kie-cloud-operator,kie-cloud-operator,7.13.2-2,Go,,k/kie-cloud-operator/kie-cloud-operator_ubi_8.6.sh,https://github.com/kiegroup/kie-cloud-operator.git
kind-of,kind-of,6.0.2,Node,,k/kind-of/kind-of.sh,https://github.com/jonschlinkert/kind-of
kingpin,kingpin,v2.2.6,Go,,k/kingpin/kingpin.sh,https://github.com/alecthomas/kingpin
kint-php__kint,kint-php/kint,3.3,PHP,,k/kint-php__kint/kint-php__kint.sh,https://github.com/kint-php/kint
kit,kit,v0.9.0,Go,,k/kit/kit.sh,https://github.com/go-kit/kit
kiwisolver,kiwi,1.2.0,Python,,k/kiwisolver/kiwisolver.sh,https://github.com/nucleic/kiwi.git
klauspost__compress,klauspost/compress,1.7.4,Go,,k/klauspost__compress/klauspost__compress.sh,https://github.com/klauspost/compress
klauspost__cpuid,klauspost/cpuid,1.2.1,Go,,k/klauspost__cpuid/klauspost__cpuid.sh,https://github.com/klauspost/cpuid
klauspost__pgzip,klauspost/pgzip,1.2.1,Go,,k/klauspost__pgzip/klauspost__pgzip.sh,https://github.com/klauspost/pgzip
kleur,kleur,3.0.3,Node,,k/kleur/kleur.sh,https://github.com/lukeed/kleur
knative,v0.14.x,v0.14.0,Go,,k/knative/knative-client-v0.14.0_rhel_7.6.sh,https://github.com/knative/client.git
knative,v0.16.x,v0.16.0,Go,,k/knative/knative-client-v0.16.0_rhel_7.6.sh,https://github.com/knative/client.git
knative,v0.19.x,v0.19.0,Go,,k/knative/knative-client-v0.19.0_ubuntu_18.04.sh,https://github.com/knative/client.git
knative,v0.18.x,v0.18.8,Go,,k/knative/knative-eventing-contrib-v0.18.8_ubuntu_18.04.sh,https://github.com/knative/eventing-contrib.git
knative,v0.16.x,v0.16.0,Go,,k/knative/knative-eventing-contrib-v016.0_rhel_7.6.sh,https://github.com/knative/eventing-contrib.git
knative,v0.8.x,v0.8.0,Go,,k/knative/knative-eventing-contrib_rhel_7.6.sh,https://github.com/knative/eventing-contrib.git
knative,v0.10.x,v0.10.0,Go,,k/knative/knative-eventing-operator_rhel_7.6.sh,https://github.com/knative/eventing-operator.git
knative,v0.19.x,v0.19.0,Go,,k/knative/knative-eventing-v0.19.0_ubuntu_18.04.sh,https://github.com/knative/eventing.git
knative,v0.16.x,v0.16.1,Go,,k/knative/knative-eventing_0.16.1.sh,https://github.com/knative/eventing.git
knative,v0.8.x,v0.8.0,Go,,k/knative/knative-eventing_rhel_7.6.sh,https://github.com/knative/eventing.git
knative,v0.16.x,v0.16.0,Go,,k/knative/knative-net-istio-v0.16.0_rhel_7.6.sh,https://github.com/knative-sandbox/net-istio
knative,v0.19.x,v0.19.0,Go,,k/knative/knative-net-istio-v0.19.0_ubuntu_18.04.sh,https://github.com/knative-sandbox/net-istio.git
knative,v0.15.x,v0.15.0,Go,,k/knative/knative-net-kourier-v0.15.0_rhel_7.6.sh,https://github.com/knative/net-kourier.git
knative,v0.16.x,v0.16.0,Go,,k/knative/knative-net-kourier-v0.16.0_rhel_7.6.sh,https://github.com/knative-sandbox/net-kourier.git
knative,v0.19.x,v0.19.0,Go,,k/knative/knative-net-kourier-v0.19.0_ubuntu_18.04.sh,https://github.com/knative-sandbox/net-kourier.git
knative,v0.16.x,v0.16.0,Go,,k/knative/knative-operator-v0.16.0_rhel_7.6.sh,https://github.com/knative/operator.git
knative,v0.19.x,v0.19.4,Go,,k/knative/knative-operator-v0.19.4_ubuntu_18.04.sh,https://github.com/knative/operator.git
knative,v0.16.x,release-0.16,Go,,k/knative/knative-pkg-0.16_rhel_7.6.sh,https://github.com/knative/pkg
knative,v0.13.x,v0.13.2,Go,,k/knative/knative-serving-operator_0.13.2_rhel_7.5.sh,https://github.com/knative/serving-operator.git
knative,v0.19.x,v0.19.0,Go,,k/knative/knative-serving-v0.19.0_ubuntu_18.04.sh,https://github.com/knative/serving.git
knative,v0.13.x,v0.13.2,Go,,k/knative/knative-serving_0.13.2_rhel_7.5.sh,https://github.com/knative/serving.git
knative,v0.16.x,v0.16.0,Go,,k/knative/knative-serving_0.16.0_rhel_7.6.sh,https://github.com/knative/serving.git
knative,v0.8.x,v0.8.1,Go,,k/knative/knative-serving_rhel_7.6.sh,https://github.com/knative/serving.git
knative,v0.16.x,release-0.16,Go,,k/knative/knative-test-infra-0.16_rhel_7.6.sh,https://github.com/knative/test-infra
knetic__govaluate,knetic/govaluate,v3.0.1-0.20171022003610-9aa49832a739+incompatible,Go,,k/knetic__govaluate/knetic__govaluate.sh,https://github.com/knetic/govaluate
knit,conda.recipe,v1.0.0,Python,,k/knit/build.sh,https://github.com/org/repo
knit,knit,0.2.1,Python,,k/knit/knit.sh,https://github.com/dask/knit
knockout,knockout,v3.5.1,Node,,k/knockout/knockout_v3.5.1.sh,https://github.com/$PACKAGE_NAME/$PACKAGE_NAME.git
koa,koa,2.13.1,Node,,k/koa/koa.sh,https://github.com/koajs/koa
koa-compose,koa-compose,4.1.0,Node,,k/koa-compose/koa-compose.sh,https://github.com/koajs/compose
koa-convert,koa-convert,1.2.0,Node,,k/koa-convert/koa-convert.sh,https://github.com/gyson/koa-convert
koalas,koalas,1.0.2,Node,,k/koalas/koalas.sh,https://github.com/doowb/koalas
kong,kong,2.1.4(latest),Java,,k/kong/BuildScriptForKong.sh,https://github.com/Kong/kong
konsorten__go-windows-terminal-sequences,konsorten/go-windows-terminal-sequences,1.0.2,Go,,k/konsorten__go-windows-terminal-sequences/konsorten__go-windows-terminal-sequences.sh,https://github.com/konsorten/go-windows-terminal-sequences
kotlin-stdlib,v1.5.21,1.5.21,Java,,k/kotlin-stdlib/kotlin-stdlib-ubi8.5.sh,https://github.com/JetBrains/kotlin.git
kotlin-stdlib,v1.3.50,1.3.50,Java,,k/kotlin-stdlib/kotlin-stdlib_1.3.50_ubuntu_18.04.sh,https://github.com/JetBrains/kotlin.git
kotlin-stdlib,v1.3.61,1.3.61,Java,,k/kotlin-stdlib/kotlin-stdlib_1.3.61_ubuntu_18.04.sh,https://github.com/JetBrains/kotlin.git
kotlin-stdlib,v1.3.50,1.3.50,Java,,k/kotlin-stdlib/kotlin-stdlib_v1.3.50_ubi_8.3.sh,https://github.com/JetBrains/kotlin.git
kotlin-stdlib,v1.3.61,1.3.61,Java,,k/kotlin-stdlib/kotlin-stdlib_v1.3.61.sh,https://github.com/JetBrains/kotlin.git
kr-text,kr-text,v0.2.0,Go,,k/kr-text/text.sh,https://github.com/kr/text
krb5,pykrb5,v0.5.1,Python,,k/krb5/krb5.sh,https://github.com/jborean93/pykrb5.git
kroxylicious,kroxylicious,v0.11.0,Java,,k/kroxylicious/kroxylicious.sh,https://github.com/kroxylicious/kroxylicious
kryo,PACKAGE_NAME,v1.0.0,Java,,k/kryo/kryo.sh,https://github.com/org/repo
kryo,kryo,5.0.4,Java,,k/kryo/kryo_ubuntu_18.04.sh,https://github.com/EsotericSoftware/kryo
kubernetes,kubernetes,latest,Go,,k/kubernetes/fate-operator_CentOS_8.3.2011.sh,https://github.com/kubeflow/fate-operator
kubernetes,kubernetes,master,Go,,k/kubernetes/kubernetes_sles_12.sh,https://github.com/kubernetes/kubernetes
kubernetes-client,kubernetes-model-generator/kubernetes-model-apiextensions,v5.0.2,Go,,k/kubernetes-client/kubernetes-model-apiextensions.sh,https://github.com/fabric8io/kubernetes-client.git
kubernetes-client,kubernetes-model-generator/kubernetes-model-apps,v5.0.2,Go,,k/kubernetes-client/kubernetes-model-apps_ubi_8.4.sh,https://github.com/fabric8io/kubernetes-client.git
kubernetes-client,kubernetes-model-generator/kubernetes-model-batch,v5.0.2,Go,,k/kubernetes-client/kubernetes-model-batch_ubi_8.4.sh,https://github.com/fabric8io/kubernetes-client.git
kubernetes-client,kubernetes-model-generator/kubernetes-model-common,v5.0.2,Java,,k/kubernetes-client/kubernetes-model-common_ubi_8.4.sh,https://github.com/fabric8io/kubernetes-client.git
kubernetes-client,kubernetes-model-generator/kubernetes-model-core,v5.0.2,Go,,k/kubernetes-client/kubernetes-model-core_ubi_8.4.sh,https://github.com/fabric8io/kubernetes-client.git
kubernetes-client,kubernetes-model-generator/kubernetes-model-extensions,v5.0.2,Go,,k/kubernetes-client/kubernetes-model-extensions_ubi_8.4.sh,https://github.com/fabric8io/kubernetes-client.git
kubernetes-client,kubernetes-model-generator/kubernetes-model-networking,v5.0.2,Go,,k/kubernetes-client/kubernetes-model-networking_ubi_8.4.sh,https://github.com/fabric8io/kubernetes-client.git
kubernetes-client,kubernetes-model-generator/kubernetes-model-policy,v5.0.2,Go,,k/kubernetes-client/kubernetes-model-policy_ubi_8.4.sh,https://github.com/fabric8io/kubernetes-client.git
kubernetes-client,kubernetes-model-generator/kubernetes-model-rbac,v5.0.2,Go,,k/kubernetes-client/kubernetes-model-rbac_ubi_8.4.sh,https://github.com/fabric8io/kubernetes-client.git
kubernetes-client,kubernetes-model-generator/kubernetes-model-storageclass,v5.0.2,Go,,k/kubernetes-client/kubernetes-model-storageclass_ubi_8.4.sh,https://github.com/fabric8io/kubernetes-client.git
kubernetes-client,kubernetes-model-generator/kubernetes-model,v5.0.2,Java,,k/kubernetes-client/kubernetes-model_ubi_8.4.sh,https://github.com/fabric8io/kubernetes-client.git
kubernetes-client,openshift-client,v5.0.2,Java,,k/kubernetes-client/openshift-client_ubi_8.4.sh,https://github.com/fabric8io/kubernetes-client.git
kubernetes-client,kubernetes-model-generator/openshift-model-monitoring,v5.0.2,Go,,k/kubernetes-client/openshift-model-monitoring_ubi_8.4.sh,https://github.com/fabric8io/kubernetes-client.git
kubernetes-client,kubernetes-model-generator/openshift-model,v5.0.2,Go,,k/kubernetes-client/openshit-model_ubi_8.4.sh,https://github.com/fabric8io/kubernetes-client.git
kubernetes-client-java-api,java,client-java-parent-8.0.0,Java,,k/kubernetes-client-java-api/kubernetes-client-java-api.sh,https://github.com/kubernetes-client/java.git
kubernetes-client-java-proto,java,client-java-parent-8.0.0,Java,,k/kubernetes-client-java-proto/kubernetes-client-java-proto.sh,https://github.com/kubernetes-client/java.git
kubernetes__api,kubernetes/api,510bcd53e1cfd54b8dd440c94f484dbfb777eaca,Go,,k/kubernetes__api/kubernetes__api.sh,https://github.com/kubernetes/api
kuler,kuler,2.0.0,Node,,k/kuler/kuler.sh,https://github.com/3rd-Eden/kuler
LatencyUtils,LatencyUtils,2.0.3,Java,,l/LatencyUtils/LatencyUtils.sh,https://github.com/LatencyUtils/LatencyUtils
lame,lame,3.100,Python,,l/lame/lame.sh,https://downloads.sourceforge.net/sourceforge/$PACKAGE/$PACKAGE-$PACKAGE_VERSION.tar.gz
laminas__laminas-diactoros,laminas/laminas-diactoros,1.8.0,PHP,,l/laminas__laminas-diactoros/laminas__laminas-diactoros.sh,https://github.com/laminas/laminas-diactoros
laminas__laminas-escaper,laminas/laminas-escaper,2.7.0,PHP,,l/laminas__laminas-escaper/laminas__laminas-escaper.sh,https://github.com/laminas/laminas-escaper
laminas__laminas-feed,laminas/laminas-feed,2.14.0,PHP,,l/laminas__laminas-feed/laminas__laminas-feed.sh,https://github.com/laminas/laminas-feed
laminas__laminas-stdlib,laminas/laminas-stdlib,3.3.1,PHP,,l/laminas__laminas-stdlib/laminas__laminas-stdlib.sh,https://github.com/laminas/laminas-stdlib
laminas__laminas-zendframework-bridge,laminas/laminas-zendframework-bridge,1.2.0,PHP,,l/laminas__laminas-zendframework-bridge/laminas__laminas-zendframework-bridge.sh,https://github.com/laminas/laminas-zendframework-bridge
lang-javascript,lang-javascript,6.2.2,Node,Node:16,l/lang-javascript/lang-javascript.sh,https://github.com/codemirror/lang-javascript
lang-python,lang-python,6.1.6,Node,Node:16,l/lang-python/lang-python.sh,https://github.com/codemirror/lang-python
lang-sql,lang-sql,6.7.0,Node,Node:16,l/lang-sql/lang-sql.sh,https://github.com/codemirror/lang-sql
langchain,langchain,langchain==0.3.27,Python,,l/langchain/langchain.sh,https://github.com/langchain-ai/langchain
langflow,langflow,1.6.0,Python,,l/langflow/langflow.sh,https://github.com/langflow-ai/langflow.git
language,language,6.10.2,Node,Node:16,l/language/language.sh,https://github.com/codemirror/language
lasagne,conda.recipe,v1.0.0,Python,,l/lasagne/build.sh,https://github.com/org/repo
lasagne,lasagne,0.2.dev1,Python,,l/lasagne/lasagne_ubuntu_16.04_py27.sh,https://github.com/Lasagne/Lasagne.git
later,later,1.3.2,R,,l/later/later.sh,https://github.com/cran/later
lazy-cache,lazy-cache,0.2.7,Node,,l/lazy-cache/lazy-cache.sh,https://github.com/jonschlinkert/lazy-cache
lazy-property,lazy-property,1.0.0,Node,,l/lazy-property/lazy-property.sh,https://github.com/mikolalysenko/lazy-property
lazybird,lazybird,1.0.0,Node,,l/lazybird/lazybird.sh,http://github.com/assaf/lazybird
lazystream,lazystream,1.0.0,Node,,l/lazystream/lazystream.sh,https://github.com/jpommerening/node-lazystream
lcid,lcid,1.0.0,Node,,l/lcid/lcid.sh,https://github.com/sindresorhus/lcid
ldap-filter,ldap-filter,0.3.3,Node,,l/ldap-filter/ldap-filter.sh,https://github.com/pfmooney/node-ldap-filter
ldapjs,ldapjs,2.2.3,Node,,l/ldapjs/ldapjs.sh,https://github.com/ldapjs/node-ldapjs
leafem,leafem,0.2.3,R,,l/leafem/leafem.sh,https://github.com/cran/leafem.git
leaflet,Leaflet,${1:-,Node,,l/leaflet/leaflet.sh,https://github.com/Leaflet/Leaflet
leafo__scssphp,leafo/scssphp,0.6.7,PHP,,l/leafo__scssphp/leafo__scssphp.sh,https://github.com/leafo/scssphp
league__container,league/container,2.4.1,PHP,,l/league__container/league__container.sh,https://github.com/thephpleague/container
league__csv,league/csv,8.2.3,PHP,,l/league__csv/league__csv.sh,https://github.com/thephpleague/csv
league__oauth2-client,league/oauth2-client,2.4.1,PHP,,l/league__oauth2-client/league__oauth2-client.sh,https://github.com/thephpleague/oauth2-client
left-pad,left-pad,1.3.0,Node,,l/left-pad/left-pad.sh,https://github.com/stevemao/left-pad
legacy-modes,legacy-modes,6.4.2,Node,Node:16,l/legacy-modes/legacy-modes.sh,https://github.com/codemirror/legacy-modes
legal,legal,2.0.0,PHP,,l/legal/legal_8.5.sh,https://git.drupalcode.org/project/legal.git
lego,github.com/go-acme/lego,v2.5.0,Go,,l/lego/lego.sh,https://github.com/go-acme/lego
lego,lego,3.5.0 - latest,Go,,l/lego/lego_ubi8.3.sh,https://github.com/go-acme/lego
lego-api,lego-api,1.0.8,Node,,l/lego-api/lego-api.sh,https://github.com/fuse-box/lego-api
lemur-indri,lemur-indri,5.9,Java,,l/lemur-indri/lemur-indri.sh,http://sourceforge.net/projects/lemur
lemur-indri,lemur-indri,5.9,Java,,l/lemur-indri/lemur-indri_ubuntu_16.04.sh,http://sourceforge.net/projects/lemur
less-loader,less-loader,3203eb7,Node,,l/less-loader/less-loader.sh,https://github.com/webpack-contrib/less-loader.git
less.js,less.js,v4.2.0,Node,Node:20.14.0,l/less.js/less.js_v4.2.0.sh,https://github.com/less/$PACKAGE_NAME.git
leveldbjni,leveldbjni,1.8,Java,,l/leveldbjni/leveldbjni.sh,https://github.com/fusesource/leveldbjni
leven,leven,2.1.0,Node,,l/leven/leven.sh,https://github.com/sindresorhus/leven
levenary,levenary,1.1.1,Node,,l/levenary/levenary.sh,https://github.com/tanhauhau/levenary
levn,levn,0.4.1,Node,,l/levn/levn.sh,https://github.com/gkz/levn
libcipm,libcipm,4.0.7,Node,,l/libcipm/libcipm.sh,https://github.com/npm/libcipm
libclang,libclang,llvm-18.1.1,Python,,l/libclang/libclang.sh,https://github.com/sighingnow/libclang.git
libmime,libmime,3.0.0,Node,,l/libmime/libmime.sh,https://github.com/andris9/libmime
libnpm,libnpm,3.0.1,Node,,l/libnpm/libnpm.sh,https://github.com/npm/libnpm
libnpmaccess,libnpmaccess,3.0.2,Node,,l/libnpmaccess/libnpmaccess.sh,https://github.com/npm/libnpmaccess
libnpmconfig,libnpmconfig,1.2.1,Node,,l/libnpmconfig/libnpmconfig.sh,https://github.com/npm/libnpmconfig
libnpmhook,libnpmhook,5.0.3,Node,,l/libnpmhook/libnpmhook.sh,https://github.com/npm/libnpmhook
libnpmorg,libnpmorg,1.0.1,Node,,l/libnpmorg/libnpmorg.sh,https://github.com/npm/libnpmorg
libnpmpublish,libnpmpublish,1.1.2,Node,,l/libnpmpublish/libnpmpublish.sh,https://github.com/npm/libnpmpublish
libnpmsearch,libnpmsearch,2.0.2,Node,,l/libnpmsearch/libnpmsearch.sh,https://github.com/npm/libnpmsearch
libnpmteam,libnpmteam,1.0.2,Node,,l/libnpmteam/libnpmteam.sh,https://github.com/npm/libnpmteam
libprotobuf,libprotobuf,v4.25.3,Python,,l/libprotobuf/libprotobuf.sh,https://github.com/protocolbuffers/protobuf
libqp,libqp,v1.1.0,Node,,l/libqp/libqp.sh,https://github.com/nodemailer/libqp.git
libseccomp-golang,libseccomp-golang,9006a281d6713ba604f36f9b5caeac23a16bbd55,Go,,l/libseccomp-golang/libseccomp-golang.sh,https://github.com/seccomp/libseccomp-golang/
libtrust,libtrust,v0.0.0-20160708172513-aabc10ec26b7,Go,,l/libtrust/libtrust.sh,https://github.com/docker/libtrust.git
libvpx,libvpx,v1.13.1,Python,,l/libvpx/libvpx.sh,https://github.com/webmproject/libvpx
liftoff,liftoff,2.5.0,Node,,l/liftoff/liftoff.sh,https://github.com/js-cli/js-liftoff
light-my-request,light-my-request,4.3.0,Node,,l/light-my-request/light-my-request.sh,https://github.com/fastify/light-my-request
lightgbm,lightgbm,2.2.4,Python,,l/lightgbm/h2o_lightgbm_integrate.sh,https://github.com/org/repo
lightgbm,lightgbm,2.1.0,Python,,l/lightgbm/lightGBM_centos_7.3_gpu.sh,https://github.com/Microsoft/LightGBM
lightgbm,lightgbm,2.2.4,Python,,l/lightgbm/lightGBM_rhel_cuda.sh,https://github.com/org/repo
lightgbm,lightgbm,2.1.0,Python,,l/lightgbm/lightGBM_ubuntu_16.04_gpu.sh,https://github.com/Microsoft/LightGBM
lightgbm,LightGBM,v3.3.2,Python,,l/lightgbm/lightgbm.sh,https://github.com/microsoft/LightGBM.git
lightgbm,LightGBM,v4.2.0,Python,,l/lightgbm/lightgbm_4.2.0.sh,https://github.com/microsoft/LightGBM.git
lightgbm,LightGBM,v4.2.0,Python,,l/lightgbm/lightgbm_4.2.0_ubi_9.3.sh,https://github.com/microsoft/LightGBM.git
lightgbm,LightGBM,v4.6.0,Python,,l/lightgbm/lightgbm_4.6.0.sh,https://github.com/microsoft/LightGBM.git
lightgbm,LightGBM,v3.3.2,Python,,l/lightgbm/lightgbm_ubi_9.3.sh,https://github.com/microsoft/LightGBM.git
lightstep-tracer-common,lightstep-tracer-common,bc2310a04743,Go,,l/lightstep-tracer-common/lightstep-tracer-common.sh,https://github.com/lightstep/lightstep-tracer-common
line-numbers,line-numbers,0.2.0,Node,,l/line-numbers/line-numbers.sh,https://github.com/lydell/line-numbers
linkify-it,linkify-it,2.2.0,Node,,l/linkify-it/linkify-it.sh,https://github.com/markdown-it/linkify-it
lint,golang.org/x/lint,6edffad,Go,,l/lint/lint.sh,https://github.com/golang/lint
liquibase,liquibase,v4.28.0,Java,,l/liquibase/liquibase.sh,https://github.com/liquibase/liquibase
liquibase-core,liquibase-core,v3.10.3,Java,,l/liquibase-core/liquibase-core.sh,https://github.com/liquibase/liquibase.git
liquibase-hibernate5,liquibase-hibernate,3.10.1,Java,,l/liquibase-hibernate5/liquibase-hibernate5.sh,https://github.com/liquibase/liquibase-hibernate.git
listenercount,listenercount,1.0.1,Node,,l/listenercount/listenercount.sh,https://github.com/jden/node-listenercount
listenv,listenv,0.9.1,R,,l/listenv/listenv.sh,https://github.com/cran/listenv
lit,lit,llvmorg-11.0.1,Python,,l/lit/lit.sh,https://github.com/llvm/llvm-project.git
livereach__jsonpath,@livereach/jsonpath,1.2.2,Node,,l/livereach__jsonpath/livereach__jsonpath.sh,https://github.com/livereach/jsonpath
llguidance,llguidance,v0.7.19,Python,,l/llguidance/llguidance.sh,https://github.com/microsoft/llguidance
llvmlite,llvmlite,v0.42.0,Python,,l/llvmlite/llvmlite.sh,https://github.com/numba/llvmlite
llvmlite,llvmlite,v0.41.1,Python,,l/llvmlite/llvmlite_ubi_8_7.sh,https://github.com/numba/llvmlite
llvmlite,llvmlite,${1:-,Python,,l/llvmlite/llvmlite_ubi_9.3.sh,https://github.com/numba/llvmlite
llvmlite,PACKAGE_NAME,v1.0.0,Python,,l/llvmlite/llvmlite_v0.41.1.sh,https://github.com/org/repo
llvmlite,llvmlite,v0.41.1,Python,,l/llvmlite/llvmlite_v0.41.1_ubi_9_3.sh,https://github.com/numba/llvmlite
llvmlite,PACKAGE_NAME,v1.0.0,Python,,l/llvmlite/llvmlite_v0.43.0.sh,https://github.com/org/repo
llvmlite,llvmlite,v0.43.0,Python,,l/llvmlite/llvmlite_v0.43.0_ubi_9_3.sh,https://github.com/numba/llvmlite
llvmlite,llvmlite,v0.44.0rc1,Python,,l/llvmlite/llvmlite_v0.44.0rc1.sh,https://github.com/numba/llvmlite
llvmlite,llvmlite,v0.44.0rc1,Python,,l/llvmlite/llvmlite_v0.44.0rc1_ubi_9_3.sh,https://github.com/numba/llvmlite
llvmlite,llvmlite,v0.45.0,Python,,l/llvmlite/llvmlite_v0.45.0.sh,https://github.com/numba/llvmlite.git
lme4,lme4,1.1-35.5,R,,l/lme4/lme4.sh,https://github.com/cran/lme4.git
load-bmfont,load-bmfont,v1.4.1,Node,,l/load-bmfont/load-bmfont.sh,https://github.com/Jam3/load-bmfont.git
load-json-file,load-json-file,5.3.0,Node,,l/load-json-file/load-json-file.sh,https://github.com/sindresorhus/load-json-file
loadash,loadash,4.17.10,Node,,l/loadash/loadash.sh,https://github.com/lodash/lodash
loader-utils,loader-utils,2.0.0,Node,,l/loader-utils/loader-utils.sh,https://github.com/webpack/loader-utils
locate-path,locate-path,6.0.0,Node,,l/locate-path/locate-path.sh,https://github.com/sindresorhus/locate-path
lock,lock,${1:-,PHP,,l/lock/lock.sh,https://github.com/symfony/lock.git
lodash,lodash,4.17.21,Node,,l/lodash/lodash.sh,https://github.com/lodash/lodash
lodash,lodash,4.17.21,Node,,l/lodash/lodash_4.17.21.sh,https://github.com/lodash/lodash
lodash,lodash,4.17.21,Node,,l/lodash/lodash_rhel_8.3.sh,https://github.com/lodash/lodash
lodash._baseclone,lodash._baseclone,2.4.1,Node,,l/lodash._baseclone/lodash._baseclone.sh,https://github.com/lodash/lodash
lodash._basecreate,lodash._basecreate,2.4.1,Node,,l/lodash._basecreate/lodash._basecreate.sh,https://github.com/lodash/lodash
lodash._baseindexof,lodash._baseindexof,3.1.0,Node,,l/lodash._baseindexof/lodash._baseindexof.sh,https://github.com/lodash/lodash
lodash._baseuniq,lodash._baseuniq,4.6.0,Node,,l/lodash._baseuniq/lodash._baseuniq.sh,https://github.com/lodash/lodash
lodash._bindcallback,lodash._bindcallback,3.0.1,Node,,l/lodash._bindcallback/lodash._bindcallback.sh,https://github.com/lodash/lodash
lodash._cacheindexof,lodash._cacheindexof,3.0.2,Node,,l/lodash._cacheindexof/lodash._cacheindexof.sh,https://github.com/lodash/lodash
lodash._createcache,lodash._createcache,3.1.2,Node,,l/lodash._createcache/lodash._createcache.sh,https://github.com/lodash/lodash
lodash._createset,lodash._createset,4.0.3,Node,,l/lodash._createset/lodash._createset.sh,https://github.com/lodash/lodash
lodash._createwrapper,lodash._createwrapper,2.4.1,Node,,l/lodash._createwrapper/lodash._createwrapper.sh,https://github.com/lodash/lodash
lodash._getnative,lodash._getnative,3.9.1,Node,,l/lodash._getnative/lodash._getnative.sh,https://github.com/lodash/lodash
lodash.assign,lodash.assign,2.4.1,Node,,l/lodash.assign/lodash.assign.sh,https://github.com/lodash/lodash
lodash.bind,lodash.bind,2.4.1,Node,,l/lodash.bind/lodash.bind.sh,https://github.com/lodash/lodash
lodash.clonedeep,lodash.clonedeep,2.4.1,Node,,l/lodash.clonedeep/lodash.clonedeep.sh,https://github.com/lodash/lodash
lodash.curry,lodash.curry,4.1.1,Node,,l/lodash.curry/lodash.curry.sh,https://github.com/lodash/lodash
lodash.defaults,lodash.defaults,4.2.0,Node,,l/lodash.defaults/lodash.defaults.sh,https://github.com/lodash/lodash
lodash.defaultsdeep,lodash.defaultsdeep,4.6.1,Node,,l/lodash.defaultsdeep/lodash.defaultsdeep.sh,https://github.com/lodash/lodash
lodash.findlast,lodash.findlast,4.6.0,Node,,l/lodash.findlast/lodash.findlast.sh,https://github.com/lodash/lodash
lodash.flatten,lodash.flatten,4.4.0,Node,,l/lodash.flatten/lodash.flatten.sh,https://github.com/lodash/lodash
lodash.flattendeep,lodash.flattendeep,4.4.0,Node,,l/lodash.flattendeep/lodash.flattendeep.sh,https://github.com/lodash/lodash
lodash.flow,lodash.flow,3.5.0,Node,,l/lodash.flow/lodash.flow.sh,https://github.com/lodash/lodash
lodash.foreach,lodash.foreach,2.4.1,Node,,l/lodash.foreach/lodash.foreach.sh,https://github.com/lodash/lodash
lodash.forown,lodash.forown,2.4.1,Node,,l/lodash.forown/lodash.forown.sh,https://github.com/lodash/lodash
lodash.identity,lodash.identity,2.4.1,Node,,l/lodash.identity/lodash.identity.sh,https://github.com/lodash/lodash
lodash.includes,lodash.includes,4.3.0,Node,,l/lodash.includes/lodash.includes.sh,https://github.com/lodash/lodash
lodash.isarguments,lodash.isarguments,3.1.0,Node,,l/lodash.isarguments/lodash.isarguments.sh,https://github.com/lodash/lodash
lodash.isarray,lodash.isarray,2.4.1,Node,,l/lodash.isarray/lodash.isarray.sh,https://github.com/lodash/lodash
lodash.isboolean,lodash.isboolean,3.0.3,Node,,l/lodash.isboolean/lodash.isboolean.sh,https://github.com/lodash/lodash
lodash.isequal,lodash.isequal,4.5.0,Node,,l/lodash.isequal/lodash.isequal.sh,https://github.com/lodash/lodash
lodash.isfunction,lodash.isfunction,2.4.1,Node,,l/lodash.isfunction/lodash.isfunction.sh,https://github.com/lodash/lodash
lodash.isinteger,lodash.isinteger,4.0.4,Node,,l/lodash.isinteger/lodash.isinteger.sh,https://github.com/lodash/lodash
lodash.isnumber,lodash.isnumber,3.0.3,Node,,l/lodash.isnumber/lodash.isnumber.sh,https://github.com/lodash/lodash
lodash.isobject,lodash.isobject,2.4.1,Node,,l/lodash.isobject/lodash.isobject.sh,https://github.com/lodash/lodash
lodash.isplainobject,lodash.isplainobject,4.0.6,Node,,l/lodash.isplainobject/lodash.isplainobject.sh,https://github.com/lodash/lodash
lodash.isstring,lodash.isstring,4.0.1,Node,,l/lodash.isstring/lodash.isstring.sh,https://github.com/lodash/lodash
lodash.keys,lodash.keys,2.4.1,Node,,l/lodash.keys/lodash.keys.sh,https://github.com/lodash/lodash
lodash.keysin,lodash.keysin,3.0.8,Node,,l/lodash.keysin/lodash.keysin.sh,https://github.com/lodash/lodash
lodash.noop,lodash.noop,2.4.1,Node,,l/lodash.noop/lodash.noop.sh,https://github.com/lodash/lodash
lodash.omit,lodash.omit,4.5.0,Node,,l/lodash.omit/lodash.omit.sh,https://github.com/lodash/lodash
lodash.once,lodash.once,4.1.1,Node,,l/lodash.once/lodash.once.sh,https://github.com/lodash/lodash
lodash.restparam,lodash.restparam,3.6.1,Node,,l/lodash.restparam/lodash.restparam.sh,https://github.com/lodash/lodash
lodash.set,lodash.set,4.3.2,Node,,l/lodash.set/lodash.set.sh,https://github.com/lodash/lodash
lodash.sortby,lodash.sortby,4.7.0,Node,,l/lodash.sortby/lodash.sortby.sh,https://github.com/lodash/lodash
lodash.support,lodash.support,2.4.1,Node,,l/lodash.support/lodash.support.sh,https://github.com/lodash/lodash
lodash.template,lodash.template,4.5.0,Node,,l/lodash.template/lodash.template.sh,https://github.com/lodash/lodash
lodash.templatesettings,lodash.templatesettings,4.2.0,Node,,l/lodash.templatesettings/lodash.templatesettings.sh,https://github.com/lodash/lodash
lodash.throttle,lodash.throttle,4.1.1,Node,,l/lodash.throttle/lodash.throttle.sh,https://github.com/lodash/lodash
lodash.toarray,lodash.toarray,4.4.0,Node,,l/lodash.toarray/lodash.toarray.sh,https://github.com/lodash/lodash
lodash.union,lodash.union,4.6.0,Node,,l/lodash.union/lodash.union.sh,https://github.com/lodash/lodash
lodash.uniq,lodash.uniq,4.5.0,Node,,l/lodash.uniq/lodash.uniq.sh,https://github.com/lodash/lodash
lodash.without,lodash.without,4.4.0,Node,,l/lodash.without/lodash.without.sh,https://github.com/lodash/lodash
log,log,6.0.0,Node,,l/log/log.sh,https://github.com/medikoo/log
log-ok,log-ok,0.1.1,Node,,l/log-ok/log-ok.sh,https://github.com/jonschlinkert/log-ok
log-symbols,log-symbols,v6.0.0,Node,Node:16,l/log-symbols/log-symbols.sh,https://github.com/sindresorhus/log-symbols
log-symbols,log-symbols,4.0.0,Node,,l/log-symbols/log-symbols_rhel_8.3.sh,https://github.com/sindresorhus/log-symbols
log-utils,log-utils,0.2.1,Node,,l/log-utils/log-utils.sh,https://github.com/jonschlinkert/log-utils
log4j,log4j,1.2.17,Java,,l/log4j/log4j.sh,https://github.com/apache/log4j
log4j-api,log4j-api,rel/2.23.1,Java,,l/log4j-api/log4j-api-2.23.1-ubi9.3.sh,https://github.com/apache/logging-log4j2.git
log4j-api,PACKAGE_NAME,log4j-2.8.2,Java,,l/log4j-api/log4j-api_2.8.2.sh,https://github.com/org/repo
log4j-api,log4j-api,log4j-2.8.2,Java,,l/log4j-api/log4j-api_2.8.2_ubi_8.4.sh,https://github.com/apache/logging-log4j2
log4j-core,log4j-core,rel/2.23.1,Java,,l/log4j-core/log4j-core-2.23.1-ubi9.3.sh,https://github.com/apache/logging-log4j2
log4j-core,log4j-core,rel/2.17.1,Node,,l/log4j-core/log4j-core.sh,https://github.com/apache/logging-log4j2.git
log4j-core,log4j-core,rel/2.17.1,Node,,l/log4j-core/log4j-core_ubi_8.5.sh,https://github.com/apache/logging-log4j2.git
log4j-core,log4j-core,3.0.0,Java,,l/log4j-core/log4j-core_ubuntu_18.04.sh,https://github.com/apache/logging-log4j2
log4j-jakarta-web,log4j-jakarta-web,rel/2.23.1,Java,,l/log4j-jakarta-web/log4j-jakarta-web-2.23.1-ubi9.3.sh,https://github.com/apache/logging-log4j2.git
log4j-jsonevent-layout,log4j-jsonevent-layout,1.7,Java,,l/log4j-jsonevent-layout/log4j-jsonevent-layout.sh,https://github.com/logstash/log4j-jsonevent-layout
log4j-jsonevent-layout,log4j-jsonevent-layout,1.7,Java,,l/log4j-jsonevent-layout/log4j-jsonevent-layout_ubuntu_16.04.sh,https://github.com/logstash/log4j-jsonevent-layout
log4j-slf4j-impl,log4j-slf4j-impl,log4j-2.13.2,Java,,l/log4j-slf4j-impl/log4j-slf4j-impl.sh,https://github.com/apache/logging-log4j2.git
log4js-node,log4js-node,${1:-,Node,Node:16,l/log4js-node/log4js-node.sh,https://github.com/log4js-node/log4js-node
log4js-node,log4js-node,${1:-,Node,Node:16,l/log4js-node/log4js-node_ubi_8_7.sh,https://github.com/log4js-node/log4js-node
logbook,logbook,1.0.0,Python,,l/logbook/logbook.sh,https://github.com/getlogbook/logbook
logex,logex,v1.1.10,Go,,l/logex/logex.sh,https://github.com/chzyer/logex
logform,logform,v2.6.0,Node,Node:16,l/logform/logform.sh,https://github.com/winstonjs/logform
logform,logform,2.2.0,Node,,l/logform/logform_rhel_8.3.sh,https://github.com/winstonjs/logform
logger,github.com/gobuffalo/logger,v1.0.1,Go,,l/logger/github.com__gobuffalo__logger.sh,https://github.com/gobuffalo/logger
logger,github.com/gobuffalo/logger,v1.0.1,Go,,l/logger/github.com__gobuffalo__logger_rhel_8.3.sh,https://github.com/gobuffalo/logger
logger,logger,v1.0.7,Go,Go:1.20.1,l/logger/logger.sh,https://github.com/gobuffalo/logger
logging-helpers,logging-helpers,0.4.0,Node,,l/logging-helpers/logging-helpers.sh,https://github.com/helpers/logging-helpers
logging-interceptor,logging-interceptor,"2.7.5, 4.4.0",Java,,l/logging-interceptor/logging-interceptor.sh,https://github.com/ihsanbal/LoggingInterceptor
logr,github.com/go-logr/logr,v0.2.0,Go,,l/logr/github.com__go-logr__logr.sh,https://github.com/go-logr/logr
logr,github.com/go-logr/logr,v0.2.0,Go,,l/logr/github.com__go-logr__logr_rhel_8.3.sh,https://github.com/go-logr/logr
logr,go-logr/logr,v0.3.0,Go,,l/logr/go-logr__logr.sh,https://github.com/go-logr/logr
logr,go-logr/logr,v0.3.0,Go,,l/logr/go-logr__logr_rhel_8.3.sh,https://github.com/go-logr/logr
logr,logr,v1.2.4,Go,Go:1.20.1,l/logr/logr.sh,https://github.com/go-logr/logr
logrus-logstash-hook,logrus-logstash-hook,${1:-,Go,"Go:""1.12""",l/logrus-logstash-hook/logrus-logstash-hook.sh,https://github.com/bshuster-repo/logrus-logstash-hook
logstash,PACKAGE_NAME,v1.0.0,Java,,l/logstash/logstash_5.6.3.sh,https://github.com/org/repo
logstash,logstash,5.6.3,Java,,l/logstash/logstash_5.6.3_ubuntu_16.04.sh,https://github.com/elastic/logstash.git
logstash,PACKAGE_NAME,v1.0.0,Java,,l/logstash/logstash_6.5.4.sh,https://github.com/org/repo
logstash,logstash,6.5.4,Java,,l/logstash/logstash_6.5.4_rhel_7.6.sh,https://github.com/elastic/logstash.git
logstash,logstash,6.5.4,Java,,l/logstash/logstash_6.5.4_ubuntu_18.04.sh,https://github.com/elastic/logstash.git
logstash,PACKAGE_NAME,v1.0.0,Java,,l/logstash/logstash_6.7.2.sh,https://github.com/org/repo
logstash,logstash,6.7.2,Java,,l/logstash/logstash_6.7.2_rhel_7.6.sh,https://github.com/elastic/logstash.git
logstash,PACKAGE_NAME,v1.0.0,Java,,l/logstash/logstash_7.11.0.sh,https://github.com/org/repo
logstash,logstash,7.11.0,Java,,l/logstash/logstash_7.11.0_rhel_7.9.sh,https://github.com/elastic/logstash.git
logstash,PACKAGE_NAME,v1.0.0,Java,,l/logstash/logstash_7.11.2.sh,https://github.com/org/repo
logstash,logstash,7.11.2,Java,,l/logstash/logstash_7.11.2_centos_7.sh,https://github.com/elastic/logstash.git
logstash,PACKAGE_NAME,v1.0.0,Java,,l/logstash/logstash_7.6.0.sh,https://github.com/org/repo
logstash,logstash,7.6.0,Java,,l/logstash/logstash_7.6.0_rhel_7.6.sh,https://github.com/elastic/logstash.git
logstash,elastic/logstash,v8.11.3,Java,,l/logstash/logstash_8.11.3.sh,https://github.com/elastic/logstash
logstash-filter-geoip,logstash-filter-geoip,v6.0.0,Ruby,,l/logstash-filter-geoip/logstash-filter-geoip.sh,https://github.com/logstash-plugins/logstash-filter-geoip.git
logstash-forwarder,logstash-forwarder,0.4.0,Go,,l/logstash-forwarder/logstash-forwarder.sh,https://github.com/elastic/logstash-forwarder.git
logstash-forwarder,logstash-forwarder,0.4.0,Go,,l/logstash-forwarder/logstash-forwarder_ubuntu_16.04.sh,https://github.com/elastic/logstash-forwarder.git
logstash-logback-encoder,logstash-logback-encoder,logstash-logback-encoder-7.4,Java,,l/logstash-logback-encoder/logstash-logback-encoder.sh,https://github.com/logfellow/logstash-logback-encoder
logstash-logback-encoder,logstash-logback-encoder,4.9,Java,,l/logstash-logback-encoder/logstash-logback-encoder_rhel_7.3.sh,https://github.com/logstash/logstash-logback-encoder
logstash-logback-encoder,logstash-logback-encoder,4.9,Node,,l/logstash-logback-encoder/logstash-logback-encoder_ubuntu_16.04.sh,https://github.com/logstash/logstash-logback-encoder
logstash-output-elasticsearch,logstash-output-elasticsearch,v11.22.7,Ruby,,l/logstash-output-elasticsearch/logstash-output-elasticsearch.sh,https://github.com/logstash-plugins/logstash-output-elasticsearch
logstash-output-elasticsearch,logstash-output-elasticsearch,v11.22.2,Java,,l/logstash-output-elasticsearch/logstash-output-elasticsearch_ubi_8.9.sh,https://github.com/logstash-plugins/logstash-output-elasticsearch
lolex,lolex,v6.0.1,Node,,l/lolex/lolex.sh,https://github.com/sinonjs/lolex.git
long,long,4.0.0,Node,,l/long/long.sh,https://github.com/dcodeIO/long.js
long.js,long.js,v5.2.3,Node,Node:16,l/long.js/long.js.sh,https://github.com/dcodeIO/long.js.git
longest,longest,1.0.1,Node,,l/longest/longest.sh,https://github.com/jonschlinkert/longest
loopback-api-definition,loopback-api-definition,v3.2.0,Node,,l/loopback-api-definition/loopback-api-definition.sh,https://github.com/strongloop/loopback-api-definition.git
loopback-bluemix,loopback-bluemix,3.1.1,Node,,l/loopback-bluemix/loopback-bluemix.sh,https://github.com/strongloop/loopback-bluemix
loopback-boot,loopback-boot,3.0.1,Node,,l/loopback-boot/loopback-boot.sh,https://github.com/strongloop/loopback-boot.git
loopback-cli,loopback-cli,5.1.0,Node,,l/loopback-cli/loopback-cli.sh,https://github.com/strongloop/loopback-cli
loopback-component-explorer,loopback-component-explorer,4.2.0,Node,,l/loopback-component-explorer/loopback-component-explorer.sh,https://github.com/strongloop/loopback-component-explorer.git
loopback-component-passport,loopback-component-passport,3.3.0,Node,,l/loopback-component-passport/loopback-component-passport.sh,https://github.com/strongloop/loopback-component-passport.git
loopback-component-push,loopback-component-push,3.0.0,Node,,l/loopback-component-push/loopback-component-push.sh,https://github.com/strongloop/loopback-component-push.git
loopback-component-storage,loopback-component-storage,3.2.0,Node,,l/loopback-component-storage/loopback-component-storage.sh,https://github.com/strongloop/loopback-component-storage.git
loopback-connector,loopback-connector,v6.1.3,Java,Node:16,l/loopback-connector/loopback-connector.sh,https://github.com/loopbackio/loopback-connector
loopback-connector,loopback-connector,v6.1.0,Node,Node:16,l/loopback-connector/loopback-connector_ubi_8.7.sh,https://github.com/loopbackio/loopback-connector
loopback-connector,loopback-connector,4.2.1,Node,,l/loopback-connector/loopback-connector_ubuntu_16.04.sh,https://github.com/strongloop/loopback-connector.git
loopback-connector-grpc,loopback-connector-grpc,2.0.0,Node,,l/loopback-connector-grpc/loopback-connector-grpc.sh,https://github.com/strongloop/loopback-connector-grpc
loopback-connector-remote,loopback-connector-remote,3.1.1,Node,,l/loopback-connector-remote/loopback-connector-remote.sh,https://github.com/strongloop/loopback-connector-remote.git
loopback-connector-rest,loopback-connector-rest,v5.0.0,Node,Node:18,l/loopback-connector-rest/loopback-connector-rest.sh,https://github.com/loopbackio/loopback-connector-rest
loopback-connector-rest,loopback-connector-rest,2.1.0,Node,,l/loopback-connector-rest/loopback-connector-rest_ubuntu_16.04.sh,https://github.com/strongloop/loopback-connector-rest.git
loopback-connector-soap,loopback-connector-soap,v8.0.2,Node,Node:16,l/loopback-connector-soap/loopback-connector-soap.sh,https://github.com/loopbackio/loopback-connector-soap
loopback-connector-soap,loopback-connector-soap,4.0.0,Node,,l/loopback-connector-soap/loopback-connector-soap_ubuntu_16.04.sh,https://github.com/strongloop/loopback-connector-soap.git
loopback-context,loopback-context,1.0.0,Node,,l/loopback-context/loopback-context.sh,https://github.com/strongloop/loopback-context
loopback-datasource-juggler,loopback-datasource-juggler,master,Node,Node:16,l/loopback-datasource-juggler/loopback-datasource-juggler.sh,https://github.com/loopbackio/loopback-datasource-juggler
loopback-datasource-juggler,loopback-datasource-juggler,master,Node,Node:v18.19.0,l/loopback-datasource-juggler/loopback-datasource-juggler_ubi_8.7.sh,https://github.com/loopbackio/loopback-datasource-juggler
loopback-datasource-juggler,loopback-datasource-juggler,3.9.2,Node,,l/loopback-datasource-juggler/loopback-datasource-juggler_ubuntu_16.04.sh,https://github.com/strongloop/loopback-datasource-juggler.git
loopback-datatype-geopoint,loopback-datatype-geopoint,1.0.0,Node,,l/loopback-datatype-geopoint/loopback-datatype-geopoint.sh,https://github.com/strongloop/loopback-datatype-geopoint
loopback-explorer,loopback-explorer,4.2.0,Node,,l/loopback-explorer/loopback-explorer.sh,https://github.com/strongloop/loopback-explorer.git
loopback-filters,loopback-filters,1.1.0,Node,,l/loopback-filters/loopback-filters.sh,https://github.com/strongloop/loopback-filters
loopback-phase,loopback-phase,3.0.0,Node,,l/loopback-phase/loopback-phase.sh,https://github.com/strongloop/loopback-phase.git
loopback-sdk-android,loopback-sdk-android,1.6.0,Node,,l/loopback-sdk-android/loopback-sdk-android.sh,https://github.com/strongloop/loopback-sdk-android.git
loopback-sdk-angular-cli,loopback-sdk-angular-cli,3.0.0,Node,,l/loopback-sdk-angular-cli/loopback-sdk-angular-cli.sh,https://github.com/strongloop/loopback-sdk-angular-cli.git
loopback-soap,loopback-soap,1.3.2,Node,,l/loopback-soap/loopback-soap.sh,https://github.com/strongloop/loopback-soap
loopback-swagger,loopback-swagger,4.0.3,Node,,l/loopback-swagger/loopback-swagger.sh,https://github.com/strongloop/loopback-swagger.git
loose-envify,loose-envify,1.4.0,Node,,l/loose-envify/loose-envify.sh,https://github.com/zertosh/loose-envify
loose-envify,loose-envify,1.4.0,Node,,l/loose-envify/loose-envify_ubuntu_18.04.sh,https://github.com/zertosh/loose-envify
lower-case,lower-case,2.0.1,Node,,l/lower-case/lower-case.sh,https://github.com/blakeembrey/change-case
lowercase-keys,lowercase-keys,2.0.0,Node,,l/lowercase-keys/lowercase-keys.sh,https://github.com/sindresorhus/lowercase-keys
lubridate,lubridate,1.9.3,R,,l/lubridate/lubridate.sh,https://github.com/cran/lubridate.git
lucene-core,lucene-core,9.0,Java,,l/lucene-core/lucene-core_20.04.sh,https://github.com/apache/lucene
lucene-solr,lucene-solr,6.5.1,Java,,l/lucene-solr/lucene-solr.sh,http://git.apache.org/lucene-solr.git
lucene-solr,lucene-solr,6.5.1,Java,,l/lucene-solr/lucene-solr_ubuntu_16.04.sh,http://git.apache.org/lucene-solr.git
luigi,luigi,v3.6.0,Python,,l/luigi/luigi.sh,https://github.com/spotify/luigi.git
luigi,luigi,3.4.0,Python,,l/luigi/luigi_ubi_8.7.sh,https://github.com/spotify/luigi.git
lxml,lxml,lxml-4.9.2,Python,,l/lxml/lxml.sh,https://github.com/lxml/lxml.git
lz4,lz4,${1:-,Go,"Go:""1.16""",l/lz4/lz4.sh,https://github.com/pierrec/lz4
lz4-java,lz4-java,master,Java,,l/lz4-java/build.sh,https://github.com/lz4/lz4-java
lz4-java,lz4-java,master,Java,,l/lz4-java/lz-java.sh,https://github.com/lz4/lz4-java
lz4-java,lz4-java,1.7.1,Java,,l/lz4-java/lz4-java_1.5.0_1.7.1_ubi_8.3.sh,https://github.com/lz4/lz4-java.git
lz4-java,lz4-java,1.7.1,Java,,l/lz4-java/lz4-java_1.7.1_1.5.0.sh,https://github.com/lz4/lz4-java.git
lz4-java,lz4-java,1.7.1,Java,,l/lz4-java/lz4-java_1.7.1_1.5.0_ubuntu_18.04.sh,https://github.com/lz4/lz4-java.git
MinkZombieDriver,MinkZombieDriver,master,PHP,,m/MinkZombieDriver/mink-zombie-driver.sh,https://github.com/minkphp/MinkZombieDriver
MongoDB-driver-core,PACKAGE_NAME,v1.0.0,Java,,m/MongoDB-driver-core/MongoDB-driver-core.sh,https://github.com/org/repo
MongoDB-driver-core,MongoDB-driver-core,3.8.1/ 4.1.2,Java,,m/MongoDB-driver-core/MongoDB-driver-core_UBI_8.0.sh,https://github.com/mongodb/mongo-java-driver.git
MongoDB-driver-core,mongo-java-driver,r3.9.0,Java,,m/MongoDB-driver-core/mongo-java-driver-core_3.9.0.sh,https://github.com/mongodb/mongo-java-driver.git
MongoDB-driver-core,mongo-java-driver,r3.9.0,Java,,m/MongoDB-driver-core/mongodb-driver-core_3.9.0.sh,https://github.com/mongodb/mongo-java-driver.git
MongoDB-driver-core,mongo-java-driver,r3.9.0,Java,,m/MongoDB-driver-core/mongodb-driver-core_3.9.0_ubuntu_18.04.sh,https://github.com/mongodb/mongo-java-driver.git
MongoDB-driver-core,mongo-java-driver,r4.2.2,Java,,m/MongoDB-driver-core/mongodb-driver-core_4.1.2_4.2.2.sh,https://github.com/mongodb/mongo-java-driver.git
MongoDB-driver-core,mongo-java-driver,r4.2.2,Java,,m/MongoDB-driver-core/mongodb-driver-core_4.1.2_4.2.2_ubuntu_18.04.sh,https://github.com/mongodb/mongo-java-driver.git
MongoDB-driver-legacy,MongoDB-driver-legacy,3.8.1/ 4.1.2,Java,,m/MongoDB-driver-legacy/MongoDB-driver-legacy.sh,https://github.com/mongodb/mongo-java-driver.git
MongoDB-driver-legacy,mongo-java-driver,r4.2.2,Java,,m/MongoDB-driver-legacy/mongodb-driver-legacy_4.1.2_4.2.2.sh,https://github.com/mongodb/mongo-java-driver.git
MongoDB-driver-legacy,mongo-java-driver,r4.2.2,Java,,m/MongoDB-driver-legacy/mongodb-driver-legacy_4.1.2_4.2.2_ubuntu_18.04.sh,https://github.com/mongodb/mongo-java-driver.git
MongoDB-driver-sync,mongo-java-driver,3.9.0,Java,,m/MongoDB-driver-sync/mongodb-driver-sync_3.9.0_3.9.1.sh,https://github.com/mongodb/mongo-java-driver.git
MongoDB-driver-sync,mongo-java-driver,3.9.0,Java,,m/MongoDB-driver-sync/mongodb-driver-sync_3.9.0_3.9.1_ubuntu_18.04.sh,https://github.com/mongodb/mongo-java-driver.git
MongoDB-driver-sync,mongo-java-driver,4.1.2,Java,,m/MongoDB-driver-sync/mongodb-driver-sync_4.1.2_4.2.2.sh,https://github.com/mongodb/mongo-java-driver.git
MongoDB_driver_sync,mongo-java-driver,r3.9.0,Java,,"m/MongoDB_driver_sync/MongoDB-driver-sync(3.9.0, 3.9.1)_UBI_8.5.sh",https://github.com/mongodb/mongo-java-driver.git
MongoDB_driver_sync,mongo-java-driver,r4.1.2,Java,,"m/MongoDB_driver_sync/MongoDB-driver-sync(4.1.2, 4.2.2).sh",https://github.com/mongodb/mongo-java-driver.git
Morphia,morphia,r2.2.3,Java,,m/Morphia/morphia_2.2.3.sh,https://github.com/MorphiaOrg/morphia.git
Morphia-Core,Morphia-Core,1.6.1,Java,,m/Morphia-Core/Morphia-Core.sh,https://github.com/MorphiaOrg/morphia.git
Morphia-Core,morphia,r2.2.3,Java,,m/Morphia-Core/morphia_2.2.3.sh,https://github.com/MorphiaOrg/morphia.git
Morphia-Core,morphia,r2.2.3,Java,,m/Morphia-Core/morphia_2.2.3_ubuntu_18.04.sh,https://github.com/MorphiaOrg/morphia.git
maennchen__zipstream-php,maennchen/zipstream-php,2.1.0,PHP,,m/maennchen__zipstream-php/maennchen__zipstream-php.sh,https://github.com/maennchen/ZipStream-PHP
mail-api,mail-api,2.1.3,Java,,m/mail-api/mail-api.sh,https://github.com/jakartaee/mail-api
mailru__easyjson,mailru/easyjson,d5b7844b561a7bc640052f1b935f7b800330d7e0,Go,,m/mailru__easyjson/mailru__easyjson.sh,https://github.com/mailru/easyjson
maistra,maistra,maistra-2.1,Python,,m/maistra/maistra_envoy.sh,https://github.com/maistra/envoy
maistra,PACKAGE_NAME,v1.0.0,Python,,m/maistra/maistra_istio.sh,https://github.com/org/repo
maistra,maistra,maistra-1.1,Python,,m/maistra/maistra_istio_rhel_7.6.sh,https://github.com/Maistra/istio
maistra,PACKAGE_NAME,v1.0.0,Python,,m/maistra/maistra_proxy.sh,https://github.com/org/repo
maistra,maistra,maistra-1.1,Python,,m/maistra/maistra_proxy_rhel_7.6.sh,https://github.com/Maistra/proxy.git
maistra-istio-operator,maistra-istio-operator,maistra-1.1,Go,,m/maistra-istio-operator/maistra_istio_operator.sh,https://github.com/Maistra/istio-operator
maistra-test-tool-images,maistra-test-tool-images,v1.0.0,Go,,m/maistra-test-tool-images/Mirror_Disconnect.sh,https://github.com/maistra/maistra-test-tool/
make-dir,make-dir,v4.0.0,Node,Node:16,m/make-dir/make-dir.sh,https://github.com/sindresorhus/make-dir
make-dir,make-dir,3.1.0,Node,,m/make-dir/make-dir_rhel_8.3.sh,https://github.com/sindresorhus/make-dir
make-fetch-happen,make-fetch-happen,v13.0.0,Node,Node:16,m/make-fetch-happen/make-fetch-happen.sh,https://github.com/npm/make-fetch-happen
make-fetch-happen,make-fetch-happen,5.0.2,Node,,m/make-fetch-happen/make-fetch-happen_rhel_8.3.sh,https://github.com/npm/make-fetch-happen
make-iterator,make-iterator,1.0.1,Node,,m/make-iterator/make-iterator.sh,https://github.com/jonschlinkert/make-iterator
make-promises-safe,make-promises-safe,5.1.0,Node,,m/make-promises-safe/make-promises-safe.sh,https://github.com/mcollina/make-promises-safe
mallet,mallet,2.0,Java,,m/mallet/mallet.sh,https://github.com/mimno/Mallet.git
mallet,mallet,2.0,Java,,m/mallet/mallet_ubuntu_16.04.sh,https://github.com/mimno/Mallet.git
manageiq,npm_registry,v1.0.0,Node,,m/manageiq/npm_yarn_registry_cleanup.sh,https://github.com/org/repo
manageiq,container-assets,2.1.1,Python,,m/manageiq/phantomjs.sh,https://github.com/ariya/phantomjs/
manageiq,npm_registry,v1.0.0,Node,,m/manageiq/yarn_registry_setup.sh,https://github.com/org/repo
management-api-for-apache-cassandra,management-api-for-apache-cassandra,v0.1.90,Java,,m/management-api-for-apache-cassandra/management-api-for-apache-cassandra-v0.1.90-ubuntu22.04.sh,https://github.com/k8ssandra/${PACKAGE_NAME}.git
map-age-cleaner,map-age-cleaner,0.1.3,Node,,m/map-age-cleaner/map-age-cleaner.sh,https://github.com/SamVerschueren/map-age-cleaner
map-cache,map-cache,0.2.2,Node,,m/map-cache/map-cache.sh,https://github.com/jonschlinkert/map-cache.git
map-obj,map-obj,4.1.0,Node,,m/map-obj/map-obj.sh,https://github.com/sindresorhus/map-obj
map-stream,map-stream,0.1.0,Node,,m/map-stream/map-stream.sh,https://github.com/dominictarr/map-stream
map-visit,map-visit,1.0.0,Node,,m/map-visit/map-visit.sh,https://github.com/jonschlinkert/map-visit
mapdb,mapdb,master,Java,,m/mapdb/mapdb.sh,https://github.com/jankotek/mapdb
mapdb,mapdb,master,Java,,m/mapdb/mapdb_ubuntu_16.04.sh,https://github.com/jankotek/mapdb
mapstruct,mapstruct,1.2.0,Java,,m/mapstruct/mapstruct.sh,https://github.com/mapstruct/mapstruct
marathon-client,marathon-client,0.4.10,Java,,m/marathon-client/marathon-client.sh,https://github.com/willroden/marathon-client
marathon-client,marathon-client,0.4.10,Java,,m/marathon-client/marathon-client_ubuntu_16.04.sh,https://github.com/willroden/marathon-client
mariadb-connector-j,mariadb-connector-j,3.4.1,Java,,m/mariadb-connector-j/mariadb-connector-j.sh,https://github.com/mariadb-corporation/mariadb-connector-j
markbaker__matrix,markbaker/matrix,2.1.2,PHP,,m/markbaker__matrix/markbaker__matrix.sh,https://github.com/MarkBaker/PHPMatrix
markdown,markdown,${1:-,Python,,m/markdown/markdown.sh,https://github.com/Python-Markdown/markdown
markdown,markdown,3.5.1,Python,,m/markdown/markdown_ubi_8.7.sh,https://github.com/Python-Markdown/markdown
markdown-escapes,markdown-escapes,1.0.4,Node,,m/markdown-escapes/markdown-escapes.sh,https://github.com/wooorm/markdown-escapes
markdown-it,markdown-it,14.1.0,Node,Node:20,m/markdown-it/markdown-it.sh,https://github.com/markdown-it/markdown-it
markdown-it,markdown-it,8.4.2,Node,,m/markdown-it/markdown-it_rhel_8.3.sh,https://github.com/markdown-it/markdown-it
markdown-js,markdown-js,master,Node,,m/markdown-js/markdown-js.sh,https://github.com/evilstreak/markdown-js.git
markdown-parser,markdown-parser,0.0.8,Node,,m/markdown-parser/markdown-parser.sh,https://github.com/darul75/markdown-parser
marked,marked,0.3.19,Node,,m/marked/marked.sh,https://github.com/markedjs/marked.git
marked-terminal,marked-terminal,v4.1.0,Node,,m/marked-terminal/marked-terminal.sh,https://github.com/mikaelbr/marked-terminal.git
markupsafe,markupsafe,2.1.5,Python,,m/markupsafe/markupsafe.sh,https://github.com/pallets/markupsafe
markupsafe,markupsafe,3.0.2,Python,,m/markupsafe/markupsafe_3.0.2.sh,https://github.com/pallets/markupsafe
markupsafe,markupsafe,2.1.5,Python,,m/markupsafe/markupsafe_ubi_9.3.sh,https://github.com/pallets/markupsafe
masterminds__html5,masterminds/html5,2.7.0,PHP,,m/masterminds__html5/masterminds__html5.sh,https://github.com/Masterminds/html5-php
masterminds__squirrel,masterminds/squirrel,v1.4.0,Go,,m/masterminds__squirrel/masterminds__squirrel.sh,https://github.com/masterminds/squirrel
math-random,math-random,1.0.4,Node,,m/math-random/math-random.sh,https://github.com/michaelrhodes/math-random
mathjax,conda.recipe,v1.0.0,Node,,m/mathjax/build.sh,https://github.com/org/repo
mathjax,MathJax,3.2.2,Node,Node:16,m/mathjax/mathjax.sh,https://github.com/mathjax/MathJax
mathjax,mathjax,1.1,Node,,m/mathjax/mathjax_rhel_7.3.sh,https://github.com/mathjax/MathJax.git
mathjax,MathJax,${1:-,Node,,m/mathjax/mathjax_ubi_8.7.sh,https://github.com/mathjax/MathJax
mathjax,mathjax,1.1,Node,,m/mathjax/mathjax_ubuntu_16.04.sh,https://github.com/mathjax/MathJax.git
mathutil,mathutil,${1:-,Go,"Go:""1.17.4""",m/mathutil/mathutil.sh,https://gitlab.com/cznic/mathutil
matplotlib,matplotlib,v3.10.3,Python,,m/matplotlib/matplotlib.sh,https://github.com/matplotlib/matplotlib.git
matplotlib,matplotlib,v3.7.1,Python,,m/matplotlib/matplotlib_3.7.1.sh,https://github.com/matplotlib/matplotlib.git
matplotlib,matplotlib,v3.7.1,Python,,m/matplotlib/matplotlib_3.7.1_ubi_9.3.sh,https://github.com/matplotlib/matplotlib.git
matplotlib,matplotlib,v3.8.0,Python,,m/matplotlib/matplotlib_3.8.0.sh,https://github.com/matplotlib/matplotlib.git
matplotlib,matplotlib,v3.8.0,Python,,m/matplotlib/matplotlib_3.8.0_ubi_9.3.sh,https://github.com/matplotlib/matplotlib.git
matplotlib,matplotlib,v3.8.2,Python,,m/matplotlib/matplotlib_ubi_8.10.sh,https://github.com/matplotlib/matplotlib.git
matrixmodels,MatrixModels,0.5-3,R,,m/matrixmodels/matrixmodels.sh,https://github.com/cran/MatrixModels.git
matrixstats,matrixStats,1.3.0,R,,m/matrixstats/matrixstats.sh,https://github.com/cran/matrixStats.git
mattn__go-isatty,mattn/go-isatty,0.0.8,Go,,m/mattn__go-isatty/mattn__go-isatty.sh,https://github.com/mattn/go-isatty
mattn__go-shellwords,mattn/go-shellwords,1.0.3,Go,,m/mattn__go-shellwords/mattn__go-shellwords.sh,https://github.com/mattn/go-shellwords
maven-artifact,maven-artifact,trunk (Default),Java,,m/maven-artifact/maven-artifact.sh,https://github.com/apache/maven-artifact.git
md5.js,md5.js,1.3.5,Node,,m/md5.js/md5.js.sh,https://github.com/crypto-browserify/md5.js
mdast-add-list-metadata,mdast-add-list-metadata,1.1.0,Node,,m/mdast-add-list-metadata/mdast-add-list-metadata.sh,https://gitlab.com/staltz/mdast-add-list-metadata.git
mdast-util-definitions,mdast-util-definitions,6.0.0,Node,Node:16,m/mdast-util-definitions/mdast-util-definitions.sh,https://github.com/syntax-tree/mdast-util-definitions
mdn-data,mdn-data,2.0.4,Node,,m/mdn-data/mdn-data.sh,https://github.com/mdn/data
mdns,mdns,${1:-,Go,"Go:""1.17.4""",m/mdns/mdns.sh,https://github.com/hashicorp/mdns
mdp-toolkit,mdp-toolkit,master,Python,,m/mdp-toolkit/mdp-toolkit.sh,https://github.com/mdp-toolkit/mdp-toolkit
mdurl,mdurl,1.0.1,Node,,m/mdurl/mdurl.sh,https://github.com/markdown-it/mdurl
meant,meant,1.0.2,Node,,m/meant/meant.sh,https://github.com/watilde/meant
media-typer,media-typer,0.3.0,Node,,m/media-typer/media-typer.sh,https://github.com/jshttp/media-typer
mehrpadin__superfish,mehrpadin/superfish,2.1,PHP,,m/mehrpadin__superfish/mehrpadin__superfish.sh,https://github.com/mehrpadin/Superfish-for-Drupal
mem,mem,5.1.1,Node,,m/mem/mem.sh,https://github.com/sindresorhus/mem
mem-fs,mem-fs,1.2.0,Node,,m/mem-fs/mem-fs.sh,https://github.com/SBoudrias/mem-fs
mem-fs-editor,mem-fs-editor,7.1.0,Node,,m/mem-fs-editor/mem-fs-editor.sh,https://github.com/SBoudrias/mem-fs-editor
memoizee,memoizee,0.4.15,Node,,m/memoizee/memoizee.sh,https://github.com/medikoo/memoizee
memory-fs,memory-fs,0.4.1,Node,,m/memory-fs/memory-fs.sh,https://github.com/webpack/memory-fs
memorystream,memorystream,6d57b08,Node,,m/memorystream/memorystream.sh,https://github.com/JSBizon/node-memorystream.git
merge-deep,merge-deep,3.0.3,Node,,m/merge-deep/merge-deep.sh,https://github.com/jonschlinkert/merge-deep.git
merge-stream,merge-stream,2.0.0,Node,,m/merge-stream/merge-stream.sh,https://github.com/grncdr/merge-stream
merge2,merge2,1.3.0,Node,,m/merge2/merge2.sh,https://github.com/teambition/merge2
meros,meros,1.1.4,Node,,m/meros/meros.sh,https://github.com/maraisr/meros
meta-types,meta-types,v2.0.0,Node,Node:20,m/meta-types/meta-types.sh,https://github.com/grantila/meta-types
method-override,method-override,3.0.0,Node,,m/method-override/method-override.sh,https://github.com/expressjs/method-override
method_source,method_source,v0.9.2,Ruby,,m/method_source/method_source.sh,https://github.com/banister/method_source
methods,methods,1.1.2,Node,,m/methods/methods.sh,https://github.com/jshttp/methods
metricbeat,metricbeat,v8.13.4,Go,,m/metricbeat/metricbeat.sh,https://github.com/elastic/beats
metricbeat,metricbeat,v8.7.0,Go,,m/metricbeat/metricbeat_ubi_8.5.sh,https://github.com/elastic/beats
metrics-core,metrics,v4.0.7,Java,,m/metrics-core/metrics-core-v4.0.7.sh,https://github.com/dropwizard/metrics.git
metrics-core,metrics,v4.0.7,Java,,m/metrics-core/metrics-core-v4.0.7_ubi_9.3.sh,https://github.com/dropwizard/metrics.git
metrics-core,metrics,v4.2.18,Java,,m/metrics-core/metrics-core.sh,https://github.com/dropwizard/metrics.git
metrics-core,metrics-core,3.2.2,Java,,m/metrics-core/metrics-core_rhel_7.3.sh,https://github.com/dropwizard/metrics.git
metrics-core,metrics-core,3.2.2,Java,,m/metrics-core/metrics-core_ubuntu_16.04.sh,https://github.com/dropwizard/metrics.git
metrics-server,metrics-server,v0.3.2,Go,,m/metrics-server/metrics-server.sh,https://github.com/kubernetes-sigs/metrics-server
metro-mimepull,metro-mimepull,1.9.8,Java,,m/metro-mimepull/metro-mimepull.sh,https://github.com/javaee/metro-mimepull
mgutz_logxi,github.com/mgutz/logxi,v0.0.0-20161027140823-aebf8a7d67ab,Go,,m/mgutz_logxi/mgutz_logxi.sh,https://github.com/mgutz/logxi
microevent.ts,microevent.ts,0.1.1,Node,,m/microevent.ts/microevent.ts.sh,https://github.com/DirtyHairy/microevent
micromatch,micromatch,4.0.2,Node,,m/micromatch/micromatch.sh,https://github.com/micromatch/micromatch.git
micrometer-commons,micrometer-commons,v1.10.13,Java,,m/micrometer-commons/micrometer-commons.sh,https://github.com/micrometer-metrics/micrometer.git
micrometer-core,micrometer-core,v1.10.13,Java,,m/micrometer-core/micrometer-core.sh,https://github.com/micrometer-metrics/micrometer.git
micrometer-observation,micrometer-observation,v1.10.13,Java,,m/micrometer-observation/micrometer-observation.sh,https://github.com/micrometer-metrics/micrometer.git
micrometer-registry-prometheus,micrometer-registry-prometheus,1.0.6,Java,,m/micrometer-registry-prometheus/micrometer-registry-prometheus.sh,https://github.com/micrometer-metrics/micrometer
microprofile-config,microprofile-config,3.1,Java,,m/microprofile-config/microprofile-config.sh,https://github.com/eclipse/microprofile-config.git
microprofile-fault-tolerance,microprofile-fault-tolerance,4.1,Java,,m/microprofile-fault-tolerance/microprofile-fault-tolerance.sh,https://github.com/eclipse/microprofile-fault-tolerance.git
microprofile-health,microprofile-health,4.0.1,Java,,m/microprofile-health/microprofile-health.sh,https://github.com/eclipse/microprofile-health.git
microprofile-jwt-auth,microprofile-jwt-auth,2.1,Java,,m/microprofile-jwt-auth/microprofile-jwt-auth.sh,https://github.com/eclipse/microprofile-jwt-auth.git
microprofile-metrics,microprofile-metrics,5.1.1,Java,,m/microprofile-metrics/microprofile-metrics.sh,https://github.com/eclipse/microprofile-metrics.git
microprofile-open-api,microprofile-open-api,4.0,Java,,m/microprofile-open-api/microprofile-open-api.sh,https://github.com/eclipse/microprofile-open-api.git
microprofile-opentracing,microprofile-opentracing,3.0,Java,,m/microprofile-opentracing/microprofile-opentracing.sh,https://github.com/eclipse/microprofile-opentracing.git
microprofile-rest-client,microprofile-rest-client,4.0,Java,,m/microprofile-rest-client/microprofile-rest-client.sh,https://github.com/eclipse/microprofile-rest-client.git
microservice,microservice,1.0.0,Node,,m/microservice/microservice.sh,https://github.com/nherment/node-microservice
middie,middie,4.1.0,Node,,m/middie/middie.sh,https://github.com/fastify/middleman
migrate,migrate,v3.1.0,Go,,m/migrate/migrate.sh,https://github.com/golang-migrate/migrate
mikey179__vfsstream,mikey179/vfsstream,1.6.8,PHP,,m/mikey179__vfsstream/mikey179__vfsstream.sh,https://github.com/bovigo/vfsStream
miller-rabin,miller-rabin,4.0.1,Node,,m/miller-rabin/miller-rabin.sh,https://github.com/indutny/miller-rabin.git
milvus-lite,milvus-lite,v2.4.12,Python,,m/milvus-lite/milvus-lite.sh,https://github.com/milvus-io/milvus-lite
milvus-lite,milvus-lite,${SCRIPT_PACKAGE_VERSION},Python,,m/milvus-lite/milvus-lite_2.5.0.sh,https://github.com/milvus-io/milvus-lite
milvus-lite,milvus-lite,v2.4.12,Python,,m/milvus-lite/milvus-lite_ubi_9.3.sh,https://github.com/milvus-io/milvus-lite
milvus-operator,milvus-operator,v1.1.2,Go,,m/milvus-operator/milvus-operatorv1.1.2-ubi9.3.sh,https://github.com/zilliztech/${PACKAGE_NAME}
milvus-operator,milvus-operator,v1.1.2,Go,,m/milvus-operator/milvus-operatorv1.1.2-ubuntu22.04.sh,https://github.com/zilliztech/${PACKAGE_NAME}
mime,mime,2.5.2,Node,,m/mime/mime.sh,https://github.com/broofa/mime
mime-db,mime-db,v1.52.0,Node,Node:16,m/mime-db/mime-db.sh,https://github.com/jshttp/mime-db
mime-db,mime-db,1.45.0,Node,,m/mime-db/mime-db_rhel_8.3.sh,https://github.com/jshttp/mime-db
mime-types,mime-types,${1:-,Node,Node:16,m/mime-types/mime-types.sh,https://github.com/jshttp/mime-types
mimepull,mimepull,"1.9.6, 1.9.7",Java,,m/mimepull/mimepull.sh,https://github.com/javaee/metro-mimepull.git
mimic-fn,mimic-fn,2.1.0,Node,,m/mimic-fn/mimic-fn.sh,https://github.com/sindresorhus/mimic-fn
mimos,mimos,v4.1.1,Node,,m/mimos/mimos.sh,https://github.com/hapijs/mimos.git
mina-core,mina-core,2.0.0-M6,Java,,m/mina-core/mina-core.sh,https://github.com/apache/mina.git
mini-css-extract-plugin,mini-css-extract-plugin,0.9.0,Node,,m/mini-css-extract-plugin/mini-css-extract-plugin.sh,https://github.com/webpack-contrib/mini-css-extract-plugin
minimalistic-crypto-utils,minimalistic-crypto-utils,1.0.1,Node,,m/minimalistic-crypto-utils/minimalistic-crypto-utils.sh,https://github.com/indutny/minimalistic-crypto-utils
minimatch,minimatch,v9.0.3,Node,Node:16,m/minimatch/minimatch.sh,https://github.com/isaacs/minimatch
minimatch,minimatch,3.0.3,Node,,m/minimatch/minimatch_rhel_8.3.sh,https://github.com/isaacs/minimatch
minimist,minimist,1.2.5,Node,,m/minimist/minimist.sh,https://github.com/substack/minimist
minio-go,github.com/minio/minio-go/v6,v6.0.49,Go,,m/minio-go/minio-go.sh,https://github.com/minio/minio-go
minipass,minipass,3.1.3,Node,,m/minipass/minipass.sh,https://github.com/isaacs/minipass
minipass-flush,minipass-flush,main,Node,Node:16,m/minipass-flush/minipass-flush.sh,https://github.com/isaacs/minipass-flush
minipass-flush,minipass-flush,1.0.5,Node,,m/minipass-flush/minipass-flush_rhel_8.3.sh,https://github.com/isaacs/minipass-flush
minizlib,minizlib,1.0.4,Node,,m/minizlib/minizlib.sh,https://github.com/isaacs/minizlib
mink,mink,v1.10.0,PHP,,m/mink/mink-ubi_8.5.sh,https://github.com/minkphp/Mink
mink,mink,v1.8.0,PHP,,m/mink/mink.sh,https://github.com/minkphp/Mink
mink,mink,v1.8.0,PHP,,m/mink/mink_ubi_8.5.sh,https://github.com/minkphp/Mink
mink,Mink,v1.7.1,PHP,,m/mink/minkphp_mink.sh,https://github.com/minkphp/Mink
mink,Mink,v1.7.1,PHP,,m/mink/minkphp_mink_ubi_8.5.sh,https://github.com/minkphp/Mink
mink-goutte-driver,MinkGoutteDriver,v2.0.0,PHP,,m/mink-goutte-driver/mink-goutte-driver.sh,https://github.com/minkphp/MinkGoutteDriver
minkseleniumdriver,minkseleniumdriver,v1.4.0,PHP,,m/minkseleniumdriver/minkseleniumdriver.sh,https://github.com/minkphp/MinkSelenium2Driver.git
minlog,minlog,minlog-1.3.1,Java,,m/minlog/minlog.sh,https://github.com/EsotericSoftware/minlog.git
mint,mint,v0.0.0-20180715133206-93c51c6ce115,Go,,m/mint/mint.sh,https://github.com/bifurcation/mint
mitchellh__go-homedir,mitchellh/go-homedir,b8bc1bf767474819792c23f32d8286a45736f1c6,Go,,m/mitchellh__go-homedir/mitchellh__go-homedir.sh,https://github.com/mitchellh/go-homedir
mitchellh__mapstructure,mitchellh/mapstructure,bf4a414708fc0bd342b09ba68bdb9e0b90ad849b,Go,,m/mitchellh__mapstructure/mitchellh__mapstructure.sh,https://github.com/mitchellh/mapstructure
mixin-deep,mixin-deep,1.3.2,Node,,m/mixin-deep/mixin-deep.sh,https://github.com/jonschlinkert/mixin-deep
mixin-object,mixin-object,2.0.1,Node,,m/mixin-object/mixin-object.sh,https://github.com/jonschlinkert/mixin-object
mixme,mixme,0.4.0,Node,,m/mixme/mixme.sh,https://github.com/adaltas/node-mixme
mkdirp,mkdirp,1.0.4,Node,,m/mkdirp/mkdirp.sh,https://github.com/isaacs/node-mkdirp
mkdirp-promise,mkdirp-promise,1.1.0,Node,,m/mkdirp-promise/mkdirp-promise.sh,https://github.com/ahmadnassri/mkdirp-promise
ml_dtypes,ml_dtypes,v0.4.1,Python,,m/ml_dtypes/ml_dtypes_v0.4.1.sh,https://github.com/jax-ml/ml_dtypes.git
ml_dtypes,ml_dtypes,0.1.0,Python,,m/ml_dtypes/mldtypes.sh,https://github.com/jax-ml/ml_dtypes.git
ml_dtypes,ml_dtypes,0.1.0,Python,,m/ml_dtypes/mldtypes_ubi_9.3.sh,https://github.com/jax-ml/ml_dtypes.git
mobx,mobx,mobx@6.3.3,Node,,m/mobx/mobx.sh,https://github.com/mobxjs/mobx.git
mocha,mocha,5.2.0,Node,,m/mocha/mocha.sh,https://github.com/mochajs/mocha.git
mock,mock,5.2.0,Python,,m/mock/mock.sh,https://github.com/testing-cabal/mock
mock,mock,2.0.1,Python,,m/mock/mock_ubuntu_16.04.sh,https://github.com/testing-cabal/mock
mock-req,mock-req,master,Node,,m/mock-req/mock-req_ubi_8.5.sh.sh,https://github.com/diachedelic/mock-req
mock-spawn,mock-spawn,0.2.6,Node,,m/mock-spawn/mock-spawn.sh,https://github.com/gotwarlost/mock-spawn
mockery,mockery,e78b021dcb,Go,,m/mockery/mockery.sh,https://github.com/vektra/mockery
mockito,mockito,v5.12.0,Java,,m/mockito/mockito.sh,https://github.com/mockito/mockito.git
mockito-core,mockito-core,v3.4.0,Java,,m/mockito-core/mockito-core.sh,https://github.com/mockito/mockito.git
mockito-core,PACKAGE_NAME,v1.0.0,Java,,m/mockito-core/mockito.sh,https://github.com/org/repo
mockito-core,mockito-core,2.28.2,Java,,m/mockito-core/mockito_UBI_8.sh,https://github.com/mockito/mockito.git
modern-go__concurrent,modern-go/concurrent,bacd9c7ef1dd9b15be4a9909b8ac7a4e313eec94,Go,,m/modern-go__concurrent/modern-go__concurrent.sh,https://github.com/modern-go/concurrent
modern-go__reflect2,modern-go/reflect2,05fbef0ca5da472bbf96c9322b84a53edc03c9fd,Go,,m/modern-go__reflect2/modern-go__reflect2.sh,https://github.com/modern-go/reflect2
module-alias,module-alias,2.2.2,Node,,m/module-alias/module-alias.sh,https://github.com/ilearnio/module-alias
module-importer,module-importer,v1.0.1,Node,Node:16,m/module-importer/module-importer.sh,https://github.com/humanwhocodes/module-importer
moleculer,moleculer,v0.14.34,Node,Node:20,m/moleculer/moleculer.sh,https://github.com/moleculerjs/moleculer
moment,moment,2.30.1,Node,,m/moment/moment.sh,https://github.com/moment/moment.git
moment,moment,2.29.1,Node,,m/moment/moment_rhel_8.3.sh,https://github.com/moment/moment
moment,moment,2.22.2,Node,,m/moment/moment_ubuntu_18.04.sh,https://github.com/moment/moment.git
moment-timezone,moment-timezone,${1:-,Node,,m/moment-timezone/moment-timezone.sh,https://github.com/moment/moment-timezone
moment-timezone,moment-timezone,0.5.14,Node,,m/moment-timezone/moment-timezone_rhel_7.4.sh,https://github.com/moment/moment-timezone.git
moment-timezone,moment-timezone,0.5.33,Node,,m/moment-timezone/moment-timezone_rhel_8.3.sh,https://github.com/moment/moment-timezone
moment-timezone,moment-timezone,0.5.14,Node,,m/moment-timezone/moment-timezone_ubuntu_16.04.sh,https://github.com/moment/moment-timezone.git
mongo-go-driver,mongo-go-driver,v1.1.3,Go,,m/mongo-go-driver/mongo-go-driver.sh,https://github.com/mongodb/mongo-go-driver
mongo-java-driver,mongo-java-driver,3.6.0,Java,,m/mongo-java-driver/mongo-java-driver.sh,https://github.com/mongodb/mongo-java-driver.git
mongo-java-driver,mongo-java-driver,3.6.0,Java,,m/mongo-java-driver/mongo-java-driver_ubuntu_16.04.sh,https://github.com/mongodb/mongo-java-driver.git
mongo-python-driver,mongo-python-driver,4.6.0,Python,,m/mongo-python-driver/mongo-python-driver.sh,https://github.com/mongodb/mongo-python-driver
mongo-python-driver,mongo-python-driver,4.6.0,Python,,m/mongo-python-driver/mongo-python-driver_ubi_8.7.sh,https://github.com/mongodb/mongo-python-driver
mongo-ruby-driver,mongo-ruby-driver,2.4.2,Ruby,,m/mongo-ruby-driver/mongo-ruby-driver.sh,https://github.com/mongodb/mongo-ruby-driver.git
mongo-ruby-driver,mongo-ruby-driver,2.4.2,Ruby,,m/mongo-ruby-driver/mongo-ruby-driver_ubuntu_16.04.sh,https://github.com/mongodb/mongo-ruby-driver.git
mongodb,mongoDB_5_0,v1.0.0,Node,,m/mongodb/docker-entrypoint.sh,https://github.com/org/repo
mongodb-uri,mongodb-uri,0.9.7,Node,,m/mongodb-uri/mongodb-uri.sh,https://github.com/mongolab/mongodb-uri-node
mongoengine,mongoengine,v0.27.0,Java,,m/mongoengine/mongoengine.sh,https://github.com/MongoEngine/mongoengine
mongoengine,mongoengine,v0.19.1,Python,,m/mongoengine/mongoengine_rhel_7.6.sh,https://github.com/MongoEngine/mongoengine
mongoengine,mongoengine,v0.27.0,Java,,m/mongoengine/mongoengine_ubi_8.7.sh,https://github.com/MongoEngine/mongoengine
morgan,morgan,1.10.0,Node,,m/morgan/morgan.sh,https://github.com/expressjs/morgan
morgan,morgan,1.9.0,Node,,m/morgan/morgan_ubuntu_18.04.sh,https://github.com/expressjs/morgan
moul__http2curl,moul/http2curl,9ac6cf4d929b2fa8fd2d2e6dec5bb0feb4f4911d,Go,,m/moul__http2curl/moul__http2curl.sh,https://github.com/moul/http2curl
mout,mout,0.12.0,Node,,m/mout/mout.sh,https://github.com/mout/mout
move-concurrently,move-concurrently,1.0.1,Node,,m/move-concurrently/move-concurrently.sh,https://github.com/npm/move-concurrently
mpmath,mpmath,1.1.0,Python,,m/mpmath/mpmath.sh,https://github.com/mpmath/mpmath.git
mri,mri,1.1.4,Node,,m/mri/mri.sh,https://github.com/lukeed/mri
ms,ms,2.1.3,Node,,m/ms/ms.sh,https://github.com/vercel/ms
msgp,msgp,v1.1.3,Go,,m/msgp/msgp.sh,https://github.com/tinylib/msgp
msgpack-lite,msgpack-lite,0.1.26,Node,,m/msgpack-lite/msgpack-lite.sh,https://github.com/kawanet/msgpack-lite
msgpack-python,msgpack-python,v1.1.1,Python,,m/msgpack-python/msgpack-python.sh,https://github.com/msgpack/msgpack-python.git
msgpack-stream,msgpack-stream,0.0.13,Node,,m/msgpack-stream/msgpack-stream.sh,https://github.com/dominictarr/msgpack-stream
msgpack5,msgpack5,4.2.0,Node,,m/msgpack5/msgpack5.sh,https://github.com/mcollina/msgpack5
msgspec,msgspec,0.19.0,Python,,m/msgspec/msgspec.sh,https://github.com/jcrist/msgspec
msv,msv,msv-2022.7,Java,,m/msv/msv.sh,https://github.com/xmlark/msv.git
multicast-dns,multicast-dns,6.2.3,Node,,m/multicast-dns/multicast-dns.sh,https://github.com/mafintosh/multicast-dns
multicast-dns-service-types,multicast-dns-service-types,1.1.0,Node,,m/multicast-dns-service-types/multicast-dns-service-types.sh,https://github.com/mafintosh/multicast-dns-service-types
multidict,multidict,v6.0.2,Python,,m/multidict/multidict.sh,https://github.com/aio-libs/multidict.git
multierr,multierr,v1.1.0,Go,,m/multierr/multierr.sh,https://github.com/uber-go/multierr
multimatch,multimatch,5.0.0,Node,,m/multimatch/multimatch.sh,https://github.com/sindresorhus/multimatch
multipart,multipart,v1.2.1,Python,,m/multipart/multipart.sh,https://github.com/defnull/multipart
multipart,multipart,0.1,Python,,m/multipart/multipart_ubuntu_16.04.sh,https://github.com/defnull/multipart
multiple_fields_remove_button,multiple_fields_remove_button,8.x-1.0-alpha13,PHP,,m/multiple_fields_remove_button/multiple_fields_remove_button.sh,https://git.drupalcode.org/project/multiple_fields_remove_button.git
multus-cni,multus-cni,N/A,Go,,m/multus-cni/multus-cni_build_ppc64le_rhel7.6.sh.sh,https://github.com/openshift/multus-cni
murmur,murmur,murmur-1.0.0,Java,,m/murmur/murmur_1.0.0.sh,https://github.com/sangupta/murmur/
mute-stream,mute-stream,v1.0.0,Node,Node:16,m/mute-stream/mute-stream.sh,https://github.com/npm/mute-stream
mute-stream,mute-stream,0.0.8,Node,,m/mute-stream/mute-stream_rhel_8.3.sh,https://github.com/isaacs/mute-stream
mux-demux,mux-demux,3.7.9,Node,,m/mux-demux/mux-demux.sh,https://github.com/dominictarr/mux-demux
mv,mv,2.1.1,Node,,m/mv/mv.sh,https://github.com/andrewrk/node-mv
mxnet,mxnet,1.0.0,Python,,m/mxnet/mxnet_centos_7.4_gpu.sh,https://github.com/apache/incubator-mxnet.git
mxnet,mxnet,1.0.0,Python,,m/mxnet/mxnet_rhel_7.4_cpu.sh,https://github.com/apache/incubator-mxnet.git
mxnet,mxnet,1.0.0,Python,,m/mxnet/mxnet_ubuntu_16.04_cpu.sh,https://github.com/apache/incubator-mxnet.git
mxnet,mxnet,1.0.0,Python,,m/mxnet/mxnet_ubuntu_16.04_gpu.sh,https://github.com/apache/incubator-mxnet.git
mxnet,mxnet,1.0.0,Python,,m/mxnet/mxnet_ubuntu_16.04_gpu_1.0.0.sh,https://github.com/apache/incubator-mxnet.git
mybatis,mybatis,"3.4.2, 3.5.4",Java,,m/mybatis/mybatis.sh,https://github.com/mybatis/mybatis-3
mybatis-3,mybatis-3,mybatis-3.5.16,Java,,m/mybatis-3/mybatis-3.sh,https://github.com/mybatis/mybatis-3
myclabs__deep-copy,myclabs/deep-copy,1.9.5,PHP,,m/myclabs__deep-copy/myclabs__deep-copy.sh,https://github.com/myclabs/DeepCopy
myclabs__php-enum,myclabs/php-enum,1.8.0,PHP,,m/myclabs__php-enum/myclabs__php-enum.sh,https://github.com/myclabs/php-enum
mysql-connector-j,mysql-connector-j,9.0.0,Java,,m/mysql-connector-j/mysql-connector-j.sh,https://github.com/mysql/mysql-connector-j.git
mysql-connector-j,mysql-connector-j,8.0.28,Java,,m/mysql-connector-j/mysql-connector-j_ubi_8.5.sh,https://github.com/mysql/mysql-connector-j.git
mz,mz,2.7.0,Node,,m/mz/mz.sh,https://github.com/normalize/mz
named-placeholders,named-placeholders,1.1.2,Node,,n/named-placeholders/named-placeholders.sh,https://github.com/sidorares/named-placeholders
nan,nan,v2.19.0,Node,Node:16,n/nan/nan.sh,https://github.com/nodejs/nan
nan,nan,v2.15.0,Node,,n/nan/nan_ubi_8.4.sh,https://github.com/nodejs/nan
nano-css,nano-css,v5.6.2,Node,Node:20,n/nano-css/nano-css.sh,https://github.com/streamich/nano-css
narayana-spring-boot,narayana-spring-boot,release-2.6.0,Java,,n/narayana-spring-boot/narayana-spring-boot.sh,https://github.com/snowdrop/narayana-spring-boot
narayana-spring-boot,narayana-spring-boot,release-2.6.0,Java,,n/narayana-spring-boot/narayana-spring-boot_ubi_8.3.sh,https://github.com/snowdrop/narayana-spring-boot.git
nashorn,nashorn,main,Java,,n/nashorn/nashorn.sh,https://github.com/openjdk/nashorn
natefinch__lumberjack,lumberjack,v2.1,Go,,n/natefinch__lumberjack/natefinch__lumberjack.sh,https://github.com/natefinch/lumberjack
natefinch__lumberjack,natefinch/lumberjack,20b71e5b60d756d3d2f80def009790325acc2b23,Go,,n/natefinch__lumberjack/natefinch__lumberjack_rhel_8.3.sh,https://github.com/natefinch/lumberjack
native-duplexpair,native-duplexpair,1.0.0,Node,,n/native-duplexpair/native-duplexpair.sh,https://github.com/tediousjs/native-duplexpair
native-promise-only,native-promise-only,0.8.0-a,Node,,n/native-promise-only/native-promise-only.sh,https://github.com/getify/native-promise-only.git
nats-io__jwt,nats-io/jwt,v0.3.2,Go,,n/nats-io__jwt/nats-io__jwt.sh,https://github.com/nats-io/jwt
nats-io__nats.go,nats-io/nats.go,v1.9.2,Go,,n/nats-io__nats.go/nats-io__nats.go.sh,https://github.com/nats-io/nats.go
nats-io__nkeys,nats-io/nkeys,v0.1.4,Go,,n/nats-io__nkeys/nats-io__nkeys.sh,https://github.com/nats-io/nkeys
nats-io__nsc,nsc,2.7.3,PHP,,n/nats-io__nsc/nats-io_nsc.sh,https://github.com/nats-io/nsc.git
nats-io__nuid,nats-io/nuid,v1.0.1,Go,,n/nats-io__nuid/nats-io__nuid.sh,https://github.com/nats-io/nuid
nats-io_nats-server,nats-server,v2.10.14,Go,,n/nats-io_nats-server/nats-io_nata-server.sh,https://github.com/nats-io/nats-server
nats-io_nats-server,nats-server,v2.9.8,Go,,n/nats-io_nats-server/nats-io_nata-server_ubi_8.5.sh,https://github.com/nats-io/nats-server
nats-io_nats-server,nats-io/nats-server,v2.1.6,Go,,n/nats-io_nats-server/nats-io_nats-server.sh,https://github.com/nats-io/nats-server
nats-io_nats-server,nats-io/nats-server,v2.1.6,Go,,n/nats-io_nats-server/nats-io_nats-server_rhel_8.3.sh,https://github.com/nats-io/nats-server
nats-io_natscli,natscli,main (v0.0.34-32-g2b0a465),Go,,n/nats-io_natscli/nats-io_natscli.sh,https://github.com/nats-io/natscli
nats-streaming-server,PACKAGE_NAME,v1.0.0,Go,,n/nats-streaming-server/nats-streaming-server_0.3.8.sh,https://github.com/org/repo
nats-streaming-server,nats-streaming-server,0.3.8,Go,,n/nats-streaming-server/nats-streaming-server_0.3.8_ubuntu_16.04.sh,https://github.com/nats-io/nats-streaming-server
nats-streaming-server,nats-streaming-server,0.9.1,Go,,n/nats-streaming-server/nats-streaming-server_0.9.1.sh,https://github.com/nats-io/nats-streaming-server
nats.go,github.com/nats-io/nats.go,v1.10.0,Go,,n/nats.go/nats.go.sh,https://github.com/nats-io/nats.go
natsort,natsort,8.4.0,Python,,n/natsort/natsort.sh,https://github.com/SethMMorton/natsort
natural-compare,natural-compare,1.4.0,Node,,n/natural-compare/natural-compare.sh,https://github.com/litejs/natural-compare-lite
nb_config_manager,conda.recipe,v1.0.0,Python,,n/nb_config_manager/build.sh,https://github.com/org/repo
nb_config_manager,nb_config_manager,0.1.3,Python,,n/nb_config_manager/nb_config_manager.sh,https://github.com/Anaconda-Platform/nb_config_manager.git
nb_config_manager,nb_config_manager,0.1.3,Python,,n/nb_config_manager/nb_config_manager_ubuntu_16.04.sh,https://github.com/Anaconda-Platform/nb_config_manager.git
nbconvert,nbconvert,v7.16.4,Python,,n/nbconvert/nbconvert.sh,https://github.com/jupyter/nbconvert
nbconvert,nbconvert,v7.12.0,Python,,n/nbconvert/nbconvert_ubi_8.7.sh,https://github.com/jupyter/nbconvert
nbsetuptools,conda.recipe,v1.0.0,Python,,n/nbsetuptools/build.sh,https://github.com/org/repo
nbsetuptools,nbsetuptools,0.1.5,Python,,n/nbsetuptools/nbsetuptools.sh,https://github.com/Anaconda-Platform/nbsetuptools.git
nbsetuptools,nbsetuptools,0.1.5,Python,,n/nbsetuptools/nbsetuptools_ubuntu_16.04.sh,https://github.com/Anaconda-Platform/nbsetuptools.git
nconf,nconf,0.8.5,Node,,n/nconf/nconf.sh,https://github.com/flatiron/nconf
nconf-yaml,nconf-yaml,1.0.2,Node,,n/nconf-yaml/nconf-yaml.sh,https://github.com/tellnes/nconf-yaml
ndarray-ops,ndarray-ops,061007427b2ddd9e19775d43deb94a87b5fd1aef,Node,,n/ndarray-ops/ndarray-ops.sh,https://github.com/mikolalysenko/ndarray-ops.git
negotiator,negotiator,0.6.3,Node,Node:16,n/negotiator/negotiator.sh,https://github.com/jshttp/negotiator
negotiator,negotiator,0.6.1,Node,,n/negotiator/negotiator_rhel_8.3.sh,https://github.com/jshttp/negotiator
nekohtml,nekohtml,1.9.22,Java,,n/nekohtml/nekohtml.sh,https://github.com/codelibs/nekohtml
neo4j,5.9.0_ubi_8,v1.0.0,Java,,n/neo4j/docker-entrypoint.sh,https://github.com/org/repo
neo4j,neo4j,5.9.0,Java,,n/neo4j/neo4j-5.9.0-ubi8.7.sh,https://github.com/neo4j/neo4j.git
neo4j,neo4j,release/5.26.0,Java,,n/neo4j/neo4j_5.26.0.sh,https://github.com/neo4j/neo4j.git
neo4j-java-driver,neo4j-java-driver,5.23.0,Java,,n/neo4j-java-driver/neo4j-java-driver.sh,https://github.com/neo4j/neo4j-java-driver
neo4j-migrations,neo4j-migrations,2.13.3,Java,,n/neo4j-migrations/neo4j-migrations.sh,https://github.com/michael-simons/neo4j-migrations
nested-error-stacks,nested-error-stacks,2.1.0,Node,,n/nested-error-stacks/nested-error-stacks.sh,https://github.com/mdlavin/nested-error-stacks
nestedsortable,nestedSortable,master,Node,Node:18,n/nestedsortable/nestedsortable.sh,https://github.com/ilikenwf/nestedSortable
net-dns,net-dns,v0.9.0,Ruby,,n/net-dns/net-dns.sh,https://github.com/bluemonk/net-dns.git
netflix-commons,netflix-commons,0.3.0,Java,,n/netflix-commons/netflix-commons.sh,https://github.com/Netflix/netflix-commons.git
netflix-commons,netflix-commons,0.3.0,Java,,n/netflix-commons/netflix-commons_ubuntu_16.04.sh,https://github.com/Netflix/netflix-commons.git
netflix-eureka,netflix-eureka,2.0.0-rc.2,Java,,n/netflix-eureka/netflix-eureka.sh,https://github.com/Netflix/eureka.git
netflix-eureka,netflix-eureka,2.0.0-rc.2,Java,,n/netflix-eureka/netflix-eureka_ubuntu_16.04.sh,https://github.com/Netflix/eureka.git
netflix-feign,netflix-feign,8.18.0,Java,,n/netflix-feign/netflix-feign.sh,https://github.com/Netflix/feign.git
netflix-feign,netflix-feign,8.18.0,Java,,n/netflix-feign/netflix-feign_ubuntu_16.04.sh,https://github.com/Netflix/feign.git
netflix-frigga,netflix-frigga,0.18.0,Java,,n/netflix-frigga/netflix-frigga.sh,https://github.com/Netflix/frigga.git
netflix-frigga,netflix-frigga,0.18.0,Java,,n/netflix-frigga/netflix-frigga_ubuntu_16.04.sh,https://github.com/Netflix/frigga.git
netflix-governator,netflix-governator,1.16.0,Java,,n/netflix-governator/netflix-governator.sh,https://github.com/Netflix/governator.git
netflix-governator,netflix-governator,1.16.0,Java,,n/netflix-governator/netflix-governator_ubuntu_16.04.sh,https://github.com/Netflix/governator.git
netflix-pytheas,netflix-pytheas,1.29.1,Java,,n/netflix-pytheas/netflix-pytheas.sh,https://github.com/Netflix/pytheas
netflix-pytheas,netflix-pytheas,1.29.1,Java,,n/netflix-pytheas/netflix-pytheas_ubuntu_16.04.sh,https://github.com/Netflix/pytheas
netflix-ribbon,netflix-ribbon,v1.0.0,Java,,n/netflix-ribbon/ribbon.sh,https://github.com/java-native-access/jna
netlib,github.com/remyoudompheng/bigfft,v0.0.0-20190728182440-6a916e37a237,Go,,n/netlib/netlib.sh,gonum.org/v1/netlib/...
netns,netns,be1fbeda,Go,,n/netns/netns.sh,https://github.com/vishvananda/netns
nette-neon,neon,${1:-,PHP,,n/nette-neon/nette_neon.sh,https://github.com/nette/neon.git
netty,netty,netty-4.1.109.Final,Java,,n/netty/netty-4.1.109.Final.sh,https://github.com/netty/netty
netty,netty,netty-4.1.109.Final,Java,,n/netty/netty-4.1.109.Final_ubi_9.3.sh,https://github.com/netty/netty
netty,netty,netty-4.1.114.Final,Java,,n/netty/netty-4.1.114.Final.sh,https://github.com/netty/netty
netty,PACKAGE_NAME,netty-4.1.84.Final,Java,,n/netty/netty-4.1.84.Final.sh,https://github.com/netty/netty.git
netty,netty,netty-4.1.84.Final,Java,,n/netty/netty-4.1.84.Final_ubi_8.5.sh,https://github.com/netty/netty.git
netty,netty,netty-4.1.92.Final,Java,,n/netty/netty-4.1.92.Final.sh,https://github.com/netty/netty
netty,netty,netty-4.1.92.Final,Java,,n/netty/netty-4.1.92.Final_ubi_8.7.sh,https://github.com/netty/netty
netty,netty,netty-4.1.94.Final,Java,,n/netty/netty-4.1.94.Final.sh,https://github.com/netty/netty
netty,netty,netty-4.1.94.Final,Java,,n/netty/netty-4.1.94.Final_ubi_8.7.sh,https://github.com/netty/netty
netty,PACKAGE_NAME,v1.0.0,Java,,n/netty/netty_build_ppc64le.sh,https://github.com/org/repo
netty,netty,4.1.43.Final-SNAPSHOT,Java,,n/netty/netty_build_ppc64le_rhel7.6.sh,https://github.com/netty/netty
netty-all,netty-all,netty-4.1.58.Final,Java,,n/netty-all/netty-all.sh,https://github.com/netty/netty.git
netty-buffer,PACKAGE_NAME,netty-4.1.48.Final,Java,,n/netty-buffer/netty-buffer_v4.1.48.sh,https://github.com/netty/netty.git
netty-buffer,netty-buffer,netty-4.1.48.Final,Java,,n/netty-buffer/netty-buffer_v4.1.48_ubi8_3.sh,https://github.com/netty/netty.git
netty-buffer,netty-buffer,netty-4.1.60.Final,Java,,n/netty-buffer/netty-buffer_v4.1.60.sh,https://github.com/netty/netty.git
netty-codec,netty-codec,4.1.48.Final,Java,,n/netty-codec/netty_codec.sh,https://github.com/netty/netty
netty-codec-dns,netty-codec-dns,4.1.48.Final,Java,,n/netty-codec-dns/netty_codec_dns.sh,https://github.com/netty/netty
netty-codec-http,netty-codec-http,4.1.48.Final,Java,,n/netty-codec-http/netty_codec_http.sh,https://github.com/netty/netty
netty-codec-http2,PACKAGE_NAME,netty-4.1.48.Final,Java,,n/netty-codec-http2/netty-codec-http2_v4.1.48.sh,https://github.com/netty/netty.git
netty-codec-http2,netty-codec-http2,netty-4.1.48.Final,Java,,n/netty-codec-http2/netty-codec-http2_v4.1.48_ubi8_3.sh,https://github.com/netty/netty.git
netty-codec-http2,netty-codec-http2,netty-4.1.60.Final,Java,,n/netty-codec-http2/netty-codec-http2_v4.1.60.sh,https://github.com/netty/netty.git
netty-codec-socks,netty-codec-socks,netty-4.1.60.Final,Java,,n/netty-codec-socks/netty-codec-socks.sh,https://github.com/netty/netty.git
netty-common,PACKAGE_NAME,netty-4.1.48.Final,Java,,n/netty-common/netty-common_v4.1.48.sh,https://github.com/netty/netty.git
netty-common,netty-common,netty-4.1.48.Final,Java,,n/netty-common/netty-common_v4.1.48_ubi8_3.sh,https://github.com/netty/netty.git
netty-common,netty-common,netty-4.1.60.Final,Java,,n/netty-common/netty-common_v4.1.60.sh,https://github.com/netty/netty.git
netty-handler,netty-handler,netty-4.1.60.Final,Java,,n/netty-handler/netty-handler_v4.1.60.sh,https://github.com/netty/netty.git
netty-handler-proxy,netty-handler-proxy,netty-4.1.29.Final,Java,,n/netty-handler-proxy/netty-handler-proxy_4.1.29.Final.sh,https://github.com/netty/netty.git
netty-handler-proxy,PACKAGE_NAME,netty-4.1.48.Final,Java,,n/netty-handler-proxy/netty-handler-proxy_v4.1.48.sh,https://github.com/netty/netty.git
netty-handler-proxy,netty-handler-proxy,netty-4.1.48.Final,Java,,n/netty-handler-proxy/netty-handler-proxy_v4.1.48_ubi8_3.sh,https://github.com/netty/netty.git
netty-handler-proxy,PACKAGE_NAME,netty-4.1.60.Final,Java,,n/netty-handler-proxy/netty-handler-proxy_v4.1.60.sh,https://github.com/netty/netty.git
netty-handler-proxy,netty-handler-proxy,netty-4.1.60.Final,Java,,n/netty-handler-proxy/netty-handler-proxy_v4.1.60_ubi8_3.sh,https://github.com/netty/netty.git
netty-resolver,PACKAGE_NAME,netty-4.1.48.Final,Java,,n/netty-resolver/netty-resolver_v4.1.48.sh,https://github.com/netty/netty.git
netty-resolver,netty-resolver,netty-4.1.48.Final,Java,,n/netty-resolver/netty-resolver_v4.1.48_ubi8_3.sh,https://github.com/netty/netty.git
netty-resolver,netty-resolver,netty-4.1.60.Final,Java,,n/netty-resolver/netty-resolver_v4.1.60.sh,https://github.com/netty/netty.git
netty-resolver-dns,netty-resolver-dns,netty-4.1.29.Final,Java,,n/netty-resolver-dns/netty-resolver-dns_4.1.29.Final.sh,https://github.com/netty/netty.git
netty-resolver-dns,PACKAGE_NAME,netty-4.1.48.Final,Java,,n/netty-resolver-dns/netty-resolver-dns_v4.1.48.sh,https://github.com/netty/netty.git
netty-resolver-dns,netty-resolver-dns,netty-4.1.48.Final,Java,,n/netty-resolver-dns/netty-resolver-dns_v4.1.48_ubi8_3.sh,https://github.com/netty/netty.git
netty-resolver-dns,PACKAGE_NAME,netty-4.1.60.Final,Java,,n/netty-resolver-dns/netty-resolver-dns_v4.1.60.sh,https://github.com/netty/netty.git
netty-resolver-dns,netty-resolver-dns,netty-4.1.60.Final,Java,,n/netty-resolver-dns/netty-resolver-dns_v4.1.60_ubi8_3.sh,https://github.com/netty/netty.git
netty-tcnative,netty-tcnative,$1,Java,,n/netty-tcnative/netty-tcnative.sh,https://github.com/netty/netty-tcnative.git
netty-tcnative,netty-tcnative,2.0.9,Java,,n/netty-tcnative/netty-tcnative_ubuntu_16.04.sh,https://github.com/netty/netty-tcnative.git
netty-tcnative,PACKAGE_NAME,v1.0.0,Python,,n/netty-tcnative/netty_tcnative_build_ppc64le.sh,https://github.com/org/repo
netty-tcnative,netty-tcnative,2.0.25.Final,Python,,n/netty-tcnative/netty_tcnative_build_ppc64le_rhel7.6.sh,https://github.com/netty/netty-tcnative/tree/netty-tcnative-parent-2.0.25.Final
netty-transport,PACKAGE_NAME,netty-4.1.48.Final,Java,,n/netty-transport/netty-transport_v4.1.48.sh,https://github.com/netty/netty.git
netty-transport,netty-transport,netty-4.1.48.Final,Java,,n/netty-transport/netty-transport_v4.1.48_ubi8_3.sh,https://github.com/netty/netty.git
netty-transport,netty-transport,netty-4.1.60.Final,Java,,n/netty-transport/netty-transport_v4.1.60.sh,https://github.com/netty/netty.git
netty-transport-native-epoll,netty-transport-native-epoll,netty-4.1.60.Final,Java,,n/netty-transport-native-epoll/netty-transport-native-epoll.sh,https://github.com/netty/netty.git
newrelic__native-metrics,@newrelic/native-metrics,6.0.0,Node,,n/newrelic__native-metrics/newrelic__native-metrics.sh,https://github.com/newrelic/node-native-metrics
newrelic__superagent,@newrelic/superagent,4.0.0,Node,,n/newrelic__superagent/newrelic__superagent.sh,https://github.com/newrelic/node-newrelic-superagent
nexe,nexe,2.0.0-rc.34,Node,,n/nexe/nexe.sh,https://github.com/nexe/nexe
next-tick,next-tick,fe7d65b,Node,,n/next-tick/next-tick.sh,https://github.com/medikoo/next-tick.git
next-tick,next-tick,1.1.0,Node,,n/next-tick/next-tick_rhel_8.3.sh,https://github.com/medikoo/next-tick
nfs-client-provisioner,nfs-client-provisioner,2.0.1,Go,,n/nfs-client-provisioner/nfs-client-provisioner-ubi8.sh,https://github.com/kubernetes-incubator/external-storage/tree/master/nfs-client
ng-annotate,ng-annotate,1.2.1,Node,,n/ng-annotate/ng-annotate.sh,https://github.com/olov/ng-annotate
ng-resize,ng-resize,3909f67,Node,,n/ng-resize/ng-resize.sh,https://github.com/danmasta/ng-resize.git
ng2d3,ng2d3,7.0.1,Node,,n/ng2d3/ng2d3.sh,https://github.com/swimlane/ng2d3.git
nice-try,nice-try,1.0.5,Node,,n/nice-try/nice-try.sh,https://github.com/electerious/nice-try
nigel,nigel,v3.1.1,Node,,n/nigel/nigel.sh,https://github.com/hapijs/nigel.git
nikic__php-parser,nikic/php-parser,4.10.4,PHP,,n/nikic__php-parser/nikic__php-parser.sh,https://github.com/nikic/PHP-Parser
nimbus-content-type,nimbus-content-type,2.3,Java,,n/nimbus-content-type/nimbus-content-type.sh,https://bitbucket.org/connect2id/nimbus-content-type.git
nimbus-language-tags,nimbus-language-tags,1.7,Java,,n/nimbus-language-tags/nimbus-language-tags.sh,https://bitbucket.org/connect2id/nimbus-language-tags.git
nise,nise,4.0.4,Node,,n/nise/nise.sh,https://github.com/sinonjs/nise
njwt,njwt,1.0.0,Node,,n/njwt/njwt.sh,https://github.com/jwtk/njwt
nltk,nltk,develop,Python,,n/nltk/nltk.sh,https://github.com/nltk/nltk
no-case,no-case,3.0.4,Node,,n/no-case/no-case.sh,https://github.com/blakeembrey/change-case
nocache,nocache,2.0.0,Node,,n/nocache/nocache.sh,https://github.com/helmetjs/nocache
nock,nock,11.7.2,Node,,n/nock/nock.sh,https://github.com/nock/nock
node-asn1,node-asn1,master,Node,Node:16,n/node-asn1/node-asn1.sh,https://github.com/TritonDataCenter/node-asn1
node-assert-plus,node-assert-plus,master,Node,Node:16,n/node-assert-plus/node-assert-plus.sh,https://github.com/TritonDataCenter/node-assert-plus
node-assert-plus,node-assert-plus,v0.1.5,Node,,n/node-assert-plus/node-assert-plus_ubi_8.5.sh,https://github.com/mcavage/node-assert-plus
node-assert-plus,node-assert-plus,1.0.0,Node,,n/node-assert-plus/node-assert-plus_ubuntu_18.04.sh,https://github.com/mcavage/node-assert-plus.git
node-backoff,node-backoff,v2.5.0,Node,,n/node-backoff/node-backoff.sh,https://github.com/MathieuTurcotte/node-backoff.git
node-buffer-more-ints,node-buffer-more-ints,e0909f1,Node,Node:9,n/node-buffer-more-ints/node-buffer-more-ints.sh,https://github.com/dpw/node-buffer-more-ints
node-cache,node-cache,5.1.2,Node,,n/node-cache/node-cache.sh,https://github.com/node-cache/node-cache
node-canvas,node-canvas,v2.11.2,Node,Node:20,n/node-canvas/node-canvas.sh,https://github.com/Automattic/node-canvas
node-clone,node-clone,2.1.2,Node,,n/node-clone/node-clone.sh,https://github.com/pvorb/node-clone.git
node-cross-spawn,node-cross-spawn,v6.0.5,Node,,n/node-cross-spawn/node-cross-spawn.sh,https://github.com/moxystudio/node-cross-spawn
node-ctype,node-ctype,0.5.5,Node,,n/node-ctype/node-ctype.sh,https://github.com/rmustacc/node-ctype.git
node-dashdash,node-dashdash,1.14.1,Node,,n/node-dashdash/node-dashdash.sh,https://github.com/trentm/node-dashdash.git
node-data-uri-to-buffer,node-data-uri-to-buffer,4.0.1,Node,Node:18,n/node-data-uri-to-buffer/node-data-uri-to-buffer.sh,https://github.com/TooTallNate/node-data-uri-to-buffer
node-editor,node-editor,1.0.0,Node,,n/node-editor/node-editor.sh,https://github.com/substack/node-editor.git
node-emoji,node-emoji,1.10.0,Node,,n/node-emoji/node-emoji.sh,https://github.com/omnidan/node-emoji
node-environment-flags,node-environment-flags,1.0.6,Node,,n/node-environment-flags/node-environment-flags.sh,https://github.com/boneskull/node-environment-flags
node-exporter,node-exporter,0.15.0,Go,,n/node-exporter/node-exporter.sh,https://github.com/prometheus/node_exporter
node-fd-slicer,node-fd-slicer,1.1.0,Node,,n/node-fd-slicer/node-fd-slicer.sh,https://github.com/andrewrk/node-fd-slicer.git
node-fetch,node-fetch,v3.3.2,Node,Node:16,n/node-fetch/node-fetch.sh,https://github.com/node-fetch/node-fetch.git
node-fetch,node-fetch,2.2.0,Node,,n/node-fetch/node-fetch_ubuntu_18.04.sh,https://github.com/bitinn/node-fetch
node-fetch-h2,node-fetch-h2,v2.3.0,Node,,n/node-fetch-h2/node-fetch-h2.sh,https://github.com/MikeRalphson/node-fetch-h2.git
node-fetch-npm,node-fetch-npm,${1:-,Node,Node:v12.22.4,n/node-fetch-npm/node-fetch-npm.sh,https://github.com/npm/node-fetch-npm
node-fibers,node-fibers,v5.0.2,Node,Node:14,n/node-fibers/node-fibers.sh,https://github.com/laverdet/node-fibers
node-forge,node-forge,0.10.0,Node,,n/node-forge/node-forge.sh,https://github.com/digitalbazaar/forge
node-getobject,node-getobject,84c746c,Node,,n/node-getobject/node-getobject.sh,https://github.com/cowboy/node-getobject.git
node-glob,node-glob,af57da21c7722bb6edb687ccd4ad3b99d3e7a333,Node,,n/node-glob/node-glob.sh,https://github.com/isaacs/node-glob
node-graceful-fs,node-graceful-fs,v4.2.11,Node,Node:18,n/node-graceful-fs/node-graceful-fs.sh,https://github.com/isaacs/node-graceful-fs
node-graceful-fs,node-graceful-fs,v4.2.3,Node,,n/node-graceful-fs/node-graceful-fs_ubi_8.5.sh,https://github.com/isaacs/node-graceful-fs.git
node-hashtable,node-hashtable,2.0.2,Node,,n/node-hashtable/node-hashtable.sh,https://github.com/chad3814/node-hashtable.git
node-heapdump,node-heapdump,0.3.9,Node,,n/node-heapdump/node-heapdump.sh,https://github.com/bnoordhuis/node-heapdump.git
node-http-proxy,node-http-proxy,1.16.2,Node,,n/node-http-proxy/node-http-proxy.sh,https://github.com/nodejitsu/node-http-proxy.git
node-http-proxy,node-http-proxy,1.16.2,Node,,n/node-http-proxy/node-http-proxy_ubuntu_16.04.sh,https://github.com/nodejitsu/node-http-proxy.git
node-http-proxy-agent,node-http-proxy-agent,5.0.0,Node,Node:16,n/node-http-proxy-agent/node-http-proxy-agent.sh,https://github.com/TooTallNate/node-http-proxy-agent
node-http-proxy-agent,node-http-proxy-agent,5.0.0,Node,,n/node-http-proxy-agent/node-http-proxy-agent_ubi_8.5.sh,https://github.com/TooTallNate/node-http-proxy-agent.git
node-https-proxy-agent,node-https-proxy-agent,2.2.4,Node,,n/node-https-proxy-agent/node-https-proxy-agent.sh,https://github.com/TooTallNate/node-https-proxy-agent.git
node-ignore,node-ignore,${1:7.0.0},Node,Node:20,n/node-ignore/node-ignore.sh,https://github.com/kaelzhang/node-ignore
node-int64,node-int64,0.4.0,Node,,n/node-int64/node-int64.sh,https://github.com/broofa/node-int64
node-jersey,node-jersey,1.19,Node,,n/node-jersey/node-jersey.sh,https://github.com/mojodna/node-jersey.git
node-jose,node-jose,2.0.0,Node,,n/node-jose/node-jose.sh,https://github.com/cisco/node-jose
node-jwks-rsa,node-jwks-rsa,v3.0.1,Java,,n/node-jwks-rsa/node-jwks-rsa.sh,https://github.com/auth0/node-jwks-rsa.git
node-lint,lint,6.8.1,Node,Node:16,n/node-lint/node-lint.sh,https://github.com/codemirror/lint
node-mocks-http,node-mocks-http,1.10.1,Node,,n/node-mocks-http/node-mocks-http.sh,https://github.com/howardabrams/node-mocks-http
node-newrelic,node-newrelic,v12.5.0,Node,Node:20,n/node-newrelic/node-newrelic.sh,https://github.com/newrelic/node-newrelic
node-normalize,node-normalize,0.3.1,Node,,n/node-normalize/node-normalize.sh,https://github.com/nulltask/normalize.styl
node-notifier,node-notifier,5.4.3,Node,,n/node-notifier/node-notifier.sh,https://github.com/mikaelbr/node-notifier
node-oauth,node-oauth,0.0.7,Node,,n/node-oauth/node-oauth.sh,https://github.com/ciaranj/node-oauth.git
node-object-hash,node-object-hash,1.4.2,Node,,n/node-object-hash/node-object-hash.sh,https://github.com/SkeLLLa/node-object-hash
node-pg-types,node-pg-types,e018c05,Node,,n/node-pg-types/node-pg-types.sh,https://github.com/brianc/node-pg-types.git
node-pre-gyp,node-pre-gyp,v1.0.11,Node,Node:16,n/node-pre-gyp/node-pre-gyp.sh,https://github.com/mapbox/node-pre-gyp
node-prometheus-gc-stats,node-prometheus-gc-stats,${1:v1.1.0},Node,Node:20,n/node-prometheus-gc-stats/node-prometheus-gc-stats.sh,https://github.com/SimenB/node-prometheus-gc-stats
node-proper-lockfile,node-proper-lockfile,v4.1.1,Node,,n/node-proper-lockfile/node-proper-lockfile.sh,https://github.com/moxystudio/node-proper-lockfile.git
node-red,node-red,3.0.2,Node,,n/node-red/node-red.sh,https://github.com/node-red/node-red.git
node-rsa,node-rsa,1.0.8,Node,,n/node-rsa/node-rsa.sh,https://github.com/rzcoder/node-rsa
node-sass,PACKAGE_NAME,v1.0.0,Node,,n/node-sass/node-sass-v4.14.1.sh,https://github.com/org/repo
node-sass,node-sass,v4.14.1,Node,,n/node-sass/node-sass-v4.14.1_UBI_8.4.sh,https://github.com/sass/node-sass.git
node-sass,node-sass,v8.0.0,Node,,n/node-sass/node-sass_v8.0.0.sh,https://github.com/sass/node-sass.git
node-sass,node-sass,v4.14.1,Node,,n/node-sass/node_sass_4.14.1.sh,https://github.com/sass/node-sass.git
node-sass,node-sass,v4.14.1,Node,,n/node-sass/node_sass_4.14.1_ubuntu_18.04.sh,https://github.com/sass/node-sass.git
node-semver,node-semver,v5.0.0,Node,,n/node-semver/node-semver.sh,https://github.com/npm/node-semver.git
node-socks-proxy-agent,node-socks-proxy-agent,6.0.0,Node,,n/node-socks-proxy-agent/node-socks-proxy-agent.sh,https://github.com/TooTallNate/node-socks-proxy-agent
node-spdy,node-spdy,661b14a,Node,,n/node-spdy/node-spdy.sh,https://github.com/spdy-http2/node-spdy.git
node-stack-trace,node-stack-trace,v0.0.10,Node,,n/node-stack-trace/node-stack-trace.sh,https://github.com/felixge/node-stack-trace
node-stream-transform,node-stream-transform,v2.0.1,Node,,n/node-stream-transform/node-stream-transform.sh,https://github.com/adaltas/node-stream-transform.git
node-xml-encryption,node-xml-encryption,v2.0.0,Node,Node:16,n/node-xml-encryption/node-xml-encryption.sh,https://github.com/auth0/node-xml-encryption
node-xml2js,node-xml2js,7bc3c5d,Node,,n/node-xml2js/node-xml2js.sh,https://github.com/Leonidas-from-XIV/node-xml2js.git
node-yaml,node-yaml,3.0.3,Node,,n/node-yaml/node-yaml.sh,https://github.com/octet-stream/node-yaml
node.extend,node.extend,1.1.8,Node,,n/node.extend/node.extend.sh,https://github.com/dreamerslab/node.extend
nodejs-walker,nodejs-walker,master,Node,,n/nodejs-walker/nodejs-walker.sh,https://github.com/daaku/nodejs-walker
nodejs-wheel,nodejs-wheel,v22.20.0,Python,,n/nodejs-wheel/nodejs-wheel-binaries_22.20.0.sh,https://github.com/njzjz/nodejs-wheel.git
nodelib,nodelib,${1:-,Node,Node:16,n/nodelib/nodelib.sh,https://github.com/nodelib/nodelib
nodelib,nodelib,@nodelib/fs.walk@1.2.8,Node,,n/nodelib/nodelib_1.2.8.sh,https://github.com/nodelib/nodelib
nodelib,nodelib,${1:-,Node,,n/nodelib/nodelib_1.2.8_ubi_8.7.sh,https://github.com/nodelib/nodelib
nodelib,nodelib,d6a7960,Node,,n/nodelib/nodelib_ubi_8.5.sh,https://github.com/nodelib/nodelib
nodemailer,nodemailer,4.6.7,Node,,n/nodemailer/nodemailer.sh,https://github.com/nodemailer/nodemailer
nodemailer-direct-transport,nodemailer-direct-transport,3.3.2,Node,,n/nodemailer-direct-transport/nodemailer-direct-transport.sh,https://github.com/andris9/nodemailer-direct-transport
nodemailer-shared,nodemailer-shared,1.1.0,Node,,n/nodemailer-shared/nodemailer-shared.sh,https://github.com/nodemailer/nodemailer-shared
nodemailer-smtp-pool,nodemailer-smtp-pool,2.8.2,Node,,n/nodemailer-smtp-pool/nodemailer-smtp-pool.sh,https://github.com/andris9/nodemailer-smtp-pool
nodemailer-smtp-transport,nodemailer-smtp-transport,2.7.2,Node,,n/nodemailer-smtp-transport/nodemailer-smtp-transport.sh,https://github.com/andris9/nodemailer-smtp-transport
nodemailer-stub-transport,nodemailer-stub-transport,1.1.0,Node,,n/nodemailer-stub-transport/nodemailer-stub-transport.sh,https://github.com/andris9/nodemailer-stub-transport
nodemailer-wellknown,nodemailer-wellknown,0.1.10,Node,,n/nodemailer-wellknown/nodemailer-wellknown.sh,https://github.com/andris9/nodemailer-wellknown
noggit,noggit,noggit-0.8,Java,,n/noggit/noggit.sh,https://github.com/yonik/noggit.git
noggit,noggit,"0.6, 0.8",Java,,n/noggit/noggit_rhel_7.6.sh,https://github.com/yonik/noggit
nomad,nomad,v1.7.6,Java,,n/nomad/nomad.sh,https://github.com/hashicorp/nomad
nomad,nomad,v1.7.6,Java,,n/nomad/nomad_ubi_8_5.sh,https://github.com/hashicorp/nomad
nopt,nopt,v7.2.0,Node,Node:16,n/nopt/nopt.sh,https://github.com/npm/nopt
nopt,nopt,2.1.2,Node,,n/nopt/nopt_rhel_8.3.sh,https://github.com/npm/nopt
normalize-css,normalize-css,8.0.0,Node,,n/normalize-css/normalize-css.sh,https://github.com/necolas/normalize.css.git
normalize-git-url,normalize-git-url,3.0.2,Node,,n/normalize-git-url/normalize-git-url.sh,https://github.com/npm/normalize-git-url
normalize-package-data,normalize-package-data,v6.0.0,Node,Node:16,n/normalize-package-data/normalize-package-data.sh,https://github.com/npm/normalize-package-data
normalize-package-data,normalize-package-data,2.5.0,Node,,n/normalize-package-data/normalize-package-data_rhel_8.3.sh,https://github.com/npm/normalize-package-data
normalize-path,normalize-path,3.0.0,Node,,n/normalize-path/normalize-path.sh,https://github.com/jonschlinkert/normalize-path
normalize-scroll-left,normalize-scroll-left,0.1.2,Node,,n/normalize-scroll-left/normalize-scroll-left.sh,https://github.com/alitaheri/normalize-scroll-left
normalize-url,normalize-url,v6.1.0,Node,,n/normalize-url/normalize-url.sh,https://github.com/sindresorhus/normalize-url
normalize.css,normalize.css,7.0.0,Node,,n/normalize.css/normalize.css.sh,https://github.com/necolas/normalize.css.git
notebook,notebook,v6.5.4,Python,,n/notebook/notebook.sh,https://github.com/jupyter/notebook
nova,nova,29.1.0,Python,,n/nova/nova.sh,https://github.com/openstack/nova
npm-audit-report,npm-audit-report,v5.0.0,Node,Node:16,n/npm-audit-report/npm-audit-report.sh,https://github.com/npm/npm-audit-report
npm-audit-report,npm-audit-report,1.3.3,Node,,n/npm-audit-report/npm-audit-report_rhel_8.3.sh,https://github.com/npm/npm-audit-report
npm-bundled,npm-bundled,v3.0.0,Node,Node:16,n/npm-bundled/npm-bundled.sh,https://github.com/npm/npm-bundled
npm-bundled,npm-bundled,1.0.3,Node,,n/npm-bundled/npm-bundled_rhel_8.3.sh,https://github.com/npm/npm-bundled
npm-cache-filename,npm-cache-filename,1.0.2,Node,,n/npm-cache-filename/npm-cache-filename.sh,https://github.com/npm/npm-cache-filename
npm-install-checks,npm-install-checks,v6.3.0,Node,Node:16,n/npm-install-checks/npm-install-checks.sh,https://github.com/npm/npm-install-checks
npm-install-checks,npm-install-checks,3.0.0,Node,,n/npm-install-checks/npm-install-checks_rhel_8.3.sh,https://github.com/npm/npm-install-checks
npm-lifecycle,npm-lifecycle,3.1.5,Node,,n/npm-lifecycle/npm-lifecycle.sh,https://github.com/npm/lifecycle
npm-logical-tree,npm-logical-tree,1.2.1,Node,,n/npm-logical-tree/npm-logical-tree.sh,https://github.com/npm/logical-tree
npm-normalize-package-bin,npm-normalize-package-bin,v3.0.1,Node,Node:16,n/npm-normalize-package-bin/npm-normalize-package-bin.sh,https://github.com/npm/npm-normalize-package-bin
npm-normalize-package-bin,npm-normalize-package-bin,1.0.1,Node,,n/npm-normalize-package-bin/npm-normalize-package-bin_rhel_8.3.sh,https://github.com/npm/npm-normalize-package-bin
npm-package-arg,npm-package-arg,v11.0.1,Node,Node:16,n/npm-package-arg/npm-package-arg.sh,https://github.com/npm/npm-package-arg
npm-package-arg,npm-package-arg,6.0.0,Node,,n/npm-package-arg/npm-package-arg_rhel_8.3.sh,https://github.com/npm/npm-package-arg
npm-packlist,npm-packlist,1.1.10,Node,,n/npm-packlist/npm-packlist.sh,https://github.com/npm/npm-packlist
npm-pick-manifest,npm-pick-manifest,2.1.0,Node,,n/npm-pick-manifest/npm-pick-manifest.sh,https://github.com/npm/npm-pick-manifest
npm-profile,npm-profile,v9.0.0,Node,Node:16,n/npm-profile/npm-profile.sh,https://github.com/npm/npm-profile
npm-profile,npm-profile,4.0.4,Node,,n/npm-profile/npm-profile_rhel_8.3.sh,https://github.com/npm/npm-profile
npm-registry-fetch,npm-registry-fetch,v16.1.0,Node,Node:16,n/npm-registry-fetch/npm-registry-fetch.sh,https://github.com/npm/npm-registry-fetch
npm-registry-fetch,npm-registry-fetch,4.0.7,Node,,n/npm-registry-fetch/npm-registry-fetch_rhel_8.3.sh,https://github.com/npm/npm-registry-fetch
npm-run-path,npm-run-path,4.0.1,Node,,n/npm-run-path/npm-run-path.sh,https://github.com/sindresorhus/npm-run-path
npm-user-validate,npm-user-validate,v2.0.0,Node,Node:16,n/npm-user-validate/npm-user-validate.sh,https://github.com/npm/npm-user-validate
npm-user-validate,npm-user-validate,1.0.1,Node,,n/npm-user-validate/npm-user-validate_rhel_8.3.sh,https://github.com/npm/npm-user-validate
npmlog,npmlog,v7.0.1,Node,Node:16,n/npmlog/npmlog.sh,https://github.com/npm/npmlog
npmlog,npmlog,4.0.0,Node,,n/npmlog/npmlog_rhel_8.3.sh,https://github.com/npm/npmlog
nth-check,nth-check,1.0.2,Node,,n/nth-check/nth-check.sh,https://github.com/fb55/nth-check
nuid,nuid,1.1.4,Node,,n/nuid/nuid.sh,https://github.com/nats-io/node-nuid
numba,numba,0.57.0,Python,,n/numba/numba.sh,https://github.com/numba/numba
numba,numba,0.62.0,Python,,n/numba/numba_0.62.0.sh,https://github.com/numba/numba
numba,numba,${1:-,Python,,n/numba/numba_ubi_9.3.sh,https://github.com/numba/numba
numexpr,numexpr,v2.8.4,Python,,n/numexpr/numexpr.sh,https://github.com/pydata/numexpr.git
numexpr,numexpr,v2.10.2,Python,,n/numexpr/numexpr_2.10.2.sh,https://github.com/pydata/numexpr.git
numexpr,numexpr,v2.10.2,Python,,n/numexpr/numexpr_2.10.2_ubi_9.3.sh,https://github.com/pydata/numexpr.git
numexpr,numexpr,v2.11.0,Python,,n/numexpr/numexpr_2.11.0.sh,https://github.com/pydata/numexpr.git
numexpr,numexpr,v2.8.4,Python,,n/numexpr/numexpr_ubi_9.3.sh,https://github.com/pydata/numexpr.git
numpy,numpy,v1.26.4,Python,,n/numpy/numpy.sh,https://github.com/numpy/numpy.git
numpy,numpy,v1.23.5,Python,,n/numpy/numpy_1.23.5.sh,https://github.com/numpy/numpy
numpy,numpy,v1.23.5,Python,,n/numpy/numpy_1.23.5_ubi_9.3.sh,https://github.com/numpy/numpy
numpy,numpy,v1.26.0,Python,,n/numpy/numpy_1.26.0.sh,https://github.com/numpy/numpy
numpy,numpy,v1.26.0,Python,,n/numpy/numpy_1.26.0_ubi_9.3.sh,https://github.com/numpy/numpy
numpy,numpy,v1.20.1,Python,,n/numpy/numpy_ubi_8.5.sh,https://github.com/numpy/numpy.git
numpy,numpy,v1.26.4,Python,,n/numpy/numpy_ubi_9.3.sh,https://github.com/numpy/numpy.git
numpy,numpy,v2.2.5,Python,,n/numpy/numpy_v2.2.5.sh,https://github.com/numpy/numpy.git
nvd3,nvd3,1.8.6,Node,,n/nvd3/nvd3.sh,https://github.com/novus/nvd3.git
nwaples__rardecode,nwaples/rardecode,1.0.0,Go,,n/nwaples__rardecode/nwaples__rardecode.sh,https://github.com/nwaples/rardecode
nyc,nyc,v15.1.0,Node,,n/nyc/nyc.sh,https://github.com/istanbuljs/nyc.git
nyc,nyc,14.1.1,Node,,n/nyc/nyc_rhel_8.3.sh,https://github.com/istanbuljs/nyc
oas-kit,oas-kit,v5.0.0,Node,,o/oas-kit/oas-kit.sh,https://github.com/Mermade/oas-kit
oauth,oauth,20100527,Java,,o/oauth/oauth_20100527.sh,https://repo1.maven.org/maven2/net/oauth/core/oauth
oauth,oauth,20100527,Java,,o/oauth/oauth_20100527_ubuntu_18.04.sh,https://repo1.maven.org/maven2/net/oauth/core/oauth
oauth-sign,oauth-sign,0.9.0,Node,,o/oauth-sign/oauth-sign.sh,https://github.com/mikeal/oauth-sign
oauth2,oauth2,v0.0.0-20211104180415-d3ed0bb246c8,Go,,o/oauth2/oauth2.sh,https://github.com/golang/oauth2
object-assign,object-assign,4.1.1,Node,,o/object-assign/object-assign.sh,https://github.com/sindresorhus/object-assign.git
object-copy,object-copy,0.1.0,Node,,o/object-copy/object-copy.sh,https://github.com/jonschlinkert/object-copy
object-hash,object-hash,v3.0.0,Node,Node:16,o/object-hash/object-hash.sh,https://github.com/puleos/object-hash
object-hash,object-hash,2.1.1,Node,,o/object-hash/object-hash_rhel_8.3.sh,https://github.com/puleos/object-hash
object-inspect,object-inspect,v1.10.3,Node,Node:16,o/object-inspect/object-inspect.sh,https://github.com/inspect-js/object-inspect
object-inspect,object-inspect,1.10.2,Node,,o/object-inspect/object-inspect_rhel_8.3.sh,https://github.com/inspect-js/object-inspect
object-is,object-is,1.1.5,Node,,o/object-is/object-is.sh,https://github.com/es-shims/object-is
object-keys,object-keys,1.1.1,Node,,o/object-keys/object-keys.sh,https://github.com/ljharb/object-keys
object-schema,object-schema,v2.0.3,Node,Node:16,o/object-schema/object-schema.sh,https://github.com/humanwhocodes/object-schema
object-unfreeze,object-unfreeze,091a7b9,Node,,o/object-unfreeze/object-unfreeze.sh,https://github.com/gajus/object-unfreeze.git
object-visit,object-visit,1.0.1,Node,,o/object-visit/object-visit.sh,https://github.com/jonschlinkert/object-visit
object.assign,object.assign,v4.1.1,Node,,o/object.assign/object.assign.sh,https://github.com/ljharb/object.assign.git
object.defaults,object.defaults,1.1.0,Node,,o/object.defaults/object.defaults.sh,https://github.com/jonschlinkert/object.defaults
object.entries,object.entries,1.1.3,Node,,o/object.entries/object.entries.sh,https://github.com/es-shims/Object.entries
object.fromentries,object.fromentries,2.0.4,Node,,o/object.fromentries/object.fromentries.sh,https://github.com/es-shims/Object.fromEntries
object.getownpropertydescriptors,object.getownpropertydescriptors,2.1.2,Node,,o/object.getownpropertydescriptors/object.getownpropertydescriptors.sh,https://github.com/es-shims/object.getownpropertydescriptors
object.map,object.map,1.0.1,Node,,o/object.map/object.map.sh,https://github.com/jonschlinkert/object.map
object.omit,object.omit,2.0.1,Node,,o/object.omit/object.omit.sh,https://github.com/jonschlinkert/object.omit
object.pick,object.pick,1.3.0,Node,,o/object.pick/object.pick.sh,https://github.com/jonschlinkert/object.pick
object.values,object.values,1.1.3,Node,,o/object.values/object.values.sh,https://github.com/es-shims/Object.values
obuf,obuf,1.1.2,Node,,o/obuf/obuf.sh,https://github.com/indutny/offset-buffer
oc,oc,openshift-clients-4.17.0-202409111134,Go,,o/oc/oc.sh,https://github.com/openshift/oc.git
oc,oc,openshift-clients-4.12.0-202208031327,Go,,o/oc/oc_ubi_8.7.sh,https://github.com/openshift/oc.git
oclif-command,oclif-command,v1.8.0,Node,,o/oclif-command/oclif-command.sh,https://github.com/oclif/command.git
oclif-config,oclif-config,v1.17.0,Node,,o/oclif-config/oclif_config.sh,https://github.com/oclif/config.git
oclif-plugin-help,plugin-help,v3.1.0,Node,,o/oclif-plugin-help/oclif-plugin-help.sh,https://github.com/oclif/plugin-help.git
octetstream__promisify,@octetstream/promisify,2.0.2,Node,,o/octetstream__promisify/octetstream__promisify.sh,https://github.com/octet-stream/promisify
odbc,odbc,1.4.2,R,,o/odbc/odbc.sh,https://github.com/cran/odbc
odo,odo,v3.13.0,Go,,o/odo/odo.sh,https://github.com/redhat-developer/odo.git
odoo,16.0_debian_bullseye,v1.0.0,Python,,o/odoo/entrypoint.sh,https://github.com/org/repo
odoo,odoo,17.0,Python,,o/odoo/odoo.sh,https://github.com/odoo/odoo
odoo,odoo,16.0,Python,,o/odoo/odoo_16.0.sh,https://github.com/odoo/odoo
odoo,odoo,16.0,Python,,o/odoo/odoo_16.0_ubi_8.5.sh,https://github.com/odoo/odoo
offheap-store,offheap-store,v2.5.6,Java,,o/offheap-store/offheap-store.sh,https://github.com/Terracotta-OSS/offheap-store
officer,officer,0.6.6,R,,o/officer/officer.sh,https://github.com/cran/officer
ognl,ognl,OGNL_3_4_3,Java,,o/ognl/ognl.sh,https://github.com/orphan-oss/ognl.git
oidc-token-hash,oidc-token-hash,5.0.0,Node,,o/oidc-token-hash/oidc-token-hash.sh,https://github.com/panva/oidc-token-hash
okhttp,PACKAGE_NAME,v1.0.0,Java,,o/okhttp/okhttp.sh,https://github.com/org/repo
okhttp,okhttp,"2.7.5, 4.5.0",Java,,o/okhttp/okhttp_rhel_7.6.sh,https://github.com/square/okhttp
okhttp-ws,okhttp-ws,parent-2.7.5,Java,,o/okhttp-ws/okhttp-ws.sh,https://github.com/square/okhttp.git
okio,okio,1.6.0,Java,,o/okio/okio.sh,https://github.com/square/okio
oklog,oklog,v0.3.2,Go,,o/oklog/oklog.sh,https://github.com/oklog/oklog
ollama,ollama,v0.12.10,Go,,o/ollama/ollama_v0.12.10.sh,https://github.com/ollama/ollama
ollama,ollama,v0.13.1,Go,,o/ollama/ollama_v0.13.1.sh,https://github.com/ollama/ollama
omatch,omatch,1.2.13,Node,,o/omatch/omatch.sh,https://github.com/micromatch/omatch
on-finished,on-finished,2.3.0,Node,,o/on-finished/on-finished.sh,https://github.com/jshttp/on-finished
on-headers,on-headers,1.0.1,Node,,o/on-headers/on-headers.sh,https://github.com/jshttp/on-headers
once,once,1.1.2,Node,,o/once/once.sh,https://github.com/TooTallNate/once/
once,once,1.3.3,Node,,o/once/once_rhel_8.3.sh,https://github.com/isaacs/once
one-time,one-time,1.0.0,Node,,o/one-time/one-time.sh,https://github.com/3rd-Eden/one-time
onetbb,oneTBB,v2021.8.0,Python,,o/onetbb/onetbb.sh,https://github.com/uxlfoundation/oneTBB
onetime,onetime,v7.0.0,Node,Node:16,o/onetime/onetime.sh,https://github.com/sindresorhus/onetime
onetime,onetime,5.1.2,Node,,o/onetime/onetime_rhel_8.3.sh,https://github.com/sindresorhus/onetime
onnx,onnx,1.4,Python,,o/onnx/install.sh,https://github.com/onnx/onnx.git
onnx,onnx,v1.19.0,Python,,o/onnx/onnx.sh,https://github.com/onnx/onnx
onnx,onnx,v1.16.0,Python,,o/onnx/onnx_ubi_1.16.0_9.3.sh,https://github.com/onnx/onnx
onnx,onnx,1.4,Python,,o/onnx/setup.sh,https://github.com/onnx/onnx.git
onnx,onnx,1.4,Python,,o/onnx/test.sh,https://github.com/onnx/onnx.git
onnxconverter-common,onnxconverter-common,v1.14.0,Python,,o/onnxconverter-common/onnxconvertercommon.sh,https://github.com/microsoft/onnxconverter-common
onnxmltools,onnxmltools,v1.13,Python,,o/onnxmltools/onnxmltools.sh,https://github.com/onnx/onnxmltools
onnxruntime,onnxruntime,v1.20.1,Python,,o/onnxruntime/onnxruntime_1.20.1.sh,https://github.com/microsoft/onnxruntime
onnxruntime,onnxruntime,v1.20.1,Python,,o/onnxruntime/onnxruntime_1.20.1_ubi_9.3.sh,https://github.com/microsoft/onnxruntime
onnxruntime,onnxruntime,v1.21.0,Python,,o/onnxruntime/onnxruntime_1.21.0.sh,https://github.com/microsoft/onnxruntime
onnxruntime,onnxruntime,v1.21.0,Python,,o/onnxruntime/onnxruntime_1.21.0_ubi_9.3.sh,https://github.com/microsoft/onnxruntime
onnxruntime,onnxruntime,v1.22.0,Python,,o/onnxruntime/onnxruntime_1.22.0.sh,https://github.com/microsoft/onnxruntime
onsi__ginkgo,onsi/ginkgo,11459a886d9cd66b319dac7ef1e917ee221372c9,Go,,o/onsi__ginkgo/onsi__ginkgo.sh,https://github.com/onsi/ginkgo
onsi__ginkgo,onsi/ginkgo,11459a886d9cd66b319dac7ef1e917ee221372c9,Go,,o/onsi__ginkgo/onsi__ginkgo_rhel_8.3.sh,https://github.com/onsi/ginkgo
onsi__ginkgo,onsi/ginkgo,v2.1.6,PHP,,o/onsi__ginkgo/onsi_ginkgo.sh,https://github.com/onsi/ginkgo
onsi__gomega,onsi/gomega,dcabb60a477c2b6f456df65037cb6708210fbb02,Go,,o/onsi__gomega/onsi__gomega.sh,https://github.com/onsi/gomega
open,open,v8.2.1,Node,,o/open/open.sh,https://github.com/sindresorhus/open.git
open,open,7.4.2,Node,,o/open/open_rhel_8.3.sh,https://github.com/sindresorhus/open
openapi-contrib__openapi-schema-to-json-schema,@openapi-contrib/openapi-schema-to-json-schema,3.1.0,Node,,o/openapi-contrib__openapi-schema-to-json-schema/openapi-contrib__openapi-schema-to-json-schema.sh,https://github.com/openapi-contrib/openapi-schema-to-json-schema
openapi-schema-validator,openapi-schema-validator,0.6.3,Python,,o/openapi-schema-validator/openapi-schema-validator.sh,https://github.com/p1c2u/openapi-schema-validator
openapi-schema-validator,openapi-schema-validator,0.1.4 & 0.1.5,Python,,o/openapi-schema-validator/openapi-schema-validator_ubi_8.3.sh,https://github.com/p1c2u/openapi-schema-validator
openapi-specification,openapi-specification,main,Node,Node:20,o/openapi-specification/openapi-specification.sh,https://github.com/OAI/OpenAPI-Specification.git
openapi-specification,openapi-specification,main,Node,Node:16,o/openapi-specification/openapi-specification_ubi_8.7.sh,https://github.com/OAI/OpenAPI-Specification.git
openapi3-ts,openapi3-ts,2.0.0,Node,,o/openapi3-ts/openapi3-ts.sh,https://github.com/metadevpro/openapi3-ts
opencsv,PACKAGE_NAME,v1.0.0,Java,,o/opencsv/opencsv.sh,https://github.com/org/repo
opencsv,opencsv,1.7,Java,,o/opencsv/opencsv_rhel_7.6.sh,https://github.com/jlawrie/opencsv
opencsv,opencsv,5.9Release,Java,,o/opencsv/opencsv_v5.9.sh,https://git.code.sf.net/p/${PACKAGE_NAME}/source.git
opencv-python-headless,opencv-python-headless,86,Python,,o/opencv-python-headless/opencv-python-headless.sh,https://github.com/opencv/opencv-python
opencv-python-headless,opencv-python,84,Python,,o/opencv-python-headless/opencv-python-headless_4.10.0.84.sh,https://github.com/opencv/opencv-python
opencv-python-headless,opencv-python,84,Python,,o/opencv-python-headless/opencv-python-headless_4.10.0.84_ubi_9.3.sh,https://github.com/opencv/opencv-python
opencv-python-headless,opencv-python,84,Python,,o/opencv-python-headless/opencv-python-headless_ubi_8.10.sh,https://github.com/opencv/opencv-python
opener,opener,1.4.3,Node,,o/opener/opener.sh,https://github.com/domenic/opener.git
openid-client,openid-client,4.2.2,Node,,o/openid-client/openid-client.sh,https://github.com/panva/node-openid-client
openlayers,openlayers,v5.2.0,Node,,o/openlayers/openlayers_5.2.0.sh,https://github.com/openlayers/openlayers.git
openmpi,openmpi,5.0.6,Python,,o/openmpi/openmpi.sh,https://download.open-mpi.org/release/open-mpi/v$PACKAGE_VERSION_DIR/$PACKAGE_NAME-$PACKAGE_VERSION.tar.gz
opensearch-jvector,opensearch-jvector,${SCRIPT_PACKAGE_VERSION},Java,,o/opensearch-jvector/opensearch-jvector_3.0.0.4.sh,https://github.com/opensearch-project/opensearch-jvector.git
opensearch-project-alerting,alerting,2.15.0.0,Java,,o/opensearch-project-alerting/opensearch-project-alerting.sh,https://github.com/opensearch-project/alerting
opensearch-project-alerting,alerting,2.19.2.0,Java,,o/opensearch-project-alerting/opensearch-project-alerting_2.19.2.0.sh,https://github.com/opensearch-project/alerting
opensearch-project-alerting,alerting,2.7.0.0,Java,,o/opensearch-project-alerting/opensearch-project-alerting_ubi_8.7.sh,https://github.com/opensearch-project/alerting
opensearch-project-alerting,alerting,2.15.0.0,Java,,o/opensearch-project-alerting/opensearch-project-alerting_ubi_9.3.sh,https://github.com/opensearch-project/alerting
opensearch-project-anomaly-detection,anomaly-detection,2.15.0.0,Java,,o/opensearch-project-anomaly-detection/opensearch-project-anomaly-detection.sh,https://github.com/opensearch-project/anomaly-detection
opensearch-project-anomaly-detection,anomaly-detection,2.19.2.0,Java,,o/opensearch-project-anomaly-detection/opensearch-project-anomaly-detection_2.19.2.0.sh,https://github.com/opensearch-project/anomaly-detection
opensearch-project-anomaly-detection,anomaly-detection,2.10.0.0,Java,,o/opensearch-project-anomaly-detection/opensearch-project-anomaly-detection_ubi_8.7.sh,https://github.com/opensearch-project/anomaly-detection
opensearch-project-anomaly-detection,anomaly-detection,2.15.0.0,Java,,o/opensearch-project-anomaly-detection/opensearch-project-anomaly-detection_ubi_9.3.sh,https://github.com/opensearch-project/anomaly-detection
opensearch-project-asynchronous-search,asynchronous-search,2.19.2.0,Java,,o/opensearch-project-asynchronous-search/opensearch-project-asynchronous-search_2.19.2.0.sh,https://github.com/opensearch-project/asynchronous-search
opensearch-project-cross-cluster-replication,cross-cluster-replication,2.15.0.0,Java,,o/opensearch-project-cross-cluster-replication/opensearch-project-cross-cluster-replication.sh,https://github.com/opensearch-project/cross-cluster-replication
opensearch-project-cross-cluster-replication,cross-cluster-replication,2.19.2.0,Java,,o/opensearch-project-cross-cluster-replication/opensearch-project-cross-cluster-replication_2.19.2.0.sh,https://github.com/opensearch-project/cross-cluster-replication
opensearch-project-cross-cluster-replication,cross-cluster-replication,2.15.0.0,Java,,o/opensearch-project-cross-cluster-replication/opensearch-project-cross-cluster-replication_ubi_9.3.sh,https://github.com/opensearch-project/cross-cluster-replication
opensearch-project-custom-codecs,custom-codecs,2.19.2.0,Java,,o/opensearch-project-custom-codecs/opensearch-project-custom-codecs_2.19.2.0.sh,https://github.com/opensearch-project/custom-codecs
opensearch-project-flow-framework,flow-framework,2.19.2.0,Java,,o/opensearch-project-flow-framework/opensearch-project-flow-framework.sh,https://github.com/${PACKAGE_ORG}/${PACKAGE_NAME}.git
opensearch-project-geospatial,geospatial,2.15.0.0,Java,,o/opensearch-project-geospatial/opensearch-project-geospatial.sh,https://github.com/opensearch-project/geospatial
opensearch-project-geospatial,geospatial,2.19.2.0,Java,,o/opensearch-project-geospatial/opensearch-project-geospatial_2.19.2.0.sh,https://github.com/opensearch-project/geospatial
opensearch-project-geospatial,geospatial,2.7.0.0,Java,,o/opensearch-project-geospatial/opensearch-project-geospatial_ubi_8.7.sh,https://github.com/opensearch-project/geospatial
opensearch-project-geospatial,geospatial,2.15.0.0,Java,,o/opensearch-project-geospatial/opensearch-project-geospatial_ubi_9.3.sh,https://github.com/opensearch-project/geospatial
opensearch-project-index-management,index-management,2.19.2.0,Java,,o/opensearch-project-index-management/opensearch-project-index-management_2.19.2.0.sh,https://github.com/opensearch-project/index-management
opensearch-project-job-scheduler,job-scheduler,2.15.0.0,Java,,o/opensearch-project-job-scheduler/opensearch-project-job-scheduler.sh,https://github.com/opensearch-project/job-scheduler
opensearch-project-job-scheduler,job-scheduler,2.19.2.0,Java,,o/opensearch-project-job-scheduler/opensearch-project-job-scheduler_2.19.2.0.sh,https://github.com/opensearch-project/job-scheduler
opensearch-project-job-scheduler,job-scheduler,2.10.0.0,Java,,o/opensearch-project-job-scheduler/opensearch-project-job-scheduler_ubi_8.7.sh,https://github.com/opensearch-project/job-scheduler
opensearch-project-job-scheduler,job-scheduler,2.15.0.0,Java,,o/opensearch-project-job-scheduler/opensearch-project-job-scheduler_ubi_9.3.sh,https://github.com/opensearch-project/job-scheduler
opensearch-project-k-nn,k-NN,2.19.2.0,Java,,o/opensearch-project-k-nn/opensearch-project-k-NN_2.19.2.0.sh,https://github.com/opensearch-project/${PACKAGE_NAME}.git
opensearch-project-k-nn,k-NN,2.19.2.0,Java,,o/opensearch-project-k-nn/opensearch-project-k-NN_2.19.2.0_ubi_9.3.sh,https://github.com/opensearch-project/${PACKAGE_NAME}.git
opensearch-project-k-nn,k-NN,3.3.0.0,Java,,o/opensearch-project-k-nn/opensearch-project-k-NN_3.3.0.0.sh,https://github.com/opensearch-project/${PACKAGE_NAME}.git
opensearch-project-ml-commons,ml-commons,2.19.2.0,Java,,o/opensearch-project-ml-commons/ml-commons_2.19.2.0.sh,https://github.com/${PACKAGE_ORG}/${PACKAGE_NAME}.git
opensearch-project-neural-search,neural-search,2.19.2.0,Java,,o/opensearch-project-neural-search/neural-search_2.19.2.0.sh,https://github.com/${PACKAGE_ORG}/${PACKAGE_NAME}.git
opensearch-project-notifications,notifications,2.15.0.0,Java,,o/opensearch-project-notifications/opensearch-project-notifications.sh,https://github.com/opensearch-project/notifications
opensearch-project-notifications,notifications,2.19.2.0,Java,,o/opensearch-project-notifications/opensearch-project-notifications_2.19.2.0.sh,https://github.com/opensearch-project/notifications
opensearch-project-notifications,opensearch-project-notifications,2.7.0.0,Java,,o/opensearch-project-notifications/opensearch-project-notifications_ubi_8_7.sh,https://github.com/opensearch-project/notifications
opensearch-project-notifications,notifications,2.15.0.0,Java,,o/opensearch-project-notifications/opensearch-project-notifications_ubi_9.3.sh,https://github.com/opensearch-project/notifications
opensearch-project-observability,observability,2.15.0.0,Java,,o/opensearch-project-observability/opensearch-project-observability.sh,https://github.com/opensearch-project/observability
opensearch-project-observability,observability,2.19.2.0,Java,,o/opensearch-project-observability/opensearch-project-observability_2.19.2.0.sh,https://github.com/opensearch-project/observability
opensearch-project-observability,opensearch-project-observability,2.7.0.0,Java,,o/opensearch-project-observability/opensearch-project-observability_ubi_8.7.sh,https://github.com/opensearch-project/observability
opensearch-project-observability,observability,2.15.0.0,Java,,o/opensearch-project-observability/opensearch-project-observability_ubi_9.3.sh,https://github.com/opensearch-project/observability
opensearch-project-opensearch-learning-to-rank-base,opensearch-learning-to-rank-base,2.19.2.0,Java,,o/opensearch-project-opensearch-learning-to-rank-base/opensearch-learning-to-rank-base_2.19.2.0.sh,https://github.com/${PACKAGE_ORG}/${PACKAGE_NAME}.git
opensearch-project-opensearch-remote-metadata-sdk,opensearch-remote-metadata-sdk,2.19.2.0,Java,,o/opensearch-project-opensearch-remote-metadata-sdk/opensearch-remote-metadata-sdk_2.19.2.0.sh,https://github.com/${PACKAGE_ORG}/${PACKAGE_NAME}.git
opensearch-project-performance-analyzer,performance-analyzer,2.15.0.0,Java,,o/opensearch-project-performance-analyzer/opensearch-project-performance-analyzer.sh,https://github.com/opensearch-project/performance-analyzer
opensearch-project-performance-analyzer,performance-analyzer,2.19.2.0,Java,,o/opensearch-project-performance-analyzer/opensearch-project-performance-analyzer_2.19.2.0.sh,https://github.com/opensearch-project/${PACKAGE_NAME}.git
opensearch-project-performance-analyzer,performance-analyzer,2.7.0.0,Java,,o/opensearch-project-performance-analyzer/opensearch-project-performance-analyzer_ubi_8.7.sh,https://github.com/opensearch-project/performance-analyzer
opensearch-project-performance-analyzer,performance-analyzer,2.15.0.0,Java,,o/opensearch-project-performance-analyzer/opensearch-project-performance-analyzer_ubi_9.3.sh,https://github.com/opensearch-project/performance-analyzer
opensearch-project-query-insights,query-insights,2.19.2.0,Java,,o/opensearch-project-query-insights/opensearch-project-query-insights_2.19.2.0.sh,https://github.com/opensearch-project/query-insights
opensearch-project-reporting,reporting,2.19.2.0,Java,,o/opensearch-project-reporting/opensearch-project-reporting_2.19.2.0.sh,https://github.com/opensearch-project/${PACKAGE_NAME}
opensearch-project-security,security,2.19.2.0,Java,,o/opensearch-project-security/security_2.19.2.0.sh,https://github.com/${PACKAGE_ORG}/${PACKAGE_NAME}.git
opensearch-project-security-analytics,security-analytics,2.19.2.0,Java,,o/opensearch-project-security-analytics/opensearch-project-security-analytics_2.19.2.0.sh,https://github.com/opensearch-project/${PACKAGE_NAME}
opensearch-project-skills,skills,2.19.2.0,Java,,o/opensearch-project-skills/opensearch-project-skills_2.19.2.0.sh,https://github.com/${PACKAGE_ORG}/${PACKAGE_NAME}.git
opensearch-project-sql,sql,2.14.0.0,Java,,o/opensearch-project-sql/opensearch-project-sql.sh,https://github.com/opensearch-project/sql
opensearch-project-sql,sql,2.19.2.0,Java,,o/opensearch-project-sql/opensearch-project-sql_2.19.2.0.sh,https://github.com/${PACKAGE_ORG}/${PACKAGE_NAME}.git
opensearch-project-sql,sql,2.11.0.0,Java,,o/opensearch-project-sql/opensearch-project-sql_ubi_8.7.sh,https://github.com/opensearch-project/sql
opensearch-project-sql,sql,2.14.0.0,Java,,o/opensearch-project-sql/opensearch-project-sql_ubi_9.3.sh,https://github.com/opensearch-project/sql
opensearch-prometheus-exporter,opensearch-prometheus-exporter,3.2.0.0,Java,,o/opensearch-prometheus-exporter/opensearch-prometheus-exporter_3.2.0.0.sh,https://github.com/opensearch-project/opensearch-prometheus-exporter.git
openshift-knative,PACKAGE_NAME,v1.0.0,Go,,o/openshift-knative/knative-client-v0.13.2.sh,https://github.com/org/repo
openshift-knative,openshift-knative,v0.13.2,Go,,o/openshift-knative/knative-client-v0.13.2_rhel_7.6.sh,https://github.com/openshift/knative-client
openshift-knative,PACKAGE_NAME,v1.0.0,Go,,o/openshift-knative/knative-client-v0.14.0.sh,https://github.com/org/repo
openshift-knative,openshift-knative,v0.14.0,Go,,o/openshift-knative/knative-client-v0.14.0_rhel_7.6.sh,https://github.com/openshift/knative-client
openshift-knative,openshift-knative,v0.17.3,Go,,o/openshift-knative/knative-client-v0.17.3.sh,https://github.com/openshift/knative-client
openshift-knative,openshift-knative,release-1.11,Go,,o/openshift-knative/serverless-operator-v1.11_rhel_8.2.sh,https://github.com/openshift-knative/serverless-operator
openshift-knative,PACKAGE_NAME,v1.0.0,Go,,o/openshift-knative/serverless-operator-v1.7.1.sh,https://github.com/org/repo
openshift-knative,openshift-knative,v1.7.1,Go,,o/openshift-knative/serverless-operator-v1.7.1_rhel_7.6.sh,https://github.com/openshift-knative/serverless-operator
openssl,openssl,openssl-3.0.0-alpha17,Java,,o/openssl/openssl.sh,https://github.com/openssl/openssl.git
openssl-wrapper,openssl-wrapper,0.3.4,Node,,o/openssl-wrapper/openssl-wrapper.sh,https://github.com/mgcrea/node-openssl-wrapper
openstorage,openstorage,${1:-,Go,"Go:""1.15""",o/openstorage/openstorage.sh,https://github.com/libopenstorage/openstorage
opentelemetry-collector,opentelemetry-collector,${1:-,Go,"Go:""1.17.4""",o/opentelemetry-collector/opentelemetry-collector.sh,https://github.com/open-telemetry/opentelemetry-collector
opentelemetry-collector,opentelemetry-collector,${1:-,Go,"Go:""1.18.5""",o/opentelemetry-collector/opentelemetry-collector_ubi_8.5.sh,https://github.com/open-telemetry/opentelemetry-collector
opentelemetry-collector-contrib,opentelemetry-collector-contrib,${1:-,Go,"Go:""1.22.1""",o/opentelemetry-collector-contrib/opentelemetry-collector-contrib.sh,https://github.com/open-telemetry/opentelemetry-collector-contrib
opentelemetry-collector-contrib,opentelemetry-collector-contrib,${1:-,Go,"Go:""1.19.3""",o/opentelemetry-collector-contrib/opentelemetry-collector-contrib_ubi_8.5.sh,https://github.com/open-telemetry/opentelemetry-collector-contrib
opentelemetry-cpp,PACKAGE_NAME,v1.0.0,Go,,o/opentelemetry-cpp/opentelemetry-cpp.sh,https://github.com/org/repo
opentelemetry-cpp,opentelemetry-cpp,v1.8.0,Go,,o/opentelemetry-cpp/opentelemetry-cpp_ubi_8.5.sh,https://github.com/open-telemetry/opentelemetry-cpp
opentelemetry-go,opentelemetry-go,v1.11.1,Go,,o/opentelemetry-go/opentelemetry-go.sh,https://github.com/open-telemetry/opentelemetry-go.git
opentelemetry-go-contrib,opentelemetry-go-contrib,${1:-,Go,"Go:""1.17.4""",o/opentelemetry-go-contrib/opentelemetry-go-contrib.sh,https://github.com/open-telemetry/opentelemetry-go-contrib
opentelemetry-go-contrib,opentelemetry-go-contrib,${1:-,Go,"Go:""1.18.5""",o/opentelemetry-go-contrib/opentelemetry-go-contrib_ubi_8.5.sh,https://github.com/open-telemetry/opentelemetry-go-contrib
opentelemetry-java,opentelemetry-java,v1.38.0,Java,,o/opentelemetry-java/opentelemetry-java.sh,https://github.com/open-telemetry/opentelemetry-java
opentelemetry-java,opentelemetry-java,${1:-,Java,,o/opentelemetry-java/opentelemetry-java_ubi_8.5.sh,https://github.com/open-telemetry/opentelemetry-java
opentelemetry-java-contrib,opentelemetry-java-contrib,${1:-,Java,,o/opentelemetry-java-contrib/opentelemetry-java-contrib.sh,https://github.com/open-telemetry/opentelemetry-java-contrib
opentelemetry-js,opentelemetry-js,${1:-,Node,Node:16,o/opentelemetry-js/opentelemetry-js.sh,https://github.com/open-telemetry/opentelemetry-js
opentelemetry-js-api,opentelemetry-js-api,${1:-,Node,Node:16,o/opentelemetry-js-api/opentelemetry-js-api.sh,https://github.com/open-telemetry/opentelemetry-js-api
opentelemetry-js-contrib,opentelemetry-js-contrib,auto-instrumentations-node-v0.36.4,Node,Node:16,o/opentelemetry-js-contrib/opentelemetry-js-contrib.sh,https://github.com/open-telemetry/opentelemetry-js-contrib
opentelemetry-js-contrib,opentelemetry-js-contrib,${1:-,Node,Node:16,o/opentelemetry-js-contrib/opentelemetry-js-contrib_ubi_8.5.sh,https://github.com/open-telemetry/opentelemetry-js-contrib
opentelemetry-operator,opentelemetry-operator,v0.104.0,Go,Go:1.22.5,o/opentelemetry-operator/opentelemetry-operator.sh,https://github.com/open-telemetry/opentelemetry-operator
opentelemetry-operator,opentelemetry-operator,${1:-,Go,"Go:""1.19""",o/opentelemetry-operator/opentelemetry-operator_ubi_8.5.sh,https://github.com/open-telemetry/opentelemetry-operator
opentelemetry-php,opentelemetry-php,${1:-,PHP,PHP:8.0.25,o/opentelemetry-php/opentelemetry-php.sh,https://github.com/open-telemetry/opentelemetry-php.git
opentelemetry-php-contrib,opentelemetry-php-contrib,0.0.12,PHP,PHP:7.4.30,o/opentelemetry-php-contrib/opentelemetry-php-contrib.sh,https://github.com/open-telemetry/opentelemetry-php-contrib.git
opentelemetry-php-contrib,opentelemetry-php-contrib,${1:-,PHP,PHP:8.2.2,o/opentelemetry-php-contrib/opentelemetry-php-contrib_1.0.0beta2.sh,https://github.com/open-telemetry/opentelemetry-php-contrib.git
opentelemetry-php-contrib,opentelemetry-php-contrib,${1:-,PHP,PHP:7.4.30,o/opentelemetry-php-contrib/opentelemetry-php-contrib_ubi_8.5.sh,https://github.com/open-telemetry/opentelemetry-php-contrib.git
opentelemetry-proto-java,opentelemetry-proto-java,"v0.18.0,v0.19.0",Java,,o/opentelemetry-proto-java/opentelemetry-proto-java.sh,https://github.com/open-telemetry/opentelemetry-proto-java
opentelemetry-python,opentelemetry-python,v1.37.0,Python,,o/opentelemetry-python/opentelemetry-python.sh,https://github.com/open-telemetry/opentelemetry-python
opentelemetry-python,opentelemetry-python,${1:-,Python,,o/opentelemetry-python/opentelemetry-python_ubi_8.5.sh,https://github.com/open-telemetry/opentelemetry-python
opentelemetry-python-contrib,opentelemetry-python-contrib,v1.16.0,Python,,o/opentelemetry-python-contrib/opentelemetry-python-contrib.sh,https://github.com/open-telemetry/opentelemetry-python-contrib
opentelemetry-python-contrib,opentelemetry-python-contrib,${1:-,Python,,o/opentelemetry-python-contrib/opentelemetry-python-contrib_rhel_8.3.sh,https://github.com/open-telemetry/opentelemetry-python-contrib
opentelemetry-ruby,opentelemetry-ruby,${1:-,Ruby,Ruby:3.0.1,o/opentelemetry-ruby/opentelemetry-ruby.sh,https://github.com/open-telemetry/opentelemetry-ruby.git
opentelemetry-ruby-contrib,opentelemetry-ruby-contrib,${1:-,Ruby,,o/opentelemetry-ruby-contrib/opentelemetry-ruby-contrib.sh,https://github.com/open-telemetry/opentelemetry-ruby-contrib
opentracing-api,opentracing-api,0.33.0,Java,,o/opentracing-api/opentracing-api.sh,https://github.com/opentracing/opentracing-java.git
opentracing-util,opentracing-util,0.33.0,Java,,o/opentracing-util/opentracing-util.sh,https://github.com/opentracing/opentracing-java.git
operand-deployment-lifecycle-manager,operand-deployment-lifecycle-manager,v1.4.1,Go,,o/operand-deployment-lifecycle-manager/operand-deployment-lifecycle-manager.sh,https://github.com/IBM/operand-deployment-lifecycle-manager
operator-registry,operator-registry,275301b779f8c059c733afd8e6a01c071aee9c22,Go,,o/operator-registry/operator-registry.sh,https://github.com/operator-framework/operator-registry
operator-sdk-ansible-util,operator-sdk-ansible-util,v0.2.0,Python,,o/operator-sdk-ansible-util/operator-sdk-ansible-util.sh,https://github.com/operator-framework/operator-sdk-ansible-util.git
operator-sdk-ansible-util,operator-sdk-ansible-util,v0.2.0},Python,,o/operator-sdk-ansible-util/operator-sdk-ansible-util_0.2.0.sh,https://github.com/operator-framework/operator-sdk-ansible-util.git
operator-sdk-ansible-util,operator-sdk-ansible-util,v0.2.0,Python,,o/operator-sdk-ansible-util/operator-sdk-ansible-util_0.2.0_ubuntu_18.04.sh,https://github.com/operator-framework/operator-sdk-ansible-util.git
operator_utils,operator-utils,v1.1.1,Go,,o/operator_utils/operator-utils.sh,https://github.com/redhat-cop/operator-utils
opn,opn,5.1.0,Node,,o/opn/opn.sh,https://github.com/sindresorhus/open
optimize-css-assets-webpack-plugin,optimize-css-assets-webpack-plugin,5.0.3,Node,,o/optimize-css-assets-webpack-plugin/optimize-css-assets-webpack-plugin.sh,https://github.com/NMFR/optimize-css-assets-webpack-plugin
optionator,optionator,0.9.1,Node,,o/optionator/optionator.sh,https://github.com/gkz/optionator
options,options,0.0.6,Node,,o/options/options.sh,https://github.com/einaros/options.js
opus,opus,v1.3.1,Python,,o/opus/opus.sh,https://github.com/xiph/opus
orange3,conda.recipe,v1.0.0,Python,,o/orange3/build.sh,https://github.com/org/repo
orange3,PACKAGE_NAME,v1.0.0,Python,,o/orange3/orange3.sh,https://github.com/org/repo
orange3,orange3,3.4.5,Python,,o/orange3/orange3_ubuntu_16.04.sh,https://github.com/biolab/orange3.git
oras,oras,v0.11.1,Go,,o/oras/github.com_deislabs_oras.sh,https://github.com/oras-project/oras
oras,oras,v0.11.1,Go,,o/oras/github.com_deislabs_oras_ubi_8.5.sh,https://github.com/oras-project/oras
oras,oras,v1.1.0,Go,Go:1.21.7,o/oras/oras.sh,https://github.com/oras-project/oras
oras,oras,v0.12.0,Go,,o/oras/oras_ubi8.5.sh,https://github.com/oras-project/oras
oras,oras,v1.0.0,Go,Go:1.20.1,o/oras/oras_ubi_8.7.sh,https://github.com/oras-project/oras
orc-mapreduce,orc-mapreduce,1.6,Java,,o/orc-mapreduce/orc-mapreduce.sh,https://github.com/apache/orc/tree/master/java/mapreduce
orc-shims,orc-shims,1.6,Java,,o/orc-shims/orc-shims.sh,https://github.com/apache/orc/tree/master/java/shims
ordereddict,conda.recipe,v1.0.0,Python,,o/ordereddict/build.sh,https://github.com/org/repo
ordereddict,ordereddict,1.1,Python,,o/ordereddict/ordereddict_ubuntu_16.04_py27.sh,https://github.com/sprintly/ordereddict.git
org.aspectj,PACKAGE_NAME,v1.0.0,Java,,o/org.aspectj/AspectJweaver.sh,https://github.com/org/repo
org.aspectj,org.aspectj,V1_9_7,Java,,o/org.aspectj/AspectJweaver_ubi_8.3.sh,https://github.com/eclipse/org.aspectj
org.aspectj,org.aspectj,V1_9_20_1,Java,,o/org.aspectj/aspectj.sh,https://github.com/eclipse/org.aspectj
org.eclipse.osgi,org.eclipse.osgi,3.17.0,Java,,o/org.eclipse.osgi/org.eclipse.osgi_3.17.0.sh,https://github.com/org/repo
org.eclipse.osgi,PACKAGE_NAME,v1.0.0,Java,,o/org.eclipse.osgi/org.eclipse.osgi_master.sh,https://github.com/org/repo
org.eclipse.osgi,org.eclipse.osgi,master,Java,,o/org.eclipse.osgi/org.eclipse.osgi_master_ubi_8.3.sh,https://github.com/org/repo
org.osgi,org.osgi,r8-core-final-rerelease,Java,,o/org.osgi/org.osgi.sh,https://github.com/osgi/osgi.git
orientdb,orientdb,3.2.31,Java,,o/orientdb/orientdb.sh,https://github.com/orientechnologies/orientdb.git
original,original,1.0.2,Node,Node:16,o/original/original.sh,https://github.com/unshiftio/original
original,original,1.0.2,Node,,o/original/original_rhel_8.3.sh,https://github.com/unshiftio/original
ormsgpack,ormsgpack,1.9.1,Python,,o/ormsgpack/ormsgpack.sh,https://github.com/aviramha/ormsgpack.git
os-locale,os-locale,5.0.0,Node,,o/os-locale/os-locale.sh,https://github.com/sindresorhus/os-locale
osapi,osapi,0.9.2,Node,,o/osapi/osapi.sh,https://github.com/YounGoat/nodejs.osapi
oseconds,oseconds,0.1.0,Node,,o/oseconds/oseconds.sh,https://github.com/jonschlinkert/oseconds
osenv,osenv,0.1.4,Node,,o/osenv/osenv.sh,https://github.com/npm/osenv
osgi-resource-locator,PACKAGE_NAME,1.0.3,Java,,o/osgi-resource-locator/osgi-resource-locator_1.0.3.sh,https://github.com/org/repo
osgi-resource-locator,osgi-resource-locator,1.0.3,Java,,o/osgi-resource-locator/osgi-resource-locator_1.0.3_ubi_8.3.sh,https://github.com/eclipse-ee4j/glassfish-hk2-extra.git
osgi-resource-locator,glassfish-hk2-extra,1.0.3,Java,,o/osgi-resource-locator/osgi-resource-locator_v1.0.3.sh,https://github.com/eclipse-ee4j/${PACKAGE_NAME}.git
osgi_service_cm,osgi_service_cm,r8-core-final-rerelease,Java,,o/osgi_service_cm/osgi_service_cm.sh,https://github.com/osgi/osgi.git
outlines-core,outlines-core,0.1.26,Python,,o/outlines-core/outlines-core.sh,https://github.com/dottxt-ai/outlines-core
ovotech__avro-mock-generator,@ovotech/avro-mock-generator,2.0.3,Node,,o/ovotech__avro-mock-generator/ovotech__avro-mock-generator.sh,https://github.com/ovotech/avro-mock-generator
owasp-java-encoder,owasp-java-encoder,v1.3.0,Java,,o/owasp-java-encoder/owasp-java-encoder.sh,https://github.com/OWASP/owasp-java-encoder.git
owlapi,owlapi,owlapi-parent-5.1.20,Java,,o/owlapi/owlapi-parent-5.1.20.sh,https://github.com/owlcs/owlapi.git
owlapi,owlapi,owlapi-parent-5.5.0,Java,,o/owlapi/owlapi-parent-5.5.0.sh,https://github.com/owlcs/owlapi.git
owlapi,owlapi,owlapi-parent-5.5.0,Java,,o/owlapi/owlapi-parent-5.5.0_ubi_9.3.sh,https://github.com/owlcs/owlapi.git
PEAR_Exception,PEAR_Exception,v1.0.2,PHP,,p/PEAR_Exception/PEAR_Exception-ubi_8.5.sh,https://github.com/pear/PEAR_Exception.git
PuerkitoBio__purell,PuerkitoBio/purell,8a290539e2e8629dbc4e6bad948158f790ec31f4,Go,,p/PuerkitoBio__purell/PuerkitoBio__purell.sh,https://github.com/puerkitobio/purell
PuerkitoBio__urlesc,PuerkitoBio/urlesc,5bd2802263f21d8788851d5305584c82a5c75d7e,Go,,p/PuerkitoBio__urlesc/PuerkitoBio__urlesc.sh,https://github.com/puerkitobio/urlesc
Pyphen,Pyphen,${1:-,Python,,p/Pyphen/Pyphen.sh,https://github.com/Kozea/Pyphen
Pyphen,Pyphen,0.9.5,Python,Python:3.6,p/Pyphen/Pyphen_rhel_7.6.sh,https://github.com/Kozea/Pyphen
Pyphen,PACKAGE_NAME,v1.0.0,Python,,p/Pyphen/Pyphen_ubi_8_7.sh,https://github.com/org/repo
p-any,p-any,3.0.0,Node,,p/p-any/p-any.sh,https://github.com/sindresorhus/p-any
p-cancelable,p-cancelable,2.1.0,Node,,p/p-cancelable/p-cancelable.sh,https://github.com/sindresorhus/p-cancelable
p-each-series,p-each-series,2.2.0,Node,,p/p-each-series/p-each-series.sh,https://github.com/sindresorhus/p-each-series
p-event,p-event,v6.0.0,Node,Node:16,p/p-event/p-event.sh,https://github.com/sindresorhus/p-event
p-event,p-event,4.2.0,Node,,p/p-event/p-event_rhel_8.3.sh,https://github.com/sindresorhus/p-event
p-finally,p-finally,2.0.1,Node,,p/p-finally/p-finally.sh,https://github.com/sindresorhus/p-finally
p-is-promise,p-is-promise,v3.0.0,Node,,p/p-is-promise/p-is-promise.sh,https://github.com/sindresorhus/p-is-promise.git
p-limit,p-limit,v5.0.0,Node,Node:16,p/p-limit/p-limit.sh,https://github.com/sindresorhus/p-limit
p-limit,p-limit,3.0.2,Node,,p/p-limit/p-limit_rhel_8.3.sh,https://github.com/sindresorhus/p-limit
p-locate,p-locate,5.0.0,Node,,p/p-locate/p-locate.sh,https://github.com/sindresorhus/p-locate
p-map,p-map,v4.0.0,Node,,p/p-map/p-map.sh,https://github.com/sindresorhus/p-map.git
p-retry,p-retry,3.0.1,Node,,p/p-retry/p-retry.sh,https://github.com/sindresorhus/p-retry
p-some,p-some,5.0.0,Node,,p/p-some/p-some.sh,https://github.com/sindresorhus/p-some
p-timeout,p-timeout,v6.1.2,Node,Node:16,p/p-timeout/p-timeout.sh,https://github.com/sindresorhus/p-timeout
p-timeout,p-timeout,3.2.0,Node,,p/p-timeout/p-timeout_rhel_8.3.sh,https://github.com/sindresorhus/p-timeout
p-try,p-try,2.2.0,Node,,p/p-try/p-try.sh,https://github.com/sindresorhus/p-try
package-hash,package-hash,4.0.0,Node,,p/package-hash/package-hash.sh,https://github.com/novemberborn/package-hash
package-json,package-json,v4.0.1,Node,,p/package-json/package-json.sh,https://github.com/sindresorhus/package-json
packet-reader,packet-reader,1.0.0,Node,,p/packet-reader/packet-reader.sh,https://github.com/brianc/node-packet-reader
pact-go,pact-go,v2.0.8,Go,,p/pact-go/pact-go.sh,https://github.com/pact-foundation/pact-go
pad-left,pad-left,2.1.0,Node,,p/pad-left/pad-left.sh,https://github.com/jonschlinkert/pad-left
pad-right,pad-right,0.2.2,Node,,p/pad-right/pad-right.sh,https://github.com/jonschlinkert/pad-right
paged-request,paged-request,2.0.2,Node,,p/paged-request/paged-request.sh,https://github.com/jonschlinkert/paged-request
paho.mqtt.golang,github.com/eclipse/paho.mqtt.golang,v1.3.0,Go,,p/paho.mqtt.golang/paho.mqtt.golang-ubi_8.4.sh,https://github.com/eclipse/paho.mqtt.golang
pako,pako,1.0.11,Node,,p/pako/pako.sh,https://github.com/nodeca/pako
pako,pako,1.0.6,Node,,p/pako/pako_ubuntu_18.04.sh,https://github.com/nodeca/pako
pallets-sphinx-themes,pallets-sphinx-themes,2.3.0,Python,,p/pallets-sphinx-themes/pallets-sphinx-themes.sh,https://github.com/pallets/pallets-sphinx-themes
pallets-sphinx-themes,pallets-sphinx-themes,1.2.3,Python,,p/pallets-sphinx-themes/pallets-sphinx-themes_rhel_8.3.sh,https://github.com/pallets/pallets-sphinx-themes/
pandas,pandas,v2.3.0,Python,,p/pandas/pandas.sh,https://github.com/pandas-dev/pandas.git
pandas,pandas,v1.5.3,Python,,p/pandas/pandas_1.5.3.sh,https://github.com/pandas-dev/pandas.git
pandas,pandas,v1.5.3,Python,,p/pandas/pandas_1.5.3_ubi_9.3.sh,https://github.com/pandas-dev/pandas.git
pandas,pandas,v2.1.1,Python,,p/pandas/pandas_2.1.1.sh,https://github.com/pandas-dev/pandas.git
pandas,pandas,v2.1.1,Python,,p/pandas/pandas_2.1.1_ubi_9.3.sh,https://github.com/pandas-dev/pandas.git
pandas,pandas,v2.2.3,Python,,p/pandas/pandas_2.2.3.sh,https://github.com/pandas-dev/pandas.git
pandas,pandas,v2.2.3,Python,,p/pandas/pandas_2.2.3_ubi_9.5.sh,https://github.com/pandas-dev/pandas.git
pandas,pandas,v2.2.2,Python,,p/pandas/pandas_ubi_8.10.sh,https://github.com/pandas-dev/pandas.git
panva__asn1.js,@panva/asn1.js,1.0.0,Node,,p/panva__asn1.js/panva__asn1.js.sh,https://github.com/panva/asn1.js
papaparse,papaparse,5.3.0,Node,,p/papaparse/papaparse.sh,https://github.com/mholt/PapaParse.git
paragonie_randomcompat,random_compat,v2.0.20,PHP,,p/paragonie_randomcompat/paragonie_randomcompat_v2.0.20.sh,https://github.com/paragonie/random_compat
parallelly,parallelly,1.37.1,R,,p/parallelly/parallelly.sh,https://github.com/cran/parallelly
param,param,v2.1.0,Python,,p/param/param.sh,https://github.com/holoviz/param.git
param-case,param-case,3.0.4,Node,,p/param-case/param-case.sh,https://github.com/blakeembrey/change-case
parameterized,parameterized,v0.9.0,Python,,p/parameterized/parameterized.sh,https://github.com/wolever/parameterized
parameterizedtestcase,parameterizedtestcase,0.1.0,Python,,p/parameterizedtestcase/parameterizedtestcase.sh,https://github.com/msabramo/python_unittest_parameterized_test_case
parent-module,parent-module,1.0.1,Node,,p/parent-module/parent-module.sh,https://github.com/sindresorhus/parent-module
parquet-format,parquet-format,apache-parquet-format-2.10.0,Java,,p/parquet-format/parquet_format.sh,https://github.com/apache/parquet-format.git
parquet-mr,parquet-mr,apache-parquet-1.12.3,Java,,p/parquet-mr/parquet_mr.sh,https://github.com/apache/parquet-mr.git
parse-asn1,parse-asn1,5.1.6,Node,,p/parse-asn1/parse-asn1.sh,https://github.com/crypto-browserify/parse-asn1
parse-filepath,parse-filepath,1.0.2,Node,,p/parse-filepath/parse-filepath.sh,https://github.com/jonschlinkert/parse-filepath
parse-glob,parse-glob,3.0.4,Node,,p/parse-glob/parse-glob.sh,https://github.com/jonschlinkert/parse-glob
parse-json,parse-json,v7.1.0,Node,Node:16,p/parse-json/parse-json.sh,https://github.com/sindresorhus/parse-json
parse-json,parse-json,5.2.0,Node,,p/parse-json/parse-json_rhel_8.3.sh,https://github.com/sindresorhus/parse-json
parse-ms,parse-ms,2.1.0,Node,,p/parse-ms/parse-ms.sh,https://github.com/sindresorhus/parse-ms
parse-passwd,parse-passwd,1.0.0,Node,,p/parse-passwd/parse-passwd.sh,https://github.com/doowb/parse-passwd
parse5,parse5,v7.1.2,Node,Node:16,p/parse5/parse5.sh,https://github.com/inikulin/parse5
parse5,parse5,v3.0.2,Node,,p/parse5/parse5_rhel_7.3.sh,https://github.com/inikulin/parse5
parse5,parse5,v3.0.2,Node,,p/parse5/parse5_ubuntu_16.04.sh,https://github.com/inikulin/parse5
parseqs,parseqs,4d037fc,Node,,p/parseqs/parseqs.sh,https://github.com/galkn/querystring.git
parser,parser,${1:-,PHP,,p/parser/parser.sh,https://github.com/nikic/PHP-Parser.git
parser,parser,4.10.4,PHP,,p/parser/parser_4.10.4.sh,https://github.com/nikic/PHP-Parser
parser,parser,4.10.4,PHP,,p/parser/parser_4.10.4_rhel_8.4.sh,https://github.com/nikic/PHP-Parser
parser,parser,v3.1.0.0,Ruby,,p/parser/parser_ubi_8.4.sh,https://github.com/whitequark/parser.git
parseuri,parseuri,NA,Node,,p/parseuri/parseuri.sh,https://github.com/get/parseuri
parseurl,parseurl,1.3.2,Node,,p/parseurl/parseurl.sh,https://github.com/pillarjs/parseurl
partd,partd,1.4.2,Python,,p/partd/partd.sh,https://github.com/dask/partd
partd,partd,1.4.0,Python,,p/partd/partd_ubi_8.7.sh,https://github.com/dask/partd
particles.js,particles.js,2.0.0,Node,,p/particles.js/particles.js.sh,https://github.com/VincentGarreau/particles.js.git
pascal-case,pascal-case,3.1.2,Node,,p/pascal-case/pascal-case.sh,https://github.com/blakeembrey/change-case
pascalcase,pascalcase,0.1.1,Node,,p/pascalcase/pascalcase.sh,https://github.com/jonschlinkert/pascalcase
pascaldekloe__name,pascaldekloe/name,0fd16699aae1833640fca52a937944c6f3b1d58c,Go,,p/pascaldekloe__name/pascaldekloe__name.sh,https://github.com/pascaldekloe/name
passport,passport,v0.7.0,Node,Node:16,p/passport/passport.sh,https://github.com/jaredhanson/passport
passport-local,PACKAGE_NAME,v1.0.0,Node,,p/passport-local/passport-local.sh,https://github.com/org/repo
passport-local,passport-local,1.0.0,Node,,p/passport-local/passport-local_ubuntu_16.04.sh,https://github.com/jaredhanson/passport-local.git
pastedeploy,pastedeploy,1.5.2,Python,,p/pastedeploy/pastedeploy.sh,https://bitbucket.org/ianb/pastedeploy
path-dirname,path-dirname,1.0.2,Node,,p/path-dirname/path-dirname.sh,https://github.com/es128/path-dirname
path-exists,path-exists,4.0.0,Node,,p/path-exists/path-exists.sh,https://github.com/sindresorhus/path-exists
path-is-absolute,path-is-absolute,1.0.1,Node,,p/path-is-absolute/path-is-absolute.sh,https://github.com/sindresorhus/path-is-absolute
path-is-inside,path-is-inside,1.0.2,Node,,p/path-is-inside/path-is-inside.sh,https://github.com/domenic/path-is-inside
path-key,path-key,3.1.1,Node,,p/path-key/path-key.sh,https://github.com/sindresorhus/path-key
path-loader,path-loader,v1.0.10,Node,,p/path-loader/path-loader.sh,https://github.com/whitlockjc/path-loader.git
path-match,path-match,1.2.4,Node,,p/path-match/path-match.sh,https://github.com/pillarjs/path-match
path-parse,path-parse,1.0.6,Node,,p/path-parse/path-parse.sh,https://github.com/jbgutierrez/path-parse
path-root,path-root,0.1.1,Node,,p/path-root/path-root.sh,https://github.com/jonschlinkert/path-root
path-root-regex,path-root-regex,0.1.2,Node,,p/path-root-regex/path-root-regex.sh,https://github.com/regexhq/path-root-regex
path-to-regexp,path-to-regexp,6.2.0,Node,,p/path-to-regexp/path-to-regexp.sh,https://github.com/pillarjs/path-to-regexp
path-type,path-type,4.0.0,Node,,p/path-type/path-type.sh,https://github.com/sindresorhus/path-type
path_expander,path_expander,v1.1.1,Ruby,,p/path_expander/path_expander.sh,https://github.com/seattlerb/path_expander.git
pathval,pathval,v1.1.0,Node,,p/pathval/pathval.sh,https://github.com/chaijs/pathval.git
patroni,patroni,v4.0.5,Python,,p/patroni/patroni.sh,https://github.com/zalando/patroni
patroni,patroni,${1:-,Python,,p/patroni/patroni_ubi_8.3.sh,"""https://github.com/zalando/patroni"""
pause-stream,pause-stream,0.0.11,Node,,p/pause-stream/pause-stream.sh,https://github.com/dominictarr/pause-stream
pbkdf2-compat,pbkdf2-compat,2.0.1,Node,,p/pbkdf2-compat/pbkdf2-compat.sh,https://github.com/crypto-browserify/pbkdf2-compat
pborman__uuid,pborman/uuid,ca53cad383cad2479bbba7f7a1a05797ec1386e4,Go,,p/pborman__uuid/pborman__uuid.sh,https://github.com/pborman/uuid
pcollections,pcollections,master,Java,,p/pcollections/pcollections.sh,https://github.com/hrldcpr/pcollections
pcollections,pcollections,master,Java,,p/pcollections/pcollections_ubuntu_16.04.sh,https://github.com/hrldcpr/pcollections
pdfkit,pdfkit,v0.8.0,Node,,p/pdfkit/pdfkit.sh,https://github.com/devongovett/pdfkit
pdfkit,pdfkit,v0.8.0,Node,,p/pdfkit/pdfkit_ubuntu_16.04.sh,https://github.com/devongovett/pdfkit
pear__console_getopt,pear/console_getopt,1.4.3,PHP,,p/pear__console_getopt/pear__console_getopt.sh,https://github.com/pear/Console_Getopt
pear__pear-core-minimal,pear/pear-core-minimal,1.10.10,PHP,,p/pear__pear-core-minimal/pear__pear-core-minimal.sh,https://github.com/pear/pear-core-minimal
pear_archive-tar,Archive_Tar,1.4.12,PHP,,p/pear_archive-tar/pear_archive-tar.sh,https://github.com/pear/Archive_Tar.git
pecl-encryption-mcrypt,pecl-encryption-mcrypt,1.0.3,PHP,,p/pecl-encryption-mcrypt/pecl-encryption-mcrypt.sh,https://github.com/php/pecl-encryption-mcrypt
pecl-file_formats-yaml,pecl-file_formats-yaml,2.2.2,PHP,,p/pecl-file_formats-yaml/pecl-file_formats-yaml.sh,https://github.com/php/pecl-file_formats-yaml.git
pelletier__go-buffruneio,pelletier/go-buffruneio,0.2.0,Go,,p/pelletier__go-buffruneio/pelletier__go-buffruneio.sh,https://github.com/pelletier/go-buffruneio
pelletier__go-toml,pelletier/go-toml,1.0.1,Go,,p/pelletier__go-toml/pelletier__go-toml.sh,https://github.com/pelletier/go-toml
pend,pend,1.2.0,Node,,p/pend/pend.sh,https://github.com/andrewrk/node-pend
pep381client,conda.recipe,v1.0.0,Python,,p/pep381client/build.sh,https://github.com/org/repo
pep381client,pep381client,1.5,Python,,p/pep381client/pep381client_ubuntu_16.04_py27.sh,https://bitbucket.org/loewis/pep381client
perfect-scrollbar,perfect-scrollbar,1.5.5,Node,,p/perfect-scrollbar/perfect-scrollbar.sh,https://github.com/mdbootstrap/perfect-scrollbar.git
perfmark-api,perfmark-api,"0.19.0, 0.21.0",Java,,p/perfmark-api/perfmark-api.sh,https://github.com/perfmark/perfmark.git
performance-now,performance-now,master,Node,,p/performance-now/performance_now.sh,https://github.com/myrne/performance-now.git
perks,perks,v1.0.1,Go,,p/perks/perks.sh,https://github.com/beorn7/perks
persevere,persevere,NA,Node,,p/persevere/persevere.sh,https://github.com/kriszyp/persevere
persistence,persistence,3.2-3.2.0-RELEASE,Java,,p/persistence/persistence.sh,https://github.com/jakartaee/persistence
persistent,persistent,6.1.1,Python,,p/persistent/persistent.sh,https://github.com/zopefoundation/persistent
persistent,persistent,4.2.1,Python,,p/persistent/persistent_rhel_7.3.sh,https://github.com/zopefoundation/persistent
persistent,persistent,5.1,Python,,p/persistent/persistent_ubi_8.7.sh,https://github.com/zopefoundation/persistent
peterbourgon__diskv,peterbourgon/diskv,5f041e8faa004a95c88a202771f4cc3e991971e6,Go,,p/peterbourgon__diskv/peterbourgon__diskv.sh,https://github.com/peterbourgon/diskv
petlx,conda.recipe,v1.0.0,Python,,p/petlx/build.sh,https://github.com/org/repo
petlx,petlx,1.0.3,Python,,p/petlx/petlx.sh,https://github.com/alimanfoo/petlx.git
petlx,petlx,1.0.3,Python,,p/petlx/petlx_ubuntu_16.04.sh,https://github.com/alimanfoo/petlx.git
pez,pez,v4.1.1,Node,,p/pez/pez.sh,https://github.com/hapijs/pez.git
pg-int8,pg-int8,1.0.1,Node,,p/pg-int8/pg-int8.sh,https://github.com/charmander/pg-int8
pg-types,pg-types,2.2.0,Node,,p/pg-types/pg-types.sh,https://github.com/brianc/node-pg-types
pgconn,pgconn,v1.9.0,Go,,p/pgconn/pgconn.sh,https://github.com/jackc/pgconn.git
pgio,pgio,v1.0.0,Go,,p/pgio/pgio.sh,https://github.com/jackc/pgio
pgjdbc,pgjdbc,REL42.7.4,Java,,p/pgjdbc/pgjdbc.sh,https://github.com/pgjdbc/pgjdbc.git
pgtype,pgtype,v1.8.0,Go,,p/pgtype/pgtype.sh,https://github.com/jackc/pgtype.git
pgx,pgx,v4.12.0,Go,,p/pgx/pgx.sh,https://github.com/jackc/pgx.git
phantomjs,phantomjs,2.1.1,Python,,p/phantomjs/phantomjs.sh,https://github.com/ariya/phantomjs/
phantomjs,phantomjs,2.1.1,Python,,p/phantomjs/phantomjs_rhel_7.2.sh,https://github.com/ariya/phantomjs/
phantomjs,phantomjs,2.1.1,Python,,p/phantomjs/phantomjs_ubuntu_16.04.sh,https://github.com/ariya/phantomjs/
phar-io__manifest,phar-io/manifest,1.0.3,PHP,,p/phar-io__manifest/phar-io__manifest.sh,https://github.com/phar-io/manifest
phar-io_version,version,3.1.0,PHP,,p/phar-io_version/phar-io_version.sh,https://github.com/phar-io/version
phar-stream-wrapper,phar-stream-wrapper,${1:-,PHP,,p/phar-stream-wrapper/phar-stream-wrapper.sh,https://github.com/TYPO3/phar-stream-wrapper.git
phenomnomnominal__tsquery,@phenomnomnominal/tsquery,4.1.1,Node,,p/phenomnomnominal__tsquery/phenomnomnominal__tsquery.sh,https://github.com/phenomnomnominal/tsquery
php-code-coverage,php-code-coverage,6.1.4,PHP,,p/php-code-coverage/php-code-coverage.sh,https://github.com/sebastianbergmann/php-code-coverage/
php-encryption,php-encryption,v2.2.1,PHP,,p/php-encryption/php-encryption.sh,https://github.com/defuse/php-encryption
php-htmldiff,php-htmldiff,v0.1.12,PHP,,p/php-htmldiff/php-htmldiff.sh,https://github.com/caxy/php-htmldiff.git
php-jwt,php-jwt,v5.2.0,PHP,,p/php-jwt/php-jwt.sh,https://github.com/firebase/php-jwt
php-src,php-src,php-8.4.0alpha1,PHP,,p/php-src/php-src.sh,https://github.com/php/php-src
php-webdriver,php-webdriver,1.4.7,PHP,,p/php-webdriver/php-webdriver.sh,https://github.com/instaclick/php-webdriver
php-xdg-base-dir,php-xdg-base-dir,0.1,PHP,,p/php-xdg-base-dir/php-xdg-base-dir.sh,https://github.com/dnoegel/php-xdg-base-dir.git
php_codesniffer,squizlabs/php_codesniffer,3.6.1,PHP,,p/php_codesniffer/php_codesniffer.sh,https://github.com/squizlabs/PHP_CodeSniffer.git
phpcomplex,PHPComplex,2.0.0,PHP,,p/phpcomplex/phpcomplex.sh,https://github.com/MarkBaker/PHPComplex
phpdocumentor__reflection-common,phpdocumentor/reflection-common,2.2,PHP,,p/phpdocumentor__reflection-common/phpdocumentor__reflection-common.sh,https://github.com/phpDocumentor/ReflectionCommon
phpdocumentor__reflection-docblock,phpdocumentor/reflection-docblock,4.3.4,PHP,,p/phpdocumentor__reflection-docblock/phpdocumentor__reflection-docblock.sh,https://github.com/phpDocumentor/ReflectionDocBlock
phpoffice__phpspreadsheet,phpoffice/phpspreadsheet,1.17.1,PHP,,p/phpoffice__phpspreadsheet/phpoffice__phpspreadsheet.sh,https://github.com/PHPOffice/PhpSpreadsheet
phpoption__phpoption,phpoption/phpoption,1.7.2,PHP,,p/phpoption__phpoption/phpoption__phpoption.sh,https://github.com/schmittjoh/php-option
phpspec__prophecy,phpspec/prophecy,1.7,PHP,,p/phpspec__prophecy/phpspec__prophecy.sh,https://github.com/phpspec/prophecy
phpspec__prophecy-phpunit,phpspec/prophecy-phpunit,2.0.0,PHP,,p/phpspec__prophecy-phpunit/phpspec__prophecy-phpunit.sh,https://github.com/phpspec/prophecy-phpunit
phpstan-drupal,phpstan-drupal,1.1.20,PHP,,p/phpstan-drupal/phpstan-drupal.sh,https://github.com/mglaman/phpstan-drupal
phpunit,phpunit,9.0.0,PHP,,p/phpunit/phpunit.sh,https://github.com/sebastianbergmann/phpunit
phpunit-bridge,phpunit-bridge,${1:-,PHP,,p/phpunit-bridge/phpunit-bridge.sh,https://github.com/symfony/phpunit-bridge.git
phpunit__php-file-iterator,phpunit/php-file-iterator,2.0.1,PHP,,p/phpunit__php-file-iterator/phpunit__php-file-iterator.sh,https://github.com/sebastianbergmann/php-file-iterator
phpunit__php-text-template,phpunit/php-text-template,1.2.1,PHP,,p/phpunit__php-text-template/phpunit__php-text-template.sh,https://github.com/sebastianbergmann/php-text-template
phpunit__php-timer,phpunit/php-timer,2.1.3,PHP,,p/phpunit__php-timer/phpunit__php-timer.sh,https://github.com/sebastianbergmann/php-timer
phpunit__php-token-stream,phpunit/php-token-stream,3.1.2,PHP,,p/phpunit__php-token-stream/phpunit__php-token-stream.sh,https://github.com/sebastianbergmann/php-token-stream
picocli,picocli,v4.0.4,Java,,p/picocli/picocli.sh,https://github.com/remkop/picocli.git
picocli,PACKAGE_NAME,v4.5.2,Java,,p/picocli/picocli_v4.5.2.sh,https://github.com/remkop/picocli.git
picocli,picocli,v4.5.2,Java,,p/picocli/picocli_v4.5.2_ubi8_3.sh,https://github.com/remkop/picocli.git
picocolors,picocolors,v1.0.0,Node,,p/picocolors/picocolors_8.5.sh,https://github.com/alexeyraspopov/picocolors.git
picomatch,picomatch,4.0.2,Node,Node:16,p/picomatch/picomatch.sh,https://github.com/micromatch/picomatch
picomatch,picomatch,2.2.3,Node,,p/picomatch/picomatch_rhel_8.3.sh,https://github.com/micromatch/picomatch
picomatch,picomatch,4.0.1,Node,Node:16,p/picomatch/picomatch_ubi_8.7.sh,https://github.com/micromatch/picomatch
pify,pify,4.0.1,Node,,p/pify/pify.sh,https://github.com/sindresorhus/pify
pillar,pillar,1.9.0,R,,p/pillar/pillar.sh,https://github.com/cran/pillar
pillow,pillow,10.4.0,Python,,p/pillow/pillow.sh,https://github.com/python-pillow/Pillow/
pillow,pillow,10.3.0,Python,,p/pillow/pillow_ubi_8.10.sh,https://github.com/python-pillow/Pillow/
pillow,pillow,10.4.0,Python,,p/pillow/pillow_ubi_9.3.sh,https://github.com/python-pillow/Pillow/
pillow,pillow,10.0.1,Python,,p/pillow/pillow_v10.0.1.sh,https://github.com/python-pillow/Pillow/
pillow,pillow,10.0.1,Python,,p/pillow/pillow_v10.0.1_ubi_9.3.sh,https://github.com/python-pillow/Pillow/
pillow,pillow,12.0.0,Python,,p/pillow/pillow_v12.0.0.sh,https://github.com/python-pillow/Pillow/
pingcap-pd,pingcap-pd,rc3,Go,,p/pingcap-pd/pingcap-pd.sh,https://github.com/pingcap/pd
pingcap-pd,pingcap-pd,rc3,Go,,p/pingcap-pd/pingcap-pd_ubuntu_16.04.sh,https://github.com/pingcap/pd
pinkie-promise,pinkie-promise,1.0.0,Node,,p/pinkie-promise/pinkie-promise.sh,https://github.com/floatdrop/pinkie-promise
pino-abstract-transport,pino-abstract-transport,v2.0.0,Node,Node:20,p/pino-abstract-transport/pino-abstract-transport.sh,https://github.com/pinojs/pino-abstract-transport.git
pino-colada,pino-colada,2.1.0,Node,,p/pino-colada/pino-colada.sh,https://github.com/lrlna/pino-colada
pino-pretty,pino-pretty,2.6.1,Node,,p/pino-pretty/pino-pretty.sh,https://github.com/pinojs/pino-pretty
pino-std-serializers,pino-std-serializers,2.5.0,Node,,p/pino-std-serializers/pino-std-serializers.sh,https://github.com/pinojs/pino-std-serializers
pint,pint,0.24.4,Python,,p/pint/pint.sh,https://github.com/hgrecco/pint
pint,pint,0.18,Python,,p/pint/pint_ubi_8.5.sh,https://github.com/hgrecco/pint
pip-ray,pip-ray,ray-0.7.7,Python,,p/pip-ray/pip-ray_0.7.7.sh,https://github.com/ray-project/ray
pirates,pirates,4.0.1,Node,,p/pirates/pirates.sh,https://github.com/ariporad/pirates
pkg,github.com/coreos/pkg,v0.0.0-20180928190104-399ea9e2e55f,Go,,p/pkg/pkg.sh,https://github.com/coreos/pkg
pkg-conf,pkg-conf,3.1.0,Node,,p/pkg-conf/pkg-conf.sh,https://github.com/sindresorhus/pkg-conf
pkg-json,pkg-json,2.0.6,Node,,p/pkg-json/pkg-json.sh,https://github.com/IonicaBizau/pkg.json.git
pkg-up,pkg-up,3.1.0,Node,,p/pkg-up/pkg-up.sh,https://github.com/sindresorhus/pkg-up
pkg-up,pkg-up,v4.0.0,Node,,p/pkg-up/pkg-up_8.5.sh,https://github.com/sindresorhus/pkg-up.git
pkg_errors,github.com/pkg/errors,v0.9.1,Go,,p/pkg_errors/pkg_errors.sh,https://github.com/pkg/errors
pkgbuild,pkgbuild,1.4.4,R,,p/pkgbuild/pkgbuild.sh,https://github.com/cran/pkgbuild
pkgconfig,pkgconfig,2.0.3,R,,p/pkgconfig/pkgconfig.sh,https://github.com/cran/pkgconfig
pkgload,pkgload,1.4.0,R,,p/pkgload/pkgload.sh,https://github.com/cran/pkgload.git
plexus-archiver,plexus-archiver,"3.7.0, 4.2.2",Java,,p/plexus-archiver/plexus-archiver.sh,https://github.com/codehaus-plexus/plexus-archiver
plexus-io,plexus-io,"3.1.0, 3.2.0",Java,,p/plexus-io/plexus-io.sh,https://github.com/codehaus-plexus/plexus-io
plexus-utils,plexus-utils,plexus-utils-4.0.1,Java,,p/plexus-utils/plexus-utils.sh,https://github.com/codehaus-plexus/plexus-utils.git
plexus-utils,PACKAGE_NAME,v1.0.0,Java,,p/plexus-utils/plexus_utils.sh,https://github.com/org/repo
plexus-utils,plexus-utils,3.3.0,Java,,p/plexus-utils/plexus_utils_rhel_7.6.sh,https://github.com/codehaus-plexus/plexus-utils
plist,howett.net/plist,v0.0.0-20181124034731-591f970eefbb,Go,,p/plist/plist.sh,https://github.com/DHowett/go-plist
plot,plot,e2840ee46a6b,Go,,p/plot/plot.sh,https://github.com/gonum/plot.git
plotly,plotly,4.10.4,R,,p/plotly/plotly.sh,https://github.com/cran/plotly.git
plur,plur,1.0.0,Node,,p/plur/plur.sh,https://github.com/sindresorhus/plur
pluralize,pluralize,7.0.0,Node,,p/pluralize/pluralize.sh,https://github.com/blakeembrey/pluralize
pn,pn,1.1.0,Node,,p/pn/pn.sh,https://github.com/cscott/node-pn
png-js,png-js,0.1.1,Node,,p/png-js/png-js.sh,https://github.com/devongovett/png.js
podium,podium,v3.4.3,Node,,p/podium/podium.sh,https://github.com/hapijs/podium.git
poetry,poetry,1.8.5,Python,,p/poetry/poetry.sh,https://github.com/python-poetry/poetry.git
poetry-plugin-export,poetry-plugin-export,1.8.0,Python,,p/poetry-plugin-export/poetry-plugin-export.sh,https://github.com/python-poetry/poetry-plugin-export.git
poi,poi,REL_3_17_FINAL,Java,,p/poi/poi.sh,https://svn.apache.org/repos/asf/poi/trunk/
pointer-symbol,pointer-symbol,1.0.0,Node,,p/pointer-symbol/pointer-symbol.sh,https://github.com/enquirer/pointer-symbol.git
polished,polished,v4.1.3,Node,,p/polished/polished.sh,https://github.com/styled-components/polished.git
popmotion,popmotion,$1,Node,,p/popmotion/popmotion.sh,https://github.com/Popmotion/popmotion.git
popper.js,popper.js,master,Node,,p/popper.js/popper_master.sh,https://github.com/popperjs/popper-core.git
popper.js,popper-core,v2.10.2,Node,,p/popper.js/popperjs_2.10.2..sh,https://github.com/popperjs/popper-core.git
popper.js,popper-core,v2.10.2,Node,,p/popper.js/popperjs_2.10.2._ubuntu_18.04.sh,https://github.com/popperjs/popper-core.git
porta,porta,3scale-2.14.1-GA,Ruby,,p/porta/porta.sh,https://github.com/3scale/porta.git
portfinder,portfinder,1.0.28,Node,,p/portfinder/portfinder.sh,https://github.com/http-party/node-portfinder
posix-character-classes,posix-character-classes,0.1.1,Node,,p/posix-character-classes/posix-character-classes.sh,https://github.com/jonschlinkert/posix-character-classes
posix-getopt,posix-getopt,1.2.0,Node,,p/posix-getopt/posix-getopt.sh,https://github.com/davepacheco/node-getopt
postcss-browser-comments,postcss-browser-comments,3.0.0,Node,,p/postcss-browser-comments/postcss-browser-comments.sh,https://github.com/csstools/postcss-browser-comments
postcss-calc,postcss-calc,7.0.5,Node,,p/postcss-calc/postcss-calc.sh,https://github.com/postcss/postcss-calc
postcss-color-functional-notation,postcss-color-functional-notation,2.0.1,Node,,p/postcss-color-functional-notation/postcss-color-functional-notation.sh,https://github.com/csstools/postcss-color-functional-notation
postcss-color-gray,postcss-color-gray,5.0.0,Node,,p/postcss-color-gray/postcss-color-gray.sh,https://github.com/postcss/postcss-color-gray
postcss-color-hex-alpha,postcss-color-hex-alpha,5.0.3,Node,,p/postcss-color-hex-alpha/postcss-color-hex-alpha.sh,https://github.com/postcss/postcss-color-hex-alpha
postcss-color-mod-function,postcss-color-mod-function,3.0.3,Node,,p/postcss-color-mod-function/postcss-color-mod-function.sh,https://github.com/jonathantneal/postcss-color-mod-function
postcss-custom-media,postcss-custom-media,7.0.8,Node,,p/postcss-custom-media/postcss-custom-media.sh,https://github.com/postcss/postcss-custom-media
postcss-custom-properties,postcss-custom-properties,8.0.11,Node,,p/postcss-custom-properties/postcss-custom-properties.sh,https://github.com/postcss/postcss-custom-properties
postcss-custom-selectors,postcss-custom-selectors,5.1.2,Node,,p/postcss-custom-selectors/postcss-custom-selectors.sh,https://github.com/postcss/postcss-custom-selectors
postcss-dir-pseudo-class,postcss-dir-pseudo-class,5.0.0,Node,,p/postcss-dir-pseudo-class/postcss-dir-pseudo-class.sh,https://github.com/jonathantneal/postcss-dir-pseudo-class
postcss-double-position-gradients,postcss-double-position-gradients,1.0.0,Node,,p/postcss-double-position-gradients/postcss-double-position-gradients.sh,https://github.com/csstools/postcss-double-position-gradients
postcss-env-function,postcss-env-function,2.0.2,Node,,p/postcss-env-function/postcss-env-function.sh,https://github.com/csstools/postcss-env-function
postcss-focus-visible,postcss-focus-visible,4.0.0,Node,,p/postcss-focus-visible/postcss-focus-visible.sh,https://github.com/csstools/postcss-focus-visible
postcss-focus-within,postcss-focus-within,3.0.0,Node,,p/postcss-focus-within/postcss-focus-within.sh,https://github.com/csstools/postcss-focus-within
postcss-font-variant,postcss-font-variant,4.0.1,Node,,p/postcss-font-variant/postcss-font-variant.sh,https://github.com/postcss/postcss-font-variant
postcss-gap-properties,postcss-gap-properties,2.0.0,Node,,p/postcss-gap-properties/postcss-gap-properties.sh,https://github.com/jonathantneal/postcss-gap-properties
postcss-image-set-function,postcss-image-set-function,3.0.1,Node,,p/postcss-image-set-function/postcss-image-set-function.sh,https://github.com/jonathantneal/postcss-image-set-function
postcss-initial,postcss-initial,3.0.4,Node,,p/postcss-initial/postcss-initial.sh,https://github.com/maximkoretskiy/postcss-initial
postcss-lab-function,postcss-lab-function,2.0.1,Node,,p/postcss-lab-function/postcss-lab-function.sh,https://github.com/csstools/postcss-lab-function
postcss-logical,postcss-logical,3.0.0,Node,,p/postcss-logical/postcss-logical.sh,https://github.com/csstools/postcss-logical
postcss-media-minmax,postcss-media-minmax,4.0.0,Node,,p/postcss-media-minmax/postcss-media-minmax.sh,https://github.com/postcss/postcss-media-minmax
postcss-modules-extract-imports,postcss-modules-extract-imports,2.0.0,Node,,p/postcss-modules-extract-imports/postcss-modules-extract-imports.sh,https://github.com/css-modules/postcss-modules-extract-imports
postcss-modules-local-by-default,postcss-modules-local-by-default,3.0.3,Node,,p/postcss-modules-local-by-default/postcss-modules-local-by-default.sh,https://github.com/css-modules/postcss-modules-local-by-default
postcss-modules-scope,postcss-modules-scope,2.2.0,Node,,p/postcss-modules-scope/postcss-modules-scope.sh,https://github.com/css-modules/postcss-modules-scope
postcss-modules-values,postcss-modules-values,3.0.0,Node,,p/postcss-modules-values/postcss-modules-values.sh,https://github.com/css-modules/postcss-modules-values
postcss-nesting,postcss-nesting,7.0.1,Node,,p/postcss-nesting/postcss-nesting.sh,https://github.com/csstools/postcss-nesting
postcss-page-break,postcss-page-break,2.0.0,Node,,p/postcss-page-break/postcss-page-break.sh,https://github.com/shrpne/postcss-page-break
postcss-place,postcss-place,4.0.1,Node,,p/postcss-place/postcss-place.sh,https://github.com/csstools/postcss-place
postcss-pseudo-class-any-link,postcss-pseudo-class-any-link,6.0.0,Node,,p/postcss-pseudo-class-any-link/postcss-pseudo-class-any-link.sh,https://github.com/jonathantneal/postcss-pseudo-class-any-link
postcss-reduce-initial,postcss-reduce-initial,"1.0.1, 4.0.3",Node,,p/postcss-reduce-initial/postcss-reduce-initial.sh,https://github.com/cssnano/cssnano.git
postcss-reduce-initial,cssnano,v1.0.1,Node,,p/postcss-reduce-initial/postcss-reduce-initial_1.0.1_4.0.3.sh,https://github.com/cssnano/cssnano.git
postcss-reduce-initial,cssnano,v1.0.1,Node,,p/postcss-reduce-initial/postcss-reduce-initial_1.0.1_4.0.3_Ubuntu_18.04.sh,https://github.com/cssnano/cssnano.git
postcss-selector-matches,postcss-selector-matches,4.0.0,Node,,p/postcss-selector-matches/postcss-selector-matches.sh,https://github.com/postcss/postcss-selector-matches
postcss-selector-not,postcss-selector-not,4.0.1,Node,,p/postcss-selector-not/postcss-selector-not.sh,https://github.com/postcss/postcss-selector-not
postcss-selector-parser,postcss-selector-parser,5.0.0,Node,,p/postcss-selector-parser/postcss-selector-parser.sh,https://github.com/postcss/postcss-selector-parser.git
postcss-selector-parser,postcss-selector-parser,3.1.2,Node,,p/postcss-selector-parser/postcss-selector-parser_rhel_8.3.sh,https://github.com/postcss/postcss-selector-parser
postcss-value-parser,postcss-value-parser,4.1.0,Node,,p/postcss-value-parser/postcss-value-parser.sh,https://github.com/TrySound/postcss-value-parser
postgres-array,postgres-array,2.0.0,Node,,p/postgres-array/postgres-array.sh,https://github.com/bendrucker/postgres-array
postgres-bytea,postgres-bytea,1.0.0,Node,,p/postgres-bytea/postgres-bytea.sh,https://github.com/bendrucker/postgres-bytea
postgres-date,postgres-date,1.0.7,Node,,p/postgres-date/postgres-date.sh,https://github.com/bendrucker/postgres-date
postgres-interval,postgres-interval,1.2.0,Node,,p/postgres-interval/postgres-interval.sh,https://github.com/bendrucker/postgres-interval
postgres-operator,postgres-operator,b0427ff,Go,,p/postgres-operator/postgres-operator.sh,https://github.com/CrunchyData/postgres-operator
powermock,powermock,powermock-2.0.9,Java,,p/powermock/powermock.sh,https://github.com/powermock/powermock.git
powermock,powermock,1.7.4,Java,,p/powermock/powermock_rhel_7.4.sh,https://github.com/powermock/powermock.git
powermock,powermock,1.7.3,Java,,p/powermock/powermock_ubuntu_16.04.sh,https://github.com/powermock/powermock.git
pq,pq,v1.8.0,Go,Go:1.16,p/pq/pq.sh,https://github.com/lib/pq
precond,precond,0.2.3,Node,,p/precond/precond.sh,https://github.com/MathieuTurcotte/node-precond
prelude-ls,prelude-ls,1.2.1,Node,,p/prelude-ls/prelude-ls.sh,https://github.com/gkz/prelude-ls
preserve,preserve,0.2.0,Node,,p/preserve/preserve.sh,https://github.com/jonschlinkert/preserve.git
preset-modules,preset-modules,0.1.4,Node,,p/preset-modules/preset-modules.sh,https://github.com/babel/preset-modules.git
prestodb-odbc,prestodb-odbc,v1.0.0,Java,,p/prestodb-odbc/presto-all.sh,https://github.com/prestodb/presto.git
prestodb-presto,presto,0.267,Java,,p/prestodb-presto/presto.sh,https://github.com/prestodb/presto.git
prestodb-presto,0.236,0.236,Java,,p/prestodb-presto/presto_rhel7.6.sh,https://github.com/prestodb/presto.git
prettier-bytes,prettier-bytes,1.0.4,Node,,p/prettier-bytes/prettier-bytes.sh,https://github.com/Flet/prettier-bytes
pretty,pretty,v0.2.0,Go,,p/pretty/pretty.sh,https://github.com/kr/pretty
pretty-bytes,pretty-bytes,5.6.0,Node,,p/pretty-bytes/pretty-bytes.sh,https://github.com/sindresorhus/pretty-bytes
pretty-error,pretty-error,2.1.2,Node,,p/pretty-error/pretty-error.sh,https://github.com/AriaMinaei/pretty-error
pretty-ms,pretty-ms,5.1.0,Node,,p/pretty-ms/pretty-ms.sh,https://github.com/sindresorhus/pretty-ms
pretty-time,pretty-time,0.2.0,Node,,p/pretty-time/pretty-time.sh,https://github.com/jonschlinkert/pretty-time
prettysize,prettysize,0.0.3,Node,,p/prettysize/prettysize.sh,https://github.com/davglass/prettysize
prettyunits,prettyunits,1.2.0,R,,p/prettyunits/prettyunits.sh,https://github.com/cran/prettyunits
primp,primp,v0.8.1,Python,,p/primp/primp.sh,https://github.com/deedy5/primp.git
print-html-element,print-html-element,0.5.1,Node,,p/print-html-element/print-html-element.sh,https://github.com/rpdasilva/print-html-element.git
private,private,0.1.8,Node,,p/private/private.sh,https://github.com/benjamn/private
process-nextick-args,process-nextick-args,2.0.0,Node,,p/process-nextick-args/process-nextick-args.sh,https://github.com/calvinmetcalf/process-nextick-args
processx,processx,3.8.4,R,,p/processx/processx.sh,https://github.com/cran/processx
procfs,procfs,${1:v0.15.1},Go,Go:1.23.0,p/procfs/procfs.sh,https://github.com/prometheus/procfs
procfs,github.com/prometheus/procfs,v0.2.0,Go,,p/procfs/procfs_ubi_8.5.sh,https://github.com/prometheus/procfs
progressbar,progressbar,v1.0.0,Go,,p/progressbar/progressbar.sh,https://github.com/schollz/progressbar
prometheus-operator,prometheus-operator,${1:-,Go,"Go:""1.15""",p/prometheus-operator/prometheus-operator.sh,https://github.com/coreos/prometheus-operator
prometheus__client_golang,client_golang,${1:v1.20.5},Go,Go:1.23.0,p/prometheus__client_golang/prometheus__client_golang.sh,https://github.com/prometheus/client_golang
prometheus__client_golang,prometheus/client_golang,e7e903064f5e9eb5da98208bae10b475d4db0f8c,Go,,p/prometheus__client_golang/prometheus__client_golang_rhel_8.3.sh,https://github.com/prometheus/client_golang
prometheus__client_golang,github.com/prometheus/client_golang,v1.8.0,Go,,p/prometheus__client_golang/prometheus__client_golang_ubi_8.5.sh,https://github.com/prometheus/client_golang
prometheus__common,github.com/prometheus/common,v0.14.0,Go,,p/prometheus__common/prometheus__common.sh,https://github.com/prometheus/common
promethus_clientmodel,github.com/prometheus/client_model,v0.2.0,Go,,p/promethus_clientmodel/prometheus.sh,https://github.com/prometheus/client_model
promise,promise,8.0.1,Node,,p/promise/promise.sh,https://github.com/then/promise
promise-pool,promise-pool,v3.2.0,Node,Node:16,p/promise-pool/promise-pool.sh,https://github.com/supercharge/promise-pool
promise-retry,promise-retry,1.1.1,Node,,p/promise-retry/promise-retry.sh,https://github.com/IndigoUnited/node-promise-retry
promised-ldap,promised-ldap,v0.2.0,Node,,p/promised-ldap/promised-ldap.sh,https://github.com/stewartml/promised-ldap
prompt-choices,prompt-choices,4.1.0,Node,,p/prompt-choices/prompt-choices.sh,https://github.com/enquirer/prompt-choices
prompt-password,prompt-password,1.2.0,Node,,p/prompt-password/prompt-password.sh,https://github.com/enquirer/prompt-password
prompt-question,prompt-question,5.0.2,Node,,p/prompt-question/prompt-question.sh,https://github.com/enquirer/prompt-question
prompts,prompts,2.4.1,Node,,p/prompts/prompts.sh,https://github.com/terkelg/prompts
promremotebench,promremotebench,v0.8.0,Go,,p/promremotebench/promremotebench.sh,https://github.com/m3dbx/promremotebench.git
promzard,promzard,0.3.0,Node,,p/promzard/promzard.sh,https://github.com/isaacs/promzard
prop-types,prop-types,${1:-,Node,Node:16,p/prop-types/prop-types.sh,https://github.com/facebook/prop-types
prop-types,prop-types,15.7.2,Node,,p/prop-types/prop-types_rhel_8.3.sh,https://github.com/facebook/prop-types
properties,properties,v1.8.5,Go,,p/properties/properties.sh,https://github.com/magiconair/properties
properties-reader,properties-reader,0.0.16,Node,,p/properties-reader/properties-reader.sh,https://github.com/steveukx/properties
property-information,property-information,6.5.0,Node,Node:18,p/property-information/property-information.sh,https://github.com/wooorm/property-information
proto-list,proto-list,1.2.4,Node,,p/proto-list/proto-list.sh,https://github.com/isaacs/proto-list
protobuf,protobuf,$1,Java,,p/protobuf/protobuf-java.sh,https://github.com/protocolbuffers/protobuf.git
protobuf,protobuf,$1,Java,,p/protobuf/protobuf-java_rhel_8.sh,https://github.com/protocolbuffers/protobuf.git
protobuf,PACKAGE_NAME,v1.0.0,Java,,p/protobuf/protobuf-java_v2.5.0.sh,https://github.com/org/repo
protobuf,protobuf,v2.5.0,Java,,p/protobuf/protobuf-java_v2.5.0_rhel_8.sh,https://github.com/protocolbuffers/protobuf.git
protobuf,protobuf,v3.21.12,Python,,p/protobuf/protobuf.sh,https://github.com/protocolbuffers/protobuf.git
protobuf,protobuf,v1.3.2,Go,Go:1.15,p/protobuf/protobuf_ubi_8.3.sh,https://github.com/gogo/protobuf
protobuf,github.com/gogo/protobuf,v1.3.2,Go,,p/protobuf/protobuf_ubi_8.5.sh,https://github.com/gogo/protobuf
protobuf,protobuf,v3.21.12,Python,,p/protobuf/protobuf_ubi_9.3.sh,https://github.com/protocolbuffers/protobuf.git
protobuf,github.com/gogo/protobuf,v1.2.1,Go,,p/protobuf/protobuf_v1.2.1_ubi_8.5.sh,https://github.com/gogo/protobuf
protobuf,protobuf,v4.25.3,Python,,p/protobuf/protobuf_v4.25.3.sh,https://github.com/protocolbuffers/protobuf
protobuf,protobuf,v4.25.3,Python,,p/protobuf/protobuf_v4.25.3_ubi_9.3.sh,https://github.com/protocolbuffers/protobuf
protobuf,protobuf,v6.31.0,Python,Python:3.12,p/protobuf/protobuf_v6.31.0.sh,https://github.com/protocolbuffers/protobuf
protobuf-go,google.golang.org/protobuf,v1.27.1,Go,,p/protobuf-go/protobuf-go.sh,https://github.com/protocolbuffers/protobuf-go
protobufjs,protobufjs,6.10.2,Node,,p/protobufjs/protobufjs.sh,https://github.com/protobufjs/protobuf.js
protobufjs__aspromise,@protobufjs/aspromise,1.1.2,Node,,p/protobufjs__aspromise/protobufjs__aspromise.sh,https://github.com/dcodeIO/protobuf.js
protobufjs__base64,@protobufjs/base64,1.1.2,Node,,p/protobufjs__base64/protobufjs__base64.sh,https://github.com/dcodeIO/protobuf.js
protobufjs__eventemitter,@protobufjs/eventemitter,1.1.0,Node,,p/protobufjs__eventemitter/protobufjs__eventemitter.sh,https://github.com/dcodeIO/protobuf.js
protobufjs__fetch,@protobufjs/fetch,1.1.0,Node,,p/protobufjs__fetch/protobufjs__fetch.sh,https://github.com/dcodeIO/protobuf.js
protobufjs__float,@protobufjs/float,1.0.2,Node,,p/protobufjs__float/protobufjs__float.sh,https://github.com/dcodeIO/protobuf.js
protobufjs__inquire,@protobufjs/inquire,1.1.0,Node,,p/protobufjs__inquire/protobufjs__inquire.sh,https://github.com/dcodeIO/protobuf.js
protobufjs__path,@protobufjs/path,1.1.2,Node,,p/protobufjs__path/protobufjs__path.sh,https://github.com/dcodeIO/protobuf.js
protobufjs__pool,@protobufjs/pool,1.1.0,Node,,p/protobufjs__pool/protobufjs__pool.sh,https://github.com/dcodeIO/protobuf.js
protobufjs__utf8,@protobufjs/utf8,1.1.0,Node,,p/protobufjs__utf8/protobufjs__utf8.sh,https://github.com/dcodeIO/protobuf.js
protoc,ubuntu-20.04,3.5.1-1,Java,,p/protoc/build.sh,https://github.com/protocolbuffers/protobuf.git
protoduck,protoduck,4.0.0,Node,,p/protoduck/protoduck.sh,https://github.com/zkat/protoduck
proxy-addr,proxy-addr,2.0.3,Node,,p/proxy-addr/proxy-addr.sh,https://github.com/jshttp/proxy-addr
proxy-agents,proxy-agents,5.0.1,Node,Node:16,p/proxy-agents/proxy-agents.sh,https://github.com/TooTallNate/proxy-agents
proxytoys,proxytoys,1.0,Java,,p/proxytoys/proxytoys.sh,https://github.com/proxytoys/proxytoys
prr,prr,0.0.0,Node,,p/prr/prr.sh,https://github.com/rvagg/prr
pry,pry,v0.14.2,Ruby,,p/pry/pry.sh,https://github.com/pry/pry.git
ps,ps,1.7.7,R,,p/ps/ps.sh,https://github.com/cran/ps.git
psad,psad,v1.0.0,Java,,p/psad/psad.sh,https://github.com/rfc1036/whois;
psad,psad,3.0,Java,,p/psad/psad_RHEL_8.2.sh,https://github.com/mrash/psad
psad,psad,3.0,Java,,p/psad/psad_SLES12.sh,https://github.com/mrash/psad
pseudomap,pseudomap,1.0.2,Node,,p/pseudomap/pseudomap.sh,https://github.com/isaacs/pseudomap
psl,psl,v1.6.0,Node,,p/psl/psl.sh,https://github.com/lupomontero/psl
psr__container,psr/container,1.1.1,PHP,,p/psr__container/psr__container.sh,https://github.com/php-fig/container
psr__http-client,psr/http-client,1.0.1,PHP,,p/psr__http-client/psr__http-client.sh,https://github.com/php-fig/http-client
psr__http-factory,psr/http-factory,1.0.1,PHP,,p/psr__http-factory/psr__http-factory.sh,https://github.com/php-fig/http-factory
psr__http-message,psr/http-message,1,PHP,,p/psr__http-message/psr__http-message.sh,https://github.com/php-fig/http-message
psr__simple-cache,psr/simple-cache,1.0.1,PHP,,p/psr__simple-cache/psr__simple-cache.sh,https://github.com/php-fig/simple-cache
pstree.remy,pstree.remy,1.1.8,Node,,p/pstree.remy/pstree.remy.sh,https://registry.npmjs.org/pstree.remy/-/pstree.remy-1.1.8.tgz
psutil,psutil,release-5.9.0,Python,,p/psutil/psutil.sh,https://github.com/giampaolo/psutil.git
psutil,psutil,release-7.1.3,Python,,p/psutil/psutil_7.0.0.sh,https://github.com/giampaolo/psutil.git
psutil,psutil,release-5.9.0,Python,,p/psutil/psutil_ubi_9.3.sh,https://github.com/giampaolo/psutil.git
psy__psysh,psy/psysh,0.10.7,PHP,,p/psy__psysh/psy__psysh.sh,https://github.com/bobthecow/psysh
psycopg2,psycopg2,${1:-,Python,,p/psycopg2/psycopg2.sh,https://github.com/psycopg/psycopg2
psycopg2-binary,psycopg2-binary,2.9.10,Python,,p/psycopg2-binary/psycopg2.sh,https://github.com/psycopg/psycopg2
psycopg2-binary,psycopg2,2_8_6,Python,,p/psycopg2-binary/psycopg2_2.8.6_2.9.1.sh,https://github.com/psycopg/psycopg2.git
psycopg2-binary,psycopg2,2_8_6,Python,,p/psycopg2-binary/psycopg2_2.8.6_2.9.1_ubuntu_18.04.sh,https://github.com/psycopg/psycopg2.git
psycopg2-binary,psycopg2-binary,2_8_6,Python,,p/psycopg2-binary/psycopg2_ubi8_3.sh,https://github.com/psycopg/psycopg2.git
psycopg2cffi,psycopg2cffi,2.9.0,Python,,p/psycopg2cffi/psycopg2cffi_2.8.1_2.9.0.sh,https://github.com/chtd/psycopg2cffi.git
psycopg2cffi,psycopg2cffi,2.9.0,Python,,p/psycopg2cffi/psycopg2cffi_2.8.1_2.9.0_ubuntu_18.04.sh,https://github.com/chtd/psycopg2cffi.git
public-encrypt,public-encrypt,4.0.3,Node,,p/public-encrypt/public-encrypt.sh,https://github.com/crypto-browserify/publicEncrypt
pulp-ansible,pulp-ansible,0.28.0,Python,,p/pulp-ansible/pulp_ansible.sh,https://github.com/pulp/pulp_ansible.git
pulsar-client-python,pulsar-client-python,v3.5.0,Python,,p/pulsar-client-python/pulsar-client-python.sh,https://github.com/apache/pulsar-client-python.git
pump,pump,1.0.2,Node,,p/pump/pump.sh,https://github.com/mafintosh/pump
pumpify,pumpify,1.3.5,Node,,p/pumpify/pumpify.sh,https://github.com/mafintosh/pumpify
punycode,punycode,2.1.0,Node,,p/punycode/punycode.sh,https://github.com/bestiejs/punycode.js
punycode.js,punycode.js,v2.3.1,Node,Node:16,p/punycode.js/punycode.js.sh,https://github.com/mathiasbynens/punycode.js
pure-color,pure-color,1.3.0,Node,,p/pure-color/pure-color.sh,https://github.com/WickyNilliams/pure-color
pure-eval,pure_eval,v0.2.3,Python,,p/pure-eval/pure-eval.sh,https://github.com/alexmojaki/pure_eval
pure-eval,pure-eval,0.2.1,Python,,p/pure-eval/pure-eval_rhel_8.3.sh,http://github.com/alexmojaki/pure_eval
purrr,purrr,1.0.2,R,,p/purrr/purrr.sh,https://github.com/cran/purrr
py-filelock,py-filelock,3.18.0,Python,,p/py-filelock/py-filelock.sh,https://github.com/benediktschmitt/py-filelock
py-filelock,py-filelock,n/a,Python,,p/py-filelock/py-filelock_ubuntu_16.04.sh,https://github.com/benediktschmitt/py-filelock
py-make,py-make,v0.1.2,Python,,p/py-make/py-make.sh,https://github.com/tqdm/py-make
py-make,py-make,v0.1.1,Python,,p/py-make/py-make_ubi_8.5.sh,https://github.com/tqdm/py-make
py4j,PACKAGE_NAME,v1.0.0,Java,,p/py4j/py4j.sh,https://github.com/org/repo
py4j,py4j,0.10.9,Java,,p/py4j/py4j_0.10.9.sh,https://github.com/py4j/py4j
py4j,py4j,0.10.4,Java,,p/py4j/py4j_rhel_7.3.sh,https://github.com/bartdag/py4j.git
py4j,py4j,0.10.4,Java,,p/py4j/py4j_ubuntu_16.04.sh,https://github.com/bartdag/py4j.git
pyarrow,pyarrow,apache-arrow-11.0.0,Python,,p/pyarrow/pyarrow.sh,https://github.com/apache/arrow.git
pyarrow,pyarrow,0.10.0,Python,Python:3.6,p/pyarrow/pyarrow_0.10.0_ubuntu_16.04_gpu.sh,https://github.com/apache/arrow.git
pyarrow,PACKAGE_NAME,v1.0.0,Python,,p/pyarrow/pyarrow_0.9.0.sh,https://github.com/org/repo
pyarrow,pyarrow,0.9.0,Python,,p/pyarrow/pyarrow_0.9.0_rhel_7.4.sh,https://github.com/apache/arrow
pyarrow,PACKAGE_NAME,v1.0.0,Python,,p/pyarrow/pyarrow_1.0.1.sh,https://github.com/org/repo
pyarrow,pyarrow,1.0.1,Python,,p/pyarrow/pyarrow_1.0.1_rhel_7.4.sh,https://github.com/apache/arrow
pyarrow,pyarrow,apache-arrow-15.0.1,Python,,p/pyarrow/pyarrow_15.0.1.sh,https://github.com/apache/arrow.git
pyarrow,pyarrow,apache-arrow-15.0.1,Python,,p/pyarrow/pyarrow_15.0.1_ubi_9.3.sh,https://github.com/apache/arrow.git
pyarrow,pyarrow,apache-arrow-19.0.0,Python,,p/pyarrow/pyarrow_19.0.0.sh,https://github.com/apache/arrow
pyarrow,pyarrow,apache-arrow-11.0.0,Python,,p/pyarrow/pyarrow_ubi_9.3.sh,https://github.com/apache/arrow.git
pyasn1_modules,pyasn1_modules,0.2.8,Python,,p/pyasn1_modules/pyasn1_modules.sh,https://github.com/etingof/pyasn1-modules
pyclaw,pyclaw,v5.12.0,Python,,p/pyclaw/pyclaw.sh,https://github.com/clawpack/pyclaw.git
pyclaw,pyclaw,5.4.1,Python,,p/pyclaw/pyclaw_rhel_7.3.sh,https://github.com/clawpack/pyclaw
pyclaw,pyclaw,5.4.1,Python,,p/pyclaw/pyclaw_ubuntu_16.04.sh,https://github.com/clawpack/pyclaw
pyenchant,pyenchant,v3.2.0,Python,,p/pyenchant/pyenchant.sh,https://github.com/pyenchant/pyenchant.git
pyephem,pyephem,4.2,Python,,p/pyephem/pyephem.sh,https://github.com/brandon-rhodes/pyephem.git
pygdf,pygdf,v0.1.0a3,Python,Python:3.6,p/pygdf/pygdf_centos_7_gpu.sh,https://github.com/gpuopenanalytics/pygdf
pygdf,pygdf,0.1.0a3,Python,Python:3.6,p/pygdf/pygdf_ubuntu_16.04_gpu.sh,https://github.com/gpuopenanalytics/pygdf
pygments-github-lexers,pygments-github-lexers,0.0.5,Python,,p/pygments-github-lexers/pygments-github-lexers.sh,https://github.com/liluo/pygments-github-lexers
pyiceberg,pyiceberg,pyiceberg-0.8.1,Python,,p/pyiceberg/pyiceberg.sh,https://github.com/apache/iceberg-python
pylatexenc,pylatexenc,v2.10,Python,,p/pylatexenc/pylatexenc.sh,https://github.com/phfaist/pylatexenc
pylibdmtx,pylibdmtx,v0.1.10,Python,,p/pylibdmtx/pylibdmtx.sh,https://github.com/NaturalHistoryMuseum/pylibdmtx
pylibdmtx,pylibdmtx,v0.18,Python,Python:3.6,p/pylibdmtx/pylibdmtx_rhel_7.6.sh,https://github.com/NaturalHistoryMuseum/pylibdmtx.git
pymongo,pymongo,3.10.1,Python,Python:3.6,p/pymongo/pymongo.sh,https://github.com/mongodb/mongo-python-driver
pymssql,pymssql,v2.2.5,Python,,p/pymssql/pymssql.sh,https://github.com/pymssql/pymssql.git
pymssql,pymssql,v2.3.7,Python,,p/pymssql/pymssql_2.3.2.sh,https://github.com/pymssql/pymssql.git
pymssql,pymssql,v2.2.5,Python,,p/pymssql/pymssql_ubi_9.3.sh,https://github.com/pymssql/pymssql.git
pyodbc,pyodbc,5.2.0,Python,,p/pyodbc/pyodbc.sh,https://github.com/mkleehammer/pyodbc
pyopengl-accelerate,conda.recipe,v1.0.0,Python,,p/pyopengl-accelerate/build.sh,https://github.com/org/repo
pyopengl-accelerate,pyopengl,release-3.1.9,Python,,p/pyopengl-accelerate/pyopengl-accelerate.sh,https://github.com/mcfletch/pyopengl
pyopengl-accelerate,pyopengl-accelerate,3.1.0,Python,,p/pyopengl-accelerate/pyopengl-accelerate_rhel_7.3_py27.sh,https://github.com/org/repo
pyopengl-accelerate,pyopengl-accelerate,3.1.0,Python,,p/pyopengl-accelerate/pyopengl-accelerate_rhel_7.3_py35.sh,https://github.com/org/repo
pyopengl-accelerate,pyopengl-accelerate,3.1.0,Python,,p/pyopengl-accelerate/pyopengl-accelerate_ubuntu_16.04_py27.sh,https://github.com/org/repo
pyopengl-accelerate,pyopengl-accelerate,3.1.0,Python,,p/pyopengl-accelerate/pyopengl-accelerate_ubuntu_16.04_py35.sh,https://github.com/org/repo
pyparsing,pyparsing,3.2.3,Python,,p/pyparsing/pyparsing.sh,https://github.com/pyparsing/pyparsing.git
pyparsing,pyparsing,2.2.0,Python,,p/pyparsing/pyparsing_ubuntu_18.04.sh,https://github.com/pyparsing/pyparsing
pypika,pypika,v0.49.0,Python,,p/pypika/pypika.sh,https://github.com/kayak/pypika
pypng,pypng,0.0.17,Python,,p/pypng/pypng.sh,https://github.com/drj11/pypng.git
pypng,pypng,0.0.17,Python,,p/pypng/pypng_ubuntu_16.04.sh,https://github.com/drj11/pypng.git
pyproj,pyproj,3.7.0,Python,,p/pyproj/pyproj.sh,https://github.com/pyproj4/pyproj.git
pyproj,pyproj,3.6.1,Python,,p/pyproj/pyproj_ubi_8.10.sh,https://github.com/pyproj4/pyproj.git
pyramid_chameleon,conda.recipe,v1.0.0,Python,,p/pyramid_chameleon/build.sh,https://github.com/org/repo
pyramid_chameleon,pyramid_chameleon,master,Python,,p/pyramid_chameleon/pyramid_chameleon.sh,https://github.com/Pylons/pyramid_chameleon
pyramid_chameleon,pyramid_chameleon,0.3,Python,,p/pyramid_chameleon/pyramid_chameleon_ubuntu_16.04.sh,https://github.com/Pylons/pyramid_chameleon
pyramid_debugtoolbar,conda.recipe,v1.0.0,Python,,p/pyramid_debugtoolbar/build.sh,https://github.com/org/repo
pyramid_debugtoolbar,pyramid_debugtoolbar,4.12.1,Python,,p/pyramid_debugtoolbar/pyramid_debugtoolbar.sh,https://github.com/Pylons/pyramid_debugtoolbar
pyramid_debugtoolbar,pyramid_debugtoolbar,4.12.1,Node,,p/pyramid_debugtoolbar/pyramid_debugtoolbar_ubi_8_7.sh,https://github.com/Pylons/pyramid_debugtoolbar
pyramid_debugtoolbar,pyramid_debugtoolbar,4.2.1,Python,,p/pyramid_debugtoolbar/pyramid_debugtoolbar_ubuntu_16.04.sh,https://github.com/Pylons/pyramid_debugtoolbar
pyramid_jinja2,conda.recipe,v1.0.0,Python,,p/pyramid_jinja2/build.sh,https://github.com/org/repo
pyramid_jinja2,pyramid_jinja2,2.10.1,Python,,p/pyramid_jinja2/pyramid_jinja2.sh,https://github.com/Pylons/pyramid_jinja2
pyramid_jinja2,pyramid_jinja2,2.7,Python,,p/pyramid_jinja2/pyramid_jinja2_rhel_7.3.sh,https://github.com/Pylons/pyramid_jinja2
pyramid_jinja2,pyramid_jinja2,${1:-,Python,,p/pyramid_jinja2/pyramid_jinja2_ubi_8.7.sh,https://github.com/Pylons/pyramid_jinja2.git
pyramid_jinja2,pyramid_jinja2,2.7,Python,,p/pyramid_jinja2/pyramid_jinja2_ubuntu_16.04.sh,https://github.com/Pylons/pyramid_jinja2
pyramid_mako,conda.recipe,v1.0.0,Python,,p/pyramid_mako/build.sh,https://github.com/org/repo
pyramid_mako,pyramid_mako,1.0.2,Python,,p/pyramid_mako/pyramid_mako.sh,https://github.com/Pylons/pyramid_mako
pyro4,Pyro4,4.81,Python,,p/pyro4/pyro4.sh,https://github.com/irmen/Pyro4
pyro4,Pyro4,4.82,Python,,p/pyro4/pyro4_4.82.sh,https://github.com/irmen/Pyro4
pyro4,Pyro4,${1:-,Python,,p/pyro4/pyro4_ubi_8.5.sh,https://github.com/irmen/Pyro4
pyrsistent,pyrsistent,v0.18.0,Python,,p/pyrsistent/pyrsistent.sh,https://github.com/tobgu/pyrsistent
pyspnego,pyspnego,v0.10.2,Python,,p/pyspnego/pyspnego.sh,https://github.com/jborean93/pyspnego.git
pystan,conda.recipe,v1.0.0,Python,,p/pystan/build.sh,https://github.com/org/repo
pystan,pystan,3.10.0,Python,,p/pystan/pystan.sh,https://github.com/stan-dev/pystan
pystan,pystan,2.16.0.0,Python,,p/pystan/pystan_ubuntu_16.04.sh,https://github.com/stan-dev/pystan.git
pystatsd,pystatsd,v4.0.1,Python,,p/pystatsd/pystatsd.sh,https://github.com/jsocol/pystatsd
pystatsd,PACKAGE_NAME,v1.0.0,Python,,p/pystatsd/statsd.sh,https://github.com/org/repo
pystatsd,pystatsd,3.2.1,Python,,p/pystatsd/statsd_rhel_7.3.sh,https://github.com/jsocol/pystatsd
pysyncobj,PySyncObj,v0.3.14,Python,,p/pysyncobj/pysyncobj.sh,https://github.com/bakwc/PySyncObj
pysyncobj,pysyncobj,0.3.8,Python,,p/pysyncobj/pysyncobj_rhel_8.3.sh,https://github.com/bakwc/PySyncObj
pytables,PyTables,v3.9.1,Python,,p/pytables/PyTables.sh,https://github.com/PyTables/PyTables
pytables,PyTables,v3.9.1,Python,,p/pytables/PyTables_ubi_8.7.sh,https://github.com/PyTables/PyTables
pytables,PyTables,v3.9.2,Python,,p/pytables/pytables.sh,https://github.com/PyTables/PyTables
pytest-aiohttp,pytest-aiohttp,v1.0.5,Python,,p/pytest-aiohttp/pytest-aiohttp.sh,https://github.com/aio-libs/pytest-aiohttp
pytest-aiohttp,pytest-aiohttp,0.3.0,Python,,p/pytest-aiohttp/pytest-aiohttp_rhel_8.3.sh,https://github.com/aio-libs/pytest-aiohttp/
pytest-black,pytest-black,0.3.12,Python,,p/pytest-black/pytest-black.sh,https://github.com/shopkeep/pytest-black
pytest-checkdocs,pytest-checkdocs,v2.13.0,Python,,p/pytest-checkdocs/pytest-checkdocs.sh,https://github.com/jaraco/pytest-checkdocs
pytest-checkdocs,pytest-checkdocs,v2.7.1,Python,,p/pytest-checkdocs/pytest-checkdocs_ubi_8.4.sh,https://github.com/jaraco/pytest-checkdocs
pytest-mock,pytest-mock,v3.14.1,Python,,p/pytest-mock/pytest-mock.sh,https://github.com/pytest-dev/pytest-mock
pytest-mock,pytest-mock,1.6.3,Python,,p/pytest-mock/pytest-mock_rhel_7.4.sh,https://github.com/pytest-dev/pytest-mock
pytest-mypy,pytest-mypy,v1.0.1,Python,,p/pytest-mypy/pytest-mypy.sh,https://github.com/realpython/pytest-mypy
pytest-mypy,pytest-mypy,0.8.1,Python,,p/pytest-mypy/pytest-mypy_rhel_8.3.sh,https://github.com/dbader/pytest-mypy
pytest-virtualenv,pytest-virtualenv,v1.7.0,PHP,,p/pytest-virtualenv/pytest-virtualenv.sh,https://github.com/man-group/pytest-plugins
python-bunyan,python-bunyan,5e41d89,Python,,p/python-bunyan/python-bunyan.sh,https://github.com/complyue/python-bunyan.git
python-ceilometerclient,python-ceilometerclient,2.9.1,Python,,p/python-ceilometerclient/python-ceilometerclient.sh,https://github.com/openstack/python-ceilometerclient.git
python-ceilometerclient,python-ceilometerclient,2.9.1,Python,,p/python-ceilometerclient/python-ceilometerclient_ubuntu_16.04.sh,https://github.com/openstack/python-ceilometerclient.git
python-dropbox,python-dropbox,1.4,Python,,p/python-dropbox/python-dropbox_ubuntu_16.04_py27.sh,https://github.com/enginoid/python-dropbox
python-fastjsonschema,python-fastjsonschema,v2.16.2,Python,,p/python-fastjsonschema/python-fastjsonschema.sh,https://github.com/horejsek/python-fastjsonschema
python-fire,python-fire,v0.7.0,Python,,p/python-fire/python_fire.sh,https://github.com/google/python-fire.git
python-fire,python-fire,v0.5.0,Python,,p/python-fire/python_fire_ubi_8.7.sh,https://github.com/google/python-fire.git
python-glanceclient,python-glanceclient,yoga-eom,Python,,p/python-glanceclient/python_glanceclient.sh,https://github.com/openstack/python-glanceclient
python-memcached,conda.recipe,v1.0.0,Python,,p/python-memcached/build.sh,https://github.com/org/repo
python-memcached,python_memcached,1.62,Python,,p/python-memcached/python-memcached.sh,https://github.com/linsomniac/python-memcached
python-memcached,python-memcached,1.57,Python,,p/python-memcached/python-memcached_ubuntu_16.04.sh,https://github.com/linsomniac/python-memcached
python-neutronclient,python-neutronclient,11.3.1,Python,,p/python-neutronclient/python-neutronclient.sh,https://github.com/openstack/python-neutronclient.git
python-novaclient,python-novaclient,18.6.0,Python,,p/python-novaclient/python-novaclient.sh,https://github.com/openstack/python-novaclient.git
python-openstackclient,python-openstackclient,6.5.0,Python,,p/python-openstackclient/python-openstackclient.sh,https://github.com/openstack/python-openstackclient
python-oracledb,python-oracledb,v2.5.1,Python,,p/python-oracledb/python_oracledb.sh,https://github.com/oracle/python-oracledb.git
python-oracledb,python-oracledb,v2.5.1,Python,,p/python-oracledb/python_oracledb_ubi_8.10.sh,https://github.com/oracle/python-oracledb.git
python-rake,rake-nltk,master,Python,,p/python-rake/python-rake.sh,https://github.com/csurfer/rake-nltk
python-rake,python-rake,master,Python,,p/python-rake/python-rake_rhel_7.6.sh,https://github.com/csurfer/rake-nltk
python-semver,python-semver,3.0.4,Python,,p/python-semver/python-semver.sh,https://github.com/python-semver/python-semver
python-semver,python-semver,${1:-,Python,,p/python-semver/python-semver_ubi_8.7.sh,https://github.com/python-semver/python-semver
python-semver,PACKAGE_NAME,v1.0.0,Python,,p/python-semver/semver.sh,https://github.com/org/repo
python-semver,python-semver,2.4.2,Python,,p/python-semver/semver_rhel_7.3.sh,https://github.com/k-bx/python-semver
python-stop-words,python-stop-words,2018.7.23,Python,Python:3.6,p/python-stop-words/python-stop-words.sh,https://github.com/Alir3z4/python-stop-words.git
python-sybase,conda.recipe,v1.0.0,Python,,p/python-sybase/build.sh,https://github.com/org/repo
python-sybase,python-sybase,0.40pre2,Python,,p/python-sybase/python-sybase.sh,https://github.com/fbessho/python-sybase
python-webencodings,python-webencodings,1.3.3,Python,,p/python-webencodings/python-webencodings.sh,https://github.com/gsnedders/python-webencodings.git
pytorch,pytorch,v2.4.0,Python,,p/pytorch/pytorch.sh,https://github.com/pytorch/pytorch.git
pytorch,pytorch,v2.0.1,Python,,p/pytorch/pytorch_2.0.1.sh,https://github.com/pytorch/pytorch.git
pytorch,pytorch,v2.0.1,Python,,p/pytorch/pytorch_2.0.1_ubi_9.3.sh,https://github.com/pytorch/pytorch.git
pytorch,pytorch,v2.1.0,Python,,p/pytorch/pytorch_2.1.0.sh,https://github.com/pytorch/pytorch.git
pytorch,pytorch,v2.1.0,Python,,p/pytorch/pytorch_2.1.0_ubi_9.3.sh,https://github.com/pytorch/pytorch.git
pytorch,pytorch,v2.5.1,Python,,p/pytorch/pytorch_2.5.1.sh,https://github.com/pytorch/pytorch.git
pytorch,pytorch,v2.5.1,Python,,p/pytorch/pytorch_2.5.1_ubi_9.3.sh,https://github.com/pytorch/pytorch.git
pytorch,pytorch,v2.6.0,Python,,p/pytorch/pytorch_2.6.0.sh,https://github.com/pytorch/pytorch.git
pytorch,pytorch,v2.4.0,Python,,p/pytorch/pytorch_ubi_9.3.sh,https://github.com/pytorch/pytorch.git
pywt,pywt,v1.4.1,Python,,p/pywt/pywt.sh,https://github.com/PyWavelets/pywt
pywt,pywt,v1.8.0,Python,,p/pywt/pywt_1.8.0.sh,https://github.com/PyWavelets/pywt
pywt,pywt,v1.8.0,Python,,p/pywt/pywt_1.8.0_ubi_9.5.sh,https://github.com/PyWavelets/pywt
pyyaml,pyyaml,${1:-,Python,,p/pyyaml/pyyaml.sh,https://github.com/yaml/pyyaml.git
pyyaml,pyyaml,6.0,Python,,p/pyyaml/pyyaml_6.0.sh,https://github.com/yaml/pyyaml.git
pyyaml,pyyaml,${1:-,Python,,p/pyyaml/pyyaml_6.0_ubi_9.3.sh,https://github.com/yaml/pyyaml.git
pyzbar,pyzbar,v0.18,Python,Python:3.6,p/pyzbar/pyzbar.sh,https://github.com/NaturalHistoryMuseum/pyzbar
pyzmq,pyzmq,v26.4.0,Python,,p/pyzmq/pyzmq.sh,https://github.com/zeromq/pyzmq.git
pyzmq,pyzmq,v25.1.2,Python,,p/pyzmq/pyzmq_v25.1.2.sh,https://github.com/zeromq/pyzmq.git
pyzmq,pyzmq,v25.1.2,Python,,p/pyzmq/pyzmq_v25.1.2_ubi_9.3.sh,https://github.com/zeromq/pyzmq.git
qs,qs,v6.7.0,Node,,q/qs/qs.sh,https://github.com/ljharb/qs.git
quantreg,quantreg,5.98,R,,q/quantreg/quantreg.sh,https://github.com/cran/quantreg.git
quarkus,quarkus,v0.8.4,Java,,q/quarkus/quarkus_v0.8.4.sh,https://github.com/quarkusio/quarkus
quartz,quartz,v2.5.0-rc1,Java,,q/quartz/quartz.sh,https://github.com/quartz-scheduler/quartz.git
quartz,quartz,2.3.1,Java,,q/quartz/quartz_rhel_7.6.sh,https://github.com/quartz-scheduler/quartz
quartz-scheduler,quartz-scheduler,2.3.1,Java,,q/quartz-scheduler/quartz-scheduler.sh,https://github.com/quartz-scheduler/quartz
query-string,query-string,6.13.7,Node,,q/query-string/query-string.sh,https://github.com/sindresorhus/query-string
query-string,query-string,6.1.0,Node,,q/query-string/query-string_ubuntu_18.04.sh,https://github.com/sindresorhus/query-string.git
querystringify,querystringify,2.2.0,Node,,q/querystringify/querystringify.sh,https://github.com/unshiftio/querystringify
queue-microtask,queue-microtask,1.2.3,Node,,q/queue-microtask/queue-microtask.sh,https://github.com/feross/queue-microtask
quick-format-unescaped,quick-format-unescaped,4.0.1,Node,,q/quick-format-unescaped/quick-format-unescaped.sh,https://github.com/davidmarkclements/quick-format
quick-lru,quick-lru,v7.0.0,Node,Node:16,q/quick-lru/quick-lru.sh,https://github.com/sindresorhus/quick-lru
quick-lru,quick-lru,5.1.1,Node,,q/quick-lru/quick-lru_rhel_8.3.sh,https://github.com/sindresorhus/quick-lru
qunit,qunit,2.21.0,Node,Node:20,q/qunit/qunit.sh,https://github.com/qunitjs/qunit
qunit,qunit,v1.14.0,Node,,q/qunit/qunit_ubuntu_18.04.sh,https://github.com/qunitjs/qunit
quobyte_api,github.com/quobyte/api,v0.1.2,Go,,q/quobyte_api/quobyte_api.sh,https://github.com/quobyte/api
qw,qw,1.0.1,Node,,q/qw/qw.sh,https://github.com/iarna/node-qw
qwery,qwery,4.0.0,Node,,q/qwery/qwery.sh,https://github.com/ded/qwery
r4032login,r4032login,2.1.0,PHP,,r/r4032login/r4032login.sh,https://git.drupalcode.org/project/r4032login
rabbitmq-java-client,rabbitmq-java-client,v5.22.0,Java,,r/rabbitmq-java-client/rabbitmq-java-client.sh,https://github.com/rabbitmq/rabbitmq-java-client
rabbitmq-java-client,rabbitmq-java-client,v5.17.0,Java,,r/rabbitmq-java-client/rabbitmq-java-client_ubi_8_7.sh,https://github.com/rabbitmq/rabbitmq-java-client
rabbitmq-java-client,rabbitmq-java-client,5.0,Java,,r/rabbitmq-java-client/rabbitmq-java-client_ubuntu_16.04.sh,https://github.com/rabbitmq/rabbitmq-public-umbrella.git
radio-symbol,radio-symbol,2.0.0,Node,,r/radio-symbol/radio-symbol.sh,https://github.com/enquirer/radio-symbol
raft,raft,${1:-,Go,"Go:""1.16""",r/raft/raft.sh,https://github.com/hashicorp/raft
raft-boltdb,github.com/hashicorp/raft-boltdb,v0.0.0-20171010151810-6e5ba93211ea,Go,,r/raft-boltdb/github.com__hashicorp__raft-boltdb.sh,https://github.com/hashicorp/raft-boltdb
raft-boltdb,github.com/hashicorp/raft-boltdb,v0.0.0-20171010151810-6e5ba93211ea,Go,,r/raft-boltdb/github.com__hashicorp__raft-boltdb_rhel_8.3.sh,https://github.com/hashicorp/raft-boltdb
raft-boltdb,raft-boltdb,v2.3.0,Go,Go:1.20.1,r/raft-boltdb/raft-boltdb.sh,https://github.com/hashicorp/raft-boltdb
rails-html-sanitizer,rails-html-sanitizer,${1-v1.6.0},Ruby,,r/rails-html-sanitizer/rails-html-sanitizer.sh,https://github.com/rails/rails-html-sanitizer.git
rake-nltk,rake-nltk,a80f633,Python,,r/rake-nltk/rake-nltk.sh,https://github.com/csurfer/${PACKAGE_NAME}.git
ramda,ramda,0.27.1,Node,,r/ramda/ramda.sh,https://github.com/ramda/ramda
ramda,ramda,v0.21.0,Node,,r/ramda/ramda_ubi_8.0.sh,https://github.com/ramda/ramda.git
randexp,randexp,0.5.3,Node,,r/randexp/randexp.sh,https://github.com/fent/randexp.js
randomatic,randomatic,3.1.1,Node,,r/randomatic/randomatic.sh,https://github.com/jonschlinkert/randomatic
randombytes,randombytes,v2.1.0,Node,,r/randombytes/randombytes.sh,https://github.com/crypto-browserify/randombytes.git
randomfill,randomfill,v1.0.4,Node,Node:7,r/randomfill/randomfill.sh,https://github.com/browserify/randomfill
randomstring,randomstring,1.1.5,Node,,r/randomstring/randomstring.sh,https://github.com/klughammer/node-randomstring
range-parser,range-parser,1.2.0,Node,,r/range-parser/range-parser.sh,https://github.com/jshttp/range-parser
rapids,rapids,v0.0.1,Python,,r/rapids/rapids.sh,https://github.com/sinoroc/rapids
rasha.js,rasha.js,v1.2.5,Node,,r/rasha.js/rasha.js.sh,https://git.coolaj86.com/coolaj86/rasha.js.git
raveren__kint,raveren/kint,3.3,PHP,,r/raveren__kint/raveren__kint.sh,https://github.com/raveren/kint
raw-body,raw-body,2.5.2,Node,Node:16,r/raw-body/raw-body.sh,https://github.com/stream-utils/raw-body
raw-body,raw-body,2.3.2,Node,,r/raw-body/raw-body_rhel_8.3.sh,https://github.com/stream-utils/raw-body
raw-loader,raw-loader,0.5.1,Node,,r/raw-loader/raw-loader.sh,https://github.com/webpack-contrib/raw-loader
ray,ray,ray-2.47.1,Python,,r/ray/ray.sh,https://github.com/ray-project/ray
rb-inotify,rb-inotify,0.9.10,Ruby,,r/rb-inotify/rb-inotify.sh,https://github.com/guard/rb-inotify
rclone,rclone,${SCRIPT_PACKAGE_VERSION},Go,,r/rclone/rclone.sh,https://github.com/rclone/rclone.git
rclone,rclone,${SCRIPT_PACKAGE_VERSION},Go,,r/rclone/rclone_ubi_8.10.sh,https://github.com/rclone/rclone.git
rcpp,Rcpp,1.0.12,R,,r/rcpp/rcpp.sh,https://github.com/RcppCore/Rcpp
rd3,rd3,master,Node,,r/rd3/rd3.sh,https://github.com/yang-wei/rd3
rdf4j,rdf4j,5.1.0,Java,,r/rdf4j/rdf4j.sh,https://github.com/eclipse-rdf4j/rdf4j.git
rdf4j,rdf4j,3.7.4,Java,,r/rdf4j/rdf4j_v3.7.4.sh,https://github.com/eclipse-rdf4j/rdf4j.git
rdf4j,rdf4j,3.7.4,Java,,r/rdf4j/rdf4j_v3.7.4_ubi_9.3.sh,https://github.com/eclipse-rdf4j/rdf4j.git
rdf4j,rdf4j,3.7.7,Java,,r/rdf4j/rdf4j_v3.7.7.sh,https://github.com/eclipse-rdf4j/rdf4j.git
rdf4j,rdf4j,3.7.7,Java,,r/rdf4j/rdf4j_v3.7.7_ubi_9.3.sh,https://github.com/eclipse-rdf4j/rdf4j.git
rdflib,rdflib,7.1.4,Python,,r/rdflib/rdflib.sh,https://github.com/RDFLib/rdflib
rdflib,rdflib,master @ 4b114b3,Python,Python:3.6,r/rdflib/rdflib_rhel_7.6.sh,https://github.com/mongodb/mongo-python-driver
react,react,v1.0.0,Node,,r/react/react.sh,https://github.com/org/repo
react,react,v16.2.0,Node,,r/react/react_rhel_7.3.sh,https://github.com/facebook/react
react,react,master,Node,,r/react/react_rhel_7.6.sh,https://github.com/facebook/react.git
react,react,v15.6.2,Node,,r/react/react_ubi_8.3.sh,https://github.com/facebook/react.git
react,react,v16.2.0,Node,,r/react/react_ubuntu_16.04.sh,https://github.com/facebook/react
react,react,16.4.2,Node,,r/react/react_ubuntu_18.04.sh,https://github.com/facebook/react
react,react,v18.2.0,Node,,r/react/react_v18.2.0.sh,https://github.com/facebook/react
react-autocomplete,react-autocomplete,v1.8.2,Node,Node:16,r/react-autocomplete/react-autocomplete.sh,https://github.com/codemayonnaise/react-autocomplete
react-blockly-component,react-blockly-component,3.0.2,Node,,r/react-blockly-component/react-blockly-component.sh,https://github.com/patientslikeme/react-blockly-component
react-bootstrap-table,react-bootstrap-table,v4.3.1,Node,,r/react-bootstrap-table/react-bootstrap-table.sh,https://github.com/AllenFang/react-bootstrap-table.git
react-collapse,react-collapse,1.9.3,Node,,r/react-collapse/react-collapse.sh,https://github.com/react-component/collapse
react-contextmenu,react-contextmenu,v2.14.0,Node,Node:16,r/react-contextmenu/react-contextmenu.sh,https://github.com/vkbansal/react-contextmenu
react-copy-to-clipboard,react-copy-to-clipboard,5.0.3,Node,,r/react-copy-to-clipboard/react-copy-to-clipboard.sh,https://github.com/nkbt/react-copy-to-clipboard
react-dnd-scrollzone,react-dnd-scrollzone,v4.0.0,Node,Node:16,r/react-dnd-scrollzone/react-dnd-scrollzone.sh,https://github.com/codemayonnaise/react-dnd-scrollzone
react-draggable,react-draggable,master,Node,,r/react-draggable/react-draggable-master.sh,https://github.com/react-grid-layout/react-draggable.git
react-draggable,PACKAGE_NAME,v1.0.0,Node,,r/react-draggable/react-draggable.sh,https://github.com/org/repo
react-draggable,react-draggable,2.2.3,Node,,r/react-draggable/react-draggable_ubuntu_18.04.sh,https://github.com/mzabriskie/react-draggable
react-draggable,react-draggable,v4.4.3,Java,,r/react-draggable/react-draggable_v4.4.4_v4.4.3.sh,https://github.com/react-grid-layout/react-draggable.git
react-draggable,react-draggable,v4.4.3,Java,,r/react-draggable/react-draggable_v4.4.4_v4.4.3_ubuntu_18.04.sh,https://github.com/react-grid-layout/react-draggable.git
react-event-listener,react-event-listener,0.6.6,Node,,r/react-event-listener/react-event-listener.sh,https://github.com/oliviertassinari/react-event-listener
react-from-dom,react-from-dom,v0.6.2,Node,Node:14,r/react-from-dom/react-from-dom.sh,https://github.com/gilbarbara/react-from-dom
react-grid-layout,react-grid-layout,1.4.1,Node,Node:18,r/react-grid-layout/react-grid-layout.sh,https://github.com/STRML/react-grid-layout
react-grid-layout,react-grid-layout,0.16.6,Node,,r/react-grid-layout/react-grid-layout_ubuntu_18.04.sh,https://github.com/STRML/react-grid-layout.git
react-hot-loader,react-hot-loader,v4.12.19,Node,,r/react-hot-loader/react-hot-loader.sh,https://github.com/gaearon/react-hot-loader.git
react-html-table-to-excel,react-html-table-to-excel,2.0.0,Node,,r/react-html-table-to-excel/react-html-table-to-excel.sh,https://github.com/zsusac/ReactHTMLTableToExcel.git
react-i18next,react-i18next,11.8.15,Node,,r/react-i18next/react-i18next.sh,https://github.com/i18next/react-i18next
react-intl,react-intl,2.4.0,Node,,r/react-intl/react-intl.sh,https://github.com/yahoo/react-intl.git
react-mde,react-mde,11.3.0,Node,,r/react-mde/react-mde_8.5.sh,https://github.com/andrerpena/react-mde.git
react-mock-router,react-mock-router,1.0.15,Node,,r/react-mock-router/react-mock-router.sh,https://github.com/rkoeze/react-mock-router
react-modal,react-modal,3.5.1,Node,,r/react-modal/react-modal.sh,https://github.com/reactjs/react-modal.git
react-motion,react-motion,0.5.2,Node,,r/react-motion/react-motion.sh,https://github.com/chenglou/react-motion
react-native,react-native,v0.74.2,Node,,r/react-native/react-native_v0.74.2.sh,https://github.com/facebook/$PACKAGE_NAME.git
react-native-async-storage,async-storage,@react-native-async-storage/async-storage@1.24.0,Node,Node:20.11.1,r/react-native-async-storage/react-native-async-storage_v1.24.0.sh,https://github.com/react-native-async-storage/async-storage.git
react-native-blob-util,react-native-blob-util,0.19.9,Java,Node:16,r/react-native-blob-util/react-native-blob-util-0.19.9-ubi9.3.sh,https://github.com/RonRadtke/${PACKAGE_NAME}.git
react-native-device-info,react-native-device-info,v11.1.0,Node,,r/react-native-device-info/react-native-device-info_v11.1.0.sh,https://github.com/${PACKAGE_NAME}/${PACKAGE_NAME}.git
react-native-listener,react-native-listener,1.0.2,Node,,r/react-native-listener/react-native-listener.sh,https://github.com/erikras/react-native-listener.git
react-native-localize,react-native-localize,2.2.4,Node,,r/react-native-localize/react-native-localize_v2.2.4.sh,https://github.com/zoontek/$PACKAGE_NAME.git
react-native-netinfo,react-native-netinfo,v11.3.2,Node,,r/react-native-netinfo/react-native-netinfo_v11.3.2.sh,https://github.com/react-native-netinfo/react-native-netinfo.git
react-native-safe-area-context,react-native-safe-area-context,v4.10.8,Node,,r/react-native-safe-area-context/react-native-safe-area-context_v4.10.8.sh,https://github.com/AppAndFlow/${PACKAGE_NAME}.git
react-navigation,react-navigation,6.1.17,Node,,r/react-navigation/react-navigation-native_v6.1.17.sh,https://github.com/react-navigation/$PACKAGE_NAME.git
react-popper,react-popper,v2.3.0,Node,Node:16,r/react-popper/react-popper.sh,https://github.com/floating-ui/react-popper
react-proxy,react-proxy,1.1.8,Node,,r/react-proxy/react_proxy.sh,https://github.com/gaearon/react-proxy.git
react-redux,react-redux,4.0.0,Node,,r/react-redux/react-redux.sh,https://github.com/reduxjs/react-redux
react-resize-detector,react-resize-detector,v4.2.1,Node,,r/react-resize-detector/react_resize_detector.sh,https://github.com/maslianok/react-resize-detector.git
react-router,react-router,4.2.2,Node,,r/react-router/react-router.sh,https://github.com/ReactTraining/react-router
react-router,react-router,4.3.1,Node,,r/react-router/react-router_ubuntu_18.04.sh,https://github.com/ReactTraining/react-router
react-router-redux,react-router-redux,4.0.7,Node,,r/react-router-redux/react-router-redux.sh,https://github.com/reactjs/react-router-redux.git
react-scheduler,react,v16.14.0,Node,,r/react-scheduler/react-scheduler.sh,https://github.com/facebook/react
react-style-proptype,react-style-proptype,3.2.2,Node,,r/react-style-proptype/react-style-proptype.sh,https://github.com/brigand/react-style-proptype
react-tap-event-plugin,react-tap-event-plugin,3.0.3,Node,,r/react-tap-event-plugin/react-tap-event-plugin.sh,https://github.com/zilverline/react-tap-event-plugin.git
react-testing-library,react-testing-library,${1:-,Node,Node:v14,r/react-testing-library/react-testing-library.sh,https://github.com/testing-library/react-testing-library
react-testing-library,react-testing-library,v10.4.9,Node,,r/react-testing-library/react-testing-library_ubi_8.4.sh,https://github.com/testing-library/react-testing-library
react-textarea-autosize,react-textarea-autosize,8.3.2,Node,,r/react-textarea-autosize/react-textarea-autosize.sh,https://github.com/Andarist/react-textarea-autosize
react-transition-group,react-transition-group,2.4.0,Node,,r/react-transition-group/react-transition-group.sh,https://github.com/reactjs/react-transition-group.git
react-use,react-use,v17.5.1,Node,Node:12,r/react-use/react-use.sh,https://github.com/streamich/react-use
react-window,react-window,1.8.10,Node,Node:16,r/react-window/react-window.sh,https://github.com/bvaughn/react-window
react-zoom-pan-pinch,react-zoom-pan-pinch,f78c546,Node,,r/react-zoom-pan-pinch/react_zoom_pan_pinch.sh,https://github.com/prc5/react-zoom-pan-pinch.git
react__promise,react/promise,2.7,PHP,,r/react__promise/react__promise.sh,https://github.com/reactphp/promise
reactive-streams,reactive-streams,1.0.3,Java,,r/reactive-streams/reactive-streams.sh,https://github.com/reactive-streams/reactive-streams-jvm
reactive-streams-jvm,reactive-streams-jvm,v1.0.4,Java,,r/reactive-streams-jvm/reactive-streams-jvm.sh,https://github.com/reactive-streams/reactive-streams-jvm.git
reactivestack-cookies,reactivestack-cookies,2.1.5,Node,,r/reactivestack-cookies/reactivestack-cookies.sh,https://github.com/reactivestack/cookies.git
read,read,1.0.7,Node,,r/read/read.sh,https://github.com/isaacs/read
read-cmd-shim,read-cmd-shim,1.0.5,Node,,r/read-cmd-shim/read-cmd-shim.sh,https://github.com/npm/read-cmd-shim
read-package-json,read-package-json,1,Node,,r/read-package-json/read-package-json.sh,https://github.com/npm/read-package-json
read-package-json-fast,read-package-json-fast,v3.0.2,Node,Node:16,r/read-package-json-fast/read-package-json-fast.sh,https://github.com/npm/read-package-json-fast
read-package-json-fast,read-package-json-fast,"v1.2.1, v2.0.2",Node,,r/read-package-json-fast/read-package-json-fast_ubi_8.3.sh,https://github.com/npm/read-package-json-fast.git
read-package-tree,read-package-tree,5.1.6,Node,,r/read-package-tree/read-package-tree.sh,https://github.com/npm/read-package-tree
read-pkg,read-pkg,5.2.0,Node,,r/read-pkg/read-pkg.sh,https://github.com/sindresorhus/read-pkg
read-pkg-up,read-pkg-up,7.0.1,Node,,r/read-pkg-up/read-pkg-up.sh,https://github.com/sindresorhus/read-pkg-up
readable-stream,readable-stream,v4.4.2,Node,Node:16,r/readable-stream/readable-stream.sh,https://github.com/nodejs/readable-stream
readable-stream,readable-stream,v2.3.7,Node,,r/readable-stream/readable-stream_rhel_8.5.sh,https://github.com/nodejs/readable-stream
readable-stream,readable-stream,${1:-,Node,Node:v12.22.4,r/readable-stream/readable-stream_ubi_8.5.sh,https://github.com/nodejs/readable-stream
readahead,readahead,v1.3.1,Go,,r/readahead/readahead.sh,https://github.com/klauspost/readahead
readdir-scoped-modules,readdir-scoped-modules,1.0.2,Node,,r/readdir-scoped-modules/readdir-scoped-modules.sh,https://github.com/npm/readdir-scoped-modules
readdirp,readdirp,3.6.0,Node,,r/readdirp/readdirp.sh,https://github.com/paulmillr/readdirp
readdirp,readdirp,3.2.0,Node,,r/readdirp/readdirp_rhel_8.3.sh,https://github.com/paulmillr/readdirp
readline-ui,readline-ui,${1:-,Node,Node:v12.22.4,r/readline-ui/readline-ui.sh,https://github.com/enquirer/readline-ui
readline-utils,readline-utils,2.2.3,Node,,r/readline-utils/readline-utils.sh,https://github.com/enquirer/readline-utils
readme-renderer,readme-renderer,29.0,Python,,r/readme-renderer/readme_renderer.sh,https://github.com/pypa/readme_renderer
readr,readr,2.1.5,R,,r/readr/readr.sh,https://github.com/cran/readr.git
real_aes,real_aes,8.x-2.3,PHP,,r/real_aes/real_aes.sh,https://git.drupalcode.org/project/real_aes.git
realpath-native,realpath-native,${1:-,Node,Node:v12.22.4,r/realpath-native/realpath-native_ubi.sh,https://github.com/SimenB/realpath-native
recast,recast,0.11.23,Node,,r/recast/recast.sh,https://github.com/benjamn/recast
receptor,receptor,devel,Go,,r/receptor/receptor.sh,https://github.com/ansible/receptor
recharts,recharts,1.1.0,Node,,r/recharts/recharts.sh,https://github.com/recharts/recharts.git
rechoir,rechoir,v0.8.0,Node,,r/rechoir/rechoir.sh,https://github.com/gulpjs/rechoir.git
recipes,recipes,1.1.0,R,,r/recipes/recipes.sh,https://github.com/cran/recipes.git
recursive-readdir,recursive-readdir,2.2.2,Node,,r/recursive-readdir/recursive-readdir.sh,https://github.com/jergason/recursive-readdir
redigo,redigo,${1:-,Go,Go:1.21.7,r/redigo/redigo.sh,https://github.com/gomodule/redigo
redigo,redigo,${1:-,Go,"Go:""1.16""",r/redigo/redigo_ubi8.3.sh,https://github.com/gomodule/redigo
redigo,redigo,${1:-,Go,Go:1.20.1,r/redigo/redigo_ubi_8_7.sh,https://github.com/gomodule/redigo
redigo,redigo,1.6.0,Go,,r/redigo/redigo_ubuntu_16.04.sh,https://github.com/garyburd/redigo
redirect,redirect,8.x-1.6,PHP,,r/redirect/redirect_8.5.sh,https://git.drupalcode.org/project/redirect.git
redis-commands,redis-commands,1.7.0,Node,,r/redis-commands/redis-commands.sh,https://github.com/NodeRedis/redis-commands
redis-errors,redis-errors,1.2.0,Node,,r/redis-errors/redis-errors.sh,https://github.com/NodeRedis/redis-errors
redisearch,PACKAGE_NAME,v1.0.0,Python,,r/redisearch/redisearch.sh,https://github.com/org/repo
redisearch,redisearch,2.0.0,Python,,r/redisearch/redisearch_rhel8.sh,https://github.com/RediSearch/RediSearch.git
redisson,redisson,redisson-3.37.0,Java,,r/redisson/redisson.sh,https://github.com/redisson/redisson.git
redisson,redisson,3.12.4,Java,,r/redisson/redisson_rhel_7.6.sh,https://github.com/redisson/redisson
redlock-py,redlock-py,master,Python,,r/redlock-py/redlock.sh,https://github.com/SPSCommerce/redlock-py
reduce-reducers,reduce-reducers,0.4.3,Node,,r/reduce-reducers/reduce-reducers.sh,https://github.com/redux-utilities/reduce-reducers
redux,redux,4.0.0,Node,,r/redux/redux.sh,https://github.com/reduxjs/redux.git
redux-catch,redux-catch,1.3.1,Node,,r/redux-catch/redux-catch.sh,https://github.com/PlatziDev/redux-catch.git
redux-logger,redux-logger,3.0.6,Node,,r/redux-logger/redux-logger.sh,https://github.com/theaqua/redux-logger
redux-logger,PACKAGE_NAME,v1.0.0,Node,,r/redux-logger/redux_logger.sh,https://github.com/org/repo
redux-logger,redux-logger,3.0.6,Node,,r/redux-logger/redux_logger_ubuntu_18.04.sh,https://github.com/evgenyrodionov/redux-logger.git
redux-mock-store,redux-mock-store,1.4.0,Node,,r/redux-mock-store/redux-mock-store.sh,https://github.com/arnaudbenard/redux-mock-store.git
redux-mock-store,redux-mock-store,1.4.0,Node,,r/redux-mock-store/redux-mock-store_ubuntu_16.04.sh,https://github.com/arnaudbenard/redux-mock-store.git
redux-thunk,redux-thunk,2.3.0,Node,,r/redux-thunk/redux_thunk.sh,https://github.com/reduxjs/redux-thunk.git
reference,reference,v0.6.0,Go,Go:1.20.1,r/reference/reference.sh,https://github.com/distribution/reference
referrer-policy,referrer-policy,1.1.0,Node,,r/referrer-policy/referrer-policy.sh,https://github.com/helmetjs/referrer-policy
reflectasm,reflectasm,reflectasm-1.11.9,Java,,r/reflectasm/reflectasm.sh,https://github.com/EsotericSoftware/reflectasm.git
reflection,reflection,${1:-,PHP,,r/reflection/reflection_1.2.1.sh,https://github.com/doctrine/reflection
reflections,reflections,0.10.2,Java,,r/reflections/reflections.sh,https://github.com/ronmamo/reflections
reflections,reflections,0.9.11,Java,,r/reflections/reflections_rhel_7.3.sh,https://github.com/ronmamo/reflections
reflections,reflections,"0.9.11, 0.9.12",Java,,r/reflections/reflections_rhel_7.6.sh,https://github.com/ronmamo/reflections
reflections,reflections,v1.0.0,Java,,r/reflections/reflections_ubi_8_5.sh,https://github.com/ronmamo/reflections
reflections,reflections,0.9.11,Java,,r/reflections/reflections_ubi_9.3.sh,https://github.com/ronmamo/reflections.git
reflections,reflections,0.9.11,Java,,r/reflections/reflections_ubuntu_16.04.sh,https://github.com/ronmamo/reflections
regenerate,regenerate,1.4.2,Node,,r/regenerate/regenerate.sh,https://github.com/mathiasbynens/regenerate
regenerate-unicode-properties,regenerate-unicode-properties,8.2.0,Node,,r/regenerate-unicode-properties/regenerate-unicode-properties.sh,https://github.com/mathiasbynens/regenerate-unicode-properties
regenerator,regenerator,0.8.46,Node,,r/regenerator/regenerator.sh,https://github.com/facebook/regenerator
regex-cache,regex-cache,${1:-,Node,Node:v12.22.4,r/regex-cache/regex-cache.sh,https://github.com/jonschlinkert/regex-cache
regex-not,regex-not,1.0.2,Node,,r/regex-not/regex-not.sh,https://github.com/jonschlinkert/regex-not
regex-parser,regex-parser,2.2.11,Node,,r/regex-parser/regex-parser.sh,https://github.com/IonicaBizau/regex-parser.js
regexp.prototype.flags,regexp.prototype.flags,1.3.1,Node,,r/regexp.prototype.flags/regexp.prototype.flags.sh,https://github.com/es-shims/RegExp.prototype.flags
regexpp,regexpp,3.1.0,Node,,r/regexpp/regexpp.sh,https://github.com/mysticatea/regexpp
regexpu,regexpu,1.3.0,Node,,r/regexpu/regexpu.sh,https://github.com/mathiasbynens/regexpu
regexpu-core,regexpu-core,3707196,Node,,r/regexpu-core/regexpu-core.sh,https://github.com/mathiasbynens/regexpu-core.git
registry,registry,0.3.0,Node,,r/registry/registry.sh,https://github.com/DamonOehlman/registry.git
registry-auth-token,registry-auth-token,3.4.0,Node,,r/registry-auth-token/registry-auth-token.sh,https://github.com/rexxars/registry-auth-token
registry-url,registry-url,5.1.0,Node,,r/registry-url/registry-url.sh,https://github.com/sindresorhus/registry-url.git
regjsgen,regjsgen,0.2.0,Node,,r/regjsgen/regjsgen.sh,https://github.com/bnjmnt4n/regjsgen
regjsparser,regjsparser,0.6.9,Node,,r/regjsparser/regjsparser.sh,https://github.com/jviereck/regjsparser
relateurl,relateurl,0.2.7,Node,,r/relateurl/relateurl.sh,https://github.com/stevenvachon/relateurl
relative,relative,3.0.2,Node,,r/relative/relative.sh,https://github.com/jonschlinkert/relative
release-zalgo,release-zalgo,1.0.0,Node,,r/release-zalgo/release-zalgo.sh,https://github.com/novemberborn/release-zalgo
remapping,remapping,v2.3.0,Node,Node:16,r/remapping/remapping.sh,https://github.com/ampproject/remapping
remove-trailing-separator,remove-trailing-separator,1.1.0,Node,,r/remove-trailing-separator/remove-trailing-separator.sh,https://github.com/darsain/remove-trailing-separator
renderkid,renderkid,2.0.5,Node,,r/renderkid/renderkid.sh,https://github.com/AriaMinaei/RenderKid
repeat-element,repeat-element,1.1.4,Node,,r/repeat-element/repeat-element.sh,https://github.com/jonschlinkert/repeat-element
repeat-string,repeat-string,1.6.1,Node,,r/repeat-string/repeat-string.sh,https://github.com/jonschlinkert/repeat-string
repeating,repeating,v2.0.1,Node,,r/repeating/repeating.sh,https://github.com/sindresorhus/repeating.git
replace-ext,replace-ext,1.0.0,Node,,r/replace-ext/replace-ext.sh,https://github.com/gulpjs/replace-ext
request-progress,request-progress,0.3.1,Node,,r/request-progress/request-progress.sh,https://github.com/IndigoUnited/node-request-progress
request-promise,request-promise,4.2.2,Node,,r/request-promise/request-promise.sh,https://github.com/request/request-promise.git
request-promise,request-promise,4.2.2,Node,,r/request-promise/request-promise_ubuntu_16.04.sh,https://github.com/request/request-promise.git
request-promise-native,request-promise-native,v1.0.7,Node,,r/request-promise-native/request-promise-native-1.0.7.sh,https://github.com/request/request-promise-native.git
request-promise-native,request-promise-native,v1.0.7,Node,,r/request-promise-native/request-promise-native-1.0.7_ubuntu_18.04.sh,https://github.com/request/request-promise-native.git
requestretry,requestretry,v2.0.2,Node,,r/requestretry/requestretry.sh,https://github.com/FGRibreau/node-request-retry.git
requests-kerberos,requests-kerberos,v0.14.0,Python,,r/requests-kerberos/requests-kerberos.sh,https://github.com/requests/requests-kerberos.git
require-directory,require-directory,2.1.1,Node,,r/require-directory/require-directory.sh,https://github.com/troygoode/node-require-directory
require-main-filename,require-main-filename,2.0.0,Node,,r/require-main-filename/require-main-filename.sh,https://github.com/yargs/require-main-filename
requirefresh,requirefresh,4.13.0,Node,,r/requirefresh/requirefresh.sh,https://github.com/bevry/requirefresh
requirejs,requirejs,2.3.5,Node,,r/requirejs/requirejs.sh,https://github.com/requirejs/requirejs.git
requires-port,requires-port,07e8e82,Node,Node:16,r/requires-port/requires-port.sh,https://github.com/unshiftio/requires-port
requires-port,requires-port,115d118,Node,,r/requires-port/requires-port_ubi_8.5.sh,https://github.com/unshiftio/requires-port.git
resolve,resolve,6.2.2,Node,Node:16,r/resolve/resolve.sh,https://github.com/browserify/resolve
resolve-alpn,resolve-alpn,1.1.2,Node,,r/resolve-alpn/resolve-alpn.sh,https://github.com/szmarczak/resolve-alpn
resolve-cwd,resolve-cwd,3.0.0,Node,,r/resolve-cwd/resolve-cwd.sh,https://github.com/sindresorhus/resolve-cwd
resolve-dir,resolve-dir,1.0.1,Node,,r/resolve-dir/resolve-dir.sh,https://github.com/jonschlinkert/resolve-dir
resolve-from,resolve-from,master,Node,,r/resolve-from/resolve-from.sh,https://github.com/sindresorhus/resolve-from
resolve-pathname,resolve-pathname,3.0.0,Node,,r/resolve-pathname/resolve-pathname.sh,https://github.com/mjackson/resolve-pathname
resolve-uri,resolve-uri,v3.1.2,Node,Node:16,r/resolve-uri/resolve-uri.sh,https://github.com/jridgewell/resolve-uri
resources,resources,0.4.3,Node,,r/resources/resources.sh,https://github.com/bigcompany/resources.git
responselike,responselike,1.0.2,Node,,r/responselike/responselike.sh,https://github.com/lukechilds/responselike
rest,rest,2.0.0,Node,,r/rest/rest.sh,https://github.com/cujojs/rest.git
rest-assured,PACKAGE_NAME,rest-assured-3.0.3,Java,,r/rest-assured/REST-assured-common.sh,https://github.com/org/repo
rest-assured,rest-assured,rest-assured-3.0.3,Java,,r/rest-assured/REST-assured-common_ubi_8.3.sh,https://github.com/rest-assured/rest-assured.git
rest-assured,PACKAGE_NAME,rest-assured-3.0.3,Java,,r/rest-assured/REST-assured.sh,https://github.com/org/repo
rest-assured,rest-assured,rest-assured-3.0.3,Java,,r/rest-assured/REST-assured_ubi_8.3.sh,https://github.com/rest-assured/rest-assured.git
rest-assured,rest-assured,5.5.0,Java,,r/rest-assured/rest-assured_v5.5.0.sh,https://github.com/rest-assured/rest-assured
resteasy-spring-boot,resteasy-spring-boot,6.1.0.Final,Java,,r/resteasy-spring-boot/resteasy-spring-boot.sh,https://github.com/resteasy/resteasy-spring-boot
resteasy-spring-boot,resteasy-spring-boot,3.6.4,Java,,r/resteasy-spring-boot/resteasy-spring-boot_UBI_8.3.sh,https://github.com/resteasy/resteasy-spring-boot.git
resteasy-spring-boot,resteasy-spring-boot,4.2.0.Final-SNAPSHOT,Java,,r/resteasy-spring-boot/resteasy-spring-boot_rhel_7.6.sh,https://github.com/resteasy/resteasy-spring-boot
restic,restic,v0.12.1,Go,,r/restic/restic.sh,https://github.com/restic/restic/
restore-cursor,restore-cursor,3.1.0,Node,,r/restore-cursor/restore-cursor.sh,https://github.com/sindresorhus/restore-cursor
resumable-js,resumable-js,1.1.0,Node,,r/resumable-js/resumable-js.sh,https://github.com/23/resumable.js
resumable-js,resumable-js,1.1.0,Node,,r/resumable-js/resumable-js_ubuntu_16.04.sh,https://github.com/23/resumable.js
resumer,resumer,0.0.0,Node,,r/resumer/resumer.sh,https://github.com/substack/resumer
retrofit,retrofit,parent-2.7.1,Java,,r/retrofit/retrofit.sh,https://github.com/square/retrofit.git
retry,retry,0.12.0,Node,,r/retry/retry.sh,https://github.com/tim-kos/node-retry
retrying,retrying,1.3.3,Python,,r/retrying/retrying.sh,https://github.com/rholder/retrying.git
reusify,reusify,1.0.4,Node,,r/reusify/reusify.sh,https://github.com/mcollina/reusify
rewire,rewire,5.0.0,Node,,r/rewire/rewire.sh,https://github.com/jhnns/rewire
rfc4648,rfc4648,1.3.0,Node,,r/rfc4648/rfc4648.sh,https://github.com/swansontec/rfc4648.js
rfdc,rfdc,1.1.4,Node,,r/rfdc/rfdc.sh,https://github.com/davidmarkclements/rfdc
rgb-regex,rgb-regex,1.0.1,Node,,r/rgb-regex/rgb-regex.sh,https://github.com/regexps/rgb-regex
right-align,right-align,0.1.3,Node,,r/right-align/right-align.sh,https://github.com/jonschlinkert/right-align
rimraf,rimraf,2.2.8,Node,,r/rimraf/rimraf.sh,https://github.com/isaacs/rimraf
ripemd160,ripemd160,2.0.2,Node,,r/ripemd160/ripemd160.sh,https://github.com/crypto-browserify/ripemd160
ristretto,github.com/dgraph-io/ristretto,v0.1.0,Go,,r/ristretto/ristretto.sh,https://github.com/dgraph-io/ristretto
roaringbitmap,RoaringBitmap,1.2.1,Java,,r/roaringbitmap/roaringbitmap.sh,https://github.com/RoaringBitmap/RoaringBitmap.git
robotstxt,robotstxt,8.x-1.4,PHP,,r/robotstxt/robotstxt.sh,https://git.drupalcode.org/project/robotstxt.git
robustbase,robustbase,0.99-4-1,R,,r/robustbase/robustbase.sh,https://github.com/cran/robustbase.git
rocksdb,rhel7.9,master,Java,,r/rocksdb/build.sh,https://github.com/facebook/rocksdb
rocksdb,rocksdb,5.10.4,Java,,r/rocksdb/rocksdb_ubuntu_16.04.sh,https://github.com/facebook/rocksdb.git
rocksdbjni,rocksdbjni,5.1.4,Java,,r/rocksdbjni/rocksdbjni.sh,https://github.com/fusesource/rocksdbjni
rop-type,rop-type,1.0,Node,,r/rop-type/rop-type.sh,https://github.com/jasmine1569/rop-type.git
rope,rope,1.10.0,Python,,r/rope/rope.sh,https://github.com/python-rope/rope.git
rope,rope,1.10.0,Python,,r/rope/rope_ubi_8.7.sh,https://github.com/python-rope/rope.git
rope,rope,1.13.0,Python,,r/rope/rope_ubi_9.3.sh,https://github.com/python-rope/rope.git
round-to,round-to,4.1.0,Node,,r/round-to/round-to.sh,https://github.com/sindresorhus/round-to
router,router,v1.2.0,Node,,r/router/router.sh,https://github.com/reach/router.git
roxygen2,roxygen2,7.3.2,R,,r/roxygen2/roxygen2.sh,https://github.com/cran/roxygen2.git
royale-compiler,royale-compiler,0.9.8-rc2,Java,,r/royale-compiler/royale-compiler.sh,https://github.com/apache/royale-compiler
rpc.v1,gopkg.in/jcmturner/rpc.v1,v1.1.0,Go,,r/rpc.v1/rpc.v1.sh,https://github.com/jcmturner/rpc/
rq,PACKAGE_NAME,v1.0.0,Python,,r/rq/rq.sh,https://github.com/org/repo
rq,rq,v1.10,Python,,r/rq/rq_ubi_8.4.sh,https://github.com/nvie/rq
rq,rq,v1.7.0,Python,,r/rq/rq_v1.7.0.sh,https://github.com/nvie/rq
rq,rq,v1.7.0,Python,,r/rq/rq_v1.7.0_ubi_8.5.sh,https://github.com/nvie/rq
rsc.io__binaryregexp,rsc.io/binaryregexp,v0.2.0,Go,,r/rsc.io__binaryregexp/rsc.io__binaryregexp.sh,https://github.com/rsc/binaryregexp
rsc.io__letsencrypt,rsc.io/letsencrypt,v0.0.3,Go,,r/rsc.io__letsencrypt/rsc.io__letsencrypt.sh,https://github.com/rsc/letsencrypt
rspec-cells,rspec-cells,v0.3.7,Ruby,,r/rspec-cells/rspec-cells.sh,https://github.com/trailblazer/rspec-cells.git
rstudio,rstudio,v2024.09.0+375,Java,,r/rstudio/rstudio_server.sh,https://github.com/rstudio/rstudio.git
rstudio,rstudio,1.1.447,Java,,r/rstudio/rstudio_ubuntu_16.04.sh,https://github.com/rstudio/rstudio
rsvp,rsvp,v4.8.5,Node,,r/rsvp/rsvp.sh,https://github.com/tildeio/rsvp.js.git
rtl-css-js,rtl-css-js,v1.16.1,Node,Node:16,r/rtl-css-js/rtl-css-js.sh,https://github.com/kentcdodds/rtl-css-js
rtree,rtree,1.4.1,Python,,r/rtree/rtree.sh,https://github.com/Toblerity/rtree
ruamel-ordereddict,ruamel-ordereddict,0.4.15,Python,,r/ruamel-ordereddict/ruamel-ordereddict.sh,http://hg.code.sf.net/p/ruamel-ordereddict/code
ruamel-yaml-jinja2,ruamel-yaml-jinja2,0.2.7,Python,,r/ruamel-yaml-jinja2/ruamel-yaml-jinja2.sh,http://hg.code.sf.net/p/ruamel-yaml-jinja2/code
ruamel-yaml-jinja2-code,ruamel-yaml-jinja2-code,${1:-,Python,,r/ruamel-yaml-jinja2-code/ruamel-yaml-jinja2-code.sh,http://hg.code.sf.net/p/ruamel-yaml-jinja2/code ruamel-yaml-jinja2-code
ruamel.yaml.clib,ruamel.yaml.clib,0.2.6,Python,,r/ruamel.yaml.clib/ruamel.yaml.clib.sh,https://github.com/ruamel/yaml.clib.git
rubyzip,rubyzip,v2.2.0,Ruby,,r/rubyzip/rubyzip.sh,https://github.com/rubyzip/rubyzip.git
rubyzip,rubyzip,v2.2.0,Ruby,,r/rubyzip/rubyzip_ubi_8.4.sh,https://github.com/rubyzip/rubyzip.git
rubyzip,rubyzip,v1.2.1,Ruby,,r/rubyzip/rubyzip_v1.2.1.sh,https://github.com/rubyzip/rubyzip
rules_go,rules_go,v0.48.0,Go,,r/rules_go/rules_go.sh,https://github.com/bazelbuild/rules_go
rules_go,rules_go,v0.40.1,Go,,r/rules_go/rules_go_ubi_8.7.sh,https://github.com/bazelbuild/rules_go
run-async,run-async,2.4.1,Node,,r/run-async/run-async.sh,https://github.com/SBoudrias/run-async
run-parallel,run-parallel,v1.2.0,Node,Node:14,r/run-parallel/run-parallel.sh,https://github.com/feross/run-parallel
run-queue,run-queue,1.0.3,Node,,r/run-queue/run-queue.sh,https://github.com/iarna/run-queue
runtime-spec,runtime-spec,v1.0.0,Go,,r/runtime-spec/runtime-spec.sh,https://github.com/opencontainers/runtime-spec
runtime-tools,runtime-tools,1d69bd0f9c39,Go,,r/runtime-tools/runtime-tools.sh,https://github.com/opencontainers/runtime-tools
russross__blackfriday,russross/blackfriday,1.5,Go,,r/russross__blackfriday/russross__blackfriday.sh,https://github.com/russross/blackfriday
rust-prometheus,PACKAGE_NAME,v1.0.0,Go,,r/rust-prometheus/rust-prometheus.sh,https://github.com/org/repo
rust-prometheus,rust-prometheus,0.2,Go,,r/rust-prometheus/rust-prometheus_rhel_7.3.sh,https://github.com/pingcap/rust-prometheus.git
rust-prometheus,rust-prometheus,0.2,Go,,r/rust-prometheus/rust-prometheus_ubuntu_16.04.sh,https://github.com/pingcap/rust-prometheus.git
rustfmt,rustfmt,0.7,Go,,r/rustfmt/rustfmt.sh,https://github.com/tennix/rustfmt
rustfmt,rustfmt,0.7,Go,,r/rustfmt/rustfmt_ubuntu_16.04.sh,https://github.com/tennix/rustfmt
rw,rw,1.3.3,Node,,r/rw/rw.sh,https://github.com/mbostock/rw
rxjava,RxJava,v3.1.8,Java,,r/rxjava/rxjava.sh,https://github.com/ReactiveX/RxJava.git
rxjava,rxjava,3.0.2,Java,,r/rxjava/rxjava_rhel_7.6.sh,https://github.com/ReactiveX/RxJava
rxjava,rxjava,v2.2.21,Java,,r/rxjava/rxjava_ubi_9.3_v2.sh,https://github.com/ReactiveX/RxJava.git
rxjava,rxjava,2.1.10,Java,,r/rxjava/rxjava_ubuntu_16.04.sh,https://github.com/ReactiveX/RxJava
rxjs,rxjs,7.3.0,Node,,r/rxjs/rxjs.sh,https://github.com/ReactiveX/rxjs
rxnetty,rxnetty,0.5.2,Java,,r/rxnetty/rxnetty.sh,https://github.com/ReactiveX/RxNetty
rxscala,rxscala,0.26.5,Java,,r/rxscala/rxscala.sh,https://github.com/ReactiveX/RxScala
ryanuber__columnize,ryanuber/columnize,2.1.0,Go,,r/ryanuber__columnize/ryanuber__columnize.sh,https://github.com/ryanuber/columnize
ryd,ryd,0.4.1,Python,,r/ryd/ryd.sh,http://hg.code.sf.net/p/ryd/code
ST4,ST4,st-4.0.7,Java,,s/ST4/ST4.sh,https://github.com/antlr/stringtemplate4.git
Shrinksafe,Shrinksafe,1.7.2 (master),Java,,s/Shrinksafe/shrinksafe.sh,https://github.com/zazl/shrinksafe.git
Shrinksafe,PACKAGE_NAME,v1.0.0,Java,,s/Shrinksafe/shrinksafe_1.7.2.sh,https://github.com/org/repo
Shrinksafe,Shrinksafe,master(commit-id:0f46e2942af3b4894e7f0790e9f4e7f7d1a7969c),Java,,s/Shrinksafe/shrinksafe_1.7.2_ubuntu_18.04.sh,https://github.com/zazl/shrinksafe.git
Strimzi,Strimzi,master,Java,,s/Strimzi/strimzi.sh,https://github.com/strimzi/strimzi-kafka-operator.git
Stripe-python,stripe-python,v10.5.0,Python,,s/Stripe-python/Stripe-python.sh,https://github.com/stripe/stripe-python.git
Stripe-python,Stripe-python,1.37.0,Python,,s/Stripe-python/Stripe-python_rhel_7.3.sh,https://github.com/stripe/stripe-python
Stripe-python,stripe-python,v12.2.0,Python,,s/Stripe-python/Stripe-python_ubi_12.2.0_9.3.sh,https://github.com/stripe/stripe-python.git
Stripe-python,stripe-python,v10.5.0,Python,,s/Stripe-python/Stripe-python_ubi_9.3.sh,https://github.com/stripe/stripe-python.git
Stripe-python,Stripe-python,1.37.0,Python,,s/Stripe-python/Stripe-python_ubuntu_16.04.sh,https://github.com/stripe/stripe-python
jquery.sparkline,jquery.sparkline,v2.1.2,Node,,s/jquery.sparkline/jquery.sparkline.sh,https://github.com/gwatts/jquery.sparkline.git
s2-jdbc-connector,S2-JDBC-Connector,v1.2.3,Java,,s/s2-jdbc-connector/s2-jdbc-connector.sh,https://github.com/memsql/S2-JDBC-Connector
safe-buffer,safe-buffer,5.2.0,Node,,s/safe-buffer/safe-buffer.sh,https://github.com/feross/safe-buffer
safe-json-stringify,safe-json-stringify,v1.2.0,Node,,s/safe-json-stringify/safe-json-stringify.sh,https://github.com/debitoor/safe-json-stringify.git
safe-regex,safe-regex,1.1.0,Node,,s/safe-regex/safe-regex.sh,https://github.com/davisjam/safe-regex
safe-regex2,safe-regex2,2.0.0,Node,,s/safe-regex2/safe-regex2.sh,https://github.com/fastify/safe-regex
safefs,safefs,6.13.0,Node,,s/safefs/safefs.sh,https://github.com/bevry/safefs
safer-buffer,safer-buffer,v2.1.2,Node,,s/safer-buffer/safer-buffer.sh,https://github.com/ChALkeR/safer-buffer
safer-buffer,safer-buffer,2.1.1,Node,,s/safer-buffer/safer-buffer_ubuntu_18.04.sh,https://github.com/ChALkeR/safer-buffer.git
salsify__json-streaming-parser,salsify/json-streaming-parser,8.2.0,PHP,,s/salsify__json-streaming-parser/salsify__json-streaming-parser.sh,https://github.com/salsify/jsonstreamingparser
sane,sane,${1:-,Node,Node:v14,s/sane/sane.sh,https://github.com/amasad/sane
sass-listen,listen,v4.0.0,Ruby,,s/sass-listen/sass-listen.sh,https://github.com/sass/listen
sasslint-webpack-plugin,sasslint-webpack-plugin,v1.0.4,Node,,s/sasslint-webpack-plugin/sasslint_webpack_plugin.sh,https://github.com/alleyinteractive/sasslint-webpack-plugin.git
sax,sax,1.2.1,Node,,s/sax/sax.sh,https://github.com/isaacs/sax-js
sax_js,sax_js,v1.2.2,Node,,s/sax_js/sax-js.sh,https://github.com/isaacs/sax-js
sax_js,sax_js,v1.2.2,Node,,s/sax_js/sax-js_ubuntu_16.04.sh,https://github.com/isaacs/sax-js
saxes,saxes,3.1.11,Node,,s/saxes/saxes.sh,https://github.com/lddubeau/saxes
scaffolding,scaffolding,v4.0.0,Java,,s/scaffolding/scaffolding.sh,https://github.com/grails/scaffolding.git
scala,scala,v2.11.12,Java,,s/scala/scala-2.11.12-ubi8.sh,https://github.com/scala/scala.git
scala-guice,PACKAGE_NAME,v1.0.0,Java,,s/scala-guice/scala-guice.sh,https://github.com/org/repo
scala-guice,scala-guice,4.1.0,Java,,s/scala-guice/scala-guice_rhel_7.3.sh,https://github.com/codingwell/scala-guice.git
scala-guice,scala-guice,4.1.0,Java,,s/scala-guice/scala-guice_ubuntu_16.04.sh,https://github.com/codingwell/scala-guice.git
scala-logging,PACKAGE_NAME,v1.0.0,Java,,s/scala-logging/scala-logging.sh,https://github.com/org/repo
scala-logging,scala-logging,3.5.0,Java,,s/scala-logging/scala-logging_rhel_7.3.sh,https://github.com/typesafehub/scala-logging
scala-logging,scala-logging,3.5.0,Java,,s/scala-logging/scala-logging_ubuntu_16.04.sh,https://github.com/typesafehub/scala-logging
scala-swing,scala-swing,v3.0.0#3.0.0,Java,,s/scala-swing/scala-swing-ubi-8.sh,https://github.com/scala/scala-swing
scalatest,PACKAGE_NAME,v1.0.0,Java,,s/scalatest/scalatest.sh,https://github.com/org/repo
scalatest,scalatest,3.0.3,Java,,s/scalatest/scalatest_rhel_7.3.sh,https://github.com/scalatest/scalatest
scalatest,scalatest,3.0.3,Java,,s/scalatest/scalatest_ubuntu_16.04.sh,https://github.com/scalatest/scalatest
scheduler,scheduler,unknown,Java,,s/scheduler/scheduler.sh,https://github.com/googleapis/java-scheduler
schema,schema,${1:-,Node,Node:v14,s/schema/schema.sh,https://github.com/istanbuljs/schema
schema-utils,schema-utils,2.7.1,Node,,s/schema-utils/schema-utils.sh,https://github.com/webpack/schema-utils
scikit-image,scikit-image,v0.24.0,Python,,s/scikit-image/scikit-image.sh,https://github.com/scikit-image/scikit-image
scikit-image,scikit-image,v0.26.0,Python,,s/scikit-image/scikit-image_ubi_0.19.3_9.3.sh,https://github.com/scikit-image/scikit-image
scikit-image,scikit-image,v0.22.0,Python,,s/scikit-image/scikit-image_ubi_8.10.sh,https://github.com/scikit-image/scikit-image
scikit-learn,scikit-learn,1.6.1,Python,,s/scikit-learn/scikit-learn.sh,https://github.com/scikit-learn/scikit-learn.git
scikit-learn,scikit-learn,1.3.0,Python,,s/scikit-learn/scikit-learn_1.1.1.sh,https://github.com/scikit-learn/scikit-learn
scikit-learn,scikit-learn,1.3.0,Python,,s/scikit-learn/scikit-learn_1.1.1_ubi_9.3.sh,https://github.com/scikit-learn/scikit-learn
scikit-learn,scikit-learn,1.7.0,Python,,s/scikit-learn/scikit-learn_1.7.0.sh,https://github.com/scikit-learn/scikit-learn.git
scikit-learn,scikit-learn,1.7.0,Python,,s/scikit-learn/scikit-learn_1.7.0_ubi_9.3.sh,https://github.com/scikit-learn/scikit-learn.git
scikit-learn,scikit-learn,1.5.0,Python,,s/scikit-learn/scikit-learn_ubi_8.10.sh,https://github.com/scikit-learn/scikit-learn.git
scikit-learn,scikit-learn,1.0.2,Python,,s/scikit-learn/scikit-learn_ubi_8.5.sh,https://github.com/scikit-learn/scikit-learn.git
scikit-learn,scikit-learn,0.24.1,Python,,s/scikit-learn/scikit-learn_v0.24.1.sh,https://github.com/scikit-learn/scikit-learn
scikit-learn,scikit-learn,0.24.1,Python,,s/scikit-learn/scikit-learn_v0.24.1_ubi_8.5.sh,https://github.com/scikit-learn/scikit-learn
scipy,scipy,v1.14.1,Python,,s/scipy/scipy.sh,https://github.com/scipy/scipy
scipy,scipy,v1.11.4,Python,,s/scipy/scipy_ubi_8.10.sh,https://github.com/scipy/scipy
scipy,scipy,v1.6.3,Python,,s/scipy/scipy_ubi_8.5.sh,https://github.com/scipy/scipy
scipy,scipy,v1.14.1,Python,,s/scipy/scipy_ubi_9.3.sh,https://github.com/scipy/scipy
scipy,scipy,v1.10.1,Python,,s/scipy/scipy_v1.10.1.sh,https://github.com/scipy/scipy
scipy,scipy,v1.10.1,Python,,s/scipy/scipy_v1.10.1_ubi_9.3.sh,https://github.com/scipy/scipy
scipy,scipy,v1.11.3,Python,,s/scipy/scipy_v1.11.3.sh,https://github.com/scipy/scipy
scipy,scipy,v1.11.3,Python,,s/scipy/scipy_v1.11.3_ubi_9.3.sh,https://github.com/scipy/scipy
scipy,scipy,v1.16.1,Python,,s/scipy/scipy_v1.16.1.sh,https://github.com/scipy/scipy
scipy,scipy,v1.5.4,Python,,s/scipy/scipy_v1.5.4.sh,https://github.com/scipy/scipy
scipy,scipy,v1.5.4,Python,,s/scipy/scipy_v1.5.4_ubi_8.5.sh,https://github.com/scipy/scipy
screenfull,screenfull,v6.0.2,Node,Node:16,s/screenfull/screenfull.sh,https://github.com/sindresorhus/screenfull
script_js,script_js,v2.5.8,Node,,s/script_js/script-js.sh,https://github.com/ded/script.js
script_js,script_js,v2.5.8,Node,,s/script_js/script-js_ubuntu_16.04.sh,https://github.com/ded/script.js
scss-tokenizer,scss-tokenizer,v0.4.2,Node,,s/scss-tokenizer/scss-tokenizer.sh,https://github.com/sasstools/scss-tokenizer.git
scssphp__scssphp,scssphp/scssphp,1.0.5,PHP,,s/scssphp__scssphp/scssphp__scssphp.sh,https://github.com/scssphp/scssphp
sdk-platform-java,sdk-platform-java,v2.44.0,Java,,s/sdk-platform-java/sdk-platform-java.sh,https://github.com/googleapis/sdk-platform-java.git
seaborn,seaborn,v0.13.2,Python,,s/seaborn/seaborn.sh,https://github.com/mwaskom/seaborn.git
seamless-immutable,seamless-immutable,7.1.4,Node,,s/seamless-immutable/seamless-immutable.sh,https://github.com/rtfeldman/seamless-immutable.git
search,search,6.5.6,Node,Node:16,s/search/search.sh,https://github.com/codemirror/search
searxng,searxng,576c8ca99cde1a31e442ef61965e77c82349079b,Python,,s/searxng/searxng.sh,https://github.com/searxng/searxng.git
seaweedfs,seaweedfs,3.71,Go,Go:1.22.0,s/seaweedfs/seaweedfs.sh,https://github.com/seaweedfs/seaweedfs.git
sebastian__code-unit,sebastian/code-unit,1.0.6,PHP,,s/sebastian__code-unit/sebastian__code-unit.sh,https://github.com/sebastianbergmann/code-unit
sebastian__code-unit-reverse-lookup,sebastian/code-unit-reverse-lookup,1.0.1,PHP,,s/sebastian__code-unit-reverse-lookup/sebastian__code-unit-reverse-lookup.sh,https://github.com/sebastianbergmann/code-unit-reverse-lookup
sebastian__comparator,sebastian/comparator,3,PHP,,s/sebastian__comparator/sebastian__comparator.sh,https://github.com/sebastianbergmann/comparator
sebastian__complexity,sebastian/complexity,2.0.0,PHP,,s/sebastian__complexity/sebastian__complexity.sh,https://github.com/sebastianbergmann/complexity
sebastian__diff,sebastian/diff,3.0.2,PHP,,s/sebastian__diff/sebastian__diff.sh,https://github.com/sebastianbergmann/diff
sebastian__environment,sebastian/environment,4.2.3,PHP,,s/sebastian__environment/sebastian__environment.sh,https://github.com/sebastianbergmann/environment
sebastian__exporter,sebastian/exporter,3.1.2,PHP,,s/sebastian__exporter/sebastian__exporter.sh,https://github.com/sebastianbergmann/exporter
sebastian__global-state,global-state,5.0.2,PHP,,s/sebastian__global-state/global-state.sh,https://github.com/sebastianbergmann/global-state
sebastian__global-state,sebastian/global-state,2.0.0,PHP,,s/sebastian__global-state/sebastian__global-state.sh,https://github.com/sebastianbergmann/global-state
sebastian__global-state,sebastian/global-state,2.0.0,PHP,,s/sebastian__global-state/sebastian__global-state_rhel_8.3.sh,https://github.com/sebastianbergmann/global-state
sebastian__object-enumerator,sebastian/object-enumerator,3.0.3,PHP,,s/sebastian__object-enumerator/sebastian__object-enumerator.sh,https://github.com/sebastianbergmann/object-enumerator
sebastian__object-reflector,sebastian/object-reflector,1.1.1,PHP,,s/sebastian__object-reflector/sebastian__object-reflector.sh,https://github.com/sebastianbergmann/object-reflector
sebastian__recursion-context,sebastian/recursion-context,3,PHP,,s/sebastian__recursion-context/sebastian__recursion-context.sh,https://github.com/sebastianbergmann/recursion-context
sebastian__resource-operations,sebastian/resource-operations,2.0.1,PHP,,s/sebastian__resource-operations/sebastian__resource-operations.sh,https://github.com/sebastianbergmann/resource-operations
sebastian__type,sebastian/type,2.3,PHP,,s/sebastian__type/sebastian__type.sh,https://github.com/sebastianbergmann/type
sebastian__version,sebastian/version,2.0.1,PHP,,s/sebastian__version/sebastian__version.sh,https://github.com/sebastianbergmann/version
secretstorage,secretstorage,3.3.3,Python,,s/secretstorage/secretstorage.sh,https://github.com/mitya57/secretstorage.git
secure-keys,secure-keys,1.0.0,Node,,s/secure-keys/secure-keys.sh,https://registry.npmjs.org/secure-keys/-/secure-keys-1.0.0.tgz
secure-random,secure-random,1.1.2,Node,,s/secure-random/secure-random.sh,https://github.com/jprichardson/secure-random
segmentio__backo-go,segmentio/backo-go,204274ad699c0983a70203a566887f17a717fef4,Go,,s/segmentio__backo-go/segmentio__backo-go.sh,https://github.com/segmentio/backo-go
seld__jsonlint,seld/jsonlint,1.8.3,PHP,,s/seld__jsonlint/seld__jsonlint.sh,https://github.com/Seldaek/jsonlint
seld__phar-utils,seld/phar-utils,1.0.2,PHP,,s/seld__phar-utils/seld__phar-utils.sh,https://github.com/Seldaek/phar-utils
select2,select2,4.0.2,Node,,s/select2/select2.sh,https://github.com/select2/select2
selectn,selectn,1.1.2,Node,,s/selectn/selectn.sh,https://github.com/wilmoore/selectn.js
selectr,selectr,0.4.2,R,,s/selectr/selectr.sh,https://github.com/cran/selectr
selfsigned,selfsigned,v1.10.7,Node,,s/selfsigned/selfsigned.sh,https://github.com/jfromaniello/selfsigned.git
semver-compare,semver-compare,1.0.0,Node,,s/semver-compare/semver-compare.sh,https://github.com/substack/semver-compare
semver-diff,semver-diff,2.1.0,Node,,s/semver-diff/semver-diff.sh,https://github.com/sindresorhus/semver-diff
semver-store,semver-store,0.3.0,Node,,s/semver-store/semver-store.sh,https://github.com/delvedor/semver-store
send,send,0.18.0,Node,Node:16,s/send/send.sh,https://github.com/pillarjs/send
sensu,sensu,1.4.2,Ruby,,s/sensu/sensu.sh,https://github.com/sensu/sensu.git
sentencepiece,sentencepiece,v0.1.97,Python,,s/sentencepiece/sentencepiece.sh,https://github.com/google/sentencepiece.git
sentencepiece,sentencepiece,v0.2.0,Python,,s/sentencepiece/sentencepiece_0.2.0.sh,https://github.com/google/sentencepiece.git
sentencepiece,sentencepiece,v0.1.97,Python,,s/sentencepiece/sentencepiece_ubi_9.3.sh,https://github.com/google/sentencepiece.git
sentry-python,sentry-python,2.33.2,Python,,s/sentry-python/sentry-python.sh,https://github.com/getsentry/sentry-python
sentry-python,sentry-python,1.12.1,Python,,s/sentry-python/sentry-python_1.12.1.sh,https://github.com/getsentry/sentry-python
sentry-python,sentry-python,1.12.1,Python,,s/sentry-python/sentry-python_1.12.1_ubi_8.7.sh,https://github.com/getsentry/sentry-python
sentry-python,sentry-python,"0.14.3,0.14.4,0.18.0,0.19.5,1.0.0",Python,,s/sentry-python/sentry-python_ubi_8.4.sh,https://github.com/getsentry/sentry-python
serenize__snaker,serenize/snaker,de5293a32fd929048775e277fa6dd163bdeac7b3,Go,,s/serenize__snaker/serenize__snaker.sh,https://github.com/serenize/snaker
serialize-javascript,serialize-javascript,3.0.0,Node,,s/serialize-javascript/serialize-javascript.sh,https://github.com/yahoo/serialize-javascript
seriation,seriation,1.5.5,R,,s/seriation/seriation.sh,https://github.com/cran/seriation
serve-favicon,serve-favicon,2.5.0,Node,,s/serve-favicon/serve-favicon.sh,https://github.com/expressjs/serve-favicon
serve-index,serve-index,d2922cd,Node,,s/serve-index/serve-index.sh,https://github.com/expressjs/serve-index.git
serve-static,serve-static,v1.15.0,Node,Node:16,s/serve-static/serve-static.sh,https://github.com/expressjs/serve-static
servlet-javax-api,servlet-javax-api,2.5,Java,,s/servlet-javax-api/servlet-javax-api.sh,http://central.maven.org/maven2/javax/servlet/servlet-api/2.5/servlet-api-2.5-sources.jar
servlet-spec,servlet-spec,4.0.1,Java,,s/servlet-spec/servlet-spec.sh,https://github.com/javaee/servlet-spec.git
session,session,v1.17.3,Node,,s/session/session.sh,https://github.com/expressjs/session.git
session_limit,session_limit,8.x-1.x,PHP,,s/session_limit/session_limit_8.5.sh,https://git.drupalcode.org/project/session_limit.git
set-array,set-array,v1.2.1,Node,Node:18,s/set-array/set-array.sh,https://github.com/jridgewell/set-array
set-blocking,set-blocking,2.0.0,Node,,s/set-blocking/set-blocking.sh,https://github.com/yargs/set-blocking
set-getter,set-getter,0.1.0,Node,,s/set-getter/set-getter.sh,https://github.com/doowb/set-getter
set-immediate-shim,set-immediate-shim,1.0.1,Node,,s/set-immediate-shim/set-immediate-shim.sh,https://github.com/sindresorhus/set-immediate-shim
set-value,set-value,2.0.1,Node,,s/set-value/set-value.sh,https://github.com/jonschlinkert/set-value
set-value,set-value,3.0.2,Node,,s/set-value/set-value_rhel_8.3.sh,https://github.com/jonschlinkert/set-value
setImmediate,PACKAGE_NAME,v1.0.0,Node,,s/setImmediate/setImmediate.sh,https://github.com/org/repo
setImmediate,setImmediate,1.0.5,Node,,s/setImmediate/setImmediate_ubuntu_18.04.sh,https://github.com/YuzuJS/setImmediate.git
setImmediate,setimmediate,1.0.5,Node,,s/setImmediate/setimmediate.sh,https://github.com/yuzujs/setImmediate
setprototypeof,setprototypeof,v1.1.1,Node,,s/setprototypeof/setprototypeof.sh,https://github.com/wesleytodd/setprototypeof
setprototypeof,setprototypeof,1.2.0,Node,,s/setprototypeof/setprototypeof_rhel_8.3.sh,https://github.com/wesleytodd/setprototypeof
sf,sf,1.0-16,R,,s/sf/sf.sh,https://github.com/cran/sf
sha,sha,v3.0.0,Node,,s/sha/sha.sh,https://github.com/ForbesLindesay/sha
sha.js,sha.js,v2.4.11,Node,,s/sha.js/sha.js.sh,https://github.com/crypto-browserify/sha.js.git
sha256-simd,github.com/minio/sha256-simd,v0.1.1,Go,,s/sha256-simd/github.com__minio__sha256-simd.sh,https://github.com/minio/sha256-simd
sha256-simd,github.com/minio/sha256-simd,v0.1.1,Go,,s/sha256-simd/github.com__minio__sha256-simd_rhel_8.3.sh,https://github.com/minio/sha256-simd
sha256-simd,sha256-simd,v1.0.1,Go,Go:1.20.1,s/sha256-simd/sha256-simd.sh,https://github.com/minio/sha256-simd
shallow-clone,shallow-clone,0.1.2,Node,,s/shallow-clone/shallow-clone.sh,https://github.com/jonschlinkert/shallow-clone
shallow-equal,shallow-equal,1.2.1,Node,,s/shallow-equal/shallow-equal.sh,https://github.com/moroshko/shallow-equal
shallowequal,shallowequal,8e7f1b9,Node,Node:12,s/shallowequal/shallowequal.sh,https://github.com/react-dnd/shallowequal
shapely,shapely,1.8.5,Python,,s/shapely/shapely.sh,https://github.com/shapely/shapely.git
shapely,shapely,1.8.5,Python,,s/shapely/shapely_ubi_8.10.sh,https://github.com/shapely/shapely.git
shared-cursor,rtc-sharedcursor,v1.0.2,Node,,s/shared-cursor/shared-cursor.sh,https://github.com/rtc-io/rtc-sharedcursor.git
shebang-command,shebang-command,2.0.0,Node,,s/shebang-command/shebang-command.sh,https://github.com/kevva/shebang-command
shebang-regex,shebang-regex,3.0.0,Node,,s/shebang-regex/shebang-regex.sh,https://github.com/sindresorhus/shebang-regex
shell-quote,shell-quote,1.7.2,Node,,s/shell-quote/shell-quote.sh,https://github.com/substack/node-shell-quote
shelljs,shelljs,master,Node,,s/shelljs/shelljs.sh,https://github.com/shelljs/shelljs
shellwords,shellwords,0.1.1,Node,,s/shellwords/shellwords.sh,https://github.com/jimmycuadra/shellwords
shepherd,shepherd,v8.3.1,Node,,s/shepherd/shepherd.sh,https://github.com/shipshapecode/shepherd.git
shimmer,shimmer,1.2.1,Node,,s/shimmer/shimmer.sh,https://github.com/othiym23/shimmer
shiny-server,shiny-server,v1.5.23.1030,Java,Node:20,s/shiny-server/shiny-server.sh,https://github.com/rstudio/shiny-server
shiro,shiro,shiro-root-1.5.2,Java,,s/shiro/shiro.sh,https://github.com/apache/shiro
shot,shot,v4.1.2,Node,,s/shot/shot.sh,https://github.com/hapijs/shot.git
should,should,13.2.3,Node,,s/should/should.sh,https://github.com/shouldjs/should.js
should-equal,should-equal,2.0.0,Node,,s/should-equal/should-equal.sh,https://github.com/shouldjs/equal
side-channel,side-channel,1.0.4,Node,,s/side-channel/side-channel.sh,https://github.com/ljharb/side-channel
signal-exit,signal-exit,3.0.2,Node,,s/signal-exit/signal-exit.sh,https://github.com/tapjs/signal-exit
sigs.k8s.io__controller-runtime,sigs.k8s.io/controller-runtime,v0.7.0,Go,,s/sigs.k8s.io__controller-runtime/sigs.k8s.io__controller-runtime.sh,https://github.com/kubernetes-sigs/controller-runtime
sigs.k8s.io__kubebuilder,sigs.k8s.io/kubebuilder,v1.0.9-0.20200513134826-f07a0146a40b,Go,,s/sigs.k8s.io__kubebuilder/sigs.k8s.io__kubebuilder.sh,https://github.com/kubernetes-sigs/kubebuilder
sigs.k8s.io__yaml,sigs.k8s.io/yaml,v1.2.0,Go,,s/sigs.k8s.io__yaml/sigs.k8s.io__yaml.sh,https://github.com/kubernetes-sigs/yaml
sigurn__crc16,sigurn/crc16,da416fad5162ac0f3338ba24dccdb26e4da22485,Go,,s/sigurn__crc16/sigurn__crc16.sh,https://github.com/sigurn/crc16
sigurn__utils,sigurn/utils,f19e41f79f8f006116f682c1af454591bc278ad4,Go,,s/sigurn__utils/sigurn__utils.sh,https://github.com/sigurn/utils
simple-fmt,simple-fmt,0.1.0,Node,,s/simple-fmt/simple-fmt.sh,https://github.com/olov/simple-fmt
simple-is,simple-is,0.2.0,Node,,s/simple-is/simple-is.sh,https://github.com/olov/simple-is
simple-swizzle,simple-swizzle,0.2.2,Node,,s/simple-swizzle/simple-swizzle.sh,https://github.com/qix-/node-simple-swizzle
simplecov-console,simplecov-console,v0.4.2,Ruby,,s/simplecov-console/simplecov-console.sh,https://github.com/chetan/simplecov-console.git
simplejson,simplejson,v3.17.6,Python,,s/simplejson/simplejson.sh,https://github.com/simplejson/simplejson
sindresorhus__is,@sindresorhus/is,4.0.0,Node,,s/sindresorhus__is/sindresorhus__is.sh,https://github.com/sindresorhus/is
sinon,sinon,${1:-,Node,,s/sinon/sinon.sh,https://github.com/sinonjs/sinon
sinon,sinon,6.1.5,Node,,s/sinon/sinon_ubuntu_18.04.sh,https://github.com/sinonjs/sinon.git
sinon-chai,sinon-chai,3.3.0,Node,,s/sinon-chai/sinon-chai.sh,https://github.com/domenic/sinon-chai
sinonjs__commons,@sinonjs/commons,1.8.2,Node,,s/sinonjs__commons/sinonjs__commons.sh,https://github.com/sinonjs/commons
sinonjs__formatio,@sinonjs/formatio,5.0.1,Node,,s/sinonjs__formatio/sinonjs__formatio.sh,https://github.com/sinonjs/formatio
sinonjs__samsam,@sinonjs/samsam,5.3.0,Node,,s/sinonjs__samsam/sinonjs__samsam.sh,https://github.com/sinonjs/samsam
sirbrillig__phpcs-variable-analysis,sirbrillig/phpcs-variable-analysis,2.11.0,PHP,,s/sirbrillig__phpcs-variable-analysis/sirbrillig__phpcs-variable-analysis.sh,https://github.com/sirbrillig/phpcs-variable-analysis
sirupsen__logrus,sirupsen/logrus,1.3.0,Go,,s/sirupsen__logrus/sirupsen__logrus.sh,https://github.com/sirupsen/logrus
sirupsen__logrus,sirupsen/logrus,1.3.0,Go,,s/sirupsen__logrus/sirupsen__logrus_rhel_8.3.sh,https://github.com/sirupsen/logrus
sirupsen__logrus,logrus,v1.8.1,Go,,s/sirupsen__logrus/sirupsen_logrus.sh,https://github.com/sirupsen/logrus.git
sisteransi,sisteransi,1.0.5,Node,,s/sisteransi/sisteransi.sh,https://github.com/terkelg/sisteransi
sisu-guice,sisu-guice,sisu-guice-4.2.0,Java,,s/sisu-guice/sisu-guice.sh,https://github.com/sonatype/sisu-guice.git
six,six,1.16.0,Python,,s/six/six.sh,https://github.com/benjaminp/six
sizeof,sizeof,v0.4.3,Java,,s/sizeof/sizeof.sh,https://github.com/ehcache/sizeof
sizeof-agent,sizeofag,sizeofag-1.0.4,Java,,s/sizeof-agent/sizeof-agent.sh,https://github.com/fracpete/sizeofag.git
sizzle,sizzle,2.0.0,Node,,s/sizzle/sizzle.sh,https://github.com/jquery/sizzle.git
sketches-go,sketches-go,v1.2.1,Go,,s/sketches-go/sketches-go.sh,github.com/DataDog/sketches-go
skl2onnx,skl2onnx,v1.18,Python,,s/skl2onnx/skl2onnx.sh,https://github.com/onnx/sklearn-onnx.git
sklearn-pandas,sklearn-pandas,v2.2.0,Python,,s/sklearn-pandas/sklearn-pandas.sh,https://github.com/scikit-learn-contrib/sklearn-pandas.git
slash,slash,3.0.0,Node,,s/slash/slash.sh,https://github.com/sindresorhus/slash
slf4j,qos-ch/slf4j,${1:v_1.7.26,Java,,s/slf4j/SLF4J.sh,https://github.com/qos-ch/slf4j.git
slf4j,qos-ch/slf4j,${1:v_1.7.26},Java,,s/slf4j/SLF4J_ubi_8.5.sh,https://github.com/qos-ch/slf4j.git
slf4j,slf4j,v_2.0.16,Java,,s/slf4j/slf4j.sh,https://github.com/qos-ch/slf4j
slf4j-api,slf4j,2.0.16,Java,,s/slf4j-api/slf4j-api_v_2.0.16.sh,https://github.com/qos-ch/${PACKAGE_NAME}.git
slf4j-api,PACKAGE_NAME,v1.0.0,Java,,s/slf4j-api/slf4j_api.sh,https://github.com/org/repo
slf4j-api,slf4j-api,1.7.26,Java,,s/slf4j-api/slf4j_api_rhel_7.6.sh,https://github.com/qos-ch/slf4j
slf4j-jdk14,slf4j-jdk14,1.7.30,Java,,s/slf4j-jdk14/slf4j_jdk14.sh,https://github.com/qos-ch/slf4j
slf4j-log4j12,slf4j-log4j12,"1.7.30, 2.0.0-alpha1",Java,,s/slf4j-log4j12/slf4j_log4j12.sh,https://github.com/qos-ch/slf4j
slim-sprig,github.com/go-task/slim-sprig,v0.0.0-20210107165309-348f09dbbbc0,Go,,s/slim-sprig/slim-sprig.sh,https://github.com/go-task/slim-sprig.git
slugify,slugify,1.4.0,Node,,s/slugify/slugify.sh,https://github.com/simov/slugify
smart,github.com/dswarbrick/smart,v0.0.0-20190505152634-909a45200d6d,Go,,s/smart/smart.sh,https://github.com/dswarbrick/smart
smart-buffer,smart-buffer,4.1.0,Node,,s/smart-buffer/smart-buffer.sh,https://github.com/JoshGlazebrook/smart-buffer
smash-the-state,smash-the-state,v1.3.0,Ruby,,s/smash-the-state/smash-the-state.sh,https://github.com/IBM-Cloud/smash-the-state.git
smhasher,smhasher,Not available.,Java,,s/smhasher/smhasher.sh,https://github.com/aappleby/smhasher
smtp-connection,smtp-connection,2.12.0,Node,,s/smtp-connection/smtp-connection.sh,https://github.com/andris9/smtp-connection
snakebite,conda.recipe,v1.0.0,Python,,s/snakebite/build.sh,https://github.com/org/repo
snakebite,snakebite,2.11.0,Python,,s/snakebite/snakebite.sh,https://github.com/spotify/snakebite
snakeyaml,snakeyaml,master,Java,,s/snakeyaml/snakeyaml.sh,https://github.com/snakeyaml/snakeyaml
snakeyaml,snakeyaml,1.26,Java,,s/snakeyaml/snakeyaml_rhel_7.6.sh,https://bitbucket.org/asomov/snakeyaml
snakeyaml,snakeyaml,master,Java,,s/snakeyaml/snakeyaml_ubi_8_5.sh,https://github.com/snakeyaml/snakeyaml
snapdragon,snapdragon,0.8.2,Node,,s/snapdragon/snapdragon.sh,https://github.com/here-be/snapdragon
snapdragon-node,snapdragon-node,2.1.1,Node,,s/snapdragon-node/snapdragon-node.sh,https://github.com/here-be/snapdragon-node
snapdragon-util,snapdragon-util,3.0.1,Node,,s/snapdragon-util/snapdragon-util.sh,https://github.com/here-be/snapdragon-util
snappy,snappy,1.2.2,Python,,s/snappy/snappy.sh,https://github.com/google/snappy
snappy-java,snappy-java,master,Java,,s/snappy-java/build.sh,https://github.com/xerial/snappy-java
snappy-java,snappy-java,v1.1.9.1,Java,,s/snappy-java/snappy-java.sh,https://github.com/xerial/snappy-java.git
snappy-java,snappy-java,1.1.7.3,Java,,s/snappy-java/snappy-java_ubi_8.3.sh,https://github.com/xerial/snappy-java.git
snowdrop,snowdrop,v0.15.0,Go,,s/snowdrop/snowdrop.sh,https://github.com/snowdrop/snowdrop-cloud-devex/releases
snowflake-jdbc,snowflake-jdbc,v3.18.0,Java,,s/snowflake-jdbc/snowflake-jdbc.sh,https://github.com/snowflakedb/snowflake-jdbc
snowflake-jdbc,snowflake-jdbc,"3.12.0, 3.12.3",Java,,s/snowflake-jdbc/snowflake-jdbc_rhel_7.6.sh,https://github.com/snowflakedb/snowflake-jdbc
soap-builder,soap-builder,93e5a7956ed68b6125ab756e9c6cddea266a9dc6,Java,,s/soap-builder/soap-builder.sh,https://github.com/reficio/soap-ws
soap-common,soap-ws/soap-common,1.0.0-SNAPSHOT,Java,,s/soap-common/soap-common.sh,https://github.com/reficio/soap-ws
soap-legacy,soap-legacy,master,Java,,s/soap-legacy/soap-legacy.sh,https://github.com/reficio/soap-ws
socket.io-parser,socket.io-parser,3.3.0,Node,,s/socket.io-parser/socket.io-parser.sh,https://github.com/socketio/socket.io-parser.git
socket.io-redis-adapter,socket.io-redis-adapter,6.1.1,Node,Node:14,s/socket.io-redis-adapter/socket.io-redis-adapter.sh,https://github.com/socketio/socket.io-redis-adapter
socketry-async,async,v2.16.1,Ruby,,s/socketry-async/socketry-async.sh,https://github.com/socketry/async.git
sockjs-client,sockjs-client,1.4.0,Node,,s/sockjs-client/sockjs-client.sh,https://github.com/sockjs/sockjs-client
sockjs-tornado,sockjs-tornado,master,Python,,s/sockjs-tornado/sockjs-tornado.sh,https://github.com/mrjoes/sockjs-tornado.git
socks,socks,2.3.3,Node,,s/socks/socks.sh,https://github.com/JoshGlazebrook/socks
sodium-plus,sodium-plus,master,Node,Node:20,s/sodium-plus/sodium-plus.sh,https://github.com/paragonie/sodium-plus
softlayer-python,softlayer-python,v6.2.6,Python,,s/softlayer-python/softlayer-python.sh,https://github.com/softlayer/softlayer-python
somever,somever,v2.1.1,Node,,s/somever/somever.sh,https://github.com/hapijs/somever.git
sonic-boom,sonic-boom,1.3.0,Node,,s/sonic-boom/sonic-boom.sh,https://github.com/pinojs/sonic-boom
sort-keys-length,sort-keys-length,1.0.1,Node,,s/sort-keys-length/sort-keys-length.sh,https://github.com/kevva/sort-keys-length
sort-package-json,sort-package-json,v2.8.0,Node,Node:16,s/sort-package-json/sort-package-json.sh,https://github.com/keithamus/sort-package-json
sort-package-json,sort-package-json,1.7.0,Node,,s/sort-package-json/sort-package-json_ubuntu_18.04.sh,https://github.com/keithamus/sort-package-json.git
sorted-object,sorted-object,2.0.1,Node,,s/sorted-object/sorted-object.sh,https://github.com/domenic/sorted-object
sorted-union-stream,sorted-union-stream,2.1.3,Node,,s/sorted-union-stream/sorted-union-stream.sh,https://github.com/mafintosh/sorted-union-stream
source-list-map,source-list-map,2.0.1,Node,,s/source-list-map/source-list-map.sh,https://github.com/webpack/source-list-map
source-map,source-map,${1:-,Node,,s/source-map/source-map.sh,https://github.com/mozilla/source-map
source-map,source-map,0.5.6,Node,,s/source-map/source-map_rhel_8.3.sh,https://github.com/mozilla/source-map
source-map-node,source-map,v0.3.6,Node,Node:16,s/source-map-node/source-map-node.sh,https://github.com/jridgewell/source-map
source-map-resolve,source-map-resolve,0.5.1,Node,,s/source-map-resolve/source-map-resolve.sh,https://github.com/lydell/source-map-resolve
source-map-url,source-map-url,0.4.1,Node,,s/source-map-url/source-map-url.sh,https://github.com/lydell/source-map-url
sourcemap-codec,sourcemap-codec,v1.4.15,Node,Node:18,s/sourcemap-codec/sourcemap-codec.sh,https://github.com/jridgewell/sourcemap-codec
spark-resource-staging-server,spark-resource-staging-server,2.2-kubernetes,Java,,s/spark-resource-staging-server/spark-resource-staging-server.sh,https://github.com/apache-spark-on-k8s/spark
sparkline,sparkline,0.1.1,Node,,s/sparkline/sparkline.sh,https://github.com/shiwano/sparkline
sparklyr,sparklyr,1.8.6,R,,s/sparklyr/sparklyr.sh,https://github.com/cran/sparklyr
sparkmagic,sparkmagic,0.20.0,Python,,s/sparkmagic/sparkmagic.sh,https://github.com/jupyter-incubator/sparkmagic.git
sparqlwrapper,sparqlwrapper,2.0.0,Python,,s/sparqlwrapper/sparqlwrapper.sh,https://github.com/RDFLib/sparqlwrapper
sparqlwrapper,sparqlwrapper,master @ d88b542,Python,Python:3.6,s/sparqlwrapper/sparqlwrapper_rhel_7.6.sh,https://github.com/RDFLib/sparqlwrapper.git
spatial4j,spatial4j,v0.8,Java,,s/spatial4j/spatial4j.sh,https://github.com/locationtech/spatial4j.git
spatial4j,spatial4j,0.7,Java,,s/spatial4j/spatial4j_rhel_7.6.sh,https://github.com/locationtech/spatial4j
spawn-wrap,spawn-wrap,2.0.0,Node,,s/spawn-wrap/spawn-wrap.sh,https://github.com/istanbuljs/spawn-wrap
spdx-correct,spdx-correct,1.0.2,Node,,s/spdx-correct/spdx-correct.sh,https://github.com/jslicense/spdx-correct.js
spdx-exceptions.json,spdx-exceptions.json,v2.3.0,Node,,s/spdx-exceptions.json/spdx-exceptions.json.sh,https://github.com/jslicense/spdx-exceptions.json.git
spdx-license-ids,spdx-license-ids,3.0.7,Node,,s/spdx-license-ids/spdx-license-ids.sh,https://github.com/jslicense/spdx-license-ids
spdx-license-list,spdx-license-list,v6.4.0,Node,,s/spdx-license-list/spdx-license-list.sh,https://github.com/sindresorhus/spdx-license-list
spdx-licenses,spdx-licenses,1.5.5,PHP,,s/spdx-licenses/spdx-licenses.sh,https://github.com/composer/spdx-licenses
spdystream,spdystream,v0.0.0-20181023171402-6480d4af844c,Go,,s/spdystream/spdystream-ubi8.4.sh,https://github.com/moby/spdystream.git
spf13__cobra,spf13/cobra,95f2f73ed97e57387762620175ccdc277a8597a0,Go,,s/spf13__cobra/spf13__cobra.sh,https://github.com/spf13/cobra
spf13__pflag,spf13/pflag,2e9d26c8c37aae03e3f9d4e90b7116f5accb7cab,Go,,s/spf13__pflag/spf13__pflag.sh,https://github.com/spf13/pflag
sphinx,sphinx,v8.2.3,Python,,s/sphinx/sphinx.sh,https://github.com/sphinx-doc/sphinx
sphinx,sphinx,v4.5.0,Python,,s/sphinx/sphinx_ubi_8.5.sh,https://github.com/sphinx-doc/sphinx
sphinx-autodoc-typehints,sphinx-autodoc-typehints,${1:-,Python,,s/sphinx-autodoc-typehints/sphinx-autodoc-typehints.sh,https://github.com/tox-dev/sphinx-autodoc-typehints
sphinx-autodoc-typehints,sphinx-autodoc-typehints,1.12.0,Python,,s/sphinx-autodoc-typehints/sphinx-autodoc-typehints_ubi_8.5.sh,https://github.com/tox-dev/sphinx-autodoc-typehints
sphinx-gallery,sphinx-gallery,0.9.0,Python,,s/sphinx-gallery/sphinx-gallery.sh,https://github.com/sphinx-gallery/sphinx-gallery
sphinx-issues,sphinx-issues,5.0.1,Python,,s/sphinx-issues/sphinx-issues.sh,https://github.com/sloria/sphinx-issues
sphinx-issues,sphinx-issues,1.2.0,Python,,s/sphinx-issues/sphinx-issues_rhel_8.3.sh,https://github.com/sloria/sphinx-issues
sphinx-prompt,sphinx-prompt,1.9.0,Python,,s/sphinx-prompt/sphinx-prompt.sh,https://github.com/sbrunner/sphinx-prompt.git
sphinx-prompt,sphinx-prompt,1.4.0,Python,,s/sphinx-prompt/sphinx-prompt_rhel_8.3.sh,https://github.com/sbrunner/sphinx-prompt
sphinx4,sphinx4,n/a,Java,,s/sphinx4/sphinx4.sh,https://github.com/cmusphinx/sphinx4
sphinx4,sphinx4,n/a,Java,,s/sphinx4/sphinx4_ubuntu_16.04.sh,https://github.com/cmusphinx/sphinx4
sphinx_rtd_theme,sphinx_rtd_theme,3.0.2,Python,,s/sphinx_rtd_theme/sphinx_rtd_theme.sh,https://github.com/readthedocs/sphinx_rtd_theme.git
sphinx_rtd_theme,sphinx_rtd_theme,0.5.1,Python,,s/sphinx_rtd_theme/sphinx_rtd_theme_ubi_8.5.sh,https://github.com/readthedocs/sphinx_rtd_theme.git
sphinxcontrib-log-cabinet,sphinxcontrib-log-cabinet,1.0.1,Python,,s/sphinxcontrib-log-cabinet/sphinxcontrib-log-cabinet.sh,https://github.com/davidism/sphinxcontrib-log-cabinet
sphinxcontrib-programoutput,sphinxcontrib-programoutput,0.18,Python,,s/sphinxcontrib-programoutput/sphinxcontrib-programoutput.sh,https://github.com/NextThought/sphinxcontrib-programoutput.git
sphinxcontrib-programoutput,sphinxcontrib-programoutput,0.17,Python,,s/sphinxcontrib-programoutput/sphinxcontrib-programoutput_ubi_8.4.sh,https://github.com/NextThought/sphinxcontrib-programoutput.git
spin-js,spin-js,4.0.0,Node,,s/spin-js/spin-js.sh,https://github.com/fgnass/spin.js.git
split,split,0.3.3,Node,,s/split/split.sh,https://github.com/dominictarr/split
split-ca,split-ca,1.0.1,Node,,s/split-ca/split-ca.sh,https://github.com/bushong1/split-ca
split-on-first,split-on-first,1.1.0,Node,,s/split-on-first/split-on-first.sh,https://github.com/sindresorhus/split-on-first
split-string,split-string,3.1.0,Node,,s/split-string/split-string.sh,https://github.com/jonschlinkert/split-string
split2,split2,3.1.1,Node,,s/split2/split2.sh,https://github.com/mcollina/split2
spotbugs-annotations,spotbugs-annotations,4.0.2,Java,,s/spotbugs-annotations/spotbugs-annotations.sh,https://github.com/spotbugs/spotbugs
sprig,sprig,"v3.1.0,v3.2.2",Go,,s/sprig/sprig.sh,https://github.com/masterminds/sprig
spring-boot,spring-boot,2.2.0.BUILD-SNAPSHOT,Python,,s/spring-boot/spring-boot.sh,https://github.com/google/conscrypt
spring-boot,spring-boot,v4.0.0,Java,,s/spring-boot/springboot.sh,https://github.com/spring-projects/spring-boot
spring-boot,spring-boot,v2.5.0,Java,,s/spring-boot/springboot_ubi.sh,https://github.com/spring-projects/spring-boot
spring-boot,spring-boot,v3.0.2,Java,,s/spring-boot/springboot_ubi_8.5.sh,https://github.com/spring-projects/spring-boot
spring-boot-actuator,spring-boot-actuator,2.0.4.RELEASE,Java,,s/spring-boot-actuator/spring-boot-actuator.sh,http://central.maven.org/maven2/org/springframework/boot/spring-boot-actuator/2.0.4.RELEASE/spring-boot-actuator-2.0.4.RELEASE-sources.jar
spring-boot-configuration-processor,spring-boot-configuration-processor,2.0.4.RELEASE,Java,,s/spring-boot-configuration-processor/spring-boot-configuration-processor.sh,http://central.maven.org/maven2/org/springframework/boot/spring-boot-configuration-processor/2.0.4.RELEASE/spring-boot-configuration-processor-2.0.4.RELEASE-sources.jar
spring-boot-starter,PACKAGE_NAME,v1.0.0,Java,,s/spring-boot-starter/spring-boot-generic.sh,https://github.com/org/repo
spring-boot-starter,spring-boot-starter,2.5.0,Java,,s/spring-boot-starter/spring-boot-generic_ubuntu_20.04.sh,https://github.com/spring-projects/spring-boot
spring-boot-starter,spring-boot-starter,"2.1.12, 2.2.6",Java,,s/spring-boot-starter/spring-boot-starter.sh,https://github.com/spring-projects/spring-boot
spring-boot-starter-actuator,spring-boot-starter-actuator,2.0.4.RELEASE,Java,,s/spring-boot-starter-actuator/spring-boot-starter-actuator.sh,http://central.maven.org/maven2/org/springframework/boot/spring-boot-starter-actuator/2.0.4.RELEASE/spring-boot-starter-actuator-2.0.4.RELEASE.jar
spring-boot-starter-hateoas,spring-boot-starter-hateoas,2.0.4.RELEASE,Java,,s/spring-boot-starter-hateoas/spring-boot-starter-hateoas.sh,http://central.maven.org/maven2/org/springframework/boot/spring-boot-starter-hateoas/2.0.4.RELEASE/spring-boot-starter-hateoas-2.0.4.RELEASE.jar
spring-boot-starter-undertow,spring-boot-starter-undertow,2.0.4.RELEASE,Java,,s/spring-boot-starter-undertow/spring-boot-starter-undertow.sh,http://central.maven.org/maven2/org/springframework/boot/spring-boot-starter-undertow/2.0.4.RELEASE/spring-boot-starter-undertow-2.0.4.RELEASE.jar
spring-data-commons,spring-data-commons,3.3.2,Java,,s/spring-data-commons/spring-data-commons.sh,https://github.com/spring-projects/spring-data-commons
spring-data-commons,spring-data-commons,2.6.0-M2,Java,,s/spring-data-commons/spring-data-commons_rhel8.sh,https://github.com/spring-projects/spring-data-commons.git
spring-data-jpa,spring-data-jpa,3.3.2,Java,,s/spring-data-jpa/spring-data-jpa.sh,https://github.com/spring-projects/spring-data-jpa
spring-data-jpa,PACKAGE_NAME,v1.0.0,Java,,s/spring-data-jpa/spring_data_jpa.sh,https://github.com/org/repo
spring-data-jpa,spring-data-jpa,"2.1.12, 2.3.0",Java,,s/spring-data-jpa/spring_data_jpa_rhel_7.6.sh,https://github.com/spring-projects/spring-data-jpa
spring-data-redis,spring-data-redis,3.2.4,Java,,s/spring-data-redis/spring-data-redis.sh,https://github.com/spring-projects/spring-data-redis.git
spring-framework,spring-framework,v6.0.19,Java,,s/spring-framework/spring-framework.sh,https://github.com/spring-projects/spring-framework.git
spring-framework,PACKAGE_NAME,v1.0.0,Java,,s/spring-framework/spring.sh,https://github.com/org/repo
spring-framework,spring-framework,v5.3.13,Java,,s/spring-framework/spring_ubi_8.3.sh,https://github.com/spring-projects/spring-framework.git
spring-hateoas,spring-hateoas,2.3.0,Java,,s/spring-hateoas/spring-hateoas.sh,https://github.com/spring-projects/spring-hateoas.git
spring-jcl,spring-jcl,"5.1.8, 5.2.5",Java,,s/spring-jcl/spring-jcl.sh,https://github.com/spring-projects/spring-framework
spring-plugin,spring-plugin,3.0.0,Java,,s/spring-plugin/spring-plugin.sh,https://github.com/spring-projects/spring-plugin.git
spring-plugin-core,spring-plugin-core,"1.2.0, 2.0.0",Java,,s/spring-plugin-core/spring-plugin-core.sh,https://github.com/spring-projects/spring-plugin
spring-plugin-metadata,spring-plugin-metadata,"1.2.0, 2.0.0",Java,,s/spring-plugin-metadata/spring-plugin-metadata.sh,https://github.com/spring-projects/spring-plugin
spring-retry,PACKAGE_NAME,v1.0.0,Java,,s/spring-retry/spring-retry.sh,https://github.com/org/repo
spring-retry,spring-retry,1.2.1.RELEASE,Java,,s/spring-retry/spring-retry_rhel_7.3.sh,https://github.com/spring-projects/spring-retry
spring-retry,spring-retry,1.2.1.RELEASE,Java,,s/spring-retry/spring-retry_ubuntu_16.04.sh,https://github.com/spring-projects/spring-retry
spring-retry,spring-retry,v1.3.4,Java,,s/spring-retry/spring_retry.sh,https://github.com/spring-projects/spring-retry.git
spring-retry,spring-retry,v2.0.5,Java,,s/spring-retry/spring_retry_ubi_8.7.sh,https://github.com/spring-projects/spring-retry.git
spring-retry,spring-retry,v1.3.4,Java,,s/spring-retry/spring_retry_ubi_9.3.sh,https://github.com/spring-projects/spring-retry.git
spring-retry,spring-retry,v2.0.10,Java,,s/spring-retry/spring_retry_v2_0_10.sh,https://github.com/spring-projects/spring-retry.git
spring-security,spring-security,6.3.1,Java,,s/spring-security/spring-security.sh,https://github.com/spring-projects/spring-security.git
spring-security,spring-security,5.1.3.RELEASE,Java,,s/spring-security/spring-security_ubi_8.3.sh,https://github.com/spring-projects/spring-security.git
springdao,springdao,v5.3.10,Java,,s/springdao/springdao.sh,https://github.com/spring-projects/spring-framework.git
springdoc-openapi,springdoc-openapi,v2.6.0,Java,,s/springdoc-openapi/springdoc-openapi.sh,https://github.com/springdoc/springdoc-openapi
springdoc-openapi-common,springdoc-openapi-common,v1.5.10,Java,,s/springdoc-openapi-common/springdoc-openapi-common.sh,https://github.com/springdoc/springdoc-openapi.git
springdoc-openapi-ui,springdoc-openapi-ui,v1.5.10,Java,,s/springdoc-openapi-ui/springdoc-openapi-ui.sh,https://github.com/springdoc/springdoc-openapi.git
springdoc-openapi-webmvc,springdoc-openapi-webmvc,v1.5.10,Java,,s/springdoc-openapi-webmvc/springdoc-openapi-webmvc-core.sh,https://github.com/springdoc/springdoc-openapi.git
sprintf-js,sprintf-js,1.0.3,Node,,s/sprintf-js/sprintf-js.sh,https://github.com/alexei/sprintf.js
sprintf-kit,sprintf-kit,2.0.0,Node,,s/sprintf-kit/sprintf-kit.sh,https://github.com/medikoo/sprintf-kit
sqlalchemy,SQLAlchemy,${1:-,Python,,s/sqlalchemy/sqlalchemy.sh,https://github.com/sqlalchemy/sqlalchemy.git
sqlstring,sqlstring,2.3.2,Node,,s/sqlstring/sqlstring.sh,https://github.com/mysqljs/sqlstring
squizlabs__php_codesniffer,squizlabs/php_codesniffer,3.5,PHP,,s/squizlabs__php_codesniffer/squizlabs__php_codesniffer.sh,https://github.com/squizlabs/PHP_CodeSniffer
ssri,ssri,7.1.0,Node,,s/ssri/ssri.sh,https://github.com/npm/ssri
stable,stable,0.1.8,Node,,s/stable/stable.sh,https://github.com/Two-Screen/stable
stack,github.com/go-stack/stack,v1.8.0,Go,,s/stack/stack_v1.8.0.sh,https://github.com/go-stack/stack.git
stack-generator,stack-generator,v2.0.10,Node,Node:16,s/stack-generator/stack-generator.sh,https://github.com/stacktracejs/stack-generator
stack-utils,stack-utils,${1:-,Node,Node:v12.22.4,s/stack-utils/stack-utils.sh,https://github.com/tapjs/stack-utils
stack__builder,stack/builder,1.0.6,PHP,,s/stack__builder/stack__builder.sh,https://github.com/stackphp/builder
stackframe,stackframe,v1.3.4,Node,Node:16,s/stackframe/stackframe.sh,https://github.com/stacktracejs/stackframe
stacktrace-gps,stacktrace-gps,v3.1.2,Node,Node:16,s/stacktrace-gps/stacktrace-gps.sh,https://github.com/stacktracejs/stacktrace-gps
stacktracejs_error-stack-parser,error-stack-parser,${1:-,Node,,s/stacktracejs_error-stack-parser/stacktracejs_error-stack-parser.sh,https://github.com/stacktracejs/error-stack-parser.git
stan.go,github.com/nats-io/stan.go,v0.7.0,Go,,s/stan.go/stan.go.sh,https://github.com/nats-io/stan.go
starlark-go,starlark-go,d1966c6,Go,,s/starlark-go/starlark-go.sh,https://github.com/google/starlark-go
state,state,6.4.1,Node,Node:16,s/state/state.sh,https://github.com/codemirror/state
state-toggle,state-toggle,1.0.3,Node,,s/state-toggle/state-toggle.sh,https://github.com/wooorm/state-toggle
statehood,statehood,v6.1.2,Node,,s/statehood/statehood.sh,https://github.com/hapijs/statehood.git
static-eval,static-eval,2.0.2,Node,,s/static-eval/static-eval.sh,https://github.com/browserify/static-eval
static-extend,static-extend,0.1.2,Node,,s/static-extend/static-extend.sh,https://github.com/jonschlinkert/static-extend
statistics,statistics,v2.1.3,Java,,s/statistics/statistics.sh,https://github.com/Terracotta-OSS/statistics
stats,github.com/montanaflynn/stats,v0.6.6,Go,,s/stats/stats.sh,https://github.com/montanaflynn/stats
statsmodels,statsmodels,v0.13.5,Python,,s/statsmodels/statsmodels.sh,https://github.com/statsmodels/statsmodels.git
statsmodels,statsmodels,v0.14.0,Python,,s/statsmodels/statsmodels_0.14.0.sh,https://github.com/statsmodels/statsmodels.git
statsmodels,statsmodels,v0.14.4,Python,,s/statsmodels/statsmodels_0.14.4.sh,https://github.com/statsmodels/statsmodels.git
statsmodels,statsmodels,v0.13.5,Python,,s/statsmodels/statsmodels_ubi_9.3.sh,https://github.com/statsmodels/statsmodels.git
statuses,statuses,1.5.0,Node,,s/statuses/statuses.sh,https://github.com/jshttp/statuses
stax-api,stax-api,aalto-xml-1.0.0,Java,,s/stax-api/stax-api.sh,https://github.com/FasterXML/aalto-xml.git
stax-ex,stax-ex,1.8,Java,,s/stax-ex/stax-ex.sh,https://github.com/javaee/metro-stax-ex
stax2-api,stax2-api,stax2-api-4.2.2,Java,,s/stax2-api/stax2-api.sh,https://github.com/FasterXML/stax2-api.git
stdout-stream,stdout-stream,v1.4.1,Node,,s/stdout-stream/stdout-stream.sh,https://github.com/mafintosh/stdout-stream.git
stealthy-require,stealthy-require,ae19570,Node,,s/stealthy-require/stealthy-require.sh,https://github.com/analog-nico/stealthy-require.git
stecman_symfony-console-completion,symfony-console-completion,0.11.0,PHP,,s/stecman_symfony-console-completion/stecman_symfony-console-completion_0.11.0.sh,https://github.com/stecman/symfony-console-completion
steed,steed,1.1.3,Node,,s/steed/steed.sh,https://github.com/mcollina/steed
storm,storm,v2.2.1,Go,,s/storm/storm.sh,https://github.com/asdine/storm.git
storybook-readme,storybook-readme,storybook-readme@5.0.5,Node,,s/storybook-readme/storybook-readme.sh,https://github.com/tuchk4/storybook-readme.git
streadway_handy,handy,0f66f006fb2e,Go,,s/streadway_handy/handy.sh,https://github.com/streadway/handy.git
streadway_handy,github.com/streadway/handy,v0.0.0-20190108123426-d5acb3125c2a,Go,,s/streadway_handy/streadway_handy.sh,https://github.com/streadway/handy
streadway_handy,github.com/streadway/handy,v0.0.0-20190108123426-d5acb3125c2a,Go,,s/streadway_handy/streadway_handy_ubi8.5.sh,https://github.com/streadway/handy
stream-browserify,stream-browserify,2.0.2,Node,,s/stream-browserify/stream-browserify.sh,https://github.com/browserify/stream-browserify
stream-combiner,stream-combiner,0.0.4,Node,,s/stream-combiner/stream-combiner.sh,https://github.com/dominictarr/stream-combiner
stream-combiner2,stream-combiner2,1.1.1,Node,,s/stream-combiner2/stream-combiner2.sh,https://github.com/substack/stream-combiner2
stream-each,stream-each,1.2.3,Node,,s/stream-each/stream-each.sh,https://github.com/mafintosh/stream-each
stream-http,stream-http,v2.8.3,Node,,s/stream-http/stream_http.sh,https://github.com/jhiesey/stream-http.git
stream-iterate,stream-iterate,1.2.0,Node,,s/stream-iterate/stream-iterate.sh,https://github.com/mafintosh/stream-iterate
stream-lib,stream-lib,2.9.6,Java,,s/stream-lib/stream-lib.sh,https://github.com/addthis/stream-lib
stream-lib,stream-lib,2.9.6,Java,,s/stream-lib/stream-lib_ubuntu_16.04.sh,https://github.com/addthis/stream-lib
stream-serializer,stream-serializer,1.1.2,Node,,s/stream-serializer/stream-serializer.sh,https://github.com/dominictarr/stream-serializer
stream-shift,stream-shift,1.0.0,Node,,s/stream-shift/stream-shift.sh,https://github.com/mafintosh/stream-shift
stretchr__objx,stretchr/objx,0.1.1,Go,,s/stretchr__objx/stretchr__objx.sh,https://github.com/stretchr/objx
stretchr__testify,stretchr/testify,e3a8ff8ce36581f87a15341206f205b1da467059,Go,,s/stretchr__testify/stretchr__testify.sh,https://github.com/stretchr/testify
strfmt,github.com/go-openapi/strfmt,v0.19.3,Go,,s/strfmt/github.com__go-openapi__strfmt.sh,https://github.com/go-openapi/strfmt
strfmt,github.com/go-openapi/strfmt,v0.19.3,Go,,s/strfmt/github.com__go-openapi__strfmt_rhel_8.3.sh,https://github.com/go-openapi/strfmt
strfmt,go-openapi/strfmt,d65c7fdb29eca313476e529628176fe17e58c488,Go,,s/strfmt/go-openapi__strfmt.sh,https://github.com/go-openapi/strfmt
strfmt,go-openapi/strfmt,d65c7fdb29eca313476e529628176fe17e58c488,Go,,s/strfmt/go-openapi__strfmt_rhel_8.3.sh,https://github.com/go-openapi/strfmt
strfmt,strfmt,d65c7fdb29eca313476e529628176fe17e58c488,Go,,s/strfmt/go-openapi_strfmt.sh,https://github.com/go-openapi/strfmt
strfmt,strfmt,d65c7fdb29eca313476e529628176fe17e58c488,Go,,s/strfmt/go-openapi_strfmt_ubi_8.5.sh,https://github.com/go-openapi/strfmt
strfmt,strfmt,v0.21.9,Go,Go:1.20.1,s/strfmt/strfmt.sh,https://github.com/go-openapi/strfmt
strftime,strftime,v0.10.2,Node,Node:16,s/strftime/strftime.sh,https://github.com/samsonjs/strftime/
strftime,strftime,0.10.0,Node,,s/strftime/strftime_rhel_7.3.sh,https://github.com/samsonjs/strftime
strftime,strftime,0.10.0,Node,,s/strftime/strftime_ubuntu_16.04.sh,https://github.com/samsonjs/strftime
strict-rfc3339,strict-rfc3339,version-0.7,Python,,s/strict-rfc3339/strict-rfc3339_0.7.sh,https://github.com/danielrichman/strict-rfc3339.git
strict-uri-encode,strict-uri-encode,1.1.0,Node,,s/strict-uri-encode/strict-uri-encode.sh,https://github.com/kevva/strict-uri-encode
strictyaml,strictyaml,"1.1.0 ,1.2.0 ,1.3.1 & 1.4.4",Python,,s/strictyaml/strictyaml.sh,https://github.com/crdoconnor/strictyaml
strimzi-kafka-oauth,redhat_ubi8,master (default),Java,,s/strimzi-kafka-oauth/build.sh,https://github.com/strimzi/strimzi-kafka-oauth
string-length,string-length,3.1.0,Node,,s/string-length/string-length.sh,https://github.com/sindresorhus/string-length
string-similarity,string-similarity,4.0.1,Node,,s/string-similarity/string-similarity.sh,https://github.com/aceakash/string-similarity
string-template,string-template,0.2.1,Node,,s/string-template/string-template.sh,https://github.com/Matt-Esch/string-template
string-width,string-width,4.2.2,Node,,s/string-width/string-width.sh,https://github.com/sindresorhus/string-width
string.fromcodepoint,string.fromcodepoint,0.2.1,Node,,s/string.fromcodepoint/string.fromcodepoint.sh,https://github.com/mathiasbynens/String.fromCodePoint
string.prototype.matchall,string.prototype.matchall,4.0.4,Node,,s/string.prototype.matchall/string.prototype.matchall.sh,https://github.com/es-shims/String.prototype.matchAll
string.prototype.repeat,string.prototype.repeat,0.2.0,Node,,s/string.prototype.repeat/string.prototype.repeat.sh,https://github.com/mathiasbynens/String.prototype.repeat
string.prototype.trim,string.prototype.trim,1.2.4,Node,,s/string.prototype.trim/string.prototype.trim.sh,https://github.com/es-shims/String.prototype.trim
string.prototype.trimend,string.prototype.trimend,1.0.4,Node,,s/string.prototype.trimend/string.prototype.trimend.sh,https://github.com/es-shims/String.prototype.trimEnd
string.prototype.trimleft,string.prototype.trimleft,2.1.0,Node,,s/string.prototype.trimleft/string.prototype.trimleft.sh,https://github.com/es-shims/String.prototype.trimLeft
string.prototype.trimright,string.prototype.trimright,2.1.0,Node,,s/string.prototype.trimright/string.prototype.trimright.sh,https://github.com/es-shims/String.prototype.trimRight
string.prototype.trimstart,string.prototype.trimstart,1.0.4,Node,,s/string.prototype.trimstart/string.prototype.trimstart.sh,https://github.com/es-shims/String.prototype.trimStart
string_decoder,string_decoder,v1.1.1,Node,,s/string_decoder/string_decoder.sh,https://github.com/nodejs/string_decoder.git
stringi,stringi,1.8.4,R,,s/stringi/stringi.sh,https://github.com/cran/stringi.git
stringify-package,stringify-package,1.0.1,Node,,s/stringify-package/stringify-package.sh,https://github.com/npm/stringify-package
stringtemplate4,stringtemplate4,4.3.3,Java,,s/stringtemplate4/stringtemplate4.sh,https://github.com/antlr/stringtemplate4.git
stringtemplate4,stringtemplate4,4.3.1,Java,,s/stringtemplate4/stringtemplate4_ubuntu_16.04.sh,https://github.com/antlr/stringtemplate4
strip-ansi,strip-ansi,v7.1.0,Node,,s/strip-ansi/strip-ansi.sh,https://github.com/chalk/strip-ansi.git
strip-ansi,strip-ansi,6.0.0,Node,,s/strip-ansi/strip-ansi_rhel_8.3.sh,https://github.com/chalk/strip-ansi
strip-bom,strip-bom,4.0.0,Node,,s/strip-bom/strip-bom.sh,https://github.com/sindresorhus/strip-bom
strip-bom-stream,strip-bom-stream,2.0.0,Node,,s/strip-bom-stream/strip-bom-stream.sh,https://github.com/sindresorhus/strip-bom-stream
strip-color,strip-color,0.1.0,Node,,s/strip-color/strip-color.sh,https://github.com/jonschlinkert/strip-color
strip-final-newline,strip-final-newline,2.0.0,Node,,s/strip-final-newline/strip-final-newline.sh,https://github.com/sindresorhus/strip-final-newline
strip-json-comments,strip-json-comments,3.1.0,Node,,s/strip-json-comments/strip-json-comments.sh,https://github.com/sindresorhus/strip-json-comments
stripe-php,stripe-php,v7.67.0,PHP,,s/stripe-php/stripe-php.sh,https://github.com/stripe/stripe-php
striptags,striptags,2.2.1,Node,,s/striptags/striptags.sh,https://github.com/ericnorris/striptags
strong-agent-statsd,strong-agent-statsd,1.0.6,Node,,s/strong-agent-statsd/strong-agent-statsd.sh,https://github.com/strongloop/strong-agent-statsd.git
strong-build,strong-build,2.1.2,Node,,s/strong-build/strong-build.sh,https://github.com/strongloop/strong-build.git
strong-caching-http-client,strong-caching-http-client,n/a,Node,,s/strong-caching-http-client/strong-caching-http-client.sh,https://github.com/strongloop/strong-caching-http-client.git
strong-cluster-connect-store,strong-cluster-connect-store,1.0.3,Node,,s/strong-cluster-connect-store/strong-cluster-connect-store.sh,https://github.com/strongloop/strong-cluster-connect-store.git
strong-cluster-control,strong-cluster-control,2.2.3,Node,,s/strong-cluster-control/strong-cluster-control.sh,https://github.com/strongloop/strong-cluster-control.git
strong-cluster-tls-store,strong-cluster-tls-store,1.0.3,Node,,s/strong-cluster-tls-store/strong-cluster-tls-store.sh,https://github.com/strongloop/strong-cluster-tls-store.git
strong-error-handler,strong-error-handler,3.5.0,Node,,s/strong-error-handler/strong-error-handler.sh,https://github.com/strongloop/strong-error-handler
strong-globalize,strong-globalize,6.0.5,Node,,s/strong-globalize/strong-globalize.sh,https://github.com/strongloop/strong-globalize
strong-log-transformer,strong-log-transformer,1.0.6,Node,,s/strong-log-transformer/strong-log-transformer.sh,https://github.com/strongloop/strong-log-transformer.git
strong-nginx-controller,strong-nginx-controller,1.0.2,Node,,s/strong-nginx-controller/strong-nginx-controller.sh,https://github.com/strongloop/strong-nginx-controller.git
strong-npm-ls,strong-npm-ls,1.0.10,Node,,s/strong-npm-ls/strong-npm-ls.sh,https://github.com/strongloop/strong-npm-ls
strong-pubsub,strong-pubsub,0.2.0,Node,,s/strong-pubsub/strong-pubsub.sh,https://github.com/strongloop/strong-pubsub.git
strong-registry,strong-registry,1.1.6,Node,,s/strong-registry/strong-registry.sh,https://github.com/strongloop/strong-registry
strong-service-install,strong-service-install,2.0.3,Node,,s/strong-service-install/strong-service-install.sh,https://github.com/strongloop/strong-service-install
strong-service-systemd,strong-service-systemd,1.2.3,Node,,s/strong-service-systemd/strong-service-systemd.sh,https://github.com/strongloop/strong-service-systemd
strong-service-upstart,strong-service-upstart,1.1.3,Node,,s/strong-service-upstart/strong-service-upstart.sh,https://github.com/strongloop/strong-service-upstart
strong-soap,strong-soap,1.22.1,Node,,s/strong-soap/strong-soap.sh,https://github.com/strongloop/strong-soap
strong-store-cluster,strong-store-cluster,1.0.1,Node,,s/strong-store-cluster/strong-store-cluster.sh,https://github.com/strongloop/strong-store-cluster
strong-url-defaults,strong-url-defaults,1.2.3,Node,,s/strong-url-defaults/strong-url-defaults.sh,https://github.com/strongloop/strong-url-defaults
strongloop,strongloop,6.0.3,Node,,s/strongloop/strongloop.sh,https://github.com/strongloop/strongloop
structured-clone,structured-clone,v1.2.0,Node,Node:16,s/structured-clone/structured-clone.sh,https://github.com/ungap/structured-clone
style-loader,style-loader,0.23.1,Node,,s/style-loader/style-loader.sh,https://github.com/webpack-contrib/style-loader
styled-components,styled-components,v5.3.3,Node,,s/styled-components/styled-components.sh,https://github.com/styled-components/styled-components.git
subtext,subtext,71ff864,Node,,s/subtext/subtext.sh,https://github.com/hapijs/subtext.git
success-symbol,success-symbol,0.1.0,Node,,s/success-symbol/success-symbol.sh,https://github.com/jonschlinkert/success-symbol
sundrio,sundrio,0.21.0,Java,,s/sundrio/sundrio.sh,https://github.com/sundrio/sundrio.git
superagent,superagent,v8.1.2,Node,Node:16,s/superagent/superagent.sh,https://github.com/visionmedia/superagent
superagent,superagent,v3.8.3,Node,,s/superagent/superagent_rhel_8.5.sh,https://github.com/visionmedia/superagent
supercronic,supercronic,v0.1.12,Go,,s/supercronic/supercronic.sh,https://github.com/aptible/supercronic
supports-color,supports-color,v9.4.0,Node,,s/supports-color/supports-color.sh,https://github.com/chalk/supports-color
supports-color,supports-color,v7.1.0,Node,,s/supports-color/supports-color_rhel_7.6.sh,https://github.com/chalk/supports-color.git
suretype,suretype,${1:v3.3.1},Node,Node:22,s/suretype/suretype.sh,https://github.com/grantila/suretype
survival,survival,3.7-0,R,,s/survival/survival.sh,https://github.com/cran/survival
svg-parser,svg-parser,2.0.4,Node,,s/svg-parser/svg-parser.sh,https://github.com/Rich-Harris/svg-parser
svg-sanitizer,svg-sanitizer,0.13.0,PHP,,s/svg-sanitizer/svg-sanitizer.sh,https://github.com/darylldoyle/svg-sanitizer
svg-sanitizer,svg-sanitizer,0.13.0,PHP,,s/svg-sanitizer/svg-sanitizer_ubi_8.5.sh,https://github.com/darylldoyle/svg-sanitizer
svg-sanitizer,svg-sanitizer,0.14.1,PHP,,s/svg-sanitizer/svg-sanitizer_v0.14.1.sh,https://github.com/darylldoyle/svg-sanitizer
svgo,svgo,1.3.2,Node,,s/svgo/svgo.sh,https://github.com/svg/svgo
swagger-annotations,swagger-annotations,v1.5.3,Java,,s/swagger-annotations/swagger-annotations.sh,https://github.com/swagger-api/swagger-core.git
swagger-client,swagger-client,3.10.8,Node,,s/swagger-client/swagger-client.sh,https://github.com/swagger-api/swagger-js
swagger-codegen,swagger-codegen,v3.0.64,Java,,s/swagger-codegen/swagger-codegen_v3.0.64.sh,https://github.com/swagger-api/swagger-codegen
swagger-converter,swagger-converter,0.1.7,Node,,s/swagger-converter/swagger-converter.sh,https://github.com/apigee-127/swagger-converter
swagger-core,swagger-core,v2.2.24,Java,,s/swagger-core/swagger-core.sh,https://github.com/swagger-api/swagger-core
swagger-core,swagger-core,1.5.15,Java,,s/swagger-core/swagger-core_rhel_7.3.sh,https://github.com/swagger-api/swagger-core
swagger-core,swagger-core,v2.2.16,Java,,s/swagger-core/swagger-core_ubi_8.7.sh,https://github.com/swagger-api/swagger-core
swagger-core,swagger-core,v2.2.24,Java,,s/swagger-core/swagger-core_ubi_9.3.sh,https://github.com/swagger-api/swagger-core
swagger-core,swagger-core,1.5.15,Java,,s/swagger-core/swagger-core_ubuntu_16.04.sh,https://github.com/swagger-api/swagger-core
swagger-core,swagger-core,v1.6.2,Java,,s/swagger-core/swagger-core_v1_6_2.sh,https://github.com/swagger-api/swagger-core
swagger-core,swagger-core,v1.6.2,Java,,s/swagger-core/swagger-core_v1_6_2_ubi_9.3.sh,https://github.com/swagger-api/swagger-core
swagger-core,swagger-core,v2.2.25,Java,,s/swagger-core/swagger-core_v_2.2.25.sh,https://github.com/swagger-api/swagger-core.git
swagger-core,PACKAGE_NAME,v1.0.0,Java,,s/swagger-core/swagger_core.sh,https://github.com/org/repo
swagger-core,swagger-core,"1.5.20, 2.1.1",Java,,s/swagger-core/swagger_core_rhel_7.6.sh,https://github.com/swagger-api/swagger-core
swagger-jaxrs,swagger-jaxrs,1.5.20,Java,,s/swagger-jaxrs/swagger-jaxrs.sh,https://github.com/swagger-api/swagger-core
swagger-jersey2-jaxrs,swagger-jersey2-jaxrs,1.5.24,Java,,s/swagger-jersey2-jaxrs/swagger-jersey2-jaxrs.sh,https://github.com/swagger-api/swagger-core
swagger-maven-plugin,swagger-maven-plugin,3.1.0,Java,,s/swagger-maven-plugin/swagger-maven-plugin.sh,https://github.com/kongchen/swagger-maven-plugin
swagger-maven-plugin,swagger-maven-plugin,3.1.0,Java,,s/swagger-maven-plugin/swagger-maven-plugin_ubuntu_16.04.sh,https://github.com/kongchen/swagger-maven-plugin
swagger-models,PACKAGE_NAME,v1.0.0,Java,,s/swagger-models/swagger_models.sh,https://github.com/org/repo
swagger-models,swagger-models,"1.5.20, 2.1.1",Java,,s/swagger-models/swagger_models_rhel_7.6.sh,https://github.com/swagger-api/swagger-core
swagger-models,swagger-core,v1.6.14,Java,,s/swagger-models/swagger_models_v1.6.14.sh,https://github.com/swagger-api/swagger-core.git
swagger-parser,swagger-parser,v2.0.28,Java,,s/swagger-parser/swagger-parser.sh,https://github.com/swagger-api/swagger-parser.git
swagger-parser,swagger-parser,v2.0.28,Java,,s/swagger-parser/swagger-parser_ubi8.4.sh,https://github.com/swagger-api/swagger-parser.git
swagger-parser,swagger-parser,v1.0.71,Java,,s/swagger-parser/swagger-parser_v1.0.71.sh,https://github.com/swagger-api/${PACKAGE_NAME}.git
swagger-parser,swagger-parser,v1.0.71,Java,,s/swagger-parser/swagger-parser_v1.0.71_ubi_9.3.sh,https://github.com/swagger-api/${PACKAGE_NAME}.git
swagger-parser,swagger-parser,v2.1.22,Java,,s/swagger-parser/swagger-parser_v2.1.22.sh,https://github.com/swagger-api/${PACKAGE_NAME}.git
swagger-parser,swagger-parser,v2.1.22,Java,,s/swagger-parser/swagger-parser_v2.1.22_ubi_9.5.sh,https://github.com/swagger-api/${PACKAGE_NAME}.git
swagger-parser,swagger-parser,v2.1.24,Java,,s/swagger-parser/swagger-parser_v2.1.24.sh,https://github.com/swagger-api/${PACKAGE_NAME}.git
swagger-spec,PACKAGE_NAME,v1.0.0,Node,,s/swagger-spec/swagger-spec.sh,https://github.com/org/repo
swagger-spec,swagger-spec,3.0.0-rc2,Node,,s/swagger-spec/swagger-spec_ubuntu_16.04.sh,https://github.com/swagger-api/swagger-spec.git
swagger-ui,swagger-ui,${1:-,Node,Node:20,s/swagger-ui/swagger-ui.sh,https://github.com/swagger-api/swagger-ui.git
symbol-observable,symbol-observable,1.2.0,Node,,s/symbol-observable/symbol-observable.sh,https://github.com/blesh/symbol-observable
symbol-tree,symbol-tree,3.2.4,Node,,s/symbol-tree/symbol-tree.sh,https://github.com/jsdom/js-symbol-tree
symfony-cmf-routing,Routing,3.0.0,PHP,,s/symfony-cmf-routing/symfony-cmf_routing.sh,https://github.com/symfony-cmf/Routing
symfony__browser-kit,symfony/browser-kit,4,PHP,,s/symfony__browser-kit/symfony__browser-kit.sh,https://github.com/symfony/browser-kit
symfony__class-loader,symfony/class-loader,3.4.40,PHP,,s/symfony__class-loader/symfony__class-loader.sh,https://github.com/symfony/class-loader
symfony__css-selector,symfony/css-selector,4,PHP,,s/symfony__css-selector/symfony__css-selector.sh,https://github.com/symfony/css-selector
symfony__debug,symfony/debug,3.4.40,PHP,,s/symfony__debug/symfony__debug.sh,https://github.com/symfony/debug
symfony__debug,symfony/debug,3.4.40,PHP,,s/symfony__debug/symfony__debug_rhel_8.3.sh,https://github.com/symfony/debug
symfony__debug,debug,v4.4.31,PHP,,s/symfony__debug/symfony_debug.sh,https://github.com/symfony/debug.git
symfony__dependency-injection,symfony/dependency-injection,3.4.26,PHP,,s/symfony__dependency-injection/symfony__dependency-injection.sh,https://github.com/symfony/dependency-injection
symfony__dom-crawler,symfony/dom-crawler,4,PHP,,s/symfony__dom-crawler/symfony__dom-crawler.sh,https://github.com/symfony/dom-crawler
symfony__event-dispatcher,event-dispatcher,v4.4.8,PHP,,s/symfony__event-dispatcher/symfony__event-dispatcher.sh,https://github.com/symfony/event-dispatcher
symfony__event-dispatcher,symfony/event-dispatcher,3.4.0,PHP,,s/symfony__event-dispatcher/symfony__event-dispatcher_rhel_8.3.sh,https://github.com/symfony/event-dispatcher
symfony__event-dispatcher-contracts,symfony/event-dispatcher-contracts,1.1.1,PHP,,s/symfony__event-dispatcher-contracts/symfony__event-dispatcher-contracts.sh,https://github.com/symfony/event-dispatcher-contracts
symfony__filesystem,symfony/filesystem,v5.0.7,PHP,,s/symfony__filesystem/symfony__filesystem.sh,https://github.com/symfony/filesystem
symfony__finder,symfony/finder,3.4.40,PHP,,s/symfony__finder/symfony__finder.sh,https://github.com/symfony/finder
symfony__finder,symfony/finder,3.4.40,PHP,,s/symfony__finder/symfony__finder_rhel_8.3.sh,https://github.com/symfony/finder
symfony__finder,finder,v5.0.0,PHP,,s/symfony__finder/symfony_finder.sh,https://github.com/symfony/finder.git
symfony__http-foundation,symfony/http-foundation,3.4.35,PHP,,s/symfony__http-foundation/symfony__http-foundation.sh,https://github.com/symfony/http-foundation
symfony__http-kernel,symfony/http-kernel,v4.4.32,PHP,,s/symfony__http-kernel/symfony__http-kernel.sh,https://github.com/symfony/http-kernel
symfony__intl,symfony/intl,v4.0.0,PHP,,s/symfony__intl/symfony__intl.sh,https://github.com/symfony/intl
symfony__mime,symfony/mime,v5.3.8,PHP,,s/symfony__mime/symfony__mime.sh,https://github.com/symfony/mime
symfony__polyfill-ctype,symfony/polyfill-ctype,1.17,PHP,,s/symfony__polyfill-ctype/symfony__polyfill-ctype.sh,https://github.com/symfony/polyfill-ctype
symfony__polyfill-iconv,symfony/polyfill-iconv,1.22.1,PHP,,s/symfony__polyfill-iconv/symfony__polyfill-iconv.sh,https://github.com/symfony/polyfill-iconv
symfony__polyfill-intl-idn,symfony/polyfill-intl-idn,1.22.1,PHP,,s/symfony__polyfill-intl-idn/symfony__polyfill-intl-idn.sh,https://github.com/symfony/polyfill-intl-idn
symfony__polyfill-intl-normalizer,symfony/polyfill-intl-normalizer,1.22.1,PHP,,s/symfony__polyfill-intl-normalizer/symfony__polyfill-intl-normalizer.sh,https://github.com/symfony/polyfill-intl-normalizer
symfony__polyfill-mbstring,symfony/polyfill-mbstring,1.17.0,PHP,,s/symfony__polyfill-mbstring/symfony__polyfill-mbstring.sh,https://github.com/symfony/polyfill-mbstring
symfony__polyfill-php70,symfony/polyfill-php70,1.17.0,PHP,,s/symfony__polyfill-php70/symfony__polyfill-php70.sh,https://github.com/symfony/polyfill-php70
symfony__polyfill-php72,symfony/polyfill-php72,1.5,PHP,,s/symfony__polyfill-php72/symfony__polyfill-php72.sh,https://github.com/symfony/polyfill-php72
symfony__polyfill-php80,symfony/polyfill-php80,1.22.1,PHP,,s/symfony__polyfill-php80/symfony__polyfill-php80.sh,https://github.com/symfony/polyfill-php80
symfony__process,symfony/process,v4.4.0,PHP,,s/symfony__process/symfony__process.sh,https://github.com/symfony/process
symfony__psr-http-message-bridge,symfony/psr-http-message-bridge,1.2.0,PHP,,s/symfony__psr-http-message-bridge/symfony__psr-http-message-bridge.sh,https://github.com/symfony/psr-http-message-bridge
symfony__routing,symfony/routing,3.4.0,PHP,,s/symfony__routing/symfony__routing.sh,https://github.com/symfony/routing
symfony__serializer,symfony/serializer,3.4.40,PHP,,s/symfony__serializer/symfony__serializer.sh,https://github.com/symfony/serializer
symfony__translation,symfony/translation,3.4.0,PHP,,s/symfony__translation/symfony__translation.sh,https://github.com/symfony/translation
symfony__validator,symfony/validator,3.4.0,PHP,,s/symfony__validator/symfony__validator.sh,https://github.com/symfony/validator
symfony__var-dumper,VarDumper,v5.3.0,PHP,,s/symfony__var-dumper/symfony__var-dumper.sh,https://github.com/symfony/var-dumper
symfony__yaml,symfony/yaml,3.4.40,PHP,,s/symfony__yaml/symfony__yaml.sh,https://github.com/symfony/yaml
symfony_config,config,v3.4.37,PHP,,s/symfony_config/symfony_config.sh,https://github.com/symfony/config
symfony_config,symfony_config,v4.4.0,PHP,,s/symfony_config/symfony_config_ubi8.sh,https://github.com/symfony/symfony
symfony_console,console,v4.4.9,PHP,,s/symfony_console/symfony_console.sh,https://github.com/symfony/console.git
symfony_error-handler,error-handler,v4.4.30,PHP,,s/symfony_error-handler/symfony_error-handler.sh,https://github.com/symfony/error-handler.git
symfony_vardumper,symfony_vardumper,v4.4.7,PHP,,s/symfony_vardumper/symfony_vardumper.sh,https://github.com/symfony/symfony
sympy,sympy,sympy-1.12,Python,,s/sympy/sympy.sh,https://github.com/sympy/sympy.git
syrusakbary-promise,promise,v2.3.0,Python,,s/syrusakbary-promise/syrusakbary-promise.sh,https://github.com/syrusakbary/promise
t-digest,t-digest,3.2,Java,,t/t-digest/t-digest.sh,https://github.com/tdunning/t-digest
t-digest,t-digest,3.2,Java,,t/t-digest/t-digest_rhel_8.3.sh,https://github.com/tdunning/t-digest
t-digest,t-digest,t-digest-3.0,Java,,t/t-digest/t-digest_ubi_8.3.sh,https://github.com/tdunning/t-digest.git
table,table,v3.8.3,Node,,t/table/table.sh,https://github.com/gajus/table.git
tapable,tapable,1.1.3,Node,,t/tapable/tapable.sh,https://github.com/webpack/tapable
tape,tape,4.13.3,Node,,t/tape/tape.sh,https://github.com/substack/tape
tar,tar,5.0.5,Node,,t/tar/tar.sh,https://github.com/npm/node-tar.git
tar-fs,tar-fs,1.16.3,Node,,t/tar-fs/tar-fs.sh,https://github.com/mafintosh/tar-fs
tar-stream,tar-stream,1.6.2,Node,,t/tar-stream/tar-stream.sh,https://github.com/mafintosh/tar-stream
tarn,tarn,1.1.5,Node,,t/tarn/tarn.sh,https://github.com/vincit/tarn.js
taskgroup,taskgroup,2.0.0,Node,,t/taskgroup/taskgroup.sh,https://github.com/bevry/taskgroup
tcplisten,github.com/valyala/tcplisten,v1.0.0,Go,,t/tcplisten/tcplisten.sh,https://github.com/valyala/tcplisten
tdigest,tdigest,bf2b5ad3c0a9,Go,,t/tdigest/tdigest.sh,https://github.com/influxdata/tdigest.git
technicianted_archiver,archiver,fcf9876e4d2f,Go,,t/technicianted_archiver/technicianted_archiver.sh,https://github.com/technicianted/archiver
tedious,tedious,6.7.0,Node,,t/tedious/tedious.sh,https://github.com/tediousjs/tedious
tektoncd,PACKAGE_NAME,v1.0.0,Go,,t/tektoncd/tektoncd-cli.sh,https://github.com/org/repo
tektoncd,tektoncd,latest (0.7.1),Go,,t/tektoncd/tektoncd-cli_rhel_7.6.sh,https://github.com/tektoncd/cli
tektoncd,operator,master,Go,,t/tektoncd/tektoncd-operator_rhel_7.6.sh,https://github.com/tektoncd/operator.git
tektoncd,operator,master,Go,,t/tektoncd/tektoncd-operator_sdk17_rhel_7.6.sh,https://github.com/tektoncd/operator.git
tektoncd,pipeline,v0.11.0,Go,,t/tektoncd/tektoncd-pipeline_v0.11.0_rhel_7.6.sh,https://github.com/tektoncd/pipeline.git
tektoncd,pipeline,v0.15.0,Go,,t/tektoncd/tektoncd-pipeline_v0.15.0.sh,https://github.com/tektoncd/pipeline.git
tektoncd,pipeline,v0.7.0,Go,,t/tektoncd/tektoncd-pipeline_v0.7.0_rhel_7.6.sh,https://github.com/tektoncd/pipeline.git
tektoncd,triggers,v0.1.0,Go,,t/tektoncd/tektoncd-triggers_v0.1.0_rhel_7.6.sh,https://github.com/tektoncd/triggers.git
tektoncd,triggers,v0.3.11,Go,,t/tektoncd/tektoncd-triggers_v0.3.1_rhel_7.6.sh,https://github.com/tektoncd/triggers.git
tektoncd,triggers,v0.7.0,Go,,t/tektoncd/tektoncd-triggers_v0.7.0_rhel_7.6.sh,https://github.com/tektoncd/triggers.git
telegraf,telegraf,v1.30.0,Go,,t/telegraf/telegraf.sh,https://github.com/influxdata/telegraf.git
telegraf,telegraf,1.5.0,Go,,t/telegraf/telegraf_rhel_7.3.sh,https://github.com/influxdata/telegraf
teleport,teleport,${SCRIPT_PACKAGE_VERSION},Go,,t/teleport/teleport_v18.1.1.sh,https://github.com/gravitational/teleport.git
temp,temp,0.9.4,Node,,t/temp/temp.sh,https://github.com/bruce/node-temp
tempo-operator,tempo-operator,v0.13.0,Go,,t/tempo-operator/tempo-operator.sh,https://github.com/grafana/tempo-operator
tensorboard_plugin_wit,tensorboard_plugin_wit,v1.6.0,Python,,t/tensorboard_plugin_wit/tensorboard_plugin_wit.sh,https://github.com/PAIR-code/what-if-tool.git
tensorflow,tensorflow,v2.13.0,Python,,t/tensorflow/tensorflow.sh,https://github.com/tensorflow/tensorflow
tensorflow,SLES,1.2.1,Python,,t/tensorflow/tensorflow_1.2.1_sles.sh,https://github.com/tensorflow/tensorflow
tensorflow,TF_1.3.1,1.3.1,Python,,t/tensorflow/tensorflow_1.3.1_cpu_rhel_7.4.sh,https://github.com/tensorflow/tensorflow
tensorflow,RHEL,1.3.1,Python,,t/tensorflow/tensorflow_1.3.1_gpu_rhel_7.4.sh,https://github.com/tensorflow/tensorflow
tensorflow,TF_1.8.0,1.8.0,Python,,t/tensorflow/tensorflow_1.8.0_cpu_rhel_8.3.sh,https://github.com/tensorflow/tensorflow
tensorflow,Ubuntu,master(1.9.0-rc0),Python,,t/tensorflow/tensorflow_1.9.0_cpu_ubuntu_16.04.sh,https://github.com/tensorflow/tensorflow
tensorflow,tensorflow,v2.14.1,Python,,t/tensorflow/tensorflow_2.14.1.sh,https://github.com/tensorflow/tensorflow
tensorflow,tensorflow,v2.14.1,Python,,t/tensorflow/tensorflow_2.14.1_ubi9.3.sh,https://github.com/tensorflow/tensorflow
tensorflow,TF_1.0.1,1.0.1,Python,,t/tensorflow/tensorflow_rhel_7.3_gpu.sh,https://github.com/tensorflow/tensorflow
tensorflow,tensorflow,v2.13.0,Python,,t/tensorflow/tensorflow_ubi_9.3.sh,https://github.com/tensorflow/tensorflow
tensorflow-io,io,v0.35.0,Python,,t/tensorflow-io/tensorflow-io.sh,https://github.com/tensorflow/io.git
tensorflow-io-gcs-filesystem,io,v0.35.0,Python,,t/tensorflow-io-gcs-filesystem/tensorflow-io-gcs-filesystem.sh,https://github.com/tensorflow/io.git
tensorflow-serving,tensorflow-serving,v1.0.0,Python,,t/tensorflow-serving/tensorflow-serving.sh,https://github.com/ibmsoe/protobuf-1/
tensorflow-text,text,v2.14.0,Python,,t/tensorflow-text/tensorflow_text.sh,https://github.com/tensorflow/text.git
tensorflow_model_optimization,tensorflow_model_optimization,v0.8.0,Python,,t/tensorflow_model_optimization/tensorflow_model_optimization.sh,https://github.com/tensorflow/model-optimization
term,golang.org/x/term,v0.0.0-20210927222741-03fcf44c2211,Go,,t/term/term.sh,https://github.com/golang/term
term_csv_export_import,term_csv_export_import,8.x-3.0-alpha2,PHP,,t/term_csv_export_import/term_csv_export_import_8.5.sh,https://git.drupalcode.org/project/term_csv_export_import.git
termcolor,termcolor,1.1.0,Python,,t/termcolor/termcolor.sh,https://github.com/termcolor/termcolor.git
terminado,terminado,${1:-,Python,,t/terminado/terminado.sh,https://github.com/takluyver/terminado.git
terminado,terminado,0.6,Python,,t/terminado/terminado_rhel_7.3.sh,https://github.com/takluyver/terminado
terminado,terminado,v0.17.1,Python,,t/terminado/terminado_ubi_8_7.sh,https://github.com/takluyver/terminado.git
terminal-link,terminal-link,2.1.1,Node,,t/terminal-link/terminal-link.sh,https://github.com/sindresorhus/terminal-link
terminal-table,terminal-table,1.8.0,Ruby,,t/terminal-table/terminal-table.sh,https://github.com/tj/terminal-table
terra,terra,1.7-78,R,,t/terra/terra.sh,https://github.com/cran/terra
terracotta-platform,terracotta-platform,v5.10.22,Java,,t/terracotta-platform/terracotta-platform.sh,https://github.com/Terracotta-OSS/terracotta-platform.git
terser-webpack-plugin,terser-webpack-plugin,2.3.8,Node,,t/terser-webpack-plugin/terser-webpack-plugin.sh,https://github.com/webpack-contrib/terser-webpack-plugin
test-exclude,test-exclude,6.0.0,Node,,t/test-exclude/test-exclude.sh,https://github.com/istanbuljs/test-exclude
text-hex,text-hex,1.0.0,Node,,t/text-hex/text-hex.sh,https://github.com/3rd-Eden/text-hex
text-table,text-table,0.2.0,Node,,t/text-table/text-table.sh,https://github.com/substack/text-table
textextensions,textextensions,2.6.0,Node,,t/textextensions/textextensions.sh,https://github.com/bevry/textextensions
textstat,textstat,${1:-,Python,,t/textstat/textstat.sh,https://github.com/textstat/textstat
textstat,textstat,0.6.0,Python,Python:3.6,t/textstat/textstat_rhel_7.6.sh,https://github.com/shivam5992/textstat
textstat,textstat,0.7.4,Python,,t/textstat/textstat_ubi_8_7.sh,https://github.com/textstat/textstat
tf-model-optimization-nightly,tf-model-optimization-nightly,v0.7.4,Python,,t/tf-model-optimization-nightly/tf-model-optimization-nightly.sh,https://github.com/tensorflow/model-optimization.git
thanos,thanos,v0.12.2,Go,,t/thanos/thanos-v0.12.2-rhel_7.6.sh,https://github.com/thanos-io/thanos.git
theeser_tokenizer,tokenizer,1.2.1,PHP,,t/theeser_tokenizer/theseer_tokenizer.sh,https://github.com/theseer/tokenizer
theeser_tokenizer,tokenizer,1.2.1,Java,,t/theeser_tokenizer/theseer_tokenizer_rhel_8.4.sh,https://github.com/theseer/tokenizer
theia,theia,v0.3.15,Node,,t/theia/Theia_alpine_3.8.sh,https://github.com/theia-ide/theia.git
theia,PACKAGE_NAME,v1.0.0,Node,,t/theia/theia.sh,https://github.com/org/repo
theia,theia,v0.3.12,Node,,t/theia/theia_ubuntu_16.04.sh,https://github.com/theia-ide/theia.git
theme-one-dark,theme-one-dark,6.1.2,Node,Node:16,t/theme-one-dark/theme-one-dark.sh,https://github.com/codemirror/theme-one-dark
thenify,thenify,3.3.0,Node,,t/thenify/thenify.sh,https://github.com/thenables/thenify
thenify-all,thenify-all,1.6.0,Node,,t/thenify-all/thenify-all.sh,https://github.com/thenables/thenify-all
thorntail,thorntail,latest,Python,,t/thorntail/thorntail.sh,https://github.com/thorntail/thorntail.git
thread-stream,thread-stream,v3.1.0,Node,Node:20,t/thread-stream/thread-stream.sh,https://github.com/pinojs/thread-stream
threetenbp,threetenbp,v1.7.0,Java,,t/threetenbp/threetenbp.sh,https://github.com/ThreeTen/threetenbp.git
thrift-cpp,thrift-cpp,0.21.0,Python,,t/thrift-cpp/thrift-cpp.sh,https://github.com/apache/thrift
thrift-java,thrift-java,v0.20.0,Java,,t/thrift-java/thrift-java.sh,https://github.com/apache/thrift.git
throttle-debounce,throttle-debounce,v5.0.2,Node,Node:10,t/throttle-debounce/throttle-debounce.sh,https://github.com/niksy/throttle-debounce
through,through,2.3.8,Node,,t/through/through.sh,https://github.com/dominictarr/through
through2,through2,3.0.1,Node,,t/through2/through2.sh,https://github.com/rvagg/through2
through2,through2,2.0.3,Node,,t/through2/through2_ubuntu_18.04.sh,https://github.com/rvagg/through2.git
through2-filter,through2-filter,3.0.0,Node,,t/through2-filter/through2-filter.sh,https://github.com/brycebaril/through2-filter
tidyr,tidyr,1.3.1,R,,t/tidyr/tidyr.sh,https://github.com/cran/tidyr.git
tidyselect,tidyselect,1.2.1,R,,t/tidyselect/tidyselect.sh,https://github.com/cran/tidyselect.git
tiger-types,tiger-types,tiger-types-2.2,Java,,t/tiger-types/tiger-types.sh,https://github.com/kohsuke/tiger-types.git
tiktoken,tiktoken,0.7.0,Python,,t/tiktoken/tiktoken.sh,https://github.com/openai/tiktoken
tikv,tikv,v0.3.0-beta,Go,,t/tikv/tikv.sh,https://github.com/tikv/tikv
tildify,tildify,2.0.0,Node,,t/tildify/tildify.sh,https://github.com/sindresorhus/tildify
tiles_core,tiles_core,tiles-parent-3.0.8,Java,,t/tiles_core/tiles_core.sh,https://github.com/apache/tiles.git
time-stamp,time-stamp,1.1.0,Node,,t/time-stamp/time-stamp.sh,https://github.com/jonschlinkert/time-stamp
timechange,timechange,0.3.0,R,,t/timechange/timechange.sh,https://github.com/cran/timechange.git
timedate,timeDate,4041.110,R,,t/timedate/timedate.sh,https://github.com/cran/timeDate.git
timsort,timsort,0.3.0,Node,,t/timsort/timsort.sh,https://github.com/mziccard/node-timsort
tiny-invariant,tiny-invariant,1.1.0,Node,,t/tiny-invariant/tiny-invariant.sh,https://github.com/alexreardon/tiny-invariant
tiny-invariant,tiny-invariant,1.1.0,Node,,t/tiny-invariant/tiny-invariant_rhel_8.3.sh,https://github.com/alexreardon/tiny-invariant
tiny-invariant,tiny-invariant,"master(c6eed03b479f7b121ca156df96f7a9fa606897aa),",Node,,t/tiny-invariant/tiny-invariant_ubi_8.3.sh,https://github.com/alexreardon/tiny-invariant
tiny-lru,tiny-lru,7.0.4,Node,,t/tiny-lru/tiny-lru.sh,https://github.com/avoidwork/tiny-lru
tiny-relative-date,tiny-relative-date,1.3.0,Node,,t/tiny-relative-date/tiny-relative-date.sh,https://github.com/wildlyinaccurate/relative-date
tiny-warning,tiny-warning,1.0.3,Node,,t/tiny-warning/tiny-warning.sh,https://github.com/alexreardon/tiny-warning
tinylog,tinylog,2.7.0,Java,,t/tinylog/tinylog.sh,https://github.com/tinylog-org/tinylog.git
tinytex,tinytex,0.52,R,,t/tinytex/tinytex.sh,https://github.com/cran/tinytex
titanium-json-ld,titanium-json-ld,v1.4.1,Java,,t/titanium-json-ld/titanium-json-ld.sh,https://github.com/filip26/titanium-json-ld
tmp,tmp,0.0.33,Node,,t/tmp/tmp.sh,https://github.com/raszi/node-tmp
to-arraybuffer,to-arraybuffer,v1.0.1,Node,,t/to-arraybuffer/to_arraybuffer.sh,https://github.com/jhiesey/to-arraybuffer.git
to-buffer,to-buffer,1.1.1,Node,,t/to-buffer/to-buffer.sh,https://github.com/mafintosh/to-buffer
to-fast-properties,to-fast-properties,v2.0.0,Node,,t/to-fast-properties/to-fast-properties.sh,https://github.com/sindresorhus/to-fast-properties.git
to-gfm-code-block,to-gfm-code-block,0.1.1,Node,,t/to-gfm-code-block/to-gfm-code-block.sh,https://github.com/jonschlinkert/to-gfm-code-block
to-object-path,to-object-path,0.3.0,Node,,t/to-object-path/to-object-path.sh,https://github.com/jonschlinkert/to-object-path
to-regex,to-regex,3.0.2,Node,,t/to-regex/to-regex.sh,https://github.com/jonschlinkert/to-regex
to-regex-range,to-regex-range,5.0.1,Node,,t/to-regex-range/to-regex-range.sh,https://github.com/micromatch/to-regex-range
to-utf8,to-utf8,0.0.1,Node,,t/to-utf8/to-utf8.sh,https://github.com/chrisdickinson/to-utf8
to_words,to_words,v1.0.1,Ruby,,t/to_words/to_words.sh,https://github.com/taimur-akhtar/to_words.git
toggle-array,toggle-array,1.0.1,Node,,t/toggle-array/toggle-array.sh,https://github.com/jonschlinkert/toggle-array
toidentifier,toidentifier,1.0.0,Node,,t/toidentifier/toidentifier.sh,https://github.com/component/toidentifier
tomcat-servlet-api,tomcat,10.1.0-M7,Java,,t/tomcat-servlet-api/tomcat-servlet-api_master_10.1.0-M7.sh,https://github.com/apache/tomcat.git
toml,toml,${1:v1.4.0},Go,Go:1.22.0,t/toml/toml.sh,https://github.com/BurntSushi/toml
toml,toml,v0.3.1,Go,"Go:""1.16""",t/toml/toml_ubi_8.3.sh,https://github.com/BurntSushi/toml-test
toml,toml,v0.4.1,Go,,t/toml/toml_v0.4.1.sh,https://github.com/BurntSushi/toml.git
toml,toml,v0.4.1,Go,,t/toml/toml_v0.4.1_ubi_8.5.sh,https://github.com/BurntSushi/toml.git
toobusy-js,toobusy-js,0.5.1,Node,,t/toobusy-js/toobusy-js.sh,https://github.com/strml/node-toobusy
topo,topo,v3.1.6,Node,,t/topo/topo.sh,https://github.com/hapijs/topo.git
toposort,toposort,0.2.12,Node,,t/toposort/toposort.sh,https://github.com/marcelklehr/toposort
torchaudio,audio,v2.7.1,Python,,t/torchaudio/torchaudio.sh,https://github.com/pytorch/audio.git
torchaudio,audio,v2.9.0,Python,,t/torchaudio/torchaudio_v2.9.sh,https://github.com/pytorch/audio.git
torchdata,data,v0.7.1,Python,,t/torchdata/torchdata.sh,https://github.com/pytorch/data.git
torchtext,text,v0.15.2,Python,,t/torchtext/torchtext.sh,https://github.com/pytorch/text.git
torchvision,vision,v0.22.0,Python,,t/torchvision/torchvision.sh,https://github.com/pytorch/vision.git
torchvision,vision,v0.22.1,Python,,t/torchvision/torchvision_0.22.1.sh,https://github.com/pytorch/vision.git
torchvision,vision,v0.22.1,Python,,t/torchvision/torchvision_0.22.1_ubuntu_24.04.sh,https://github.com/pytorch/vision.git
tornado,tornado,v6.4.2,Python,,t/tornado/tornado.sh,https://github.com/tornadoweb/tornado
tough-cookie,tough-cookie,0.12.1,Node,,t/tough-cookie/tough-cookie.sh,https://github.com/salesforce/tough-cookie
tough-cookie,tough-cookie,2.4.3,Node,,t/tough-cookie/tough-cookie_ubuntu_18.04.sh,https://github.com/salesforce/tough-cookie.git
toxiproxy,toxiproxy,v2.1.4,Go,,t/toxiproxy/toxiproxy.sh,https://github.com/shopify/toxiproxy
tr46,tr46,1.0.1,Node,,t/tr46/tr46.sh,https://github.com/jsdom/tr46
trace-mapping,trace-mapping,v0.3.25,Node,Node:18,t/trace-mapping/trace-mapping.sh,https://github.com/jridgewell/trace-mapping
traefik,PACKAGE_NAME,v1.0.0,Java,,t/traefik/build.sh,https://github.com/org/repo
traefik,traefik,v3.0.3,Go,,t/traefik/traefik.sh,https://github.com/traefik/traefik
traefik,traefik,v2.10.1,Go,,t/traefik/traefik_ubi_8.7.sh,https://github.com/traefik/traefik
transactions,transactions,2.0.1,Java,,t/transactions/transactions.sh,https://github.com/jakartaee/transactions.git
traverse,traverse,0.3.9,Node,,t/traverse/traverse.sh,https://github.com/substack/js-traverse
treelayout,treelayout,v1.0.3,Java,,t/treelayout/treelayout.sh,https://github.com/abego/treelayout.git
treepoem,treepoem,3.24.0,Python,,t/treepoem/treepoem.sh,https://github.com/adamchainz/treepoem
treepoem,treepoem,${1:-,Python,,t/treepoem/treepoem_3.27.1.sh,https://github.com/adamchainz/treepoem
treepoem,treepoem,v3.3.1,Python,Python:3.6,t/treepoem/treepoem_rhel_7.6.sh,https://github.com/adamchainz/treepoem.git
treepoem,treepoem,${1:-,Python,,t/treepoem/treepoem_ubi_9_3.sh,https://github.com/adamchainz/treepoem
trim-newlines,trim-newlines,v3.0.0,Node,,t/trim-newlines/trim-newlines.sh,https://github.com/sindresorhus/trim-newlines.git
trim-repeated,trim-repeated,1.0.0,Node,,t/trim-repeated/trim-repeated.sh,https://github.com/sindresorhus/trim-repeated
trim-right,trim-right,1.0.1,Node,,t/trim-right/trim-right.sh,https://github.com/sindresorhus/trim-right
trim-trailing-lines,trim-trailing-lines,1.1.4,Node,,t/trim-trailing-lines/trim-trailing-lines.sh,https://github.com/wooorm/trim-trailing-lines
triple-beam,triple-beam,1.3.0,Node,,t/triple-beam/triple-beam.sh,https://github.com/winstonjs/triple-beam
triton-inference-server,server,v2.63.0,Python,,t/triton-inference-server/triton-inference-server-master-rhel9.6.sh,https://github.com/triton-inference-server/server
true-case-path,true-case-path,master(8a016e6a8be64c873aba414fbcdb4748e24dc796),Node,,t/true-case-path/true-case-path.sh,https://github.com/Profiscience/true-case-path
try,try,${1:-,Go,"Go:""1.10""",t/try/try.sh,https://proxy.golang.org/github.com/matryer/try/@v/${PACKAGE_VERSION}.zip
try,try,"master,v1",Go,,t/try/try_ubi_8.4.sh,https://github.com/matryer/try
ts-essentials,ts-essentials,2.0.12,Node,,t/ts-essentials/ts-essentials.sh,https://github.com/krzkaczor/ts-essentials
ts-morph,ts-morph,10.0.2,Node,,t/ts-morph/ts-morph.sh,https://github.com/dsherret/ts-morph
ts-nkeys,ts-nkeys,1.0.16,Node,,t/ts-nkeys/ts-nkeys.sh,https://github.com//nats-io/ts-nkeys
tsscmp,tsscmp,1.0.6,Node,,t/tsscmp/tsscmp.sh,https://github.com/suryagh/tsscmp
tsutils,tsutils,v3.21.0,Node,,t/tsutils/tsutils.sh,https://github.com/ajafff/tsutils.git
ttrpc,containerd/ttrpc,v1.0.1,Go,,t/ttrpc/containerd__ttrpc.sh,https://github.com/containerd/ttrpc
ttrpc,containerd/ttrpc,v1.0.1,Go,,t/ttrpc/containerd__ttrpc_rhel_8.3.sh,https://github.com/containerd/ttrpc
ttrpc,github.com/containerd/ttrpc,v0.0.0-20190828154514-0e0f228740de,Go,,t/ttrpc/github.com__containerd__ttrpc.sh,https://github.com/containerd/ttrpc
ttrpc,github.com/containerd/ttrpc,v0.0.0-20190828154514-0e0f228740de,Go,,t/ttrpc/github.com__containerd__ttrpc_rhel_8.3.sh,https://github.com/containerd/ttrpc
ttrpc,ttrpc,v1.2.2,Go,Go:1.20.1,t/ttrpc/ttrpc.sh,https://github.com/containerd/ttrpc
tty-browserify,tty-browserify,v0.0.1,Node,,t/tty-browserify/tty-browserify.sh,https://github.com/browserify/tty-browserify
tweetnacl,tweetnacl,1.0.3,Node,,t/tweetnacl/tweetnacl.sh,https://github.com/dchest/tweetnacl-js
tweetnacl,tweetnacl,1.0.0,Node,,t/tweetnacl/tweetnacl_ubuntu_18.04.sh,https://github.com/dchest/tweetnacl-js.git
twig,twig,1.42.5,PHP,,t/twig/twig.sh,https://github.com/twigphp/Twig.git
twinj-uuid,twinj-uuid,1.0.0,Go,,t/twinj-uuid/twinj-uuid.sh,https://github.com/twinj/uuid.git
type,type,2.5.0,Node,,t/type/type.sh,https://github.com/medikoo/type
type-check,type-check,0.4.0,Node,,t/type-check/type-check.sh,https://github.com/gkz/type-check
type-detect,type-detect,4.0.8,Node,,t/type-detect/type-detect.sh,https://github.com/chaijs/type-detect
type-fest,type-fest,0.21.3,Node,,t/type-fest/type-fest.sh,https://github.com/sindresorhus/type-fest
type-is,type-is,1.6.18,Node,,t/type-is/type-is.sh,https://github.com/jshttp/type-is
type-parser,type-parser,type-parser-0.8.1,Java,,t/type-parser/type-parser.sh,https://github.com/drapostolos/type-parser.git
typed-array-byte-length,typed-array-byte-length,v1.0.1,Node,,t/typed-array-byte-length/typed-array-byte-length.sh,https://github.com/inspect-js/typed-array-byte-length
typed-array-length,typed-array-length,v1.0.6,Node,Node:16,t/typed-array-length/typed-array-length.sh,https://github.com/inspect-js/typed-array-length
typedarray,typedarray,0.0.6,Node,,t/typedarray/typedarray.sh,https://github.com/substack/typedarray
typedarray,typedarray,0.0.6,Node,,t/typedarray/typedarray_ubuntu_18.04.sh,https://github.com/substack/typedarray.git
typedarray-to-buffer,typedarray-to-buffer,v3.1.5,Node,,t/typedarray-to-buffer/typedarray-to-buffer.sh,https://github.com/feross/typedarray-to-buffer.git
typesafehub-config,typesafehub-config,1.3.3,Java,,t/typesafehub-config/typesafehub-config.sh,https://github.com/typesafehub/config
typescript,TypeScript,4.4.4,Node,,t/typescript/Typescript_4.4.4.sh,https://github.com/org/repo
typescript,TypeScript,4.4.4,Node,,t/typescript/Typescript_4.4.4_ubi_8.3.sh,https://github.com/microsoft/TypeScript.git
typescript,TypeScript,v3.9.9,Node,,t/typescript/typescript_3.9.9.sh,https://github.com/Microsoft/TypeScript
typescript-eslint-experimental-utils,experimental-utils,v4.28.1,Node,,t/typescript-eslint-experimental-utils/typescript-eslint-experimental-utils.sh,https://github.com/typescript-eslint/typescript-eslint
typescript-eslint-scope-manager,scope-manager,v4.28.1,Node,,t/typescript-eslint-scope-manager/typescript-eslint-scope-manager.sh,https://github.com/typescript-eslint/typescript-eslint
typescript-eslint-types,types,v4.28.1,Node,,t/typescript-eslint-types/typescript-eslint-types.sh,https://github.com/typescript-eslint/typescript-eslint
typescript-eslint-typescript-estree,typescript-estree,v4.28.1,Node,,t/typescript-eslint-typescript-estree/typescript-eslint-typescript-estree.sh,https://github.com/typescript-eslint/typescript-eslint
typescript-eslint-visitor-keys,visitor-keys,v4.28.1,Node,,t/typescript-eslint-visitor-keys/typescript-eslint-visitor-keys.sh,https://github.com/typescript-eslint/typescript-eslint
typo3__phar-stream-wrapper,typo3/phar-stream-wrapper,3.1.4,PHP,,t/typo3__phar-stream-wrapper/typo3__phar-stream-wrapper.sh,https://github.com/TYPO3/phar-stream-wrapper
tyriar__fibonacci-heap,@tyriar/fibonacci-heap,2.0.7,Node,,t/tyriar__fibonacci-heap/tyriar__fibonacci-heap.sh,https://github.com/gwtw/ts-fibonacci-heap
tzdata,tzdata,${1:-,Python,,t/tzdata/tzdata.sh,https://github.com/python/tzdata.git
examples,<PACKAGE_NAME>,<VERSION>,Go,,templates/examples/go_starter.sh,<GIT_URL>
examples,<PACKAGE_NAME>,<VERSION>,Java,,templates/examples/java_starter.sh,<GIT_URL>
examples,<PACKAGE_NAME>,<VERSION>,Node,,templates/examples/node_starter.sh,<GIT_URL>
examples,<PACKAGE_NAME>,<VERSION>,PHP,,templates/examples/php_starter.sh,<GIT_URL>
examples,python-fire,v0.7.0,Python,,templates/examples/python_simple_example.sh,https://github.com/google/python-fire
examples,<PACKAGE_NAME>,<VERSION>,Python,,templates/examples/python_starter.sh,<GIT_URL>
examples,some-complex-package,v2.0.0,Python,,templates/examples/python_with_callbacks_example.sh,https://github.com/example/some-complex-package
examples,<PACKAGE_NAME>,<VERSION>,R,,templates/examples/r_starter.sh,<GIT_URL>
examples,<PACKAGE_NAME>,<VERSION>,Ruby,,templates/examples/ruby_starter.sh,<GIT_URL>
templates,templates,,,,templates/go.sh,
templates,templates,,,,templates/java.sh,
lib,lib,,,,templates/lib/automation-stanzas.sh,
lib,lib,,,,templates/lib/common.sh,
lib,lib,,,,templates/lib/distro-packages.sh,
lib,lib,,,,templates/lib/docker-build.sh,
lib,lib,,,,templates/lib/prereq-checks.sh,
lib,lib,,,,templates/lib/wheel-utils.sh,
templates,templates,,,,templates/node.sh,
templates,templates,,,,templates/php.sh,
templates,templates,,,,templates/python.sh,
templates,templates,,,,templates/r.sh,
templates,templates,,,,templates/ruby.sh,
template-tools,template-tools,,,,templates/template-tools/make-list.sh,
script,script,,,,templates/template-tools/script/build_docker.sh,
script,script,,,,templates/template-tools/script/build_package.sh,
script,script,,,,templates/template-tools/script/build_wheels.sh,
script,script,,,,templates/template-tools/script/create_wheel_wrapper.sh,
script,script,,,,templates/template-tools/script/pre_process.sh,
script,script,,,,templates/template-tools/script/read_buildinfo.sh,
scanner-scripts,scanner-scripts,,,,templates/template-tools/script/scanner-scripts/grype_code_scan.sh,
scanner-scripts,scanner-scripts,,,,templates/template-tools/script/scanner-scripts/grype_image_scan.sh,
scanner-scripts,scanner-scripts,,,,templates/template-tools/script/scanner-scripts/syft_code_scan.sh,
scanner-scripts,scanner-scripts,,,,templates/template-tools/script/scanner-scripts/syft_image_scan.sh,
scanner-scripts,scanner-scripts,,,,templates/template-tools/script/scanner-scripts/trivy_code_scan.sh,
scanner-scripts,scanner-scripts,,,,templates/template-tools/script/scanner-scripts/trivy_image_scan.sh,
upload-scripts,upload-scripts,,,,templates/template-tools/script/upload-scripts/upload_docker_image.sh,
upload-scripts,upload-scripts,,,,templates/template-tools/script/upload-scripts/upload_file.sh,
upload-scripts,upload-scripts,,,,templates/template-tools/script/upload-scripts/upload_wheel.sh,
templates,{package_name},{package_version},Conda,,templates/template-tools/templates/build_script_conda.sh,{package_url}
templates,# Version	:,# Source repo	:,GO,Go:1.23.4,templates/template-tools/templates/build_script_go.sh,# Tested on	: UBI:9.3
templates,# Version		:,# Source repo	:,Java,,templates/template-tools/templates/build_script_java.sh,# Tested on	: UBI:9.3
templates,# Version	:,# Source repo	:,Node,Node:16,templates/template-tools/templates/build_script_node.sh,# Tested on	: UBI:9.3
templates,{package_name},{package_version},PHP,,templates/template-tools/templates/build_script_php.sh,{package_url}
templates,# Version       :,# Source repo   :,Python,,templates/template-tools/templates/build_script_python.sh,# Tested on     : UBI:9.3
templates,# Version       :,# Source repo   :,Python,,templates/template-tools/templates/build_script_python_create_wheel.sh,# Tested on     : UBI:9.3
templates,# Version	:,# Source repo	:,R,,templates/template-tools/templates/build_script_r.sh,# Tested on	: UBI:9.3
templates,{package_name},{package_version},Ruby,,templates/template-tools/templates/build_script_ruby.sh,{package_url}
ua-parser-js,ua-parser-js,0.7.28,Node,,u/ua-parser-js/ua-parser-js.sh,https://github.com/faisalman/ua-parser-js
ua-parser-js,ua-parser-js,0.7.18,Node,,u/ua-parser-js/ua-parser-js_ubuntu_18.04.sh,https://github.com/faisalman/ua-parser-js.git
ua-parser-js,PACKAGE_NAME,master,Node,,u/ua-parser-js/ua_parser_js.sh,https://github.com/org/repo
ua-parser-js,ua-parser-js,master,Node,,u/ua-parser-js/ua_parser_js_ubi8_3.sh,https://github.com/faisalman/ua-parser-js.git
uber-go_tools,github.com/uber-go/tools,v0.0.0-20190618225709-2cfd321de3ee,Go,,u/uber-go_tools/uber-go_tools.sh,https://github.com/uber-go/tools
uc.micro,uc.micro,1.0.6,Node,,u/uc.micro/uc.micro.sh,https://github.com/markdown-it/uc.micro
udpa,udpa,v0.0.0-20191209042840-269d4d468f6f,Go,,u/udpa/udpa.sh,https://github.com/cncf/udpa
uglifyjs2,uglifyjs2,3.3.10,Node,,u/uglifyjs2/uglifyjs2.sh,https://github.com/mishoo/UglifyJS2
ujson,ujson,5.10.0,Python,,u/ujson/ujson.sh,https://github.com/ultrajson/ultrajson
ulikunitz__xz,ulikunitz/xz,0.5.6,Go,,u/ulikunitz__xz/ulikunitz__xz.sh,https://github.com/ulikunitz/xz
ultron,ultron,master,Node,,u/ultron/ultron.sh,https://github.com/unshiftio/ultron
unbox-primitive,unbox-primitive,1.0.1,Node,,u/unbox-primitive/unbox-primitive.sh,https://github.com/ljharb/unbox-primitive
underscore,underscore,1.13.6,Node,Node:16,u/underscore/underscore.sh,https://github.com/jashkenas/underscore
underscore,underscore,1.13.1,Node,,u/underscore/underscore_rhel_8.3.sh,https://github.com/jashkenas/underscore
underscore-js,underscore-js,1.9.1,Node,,u/underscore-js/underscore-js.sh,https://github.com/jashkenas/underscore.git
underscore.string,underscore.string,3.3.5,Node,,u/underscore.string/underscore.string.sh,https://github.com/epeli/underscore.string.git
underscore.string,underscore.string,3.3.4,Node,,u/underscore.string/underscore.string_rhel_8.3.sh,https://github.com/epeli/underscore.string
undertow,undertow,2.3.18.Final,Java,,u/undertow/undertow.sh,https://github.com/undertow-io/undertow.git
undertow,undertow,2.0.11,Java,,u/undertow/undertow_ubuntu_18.04.sh,https://github.com/undertow-io/undertow.git
undici,undici,v6.20.1,Node,Node:18,u/undici/undici.sh,https://github.com/nodejs/undici
undici,undici,v5.28.4,Node,Node:16,u/undici/undici_v5.28.4.sh,https://github.com/nodejs/undici
undici,undici,v5.28.4,Node,Node:16,u/undici/undici_v5.28.4_ubi_9.3.sh,https://github.com/nodejs/undici
unescape-js,unescape-js,1.1.4,Node,,u/unescape-js/unescape-js.sh,https://github.com/iamakulov/unescape-js
ungap__promise-all-settled,@ungap/promise-all-settled,1.1.2,Node,,u/ungap__promise-all-settled/ungap__promise-all-settled.sh,https://github.com/ungap/promise-all-settled
unherit,unherit,1.1.3,Node,,u/unherit/unherit.sh,https://github.com/wooorm/unherit
unicode-display_width,unicode-display_width,1.3.0,Ruby,,u/unicode-display_width/unicode-display_width.sh,https://github.com/janlelis/unicode-display_width
unicode-match-property-value-ecmascript,unicode-match-property-value-ecmascript,1.2.0,Node,,u/unicode-match-property-value-ecmascript/unicode-match-property-value-ecmascript.sh,https://github.com/mathiasbynens/unicode-match-property-value-ecmascript
unicode-property-aliases-ecmascript,unicode-property-aliases-ecmascript,1.1.0,Node,,u/unicode-property-aliases-ecmascript/unicode-property-aliases-ecmascript.sh,https://github.com/mathiasbynens/unicode-property-aliases-ecmascript
unicodedata2,unicodedata2,16.0.0,Python,,u/unicodedata2/unicodedata2.sh,http://github.com/fonttools/unicodedata2
unified,unified,11.0.5,Node,Node:22,u/unified/unified.sh,https://github.com/unifiedjs/unified
unified,unified,11.0.4,Node,Node:16,u/unified/unified_ubi_8.7.sh,https://github.com/unifiedjs/unified
union-value,union-value,1.0.0,Node,,u/union-value/union-value.sh,https://github.com/jonschlinkert/union-value
uniq,uniq,4e0fc2c02bfdc17141301845c885f21b9fdacc21,Node,,u/uniq/uniq.sh,https://github.com/mikolalysenko/uniq.git
unique-filename,unique-filename,v3.0.0,Node,Node:16,u/unique-filename/unique-filename.sh,https://github.com/npm/unique-filename
unique-filename,unique-filename,1.1.0,Node,,u/unique-filename/unique-filename_rhel_8.3.sh,https://github.com/iarna/unique-filename
unique-slug,unique-slug,v4.0.0,Node,Node:16,u/unique-slug/unique-slug.sh,https://github.com/npm/unique-slug
unique-slug,unique-slug,2.0.2,Node,,u/unique-slug/unique-slug_rhel_8.3.sh,https://github.com/iarna/unique-slug
unique-stream,unique-stream,2.3.1,Node,,u/unique-stream/unique-stream.sh,https://github.com/eugeneware/unique-stream
unique-string,unique-string,2.0.0,Node,,u/unique-string/unique-string.sh,https://github.com/sindresorhus/unique-string
unist-builder,unist-builder,4.0.0,Node,Node:16,u/unist-builder/unist-builder.sh,https://github.com/syntax-tree/unist-builder
unist-util-is,unist-util-is,6.0.0,Node,Node:16,u/unist-util-is/unist-util-is.sh,https://github.com/syntax-tree/unist-util-is
unist-util-position,unist-util-position,5.0.0,Node,Node:16,u/unist-util-position/unist-util-position.sh,https://github.com/syntax-tree/unist-util-position
unist-util-stringify-position,unist-util-stringify-position,4.0.0,Node,Node:16,u/unist-util-stringify-position/unist-util-stringify-position.sh,https://github.com/syntax-tree/unist-util-stringify-position
unist-util-visit,unist-util-visit,5.0.0,Node,Node:16,u/unist-util-visit/unist-util-visit.sh,https://github.com/syntax-tree/unist-util-visit
unist-util-visit-parents,unist-util-visit-parents,6.0.1,Node,Node:16,u/unist-util-visit-parents/unist-util-visit-parents.sh,https://github.com/syntax-tree/unist-util-visit-parents
universal-translator,universal-translator,v0.18.0,Go,,u/universal-translator/universal-translator.sh,https://github.com/go-playground/universal-translator.git
universalify,universalify,2.0.1,Node,Node:16,u/universalify/universalify.sh,https://github.com/RyanZim/universalify
universalify,universalify,1.0.0,Node,,u/universalify/universalify_rhel_8.3.sh,https://github.com/RyanZim/universalify
univocity-parsers,univocity-parsers,v2.9.1,Java,,u/univocity-parsers/univocity-parsers.sh,https://github.com/univocity/univocity-parsers
univocity-parsers,univocity-parsers,2.5.9,Java,,u/univocity-parsers/univocity-parsers_rhel_7.4.sh,https://github.com/uniVocity/univocity-parsers
univocity-parsers,univocity-parsers,2.5.9,Java,,u/univocity-parsers/univocity-parsers_ubuntu_16.04.sh,https://github.com/uniVocity/univocity-parsers
unpipe,unpipe,1.0.0,Node,,u/unpipe/unpipe.sh,https://github.com/stream-utils/unpipe
unset-value,unset-value,1.0.0,Node,,u/unset-value/unset-value.sh,https://github.com/jonschlinkert/unset-value
untildify,untildify,v5.0.0,Node,Node:16,u/untildify/untildify.sh,https://github.com/sindresorhus/untildify
untildify,untildify,4.0.0,Node,,u/untildify/untildify_rhel_8.3.sh,https://github.com/sindresorhus/untildify
upath,upath,v1.2.0,Node,,u/upath/upath.sh,https://github.com/anodynos/upath
update-notifier,update-notifier,5.1.0,Node,,u/update-notifier/update-notifier.sh,https://github.com/yeoman/update-notifier
upper-case,upper-case,2.0.1,Node,,u/upper-case/upper-case.sh,https://github.com/blakeembrey/change-case
upper-case-first,upper-case-first,2.0.1,Node,,u/upper-case-first/upper-case-first.sh,https://github.com/blakeembrey/change-case
uri-js,uri-js,4.4.1,Node,,u/uri-js/uri-js.sh,https://github.com/garycourt/uri-js
uritools,uritools,v5.0.0,Python,,u/uritools/uritools.sh,https://github.com/tkem/uritools/
uritools,uritools,3.0.1,Python,,u/uritools/uritools_rhel_8.3.sh,https://github.com/tkem/uritools/
uritools,uritools,v3.0.0,Python,,u/uritools/uritools_ubi_8.5.sh,https://pypi.io/packages/source/u/uritools/uritools-3.0.0.tar.gz
urix,urix,0.1.0,Node,,u/urix/urix.sh,https://github.com/lydell/urix
url,url,v0.11.0,Node,,u/url/url.sh,https://github.com/defunctzombie/node-url.git
url-loader,url-loader,v0.6.2,Node,,u/url-loader/url-loader.sh,https://github.com/webpack-contrib/url-loader.git
url-loader,url-loader,0.5.5,Node,,u/url-loader/url-loader_rhel_8.3.sh,https://github.com/webpack-contrib/url-loader
url-parse,url-parse,1.4.7,Node,,u/url-parse/url-parse.sh,https://github.com/unshiftio/url-parse.git
url-parse-lax,url-parse-lax,1.0.0,Node,,u/url-parse-lax/url-parse-lax.sh,https://github.com/sindresorhus/url-parse-lax
url-search-params-polyfill,url-search-params-polyfill,${1:-,Node,Node:16,u/url-search-params-polyfill/url-search-params-polyfill.sh,https://github.com/jerrybendy/url-search-params-polyfill
url-search-params-polyfill,url-search-params-polyfill,4.0.1,Node,,u/url-search-params-polyfill/url-search-params-polyfill_ubuntu_18.04.sh,https://github.com/jerrybendy/url-search-params-polyfill.git
url-slug,url-slug,2.3.2,Node,,u/url-slug/url-slug.sh,https://github.com/stldo/url-slug
url-template,url-template,v3.1.1,Node,Node:20,u/url-template/url-template.sh,https://github.com/bramstein/url-template
url-to-options,url-to-options,1.0.1,Node,,u/url-to-options/url-to-options.sh,https://github.com/stevenvachon/url-to-options
use,use,3.1.1,Node,,u/use/use.sh,https://github.com/jonschlinkert/use
use-composed-ref,use-composed-ref,1.1.0,Node,,u/use-composed-ref/use-composed-ref.sh,https://github.com/Andarist/use-composed-ref
use-isomorphic-layout-effect,use-isomorphic-layout-effect,1.1.1,Node,,u/use-isomorphic-layout-effect/use-isomorphic-layout-effect.sh,https://github.com/Andarist/use-isomorphic-layout-effect
use-latest,use-latest,1.2.0,Node,,u/use-latest/use-latest.sh,https://github.com/Andarist/use-latest
use-resize-observer,use-resize-observer,master,Node,,u/use-resize-observer/use-resize-observer_master.sh,https://github.com/ZeeCoder/use-resize-observer.git
use-resize-observer,use-resize-observer,master,Java,,u/use-resize-observer/use-resize-observer_master_ubuntu_18.04.sh,https://github.com/ZeeCoder/use-resize-observer.git
utf8,utf8,3.0.0,Node,,u/utf8/utf8.sh,https://github.com/mathiasbynens/utf8.js
utf8proc,utf8proc,v2.6.1,Python,,u/utf8proc/utf8proc.sh,https://github.com/JuliaStrings/utf8proc.git
util,util,0.11.1,Node,,u/util/util.sh,https://github.com/browserify/node-util
util-extend,util-extend,1.0.3,Node,,u/util-extend/util-extend.sh,https://github.com/isaacs/util-extend
util-geolocation-ejb,util-geolocation-ejb,1.0.31,Java,,u/util-geolocation-ejb/util-geolocation-ejb.sh,http://repo1.maven.org/maven2/org/ow2/util/util-geolocation-ejb/1.0.31
util-promisify,util-promisify,2.1.0,Node,,u/util-promisify/util-promisify.sh,https://github.com/juliangruber/util-promisify
util.promisify,util.promisify,1.0.0,Node,,u/util.promisify/util.promisify.sh,https://github.com/ljharb/util.promisify
utils-extend,utils-extend,1.0.8,Node,,u/utils-extend/utils-extend.sh,https://github.com/douzi8/utils-extend
utils-merge,utils-merge,1.0.1,Node,,u/utils-merge/utils-merge.sh,https://github.com/jaredhanson/utils-merge
uue,uue,e2c4f45e0886ba022a1ef2e1545ada74e1143218,Node,,u/uue/uue.sh,https://github.com/Mithgol/node-uue.git
uuid-parse,uuid-parse,1.1.0,Node,,u/uuid-parse/uuid-parse.sh,https://github.com/zefferus/uuid-parse
uvloop,uvloop,v0.21.0,Python,,u/uvloop/uvloop.sh,https://github.com/MagicStack/uvloop
uvtools,uvtools,v0.2.0,Python,,u/uvtools/uvtools.sh,https://github.com/HERA-Team/uvtools
uvtools,uvtools,v0.2.0,Python,,u/uvtools/uvtools_ubi_8.10.sh,https://github.com/HERA-Team/uvtools
VividCortex__ewma,VividCortex/ewma,1.1.1,Go,,v/VividCortex__ewma/VividCortex__ewma.sh,https://github.com/vividcortex/ewma
v8-compile-cache,v8-compile-cache,2.3.0,Node,,v/v8-compile-cache/v8-compile-cache.sh,https://github.com/zertosh/v8-compile-cache
v8-to-istanbul,v8-to-istanbul,4.1.4,Node,,v/v8-to-istanbul/v8-to-istanbul.sh,https://github.com/istanbuljs/v8-to-istanbul
validate-npm-package-license,validate-npm-package-license,3.0.1,Node,,v/validate-npm-package-license/validate-npm-package-license.sh,https://github.com/kemitchell/validate-npm-package-license.js
validate-npm-package-name,validate-npm-package-name,3.0.0,Node,,v/validate-npm-package-name/validate-npm-package-name.sh,https://github.com/npm/validate-npm-package-name
validation,validation,3.0.2,Java,,v/validation/validation.sh,https://github.com/jakartaee/validation.git
validation,validation,1.1.0.Final,Java,,v/validation/validation_v1.1.0.Final.sh,https://github.com/jakartaee/validation.git
validation,validation,1.1.0.Final,Java,,v/validation/validation_v1.1.0.Final_ubi_9.3.sh,https://github.com/jakartaee/validation.git
validation-api,validation-api,3.0.0-M1,Java,,v/validation-api/validation-api.sh,https://github.com/eclipse-ee4j/beanvalidation-api
validator,validator,9.4.1,Node,,v/validator/validator.sh,https://github.com/validatorjs/validator.js
value-equal,value-equal,1.0.1,Node,,v/value-equal/value-equal.sh,https://github.com/mjackson/value-equal
vanderlaan__nconf-secrets,@vanderlaan/nconf-secrets,1.0.1,Node,,v/vanderlaan__nconf-secrets/vanderlaan__nconf-secrets.sh,https://github.com/bvanderlaan/nconf-secrets
vary,vary,1.1.2,Node,,v/vary/vary.sh,https://github.com/jshttp/vary
vasync,vasync,2.2.0,Node,,v/vasync/vasync.sh,https://github.com/davepacheco/node-vasync
vault,vault,v1.17.2,Go,Go:1.22.5,v/vault/vault.sh,https://github.com/hashicorp/vault
vault,vault,1.5.3,Go,,v/vault/vault_rhel_8.sh,https://github.com/RediSearch/RediSearch.git
vault,vault,v1.15.6,Go,,v/vault/vault_ubi_8.7.sh,https://github.com/hashicorp/vault
vault-api,vault,v1.1.1,Go,,v/vault-api/vault-api-ubi_8.5.sh,https://github.com/hashicorp/vault
vault-k8s,vault-k8s,1.2.1,Go,,v/vault-k8s/vault-k8s-1.2.1-ubi-8.7.sh,https://github.com/hashicorp/vault-k8s
vault-secrets-operator,vault-secrets-operator,v1.0.1,Go,,v/vault-secrets-operator/vault-secrets-operator_v1.0.1.sh,https://github.com/hashicorp/${PACKAGE_NAME}.git
vbauerster__mpb,vbauerster/mpb,3.4.0,Go,,v/vbauerster__mpb/vbauerster__mpb.sh,https://github.com/vbauerster/mpb
vbom.ml__util,vbom.ml/util,v0.0.0-20160121211510-db5cfe13f5cc,Go,,v/vbom.ml__util/vbom.ml__util.sh,https://github.com/fvbommel/util
vegan,vegan,2.6-8,R,,v/vegan/vegan.sh,https://github.com/cran/vegan
vendors,vendors,1.0.4,Node,,v/vendors/vendors.sh,https://github.com/wooorm/vendors
verror,verror,1.6.0,Node,,v/verror/verror.sh,https://github.com/davepacheco/node-verror
vert.x,PACKAGE_NAME,v1.0.0,Java,,v/vert.x/eclipse_vert_x_build_ppc64le.sh,https://github.com/org/repo
vert.x,vert.x,4.0.0-SNAPSHOT,Java,,v/vert.x/eclipse_vert_x_build_ppc64le_rhel7.6.sh,https://github.com/eclipse-vertx/vert.x
vert.x,vert.x,4.3.7,Java,,v/vert.x/vertx.sh,https://github.com/eclipse-vertx/vert.x.git
vertx-json-schema,vertx-json-schema,${1:-,Java,,v/vertx-json-schema/vertx-json-schema.sh,https://github.com/eclipse-vertx/vertx-json-schema
vertx-micrometer-metrics,vertx-micrometer-metrics,3.9.7,Java,,v/vertx-micrometer-metrics/vertx-micrometer-metrics.sh,https://github.com/vert-x3/vertx-micrometer-metrics
vertx-web,vertx-web,3.9.1,Java,,v/vertx-web/vertx-web_v3.9.1.sh,https://github.com/vert-x3/vertx-web.git
vertx-web-api-contract,vertx-web-api-contract,4.1.2,Java,,v/vertx-web-api-contract/vertx-web-api-contract.sh,https://github.com/vert-x3/vertx-web.git
vertx-web-client,PACKAGE_NAME,3.9.7,Java,,v/vertx-web-client/vertx-web-client_v3.9.7.sh,https://github.com/vert-x3/vertx-web.git
vertx-web-client,vertx-web-client,3.9.7,Java,,v/vertx-web-client/vertx-web-client_v3.9.7_ubi8_3.sh,https://github.com/vert-x3/vertx-web.git
vertx-web-client,vertx-web-client,4.1.2,Java,,v/vertx-web-client/vertx-web-client_v4.1.2.sh,https://github.com/vert-x3/vertx-web.git
vertx-web-common,vertx-web-common,3.9.7,Java,,v/vertx-web-common/vertx-web-common.sh,https://github.com/vert-x3/vertx-web.git
vertx-web-graphql,vertx-web-graphql,4.1.2,Java,,v/vertx-web-graphql/vertx-web-graphql.sh,https://github.com/vert-x3/vertx-web.git
vfile,vfile,6.0.1,Node,Node:16,v/vfile/vfile.sh,https://github.com/vfile/vfile
vfile-message,vfile-message,4.0.2,Node,Node:16,v/vfile-message/vfile-message.sh,https://github.com/vfile/vfile-message
vfsgen,vfsgen,6a9ea43bcacd,Go,,v/vfsgen/vfsgen.sh,https://github.com/shurcooL/vfsgen
video_embed_field,video_embed_field,8.x-2.4,PHP,,v/video_embed_field/video_embed_field.sh,https://git.drupalcode.org/project/video_embed_field.git
video_embed_html5_8.5,video_embed_html5,8.x-1.2,PHP,,v/video_embed_html5_8.5/video_embed_html5.sh,https://git.drupalcode.org/project/video_embed_html5.git
view_password,view_password,6.0.0,PHP,,v/view_password/view_password_6.0.0.sh,https://git.drupalcode.org/project/view_password.git
views_ajax_history,views_ajax_history,8.x-1.x,PHP,,v/views_ajax_history/views_ajax_history.sh,https://git.drupalcode.org/project/views_ajax_history.git
views_custom_cache_tag,views_custom_cache_tag,8.x-1.2,PHP,,v/views_custom_cache_tag/views_custom_cache_tag_8.5.sh,https://git.drupalcode.org/project/views_custom_cache_tag.git
vincent,conda.recipe,v1.0.0,Python,,v/vincent/build.sh,https://github.com/org/repo
vincent,vincent,0.4.4,Python,,v/vincent/vincent.sh,https://github.com/wrobstory/vincent
vincent,vincent,0.4.4,Python,,v/vincent/vincent_ubuntu_16.04.sh,https://github.com/wrobstory/vincent
vinyl,vinyl,2.2.1,Node,,v/vinyl/vinyl.sh,https://github.com/gulpjs/vinyl
vipnytt__sitemapparser,SitemapParser,1.1.4,PHP,,v/vipnytt__sitemapparser/vipnytt__sitemapparser.sh,https://github.com/VIPnytt/SitemapParser.git
vipnytt__sitemapparser,SitemapParser,1.1.3,PHP,,v/vipnytt__sitemapparser/vipnytt__sitemapparser_1.1.3_1.1.0.sh,https://github.com/VIPnytt/SitemapParser.git
vipnytt__sitemapparser,SitemapParser,1.1.3,PHP,,v/vipnytt__sitemapparser/vipnytt__sitemapparser_1.1.3_1.1.0_UBI_8.5.sh,https://github.com/VIPnytt/SitemapParser.git
vipnytt__sitemapparser,vipnytt/sitemapparser,1.1.4,PHP,,v/vipnytt__sitemapparser/vipnytt__sitemapparser_rhel_8.3.sh,https://github.com/VIPnytt/SitemapParser
viridis,viridis,0.6.5,R,,v/viridis/viridis.sh,https://github.com/cran/viridis
viridislite,viridisLite,0.4.2,R,,v/viridislite/viridislite.sh,https://github.com/cran/viridisLite
virtualization-services-server,virtualization-services-server,egeria-release-2.10,Java,,v/virtualization-services-server/virtualization-services-server.sh,https://github.com/odpi/egeria
vise,vise,v3.1.1,Node,,v/vise/vise.sh,https://github.com/hapijs/vise.git
vision,vision,v0.16.2,Python,,v/vision/vision.sh,https://github.com/pytorch/vision
vividcortex__gohistogram,vividcortex/gohistogram,v1.0.0,Go,,v/vividcortex__gohistogram/vividcortex__gohistogram.sh,https://github.com/vividcortex/gohistogram
vllm,vllm,v0.10.0,Python,,v/vllm/vllm_v0.10.0.sh,https://github.com/vllm-project/vllm.git
vlucas__phpdotenv,vlucas/phpdotenv,4.2.0,PHP,,v/vlucas__phpdotenv/vlucas__phpdotenv.sh,https://github.com/vlucas/phpdotenv
void-elements,void-elements,2.0.1,Node,,v/void-elements/void-elements.sh,https://github.com/pugjs/void-elements
votingapi_widgets,votingapi_widgets,8.x-1.x,PHP,,v/votingapi_widgets/votingapi_widgets.sh,https://git.drupalcode.org/project/votingapi_widgets.git
vroom,vroom,1.6.5,R,,v/vroom/vroom.sh,https://github.com/cran/vroom.git
vue,vue,${1:-,Node,Node:14.13,v/vue/vue.sh,https://github.com/vuejs/vue
w3c-hr-time,w3c-hr-time,1.0.2,Node,,w/w3c-hr-time/w3c-hr-time.sh,https://github.com/jsdom/w3c-hr-time
w3c-xmlserializer,w3c-xmlserializer,1.1.2,Node,,w/w3c-xmlserializer/w3c-xmlserializer.sh,https://github.com/jsdom/w3c-xmlserializer
waffle,waffle,waffle-3.5.0,Java,,w/waffle/waffle.sh,https://github.com/Waffle/waffle.git
wala-start,WALA-start,815835d,Java,,w/wala-start/wala-start.sh,https://github.com/wala/WALA-start.git
waldo,waldo,0.5.2,R,,w/waldo/waldo.sh,https://github.com/cran/waldo
warning,warning,master,Node,Node:16,w/warning/warning.sh,https://github.com/BerkeleyTrue/warning.git
warning,warning,3.0.0,Node,,w/warning/warning_rhel_8.3.sh,https://github.com/BerkeleyTrue/warning
warning,warning,v4.0.3,Node,,w/warning/warning_ubi_8.5.sh,https://github.com/BerkeleyTrue/warning.git
warning,warning,4.0.1,Node,,w/warning/warning_ubuntu_18.04.sh,https://github.com/BerkeleyTrue/warning.git
warning-symbol,warning-symbol,0.1.0,Node,,w/warning-symbol/warning-symbol.sh,https://github.com/jonschlinkert/warning-symbol
warnings.v0,warnings.v0,${1:-,Go,"Go:""1.16""",w/warnings.v0/warnings.v0.sh,https://github.com/go-warnings/warnings
watchdog,watchdog,v6.0.0,Python,,w/watchdog/watchdog.sh,https://github.com/gorakhargosh/watchdog
watchdog,watchdog,v2.0.3,Python,,w/watchdog/watchdog_ubi_8.5.sh,https://github.com/gorakhargosh/watchdog
watchify,watchify,3.10.0,Node,,w/watchify/watchify.sh,https://github.com/substack/watchify.git
watchify,watchify,3.10.0,Node,,w/watchify/watchify_ubuntu_16.04.sh,https://github.com/substack/watchify.git
watchpack,watchpack,1.7.5,Node,,w/watchpack/watchpack.sh,https://github.com/webpack/watchpack
watchpack,watchpack,1.7.5,Node,,w/watchpack/watchpack_rhel_8.3.sh,https://github.com/webpack/watchpack
watchpack,watchpack,1.7.5,Node,,w/watchpack/watchpack_ubi_8.3.sh,https://github.com/webpack/watchpack
wazuh,wazuh,3.8.2,Java,,w/wazuh/wazuh_3.8.2_rhel_7.6.sh,https://github.com/wazuh/wazuh.git
wazuh,PACKAGE_NAME,v1.0.0,Node,,w/wazuh/wazuh_api_3.8.2.sh,https://github.com/org/repo
wazuh,wazuh,3.8.2,Node,,w/wazuh/wazuh_api_3.8.2_rhel_7.6.sh,https://github.com/wazuh/wazuh.git
wazuh,wazuh,3.8.2,Node,,w/wazuh/wazuh_api_3.8.2_ubuntu_18.04.sh,https://github.com/wazuh/wazuh.git
wazuh,PACKAGE_NAME,v1.0.0,Node,,w/wazuh/wazuh_api_3.9.1.sh,https://github.com/org/repo
wazuh,wazuh,3.9.1,Node,,w/wazuh/wazuh_api_3.9.1_rhel_7.6.sh,https://github.com/wazuh/wazuh.git
wazuh-api,wazuh-api,v3.13.6,Node,,w/wazuh-api/wazuh-api.sh,https://github.com/wazuh/wazuh-api
weakset,weakset,0.2.2,Node,,w/weakset/weakset.sh,https://github.com/dfcreative/weakset
web-streams-polyfill,web-streams-polyfill,v4.0.0,Node,Node:18,w/web-streams-polyfill/web-streams-polyfill.sh,https://github.com/MattiasBuelens/web-streams-polyfill
webassemblyjs,webassemblyjs,${1:-,Node,,w/webassemblyjs/webassemblyjs.sh,https://github.com/xtuc/webassemblyjs.git
webassemblyjs,webassemblyjs,v1.7.10,Node,,w/webassemblyjs/webassemblyjs_ubi_8.3.sh,https://github.com/xtuc/webassemblyjs.git
webcrawler,webcrawler,Not available.,Java,,w/webcrawler/andreas-hess_webcrawler.sh,http://andreas-hess.info/programming/webcrawler
webcrawler,webcrawler,Not available.,Java,,w/webcrawler/andreas-hess_webcrawler_Ubuntu_16.04.sh,http://andreas-hess.info/programming/webcrawler
webdriverio,webdriverio,v5.0.0-beta.1,Node,,w/webdriverio/webdriverio.sh,https://github.com/webdriverio/webdriverio.git
webflo_drupal-finder,drupal-finder,1.2.2,PHP,,w/webflo_drupal-finder/webflo_drupal-finder.sh,https://github.com/webflo/drupal-finder
webidl-conversions,webidl-conversions,4.0.2,Node,,w/webidl-conversions/webidl-conversions.sh,https://github.com/jsdom/webidl-conversions
webmozart__assert,webmozart/assert,1.10.0,PHP,,w/webmozart__assert/webmozart__assert.sh,https://github.com/webmozarts/assert
webmozart__path-util,webmozart/path-util,2.1.0,PHP,,w/webmozart__path-util/webmozart__path-util.sh,https://github.com/webmozart/path-util
webob,webob,v1.8.7,Python,,w/webob/webob.sh,https://files.pythonhosted.org/packages/c7/45/ee5f034fb4ebe3236fa49e5a4fcbc54444dd22ecf33079cf56f9606d479d/WebOb-1.8.7.tar.gz
webonyx__graphql-php,webonyx/graphql-php,0.12.6,PHP,,w/webonyx__graphql-php/webonyx__graphql-php.sh,https://github.com/webonyx/graphql-php
webpack,webpack,v4.46.0,Node,,w/webpack/webpack.sh,https://github.com/webpack/webpack.git
webpack-dev-middleware,webpack-dev-middleware,3.7.3,Node,,w/webpack-dev-middleware/webpack-dev-middleware.sh,https://github.com/webpack/webpack-dev-middleware
webpack-hot-middleware-example,webpack-hot-middleware-example,1.0.0,Node,,w/webpack-hot-middleware-example/webpack_hot_middleware_example.sh,https://registry.npmjs.org/webpack-hot-middleware-example/-/webpack-hot-middleware-example-1.0.0.tgz
webpack-log,webpack-log,2.0.0,Node,,w/webpack-log/webpack-log.sh,https://github.com/shellscape/webpack-log
webpack-permissions-plugin,webpack-permissions-plugin,v1.0.7,Node,,w/webpack-permissions-plugin/PermissionsPlugin.js.sh,https://github.com/GeKorm/webpack-permissions-plugin
webpack-sources,webpack-sources,1.4.3,Node,,w/webpack-sources/webpack-sources.sh,https://github.com/webpack/webpack-sources
websocat,websocat,commit #a000784,Go,,w/websocat/websocat.sh,https://github.com/vi/websocat.git
websocket,websocket,v1.8.4,Go,,w/websocket/websocket.sh,https://github.com/nhooyr/websocket
websocket-driver,websocket-driver,0.7.4,Node,,w/websocket-driver/websocket-driver.sh,https://github.com/faye/websocket-driver-node
websocket-driver-ruby,websocket-driver-ruby,0.6.5,Ruby,,w/websocket-driver-ruby/websocket-driver-ruby.sh,https://github.com/faye/websocket-driver-ruby.git
websocket-extensions,websocket-extensions,0.1.4,Node,,w/websocket-extensions/websocket-extensions.sh,https://github.com/faye/websocket-extensions-node
websocket-java,websocket,2.2.0-RELEASE,Java,,w/websocket-java/websocket-java.sh,https://github.com/jakartaee/websocket.git
werkzeug,werkzeug,1.0.1,Python,,w/werkzeug/werkzeug.sh,https://github.com/pallets/werkzeug
werkzeug,werkzeug,master,Node,,w/werkzeug/werkzeug_rhel_7.6.sh,https://github.com/jarends/werkzeug.git
whatwg-fetch,whatwg-fetch,v3.0.0,Node,,w/whatwg-fetch/whatwg-fetch.sh,https://github.com/github/fetch.git
whatwg-fetch,whatwg-fetch,2.0.4,Node,,w/whatwg-fetch/whatwg-fetch_ubuntu_18.04.sh,https://github.com/github/fetch.git
whatwg-mimetype,whatwg-mimetype,2.3.0,Node,,w/whatwg-mimetype/whatwg-mimetype.sh,https://github.com/jsdom/whatwg-mimetype
whatwg-url,whatwg-url,7.1.0,Node,,w/whatwg-url/whatwg-url.sh,https://github.com/jsdom/whatwg-url
which,which,"v1.3.1, v2.0.2",Node,,w/which/which_v2.0.2_v1.3.1.sh,https://github.com/isaacs/node-which.git
which-boxed-primitive,which-boxed-primitive,1.0.2,Node,,w/which-boxed-primitive/which-boxed-primitive.sh,https://github.com/inspect-js/which-boxed-primitive
which-module,which-module,2.0.0,Node,,w/which-module/which-module.sh,https://github.com/nexdrew/which-module
which-typed-array,which-typed-array,v1.1.15,Node,Node:16,w/which-typed-array/which-typed-array.sh,https://github.com/inspect-js/which-typed-array
wide-align,wide-align,1.1.3,Node,,w/wide-align/wide-align.sh,https://github.com/iarna/wide-align
wikimedia__composer-merge-plugin,wikimedia/composer-merge-plugin,1.4,PHP,,w/wikimedia__composer-merge-plugin/wikimedia__composer-merge-plugin.sh,https://github.com/wikimedia/composer-merge-plugin
wildfly,wildfly,32.0.0.Final,Java,,w/wildfly/wildfly.sh,https://github.com/wildfly/wildfly
wildfly,wildfly,24.0.0.Final,Java,,w/wildfly/wildfly_ubi_8.3.sh,https://github.com/wildfly/wildfly
wildfly,wildfly,27.0.0.Alpha5,Java,,w/wildfly/wildfly_ubi_8.5.sh,https://github.com/wildfly/wildfly.git
wildfly-client-config,wildfly-client-config,1.0.1.Final,Java,,w/wildfly-client-config/wildfly-client-config.sh,https://github.com/wildfly/wildfly-client-config
wildfly-common,wildfly-common,1.5.4.Final,Java,,w/wildfly-common/wildfly-common.sh,https://github.com/wildfly/wildfly-common
wildfly-operator,wildfly-operator,1.1.3,Go,Go:1.21.0,w/wildfly-operator/wildfly_operator.sh,https://github.com/wildfly/wildfly-operator.git
wildfly-operator,wildfly-operator,0.5.6,Go,,w/wildfly-operator/wildfly_operator_ubi_8.5.sh,https://github.com/wildfly/wildfly-operator.git
win-inet-pton,win-inet-pton,1.1.0,Python,,w/win-inet-pton/win-inet-pton.sh,https://github.com/hickeroar/win_inet_pton
window-or-global,window-or-global,v1.0.1,Node,,w/window-or-global/window-or-global.sh,https://github.com/purposeindustries/window-or-global.git
window-or-global,window-or-global,1.0.1,Node,,w/window-or-global/window-or-global_ubuntu_18.04.sh,https://github.com/purposeindustries/window-or-global.git
window-size,window-size,1.1.1,Node,,w/window-size/window-size.sh,https://github.com/jonschlinkert/window-size.git
wink,wink,1.4.0,Java,,w/wink/wink.sh,https://github.com/apache/wink.git
wink,wink,1.4.0,Java,,w/wink/wink_ubuntu_16.04.sh,https://github.com/apache/wink.git
winston,winston,v3.13.0,Node,Node:16,w/winston/winston.sh,https://github.com/winstonjs/winston
winston,winston,3.2.1,Node,,w/winston/winston_rhel_8.3.sh,https://github.com/winstonjs/winston
winston-transport,winston-transport,v4.7.0,Node,Node:16,w/winston-transport/winston-transport.sh,https://github.com/winstonjs/winston-transport
winston-transport,winston-transport,4.4.0,Node,,w/winston-transport/winston-transport_rhel_8.3.sh,https://github.com/winstonjs/winston-transport
with-open-file,with-open-file,0.1.7,Node,,w/with-open-file/with-open-file.sh,https://github.com/raphinesse/with-open-file
withr,withr,3.0.1,R,,w/withr/withr.sh,https://github.com/cran/withr.git
wkhtmltopdf,wkhtmltopdf,0.12.5-dev,Python,,w/wkhtmltopdf/wkhtmltopdf.sh,https://github.com/wkhtmltopdf/wkhtmltopdf
wkhtmltopdf,wkhtmltopdf,0.12.5-dev,Python,,w/wkhtmltopdf/wkhtmltopdf_ubuntu_16.04.sh,https://github.com/wkhtmltopdf/wkhtmltopdf
wlp-anttasks,wlp-anttasks,liberty-ant-tasks-1.9.4,Java,,w/wlp-anttasks/wlp-anttasks.sh,https://github.com/OpenLiberty/ci.ant.git
woodstox,woodstox,woodstox-core-7.0.0,Java,,w/woodstox/woodstox.sh,https://github.com/FasterXML/woodstox.git
word-count,word-count,0.2.2,Node,,w/word-count/word-count.sh,https://github.com/yuehu/word-count
word-wrap,word-wrap,v1.2.7,Node,Node:16,w/word-wrap/word-wrap.sh,https://github.com/aashutoshrathi/word-wrap
word-wrap,word-wrap,1.2.3,Node,,w/word-wrap/word-wrap_rhel_8.3.sh,https://github.com/jonschlinkert/word-wrap
worker-farm,worker-farm,1.5.1,Node,,w/worker-farm/worker-farm.sh,https://github.com/rvagg/node-worker-farm
worker-rpc,worker-rpc,0.1.1,Node,,w/worker-rpc/worker-rpc.sh,https://github.com/DirtyHairy/worker-rpc
wrap-ansi,wrap-ansi,${1:-,Node,,w/wrap-ansi/wrap-ansi.sh,https://github.com/chalk/wrap-ansi
wrap-ansi,wrap-ansi,6.2.0,Node,,w/wrap-ansi/wrap-ansi_rhel_8.3.sh,https://github.com/chalk/wrap-ansi
wrap-ansi,wrap-ansi,5.1.0,Node,,w/wrap-ansi/wrap-ansi_ubi8.sh,https://github.com/chalk/wrap-ansi
wrappy,wrappy,1.0.2,Node,,w/wrappy/wrappy.sh,https://github.com/npm/wrappy
wrapt,wrapt,1.14.1,Python,,w/wrapt/wrapt.sh,https://github.com/GrahamDumpleton/wrapt/
wreck,wreck,v15.1.0,Node,,w/wreck/wreck.sh,https://github.com/hapijs/wreck.git
write,write,0.2.1,Node,,w/write/write.sh,https://github.com/jonschlinkert/write
write-file-atomic,write-file-atomic,v3.0.3,Node,,w/write-file-atomic/write-file-atomic.sh,https://github.com/npm/write-file-atomic
write-file-atomic,write-file-atomic,2.4.1,Node,,w/write-file-atomic/write-file-atomic_rhel_8.3.sh,https://github.com/npm/write-file-atomic
ws,ws,7.4.4,Node,,w/ws/ws.sh,https://github.com/websockets/ws
ws,ws,master,Node,,w/ws/ws_master.sh,https://github.com/websockets/ws
ws,ws,7.4.4,Node,,w/ws/ws_rhel_8.3.sh,https://github.com/websockets/ws
ws-xmlschema,ws-xmlschema,xmlschema-2.2.2,Java,,w/ws-xmlschema/ws-xmlschema.sh,https://github.com/apache/ws-xmlschema.git
exp,exp,b0d78118,Go,,x/exp/x_exp.sh,https://go.googlesource.com/exp
image,image,c73c2afc3b81,Go,,x/image/x_image.sh,https://go.googlesource.com/image
x-is-string,x-is-string,0.1.0,Node,,x/x-is-string/x-is-string.sh,https://github.com/Matt-Esch/x-is-string
x256,x256,0.0.2,Node,,x/x256/x256.sh,https://github.com/substack/node-x256
xalan-j,xalan-j,xalan-j_2_7_2,Java,,x/xalan-j/xalan-j_v2.7.2.sh,https://github.com/apache/xalan-j
xalan-j,xalan-j,xalan-j_2_7_2,Java,,x/xalan-j/xalan-j_v2.7.2_ubuntu_18.04.sh,https://github.com/apache/xalan-j
xarray-einstats,xarray-einstats,v0.7.0,Python,,x/xarray-einstats/xarray-einstats.sh,https://github.com/arviz-devs/xarray-einstats.git
xattr,xattr,v1.1.4,Python,,x/xattr/xattr.sh,https://github.com/xattr/xattr
xbean,xbean,4.8,Java,,x/xbean/xbean.sh,https://github.com/apache/geronimo-xbean.git
xdg-basedir,xdg-basedir,4.0.0,Node,,x/xdg-basedir/xdg-basedir.sh,https://github.com/sindresorhus/xdg-basedir
xebia-servlet-extras,xebia-servlet-extras,xebia-servlet-extras-1.0.8,Java,,x/xebia-servlet-extras/xebia-servlet-extras.sh,https://github.com/xebia-france/xebia-servlet-extras.git
xeipuuv__gojsonpointer,xeipuuv/gojsonpointer,6fe8760cad3569743d51ddbb243b26f8456742dc,Go,,x/xeipuuv__gojsonpointer/xeipuuv__gojsonpointer.sh,https://github.com/xeipuuv/gojsonpointer
xeipuuv__gojsonpointer,xeipuuv/gojsonpointer,6fe8760cad3569743d51ddbb243b26f8456742dc,Go,,x/xeipuuv__gojsonpointer/xeipuuv__gojsonpointer_rhel_8.3.sh,https://github.com/xeipuuv/gojsonpointer
xeipuuv__gojsonpointer,gojsonpointer,02993c407bfbf5f6dae44c4f4b1cf6a39b5fc5bb,Go,,x/xeipuuv__gojsonpointer/xeipuuv_gojsonpointer.sh,https://github.com/xeipuuv/gojsonpointer
xeipuuv__gojsonreference,xeipuuv/gojsonreference,e02fc20de94c78484cd5ffb007f8af96be030a45,Go,,x/xeipuuv__gojsonreference/xeipuuv__gojsonreference.sh,https://github.com/xeipuuv/gojsonreference
xeipuuv__gojsonreference,xeipuuv/gojsonreference,e02fc20de94c78484cd5ffb007f8af96be030a45,Go,,x/xeipuuv__gojsonreference/xeipuuv__gojsonreference_rhel_8.3.sh,https://github.com/xeipuuv/gojsonreference
xeipuuv__gojsonreference,gojsonreference,bd5ef7bd5415a7ac448318e64f11a24cd21e594b,Go,,x/xeipuuv__gojsonreference/xeipuuv_gojsonreference.sh,https://github.com/xeipuuv/gojsonreference
xeipuuv__gojsonschema,xeipuuv/gojsonschema,v1.2.0,Go,,x/xeipuuv__gojsonschema/xeipuuv__gojsonschema.sh,https://github.com/xeipuuv/gojsonschema
xerces2-j,xerces2-j,Xerces-J_2_10_0,Java,,x/xerces2-j/xerces2-j_2.10.0.sh,https://github.com/apache/xerces2-j
xformers,xformers,v0.0.29,Python,,x/xformers/xformers.sh,https://github.com/facebookresearch/xformers.git
xgboost,PACKAGE_NAME,v1.0.0,Python,,x/xgboost/xgboost-cpu.sh,https://github.com/org/repo
xgboost,xgboost,0.71,Python,,x/xgboost/xgboost-cpu_ubuntu_16.04.sh,https://github.com/dmlc/xgboost
xgboost,PACKAGE_NAME,v1.0.0,Python,,x/xgboost/xgboost-gpu.sh,https://github.com/org/repo
xgboost,xgboost,0.71,Python,,x/xgboost/xgboost-gpu_ubuntu_16.04.sh,https://github.com/dmlc/xgboost
xgboost,xgboost,v1.6.2,Python,,x/xgboost/xgboost.sh,https://github.com/dmlc/xgboost
xgboost,xgboost,v3.0.1,Python,,x/xgboost/xgboost_3.0.1.sh,https://github.com/dmlc/xgboost
xgboost,xgboost,v1.6.2,Python,,x/xgboost/xgboost_ubi_9.3.sh,https://github.com/dmlc/xgboost
xi2__xz,xz,48954b6210f8d154cb5f8484d3a3e1f83489309e,Go,,x/xi2__xz/xi2__xz.sh,https://github.com/xi2/xz
xi2__xz,xi2/xz,48954b6210f8d154cb5f8484d3a3e1f83489309e,Go,,x/xi2__xz/xi2__xz_rhel_8.3.sh,https://github.com/xi2/xz
xiang90__probing,probing,07dd2e8dfe18522e9c447ba95f2fe95262f63bb2,Go,,x/xiang90__probing/xiang90__probing.sh,https://github.com/xiang90/probing
xiang90__probing,xiang90/probing,07dd2e8dfe18522e9c447ba95f2fe95262f63bb2,Go,,x/xiang90__probing/xiang90__probing_rhel_8.3.sh,https://github.com/xiang90/probing
xlsxwriter,xlsxwriter,RELEASE_3.1.9,Python,,x/xlsxwriter/xlsxwriter.sh,https://github.com/jmcnamara/XlsxWriter.git
xlsxwriter,xlsxwriter,v1.2.8,Python,,x/xlsxwriter/xlsxwriter_rhel_7.6.sh,https://github.com/jmcnamara/XlsxWriter.git
xml-crypto,xml-crypto,v4.1.0,Node,Node:16,x/xml-crypto/xml-crypto.sh,https://github.com/node-saml/xml-crypto
xml-crypto,xml-crypto,1.5.3,Node,,x/xml-crypto/xml-crypto_rhel_8.3.sh,https://github.com/yaronn/xml-crypto
xml-language-server,xml-language-server,NA,Java,,x/xml-language-server/xml-language-server.sh,https://github.com/microclimate-devops/xml-language-server.git
xml-language-server,xml-language-server,NA,Java,,x/xml-language-server/xml-language-server_ubuntu_16.04.sh,https://github.com/microclimate-devops/xml-language-server.git
xml-name-validator,xml-name-validator,3.0.0,Node,,x/xml-name-validator/xml-name-validator.sh,https://github.com/jsdom/xml-name-validator
xml-path,rest-assured,rest-assured-3.3.0,Java,,x/xml-path/xmlpath.sh,https://github.com/rest-assured/rest-assured.git
xmlbeans,xmlbeans,REL_5_0_2,Java,,x/xmlbeans/xmlbeans.sh,https://github.com/apache/xmlbeans.git
xmlchars,xmlchars,2.2.0,Node,,x/xmlchars/xmlchars.sh,https://github.com/lddubeau/xmlchars
xmldom,xmldom,0.5.0,Node,,x/xmldom/xmldom.sh,https://github.com/xmldom/xmldom
xmlenc,xmlenc,0.52,Java,,x/xmlenc/xmlenc.sh,https://github.com/znerd/xmlenc/
xmlpull,xmlpull,xmlpull-xpp3-parent-1.2.0,Java,,x/xmlpull/xmlpull.sh,https://github.com/xmlpull-xpp3/xmlpull-xpp3.git
xmlpull,xmlpull,xmlpull-parent-1.1.3.3,Java,,x/xmlpull/xmlpull_ubi_8.3.sh,https://github.com/karlmdavis/xmlpull.git
xmlpull,PACKAGE_NAME,xmlpull-xpp3-parent-1.2.0,Java,,x/xmlpull/xmlpull_ubi_8_3.sh,https://github.com/org/repo
xmlpull,xmlpull,1.0.5,Java,,x/xmlpull/xmlpull_ubuntu_16.04.sh,http://www.xmlpull.org/v1/download/xmlpull_1_0_5_src.tgz
xmlrpc2,conda.recipe,v1.0.0,Python,,x/xmlrpc2/build.sh,https://github.com/org/repo
xmlrpc2,xmlrpc2,0.3.1,Python,,x/xmlrpc2/xmlrpc2_ubuntu_16.04_py27.sh,https://github.com/dstufft/xmlrpc2
xnio,xnio,3.8.15.Final,Java,,x/xnio/xnio.sh,https://github.com/xnio/xnio
xnio,xnio,3.6.3,Java,,x/xnio/xnio_ubuntu_18.04.sh,https://github.com/xnio/xnio.git
xpath,xpath,0.0.27,Node,,x/xpath/xpath.sh,https://github.com/goto100/xpath
xregexp,xregexp,3.2.0,Node,,x/xregexp/xregexp.sh,https://github.com/slevithan/xregexp.git
xregexp,xregexp,3.2.0,Node,,x/xregexp/xregexp_ubuntu_16.04.sh,https://github.com/slevithan/xregexp.git
xstyle,xstyle,0.2.0,Node,,x/xstyle/xstyle.sh,https://github.com/kriszyp/xstyle.git
xtend,xtend,4.0.2,Node,,x/xtend/xtend.sh,https://github.com/Raynos/xtend
xtgo__uuid,xtgo/uuid,a0b114877d4caeffbd7f87e3757c17fce570fea7,Go,,x/xtgo__uuid/xtgo__uuid.sh,https://github.com/xtgo/uuid
xtgo__uuid,xtgo/uuid,a0b114877d4caeffbd7f87e3757c17fce570fea7,Go,,x/xtgo__uuid/xtgo__uuid_rhel_8.3.sh,https://github.com/xtgo/uuid
xtgo__uuid,uuid,a0b114877d4caeffbd7f87e3757c17fce570fea7,Go,,x/xtgo__uuid/xtgo_uuid.sh,https://github.com/xtgo/uuid
xz,xz,1.8,Java,,x/xz/xz.sh,https://git.tukaani.org/xz-java.git
xz-java,xz-java,v1.6,Java,,x/xz-java/xz-java.sh,https://github.com/tukaani-project/xz-java
xz-java,xz-java,v1.6,Java,,x/xz-java/xz-java_ubi_9.3.sh,https://github.com/tukaani-project/xz-java
xz-java,xz-java,v1.10,Java,,x/xz-java/xz-java_v1_10.sh,https://github.com/tukaani-project/xz-java
y18n,y18n,5.0.8,Node,,y/y18n/y18n.sh,https://github.com/yargs/y18n
yaeti,yaeti,0.0.6,Node,,y/yaeti/yaeti.sh,https://github.com/ibc/yaeti.git
yallist,yallist,v4.0.0,Node,Node:16,y/yallist/yallist.sh,https://github.com/isaacs/yallist
yallist,yallist,4.0.0,Node,,y/yallist/yallist_rhel_8.3.sh,https://github.com/isaacs/yallist
yaml,go-yaml/yaml,v2.2.8,Go,,y/yaml/yaml.sh,https://github.com/go-yaml/yaml.git
yaml,yaml,670d4cfef05,Go,,y/yaml/yaml_670d4cfef05.sh,https://github.com/go-yaml/yaml
yaml,yaml,670d4cfef05,Go,,y/yaml/yaml_670d4cfef05_ubi_8.5.sh,https://github.com/go-yaml/yaml
yaml,yaml,master,Go,,y/yaml/yaml_master.sh,https://github.com/go-yaml/yaml
yaml,yaml,master,Go,,y/yaml/yaml_master_UBI_8.5.sh,https://github.com/go-yaml/yaml
yaml,yaml,v1.10.0,Node,,y/yaml/yaml_rhel_7.6.sh,https://github.com/eemeli/yaml.git
yaml,yaml,"v2.4.0,v2.3.0",Go,,y/yaml/yaml_ubi_8.4.sh,https://github.com/go-yaml/yaml
yamljs,yamljs,0.3.0,Node,,y/yamljs/yamljs.sh,https://github.com/jeremyfa/yaml.js
yargs,yargs,v17.7.2,Node,Node:20,y/yargs/yargs.sh,https://github.com/yargs/yargs
yargs,yargs,14.2.3,Node,,y/yargs/yargs_rhel_8.3.sh,https://github.com/yargs/yargs
yargs,yargs,v17.7.2,Node,,y/yargs/yargs_ubi_8.7.sh,https://github.com/yargs/yargs
yargs,yargs,v12.0.5,Node,,y/yargs/yargs_v12.0.5.sh,https://github.com/yargs/yargs
yargs,yargs,v12.0.5,Node,,y/yargs/yargs_v12.0.5_ubi8.5.sh,https://github.com/yargs/yargs
yargs-parser,yargs-parser,yargs-parser-v21.1.1,Node,Node:20,y/yargs-parser/yargs-parser.sh,https://github.com/yargs/yargs-parser
yargs-parser,yargs-parser,20.2.7,Node,,y/yargs-parser/yargs-parser_rhel_8.3.sh,https://github.com/yargs/yargs-parser
yargs-parser,yargs-parser,yargs-parser-v21.1.1,Node,,y/yargs-parser/yargs-parser_ubi_8.7.sh,https://github.com/yargs/yargs-parser
yargs-unparser,yargs-unparser,${1:-,Node,,y/yargs-unparser/yargs-unparser.sh,https://github.com/yargs/yargs-unparser.git
yargs-unparser,yargs-unparser,v1.6.0,Node,,y/yargs-unparser/yargs-unparser_rhel_8.3.sh,https://github.com/yargs/yargs-unparser
yarl,yarl,v1.18.3,Python,,y/yarl/yarl.sh,https://github.com/aio-libs/yarl
yauzl,yauzl,2.10.0,Node,,y/yauzl/yauzl.sh,https://github.com/thejoshwolfe/yauzl
yeoman-environment,environment,v2.8.0,Node,,y/yeoman-environment/yeoman-environment.sh,https://github.com/yeoman/environment.git
yeoman-generator,yeoman-generator,4.13.0,Node,,y/yeoman-generator/yeoman-generator.sh,https://github.com/yeoman/generator
ylru,ylru,1.2.1,Node,,y/ylru/ylru.sh,https://github.com/node-modules/ylru
yocto-queue,yocto-queue,0.1.0,Node,,y/yocto-queue/yocto-queue.sh,https://github.com/sindresorhus/yocto-queue
Zconfig,ZConfig,4.2,Python,,z/Zconfig/Zconfig.sh,https://github.com/zopefoundation/ZConfig
Zconfig,ZConfig,3.5.0,Python,,z/Zconfig/Zconfig_rhel_8.3.sh,https://github.com/zopefoundation/ZConfig/
z-schema,z-schema,v6.0.1,Node,,z/z-schema/z-schema.sh,https://github.com/zaggino/z-schema.git
z-schema,z-schema,$1,Node,,z/z-schema/z-schema_rhel_8_4.sh,https://github.com/zaggino/z-schema.git
zabbix,zabbix,7.4.1,PHP,,z/zabbix/zabbix.sh,https://github.com/zabbix/zabbix.git
zabbix,zabbix,6.2.3rc2,PHP,,z/zabbix/zabbix_ubi_8.sh,https://github.com/zabbix/zabbix.git
zap,zap,${1:-,Go,"Go:""1.21.9""",z/zap/zap.sh,https://github.com/uber-go/zap
zap,zap,${1:-,Go,"Go:""1.16""",z/zap/zap_ubi_8.5.sh,https://github.com/uber-go/zap
zap,zap,${1:-,Go,"Go:""1.20.1""",z/zap/zap_ubi_8_7.sh,https://github.com/uber-go/zap
zapr,github.com/go-logr/zapr,v0.1.1,Go,,z/zapr/github.com__go-logr__zapr.sh,https://github.com/go-logr/zapr
zapr,github.com/go-logr/zapr,v0.1.1,Go,,z/zapr/github.com__go-logr__zapr_rhel_8.3.sh,https://github.com/go-logr/zapr
zapr,PACKAGE_NAME,v1.0.0,Go,,z/zapr/github.com_go-logr_zapr_0.1.0.sh,https://github.com/org/repo
zapr,zapr,v0.1.0,Go,,z/zapr/github.com_go-logr_zapr_0.1.0_rhel_8.4.sh,https://github.com/go-logr/zapr
zapr,zapr,v1.3.0,Go,Go:1.20.1,z/zapr/zapr.sh,https://github.com/go-logr/zapr
zaproxy,zaproxy,v2.14.0,Java,,z/zaproxy/zaproxy.sh,https://github.com/zaproxy/zaproxy.git
zbar-py,zbar-py,master,Python,Python:3.6,z/zbar-py/zbar-py.sh,https://github.com/zplab/zbar-py
zendframework__zend-diactoros,zendframework/zend-diactoros,1.8.7,PHP,,z/zendframework__zend-diactoros/zendframework__zend-diactoros.sh,https://github.com/zendframework/zend-diactoros
zimbra,zimbra,9.0.0-7-g0c716,Java,,z/zimbra/zimbra.sh,https://github.com/Zimbra/zm-build.git
zip,zip,2.3.1,R,,z/zip/zip.sh,https://github.com/cran/zip
zip-stream,zip-stream,1.2.0,Node,,z/zip-stream/zip-stream.sh,https://github.com/archiverjs/node-zip-stream
zipkin,docker,v1.0.0,Node,,z/zipkin/install.sh,https://github.com/org/repo
zipkin,2.24.2_ubi_8_7,v1.0.0,Java,,z/zipkin/pre-requisite.sh,https://github.com/openzipkin/docker-alpine.git
zipkin,zipkin,3.3.0,Java,,z/zipkin/zipkin.sh,https://github.com/openzipkin/zipkin
zipkin,zipkin,2.20.0,Java,,z/zipkin/zipkin_ubi_8.5.sh,https://github.com/openzipkin/zipkin
zipkin,zipkin,2.24.2,Java,,z/zipkin/zipkin_ubi_8_7.sh,https://github.com/openzipkin/zipkin
zipkin-go,github.com/openzipkin/zipkin-go,v0.2.2,Go,,z/zipkin-go/github.com__openzipkin__zipkin-go.sh,https://github.com/openzipkin/zipkin-go
zipkin-go,github.com/openzipkin/zipkin-go,v0.2.2,Go,,z/zipkin-go/github.com__openzipkin__zipkin-go_rhel_8.3.sh,https://github.com/openzipkin/zipkin-go
zipkin-go,zipkin-go,v0.4.2,Go,Go:1.20.1,z/zipkin-go/zipkin-go.sh,https://github.com/openzipkin/zipkin-go
zipkin-go-opentracing,zipkin-go-opentracing,v0.4.5,Go,,z/zipkin-go-opentracing/zipkin-go-opentracing.sh,https://github.com/openzipkin-contrib/zipkin-go-opentracing
ziplet,ziplet,ziplet-2.4.1,Java,,z/ziplet/pjl-comp-filter.sh,https://github.com/ziplet/ziplet
zipstream_php,ZipStream-PHP,2.1.0,PHP,,z/zipstream_php/zipstream-php_2.1.0.sh,https://github.com/maennchen/ZipStream-PHP
zjsonpatch,zjsonpatch,0.4.16,Java,,z/zjsonpatch/zjsonpatch.sh,https://github.com/flipkart-incubator/zjsonpatch
zjsonpatch,zjsonpatch,"0.4.4, 0.4.10",Java,,z/zjsonpatch/zjsonpatch_rhel_7.6.sh,https://github.com/flipkart-incubator/zjsonpatch
zjsonpatch,zjsonpatch,0.4.11,Node,,z/zjsonpatch/zjsonpatch_ubuntu_18.04.sh,https://github.com/flipkart-incubator/zjsonpatch
zmq,zmq,2.15.3,Node,,z/zmq/zmq.sh,https://github.com/JustinTulloss/zeromq.node.git
zoo,zoo,1.8-12,R,,z/zoo/zoo.sh,https://github.com/cran/zoo.git
zooinspector,zooinspector,1.0,Java,,z/zooinspector/zooinspector.sh,https://github.com/zzhang5/zooinspector.git
zookeeper,zookeeper,release-3.9.2,Java,,z/zookeeper/zookeeper.sh,https://github.com/apache/zookeeper
zookeeper,zookeeper,3.6.2,Java,,z/zookeeper/zookeeper_UBI_8_3.sh,https://github.com/apache/zookeeper.git
zookeeper,zookeeper,3.5.5,Java,,z/zookeeper/zookeeper_rhel_7.6.sh,https://github.com/apache/zookeeper.git
zookeeper,zookeeper,release-3.7.0,Python,,z/zookeeper/zookeeper_ubi_8.5.sh,https://github.com/apache/zookeeper.git
zope-interface,zope.interface,8.0,Python,,z/zope-interface/zope-interface.sh,https://github.com/zopefoundation/zope.interface.git
zope-interface,zope-interface,4.4.3,Python,,z/zope-interface/zope-interface_ubuntu_16.04.sh,https://github.com/zopefoundation/zope.interface
zstd,zstd,v1.5.6.1,Python,,z/zstd/zstd.sh,https://github.com/sergey-dryabzhinsky/python-zstd.git
zstd-jni,rhel79,master,Java,,z/zstd-jni/build.sh,https://github.com/luben/zstd-jni
zxcvbn-go,zxcvbn-go,ae427f1e4c1d,Go,,z/zxcvbn-go/zxcvbn-go.sh,https://github.com/nbutton23/zxcvbn-go.git
