
[0;34m======================================================================[0m
[0;34mPowerCore Version Fetcher Pipeline[0m
[0;34m======================================================================[0m

Script directory: /home/gerrit/src/PowerCore/02-DatabaseAPI/scripts/version_fetchers
Version data directory: /home/gerrit/src/PowerCore/02-DatabaseAPI/scripts/version_fetchers/../version_data
Build scripts repository: /home/gerrit/src/build-scripts-v2


[0;34m======================================================================[0m
[0;34mStep 0: Checking Prerequisites[0m
[0;34m======================================================================[0m

[0;32m✓ Python: Python 3.13.11[0m
[1;33mℹ Checking Python packages...[0m
[0;32m✓ requests installed[0m
[1;33mℹ Checking build-scripts repository...[0m
[0;32m✓ Found: /home/gerrit/src/build-scripts-v2[0m
[0;32m✓ Found: extract_build_script_info.py[0m

[0;34m======================================================================[0m
[0;34mStep 1: Generating Input Lists from Build Scripts[0m
[0;34m======================================================================[0m

[1;33mℹ Running: python3 extract_build_script_info.py --input /home/gerrit/src/build-scripts-v2 --output /home/gerrit/src/PowerCore/02-DatabaseAPI/scripts/version_fetchers/../version_data/build_scripts.csv[0m
Scanning build scripts in: /home/gerrit/src/build-scripts-v2
Output file: /home/gerrit/src/PowerCore/02-DatabaseAPI/scripts/version_fetchers/../version_data/build_scripts.csv

Finding build scripts...
Found 6532 build scripts

Parsing build scripts...
  Processed 100/6532 scripts...
  Processed 200/6532 scripts...
  Processed 300/6532 scripts...
  Processed 400/6532 scripts...
  Processed 500/6532 scripts...
  Processed 600/6532 scripts...
  Processed 700/6532 scripts...
  Processed 800/6532 scripts...
  Processed 900/6532 scripts...
  Processed 1000/6532 scripts...
  Processed 1100/6532 scripts...
  Processed 1200/6532 scripts...
  Processed 1300/6532 scripts...
  Processed 1400/6532 scripts...
  Processed 1500/6532 scripts...
  Processed 1600/6532 scripts...
  Processed 1700/6532 scripts...
  Processed 1800/6532 scripts...
  Processed 1900/6532 scripts...
  Processed 2000/6532 scripts...
  Processed 2100/6532 scripts...
  Processed 2200/6532 scripts...
  Processed 2300/6532 scripts...
  Processed 2400/6532 scripts...
  Processed 2500/6532 scripts...
  Processed 2600/6532 scripts...
  Processed 2700/6532 scripts...
  Processed 2800/6532 scripts...
  Processed 2900/6532 scripts...
  Processed 3000/6532 scripts...
  Processed 3100/6532 scripts...
  Processed 3200/6532 scripts...
  Processed 3300/6532 scripts...
  Processed 3400/6532 scripts...
  Processed 3500/6532 scripts...
  Processed 3600/6532 scripts...
  Processed 3700/6532 scripts...
  Processed 3800/6532 scripts...
  Processed 3900/6532 scripts...
  Processed 4000/6532 scripts...
  Processed 4100/6532 scripts...
  Processed 4200/6532 scripts...
  Processed 4300/6532 scripts...
  Processed 4400/6532 scripts...
  Processed 4500/6532 scripts...
  Processed 4600/6532 scripts...
  Processed 4700/6532 scripts...
  Processed 4800/6532 scripts...
  Processed 4900/6532 scripts...
  Processed 5000/6532 scripts...
  Processed 5100/6532 scripts...
  Processed 5200/6532 scripts...
  Processed 5300/6532 scripts...
  Processed 5400/6532 scripts...
  Processed 5500/6532 scripts...
  Processed 5600/6532 scripts...
  Processed 5700/6532 scripts...
  Processed 5800/6532 scripts...
  Processed 5900/6532 scripts...
  Processed 6000/6532 scripts...
  Processed 6100/6532 scripts...
  Processed 6200/6532 scripts...
  Processed 6300/6532 scripts...
  Processed 6400/6532 scripts...
  Processed 6500/6532 scripts...
  Processed 6532/6532 scripts
  Parsed: 6532
  Skipped: 0

Writing CSV to /home/gerrit/src/PowerCore/02-DatabaseAPI/scripts/version_fetchers/../version_data/build_scripts.csv...
✓ Wrote 6532 entries to /home/gerrit/src/PowerCore/02-DatabaseAPI/scripts/version_fetchers/../version_data/build_scripts.csv

Statistics:
  Total scripts: 6532
  With package_name: 6532
  With package_url: 6519
  With language: 6519
  With language_versions: 468

Language breakdown:
  Node           : 2586 scripts
  Java           : 1341 scripts
  Go             : 1242 scripts
  Python         :  875 scripts
  PHP            :  345 scripts
  Ruby           :   68 scripts
  R              :   62 scripts
  Unknown        :   13 scripts
[0;32m✓ Generated: /home/gerrit/src/PowerCore/02-DatabaseAPI/scripts/version_fetchers/../version_data/build_scripts.csv[0m
[1;33mℹ Generating ecosystem-specific lists...[0m
[0;32m✓ ruby2.list (68 packages)[0m
[0;32m✓ go2.list (1242 packages)[0m
[0;32m✓ node2.list (2586 packages)[0m
[0;32m✓ python2.list (875 packages)[0m
[0;32m✓ java2.list (1341 packages)[0m
[0;32m✓ php2.list (345 packages)[0m

[0;34m======================================================================[0m
[0;34mStep 2: Setting Up Output Directory[0m
[0;34m======================================================================[0m

[0;32m✓ Directory exists: /home/gerrit/src/PowerCore/02-DatabaseAPI/scripts/version_fetchers/../version_data[0m

[0;34m======================================================================[0m
[0;34mStep 3: Running Version Fetchers[0m
[0;34m======================================================================[0m


[0;34m--- Processing: ruby ---[0m
[1;33mℹ Running: python3 fetch_ruby_versions.py[0m
[1;33mℹ   Input:  /home/gerrit/src/PowerCore/02-DatabaseAPI/scripts/version_fetchers/../version_data/ruby2.list[0m
[1;33mℹ   Output: /home/gerrit/src/PowerCore/02-DatabaseAPI/scripts/version_fetchers/../version_data/ruby_versions.json[0m
[1;33mℹ   Errors: /home/gerrit/src/PowerCore/02-DatabaseAPI/scripts/version_fetchers/../version_data/ruby_errors.json[0m
======================================================================
RUBY GEM VERSION FETCHER (with GitHub fallback)
======================================================================
Input file: /home/gerrit/src/PowerCore/02-DatabaseAPI/scripts/version_fetchers/../version_data/ruby2.list
Start index: 0
Count: all
Mode: RubyGems only

ℹ️  GitHub fallback disabled (RubyGems.org should have all gems)

Reading /home/gerrit/src/PowerCore/02-DatabaseAPI/scripts/version_fetchers/../version_data/ruby2.list...
✓ Found 69 Ruby packages

Processing packages 0 to 68

✓ Loaded 41 existing mappings
[1/69] package_name
  Gem: package_name
  Trying RubyGems.org...
  ✗ Not found on RubyGems.org
  ✗ No versions found from any source

[2/69] apisonator
  ✓ Already cached (24 versions)
[3/69] redhat_ubi8
  Note: Using '3scale-operator-metadata' instead of 'redhat_ubi8'
  Gem: 3scale-operator-metadata
  Trying RubyGems.org...
  ✗ Not found on RubyGems.org
  ✗ No versions found from any source

[4/69] zync
  Gem: zync
  Trying RubyGems.org...
  ✗ Not found on RubyGems.org
  ✗ No versions found from any source

[5/69] redhat_ubi8
  Note: Using '3scale-zync' instead of 'redhat_ubi8'
  Gem: 3scale-zync
  Trying RubyGems.org...
  ✗ Not found on RubyGems.org
  ✗ No versions found from any source

[6/69] redhat_ubi8
  Note: Using '3scale_apicast-operator-metadata' instead of 'redhat_ubi8'
  Gem: 3scale_apicast-operator-metadata
  Trying RubyGems.org...
  ✗ Not found on RubyGems.org
  ✗ No versions found from any source

[7/69] 3scale_toolbox
  ✓ Already cached (34 versions)
[8/69] 3scale_toolbox
  ✓ Already cached (34 versions)
[9/69] jekyll-theme-architect
  ✓ Already cached (7 versions)
[10/69] bump
  ✓ Already cached (34 versions)
[11/69] chef
  ✓ Already cached (395 versions)
[12/69] crass
  ✓ Already cached (12 versions)
[13/69] crass
  ✓ Already cached (12 versions)
[14/69] docile
  ✓ Already cached (24 versions)
[15/69] em-websocket
  ✓ Already cached (23 versions)
[16/69] erubi
  ✓ Already cached (18 versions)
[17/69] flog
  ✓ Already cached (51 versions)
[18/69] fluentd
  ✓ Already cached (241 versions)
[19/69] PACKAGE_NAME
  Gem: package_name
  Trying RubyGems.org...
  ✗ Not found on RubyGems.org
  ✗ No versions found from any source

[20/69] fluentd
  ✓ Already cached (241 versions)
[21/69] fluentd
  ✓ Already cached (241 versions)
[22/69] fluentd
  ✓ Already cached (241 versions)
[23/69] fluentd
  ✓ Already cached (241 versions)
[24/69] gemoji
  ✓ Already cached (25 versions)
[25/69] jekyll
  ✓ Already cached (152 versions)
[26/69] jekyll-commonmark
  ✓ Already cached (9 versions)
[27/69] jekyll-seo-tag
  ✓ Already cached (27 versions)
[28/69] jekyll-sitemap
  ✓ Already cached (26 versions)
[29/69] swiss
  ✓ Already cached (1 versions)
[30/69] cayman
  Gem: cayman
  Trying RubyGems.org...
  ✗ Not found on RubyGems.org
  ✗ No versions found from any source

[31/69] dinky
  Gem: dinky
  Trying RubyGems.org...
  ✗ Not found on RubyGems.org
  ✗ No versions found from any source

[32/69] hacker
  ✓ Already cached (1 versions)
[33/69] leap-day
  Gem: leap-day
  Trying RubyGems.org...
  ✗ Not found on RubyGems.org
  ✗ No versions found from any source

[34/69] midnight
  ✓ Already cached (2 versions)
[35/69] minimal
  ✓ Already cached (24 versions)
[36/69] modernist
  Gem: modernist
  Trying RubyGems.org...
  ✗ Not found on RubyGems.org
  ✗ No versions found from any source

[37/69] primer
  ✓ Already cached (4 versions)
[38/69] slate
  ✓ Already cached (15 versions)
[39/69] tactile
  Gem: tactile
  Trying RubyGems.org...
  ✗ Not found on RubyGems.org
  ✗ No versions found from any source

[40/69] time-machine
  Gem: time-machine
  Trying RubyGems.org...
  ✗ Not found on RubyGems.org
  ✗ No versions found from any source

[41/69] jruby
  Gem: jruby
  Trying RubyGems.org...
  ✗ Not found on RubyGems.org
  ✗ No versions found from any source

[42/69] logstash-filter-geoip
  ✓ Already cached (70 versions)
[43/69] logstash-output-elasticsearch
  ✓ Already cached (233 versions)
[44/69] method_source
  ✓ Already cached (29 versions)
[45/69] mongo-ruby-driver
  Gem: mongo-ruby-driver
  Trying RubyGems.org...
  ✗ Not found on RubyGems.org
  ✗ No versions found from any source

[46/69] mongo-ruby-driver
  Gem: mongo-ruby-driver
  Trying RubyGems.org...
  ✗ Not found on RubyGems.org
  ✗ No versions found from any source

[47/69] net-dns
  ✓ Already cached (16 versions)
[48/69] opentelemetry-ruby
  Gem: opentelemetry-ruby
  Trying RubyGems.org...
  ✗ Not found on RubyGems.org
  ✗ No versions found from any source

[49/69] opentelemetry-ruby-contrib
  Gem: opentelemetry-ruby-contrib
  Trying RubyGems.org...
  ✗ Not found on RubyGems.org
  ✗ No versions found from any source

[50/69] parser
  ✓ Already cached (165 versions)
[51/69] path_expander
  ✓ Already cached (12 versions)
[52/69] porta
  Gem: porta
  Trying RubyGems.org...
  ✗ Not found on RubyGems.org
  ✗ No versions found from any source

[53/69] pry
  ✓ Already cached (165 versions)
[54/69] rails-html-sanitizer
  ✓ Already cached (19 versions)
[55/69] rb-inotify
  ✓ Already cached (34 versions)
[56/69] rspec-cells
  ✓ Already cached (35 versions)
[57/69] rubyzip
  ✓ Already cached (47 versions)
[58/69] rubyzip
  ✓ Already cached (47 versions)
[59/69] rubyzip
  ✓ Already cached (47 versions)
[60/69] listen
  ✓ Already cached (114 versions)
[61/69] sensu
  ✓ Already cached (236 versions)
[62/69] simplecov-console
  ✓ Already cached (21 versions)
[63/69] smash-the-state
  Gem: smash-the-state
  Trying RubyGems.org...
  ✗ Not found on RubyGems.org
  ✗ No versions found from any source

[64/69] async
  ✓ Already cached (155 versions)
[65/69] terminal-table
  ✓ Already cached (22 versions)
[66/69] to_words
  ✓ Already cached (4 versions)
[67/69] <PACKAGE_NAME>
  Gem: <package_name>
  Trying RubyGems.org...
  ✗ Not found on RubyGems.org
  ✗ No versions found from any source

[68/69] unicode-display_width
  ✓ Already cached (49 versions)
[69/69] websocket-driver-ruby
  ✓ Already cached (1 versions)
Saving results...

======================================================================
SUMMARY
======================================================================
Total processed: 69
Skipped (cached): 49
RubyGems success: 0
GitHub success: 0
Both sources: 0
Failed: 20

✓ Mappings saved to: /home/gerrit/src/PowerCore/02-DatabaseAPI/scripts/version_fetchers/../version_data/ruby_versions.json
✓ Errors saved to: /home/gerrit/src/PowerCore/02-DatabaseAPI/scripts/version_fetchers/../version_data/ruby_errors.json
[0;32m✓ Completed: ruby[0m

[0;34m--- Processing: go ---[0m
[1;33mℹ Running: python3 fetch_go_versions_enhanced.py[0m
[1;33mℹ   Input:  /home/gerrit/src/PowerCore/02-DatabaseAPI/scripts/version_fetchers/../version_data/go2.list[0m
[1;33mℹ   Output: /home/gerrit/src/PowerCore/02-DatabaseAPI/scripts/version_fetchers/../version_data/go_versions.json[0m
[1;33mℹ   Errors: /home/gerrit/src/PowerCore/02-DatabaseAPI/scripts/version_fetchers/../version_data/go_errors.json[0m
======================================================================
ENHANCED GO VERSION FETCHER (with GitHub fallback)
======================================================================
Input file: /home/gerrit/src/PowerCore/02-DatabaseAPI/scripts/version_fetchers/../version_data/go2.list
Start index: 0
Count: all
Mode: Go proxy + GitHub fallback

✓ Using GITHUB_TOKEN from environment

Reading /home/gerrit/src/PowerCore/02-DatabaseAPI/scripts/version_fetchers/../version_data/go2.list...
✓ Found 1243 Go packages

Processing packages 0 to 1242

✓ Loaded 908 existing mappings
[1/1243] package_name
  ✗ Could not extract module path
[2/1243] Dockerfiles
  ✓ Already cached (17 versions) [0.00s]
[3/1243] 3scale-operator
  ✓ Already cached (49 versions) [0.00s]
[4/1243] 3scale_toolbox
  ✓ Already cached (42 versions) [0.00s]
[5/1243] abyss
  ✓ Already cached (35 versions) [0.00s]
[6/1243] activemq-artemis-operator
  ✓ Already cached (100 versions) [0.00s]
[7/1243] activemq-artemis-operator
  ✓ Already cached (100 versions) [0.00s]
[8/1243] activemq-artemis-operator
  ✓ Already cached (100 versions) [0.00s]
[9/1243] afero
  ✓ Already cached (37 versions) [0.00s]
[10/1243] svgo
  ✓ Already cached (6 versions) [0.00s]
[11/1243] alecthomas/kingpin
  ✓ Already cached (57 versions) [0.00s]
[12/1243] alecthomas/template
  Module: github.com/alecthomas/template
  Trying Go proxy...
  ✗ Not found on proxy (may be an application, not a library)
  Trying GitHub: alecthomas/template...
  ✗ No GitHub releases/tags found (0.5s)
  ✗ No versions found from any source

[13/1243] units
  Module: github.com/alecthomas/units
  Trying Go proxy...
  ✗ Not found on proxy (may be an application, not a library)
  Trying GitHub: alecthomas/units...
  ✗ No GitHub releases/tags found (0.7s)
  ✗ No versions found from any source

[14/1243] alecthomas/units
  Module: github.com/alecthomas/units
  Trying Go proxy...
  ✗ Not found on proxy (may be an application, not a library)
  Trying GitHub: alecthomas/units...
  ✗ No GitHub releases/tags found (0.4s)
  ✗ No versions found from any source

[15/1243] alertmanager
  ✓ Already cached (83 versions) [0.00s]
[16/1243] github.com/baiyubin/aliyun-sts-go-sdk
  ✓ Already cached (1 versions) [0.00s]
[17/1243] aliyungo
  Module: github.com/denverdino/aliyungo
  Trying Go proxy...
  ✗ Not found on proxy (may be an application, not a library)
  Trying GitHub: denverdino/aliyungo...
  ✗ No GitHub releases/tags found (0.4s)
  ✗ No versions found from any source

[18/1243] amqp
  ✓ Already cached (2 versions) [0.00s]
[19/1243] analysis
  ✓ Already cached (36 versions) [0.00s]
[20/1243] github.com/go-openapi/analysis
  ✓ Already cached (36 versions) [0.00s]
[21/1243] github.com/go-openapi/analysis
  ✓ Already cached (36 versions) [0.00s]
[22/1243] go-openapi/analysis
  ✓ Already cached (36 versions) [0.00s]
[23/1243] go-openapi/analysis
  ✓ Already cached (36 versions) [0.00s]
[24/1243] github.com/segmentio/analytics-go
  ✓ Already cached (13 versions) [0.00s]
[25/1243] andybalholm/brotli
  ✓ Already cached (10 versions) [0.00s]
[26/1243] andybalholm/brotli
  ✓ Already cached (10 versions) [0.00s]
[27/1243] brotli
  ✓ Already cached (10 versions) [0.00s]
[28/1243] apd
  ✓ Already cached (12 versions) [0.00s]
[29/1243] github.com/cockroachdb/apd
  ✓ Already cached (12 versions) [0.00s]
[30/1243] github.com/cockroachdb/apd
  ✓ Already cached (12 versions) [0.00s]
[31/1243] api
  ✓ Already cached (90 versions) [0.00s]
[32/1243] apicurio-registry
  ✓ Already cached (92 versions) [0.00s]
[33/1243] apm-agent-go
  ✓ Already cached (47 versions) [0.00s]
[34/1243] PACKAGE_NAME
  Module: github.com/org/repo
  Trying Go proxy...
  ✗ Not found on proxy (may be an application, not a library)
  Trying GitHub: org/repo...
  ✗ No GitHub releases/tags found (0.3s)
  ✗ No versions found from any source

[35/1243] apm-agent-go
  ✓ Already cached (47 versions) [0.00s]
[36/1243] appsody
  ✓ Already cached (35 versions) [0.00s]
[37/1243] appsody-controller
  ✓ Already cached (13 versions) [0.00s]
[38/1243] appsody-init-controller
  ✓ Already cached (13 versions) [0.00s]
[39/1243] archiver
  ✓ Already cached (31 versions) [0.00s]
[40/1243] archiver
  ✓ Already cached (31 versions) [0.00s]
[41/1243] armon/go-metrics
  ✓ Already cached (20 versions) [0.00s]
[42/1243] aryann/difflib
  Module: github.com/aryann/difflib
  Trying Go proxy...
  ✗ Not found on proxy (may be an application, not a library)
  Trying GitHub: aryann/difflib...
  ✗ No GitHub releases/tags found (0.5s)
  ✗ No versions found from any source

[43/1243] asaskevich/govalidator
  ✓ Already cached (9 versions) [0.00s]
[44/1243] asdine/storm
  ✓ Already cached (32 versions) [0.00s]
[45/1243] attrs
  ✓ Already cached (5 versions) [0.00s]
[46/1243] github.com/Azure/go-autorest/autorest
  ✓ Already cached (100 versions) [0.00s]
[47/1243] aws-sdk-go
  ✓ Already cached (1865 versions) [0.00s]
[48/1243] aws/aws-sdk-go
  ✓ Already cached (1865 versions) [0.00s]
[49/1243] aws/aws-sdk-go
  ✓ Already cached (1865 versions) [0.00s]
[50/1243] aws/aws-lambda-go
  ✓ Already cached (70 versions) [0.00s]
[51/1243] aymerick/raymond
  ✓ Already cached (8 versions) [0.00s]
[52/1243] azure-pipeline-go
  ✓ Already cached (14 versions) [0.00s]
[53/1243] azure/go-autorest
  ✓ Already cached (238 versions) [0.00s]
[54/1243] backo-go
  ✓ Already cached (3 versions) [0.00s]
[55/1243] github.com/dgraph-io/badger
  ✓ Already cached (60 versions) [0.00s]
[56/1243] github.com/bazelbuild/bazel-gazelle
  ✓ Already cached (51 versions) [0.00s]
[57/1243] google-cloud-go/bigquery/
  ✓ Already cached (171 versions) [0.00s]
[58/1243] bketelsen/crypt
  ✓ Already cached (5 versions) [0.00s]
[59/1243] bloom
  ✓ Already cached (5 versions) [0.00s]
[60/1243] bloom
  ✓ Already cached (5 versions) [0.00s]
[61/1243] bolt
  ✓ Already cached (5 versions) [0.00s]
[62/1243] PACKAGE_NAME
  Module: github.com/org/repo
  Trying Go proxy...
  ✗ Not found on proxy (may be an application, not a library)
  Trying GitHub: org/repo...
  ✗ No GitHub releases/tags found (0.3s)
  ✗ No versions found from any source

[63/1243] boringssl
  ✗ Could not extract module path
[64/1243] buffalo
  ✓ Already cached (159 versions) [0.00s]
[65/1243] code.cloudfoundry.org/bytefmt
  ✓ Already cached (60 versions) [0.00s]
[66/1243] github.com/google/cadvisor
  ✓ Already cached (115 versions) [0.00s]
[67/1243] github.com/google/cadvisor
  ✓ Already cached (115 versions) [0.00s]
[68/1243] cadvisor
  ✓ Already cached (115 versions) [0.00s]
[69/1243] camel-k
  ✓ Already cached (29 versions) [0.00s]
[70/1243] casbin/casbin/v2
  ✓ Already cached (30 versions) [0.00s]
[71/1243] cass-operator
  Module: github.com/k8ssandra/${PACKAGE_NAME}
  Trying Go proxy...
  ✗ Not found on proxy (may be an application, not a library)
  Trying GitHub: k8ssandra/${PACKAGE_NAME}...
  ✗ No GitHub releases/tags found (0.3s)
  ✗ No versions found from any source

[72/1243] cenkalti/backoff
  ✓ Already cached (34 versions) [0.00s]
[73/1243] certificate-transparency-go
  ✓ Already cached (46 versions) [0.00s]
[74/1243] certificate-transparency-go
  ✓ Already cached (46 versions) [0.00s]
[75/1243] github.com/google/certificate-transparency-go
  ✓ Already cached (46 versions) [0.00s]
[76/1243] github.com/google/certificate-transparency-go
  ✓ Already cached (46 versions) [0.00s]
[77/1243] readline
  ✓ Already cached (7 versions) [0.00s]
[78/1243] chzyer/readline
  ✓ Already cached (7 versions) [0.00s]
[79/1243] chzyer/readline
  ✓ Already cached (7 versions) [0.00s]
[80/1243] test
  ✓ Already cached (1 versions) [0.00s]
[81/1243] clockwork
  ✓ Already cached (8 versions) [0.00s]
[82/1243] github.com/jonboulle/clockwork
  ✓ Already cached (8 versions) [0.00s]
[83/1243] github.com/jonboulle/clockwork
  ✓ Already cached (8 versions) [0.00s]
[84/1243] jonboulle/clockwork
  ✓ Already cached (8 versions) [0.00s]
[85/1243] jonboulle/clockwork
  ✓ Already cached (8 versions) [0.00s]
[86/1243] cloud
  ✗ Could not extract module path
[87/1243] cloud.google.com/go/datastore
  ✓ Already cached (271 versions) [0.00s]
[88/1243] google-cloud-go/firestore
  ✓ Already cached (271 versions) [0.00s]
[89/1243] cfssl
  ✓ Already cached (16 versions) [0.00s]
[90/1243] cfssl
  ✓ Already cached (16 versions) [0.00s]
[91/1243] cfssl
  ✓ Already cached (16 versions) [0.00s]
[92/1243] cloudfoundry-attic/jibber_jabber
  Module: github.com/cloudfoundry-attic/jibber_jabber
  Trying Go proxy...
  ✗ Not found on proxy (may be an application, not a library)
  Trying GitHub: cloudfoundry-attic/jibber_jabber...
  ✗ No GitHub releases/tags found (0.5s)
  ✗ No versions found from any source

[93/1243] jibber_jabber
  Module: github.com/cloudfoundry-attic/jibber_jabber
  Trying Go proxy...
  ✗ Not found on proxy (may be an application, not a library)
  Trying GitHub: cloudfoundry-attic/jibber_jabber...
  ✗ No GitHub releases/tags found (0.5s)
  ✗ No versions found from any source

[94/1243] cloudfoundry/jibber_jabber
  Module: github.com/cloudfoundry/jibber_jabber
  Trying Go proxy...
  ✗ Not found on proxy (may be an application, not a library)
  Trying GitHub: cloudfoundry/jibber_jabber...
  ✗ No GitHub releases/tags found (0.8s)
  ✗ No versions found from any source

[95/1243] cloudfoundry/jibber_jabber
  Module: github.com/cloudfoundry/jibber_jabber
  Trying Go proxy...
  ✗ Not found on proxy (may be an application, not a library)
  Trying GitHub: cloudfoundry/jibber_jabber...
  ✗ No GitHub releases/tags found (0.9s)
  ✗ No versions found from any source

[96/1243] cloudnative-pg
  Module: github.com/cloudnative-pg/${PACKAGE_NAME}
  Trying Go proxy...
  ✗ Not found on proxy (may be an application, not a library)
  Trying GitHub: cloudnative-pg/${PACKAGE_NAME}...
  ✗ No GitHub releases/tags found (0.3s)
  ✗ No versions found from any source

[97/1243] cloudnative-pg
  Module: github.com/cloudnative-pg/${PACKAGE_NAME}
  Trying Go proxy...
  ✗ Not found on proxy (may be an application, not a library)
  Trying GitHub: cloudnative-pg/${PACKAGE_NAME}...
  ✗ No GitHub releases/tags found (0.3s)
  ✗ No versions found from any source

[98/1243] v21.2.6-oss
  ✓ Already cached (235 versions) [0.00s]
[99/1243] collectd-exporter
  ✓ Already cached (8 versions) [0.00s]
[100/1243] common
  ✓ Already cached (124 versions) [0.00s]
[101/1243] concurrent
  ✓ Already cached (4 versions) [0.00s]
[102/1243] configbump
  ✓ Already cached (6 versions) [0.00s]
[103/1243] conftest
  ✓ Already cached (93 versions) [0.00s]
[104/1243] console
  ✓ Already cached (6 versions) [0.00s]
[105/1243] github.com/containerd/console
  ✓ Already cached (6 versions) [0.00s]
[106/1243] github.com/containerd/console
  ✓ Already cached (6 versions) [0.00s]
[107/1243] PACKAGE_NAME
  Module: github.com/org/repo
  Trying Go proxy...
  ✗ Not found on proxy (may be an application, not a library)
  Trying GitHub: org/repo...
  ✗ No GitHub releases/tags found (0.3s)
  ✗ No versions found from any source

[108/1243] go
  ✓ Already cached (354 versions) [0.00s]
[109/1243] sdk
  ✓ Already cached (354 versions) [0.00s]
[110/1243] sdk
  ✓ Already cached (354 versions) [0.00s]
[111/1243] consul
  ✓ Already cached (354 versions) [0.00s]
[112/1243] PACKAGE_NAME
  Module: github.com/org/repo
  Trying Go proxy...
  ✗ Not found on proxy (may be an application, not a library)
  Trying GitHub: org/repo...
  ✗ No GitHub releases/tags found (0.3s)
  ✗ No versions found from any source

[113/1243] consul
  ✓ Already cached (354 versions) [0.00s]
[114/1243] PACKAGE_NAME
  Module: github.com/org/repo
  Trying Go proxy...
  ✗ Not found on proxy (may be an application, not a library)
  Trying GitHub: org/repo...
  ✗ No GitHub releases/tags found (0.3s)
  ✗ No versions found from any source

[115/1243] consul
  ✓ Already cached (354 versions) [0.00s]
[116/1243] consul
  ✓ Already cached (354 versions) [0.00s]
[117/1243] consul
  ✓ Already cached (354 versions) [0.00s]
[118/1243] PACKAGE_NAME
  Module: github.com/org/repo
  Trying Go proxy...
  ✗ Not found on proxy (may be an application, not a library)
  Trying GitHub: org/repo...
  ✗ No GitHub releases/tags found (0.3s)
  ✗ No versions found from any source

[119/1243] consul
  ✓ Already cached (354 versions) [0.00s]
[120/1243] consul
  ✓ Already cached (354 versions) [0.00s]
[121/1243] containerd/continuity
  ✓ Already cached (11 versions) [0.00s]
[122/1243] containerd/ttrpc
  ✓ Already cached (14 versions) [0.00s]
[123/1243] continuity
  ✓ Already cached (11 versions) [0.00s]
[124/1243] contrib.go.opencensus.io/exporter/ocagent
  ✓ Already cached (21 versions) [0.00s]
[125/1243] copy
  ✓ Already cached (21 versions) [0.00s]
[126/1243] coredns
  ✓ Already cached (79 versions) [0.00s]
[127/1243] coreos/go-semver
  ✓ Already cached (4 versions) [0.00s]
[128/1243] github.com/rs/cors
  ✓ Already cached (17 versions) [0.00s]
[129/1243] counterfeiter
  ✓ Already cached (25 versions) [0.00s]
[130/1243] cpuguy83/go-md2man
  ✓ Already cached (17 versions) [0.00s]
[131/1243] cpuguy83/go-md2man/v2
  ✓ Already cached (17 versions) [0.00s]
[132/1243] crunchy-containers
  ✓ Already cached (55 versions) [0.00s]
[133/1243] crypt
  ✓ Already cached (5 versions) [0.00s]
[134/1243] PACKAGE_NAME
  Module: github.com/org/repo
  Trying Go proxy...
  ✗ Not found on proxy (may be an application, not a library)
  Trying GitHub: org/repo...
  ✗ No GitHub releases/tags found (0.3s)
  ✗ No versions found from any source

[135/1243] crypt
  ✓ Already cached (5 versions) [0.00s]
[136/1243] curr
  ✓ Already cached (1 versions) [0.00s]
[137/1243] cc/v3
  ✗ Could not extract module path
[138/1243] ccgo/v3
  ✗ Could not extract module path
[139/1243] ccgo/v3
  ✗ Could not extract module path
[140/1243] libc
  ✗ Could not extract module path
[141/1243] libc
  ✗ Could not extract module path
[142/1243] memory
  ✗ Could not extract module path
[143/1243] memory
  ✗ Could not extract module path
[144/1243] internal
  ✓ Already cached (1 versions) [0.00s]
[145/1243] internal
  ✓ Already cached (1 versions) [0.00s]
[146/1243] github.com/dgraph-io/badger
  ✓ Already cached (60 versions) [0.00s]
[147/1243] data-dog/go-sqlmock
  ✓ Already cached (17 versions) [0.00s]
[148/1243] PACKAGE_NAME
  Module: github.com/org/repo
  Trying Go proxy...
  ✗ Not found on proxy (may be an application, not a library)
  Trying GitHub: org/repo...
  ✗ No GitHub releases/tags found (0.3s)
  ✗ No versions found from any source

[149/1243] datadog-agent
  ✓ Already cached (100 versions) [0.00s]
[150/1243] datadog-agent
  ✓ Already cached (100 versions) [0.00s]
[151/1243] datadog-agent
  ✓ Already cached (100 versions) [0.00s]
[152/1243] datadog-agent
  ✓ Already cached (100 versions) [0.00s]
[153/1243] datadog-agent
  ✓ Already cached (100 versions) [0.00s]
[154/1243] datadog-agent
  ✓ Already cached (100 versions) [0.00s]
[155/1243] datadog-agent
  ✓ Already cached (100 versions) [0.00s]
[156/1243] datadog-agent
  ✓ Already cached (100 versions) [0.00s]
[157/1243] datadog-go
  ✓ Already cached (48 versions) [0.00s]
[158/1243] decimal
  ✓ Already cached (7 versions) [0.00s]
[159/1243] github.com/shopspring/decimal
  ✓ Already cached (7 versions) [0.00s]
[160/1243] github.com/shopspring/decimal
  ✓ Already cached (7 versions) [0.00s]
[161/1243] deckarep/golang-set
  ✓ Already cached (14 versions) [0.00s]
[162/1243] dex
  ✓ Already cached (126 versions) [0.00s]
[163/1243] dgrijalva/jwt-go
  ✓ Already cached (26 versions) [0.00s]
[164/1243] dktest
  ✓ Already cached (30 versions) [0.00s]
[165/1243] dsnet/compress
  ✓ Already cached (1 versions) [0.00s]
[166/1243] Etienne42/testrail
  Module: github.com/etienne42/testrail
  Trying Go proxy...
  ✗ Not found on proxy (may be an application, not a library)
  Trying GitHub: etienne42/testrail...
  ✗ No GitHub releases/tags found (0.8s)
  ✗ No versions found from any source

[167/1243] easyjson
  ✓ Already cached (10 versions) [0.00s]
[168/1243] easyjson
  ✓ Already cached (10 versions) [0.00s]
[169/1243] cloud-on-k8s
  ✓ Already cached (48 versions) [0.00s]
[170/1243] che-devfile-registry
  ✓ Already cached (100 versions) [0.00s]
[171/1243] che-jwtproxy
  ✓ Already cached (1 versions) [0.00s]
[172/1243] che-plugin-broker
  ✓ Already cached (48 versions) [0.00s]
[173/1243] che-plugin-registry
  ✓ Already cached (100 versions) [0.00s]
[174/1243] github.com/olivere/elastic/v7
  ✓ Already cached (62 versions) [0.00s]
[175/1243] elazarl/go-bindata-assetfs
  ✓ Already cached (2 versions) [0.00s]
[176/1243] emicklei/go-restful
  ✓ Already cached (37 versions) [0.00s]
[177/1243] emicklei/go-restful-swagger12
  ✓ Already cached (2 versions) [0.00s]
[178/1243] envoyproxy
  ✓ Already cached (69 versions) [0.00s]
[179/1243] envoyproxy/go-control-plane
  ✓ Already cached (58 versions) [0.00s]
[180/1243] envy
  ✓ Already cached (31 versions) [0.00s]
[181/1243] errors
  ✓ Already cached (27 versions) [0.00s]
[182/1243] github.com/go-openapi/errors
  ✓ Already cached (27 versions) [0.00s]
[183/1243] github.com/go-openapi/errors
  ✓ Already cached (27 versions) [0.00s]
[184/1243] go-openapi/errors
  ✓ Already cached (27 versions) [0.00s]
[185/1243] go-openapi/errors
  ✓ Already cached (27 versions) [0.00s]
[186/1243] esc
  ✓ Already cached (2 versions) [0.00s]
[187/1243] etcd
  ✓ Already cached (278 versions) [0.00s]
[188/1243] etcd
  ✓ Already cached (278 versions) [0.00s]
[189/1243] etcd
  ✓ Already cached (278 versions) [0.00s]
[190/1243] bbolt
  ✓ Already cached (31 versions) [0.00s]
[191/1243] evanphx/json-patch
  ✓ Already cached (41 versions) [0.00s]
[192/1243] evanphx/json-patch
  ✓ Already cached (41 versions) [0.00s]
[193/1243] json-patch
  ✓ Already cached (41 versions) [0.00s]
[194/1243] external-snapshotter
  ✓ Already cached (93 versions) [0.00s]
[195/1243] filebeat
  ✓ Already cached (257 versions) [0.00s]
[196/1243] filebeat
  ✓ Already cached (257 versions) [0.00s]
[197/1243] filebeat
  ✓ Already cached (257 versions) [0.00s]
[198/1243] filebeat
  ✓ Already cached (257 versions) [0.00s]
[199/1243] filebeat
  ✓ Already cached (257 versions) [0.00s]
[200/1243] filebeat
  ✓ Already cached (257 versions) [0.00s]
[201/1243] filebeat
  ✓ Already cached (257 versions) [0.00s]
[202/1243] filebeat
  ✓ Already cached (257 versions) [0.00s]
[203/1243] filebrowser
  ✓ Already cached (147 versions) [0.00s]
[204/1243] gopkg.in/h2non/filetype.v1
  ✓ Already cached (17 versions) [0.00s]
[205/1243] flect
  ✓ Already cached (19 versions) [0.00s]
[206/1243] github.com/gobuffalo/flect
  ✓ Already cached (19 versions) [0.00s]
[207/1243] github.com/gobuffalo/flect
  ✓ Already cached (19 versions) [0.00s]
[208/1243] flux2
  Module: github.com/fluxcd/${PACKAGE_NAME}
  Trying Go proxy...
  ✗ Not found on proxy (may be an application, not a library)
  Trying GitHub: fluxcd/${PACKAGE_NAME}...
  ✗ No GitHub releases/tags found (0.3s)
  ✗ No versions found from any source

[209/1243] form3tech-oss/jwt-go
  ✓ Already cached (24 versions) [0.00s]
[210/1243] franela/goblin
  ✓ Already cached (1 versions) [0.00s]
[211/1243] github.com/fsnotify/fsnotify
  ✓ Already cached (38 versions) [0.00s]
[212/1243] fvbommel/sortorder
  ✓ Already cached (4 versions) [0.00s]
[213/1243] GoLLRB/llrb
  Module: github.com/petar/GoLLRB
  Trying Go proxy...
  ✗ Not found on proxy (may be an application, not a library)
  Trying GitHub: petar/GoLLRB...
  ✗ No GitHub releases/tags found (0.5s)
  ✗ No versions found from any source

[214/1243] generic-admission-server
  ✓ Already cached (6 versions) [0.00s]
[215/1243] generic-admission-server
  ✓ Already cached (6 versions) [0.00s]
[216/1243] google.golang.org/genproto
  ✗ Could not extract module path
[217/1243] geo
  Module: github.com/golang/geo
  Trying Go proxy...
  ✗ Not found on proxy (may be an application, not a library)
  Trying GitHub: golang/geo...
  ✗ No GitHub releases/tags found (0.5s)
  ✗ No versions found from any source

[218/1243] gettext-go
  ✓ Already cached (6 versions) [0.00s]
[219/1243] ghodss/yaml
  ✓ Already cached (1 versions) [0.00s]
[220/1243] ghodss/yaml
  ✓ Already cached (1 versions) [0.00s]
[221/1243] ghodss__yaml
  ✓ Already cached (1 versions) [0.00s]
[222/1243] ginkgo
  ✓ Already cached (107 versions) [0.00s]
[223/1243] gitea
  ✓ Already cached (244 versions) [0.00s]
[224/1243] gitea
  ✓ Already cached (244 versions) [0.00s]
[225/1243] gitea
  ✓ Already cached (244 versions) [0.00s]
[226/1243] github.com/JeffAshton/win_pdh
  Module: github.com/JeffAshton/win_pdh
  Trying Go proxy...
  ✗ Not found on proxy (may be an application, not a library)
  Trying GitHub: jeffashton/win_pdh...
  ✗ No GitHub releases/tags found (0.5s)
  ✗ No versions found from any source

[227/1243] github.com/maorfr/helm-plugin-utils
  ✓ Already cached (4 versions) [0.00s]
[228/1243] github.com/niemeyer/pretty
  ✓ Already cached (32 versions) [0.00s]
[229/1243] github.com/shopify/logrus-bugsnag
  Module: github.com/shopify/logrus-bugsnag
  Trying Go proxy...
  ✗ Not found on proxy (may be an application, not a library)
  Trying GitHub: Shopify/logrus-bugsnag...
  ✗ No GitHub releases/tags found (0.6s)
  ✗ No versions found from any source

[230/1243] testrail
  Module: github.com/etienne42/testrail
  Trying Go proxy...
  ✗ Not found on proxy (may be an application, not a library)
  Trying GitHub: etienne42/testrail...
  ✗ No GitHub releases/tags found (0.8s)
  ✗ No versions found from any source

[231/1243] github.com/Etienne42/testrail
  Module: github.com/Etienne42/testrail
  Trying Go proxy...
  ✗ Not found on proxy (may be an application, not a library)
  Trying GitHub: etienne42/testrail...
  ✗ No GitHub releases/tags found (0.8s)
  ✗ No versions found from any source

[232/1243] github.com/alecthomas/template
  Module: github.com/alecthomas/template
  Trying Go proxy...
  ✗ Not found on proxy (may be an application, not a library)
  Trying GitHub: alecthomas/template...
  ✗ No GitHub releases/tags found (0.4s)
  ✗ No versions found from any source

[233/1243] github.com/alecthomas/units
  Module: github.com/alecthomas/units
  Trying Go proxy...
  ✗ Not found on proxy (may be an application, not a library)
  Trying GitHub: alecthomas/units...
  ✗ No GitHub releases/tags found (0.5s)
  ✗ No versions found from any source

[234/1243] github.com/alvaroloes/enumer
  ✓ Already cached (4 versions) [0.00s]
[235/1243] github.com/andreyvit/diff
  Module: github.com/andreyvit/diff
  Trying Go proxy...
  ✗ Not found on proxy (may be an application, not a library)
  Trying GitHub: andreyvit/diff...
  ✗ No GitHub releases/tags found (43.1s)
  ✗ No versions found from any source

[236/1243] github.com/andybalholm/brotli
  ✓ Already cached (10 versions) [0.00s]
[237/1243] github.com/antihax/optional
  ✓ Already cached (1 versions) [0.00s]
[238/1243] github.com/armon/circbuf
  Module: github.com/armon/circbuf
  Trying Go proxy...
  ✗ Not found on proxy (may be an application, not a library)
  Trying GitHub: armon/circbuf...
  ✗ No GitHub releases/tags found (0.5s)
  ✗ No versions found from any source

[239/1243] github.com/armon/go-metrics
  ✓ Already cached (20 versions) [0.00s]
[240/1243] github.com/armon/go-radix
  ✓ Already cached (1 versions) [0.00s]
[241/1243] github.com/asaskevich/eventbus
  Module: github.com/asaskevich/eventbus
  Trying Go proxy...
  ✗ Not found on proxy (may be an application, not a library)
  Trying GitHub: asaskevich/eventbus...
  ✗ No GitHub releases/tags found (0.6s)
  ✗ No versions found from any source

[242/1243] github.com/asaskevich/govalidator
  ✓ Already cached (9 versions) [0.00s]
[243/1243] github.com/asdine/storm
  ✓ Already cached (32 versions) [0.00s]
[244/1243] github.com/auth0/go-jwt-middleware
  ✓ Already cached (13 versions) [0.00s]
[245/1243] github.com/aws/aws-sdk-go
  ✓ Already cached (1865 versions) [0.00s]
[246/1243] github.com/aws/aws-sdk-go-v2
  ✓ Already cached (266 versions) [0.00s]
[247/1243] github.com/aymerick/raymond
  ✓ Already cached (8 versions) [0.00s]
[248/1243] github.com/azure/azure-sdk-for-go
  ✓ Already cached (375 versions) [0.00s]
[249/1243] github.com/azure/go-ansiterm
  Module: github.com/azure/go-ansiterm
  Trying Go proxy...
  ✗ Not found on proxy (may be an application, not a library)
  Trying GitHub: azure/go-ansiterm...
  ✗ No GitHub releases/tags found (0.5s)
  ✗ No versions found from any source

[250/1243] github.com/azure/go-autorest
  ✓ Already cached (238 versions) [0.00s]
[251/1243] github.com/azure/go-autorest/autorest/adal
  ✓ Already cached (136 versions) [0.00s]
[252/1243] github.com/azure/go-autorest/autorest/date
  ✓ Already cached (104 versions) [0.00s]
[253/1243] github.com/azure/go-autorest/autorest/mocks
  ✓ Already cached (107 versions) [0.00s]
[254/1243] github.com/azure/go-autorest/autorest/to
  ✓ Already cached (105 versions) [0.00s]
[255/1243] github.com/azure/go-autorest/autorest/validation
  ✓ Already cached (105 versions) [0.00s]
[256/1243] github.com/azure/go-autorest/logger
  ✓ Already cached (104 versions) [0.00s]
[257/1243] github.com/azure/go-autorest/tracing
  ✓ Already cached (107 versions) [0.00s]
[258/1243] github.com/bep/debounce
  ✓ Already cached (4 versions) [0.00s]
[259/1243] github.com/bgentry/speakeasy
  ✓ Already cached (2 versions) [0.00s]
[260/1243] github.com/bitly/go-hostpool
  ✓ Already cached (2 versions) [0.00s]
[261/1243] github.com/bitly/go-simplejson
  ✓ Already cached (5 versions) [0.00s]
[262/1243] github.com/blang/semver
  ✓ Already cached (20 versions) [0.00s]
[263/1243] github.com/bmizerany/assert
  ✓ Already cached (1 versions) [0.00s]
[264/1243] github.com/brancz/kube-rbac-proxy
  ✓ Already cached (33 versions) [0.00s]
[265/1243] github.com/bugsnag/bugsnag-go
  ✓ Already cached (53 versions) [0.00s]
[266/1243] github.com/bugsnag/osext
  Module: github.com/bugsnag/osext
  Trying Go proxy...
  ✗ Not found on proxy (may be an application, not a library)
  Trying GitHub: bugsnag/osext...
  ✗ No GitHub releases/tags found (1.7s)
  ✗ No versions found from any source

[267/1243] github.com/burntsushi/xgb
  Module: github.com/burntsushi/xgb
  Trying Go proxy...
  ✗ Not found on proxy (may be an application, not a library)
  Trying GitHub: burntsushi/xgb...
  ✗ No GitHub releases/tags found (0.4s)
  ✗ No versions found from any source

[268/1243] github.com/cenkalti/backoff
  ✓ Already cached (34 versions) [0.00s]
[269/1243] github.com/cespare/prettybench
  ✓ Already cached (1 versions) [0.00s]
[270/1243] github.com/cespare/xxhash
  ✓ Already cached (8 versions) [0.00s]
[271/1243] github.com/cespare/xxhash/v2
  ✓ Already cached (8 versions) [0.00s]
[272/1243] github.com/checkpoint-restore/go-criu
  ✓ Already cached (13 versions) [0.00s]
[273/1243] github.com/cheekybits/genny
  ✓ Already cached (1 versions) [0.00s]
[274/1243] github.com/cheekybits/is
  Module: github.com/cheekybits/is
  Trying Go proxy...
  ✗ Not found on proxy (may be an application, not a library)
  Trying GitHub: cheekybits/is...
  ✗ No GitHub releases/tags found (0.5s)
  ✗ No versions found from any source

[275/1243] github.com/circonus-labs/circonus-gometrics
  ✓ Already cached (68 versions) [0.00s]
[276/1243] github.com/client9/misspell
  ✓ Already cached (10 versions) [0.00s]
[277/1243] github.com/cloudflare/cloudflare-go
  ✓ Already cached (194 versions) [0.00s]
[278/1243] github.com/cloudfoundry/jibber_jabber
  Module: github.com/cloudfoundry/jibber_jabber
  Trying Go proxy...
  ✗ Not found on proxy (may be an application, not a library)
  Trying GitHub: cloudfoundry/jibber_jabber...
  ✗ No GitHub releases/tags found (1.1s)
  ✗ No versions found from any source

[279/1243] github.com/clusterhq/flocker-go
  Module: github.com/clusterhq/flocker-go
  Trying Go proxy...
  ✗ Not found on proxy (may be an application, not a library)
  Trying GitHub: clusterhq/flocker-go...
  ✗ No GitHub releases/tags found (0.5s)
  ✗ No versions found from any source

[280/1243] github.com/cockroachdb/datadriven
  ✓ Already cached (3 versions) [0.00s]
[281/1243] github.com/codahale/hdrhistogram
  ✓ Already cached (7 versions) [0.00s]
[282/1243] github.com/codegangsta/negroni
  ✓ Already cached (10 versions) [0.00s]
[283/1243] github.com/containerd/cgroups
  ✓ Already cached (15 versions) [0.00s]
[284/1243] github.com/containerd/continuity
  ✓ Already cached (11 versions) [0.00s]
[285/1243] github.com/containerd/fifo
  ✓ Already cached (2 versions) [0.00s]
[286/1243] github.com/containerd/go-runc
  ✓ Already cached (2 versions) [0.00s]
[287/1243] github.com/containerd/ttrpc
  ✓ Already cached (14 versions) [0.00s]
[288/1243] github.com/containerd/typeurl
  ✓ Already cached (9 versions) [0.00s]
[289/1243] github.com/coredns/corefile-migration
  ✓ Already cached (31 versions) [0.00s]
[290/1243] github.com/coreos/go-semver
  ✓ Already cached (4 versions) [0.00s]
[291/1243] github.com/cpu/goacmedns
  ✓ Already cached (6 versions) [0.00s]
[292/1243] github.com/cpuguy83/go-md2man
  ✓ Already cached (17 versions) [0.00s]
[293/1243] github.com/cpuguy83/go-md2man/v2
  ✓ Already cached (13 versions) [0.00s]
[294/1243] github.com/creack/pty
  ✓ Already cached (25 versions) [0.00s]
[295/1243] github.com/cyphar/filepath-securejoin
  ✓ Already cached (21 versions) [0.00s]
[296/1243] github.com/cznic/b
  Module: github.com/cznic/b
  Trying Go proxy...
  ✗ Not found on proxy (may be an application, not a library)
  Trying GitHub: cznic/b...
  ✗ No GitHub releases/tags found (0.5s)
  ✗ No versions found from any source

[297/1243] github.com/cznic/mathutil
  Module: github.com/cznic/mathutil
  Trying Go proxy...
  ✗ Not found on proxy (may be an application, not a library)
  Trying GitHub: cznic/mathutil...
  ✗ No GitHub releases/tags found (0.4s)
  ✗ No versions found from any source

[298/1243] github.com/cznic/sortutil
  Module: github.com/cznic/sortutil
  Trying Go proxy...
  ✗ Not found on proxy (may be an application, not a library)
  Trying GitHub: cznic/sortutil...
  ✗ No GitHub releases/tags found (0.5s)
  ✗ No versions found from any source

[299/1243] github.com/cznic/strutil
  Module: github.com/cznic/strutil
  Trying Go proxy...
  ✗ Not found on proxy (may be an application, not a library)
  Trying GitHub: cznic/strutil...
  ✗ No GitHub releases/tags found (0.4s)
  ✗ No versions found from any source

[300/1243] github.com/data-dog/go-sqlmock
  ✓ Already cached (17 versions) [0.00s]
[301/1243] github.com/daviddengcn/go-colortext
  ✓ Already cached (3 versions) [0.00s]
[302/1243] github.com/denisenkom/go-mssqldb
  ✓ Already cached (9 versions) [0.00s]
[303/1243] github.com/dgrijalva/jwt-go
  ✓ Already cached (26 versions) [0.00s]
[304/1243] github.com/dgryski/go-sip13
  Module: github.com/dgryski/go-sip13
  Trying Go proxy...
  ✗ Not found on proxy (may be an application, not a library)
  Trying GitHub: dgryski/go-sip13...
  ✗ No GitHub releases/tags found (0.4s)
  ✗ No versions found from any source

[305/1243] github.com/docker/go-connections
  ✓ Already cached (10 versions) [0.00s]
[306/1243] github.com/docker/go-events
  Module: github.com/docker/go-events
  Trying Go proxy...
  ✗ Not found on proxy (may be an application, not a library)
  Trying GitHub: docker/go-events...
  ✗ No GitHub releases/tags found (0.5s)
  ✗ No versions found from any source

[307/1243] github.com/docker/go-units
  ✓ Already cached (8 versions) [0.00s]
[308/1243] github.com/docopt/docopt-go
  ✓ Already cached (3 versions) [0.00s]
[309/1243] github.com/dsnet/compress
  ✓ Already cached (1 versions) [0.00s]
[310/1243] github.com/dsnet/golib
  ✓ Already cached (16 versions) [0.00s]
[311/1243] github.com/duosecurity/duo_api_golang
  ✓ Already cached (2 versions) [0.00s]
[312/1243] github.com/dustin/go-humanize
  ✓ Already cached (2 versions) [0.00s]
[313/1243] github.com/eapache/go-xerial-snappy
  Module: github.com/eapache/go-xerial-snappy
  Trying Go proxy...
  ✗ Not found on proxy (may be an application, not a library)
  Trying GitHub: eapache/go-xerial-snappy...
  ✗ No GitHub releases/tags found (0.6s)
  ✗ No versions found from any source

[314/1243] github.com/eapache/queue
  ✓ Already cached (4 versions) [0.00s]
[315/1243] github.com/edsrzf/mmap-go
  ✓ Already cached (3 versions) [0.00s]
[316/1243] github.com/elastic/go-windows
  ✓ Already cached (3 versions) [0.00s]
[317/1243] github.com/evanphx/json-patch
  ✓ Already cached (41 versions) [0.00s]
[318/1243] github.com/evanphx/json-patch
  ✓ Already cached (41 versions) [0.00s]
[319/1243] github.com__evanphx__json-patch
  ✓ Already cached (41 versions) [0.00s]
[320/1243] github.com/exponent-io/jsonpath
  Module: github.com/exponent-io/jsonpath
  Trying Go proxy...
  ✗ Not found on proxy (may be an application, not a library)
  Trying GitHub: exponent-io/jsonpath...
  ✗ No GitHub releases/tags found (0.5s)
  ✗ No versions found from any source

[321/1243] github.com/facette/natsort
  Module: github.com/facette/natsort
  Trying Go proxy...
  ✗ Not found on proxy (may be an application, not a library)
  Trying GitHub: facette/natsort...
  ✗ No GitHub releases/tags found (0.6s)
  ✗ No versions found from any source

[322/1243] github.com/fatih/camelcase
  ✓ Already cached (1 versions) [0.00s]
[323/1243] github.com/fatih/color
  ✓ Already cached (23 versions) [0.00s]
[324/1243] github.com/fatih/structs
  ✓ Already cached (2 versions) [0.00s]
[325/1243] github.com/fatih/structtag
  ✓ Already cached (5 versions) [0.00s]
[326/1243] github.com/flynn/go-shlex
  Module: github.com/flynn/go-shlex
  Trying Go proxy...
  ✗ Not found on proxy (may be an application, not a library)
  Trying GitHub: flynn/go-shlex...
  ✗ No GitHub releases/tags found (0.9s)
  ✗ No versions found from any source

[327/1243] github.com/fortytw2/leaktest
  ✓ Already cached (4 versions) [0.00s]
[328/1243] github.com/fsnotify/fsnotify
  ✓ Already cached (38 versions) [0.00s]
[329/1243] github.com/fsouza/fake-gcs-server
  ✓ Already cached (144 versions) [0.00s]
[330/1243] github.com/ghodss/yaml
  ✓ Already cached (1 versions) [0.00s]
[331/1243] github.com/go-bindata/go-bindata
  ✓ Already cached (8 versions) [0.00s]
[332/1243] github.com/go-bindata/go-bindata/v3
  ✓ Already cached (5 versions) [0.00s]
[333/1243] github.com/go-ini/ini
  ✓ Already cached (104 versions) [0.00s]
[334/1243] github.com/go-ini/ini
  ✓ Already cached (104 versions) [0.00s]
[335/1243] gopkg.in/ini.v1
  ✓ Already cached (104 versions) [0.00s]
[336/1243] github.com/go-logfmt/logfmt
  ✓ Already cached (8 versions) [0.00s]
[337/1243] github.com/go-logr/logr
  ✓ Already cached (20 versions) [0.00s]
[338/1243] github.com/go-openapi/analysis
  ✓ Already cached (36 versions) [0.00s]
[339/1243] github.com/go-openapi/inflect
  ✓ Already cached (12 versions) [0.00s]
[340/1243] github.com/go-openapi/jsonpointer
  ✓ Already cached (22 versions) [0.00s]
[341/1243] github.com/go-openapi/jsonreference
  ✓ Already cached (21 versions) [0.00s]
[342/1243] github.com/go-openapi/strfmt
  ✓ Already cached (39 versions) [0.00s]
[343/1243] github.com/go-ozzo/ozzo-validation
  ✓ Already cached (26 versions) [0.00s]
[344/1243] github.com/go-playground/locales
  ✓ Already cached (13 versions) [0.00s]
[345/1243] github.com/go-sql-driver/mysql
  ✓ Already cached (22 versions) [0.00s]
[346/1243] github.com/gobuffalo/flect
  ✓ Already cached (19 versions) [0.00s]
[347/1243] github.com/gobuffalo/logger
  ✓ Already cached (8 versions) [0.00s]
[348/1243] github.com/gobuffalo/packd
  ✓ Already cached (7 versions) [0.00s]
[349/1243] github.com/gobuffalo/packr
  ✓ Already cached (129 versions) [0.00s]
[350/1243] github.com/gobuffalo/packr/v2
  ✓ Already cached (100 versions) [0.00s]
[351/1243] github.com/gobwas/glob
  ✓ Already cached (5 versions) [0.00s]
[352/1243] github.com/gobwas/httphead
  ✓ Already cached (1 versions) [0.00s]
[353/1243] github.com/gobwas/pool
  ✓ Already cached (3 versions) [0.00s]
[354/1243] github.com/gobwas/ws
  ✓ Already cached (19 versions) [0.00s]
[355/1243] github.com/goccy/go-yaml
  ✓ Already cached (135 versions) [0.00s]
[356/1243] github.com/gocql/gocql
  ✓ Already cached (16 versions) [0.00s]
[357/1243] github.com/gofrs/flock
  ✓ Already cached (18 versions) [0.00s]
[358/1243] github.com/golang-migrate/migrate/v4
  ✓ Already cached (57 versions) [0.00s]
[359/1243] github.com/golang-sql/civil
  Module: github.com/golang-sql/civil
  Trying Go proxy...
  ✗ Not found on proxy (may be an application, not a library)
  Trying GitHub: golang-sql/civil...
  ✗ No GitHub releases/tags found (0.5s)
  ✗ No versions found from any source

[360/1243] github.com/golang/glog
  ✓ Already cached (10 versions) [0.00s]
[361/1243] github.com/golang/groupcache
  Module: github.com/golang/groupcache
  Trying Go proxy...
  ✗ Not found on proxy (may be an application, not a library)
  Trying GitHub: golang/groupcache...
  ✗ No GitHub releases/tags found (0.5s)
  ✗ No versions found from any source

[362/1243] github.com/golang/mock
  ✓ Already cached (15 versions) [0.00s]
[363/1243] github.com/golang/protobuf
  ✓ Already cached (22 versions) [0.00s]
[364/1243] github.com/golang/snappy
  ✓ Already cached (5 versions) [0.00s]
[365/1243] github.com/golangplus/bytes
  ✓ Already cached (1 versions) [0.00s]
[366/1243] github.com/golangplus/fmt
  ✓ Already cached (1 versions) [0.00s]
[367/1243] github.com/golangplus/testing
  ✓ Already cached (1 versions) [0.00s]
[368/1243] github.com/google/btree
  ✓ Already cached (6 versions) [0.00s]
[369/1243] github.com/google/cadvisor
  ✓ Already cached (115 versions) [0.00s]
[370/1243] github.com/google/certificate-transparency-go
  ✓ Already cached (46 versions) [0.00s]
[371/1243] github.com/google/go-cmp
  ✓ Already cached (18 versions) [0.00s]
[372/1243] github.com/google/martian
  ✓ Already cached (13 versions) [0.00s]
[373/1243] github.com/google/pprof
  Module: github.com/google/pprof
  Trying Go proxy...
  ✗ Not found on proxy (may be an application, not a library)
  Trying GitHub: google/pprof...
  ✗ No GitHub releases/tags found (0.5s)
  ✗ No versions found from any source

[374/1243] github.com/google/renameio
  ✓ Already cached (6 versions) [0.00s]
[375/1243] github.com/google/shlex
  Module: github.com/google/shlex
  Trying Go proxy...
  ✗ Not found on proxy (may be an application, not a library)
  Trying GitHub: google/shlex...
  ✗ No GitHub releases/tags found (0.5s)
  ✗ No versions found from any source

[376/1243] github.com/googleapis/gax-go
  ✓ Already cached (36 versions) [0.00s]
[377/1243] github.com/googleapis/gax-go/v2
  ✓ Already cached (36 versions) [0.00s]
[378/1243] github.com/gophercloud/gophercloud
  ✓ Already cached (62 versions) [0.00s]
[379/1243] github.com/gorilla/context
  ✓ Already cached (2 versions) [0.00s]
[380/1243] github.com/gorilla/handlers
  ✓ Already cached (10 versions) [0.00s]
[381/1243] github.com/gorilla/mux
  ✓ Already cached (15 versions) [0.00s]
[382/1243] github.com/gorilla/websocket
  ✓ Already cached (11 versions) [0.00s]
[383/1243] github.com/gosuri/uitable
  ✓ Already cached (4 versions) [0.00s]
[384/1243] github.com/grpc-ecosystem/go-grpc-middleware
  ✓ Already cached (25 versions) [0.00s]
[385/1243] github.com/grpc-ecosystem/go-grpc-prometheus
  ✓ Already cached (3 versions) [0.00s]
[386/1243] github.com/grpc-ecosystem/grpc-health-probe
  ✓ Already cached (56 versions) [0.00s]
[387/1243] github.com/hashicorp/errwrap
  ✓ Already cached (2 versions) [0.00s]
[388/1243] github.com/hashicorp/go-immutable-radix
  ✓ Already cached (7 versions) [0.00s]
[389/1243] github.com/hashicorp/go-memdb
  ✓ Already cached (16 versions) [0.00s]
[390/1243] github.com/hashicorp/go-multierror
  ✓ Already cached (3 versions) [0.00s]
[391/1243] github.com/hashicorp/go-syslog
  ✓ Already cached (1 versions) [0.00s]
[392/1243] github.com/hashicorp/go-uuid
  ✓ Already cached (4 versions) [0.00s]
[393/1243] github.com/hashicorp/logutils
  ✓ Already cached (1 versions) [0.00s]
[394/1243] github.com/hashicorp/memberlist
  ✓ Already cached (23 versions) [0.00s]
[395/1243] github.com/hashicorp/raft-boltdb
  ✓ Already cached (7 versions) [0.00s]
[396/1243] github.com/heketi/rest
  Module: github.com/heketi/rest
  Trying Go proxy...
  ✗ Not found on proxy (may be an application, not a library)
  Trying GitHub: heketi/rest...
  ✗ No GitHub releases/tags found (0.5s)
  ✗ No versions found from any source

[397/1243] github.com/heketi/tests
  Module: github.com/heketi/tests
  Trying Go proxy...
  ✗ Not found on proxy (may be an application, not a library)
  Trying GitHub: heketi/tests...
  ✗ No GitHub releases/tags found (0.5s)
  ✗ No versions found from any source

[398/1243] github.com/heketi/utils
  Module: github.com/heketi/utils
  Trying Go proxy...
  ✗ Not found on proxy (may be an application, not a library)
  Trying GitHub: heketi/utils...
  ✗ No GitHub releases/tags found (0.5s)
  ✗ No versions found from any source

[399/1243] github.com/hpcloud/tail
  ✓ Already cached (3 versions) [0.00s]
[400/1243] github.com/huandu/xstrings
  ✓ Already cached (10 versions) [0.00s]
[401/1243] github.com/iancoleman/strcase
  ✓ Already cached (6 versions) [0.00s]
[402/1243] github.com/ianlancetaylor/demangle
  Module: github.com/ianlancetaylor/demangle
  Trying Go proxy...
  ✗ Not found on proxy (may be an application, not a library)
  Trying GitHub: ianlancetaylor/demangle...
  ✗ No GitHub releases/tags found (0.4s)
  ✗ No versions found from any source

[403/1243] github.com/imdario/mergo
  ✓ Already cached (26 versions) [0.00s]
[404/1243] github.com/inconshreveable/mousetrap
  ✓ Already cached (4 versions) [0.00s]
[405/1243] github.com/inconshreveable/mousetrap
  ✓ Already cached (4 versions) [0.00s]
[406/1243] github.com__inconshreveable__mousetrap
  ✓ Already cached (4 versions) [0.00s]
[407/1243] github.com/jackc/chunkreader
  ✓ Already cached (3 versions) [0.00s]
[408/1243] github.com/jackc/chunkreader/v2
  ✓ Already cached (3 versions) [0.00s]
[409/1243] github.com/jackc/fake
  Module: github.com/jackc/fake
  Trying Go proxy...
  ✗ Not found on proxy (may be an application, not a library)
  Trying GitHub: jackc/fake...
  ✗ No GitHub releases/tags found (0.7s)
  ✗ No versions found from any source

[410/1243] github.com/jackc/pgio
  ✓ Already cached (1 versions) [0.00s]
[411/1243] github.com/jackc/pgmock
  Module: github.com/jackc/pgmock
  Trying Go proxy...
  ✗ Not found on proxy (may be an application, not a library)
  Trying GitHub: jackc/pgmock...
  ✗ No GitHub releases/tags found (0.4s)
  ✗ No versions found from any source

[412/1243] github.com/jackc/pgpassfile
  ✓ Already cached (1 versions) [0.00s]
[413/1243] github.com/jackc/pgpassfile
  ✓ Already cached (1 versions) [0.00s]
[414/1243] github.com__jackc__pgpassfile
  ✓ Already cached (1 versions) [0.00s]
[415/1243] github.com/jackc/pgproto3
  ✓ Already cached (21 versions) [0.00s]
[416/1243] github.com/jackc/pgproto3
  ✓ Already cached (21 versions) [0.00s]
[417/1243] github.com__jackc__pgproto3
  ✓ Already cached (21 versions) [0.00s]
[418/1243] github.com/jackc/pgproto3/v2
  ✓ Already cached (21 versions) [0.00s]
[419/1243] github.com/jackc/pgservicefile
  Module: github.com/jackc/pgservicefile
  Trying Go proxy...
  ✗ Not found on proxy (may be an application, not a library)
  Trying GitHub: jackc/pgservicefile...
  ✗ No GitHub releases/tags found (0.5s)
  ✗ No versions found from any source

[420/1243] github.com/jackc/puddle
  ✓ Already cached (19 versions) [0.00s]
[421/1243] github.com/jeffail/gabs
  ✓ Already cached (22 versions) [0.00s]
[422/1243] github.com/jefferai/jsonx
  ✓ Already cached (2 versions) [0.00s]
[423/1243] github.com/jehiah/go-strftime
  Module: github.com/jehiah/go-strftime
  Trying Go proxy...
  ✗ Not found on proxy (may be an application, not a library)
  Trying GitHub: jehiah/go-strftime...
  ✗ No GitHub releases/tags found (42.5s)
  ✗ No versions found from any source

[424/1243] github.com/jessevdk/go-flags
  ✓ Already cached (10 versions) [0.00s]
[425/1243] github.com/jinzhu/inflection
  ✓ Already cached (1 versions) [0.00s]
[426/1243] github.com/jmespath/go-jmespath
  ✓ Already cached (9 versions) [0.00s]
[427/1243] github.com/jmoiron/jsonq
  Module: github.com/jmoiron/jsonq
  Trying Go proxy...
  ✗ Not found on proxy (may be an application, not a library)
  Trying GitHub: jmoiron/jsonq...
  ✗ No GitHub releases/tags found (0.5s)
  ✗ No versions found from any source

[428/1243] github.com/jmoiron/sqlx
  ✓ Already cached (8 versions) [0.00s]
[429/1243] github.com/joefitzgerald/rainbow-reporter
  ✓ Already cached (1 versions) [0.00s]
[430/1243] github.com/joeshaw/multierror
  Module: github.com/joeshaw/multierror
  Trying Go proxy...
  ✗ Not found on proxy (may be an application, not a library)
  Trying GitHub: joeshaw/multierror...
  ✗ No GitHub releases/tags found (0.6s)
  ✗ No versions found from any source

[431/1243] github.com/jonboulle/clockwork
  ✓ Already cached (8 versions) [0.00s]
[432/1243] github.com__jpillora__backoff
  ✓ Already cached (2 versions) [0.00s]
[433/1243] github.com/jpillora/backoff
  ✓ Already cached (2 versions) [0.00s]
[434/1243] github.com/jpillora/backoff
  ✓ Already cached (2 versions) [0.00s]
[435/1243] github.com/json-iterator/go
  ✓ Already cached (20 versions) [0.00s]
[436/1243] github.com/jsonnet-bundler/jsonnet-bundler
  ✓ Already cached (8 versions) [0.00s]
[437/1243] github.com/jstemmer/go-junit-report
  ✓ Already cached (6 versions) [0.00s]
[438/1243] github.com/jtolds/gls
  ✓ Already cached (7 versions) [0.00s]
[439/1243] github.com/julienschmidt/httprouter
  ✓ Already cached (4 versions) [0.00s]
[440/1243] github.com/kardianos/osext
  Module: github.com/kardianos/osext
  Trying Go proxy...
  ✗ Not found on proxy (may be an application, not a library)
  Trying GitHub: kardianos/osext...
  ✗ No GitHub releases/tags found (0.5s)
  ✗ No versions found from any source

[441/1243] github.com/karrick/godirwalk
  ✓ Already cached (79 versions) [0.00s]
[442/1243] github.com/kballard/go-shellquote
  Module: github.com/kballard/go-shellquote
  Trying Go proxy...
  ✗ Not found on proxy (may be an application, not a library)
  Trying GitHub: kballard/go-shellquote...
  ✗ No GitHub releases/tags found (1.6s)
  ✗ No versions found from any source

[443/1243] github.com/kisielk/errcheck
  ✓ Already cached (15 versions) [0.00s]
[444/1243] github.com/kisielk/gotool
  ✓ Already cached (1 versions) [0.00s]
[445/1243] github.com/klauspost/compress
  ✓ Already cached (111 versions) [0.00s]
[446/1243] github.com/klauspost/cpuid
  ✓ Already cached (41 versions) [0.00s]
[447/1243] github.com/klauspost/pgzip
  ✓ Already cached (10 versions) [0.00s]
[448/1243] github.com/konsorten/go-windows-terminal-sequences
  ✓ Already cached (3 versions) [0.00s]
[449/1243] github.com/kr/logfmt
  Module: github.com/kr/logfmt
  Trying Go proxy...
  ✗ Not found on proxy (may be an application, not a library)
  Trying GitHub: kr/logfmt...
  ✗ No GitHub releases/tags found (0.6s)
  ✗ No versions found from any source

[450/1243] github.com/kr/pty
  ✓ Already cached (11 versions) [0.00s]
[451/1243] github.com/kr/text
  ✓ Already cached (2 versions) [0.00s]
[452/1243] github.com/kylelemons/godebug
  ✓ Already cached (2 versions) [0.00s]
[453/1243] github.com/lann/builder
  Module: github.com/lann/builder
  Trying Go proxy...
  ✗ Not found on proxy (may be an application, not a library)
  Trying GitHub: lann/builder...
  ✗ No GitHub releases/tags found (0.4s)
  ✗ No versions found from any source

[454/1243] github.com/lann/ps
  Module: github.com/lann/ps
  Trying Go proxy...
  ✗ Not found on proxy (may be an application, not a library)
  Trying GitHub: lann/ps...
  ✗ No GitHub releases/tags found (1.0s)
  ✗ No versions found from any source

[455/1243] github.com/leanovate/gopter
  ✓ Already cached (13 versions) [0.00s]
[456/1243] github.com/leodido/go-urn
  ✓ Already cached (9 versions) [0.00s]
[457/1243] github.com/liggitt/tabwriter
  Module: github.com/liggitt/tabwriter
  Trying Go proxy...
  ✗ Not found on proxy (may be an application, not a library)
  Trying GitHub: liggitt/tabwriter...
  ✗ No GitHub releases/tags found (0.5s)
  ✗ No versions found from any source

[458/1243] github.com/lithammer/dedent
  ✓ Already cached (2 versions) [0.00s]
[459/1243] github.com/lovoo/gcloud-opentracing
  ✓ Already cached (3 versions) [0.00s]
[460/1243] github.com/lpabon/godbc
  ✓ Already cached (3 versions) [0.00s]
[461/1243] github.com/lucas-clemente/aes12
  Module: github.com/lucas-clemente/aes12
  Trying Go proxy...
  ✗ Not found on proxy (may be an application, not a library)
  Trying GitHub: lucas-clemente/aes12...
  ✗ No GitHub releases/tags found (0.6s)
  ✗ No versions found from any source

[462/1243] github.com/lucas-clemente/quic-clients
  ✓ Already cached (1 versions) [0.00s]
[463/1243] github.com/lucas-clemente/quic-go
  ✓ Already cached (126 versions) [0.00s]
[464/1243] github.com/lucas-clemente/quic-go-certificates
  Module: github.com/lucas-clemente/quic-go-certificates
  Trying Go proxy...
  ✗ Not found on proxy (may be an application, not a library)
  Trying GitHub: lucas-clemente/quic-go-certificates...
  ✗ No GitHub releases/tags found (0.4s)
  ✗ No versions found from any source

[465/1243] github.com/mailru/easyjson
  ✓ Already cached (10 versions) [0.00s]
[466/1243] github.com/markbates/inflect
  ✓ Already cached (5 versions) [0.00s]
[467/1243] github.com/marstr/guid
  ✓ Already cached (9 versions) [0.00s]
[468/1243] github.com/martinlindhe/base36
  ✓ Already cached (3 versions) [0.00s]
[469/1243] github.com/masterminds/goutils
  ✓ Already cached (4 versions) [0.00s]
[470/1243] github.com/masterminds/semver
  ✓ Already cached (23 versions) [0.00s]
[471/1243] github.com/masterminds/semver/v3
  ✓ Already cached (23 versions) [0.00s]
[472/1243] github.com/masterminds/sprig
  ✓ Already cached (45 versions) [0.00s]
[473/1243] github.com/masterminds/squirrel
  ✓ Already cached (11 versions) [0.00s]
[474/1243] github.com/mattn/go-colorable
  ✓ Already cached (25 versions) [0.00s]
[475/1243] github.com/mattn/go-ieproxy
  ✓ Already cached (12 versions) [0.00s]
[476/1243] github.com/mattn/go-isatty
  ✓ Already cached (20 versions) [0.00s]
[477/1243] github.com/mattn/go-runewidth
  ✓ Already cached (20 versions) [0.00s]
[478/1243] github.com/mattn/go-sqlite3
  ✓ Already cached (52 versions) [0.00s]
[479/1243] github.com/mgutz/ansi
  Module: github.com/mgutz/ansi
  Trying Go proxy...
  ✗ Not found on proxy (may be an application, not a library)
  Trying GitHub: mgutz/ansi...
  ✗ No GitHub releases/tags found (0.4s)
  ✗ No versions found from any source

[480/1243] github.com/mholt/certmagic
  ✓ Already cached (79 versions) [0.00s]
[481/1243] github.com/miekg/dns
  ✓ Already cached (87 versions) [0.00s]
[482/1243] github.com/mindprince/gonvml
  Module: github.com/mindprince/gonvml
  Trying Go proxy...
  ✗ Not found on proxy (may be an application, not a library)
  Trying GitHub: mindprince/gonvml...
  ✗ No GitHub releases/tags found (0.5s)
  ✗ No versions found from any source

[483/1243] github.com/minio/sha256-simd
  ✓ Already cached (5 versions) [0.00s]
[484/1243] github.com/mitchellh/cli
  ✓ Already cached (7 versions) [0.00s]
[485/1243] github.com/mitchellh/colorstring
  Module: github.com/mitchellh/colorstring
  Trying Go proxy...
  ✗ Not found on proxy (may be an application, not a library)
  Trying GitHub: mitchellh/colorstring...
  ✗ No GitHub releases/tags found (0.4s)
  ✗ No versions found from any source

[486/1243] github.com/mitchellh/copystructure
  ✓ Already cached (5 versions) [0.00s]
[487/1243] github.com/mitchellh/go-homedir
  ✓ Already cached (2 versions) [0.00s]
[488/1243] github.com/mitchellh/go-testing-interface
  ✓ Already cached (7 versions) [0.00s]
[489/1243] github.com/mitchellh/go-wordwrap
  ✓ Already cached (2 versions) [0.00s]
[490/1243] github.com/mitchellh/gox
  ✓ Already cached (6 versions) [0.00s]
[491/1243] github.com/mitchellh/hashstructure
  ✓ Already cached (5 versions) [0.00s]
[492/1243] github.com/mitchellh/iochan
  ✓ Already cached (1 versions) [0.00s]
[493/1243] github.com/mitchellh/mapstructure
  ✓ Already cached (17 versions) [0.00s]
[494/1243] github.com/mitchellh/osext
  Module: github.com/mitchellh/osext
  Trying Go proxy...
  ✗ Not found on proxy (may be an application, not a library)
  Trying GitHub: mitchellh/osext...
  ✗ No GitHub releases/tags found (0.3s)
  ✗ No versions found from any source

[495/1243] github.com/moby/term
  ✓ Already cached (3 versions) [0.00s]
[496/1243] github.com/modern-go/concurrent
  ✓ Already cached (4 versions) [0.00s]
[497/1243] github.com/modern-go/reflect2
  ✓ Already cached (4 versions) [0.00s]
[498/1243] github.com/mohae/deepcopy
  Module: github.com/mohae/deepcopy
  Trying Go proxy...
  ✗ Not found on proxy (may be an application, not a library)
  Trying GitHub: mohae/deepcopy...
  ✗ No GitHub releases/tags found (0.7s)
  ✗ No versions found from any source

[499/1243] github.com/morikuni/aec
  ✓ Already cached (2 versions) [0.00s]
[500/1243] github.com/motemen/go-loghttp
  Module: github.com/motemen/go-loghttp
  Trying Go proxy...
  ✗ Not found on proxy (may be an application, not a library)
  Trying GitHub: motemen/go-loghttp...
  ✗ No GitHub releases/tags found (0.5s)
  ✗ No versions found from any source

[501/1243] github.com/moul/http2curl
  ✓ Already cached (11 versions) [0.00s]
[502/1243] github.com/mozillazg/go-cos
  ✓ Already cached (14 versions) [0.00s]
[503/1243] github.com/munnerz/goautoneg
  Module: github.com/munnerz/goautoneg
  Trying Go proxy...
  ✗ Not found on proxy (may be an application, not a library)
  Trying GitHub: munnerz/goautoneg...
  ✗ No GitHub releases/tags found (0.5s)
  ✗ No versions found from any source

[504/1243] github.com/mvdan/xurls
  ✓ Already cached (21 versions) [0.00s]
[505/1243] github.com/mwitkow/go-conntrack
  Module: github.com/mwitkow/go-conntrack
  Trying Go proxy...
  ✗ Not found on proxy (may be an application, not a library)
  Trying GitHub: mwitkow/go-conntrack...
  ✗ No GitHub releases/tags found (0.7s)
  ✗ No versions found from any source

[506/1243] github.com/naoina/go-stringutil
  ✓ Already cached (1 versions) [0.00s]
[507/1243] github.com/naoina/toml
  ✓ Already cached (2 versions) [0.00s]
[508/1243] github.com/natefinch/lumberjack
  ✓ Already cached (6 versions) [0.00s]
[509/1243] github.com/nats-io/jwt
  ✓ Already cached (66 versions) [0.00s]
[510/1243] github.com/nats-io/nats-server
  ✓ Already cached (125 versions) [0.00s]
[511/1243] github.com/nats-io/nats-server/v2
  ✓ Already cached (229 versions) [0.00s]
[512/1243] github.com/nats-io/nats.go
  ✓ Already cached (73 versions) [0.00s]
[513/1243] github.com/nats-io/nkeys
  ✓ Already cached (21 versions) [0.00s]
[514/1243] github.com/nats-io/nuid
  ✓ Already cached (2 versions) [0.00s]
[515/1243] github.com/ncw/swift
  ✓ Already cached (59 versions) [0.00s]
[516/1243] github.com/nvveen/gotty
  Module: github.com/nvveen/gotty
  Trying Go proxy...
  ✗ Not found on proxy (may be an application, not a library)
  Trying GitHub: nvveen/gotty...
  ✗ No GitHub releases/tags found (0.7s)
  ✗ No versions found from any source

[517/1243] github.com/nwaples/rardecode
  ✓ Already cached (16 versions) [0.00s]
[518/1243] github.com/nxadm/tail
  ✓ Already cached (16 versions) [0.00s]
[519/1243] github.com/oklog/run
  ✓ Already cached (3 versions) [0.00s]
[520/1243] github.com/oklog/ulid
  ✓ Already cached (14 versions) [0.00s]
[521/1243] github.com/olekukonko/tablewriter
  ✓ Already cached (18 versions) [0.00s]
[522/1243] github.com/oneofone/xxhash
  ✓ Already cached (10 versions) [0.00s]
[523/1243] github.com/onsi/ginkgo
  ✓ Already cached (107 versions) [0.00s]
[524/1243] github.com/onsi/gomega
  ✓ Already cached (78 versions) [0.00s]
[525/1243] github.com/openshift/api
  ✓ Already cached (2 versions) [0.00s]
[526/1243] github.com/openshift/build-machinery-go
  Module: github.com/openshift/build-machinery-go
  Trying Go proxy...
  ✗ Not found on proxy (may be an application, not a library)
  Trying GitHub: openshift/build-machinery-go...
  ✗ No GitHub releases/tags found (0.5s)
  ✗ No versions found from any source

[527/1243] github.com/openshift/prom-label-proxy
  ✓ Already cached (1 versions) [0.00s]
[528/1243] github.com/opentracing-contrib/go-observer
  Module: github.com/opentracing-contrib/go-observer
  Trying Go proxy...
  ✗ Not found on proxy (may be an application, not a library)
  Trying GitHub: opentracing-contrib/go-observer...
  ✗ No GitHub releases/tags found (0.5s)
  ✗ No versions found from any source

[529/1243] github.com/opentracing-contrib/go-stdlib
  ✓ Already cached (4 versions) [0.00s]
[530/1243] github.com/opentracing/basictracer-go
  ✓ Already cached (2 versions) [0.00s]
[531/1243] github.com/opentracing/opentracing-go
  ✓ Already cached (7 versions) [0.00s]
[532/1243] github.com/openzipkin-contrib/zipkin-go-opentracing
  ✓ Already cached (19 versions) [0.00s]
[533/1243] github.com/openzipkin/zipkin-go
  ✓ Already cached (19 versions) [0.00s]
[534/1243] github.com/operator-framework/operator-lib
  ✓ Already cached (20 versions) [0.00s]
[535/1243] github.com/otiai10/mint
  ✓ Already cached (19 versions) [0.00s]
[536/1243] github.com/pascaldekloe/name
  ✓ Already cached (2 versions) [0.00s]
[537/1243] github.com/patrickmn/go-cache
  ✓ Already cached (4 versions) [0.00s]
[538/1243] github.com/pborman/uuid
  ✓ Already cached (5 versions) [0.00s]
[539/1243] github.com/pelletier/go-buffruneio
  ✓ Already cached (3 versions) [0.00s]
[540/1243] github.com/peterbourgon/diskv
  ✓ Already cached (6 versions) [0.00s]
[541/1243] github.com/phayes/freeport
  ✓ Already cached (2 versions) [0.00s]
[542/1243] github.com/pierrec/cmdflag
  ✓ Already cached (2 versions) [0.00s]
[543/1243] github.com/pkg/errors
  ✓ Already cached (13 versions) [0.00s]
[544/1243] github.com/posener/complete
  ✓ Already cached (12 versions) [0.00s]
[545/1243] github.com/prometheus/client_model
  ✓ Already cached (8 versions) [0.00s]
[546/1243] github.com/puerkitobio/purell
  ✓ Already cached (6 versions) [0.00s]
[547/1243] github.com/puerkitobio/urlesc
  Module: github.com/puerkitobio/urlesc
  Trying Go proxy...
  ✗ Not found on proxy (may be an application, not a library)
  Trying GitHub: puerkitobio/urlesc...
  ✗ No GitHub releases/tags found (0.5s)
  ✗ No versions found from any source

[548/1243] github.com/remyoudompheng/bigfft
  Module: github.com/remyoudompheng/bigfft
  Trying Go proxy...
  ✗ Not found on proxy (may be an application, not a library)
  Trying GitHub: remyoudompheng/bigfft...
  ✗ No GitHub releases/tags found (0.5s)
  ✗ No versions found from any source

[549/1243] github.com/robfig/cron
  ✓ Already cached (6 versions) [0.00s]
[550/1243] github.com/rogpeppe/fastuuid
  ✓ Already cached (3 versions) [0.00s]
[551/1243] go-internal
  ✓ Already cached (43 versions) [0.00s]
[552/1243] github.com/rs/cors
  ✓ Already cached (17 versions) [0.00s]
[553/1243] github.com/rs/xid
  ✓ Already cached (9 versions) [0.00s]
[554/1243] github.com/rs/zerolog
  ✓ Already cached (52 versions) [0.00s]
[555/1243] github.com/rubenv/sql-migrate
  ✓ Already cached (18 versions) [0.00s]
[556/1243] github.com/russross/blackfriday
  ✓ Already cached (9 versions) [0.00s]
[557/1243] github.com/russross/blackfriday/v2
  ✓ Already cached (8 versions) [0.00s]
[558/1243] github.com/ryanuber/columnize
  ✓ Already cached (12 versions) [0.00s]
[559/1243] github.com/ryanuber/go-glob
  ✓ Already cached (2 versions) [0.00s]
[560/1243] github.com/santhosh-tekuri/jsonschema
  ✓ Already cached (31 versions) [0.00s]
[561/1243] github.com/satori/go.uuid
  ✓ Already cached (3 versions) [0.00s]
[562/1243] github.com/sclevine/spec
  ✓ Already cached (5 versions) [0.00s]
[563/1243] github.com/sean-/seed
  Module: github.com/sean-/seed
  Trying Go proxy...
  ✗ Not found on proxy (may be an application, not a library)
  Trying GitHub: sean-/seed...
  ✗ No GitHub releases/tags found (0.5s)
  ✗ No versions found from any source

[564/1243] github.com/segmentio/backo-go
  ✓ Already cached (3 versions) [0.00s]
[565/1243] github.com/serenize/snaker
  Module: github.com/serenize/snaker
  Trying Go proxy...
  ✗ Not found on proxy (may be an application, not a library)
  Trying GitHub: serenize/snaker...
  ✗ No GitHub releases/tags found (0.5s)
  ✗ No versions found from any source

[566/1243] github.com/sermodigital/jose
  ✓ Already cached (4 versions) [0.00s]
[567/1243] github.com/sethvargo/go-password
  ✓ Already cached (7 versions) [0.00s]
[568/1243] github.com/shopify/sarama
  ✓ Already cached (82 versions) [0.00s]
[569/1243] github.com/shopspring/decimal
  ✓ Already cached (7 versions) [0.00s]
[570/1243] github.com/sigurn/crc16
  Module: github.com/sigurn/crc16
  Trying Go proxy...
  ✗ Not found on proxy (may be an application, not a library)
  Trying GitHub: sigurn/crc16...
  ✗ No GitHub releases/tags found (0.5s)
  ✗ No versions found from any source

[571/1243] github.com/sigurn/utils
  Module: github.com/sigurn/utils
  Trying Go proxy...
  ✗ Not found on proxy (may be an application, not a library)
  Trying GitHub: sigurn/utils...
  ✗ No GitHub releases/tags found (0.6s)
  ✗ No versions found from any source

[572/1243] github.com/sirupsen/logrus
  ✓ Already cached (60 versions) [0.00s]
[573/1243] github.com/smartystreets/assertions
  ✓ Already cached (27 versions) [0.00s]
[574/1243] github.com/soheilhy/cmux
  ✓ Already cached (6 versions) [0.00s]
[575/1243] github.com/sony/gobreaker
  ✓ Already cached (13 versions) [0.00s]
[576/1243] github.com/spaolacci/murmur3
  ✓ Already cached (2 versions) [0.00s]
[577/1243] github.com/spf13/cobra
  ✓ Already cached (27 versions) [0.00s]
[578/1243] github.com/spf13/jwalterweatherman
  ✓ Already cached (2 versions) [0.00s]
[579/1243] github.com/spf13/pflag
  ✓ Already cached (12 versions) [0.00s]
[580/1243] github.com/spf13/viper
  ✓ Already cached (44 versions) [0.00s]
[581/1243] github.com/stoewer/go-strcase
  ✓ Already cached (8 versions) [0.00s]
[582/1243] github.com/storageos/go-api
  ✓ Already cached (40 versions) [0.00s]
[583/1243] github.com/streadway/amqp
  ✓ Already cached (2 versions) [0.00s]
[584/1243] github.com/stretchr/objx
  ✓ Already cached (9 versions) [0.00s]
[585/1243] github.com/stretchr/testify
  ✓ Already cached (28 versions) [0.00s]
[586/1243] github.com/subosito/gotenv
  ✓ Already cached (11 versions) [0.00s]
[587/1243] github.com/thanos-io/thanos
  ✓ Already cached (134 versions) [0.00s]
[588/1243] github.com/thecodeteam/goscaleio
  ✓ Already cached (1 versions) [0.00s]
[589/1243] github.com/tidwall/pretty
  ✓ Already cached (10 versions) [0.00s]
[590/1243] github.com/uber/jaeger-client-go
  ✓ Already cached (94 versions) [0.00s]
[591/1243] github.com/uber/jaeger-client-go
  ✓ Already cached (94 versions) [0.00s]
[592/1243] github.com/uber/jaeger-lib
  ✓ Already cached (22 versions) [0.00s]
[593/1243] github.com/ugorji/go/codec
  ✓ Already cached (37 versions) [0.00s]
[594/1243] github.com/ulikunitz/xz
  ✓ Already cached (32 versions) [0.00s]
[595/1243] github.com/urfave/cli
  ✓ Already cached (144 versions) [0.00s]
[596/1243] github.com/urfave/negroni
  ✓ Already cached (10 versions) [0.00s]
[597/1243] github.com/vbauerster/mpb
  ✓ Already cached (118 versions) [0.00s]
[598/1243] github.com/vektah/gqlparser
  ✓ Already cached (55 versions) [0.00s]
[599/1243] github.com/venafi/vcert
  ✓ Already cached (80 versions) [0.00s]
[600/1243] ewma
  ✓ Already cached (3 versions) [0.00s]
[601/1243] github.com/vmihailenco/msgpack
  ✓ Already cached (71 versions) [0.00s]
[602/1243] github.com/wadey/gocovmerge
  Module: github.com/wadey/gocovmerge
  Trying Go proxy...
  ✗ Not found on proxy (may be an application, not a library)
  Trying GitHub: wadey/gocovmerge...
  ✗ No GitHub releases/tags found (0.5s)
  ✗ No versions found from any source

[603/1243] github.com/xanzy/go-gitlab
  ✓ Already cached (193 versions) [0.00s]
[604/1243] github.com/xdg/scram
  ✓ Already cached (7 versions) [0.00s]
[605/1243] github.com/xdg/stringprep
  ✓ Already cached (4 versions) [0.00s]
[606/1243] github.com/xeipuuv/gojsonpointer
  Module: github.com/xeipuuv/gojsonpointer
  Trying Go proxy...
  ✗ Not found on proxy (may be an application, not a library)
  Trying GitHub: xeipuuv/gojsonpointer...
  ✗ No GitHub releases/tags found (0.5s)
  ✗ No versions found from any source

[607/1243] github.com/xeipuuv/gojsonreference
  Module: github.com/xeipuuv/gojsonreference
  Trying Go proxy...
  ✗ Not found on proxy (may be an application, not a library)
  Trying GitHub: xeipuuv/gojsonreference...
  ✗ No GitHub releases/tags found (42.5s)
  ✗ No versions found from any source

[608/1243] github.com/xeipuuv/gojsonschema
  ✓ Already cached (3 versions) [0.00s]
[609/1243] github.com/xi2/xz
  Module: github.com/xi2/xz
  Trying Go proxy...
  ✗ Not found on proxy (may be an application, not a library)
  Trying GitHub: xi2/xz...
  ✗ No GitHub releases/tags found (0.4s)
  ✗ No versions found from any source

[610/1243] github.com/xiang90/probing
  ✓ Already cached (2 versions) [0.00s]
[611/1243] github.com/xlab/treeprint
  ✓ Already cached (3 versions) [0.00s]
[612/1243] github.com/xtgo/uuid
  Module: github.com/xtgo/uuid
  Trying Go proxy...
  ✗ Not found on proxy (may be an application, not a library)
  Trying GitHub: xtgo/uuid...
  ✗ No GitHub releases/tags found (0.9s)
  ✗ No versions found from any source

[613/1243] github.com/yuin/goldmark
  ✓ Already cached (98 versions) [0.00s]
[614/1243] github.com/yvasiyarov/gorelic
  ✓ Already cached (6 versions) [0.00s]
[615/1243] github.com/yvasiyarov/newrelic_platform_go
  Module: github.com/yvasiyarov/newrelic_platform_go
  Trying Go proxy...
  ✗ Not found on proxy (may be an application, not a library)
  Trying GitHub: yvasiyarov/newrelic_platform_go...
  ✗ No GitHub releases/tags found (0.5s)
  ✗ No versions found from any source

[616/1243] github.com/zenazn/goji
  ✓ Already cached (5 versions) [0.00s]
[617/1243] github.com/ziutek/mymysql
  ✓ Already cached (83 versions) [0.00s]
[618/1243] github.com/akamai/AkamaiOPEN-edgegrid-golang
  ✓ Already cached (86 versions) [0.00s]
[619/1243] jennifer
  ✓ Already cached (31 versions) [0.00s]
[620/1243] oras
  ✓ Already cached (45 versions) [0.00s]
[621/1243] hdrhistogram-go
  ✓ Already cached (6 versions) [0.00s]
[622/1243] github.com/jinzhu/gorm
  ✓ Already cached (23 versions) [0.00s]
[623/1243] protoc-gen-validate
  ✓ Already cached (230 versions) [0.00s]
[624/1243] sprig
  ✓ Already cached (45 versions) [0.00s]
[625/1243] github_azure_azure-storage-blob-go
  ✓ Already cached (19 versions) [0.00s]
[626/1243] glfw
  Module: github.com/go-gl/glfw
  Trying Go proxy...
  ✗ Not found on proxy (may be an application, not a library)
  Trying GitHub: go-gl/glfw...
  ✗ No GitHub releases/tags found (1.4s)
  ✗ No versions found from any source

[627/1243] github.com/google/gnostic
  ✓ Already cached (29 versions) [0.00s]
[628/1243] gnostic-models
  ✓ Already cached (4 versions) [0.00s]
[629/1243] github.com/ugorji/go
  ✓ Already cached (36 versions) [0.00s]
[630/1243] github.com/hashicorp/go-cleanhttp
  ✓ Already cached (3 versions) [0.00s]
[631/1243] github.com/envoyproxy/go-control-plane
  ✓ Already cached (58 versions) [0.00s]
[632/1243] go-digest
  ✓ Already cached (3 versions) [0.00s]
[633/1243] go-fastjson
  ✓ Already cached (7 versions) [0.00s]
[634/1243] gcfg
  ✓ Already cached (6 versions) [0.00s]
[635/1243] go-genproto
  Module: github.com/googleapis/go-genproto
  Trying Go proxy...
  ✗ Not found on proxy (may be an application, not a library)
  Trying GitHub: googleapis/go-genproto...
  ✗ No GitHub releases/tags found (0.6s)
  ✗ No versions found from any source

[636/1243] go-github
  ✓ Already cached (116 versions) [0.00s]
[637/1243] github.com/grpc-ecosystem/go-grpc-middleware
  ✓ Already cached (25 versions) [0.00s]
[638/1243] github.com/grpc-ecosystem/go-grpc-middleware
  ✓ Already cached (25 versions) [0.00s]
[639/1243] go-grpc-middleware
  ✓ Already cached (25 versions) [0.00s]
[640/1243] go-hclog
  ✓ Already cached (32 versions) [0.00s]
[641/1243] go-http-tunnel
  ✓ Already cached (5 versions) [0.00s]
[642/1243] go-i18n
  ✓ Already cached (51 versions) [0.00s]
[643/1243] github.com/hashicorp/go-immutable-radix
  ✓ Already cached (7 versions) [0.00s]
[644/1243] github.com/hashicorp/go-immutable-radix
  ✓ Already cached (7 versions) [0.00s]
[645/1243] go-immutable-radix
  ✓ Already cached (7 versions) [0.00s]
[646/1243] hashicorp/go-immutable-radix
  ✓ Already cached (7 versions) [0.00s]
[647/1243] hashicorp/go-immutable-radix
  ✓ Already cached (7 versions) [0.00s]
[648/1243] go-inf/inf
  ✓ Already cached (2 versions) [0.00s]
[649/1243] github.com/square/go-jose
  ✓ Already cached (53 versions) [0.00s]
[650/1243] github.com/square/go-jose
  ✓ Already cached (53 versions) [0.00s]
[651/1243] github.com/square/go-jose
  ✓ Already cached (53 versions) [0.00s]
[652/1243] go-jose
  ✓ Already cached (53 versions) [0.00s]
[653/1243] go-jose
  ✓ Already cached (53 versions) [0.00s]
[654/1243] github.com/go-ldap/ldap
  ✓ Already cached (82 versions) [0.00s]
[655/1243] go-logfmt/logfmt
  ✓ Already cached (8 versions) [0.00s]
[656/1243] go-logr/logr
  ✓ Already cached (20 versions) [0.00s]
[657/1243] github.com/hashicorp/go-memdb
  ✓ Already cached (16 versions) [0.00s]
[658/1243] github.com/hashicorp/go-memdb
  ✓ Already cached (16 versions) [0.00s]
[659/1243] go-memdb
  ✓ Already cached (16 versions) [0.00s]
[660/1243] go-metrics
  ✓ Already cached (20 versions) [0.00s]
[661/1243] go-metrics
  ✓ Already cached (20 versions) [0.00s]
[662/1243] go-metrics
  ✓ Already cached (20 versions) [0.00s]
[663/1243] github.com/rcrowley/go-metrics
  Module: github.com/rcrowley/go-metrics
  Trying Go proxy...
  ✗ Not found on proxy (may be an application, not a library)
  Trying GitHub: rcrowley/go-metrics...
  ✗ No GitHub releases/tags found (0.4s)
  ✗ No versions found from any source

[664/1243] go-msgpack
  ✓ Already cached (15 versions) [0.00s]
[665/1243] github.com/nsqio/go-nsq
  ✓ Already cached (18 versions) [0.00s]
[666/1243] go-nuts
  Module: github.com/motemen/go-nuts
  Trying Go proxy...
  ✗ Not found on proxy (may be an application, not a library)
  Trying GitHub: motemen/go-nuts...
  ✗ No GitHub releases/tags found (0.6s)
  ✗ No versions found from any source

[667/1243] github.com/mattn/go-oci8
  ✓ Already cached (11 versions) [0.00s]
[668/1243] go-oidc
  ✓ Already cached (32 versions) [0.00s]
[669/1243] go-oidc
  ✓ Already cached (32 versions) [0.00s]
[670/1243] runtime
  ✓ Already cached (57 versions) [0.00s]
[671/1243] runtime
  ✓ Already cached (57 versions) [0.00s]
[672/1243] runtime
  ✓ Already cached (57 versions) [0.00s]
[673/1243] go-openapi/errors
  ✓ Already cached (27 versions) [0.00s]
[674/1243] go-openapi/inflect
  ✓ Already cached (12 versions) [0.00s]
[675/1243] go-openapi/jsonpointer
  ✓ Already cached (22 versions) [0.00s]
[676/1243] go-openapi/jsonpointer
  ✓ Already cached (22 versions) [0.00s]
[677/1243] jsonpointer
  ✓ Already cached (22 versions) [0.00s]
[678/1243] go-openapi/jsonreference
  ✓ Already cached (21 versions) [0.00s]
[679/1243] go-openapi/strfmt
  ✓ Already cached (39 versions) [0.00s]
[680/1243] go-openapi/strfmt
  ✓ Already cached (39 versions) [0.00s]
[681/1243] strfmt
  ✓ Already cached (39 versions) [0.00s]
[682/1243] go-openapi/swag
  ✓ Already cached (100 versions) [0.00s]
[683/1243] go-openapi/swag
  ✓ Already cached (100 versions) [0.00s]
[684/1243] swag
  ✓ Already cached (100 versions) [0.00s]
[685/1243] validate
  ✓ Already cached (40 versions) [0.00s]
[686/1243] go-pkcs12
  ✓ Already cached (8 versions) [0.00s]
[687/1243] go-querystring
  ✓ Already cached (3 versions) [0.00s]
[688/1243] go-redis
  ✓ Already cached (220 versions) [0.00s]
[689/1243] go-resiliency
  ✓ Already cached (8 versions) [0.00s]
[690/1243] go-restful
  ✓ Already cached (37 versions) [0.00s]
[691/1243] go-restful
  ✓ Already cached (37 versions) [0.00s]
[692/1243] go-rootcerts
  ✓ Already cached (3 versions) [0.00s]
[693/1243] github.com/coreos/go-semver
  ✓ Already cached (4 versions) [0.00s]
[694/1243] go-sockaddr
  ✓ Already cached (8 versions) [0.00s]
[695/1243] github.com/davecgh/go-spew
  ✓ Already cached (3 versions) [0.00s]
[696/1243] go-spew
  ✓ Already cached (3 versions) [0.00s]
[697/1243] go-spew
  ✓ Already cached (3 versions) [0.00s]
[698/1243] go-sql-driver/mysql
  ✓ Already cached (22 versions) [0.00s]
[699/1243] go-strcase
  ✓ Already cached (8 versions) [0.00s]
[700/1243] go-sysinfo
  ✓ Already cached (33 versions) [0.00s]
[701/1243] go-syslog
  ✓ Already cached (13 versions) [0.00s]
[702/1243] go-systemd
  ✓ Already cached (30 versions) [0.00s]
[703/1243] go-toml
  ✓ Already cached (56 versions) [0.00s]
[704/1243] go-tools
  ✓ Already cached (80 versions) [0.00s]
[705/1243] github.com/inconshreveable/go-update
  Module: github.com/inconshreveable/go-update
  Trying Go proxy...
  ✗ Not found on proxy (may be an application, not a library)
  Trying GitHub: inconshreveable/go-update...
  ✗ No GitHub releases/tags found (1.0s)
  ✗ No versions found from any source

[706/1243] go-zookeeper
  Module: github.com/samuel/go-zookeeper
  Trying Go proxy...
  ✗ Not found on proxy (may be an application, not a library)
  Trying GitHub: samuel/go-zookeeper...
  ✗ No GitHub releases/tags found (0.5s)
  ✗ No versions found from any source

[707/1243] go.opencensus.io
  ✓ Already cached (37 versions) [0.00s]
[708/1243] go.uber.org/atomic
  ✓ Already cached (15 versions) [0.00s]
[709/1243] gobrake
  ✓ Already cached (43 versions) [0.00s]
[710/1243] gobrake
  ✓ Already cached (43 versions) [0.00s]
[711/1243] gopkg.in/airbrake/gobrake.v2
  ✓ Already cached (43 versions) [0.00s]
[712/1243] gopkg.in/airbrake/gobrake.v2
  ✓ Already cached (43 versions) [0.00s]
[713/1243] gobwas__glob
  ✓ Already cached (5 versions) [0.00s]
[714/1243] gobwas/glob
  ✓ Already cached (5 versions) [0.00s]
[715/1243] gobwas/glob
  ✓ Already cached (5 versions) [0.00s]
[716/1243] github.com/gocql/gocql
  ✓ Already cached (16 versions) [0.00s]
[717/1243] github.com/gocql/gocql
  ✓ Already cached (16 versions) [0.00s]
[718/1243] gocql
  ✓ Already cached (16 versions) [0.00s]
[719/1243] gocql/gocql
  ✓ Already cached (16 versions) [0.00s]
[720/1243] gocql/gocql
  ✓ Already cached (16 versions) [0.00s]
[721/1243] gocql
  ✓ Already cached (16 versions) [0.00s]
[722/1243] gocql/gocql
  ✓ Already cached (16 versions) [0.00s]
[723/1243] dbus
  ✓ Already cached (19 versions) [0.00s]
[724/1243] github.com/digitalocean/godo
  ✓ Already cached (210 versions) [0.00s]
[725/1243] github.com/digitalocean/godo
  ✓ Already cached (210 versions) [0.00s]
[726/1243] godo
  ✓ Already cached (210 versions) [0.00s]
[727/1243] godog
  ✓ Already cached (55 versions) [0.00s]
[728/1243] github.com/joho/godotenv
  ✓ Already cached (11 versions) [0.00s]
[729/1243] github.com/joho/godotenv
  ✓ Already cached (11 versions) [0.00s]
[730/1243] godotenv
  ✓ Already cached (11 versions) [0.00s]
[731/1243] gofpdf
  ✓ Already cached (42 versions) [0.00s]
[732/1243] github.com/gofrs/uuid
  ✓ Already cached (43 versions) [0.00s]
[733/1243] github.com/gofrs/uuid
  ✓ Already cached (43 versions) [0.00s]
[734/1243] uuid
  ✓ Already cached (43 versions) [0.00s]
[735/1243] gofrs/flock
  ✓ Already cached (18 versions) [0.00s]
[736/1243] github.com/xeipuuv/gojsonschema
  ✓ Already cached (3 versions) [0.00s]
[737/1243] gopkg.in/jcmturner/gokrb5.v7
  ✓ Already cached (107 versions) [0.00s]
[738/1243] net
  ✓ Already cached (49 versions) [0.00s]
[739/1243] golang-net
  ✓ Already cached (49 versions) [0.00s]
[740/1243] deckarep/golang-set
  ✓ Already cached (14 versions) [0.00s]
[741/1243] deckarep/golang-set
  ✓ Already cached (14 versions) [0.00s]
[742/1243] golang-set
  ✓ Already cached (14 versions) [0.00s]
[743/1243] golang/glog
  ✓ Already cached (10 versions) [0.00s]
[744/1243] golang/groupcache
  Module: github.com/golang/groupcache
  Trying Go proxy...
  ✗ Not found on proxy (may be an application, not a library)
  Trying GitHub: golang/groupcache...
  ✗ No GitHub releases/tags found (0.5s)
  ✗ No versions found from any source

[745/1243] golang/protobuf
  ✓ Already cached (22 versions) [0.00s]
[746/1243] golang/snappy
  ✓ Already cached (5 versions) [0.00s]
[747/1243] golang/text
  ✓ Already cached (42 versions) [0.00s]
[748/1243] github.com/matttproud/golang_protobuf_extensions
  ✓ Already cached (6 versions) [0.00s]
[749/1243] github.com/matttproud/golang_protobuf_extensions
  ✓ Already cached (6 versions) [0.00s]
[750/1243] github.com/matttproud/golang_protobuf_extensions
  ✓ Already cached (6 versions) [0.00s]
[751/1243] modernc.org/golex
  ✗ Could not extract module path
[752/1243] gomodules.xyz/orderedmap
  ✓ Already cached (1 versions) [0.00s]
[753/1243] jsonpatch
  ✓ Already cached (16 versions) [0.00s]
[754/1243] google-cloud-go
  ✓ Already cached (271 versions) [0.00s]
[755/1243] github.com/google/uuid
  ✓ Already cached (17 versions) [0.00s]
[756/1243] github.com/google/uuid
  ✓ Already cached (17 versions) [0.00s]
[757/1243] uuid
  ✓ Already cached (43 versions) [0.00s]
[758/1243] google.golang.org/api
  ✓ Already cached (265 versions) [0.00s]
[759/1243] google/btree
  ✓ Already cached (6 versions) [0.00s]
[760/1243] google/go-cmp
  ✓ Already cached (18 versions) [0.00s]
[761/1243] google/gofuzz
  ✓ Already cached (3 versions) [0.00s]
[762/1243] google/pprof
  Module: github.com/google/pprof
  Trying Go proxy...
  ✗ Not found on proxy (may be an application, not a library)
  Trying GitHub: google/pprof...
  ✗ No GitHub releases/tags found (0.5s)
  ✗ No versions found from any source

[763/1243] gophercloud/gophercloud
  ✓ Already cached (62 versions) [0.00s]
[764/1243] gopkg.in/airbrake/gobrake.v2
  ✓ Already cached (43 versions) [0.00s]
[765/1243] gopkg.in/alecthomas/kingpin.v2
  ✓ Already cached (57 versions) [0.00s]
[766/1243] gopkg.in/check.v1
  Module: github.com/go-check/check
  Trying Go proxy...
  ✗ Not found on proxy (may be an application, not a library)
  Trying GitHub: go-check/check...
  ✗ No GitHub releases/tags found (0.5s)
  ✗ No versions found from any source

[767/1243] gopkg.in/cheggaaa/pb.v1
  ✓ Already cached (63 versions) [0.00s]
[768/1243] gopkg.in/errgo.v2
  ✓ Already cached (5 versions) [0.00s]
[769/1243] gopkg.in/fsnotify.v1
  ✓ Already cached (38 versions) [0.00s]
[770/1243] gopkg.in/fsnotify/fsnotify.v1
  ✓ Already cached (38 versions) [0.00s]
[771/1243] gopkg.in/gemnasium/logrus-airbrake-hook.v2
  ✓ Already cached (9 versions) [0.00s]
[772/1243] gopkg.in/go-playground/assert.v1
  ✓ Already cached (10 versions) [0.00s]
[773/1243] gopkg.in/go-playground/validator.v9
  ✓ Already cached (183 versions) [0.00s]
[774/1243] gopkg.in/gorp.v1
  ✓ Already cached (10 versions) [0.00s]
[775/1243] gopkg.in/imdario/mergo.v0
  ✓ Already cached (26 versions) [0.00s]
[776/1243] gopkg.in/inconshreveable/log15.v2
  ✓ Already cached (33 versions) [0.00s]
[777/1243] gopkg.in/inf.v0
  ✓ Already cached (2 versions) [0.00s]
[778/1243] gopkg.in/ini.v1
  ✓ Already cached (104 versions) [0.00s]
[779/1243] gopkg.in/mikefarah/yq.v1
  ✓ Already cached (108 versions) [0.00s]
[780/1243] gopkg.in/natefinch/lumberjack.v2
  ✓ Already cached (6 versions) [0.00s]
[781/1243] gopkg.in/resty.v1
  ✓ Already cached (87 versions) [0.00s]
[782/1243] gopkg.in/warnings.v0
  ✓ Already cached (3 versions) [0.00s]
[783/1243] goproxy
  ✓ Already cached (21 versions) [0.00s]
[784/1243] github.com/shirou/gopsutil/v3
  ✓ Already cached (64 versions) [0.00s]
[785/1243] gorilla/websocket
  ✓ Already cached (11 versions) [0.00s]
[786/1243] gotest.tools
  ✓ Already cached (21 versions) [0.00s]
[787/1243] gotest.tools/gotestsum
  ✓ Already cached (34 versions) [0.00s]
[788/1243] gotest.tools/gotestsum
  ✓ Already cached (34 versions) [0.00s]
[789/1243] gotest.tools/gotestsum
  ✓ Already cached (34 versions) [0.00s]
[790/1243] gotestsum
  ✓ Already cached (34 versions) [0.00s]
[791/1243] gotestyourself
  ✓ Already cached (21 versions) [0.00s]
[792/1243] grafana
  ✓ Already cached (240 versions) [0.00s]
[793/1243] grafana
  ✓ Already cached (240 versions) [0.00s]
[794/1243] httpcache
  Module: github.com/gregjones/httpcache
  Trying Go proxy...
  ✗ Not found on proxy (may be an application, not a library)
  Trying GitHub: gregjones/httpcache...
  ✗ No GitHub releases/tags found (0.4s)
  ✗ No versions found from any source

[795/1243] gregjones/httpcache
  Module: github.com/gregjones/httpcache
  Trying Go proxy...
  ✗ Not found on proxy (may be an application, not a library)
  Trying GitHub: gregjones/httpcache...
  ✗ No GitHub releases/tags found (0.5s)
  ✗ No versions found from any source

[796/1243] grpc-ecosystem/go-grpc-prometheus
  ✓ Already cached (3 versions) [0.00s]
[797/1243] grpc-ecosystem/grpc-gateway
  ✓ Already cached (113 versions) [0.00s]
[798/1243] grpc-gateway
  ✓ Already cached (113 versions) [0.00s]
[799/1243] grpc-gateway
  ✓ Already cached (113 versions) [0.00s]
[800/1243] grpc-gateway
  ✓ Already cached (113 versions) [0.00s]
[801/1243] grpc-gateway
  ✓ Already cached (113 versions) [0.00s]
[802/1243] grpc-go
  ✓ Already cached (238 versions) [0.00s]
[803/1243] grpc-go
  ✓ Already cached (238 versions) [0.00s]
[804/1243] grpc-websocket-proxy
  Module: github.com/tmc/grpc-websocket-proxy
  Trying Go proxy...
  ✗ Not found on proxy (may be an application, not a library)
  Trying GitHub: tmc/grpc-websocket-proxy...
  ✗ No GitHub releases/tags found (0.5s)
  ✗ No versions found from any source

[805/1243] grpc-websocket-proxy
  Module: github.com/tmc/grpc-websocket-proxy
  Trying Go proxy...
  ✗ Not found on proxy (may be an application, not a library)
  Trying GitHub: tmc/grpc-websocket-proxy...
  ✗ No GitHub releases/tags found (0.6s)
  ✗ No versions found from any source

[806/1243] grpcurl
  ✓ Already cached (27 versions) [0.00s]
[807/1243] gziphandler
  ✓ Already cached (4 versions) [0.00s]
[808/1243] handlers
  ✓ Already cached (10 versions) [0.00s]
[809/1243] serf
  ✓ Already cached (35 versions) [0.00s]
[810/1243] hashicorp/go-immutable-radix
  ✓ Already cached (7 versions) [0.00s]
[811/1243] hashicorp/golang-lru
  ✓ Already cached (16 versions) [0.00s]
[812/1243] github.com/hashicorp/hcl
  ✓ Already cached (47 versions) [0.00s]
[813/1243] github.com/hashicorp/hcl
  ✓ Already cached (47 versions) [0.00s]
[814/1243] github.com/hashicorp/hcl
  ✓ Already cached (47 versions) [0.00s]
[815/1243] github.com/hashicorp/hcl
  ✓ Already cached (47 versions) [0.00s]
[816/1243] hcl
  ✓ Already cached (47 versions) [0.00s]
[817/1243] helm-2to3
  ✓ Already cached (31 versions) [0.00s]
[818/1243] helm-unittest
  ✓ Already cached (53 versions) [0.00s]
[819/1243] highwayhash
  ✓ Already cached (4 versions) [0.00s]
[820/1243] hudl/fargo
  ✓ Already cached (7 versions) [0.00s]
[821/1243] hystrix-go
  Module: github.com/afex/hystrix-go
  Trying Go proxy...
  ✗ Not found on proxy (may be an application, not a library)
  Trying GitHub: afex/hystrix-go...
  ✗ No GitHub releases/tags found (0.5s)
  ✗ No versions found from any source

[822/1243] ibm-cloud-operators
  ✓ Already cached (26 versions) [0.00s]
[823/1243] ibm-iam-operator
  ✓ Already cached (6 versions) [0.00s]
[824/1243] ibm-namespace-scope-operator
  ✓ Already cached (56 versions) [0.00s]
[825/1243] ibm-namespace-scope-operator
  ✓ Already cached (56 versions) [0.00s]
[826/1243] imdario/mergo
  ✓ Already cached (26 versions) [0.00s]
[827/1243] inconshreveable/mousetrap
  ✓ Already cached (4 versions) [0.00s]
[828/1243] inf
  ✓ Already cached (2 versions) [0.00s]
[829/1243] infinispan-operator
  ✓ Already cached (73 versions) [0.00s]
[830/1243] inflect
  ✓ Already cached (12 versions) [0.00s]
[831/1243] inflection
  ✓ Already cached (1 versions) [0.00s]
[832/1243] line-protocol
  ✓ Already cached (1 versions) [0.00s]
[833/1243] flux
  ✓ Already cached (305 versions) [0.00s]
[834/1243] influxdb
  ✓ Already cached (331 versions) [0.00s]
[835/1243] influxdb
  ✓ Already cached (331 versions) [0.00s]
[836/1243] influxdb1-client
  Module: github.com/influxdata/influxdb1-client
  Trying Go proxy...
  ✗ Not found on proxy (may be an application, not a library)
  Trying GitHub: influxdata/influxdb1-client...
  ✗ No GitHub releases/tags found (0.7s)
  ✗ No versions found from any source

[837/1243] istanbul-lib-source-maps
  ✓ Already cached (41 versions) [0.00s]
[838/1243] PACKAGE_NAME
  Module: github.com/org/repo
  Trying Go proxy...
  ✗ Not found on proxy (may be an application, not a library)
  Trying GitHub: org/repo...
  ✗ No GitHub releases/tags found (0.6s)
  ✗ No versions found from any source

[839/1243] istio
  ✓ Already cached (100 versions) [0.00s]
[840/1243] istio
  ✓ Already cached (100 versions) [0.00s]
[841/1243] api
  ✓ Already cached (90 versions) [0.00s]
[842/1243] api
  ✓ Already cached (90 versions) [0.00s]
[843/1243] https://github.com/istio/api
  ✓ Already cached (100 versions) [0.00s]
[844/1243] istio-api
  ✓ Already cached (104 versions) [0.00s]
[845/1243] istio-api
  ✓ Already cached (104 versions) [0.00s]
[846/1243] https://github.com/istio/api
  ✓ Already cached (100 versions) [0.00s]
[847/1243] api
  ✓ Already cached (90 versions) [0.00s]
[848/1243] istio-operator
  ✓ Already cached (100 versions) [0.00s]
[849/1243] jackson-annotations
  ✓ Already cached (100 versions) [0.00s]
[850/1243] jaeger
  ✓ Already cached (101 versions) [0.00s]
[851/1243] jaeger
  ✓ Already cached (101 versions) [0.00s]
[852/1243] jaeger-operator
  ✓ Already cached (82 versions) [0.00s]
[853/1243] jaeger-operator
  ✓ Already cached (82 versions) [0.00s]
[854/1243] jaeger-operator
  ✓ Already cached (82 versions) [0.00s]
[855/1243] jaeger
  ✓ Already cached (101 versions) [0.00s]
[856/1243] jaeger
  ✓ Already cached (101 versions) [0.00s]
[857/1243] jehiah/go-strftime
  Module: github.com/jehiah/go-strftime
  Trying Go proxy...
  ✗ Not found on proxy (may be an application, not a library)
  Trying GitHub: jehiah/go-strftime...
  ✗ No GitHub releases/tags found (0.6s)
  ✗ No versions found from any source

[858/1243] jinzhu/inflection
  ✓ Already cached (1 versions) [0.00s]
[859/1243] jmespath/go-jmespath
  ✓ Already cached (9 versions) [0.00s]
[860/1243] jmoiron/jsonq
  Module: github.com/jmoiron/jsonq
  Trying Go proxy...
  ✗ Not found on proxy (may be an application, not a library)
  Trying GitHub: jmoiron/jsonq...
  ✗ No GitHub releases/tags found (0.5s)
  ✗ No versions found from any source

[861/1243] jonboulle/clockwork
  ✓ Already cached (8 versions) [0.00s]
[862/1243] journalbeat
  ✓ Already cached (16 versions) [0.00s]
[863/1243] json-iterator/go
  ✓ Already cached (20 versions) [0.00s]
[864/1243] jsonpatch
  ✓ Already cached (16 versions) [0.00s]
[865/1243] github.com/go-openapi/jsonpointer
  ✓ Already cached (22 versions) [0.00s]
[866/1243] github.com/go-openapi/jsonpointer
  ✓ Already cached (22 versions) [0.00s]
[867/1243] go-openapi/jsonpointer
  ✓ Already cached (22 versions) [0.00s]
[868/1243] go-openapi/jsonpointer
  ✓ Already cached (22 versions) [0.00s]
[869/1243] jsonpointer
  ✓ Already cached (22 versions) [0.00s]
[870/1243] jsonpointer
  ✓ Already cached (22 versions) [0.00s]
[871/1243] jsonpointer
  ✓ Already cached (22 versions) [0.00s]
[872/1243] github.com/go-openapi/jsonreference
  ✓ Already cached (21 versions) [0.00s]
[873/1243] github.com/go-openapi/jsonreference
  ✓ Already cached (21 versions) [0.00s]
[874/1243] go-openapi/jsonreference
  ✓ Already cached (21 versions) [0.00s]
[875/1243] go-openapi/jsonreference
  ✓ Already cached (21 versions) [0.00s]
[876/1243] jsonreference
  ✓ Already cached (21 versions) [0.00s]
[877/1243] jteeuwen__go-bindata
  ✓ Already cached (26 versions) [0.00s]
[878/1243] jteeuwen/go-bindata
  ✓ Already cached (26 versions) [0.00s]
[879/1243] jteeuwen/go-bindata
  ✓ Already cached (26 versions) [0.00s]
[880/1243] jws-operator
  ✓ Already cached (5 versions) [0.00s]
[881/1243] github.com/dgrijalva/jwt-go
  ✓ Already cached (26 versions) [0.00s]
[882/1243] k8s.io/api
  ✓ Already cached (603 versions) [0.00s]
[883/1243] kabanero-command-line
  ✓ Already cached (38 versions) [0.00s]
[884/1243] kafka-go
  ✓ Already cached (71 versions) [0.00s]
[885/1243] keda
  ✓ Already cached (50 versions) [0.00s]
[886/1243] kiali
  ✓ Already cached (418 versions) [0.00s]
[887/1243] kiali
  ✓ Already cached (418 versions) [0.00s]
[888/1243] kiali
  ✓ Already cached (418 versions) [0.00s]
[889/1243] kiali
  ✓ Already cached (418 versions) [0.00s]
[890/1243] kiali
  ✓ Already cached (418 versions) [0.00s]
[891/1243] PACKAGE_NAME
  Module: github.com/org/repo
  Trying Go proxy...
  ✗ Not found on proxy (may be an application, not a library)
  Trying GitHub: org/repo...
  ✗ No GitHub releases/tags found (0.4s)
  ✗ No versions found from any source

[892/1243] kiali
  ✓ Already cached (418 versions) [0.00s]
[893/1243] kie-cloud-operator
  ✓ Already cached (47 versions) [0.00s]
[894/1243] kie-cloud-operator
  ✓ Already cached (47 versions) [0.00s]
[895/1243] kingpin
  ✓ Already cached (57 versions) [0.00s]
[896/1243] kit
  ✓ Already cached (13 versions) [0.00s]
[897/1243] klauspost/compress
  ✓ Already cached (111 versions) [0.00s]
[898/1243] klauspost/cpuid
  ✓ Already cached (41 versions) [0.00s]
[899/1243] klauspost/pgzip
  ✓ Already cached (10 versions) [0.00s]
[900/1243] v0.14.x
  ✓ Already cached (117 versions) [0.00s]
[901/1243] v0.16.x
  ✓ Already cached (117 versions) [0.00s]
[902/1243] v0.19.x
  ✓ Already cached (117 versions) [0.00s]
[903/1243] v0.18.x
  ✓ Already cached (57 versions) [0.00s]
[904/1243] v0.16.x
  ✓ Already cached (117 versions) [0.00s]
[905/1243] v0.8.x
  ✓ Already cached (57 versions) [0.00s]
[906/1243] v0.10.x
  ✓ Already cached (11 versions) [0.00s]
[907/1243] v0.19.x
  ✓ Already cached (117 versions) [0.00s]
[908/1243] v0.16.x
  ✓ Already cached (117 versions) [0.00s]
[909/1243] v0.8.x
  ✓ Already cached (57 versions) [0.00s]
[910/1243] v0.16.x
  ✓ Already cached (117 versions) [0.00s]
[911/1243] v0.19.x
  ✓ Already cached (117 versions) [0.00s]
[912/1243] v0.15.x
  ✓ Already cached (134 versions) [0.00s]
[913/1243] v0.16.x
  ✓ Already cached (117 versions) [0.00s]
[914/1243] v0.19.x
  ✓ Already cached (117 versions) [0.00s]
[915/1243] v0.16.x
  ✓ Already cached (117 versions) [0.00s]
[916/1243] v0.19.x
  ✓ Already cached (117 versions) [0.00s]
[917/1243] v0.16.x
  ✓ Already cached (117 versions) [0.00s]
[918/1243] v0.13.x
  ✓ Already cached (11 versions) [0.00s]
[919/1243] v0.19.x
  ✓ Already cached (117 versions) [0.00s]
[920/1243] v0.13.x
  ✓ Already cached (11 versions) [0.00s]
[921/1243] v0.16.x
  ✓ Already cached (117 versions) [0.00s]
[922/1243] v0.8.x
  ✓ Already cached (57 versions) [0.00s]
[923/1243] v0.16.x
  ✓ Already cached (117 versions) [0.00s]
[924/1243] knetic/govaluate
  ✓ Already cached (17 versions) [0.00s]
[925/1243] konsorten/go-windows-terminal-sequences
  ✓ Already cached (3 versions) [0.00s]
[926/1243] kr-text
  ✓ Already cached (2 versions) [0.00s]
[927/1243] kubernetes
  ✓ Already cached (1198 versions) [0.00s]
[928/1243] kubernetes
  ✓ Already cached (1198 versions) [0.00s]
[929/1243] kubernetes-model-generator/kubernetes-model-apiextensions
  ✓ Already cached (390 versions) [0.00s]
[930/1243] kubernetes-model-generator/kubernetes-model-apps
  ✓ Already cached (390 versions) [0.00s]
[931/1243] kubernetes-model-generator/kubernetes-model-batch
  ✓ Already cached (390 versions) [0.00s]
[932/1243] kubernetes-model-generator/kubernetes-model-core
  ✓ Already cached (390 versions) [0.00s]
[933/1243] kubernetes-model-generator/kubernetes-model-extensions
  ✓ Already cached (390 versions) [0.00s]
[934/1243] kubernetes-model-generator/kubernetes-model-networking
  ✓ Already cached (390 versions) [0.00s]
[935/1243] kubernetes-model-generator/kubernetes-model-policy
  ✓ Already cached (390 versions) [0.00s]
[936/1243] kubernetes-model-generator/kubernetes-model-rbac
  ✓ Already cached (390 versions) [0.00s]
[937/1243] kubernetes-model-generator/kubernetes-model-storageclass
  ✓ Already cached (390 versions) [0.00s]
[938/1243] kubernetes-model-generator/openshift-model-monitoring
  ✓ Already cached (390 versions) [0.00s]
[939/1243] kubernetes-model-generator/openshift-model
  ✓ Already cached (390 versions) [0.00s]
[940/1243] kubernetes/api
  ✓ Already cached (603 versions) [0.00s]
[941/1243] github.com/go-acme/lego
  ✓ Already cached (103 versions) [0.00s]
[942/1243] lego
  ✓ Already cached (103 versions) [0.00s]
[943/1243] libseccomp-golang
  ✓ Already cached (5 versions) [0.00s]
[944/1243] libtrust
  Module: github.com/docker/libtrust
  Trying Go proxy...
  ✗ Not found on proxy (may be an application, not a library)
  Trying GitHub: docker/libtrust...
  ✗ No GitHub releases/tags found (1.0s)
  ✗ No versions found from any source

[945/1243] lightstep-tracer-common
  ✓ Already cached (5 versions) [0.00s]
[946/1243] golang.org/x/lint
  Module: github.com/golang/lint
  Trying Go proxy...
  ✗ Not found on proxy (may be an application, not a library)
  Trying GitHub: golang/lint...
  ✗ No GitHub releases/tags found (0.5s)
  ✗ No versions found from any source

[947/1243] logex
  ✓ Already cached (12 versions) [0.00s]
[948/1243] github.com/gobuffalo/logger
  ✓ Already cached (8 versions) [0.00s]
[949/1243] github.com/gobuffalo/logger
  ✓ Already cached (8 versions) [0.00s]
[950/1243] logger
  ✓ Already cached (8 versions) [0.00s]
[951/1243] github.com/go-logr/logr
  ✓ Already cached (20 versions) [0.00s]
[952/1243] github.com/go-logr/logr
  ✓ Already cached (20 versions) [0.00s]
[953/1243] go-logr/logr
  ✓ Already cached (20 versions) [0.00s]
[954/1243] go-logr/logr
  ✓ Already cached (20 versions) [0.00s]
[955/1243] logr
  ✓ Already cached (20 versions) [0.00s]
[956/1243] logrus-logstash-hook
  ✓ Already cached (8 versions) [0.00s]
[957/1243] logstash-forwarder
  ✓ Already cached (3 versions) [0.00s]
[958/1243] logstash-forwarder
  ✓ Already cached (3 versions) [0.00s]
[959/1243] lz4
  ✓ Already cached (30 versions) [0.00s]
[960/1243] mailru/easyjson
  ✓ Already cached (10 versions) [0.00s]
[961/1243] maistra-istio-operator
  ✓ Already cached (100 versions) [0.00s]
[962/1243] maistra-test-tool-images
  ✓ Already cached (11 versions) [0.00s]
[963/1243] masterminds/squirrel
  ✓ Already cached (11 versions) [0.00s]
[964/1243] mathutil
  ✗ Could not extract module path
[965/1243] mattn/go-isatty
  ✓ Already cached (20 versions) [0.00s]
[966/1243] mattn/go-shellwords
  ✓ Already cached (13 versions) [0.00s]
[967/1243] mdns
  ✓ Already cached (7 versions) [0.00s]
[968/1243] metricbeat
  ✓ Already cached (257 versions) [0.00s]
[969/1243] metricbeat
  ✓ Already cached (257 versions) [0.00s]
[970/1243] metrics-server
  ✓ Already cached (45 versions) [0.00s]
[971/1243] github.com/mgutz/logxi
  ✓ Already cached (1 versions) [0.00s]
[972/1243] migrate
  ✓ Already cached (77 versions) [0.00s]
[973/1243] milvus-operator
  Module: github.com/zilliztech/${PACKAGE_NAME}
  Trying Go proxy...
  ✗ Not found on proxy (may be an application, not a library)
  Trying GitHub: zilliztech/${PACKAGE_NAME}...
  ✗ No GitHub releases/tags found (0.3s)
  ✗ No versions found from any source

[974/1243] milvus-operator
  Module: github.com/zilliztech/${PACKAGE_NAME}
  Trying Go proxy...
  ✗ Not found on proxy (may be an application, not a library)
  Trying GitHub: zilliztech/${PACKAGE_NAME}...
  ✗ No GitHub releases/tags found (0.3s)
  ✗ No versions found from any source

[975/1243] github.com/minio/minio-go/v6
  ✓ Already cached (148 versions) [0.00s]
[976/1243] mint
  Module: github.com/bifurcation/mint
  Trying Go proxy...
  ✗ Not found on proxy (may be an application, not a library)
  Trying GitHub: bifurcation/mint...
  ✗ No GitHub releases/tags found (0.7s)
  ✗ No versions found from any source

[977/1243] mitchellh/go-homedir
  ✓ Already cached (2 versions) [0.00s]
[978/1243] mitchellh/mapstructure
  ✓ Already cached (17 versions) [0.00s]
[979/1243] mockery
  ✓ Already cached (106 versions) [0.00s]
[980/1243] modern-go/concurrent
  ✓ Already cached (4 versions) [0.00s]
[981/1243] modern-go/reflect2
  ✓ Already cached (4 versions) [0.00s]
[982/1243] mongo-go-driver
  ✓ Already cached (147 versions) [0.00s]
[983/1243] moul/http2curl
  ✓ Already cached (11 versions) [0.00s]
[984/1243] msgp
  ✓ Already cached (28 versions) [0.00s]
[985/1243] multierr
  ✓ Already cached (14 versions) [0.00s]
[986/1243] multus-cni
  Module: github.com/openshift/multus-cni
  Trying Go proxy...
  ✗ Not found on proxy (may be an application, not a library)
  Trying GitHub: openshift/multus-cni...
  ✗ No GitHub releases/tags found (0.5s)
  ✗ No versions found from any source

[987/1243] lumberjack
  ✓ Already cached (6 versions) [0.00s]
[988/1243] natefinch/lumberjack
  ✓ Already cached (6 versions) [0.00s]
[989/1243] nats-io/jwt
  ✓ Already cached (66 versions) [0.00s]
[990/1243] nats-io/nats.go
  ✓ Already cached (73 versions) [0.00s]
[991/1243] nats-io/nkeys
  ✓ Already cached (21 versions) [0.00s]
[992/1243] nats-io/nuid
  ✓ Already cached (2 versions) [0.00s]
[993/1243] nats-server
  ✓ Already cached (125 versions) [0.00s]
[994/1243] nats-server
  ✓ Already cached (125 versions) [0.00s]
[995/1243] nats-io/nats-server
  ✓ Already cached (125 versions) [0.00s]
[996/1243] nats-io/nats-server
  ✓ Already cached (125 versions) [0.00s]
[997/1243] natscli
  ✓ Already cached (32 versions) [0.00s]
[998/1243] PACKAGE_NAME
  Module: github.com/org/repo
  Trying Go proxy...
  ✗ Not found on proxy (may be an application, not a library)
  Trying GitHub: org/repo...
  ✗ No GitHub releases/tags found (0.3s)
  ✗ No versions found from any source

[999/1243] nats-streaming-server
  ✓ Already cached (55 versions) [0.00s]
[1000/1243] nats-streaming-server
  ✓ Already cached (55 versions) [0.00s]
[1001/1243] github.com/nats-io/nats.go
  ✓ Already cached (73 versions) [0.00s]
[1002/1243] github.com/remyoudompheng/bigfft
  Module: github.com/remyoudompheng/bigfft
  Trying Go proxy...
  ✗ Not found on proxy (may be an application, not a library)
  ✗ No versions found from any source

[1003/1243] netns
  ✓ Already cached (5 versions) [0.00s]
[1004/1243] nfs-client-provisioner
  ✓ Already cached (32 versions) [0.00s]
[1005/1243] node-exporter
  ✓ Already cached (54 versions) [0.00s]
[1006/1243] nwaples/rardecode
  ✓ Already cached (16 versions) [0.00s]
[1007/1243] oauth2
  ✓ Already cached (34 versions) [0.00s]
[1008/1243] oc
  ✓ Already cached (2 versions) [0.00s]
[1009/1243] oc
  ✓ Already cached (2 versions) [0.00s]
[1010/1243] odo
  ✓ Already cached (94 versions) [0.00s]
[1011/1243] oklog
  ✓ Already cached (10 versions) [0.00s]
[1012/1243] ollama
  ✓ Already cached (381 versions) [0.00s]
[1013/1243] ollama
  ✓ Already cached (381 versions) [0.00s]
[1014/1243] onsi/ginkgo
  ✓ Already cached (107 versions) [0.00s]
[1015/1243] onsi/ginkgo
  ✓ Already cached (107 versions) [0.00s]
[1016/1243] onsi/gomega
  ✓ Already cached (78 versions) [0.00s]
[1017/1243] PACKAGE_NAME
  Module: github.com/org/repo
  Trying Go proxy...
  ✗ Not found on proxy (may be an application, not a library)
  Trying GitHub: org/repo...
  ✗ No GitHub releases/tags found (41.4s)
  ✗ No versions found from any source

[1018/1243] openshift-knative
  ✓ Already cached (19 versions) [0.00s]
[1019/1243] PACKAGE_NAME
  Module: github.com/org/repo
  Trying Go proxy...
  ✗ Not found on proxy (may be an application, not a library)
  Trying GitHub: org/repo...
  ✗ No GitHub releases/tags found (0.5s)
  ✗ No versions found from any source

[1020/1243] openshift-knative
  ✓ Already cached (19 versions) [0.00s]
[1021/1243] openshift-knative
  ✓ Already cached (19 versions) [0.00s]
[1022/1243] openshift-knative
  ✓ Already cached (19 versions) [0.00s]
[1023/1243] PACKAGE_NAME
  Module: github.com/org/repo
  Trying Go proxy...
  ✗ Not found on proxy (may be an application, not a library)
  Trying GitHub: org/repo...
  ✗ No GitHub releases/tags found (0.8s)
  ✗ No versions found from any source

[1024/1243] openshift-knative
  ✓ Already cached (19 versions) [0.00s]
[1025/1243] openstorage
  ✓ Already cached (65 versions) [0.00s]
[1026/1243] opentelemetry-collector
  ✓ Already cached (203 versions) [0.00s]
[1027/1243] opentelemetry-collector
  ✓ Already cached (203 versions) [0.00s]
[1028/1243] opentelemetry-collector-contrib
  ✓ Already cached (196 versions) [0.00s]
[1029/1243] opentelemetry-collector-contrib
  ✓ Already cached (196 versions) [0.00s]
[1030/1243] PACKAGE_NAME
  Module: github.com/org/repo
  Trying Go proxy...
  ✗ Not found on proxy (may be an application, not a library)
  Trying GitHub: org/repo...
  ✗ No GitHub releases/tags found (0.6s)
  ✗ No versions found from any source

[1031/1243] opentelemetry-cpp
  ✓ Already cached (47 versions) [0.00s]
[1032/1243] opentelemetry-go
  ✓ Already cached (94 versions) [0.00s]
[1033/1243] opentelemetry-go-contrib
  ✓ Already cached (72 versions) [0.00s]
[1034/1243] opentelemetry-go-contrib
  ✓ Already cached (72 versions) [0.00s]
[1035/1243] opentelemetry-operator
  ✓ Already cached (139 versions) [0.00s]
[1036/1243] opentelemetry-operator
  ✓ Already cached (139 versions) [0.00s]
[1037/1243] operand-deployment-lifecycle-manager
  ✓ Already cached (66 versions) [0.00s]
[1038/1243] operator-registry
  ✓ Already cached (132 versions) [0.00s]
[1039/1243] operator-utils
  ✓ Already cached (35 versions) [0.00s]
[1040/1243] oras
  ✓ Already cached (45 versions) [0.00s]
[1041/1243] oras
  ✓ Already cached (45 versions) [0.00s]
[1042/1243] oras
  ✓ Already cached (45 versions) [0.00s]
[1043/1243] oras
  ✓ Already cached (45 versions) [0.00s]
[1044/1243] oras
  ✓ Already cached (45 versions) [0.00s]
[1045/1243] PuerkitoBio/purell
  ✓ Already cached (6 versions) [0.00s]
[1046/1243] PuerkitoBio/urlesc
  Module: github.com/puerkitobio/urlesc
  Trying Go proxy...
  ✗ Not found on proxy (may be an application, not a library)
  Trying GitHub: puerkitobio/urlesc...
  ✗ No GitHub releases/tags found (1.4s)
  ✗ No versions found from any source

[1047/1243] pact-go
  ✓ Already cached (83 versions) [0.00s]
[1048/1243] github.com/eclipse/paho.mqtt.golang
  ✓ Already cached (18 versions) [0.00s]
[1049/1243] pascaldekloe/name
  ✓ Already cached (2 versions) [0.00s]
[1050/1243] pborman/uuid
  ✓ Already cached (5 versions) [0.00s]
[1051/1243] pelletier/go-buffruneio
  ✓ Already cached (3 versions) [0.00s]
[1052/1243] pelletier/go-toml
  ✓ Already cached (56 versions) [0.00s]
[1053/1243] perks
  ✓ Already cached (2 versions) [0.00s]
[1054/1243] peterbourgon/diskv
  ✓ Already cached (6 versions) [0.00s]
[1055/1243] pgconn
  ✓ Already cached (31 versions) [0.00s]
[1056/1243] pgio
  ✓ Already cached (1 versions) [0.00s]
[1057/1243] pgtype
  ✓ Already cached (28 versions) [0.00s]
[1058/1243] pgx
  ✓ Already cached (124 versions) [0.00s]
[1059/1243] pingcap-pd
  ✓ Already cached (152 versions) [0.00s]
[1060/1243] pingcap-pd
  ✓ Already cached (152 versions) [0.00s]
[1061/1243] github.com/coreos/pkg
  ✓ Already cached (4 versions) [0.00s]
[1062/1243] github.com/pkg/errors
  ✓ Already cached (13 versions) [0.00s]
[1063/1243] howett.net/plist
  ✓ Already cached (2 versions) [0.00s]
[1064/1243] plot
  ✓ Already cached (14 versions) [0.00s]
[1065/1243] postgres-operator
  ✓ Already cached (100 versions) [0.00s]
[1066/1243] pq
  ✓ Already cached (24 versions) [0.00s]
[1067/1243] pretty
  ✓ Already cached (37 versions) [0.00s]
[1068/1243] procfs
  ✓ Already cached (43 versions) [0.00s]
[1069/1243] github.com/prometheus/procfs
  ✓ Already cached (43 versions) [0.00s]
[1070/1243] progressbar
  ✓ Already cached (80 versions) [0.00s]
[1071/1243] prometheus-operator
  ✓ Already cached (167 versions) [0.00s]
[1072/1243] client_golang
  ✓ Already cached (63 versions) [0.00s]
[1073/1243] prometheus/client_golang
  ✓ Already cached (63 versions) [0.00s]
[1074/1243] github.com/prometheus/client_golang
  ✓ Already cached (63 versions) [0.00s]
[1075/1243] github.com/prometheus/common
  ✓ Already cached (124 versions) [0.00s]
[1076/1243] github.com/prometheus/client_model
  ✓ Already cached (8 versions) [0.00s]
[1077/1243] promremotebench
  ✓ Already cached (10 versions) [0.00s]
[1078/1243] properties
  ✓ Already cached (33 versions) [0.00s]
[1079/1243] protobuf
  ✓ Already cached (13 versions) [0.00s]
[1080/1243] github.com/gogo/protobuf
  ✓ Already cached (13 versions) [0.00s]
[1081/1243] github.com/gogo/protobuf
  ✓ Already cached (13 versions) [0.00s]
[1082/1243] google.golang.org/protobuf
  ✓ Already cached (37 versions) [0.00s]
[1083/1243] github.com/quobyte/api
  ✓ Already cached (19 versions) [0.00s]
[1084/1243] raft
  ✓ Already cached (30 versions) [0.00s]
[1085/1243] github.com/hashicorp/raft-boltdb
  ✓ Already cached (7 versions) [0.00s]
[1086/1243] github.com/hashicorp/raft-boltdb
  ✓ Already cached (7 versions) [0.00s]
[1087/1243] raft-boltdb
  ✓ Already cached (7 versions) [0.00s]
[1088/1243] rclone
  ✓ Already cached (102 versions) [0.00s]
[1089/1243] rclone
  ✓ Already cached (102 versions) [0.00s]
[1090/1243] readahead
  ✓ Already cached (7 versions) [0.00s]
[1091/1243] receptor
  ✓ Already cached (46 versions) [0.00s]
[1092/1243] redigo
  ✓ Already cached (21 versions) [0.00s]
[1093/1243] redigo
  ✓ Already cached (21 versions) [0.00s]
[1094/1243] redigo
  ✓ Already cached (21 versions) [0.00s]
[1095/1243] redigo
  ✓ Already cached (21 versions) [0.00s]
[1096/1243] reference
  ✓ Already cached (2 versions) [0.00s]
[1097/1243] restic
  ✓ Already cached (50 versions) [0.00s]
[1098/1243] github.com/dgraph-io/ristretto
  ✓ Already cached (13 versions) [0.00s]
[1099/1243] gopkg.in/jcmturner/rpc.v1
  ✓ Already cached (11 versions) [0.00s]
[1100/1243] rsc.io/binaryregexp
  ✓ Already cached (2 versions) [0.00s]
[1101/1243] rsc.io/letsencrypt
  ✓ Already cached (3 versions) [0.00s]
[1102/1243] rules_go
  ✓ Already cached (218 versions) [0.00s]
[1103/1243] rules_go
  ✓ Already cached (218 versions) [0.00s]
[1104/1243] runtime-spec
  ✓ Already cached (21 versions) [0.00s]
[1105/1243] runtime-tools
  ✓ Already cached (9 versions) [0.00s]
[1106/1243] russross/blackfriday
  ✓ Already cached (9 versions) [0.00s]
[1107/1243] PACKAGE_NAME
  Module: github.com/org/repo
  Trying Go proxy...
  ✗ Not found on proxy (may be an application, not a library)
  Trying GitHub: org/repo...
  ✗ No GitHub releases/tags found (0.6s)
  ✗ No versions found from any source

[1108/1243] rust-prometheus
  ✓ Already cached (17 versions) [0.00s]
[1109/1243] rust-prometheus
  ✓ Already cached (17 versions) [0.00s]
[1110/1243] rustfmt
  ✓ Already cached (3 versions) [0.00s]
[1111/1243] rustfmt
  ✓ Already cached (3 versions) [0.00s]
[1112/1243] ryanuber/columnize
  ✓ Already cached (12 versions) [0.00s]
[1113/1243] seaweedfs
  ✓ Already cached (100 versions) [0.00s]
[1114/1243] segmentio/backo-go
  ✓ Already cached (3 versions) [0.00s]
[1115/1243] serenize/snaker
  Module: github.com/serenize/snaker
  Trying Go proxy...
  ✗ Not found on proxy (may be an application, not a library)
  Trying GitHub: serenize/snaker...
  ✗ No GitHub releases/tags found (0.6s)
  ✗ No versions found from any source

[1116/1243] github.com/minio/sha256-simd
  ✓ Already cached (5 versions) [0.00s]
[1117/1243] github.com/minio/sha256-simd
  ✓ Already cached (5 versions) [0.00s]
[1118/1243] sha256-simd
  ✓ Already cached (5 versions) [0.00s]
[1119/1243] sigs.k8s.io/controller-runtime
  ✓ Already cached (152 versions) [0.00s]
[1120/1243] sigs.k8s.io/kubebuilder
  ✓ Already cached (80 versions) [0.00s]
[1121/1243] sigs.k8s.io/yaml
  ✓ Already cached (7 versions) [0.00s]
[1122/1243] sigurn/crc16
  Module: github.com/sigurn/crc16
  Trying Go proxy...
  ✗ Not found on proxy (may be an application, not a library)
  Trying GitHub: sigurn/crc16...
  ✗ No GitHub releases/tags found (0.5s)
  ✗ No versions found from any source

[1123/1243] sigurn/utils
  Module: github.com/sigurn/utils
  Trying Go proxy...
  ✗ Not found on proxy (may be an application, not a library)
  Trying GitHub: sigurn/utils...
  ✗ No GitHub releases/tags found (0.9s)
  ✗ No versions found from any source

[1124/1243] sirupsen/logrus
  ✓ Already cached (60 versions) [0.00s]
[1125/1243] sirupsen/logrus
  ✓ Already cached (60 versions) [0.00s]
[1126/1243] logrus
  ✓ Already cached (60 versions) [0.00s]
[1127/1243] sketches-go
  ✓ Already cached (14 versions) [0.00s]
[1128/1243] github.com/go-task/slim-sprig
  ✓ Already cached (36 versions) [0.00s]
[1129/1243] github.com/dswarbrick/smart
  Module: github.com/dswarbrick/smart
  Trying Go proxy...
  ✗ Not found on proxy (may be an application, not a library)
  Trying GitHub: dswarbrick/smart...
  ✗ No GitHub releases/tags found (0.5s)
  ✗ No versions found from any source

[1130/1243] snowdrop
  ✓ Already cached (15 versions) [0.00s]
[1131/1243] spdystream
  ✓ Already cached (5 versions) [0.00s]
[1132/1243] spf13/cobra
  ✓ Already cached (27 versions) [0.00s]
[1133/1243] spf13/pflag
  ✓ Already cached (12 versions) [0.00s]
[1134/1243] sprig
  ✓ Already cached (45 versions) [0.00s]
[1135/1243] github.com/go-stack/stack
  ✓ Already cached (10 versions) [0.00s]
[1136/1243] github.com/nats-io/stan.go
  ✓ Already cached (22 versions) [0.00s]
[1137/1243] starlark-go
  Module: github.com/google/starlark-go
  Trying Go proxy...
  ✗ Not found on proxy (may be an application, not a library)
  Trying GitHub: google/starlark-go...
  ✗ No GitHub releases/tags found (0.5s)
  ✗ No versions found from any source

[1138/1243] github.com/montanaflynn/stats
  ✓ Already cached (11 versions) [0.00s]
[1139/1243] storm
  ✓ Already cached (32 versions) [0.00s]
[1140/1243] handy
  Module: github.com/streadway/handy
  Trying Go proxy...
  ✗ Not found on proxy (may be an application, not a library)
  Trying GitHub: streadway/handy...
  ✗ No GitHub releases/tags found (0.4s)
  ✗ No versions found from any source

[1141/1243] github.com/streadway/handy
  Module: github.com/streadway/handy
  Trying Go proxy...
  ✗ Not found on proxy (may be an application, not a library)
  Trying GitHub: streadway/handy...
  ✗ No GitHub releases/tags found (0.4s)
  ✗ No versions found from any source

[1142/1243] github.com/streadway/handy
  Module: github.com/streadway/handy
  Trying Go proxy...
  ✗ Not found on proxy (may be an application, not a library)
  Trying GitHub: streadway/handy...
  ✗ No GitHub releases/tags found (0.4s)
  ✗ No versions found from any source

[1143/1243] stretchr/objx
  ✓ Already cached (9 versions) [0.00s]
[1144/1243] stretchr/testify
  ✓ Already cached (28 versions) [0.00s]
[1145/1243] github.com/go-openapi/strfmt
  ✓ Already cached (39 versions) [0.00s]
[1146/1243] github.com/go-openapi/strfmt
  ✓ Already cached (39 versions) [0.00s]
[1147/1243] go-openapi/strfmt
  ✓ Already cached (39 versions) [0.00s]
[1148/1243] go-openapi/strfmt
  ✓ Already cached (39 versions) [0.00s]
[1149/1243] strfmt
  ✓ Already cached (39 versions) [0.00s]
[1150/1243] strfmt
  ✓ Already cached (39 versions) [0.00s]
[1151/1243] strfmt
  ✓ Already cached (39 versions) [0.00s]
[1152/1243] supercronic
  ✓ Already cached (36 versions) [0.00s]
[1153/1243] github.com/valyala/tcplisten
  ✓ Already cached (1 versions) [0.00s]
[1154/1243] tdigest
  ✓ Already cached (1 versions) [0.00s]
[1155/1243] archiver
  ✓ Already cached (31 versions) [0.00s]
[1156/1243] PACKAGE_NAME
  Module: github.com/org/repo
  Trying Go proxy...
  ✗ Not found on proxy (may be an application, not a library)
  Trying GitHub: org/repo...
  ✗ No GitHub releases/tags found (0.3s)
  ✗ No versions found from any source

[1157/1243] tektoncd
  ✓ Already cached (75 versions) [0.00s]
[1158/1243] operator
  ✓ Already cached (68 versions) [0.00s]
[1159/1243] operator
  ✓ Already cached (68 versions) [0.00s]
[1160/1243] pipeline
  ✓ Already cached (222 versions) [0.00s]
[1161/1243] pipeline
  ✓ Already cached (222 versions) [0.00s]
[1162/1243] pipeline
  ✓ Already cached (222 versions) [0.00s]
[1163/1243] triggers
  ✓ Already cached (71 versions) [0.00s]
[1164/1243] triggers
  ✓ Already cached (71 versions) [0.00s]
[1165/1243] triggers
  ✓ Already cached (71 versions) [0.00s]
[1166/1243] telegraf
  ✓ Already cached (144 versions) [0.00s]
[1167/1243] telegraf
  ✓ Already cached (144 versions) [0.00s]
[1168/1243] teleport
  ✓ Already cached (459 versions) [0.00s]
[1169/1243] tempo-operator
  ✓ Already cached (26 versions) [0.00s]
[1170/1243] golang.org/x/term
  ✓ Already cached (39 versions) [0.00s]
[1171/1243] thanos
  ✓ Already cached (134 versions) [0.00s]
[1172/1243] tikv
  ✓ Already cached (400 versions) [0.00s]
[1173/1243] toml
  ✓ Already cached (13 versions) [0.00s]
[1174/1243] toml
  ✓ Already cached (13 versions) [0.00s]
[1175/1243] toml
  ✓ Already cached (13 versions) [0.00s]
[1176/1243] toml
  ✓ Already cached (13 versions) [0.00s]
[1177/1243] toxiproxy
  ✓ Already cached (38 versions) [0.00s]
[1178/1243] traefik
  ✓ Already cached (287 versions) [0.00s]
[1179/1243] traefik
  ✓ Already cached (287 versions) [0.00s]
[1180/1243] try
  ✓ Already cached (1 versions) [0.00s]
[1181/1243] try
  ✓ Already cached (1 versions) [0.00s]
[1182/1243] containerd/ttrpc
  ✓ Already cached (14 versions) [0.00s]
[1183/1243] containerd/ttrpc
  ✓ Already cached (14 versions) [0.00s]
[1184/1243] github.com/containerd/ttrpc
  ✓ Already cached (14 versions) [0.00s]
[1185/1243] github.com/containerd/ttrpc
  ✓ Already cached (14 versions) [0.00s]
[1186/1243] ttrpc
  ✓ Already cached (14 versions) [0.00s]
[1187/1243] twinj-uuid
  ✓ Already cached (2 versions) [0.00s]
[1188/1243] <PACKAGE_NAME>
  ✗ Could not extract module path
[1189/1243] github.com/uber-go/tools
  Module: github.com/uber-go/tools
  Trying Go proxy...
  ✗ Not found on proxy (may be an application, not a library)
  Trying GitHub: uber-go/tools...
  ✗ No GitHub releases/tags found (0.5s)
  ✗ No versions found from any source

[1190/1243] udpa
  ✓ Already cached (1 versions) [0.00s]
[1191/1243] ulikunitz/xz
  ✓ Already cached (32 versions) [0.00s]
[1192/1243] universal-translator
  ✓ Already cached (14 versions) [0.00s]
[1193/1243] VividCortex/ewma
  ✓ Already cached (3 versions) [0.00s]
[1194/1243] vault
  ✓ Already cached (293 versions) [0.00s]
[1195/1243] vault
  ✓ Already cached (293 versions) [0.00s]
[1196/1243] vault
  ✓ Already cached (293 versions) [0.00s]
[1197/1243] vault
  ✓ Already cached (293 versions) [0.00s]
[1198/1243] vault-k8s
  ✓ Already cached (42 versions) [0.00s]
[1199/1243] vault-secrets-operator
  Module: github.com/hashicorp/${PACKAGE_NAME}
  Trying Go proxy...
  ✗ Not found on proxy (may be an application, not a library)
  Trying GitHub: hashicorp/${PACKAGE_NAME}...
  ✗ No GitHub releases/tags found (0.3s)
  ✗ No versions found from any source

[1200/1243] vbauerster/mpb
  ✓ Already cached (118 versions) [0.00s]
[1201/1243] vbom.ml/util
  ✓ Already cached (2 versions) [0.00s]
[1202/1243] vfsgen
  Module: github.com/shurcooL/vfsgen
  Trying Go proxy...
  ✗ Not found on proxy (may be an application, not a library)
  Trying GitHub: shurcooL/vfsgen...
  ✗ No GitHub releases/tags found (0.5s)
  ✗ No versions found from any source

[1203/1243] vividcortex/gohistogram
  ✓ Already cached (1 versions) [0.00s]
[1204/1243] warnings.v0
  ✓ Already cached (3 versions) [0.00s]
[1205/1243] websocat
  ✓ Already cached (35 versions) [0.00s]
[1206/1243] websocket
  ✓ Already cached (40 versions) [0.00s]
[1207/1243] wildfly-operator
  ✓ Already cached (15 versions) [0.00s]
[1208/1243] wildfly-operator
  ✓ Already cached (15 versions) [0.00s]
[1209/1243] exp
  ✗ Could not extract module path
[1210/1243] image
  ✗ Could not extract module path
[1211/1243] xeipuuv/gojsonpointer
  Module: github.com/xeipuuv/gojsonpointer
  Trying Go proxy...
  ✗ Not found on proxy (may be an application, not a library)
  Trying GitHub: xeipuuv/gojsonpointer...
  ✗ No GitHub releases/tags found (0.4s)
  ✗ No versions found from any source

[1212/1243] xeipuuv/gojsonpointer
  Module: github.com/xeipuuv/gojsonpointer
  Trying Go proxy...
  ✗ Not found on proxy (may be an application, not a library)
  Trying GitHub: xeipuuv/gojsonpointer...
  ✗ No GitHub releases/tags found (0.5s)
  ✗ No versions found from any source

[1213/1243] gojsonpointer
  Module: github.com/xeipuuv/gojsonpointer
  Trying Go proxy...
  ✗ Not found on proxy (may be an application, not a library)
  Trying GitHub: xeipuuv/gojsonpointer...
  ✗ No GitHub releases/tags found (0.4s)
  ✗ No versions found from any source

[1214/1243] xeipuuv/gojsonreference
  Module: github.com/xeipuuv/gojsonreference
  Trying Go proxy...
  ✗ Not found on proxy (may be an application, not a library)
  Trying GitHub: xeipuuv/gojsonreference...
  ✗ No GitHub releases/tags found (0.4s)
  ✗ No versions found from any source

[1215/1243] xeipuuv/gojsonreference
  Module: github.com/xeipuuv/gojsonreference
  Trying Go proxy...
  ✗ Not found on proxy (may be an application, not a library)
  Trying GitHub: xeipuuv/gojsonreference...
  ✗ No GitHub releases/tags found (0.6s)
  ✗ No versions found from any source

[1216/1243] gojsonreference
  Module: github.com/xeipuuv/gojsonreference
  Trying Go proxy...
  ✗ Not found on proxy (may be an application, not a library)
  Trying GitHub: xeipuuv/gojsonreference...
  ✗ No GitHub releases/tags found (0.5s)
  ✗ No versions found from any source

[1217/1243] xeipuuv/gojsonschema
  ✓ Already cached (3 versions) [0.00s]
[1218/1243] xz
  Module: github.com/xi2/xz
  Trying Go proxy...
  ✗ Not found on proxy (may be an application, not a library)
  Trying GitHub: xi2/xz...
  ✗ No GitHub releases/tags found (0.5s)
  ✗ No versions found from any source

[1219/1243] xi2/xz
  Module: github.com/xi2/xz
  Trying Go proxy...
  ✗ Not found on proxy (may be an application, not a library)
  Trying GitHub: xi2/xz...
  ✗ No GitHub releases/tags found (0.5s)
  ✗ No versions found from any source

[1220/1243] probing
  ✓ Already cached (2 versions) [0.00s]
[1221/1243] xiang90/probing
  ✓ Already cached (2 versions) [0.00s]
[1222/1243] xtgo/uuid
  Module: github.com/xtgo/uuid
  Trying Go proxy...
  ✗ Not found on proxy (may be an application, not a library)
  Trying GitHub: xtgo/uuid...
  ✗ No GitHub releases/tags found (0.5s)
  ✗ No versions found from any source

[1223/1243] xtgo/uuid
  Module: github.com/xtgo/uuid
  Trying Go proxy...
  ✗ Not found on proxy (may be an application, not a library)
  Trying GitHub: xtgo/uuid...
  ✗ No GitHub releases/tags found (0.6s)
  ✗ No versions found from any source

[1224/1243] uuid
  ✓ Already cached (43 versions) [0.00s]
[1225/1243] go-yaml/yaml
  ✓ Already cached (18 versions) [0.00s]
[1226/1243] yaml
  ✓ Already cached (18 versions) [0.00s]
[1227/1243] yaml
  ✓ Already cached (18 versions) [0.00s]
[1228/1243] yaml
  ✓ Already cached (18 versions) [0.00s]
[1229/1243] yaml
  ✓ Already cached (18 versions) [0.00s]
[1230/1243] yaml
  ✓ Already cached (18 versions) [0.00s]
[1231/1243] zap
  ✓ Already cached (40 versions) [0.00s]
[1232/1243] zap
  ✓ Already cached (40 versions) [0.00s]
[1233/1243] zap
  ✓ Already cached (40 versions) [0.00s]
[1234/1243] github.com/go-logr/zapr
  ✓ Already cached (13 versions) [0.00s]
[1235/1243] github.com/go-logr/zapr
  ✓ Already cached (13 versions) [0.00s]
[1236/1243] PACKAGE_NAME
  Module: github.com/org/repo
  Trying Go proxy...
  ✗ Not found on proxy (may be an application, not a library)
  Trying GitHub: org/repo...
  ✗ No GitHub releases/tags found (0.6s)
  ✗ No versions found from any source

[1237/1243] zapr
  ✓ Already cached (13 versions) [0.00s]
[1238/1243] zapr
  ✓ Already cached (13 versions) [0.00s]
[1239/1243] github.com/openzipkin/zipkin-go
  ✓ Already cached (19 versions) [0.00s]
[1240/1243] github.com/openzipkin/zipkin-go
  ✓ Already cached (19 versions) [0.00s]
[1241/1243] zipkin-go
  ✓ Already cached (19 versions) [0.00s]
[1242/1243] zipkin-go-opentracing
  ✓ Already cached (19 versions) [0.00s]
[1243/1243] zxcvbn-go
  ✓ Already cached (1 versions) [0.00s]
Saving results...

======================================================================
SUMMARY
======================================================================
Total processed: 1243
Skipped (cached): 1077
Proxy success: 0
GitHub success: 0
Both sources: 0
Failed: 166

✓ Mappings saved to: /home/gerrit/src/PowerCore/02-DatabaseAPI/scripts/version_fetchers/../version_data/go_versions.json
✓ Errors saved to: /home/gerrit/src/PowerCore/02-DatabaseAPI/scripts/version_fetchers/../version_data/go_errors.json
[0;32m✓ Completed: go[0m

[0;34m--- Processing: npm ---[0m
[1;33mℹ Running: python3 fetch_npm_versions.py[0m
[1;33mℹ   Input:  /home/gerrit/src/PowerCore/02-DatabaseAPI/scripts/version_fetchers/../version_data/node2.list[0m
[1;33mℹ   Output: /home/gerrit/src/PowerCore/02-DatabaseAPI/scripts/version_fetchers/../version_data/npm_versions.json[0m
[1;33mℹ   Errors: /home/gerrit/src/PowerCore/02-DatabaseAPI/scripts/version_fetchers/../version_data/npm_errors.json[0m
======================================================================
NPM VERSION FETCHER
======================================================================
Input file: /home/gerrit/src/PowerCore/02-DatabaseAPI/scripts/version_fetchers/../version_data/node2.list
Start index: 0
Count: all remaining

[1/6] Loading input CSV file...
✓ Loaded 2,586 packages from /home/gerrit/src/PowerCore/02-DatabaseAPI/scripts/version_fetchers/../version_data/node2.list

[2/6] Filtering Node packages...
✓ Found 2,586 Node packages
✓ Will fetch packages 0 to 2585 (2,586 packages)

[3/6] Loading existing cache from /home/gerrit/src/PowerCore/02-DatabaseAPI/scripts/version_fetchers/../version_data/npm_versions.json...
✓ Loaded 2,088 cached entries

[4/6] Fetching npm versions...

[0] abbrev
    Script: a/abbrev/abbrev.sh
    ✓ Already in cache (skipped)

[1] abbrev-js
    Script: a/abbrev-js/abbrev-js.sh
    ✗ Error: Package not found on npm: abbrev-js

[2] abort-controller
    Script: a/abort-controller/abort-controller.sh
    ✓ Already in cache (skipped)

[3] abstract-logging
    Script: a/abstract-logging/abstract-logging.sh
    ✓ Already in cache (skipped)

[4] accept
    Script: a/accept/accept.sh
    ✓ Already in cache (skipped)

[5] accepts
    Script: a/accepts/accepts.sh
    ✓ Already in cache (skipped)

[6] accepts
    Script: a/accepts/accepts_ubuntu_16.04.sh
    ✓ Already in cache (skipped)

[7] accessible-slick
    Script: a/accessible360_accessible-slick/accessible360_accessible-slick.sh
    ✗ Error: Package not found on npm: accessible-slick

[8] acorn-globals
    Script: a/acorn-globals/acorn-globals.sh
    ✓ Already in cache (skipped)

[9] acorn-jsx
    Script: a/acorn-jsx/acorn-jsx.sh
    ✓ Already in cache (skipped)

[10] adal-node
    Script: a/adal-node/adal-node.sh
    ✓ Already in cache (skipped)

[11] adaro
    Script: a/adaro/adaro.sh
    ✓ Already in cache (skipped)

[12] address
    Script: a/address/address.sh
    ✓ Already in cache (skipped)

[13] address
    Script: a/address/address_rhel_8.3.sh
    ✓ Already in cache (skipped)

[14] addressparser
    Script: a/addressparser/addressparser.sh
    ✓ Already in cache (skipped)

[15] agent-base
    Script: a/agent-base/agent-base.sh
    ✓ Already in cache (skipped)

[16] agent-base
    Script: a/agent-base/agent-base_rhel_8.3.sh
    ✓ Already in cache (skipped)

[17] PACKAGE_NAME
    Script: a/agent-base/agent_base.sh
    ✗ Error: Package not found on npm: PACKAGE_NAME

[18] agent-base
    Script: a/agent-base/agent_base_rhel_7.6.sh
    ✓ Already in cache (skipped)

[19] agentkeepalive
    Script: a/agentkeepalive/agentkeepalive.sh
    ✓ Already in cache (skipped)

[20] agentkeepalive
    Script: a/agentkeepalive/agentkeepalive_rhel_8.3.sh
    ✓ Already in cache (skipped)

[21] agentkeepalive
    Script: a/agentkeepalive/agentkeepalive_ubi_8.5.sh
    ✓ Already in cache (skipped)

[22] aggregate-error
    Script: a/aggregate-error/aggregate-error.sh
    ✓ Already in cache (skipped)

[23] airbnb-javascript
    Script: a/airbnb-javascript/airbnb-javascript.sh
    ✓ Already in cache (skipped)

[24] airbnb-javascript
    Script: a/airbnb-javascript/airbnb-javascript_ubuntu_16.04.sh
    ✓ Already in cache (skipped)

[25] ajax-request
    Script: a/ajax-request/ajax-request.sh
    ✓ Already in cache (skipped)

[26] ace
    Script: a/ajaxorg-ace/ajaxorg-ace.sh
    ✓ Already in cache (skipped)

[27] ajv
    Script: a/ajv/ajv.sh
    ✓ Already in cache (skipped)

[28] ajv-formats
    Script: a/ajv-formats/ajv-formats.sh
    ✓ Already in cache (skipped)

[29] ajv-i18n
    Script: a/ajv-i18n/ajv-i18n.sh
    ✓ Already in cache (skipped)

[30] ajv-keywords
    Script: a/ajv-keywords/ajv-keywords.sh
    ✓ Already in cache (skipped)

[31] alasql
    Script: a/alasql/alasql_v4.5.1.sh
    ✓ Already in cache (skipped)

[32] align-text
    Script: a/align-text/align-text.sh
    ✓ Already in cache (skipped)

[33] alter
    Script: a/alter/alter.sh
    ✓ Already in cache (skipped)

[34] ammo
    Script: a/ammo/ammo.sh
    ✓ Already in cache (skipped)

[35] @ampretia/x509
    Script: a/ampretia__x509/ampretia__x509.sh
    ✓ Already in cache (skipped)

[36] amqplib
    Script: a/amqplib/amqplib.sh
    ✓ Already in cache (skipped)

[37] angular-dragdrop
    Script: a/angular-dragdrop/angular-dragdrop.sh
    ✓ Already in cache (skipped)

[38] angular-local-storage
    Script: a/angular-local-storage/angular-local-storage.sh
    ✓ Already in cache (skipped)

[39] angular-markdown-it
    Script: a/angular-markdown-it/angular-markdown-it.sh
    ✓ Already in cache (skipped)

[40] angular-moment
    Script: a/angular-moment/angular-moment.sh
    ✓ Already in cache (skipped)

[41] angular-dragdrop
    Script: a/angular-native-dragdrop/angular-native-dragdrop.sh
    ✓ Already in cache (skipped)

[42] angular-spinner
    Script: a/angular-spinner/angular-spinner.sh
    ✓ Already in cache (skipped)

[43] angular-translate
    Script: a/angular-translate/angular-translate.sh
    ✓ Already in cache (skipped)

[44] angular-ui-bootstrap
    Script: a/angular-ui-bootstrap/angular-ui-bootstrap.sh
    ✓ Already in cache (skipped)

[45] angular-ui-router
    Script: a/angular-ui-router/angular-ui-router.sh
    ✓ Already in cache (skipped)

[46] angular.js
    Script: a/angular.js/angular.js_master_1.8.2.sh
    ✗ Invalid package name: Invalid npm package name: angular.js. Must contain only alphanumeric, -, _, @, /

[47] animate.css
    Script: a/animate.css/animate.css.sh
    ✓ Already in cache (skipped)

[48] anser
    Script: a/anser/anser.sh
    ✓ Already in cache (skipped)

[49] ansi-align
    Script: a/ansi-align/ansi-align.sh
    ✓ Already in cache (skipped)

[50] ansi-bgblack
    Script: a/ansi-bgblack/ansi-bgblack.sh
    ✓ Already in cache (skipped)

[51] ansi-bgblue
    Script: a/ansi-bgblue/ansi-bgblue.sh
    ✓ Already in cache (skipped)

[52] ansi-bgcyan
    Script: a/ansi-bgcyan/ansi-bgcyan.sh
    ✓ Already in cache (skipped)

[53] ansi-bggreen
    Script: a/ansi-bggreen/ansi-bggreen.sh
    ✓ Already in cache (skipped)

[54] ansi-bgmagenta
    Script: a/ansi-bgmagenta/ansi-bgmagenta.sh
    ✓ Already in cache (skipped)

[55] ansi-bgred
    Script: a/ansi-bgred/ansi-bgred.sh
    ✓ Already in cache (skipped)

[56] ansi-bgwhite
    Script: a/ansi-bgwhite/ansi-bgwhite.sh
    ✓ Already in cache (skipped)

[57] ansi-bgyellow
    Script: a/ansi-bgyellow/ansi-bgyellow.sh
    ✓ Already in cache (skipped)

[58] ansi-black
    Script: a/ansi-black/ansi-black.sh
    ✓ Already in cache (skipped)

[59] ansi-blue
    Script: a/ansi-blue/ansi-blue.sh
    ✓ Already in cache (skipped)

[60] ansi-colors
    Script: a/ansi-colors/ansi-colors.sh
    ✓ Already in cache (skipped)

[61] ansi-cyan
    Script: a/ansi-cyan/ansi-cyan.sh
    ✓ Already in cache (skipped)

[62] ansi-dim
    Script: a/ansi-dim/ansi-dim.sh
    ✓ Already in cache (skipped)

[63] ansi-escapes
    Script: a/ansi-escapes/ansi-escapes.sh
    ✓ Already in cache (skipped)

[64] ansi-gray
    Script: a/ansi-gray/ansi-gray.sh
    ✓ Already in cache (skipped)

[65] ansi-green
    Script: a/ansi-green/ansi-green.sh
    ✓ Already in cache (skipped)

[66] ansi-grey
    Script: a/ansi-grey/ansi-grey.sh
    ✓ Already in cache (skipped)

[67] ansi-hidden
    Script: a/ansi-hidden/ansi-hidden.sh
    ✓ Already in cache (skipped)

[68] ansi-html
    Script: a/ansi-html/ansi_html.sh
    ✓ Already in cache (skipped)

[69] ansi-inverse
    Script: a/ansi-inverse/ansi-inverse.sh
    ✓ Already in cache (skipped)

[70] ansi-italic
    Script: a/ansi-italic/ansi-italic.sh
    ✓ Already in cache (skipped)

[71] ansi-magenta
    Script: a/ansi-magenta/ansi-magenta.sh
    ✓ Already in cache (skipped)

[72] ansi-red
    Script: a/ansi-red/ansi-red.sh
    ✓ Already in cache (skipped)

[73] ansi-regex
    Script: a/ansi-regex/ansi-regex.sh
    ✓ Already in cache (skipped)

[74] ansi-regex
    Script: a/ansi-regex/ansi-regex_rhel_8.3.sh
    ✓ Already in cache (skipped)

[75] ansi-reset
    Script: a/ansi-reset/ansi-reset.sh
    ✓ Already in cache (skipped)

[76] ansi-strikethrough
    Script: a/ansi-strikethrough/ansi-strikethrough.sh
    ✓ Already in cache (skipped)

[77] ansi-styles
    Script: a/ansi-styles/ansi-styles.sh
    ✓ Already in cache (skipped)

[78] ansi-underline
    Script: a/ansi-underline/ansi-underline.sh
    ✓ Already in cache (skipped)

[79] ansi-white
    Script: a/ansi-white/ansi-white.sh
    ✓ Already in cache (skipped)

[80] ansi-yellow
    Script: a/ansi-yellow/ansi-yellow.sh
    ✓ Already in cache (skipped)

[81] ansicolors
    Script: a/ansicolors/ansicolors.sh
    ✓ Already in cache (skipped)

[82] ansicolors
    Script: a/ansicolors/ansicolors_ubuntu_18.04.sh
    ✓ Already in cache (skipped)

[83] ansistyles
    Script: a/ansistyles/ansistyles.sh
    ✓ Already in cache (skipped)

[84] anymatch
    Script: a/anymatch/anymatch.sh
    ✓ Already in cache (skipped)

[85] PACKAGE_NAME
    Script: a/apache-avro/avro_1.8.2.sh
    ✗ Error: Package not found on npm: PACKAGE_NAME

[86] apache-avro
    Script: a/apache-avro/avro_1.8.2_rhel_7.6.sh
    ✗ Error: Package not found on npm: apache-avro

[87] PACKAGE_NAME
    Script: a/apache-flink/apache-flink_master.sh
    ✗ Error: Package not found on npm: PACKAGE_NAME

[88] apache-flink
    Script: a/apache-flink/apache-flink_master_rhel_8.3.sh
    ✗ Error: Package not found on npm: apache-flink

[89] apache-oozie
    Script: a/apache-oozie/oozie_5.1.0.sh
    ✗ Error: Package not found on npm: apache-oozie

[90] @apidevtools/swagger-methods
    Script: a/apidevtools__swagger-methods/apidevtools__swagger-methods.sh
    ✓ Already in cache (skipped)

[91] apollo-client
    Script: a/apollo-client/apollo-client.sh
    ✓ Already in cache (skipped)

[92] app-builder
    Script: a/app-builder/app-builder.sh
    ✓ Already in cache (skipped)

[93] app-root-path
    Script: a/app-root-path/app-root-path.sh
    ✓ Already in cache (skipped)

[94] append-field
    Script: a/append-field/append-field.sh
    ✓ Already in cache (skipped)

[95] append-transform
    Script: a/append-transform/append-transform.sh
    ✓ Already in cache (skipped)

[96] aproba
    Script: a/aproba/aproba.sh
    ✓ Already in cache (skipped)

[97] aproba
    Script: a/aproba/aproba_ubuntu_18.04.sh
    ✓ Already in cache (skipped)

[98] archiver-utils
    Script: a/archiver-utils/archiver-utils.sh
    ✓ Already in cache (skipped)

[99] archy
    Script: a/archy/archy.sh
    ✓ Already in cache (skipped)

[100] are-we-there-yet
    Script: a/are-we-there-yet/are-we-there-yet.sh
    ✓ Already in cache (skipped)

[101] argparse
    Script: a/argparse/argparse.sh
    ✓ Already in cache (skipped)

[102] argparse
    Script: a/argparse/argparse_ubi_8.7.sh
    ✓ Already in cache (skipped)

[103] argv-formatter
    Script: a/argv-formatter/argv-formatter.sh
    ✓ Already in cache (skipped)

[104] aria-query
    Script: a/aria-query/aria-query.sh
    ✓ Already in cache (skipped)

[105] arity-n
    Script: a/arity-n/arity-n.sh
    ✓ Already in cache (skipped)

[106] arr-diff
    Script: a/arr-diff/arr-diff.sh
    ✓ Already in cache (skipped)

[107] arr-filter
    Script: a/arr-filter/arr-filter.sh
    ✓ Already in cache (skipped)

[108] arr-flatten
    Script: a/arr-flatten/arr-flatten.sh
    ✓ Already in cache (skipped)

[109] arr-swap
    Script: a/arr-swap/arr-swap.sh
    ✓ Already in cache (skipped)

[110] arr-union
    Script: a/arr-union/arr-union.sh
    ✓ Already in cache (skipped)

[111] array-differ
    Script: a/array-differ/array-differ.sh
    ✓ Already in cache (skipped)

[112] array-each
    Script: a/array-each/array-each.sh
    ✓ Already in cache (skipped)

[113] array-filter
    Script: a/array-filter/array-filter.sh
    ✓ Already in cache (skipped)

[114] array-flatten
    Script: a/array-flatten/array-flatten.sh
    ✓ Already in cache (skipped)

[115] array-includes
    Script: a/array-includes/array-includes.sh
    ✓ Already in cache (skipped)

[116] array-map
    Script: a/array-map/array-map.sh
    ✓ Already in cache (skipped)

[117] array-reduce
    Script: a/array-reduce/array-reduce.sh
    ✓ Already in cache (skipped)

[118] array-slice
    Script: a/array-slice/array-slice.sh
    ✓ Already in cache (skipped)

[119] array-sort
    Script: a/array-sort/array-sort.sh
    ✓ Already in cache (skipped)

[120] array-uniq
    Script: a/array-uniq/array-uniq.sh
    ✓ Already in cache (skipped)

[121] array-unique
    Script: a/array-unique/array-unique.sh
    ✓ Already in cache (skipped)

[122] array.prototype.flat
    Script: a/array.prototype.flat/array.prototype.flat.sh
    ✓ Already in cache (skipped)

[123] asap
    Script: a/asap/asap.sh
    ✓ Already in cache (skipped)

[124] asn1
    Script: a/asn1/asn1.sh
    ✓ Already in cache (skipped)

[125] asn1
    Script: a/asn1/asn1_rhel_7.6.sh
    ✓ Already in cache (skipped)

[126] asn1.js
    Script: a/asn1.js/asn1.js.sh
    ✓ Already in cache (skipped)

[127] asn1js
    Script: a/asn1js/asn1js.sh
    ✓ Already in cache (skipped)

[128] assert-plus
    Script: a/assert-plus/assert-plus.sh
    ✓ Already in cache (skipped)

[129] assertion-error
    Script: a/assertion-error/assertion-error.sh
    ✓ Already in cache (skipped)

[130] assign-symbols
    Script: a/assign-symbols/assign-symbols.sh
    ✓ Already in cache (skipped)

[131] ast-types
    Script: a/ast-types/ast-types.sh
    ✓ Already in cache (skipped)

[132] astral-regex
    Script: a/astral-regex/astral-regex.sh
    ✓ Already in cache (skipped)

[133] async
    Script: a/async/async.sh
    ✓ Already in cache (skipped)

[134] async-hook-jl
    Script: a/async-hook-jl/async-hook-jl.sh
    ✓ Already in cache (skipped)

[135] async-json
    Script: a/async-json/async-json.sh
    ✓ Already in cache (skipped)

[136] async-limiter
    Script: a/async-limiter/async-limiter.sh
    ✓ Already in cache (skipped)

[137] @asyncapi/avro-schema-parser
    Script: a/asyncapi__avro-schema-parser/asyncapi__avro-schema-parser.sh
    ✓ Already in cache (skipped)

[138] @asyncapi/openapi-schema-parser
    Script: a/asyncapi__openapi-schema-parser/asyncapi__openapi-schema-parser.sh
    ✓ Already in cache (skipped)

[139] @asyncapi/specs
    Script: a/asyncapi__specs/asyncapi__specs.sh
    ✓ Already in cache (skipped)

[140] asynckit
    Script: a/asynckit/asynckit.sh
    ✓ Already in cache (skipped)

[141] at-least-node
    Script: a/at-least-node/at-least-node.sh
    ✓ Already in cache (skipped)

[142] atob
    Script: a/atob/atob.sh
    ✓ Already in cache (skipped)

[143] available-typed-arrays
    Script: a/available-typed-arrays/available-typed-arrays.sh
    ✓ Already in cache (skipped)

[144] avvio
    Script: a/avvio/avvio.sh
    ✓ Already in cache (skipped)

[145] aws4
    Script: a/aws4/aws4.sh
    ✓ Already in cache (skipped)

[146] axios
    Script: a/axios/axios.sh
    ✓ Already in cache (skipped)

[147] axon
    Script: a/axon/axon.sh
    ✓ Already in cache (skipped)

[148] axon
    Script: a/axon/axon_ubuntu_16.04.sh
    ✓ Already in cache (skipped)

[149] BigInteger.js
    Script: b/BigInteger.js/biginteger.js.sh
    ✗ Invalid package name: Invalid npm package name: BigInteger.js. Must contain only alphanumeric, -, _, @, /

[150] BigInteger.js
    Script: b/BigInteger.js/biginteger.js_ubuntu_18.04.sh
    ✗ Invalid package name: Invalid npm package name: BigInteger.js. Must contain only alphanumeric, -, _, @, /

[151] BigInteger.js
    Script: b/BigInteger.js/biginteger.sh
    ✗ Invalid package name: Invalid npm package name: BigInteger.js. Must contain only alphanumeric, -, _, @, /

[152] b64
    Script: b/b64/b64.sh
    ✓ Already in cache (skipped)

[153] babel
    Script: b/babel/babel.sh
    ✓ Already in cache (skipped)

[154] babel
    Script: b/babel/babel_rhel_7.4.sh
    ✓ Already in cache (skipped)

[155] babel
    Script: b/babel/babel_ubuntu_18.04.sh
    ✓ Already in cache (skipped)

[156] babel-core
    Script: b/babel-core/babel-core.sh
    ✓ Already in cache (skipped)

[157] babel-plugin-dev-expression
    Script: b/babel-plugin-dev-expression/babel-plugin-dev-expression.sh
    ✓ Already in cache (skipped)

[158] babel-plugin-istanbul
    Script: b/babel-plugin-istanbul/babel-plugin-istanbul.sh
    ✓ Already in cache (skipped)

[159] babel-plugin-syntax-export-namespace-from
    Script: b/babel-plugin-syntax-export-namespace-from/babel-plugin-syntax-export-namespace-from.sh
    ✗ Error: Package not found on npm: babel-plugin-syntax-export-namespace-from

[160] babel-plugin-transform-react-remove-prop-types
    Script: b/babel-plugin-transform-react-remove-prop-types/babel-plugin-transform-react-remove-prop-types.sh
    ✓ Already in cache (skipped)

[161] babel-plugin-transform-runtime
    Script: b/babel-plugin-transform-runtime/babel-plugin-transform-runtime.sh
    ✓ Already in cache (skipped)

[162] babel-preset-current-node-syntax
    Script: b/babel-preset-current-node-syntax/babel-preset-current-node-syntax.sh
    ✓ Already in cache (skipped)

[163] babel-preset-env
    Script: b/babel-preset-env/babel-preset-env.sh
    ✓ Already in cache (skipped)

[164] babel-preset-es2015
    Script: b/babel-preset-es2015/babel-preset-es2015.sh
    ✓ Already in cache (skipped)

[165] babel-preset-es2015
    Script: b/babel-preset-es2015/babel-preset-es2015_ubuntu_16.04.sh
    ✓ Already in cache (skipped)

[166] babel-preset-react
    Script: b/babel-preset-react/babel-preset-react.sh
    ✓ Already in cache (skipped)

[167] babel-preset-react
    Script: b/babel-preset-react/babel-preset-react_ubuntu_16.04.sh
    ✓ Already in cache (skipped)

[168] babel-runtime-corejs3
    Script: b/babel-runtime-corejs3/babel-runtime-corejs3.sh
    ✓ Already in cache (skipped)

[169] babelify
    Script: b/babelify/babelify.sh
    ✓ Already in cache (skipped)

[170] babelify
    Script: b/babelify/babelify_ubuntu_16.04.sh
    ✓ Already in cache (skipped)

[171] backbone
    Script: b/backbone/backbone.sh
    ✓ Already in cache (skipped)

[172] bail
    Script: b/bail/bail.sh
    ✓ Already in cache (skipped)

[173] balanced-match
    Script: b/balanced-match/balanced-match.sh
    ✓ Already in cache (skipped)

[174] balanced-match
    Script: b/balanced-match/balanced-match_rhel_8.3.sh
    ✓ Already in cache (skipped)

[175] balanced-match
    Script: b/balanced-match/balanced-match_ubuntu_18.04.sh
    ✓ Already in cache (skipped)

[176] base
    Script: b/base/base.sh
    ✓ Already in cache (skipped)

[177] base62
    Script: b/base62/base62.sh
    ✓ Already in cache (skipped)

[178] base64-img
    Script: b/base64-img/base64-img.sh
    ✓ Already in cache (skipped)

[179] base64-js
    Script: b/base64-js/base64-js.sh
    ✓ Already in cache (skipped)

[180] base64url
    Script: b/base64url/base64url.sh
    ✓ Already in cache (skipped)

[181] basic-auth
    Script: b/basic-auth/basic-auth.sh
    ✓ Already in cache (skipped)

[182] bean
    Script: b/bean/bean.sh
    ✓ Already in cache (skipped)

[183] better-ajv-errors
    Script: b/better-ajv-errors/better-ajv-errors.sh
    ✓ Already in cache (skipped)

[184] big.js
    Script: b/big.js/big.js.sh
    ✓ Already in cache (skipped)

[185] bignumber.js
    Script: b/bignumber.js/bignumber.js.sh
    ✓ Already in cache (skipped)

[186] bin-links
    Script: b/bin-links/bin-links.sh
    ✓ Already in cache (skipped)

[187] binary
    Script: b/binary/binary.sh
    ✓ Already in cache (skipped)

[188] binary-extensions
    Script: b/binary-extensions/binary-extensions.sh
    ✓ Already in cache (skipped)

[189] binaryextensions
    Script: b/binaryextensions/binaryextensions.sh
    ✓ Already in cache (skipped)

[190] binaryextensions
    Script: b/binaryextensions/binaryextensions_rhel_8.3.sh
    ✓ Already in cache (skipped)

[191] binaryextensions
    Script: b/binaryextensions/binaryextensions_ubi_8.3.sh
    ✓ Already in cache (skipped)

[192] bl
    Script: b/bl/bl.sh
    ✓ Already in cache (skipped)

[193] block-stream
    Script: b/block-stream/block-stream.sh
    ✓ Already in cache (skipped)

[194] blockly
    Script: b/blockly/blockly.sh
    ✓ Already in cache (skipped)

[195] bluebird
    Script: b/bluebird/bluebird.sh
    ✓ Already in cache (skipped)

[196] bluebird
    Script: b/bluebird/bluebird_ubuntu_18.04.sh
    ✓ Already in cache (skipped)

[197] bluebird-retry
    Script: b/bluebird-retry/bluebird-retry.sh
    ✓ Already in cache (skipped)

[198] bn.js
    Script: b/bn.js/bn.js.sh
    ✓ Already in cache (skipped)

[199] body-parser
    Script: b/body-parser/body-parser.sh
    ✓ Already in cache (skipped)

[200] body-parser
    Script: b/body-parser/body-parser_ubi_8.7.sh
    ✓ Already in cache (skipped)

[201] bonjour
    Script: b/bonjour/bonjour.sh
    ✓ Already in cache (skipped)

[202] bonzo
    Script: b/bonzo/bonzo.sh
    ✓ Already in cache (skipped)

[203] boom
    Script: b/boom/boom.sh
    ✓ Already in cache (skipped)

[204] bootstrap
    Script: b/bootstrap/bootstrap.sh
    ✓ Already in cache (skipped)

[205] bootstrap-datepicker
    Script: b/bootstrap-datepicker/Bootstrap-datetimepicker.sh
    ✓ Already in cache (skipped)

[206] bootstrap-select
    Script: b/bootstrap-select/bootstrap-select.sh
    ✓ Already in cache (skipped)

[207] bops
    Script: b/bops/bops.sh
    ✓ Already in cache (skipped)

[208] bounce
    Script: b/bounce/bounce.sh
    ✓ Already in cache (skipped)

[209] bourne
    Script: b/bourne/bourne.sh
    ✓ Already in cache (skipped)

[210] brace-expansion
    Script: b/brace-expansion/brace-expansion.sh
    ✓ Already in cache (skipped)

[211] brcast
    Script: b/brcast/brcast.sh
    ✓ Already in cache (skipped)

[212] breakable
    Script: b/breakable/breakable.sh
    ✓ Already in cache (skipped)

[213] bresenham
    Script: b/bresenham/bresenham.sh
    ✓ Already in cache (skipped)

[214] brorand
    Script: b/brorand/brorand.sh
    ✓ Already in cache (skipped)

[215] browser-resolve
    Script: b/browser-resolve/browser-resolve.sh
    ✓ Already in cache (skipped)

[216] browserify-cipher
    Script: b/browserify-cipher/browserify-cipher.sh
    ✓ Already in cache (skipped)

[217] browserify-des
    Script: b/browserify-des/browserify-des.sh
    ✓ Already in cache (skipped)

[218] browserify-rsa
    Script: b/browserify-rsa/browserify-rsa.sh
    ✓ Already in cache (skipped)

[219] browserify-sign
    Script: b/browserify-sign/browserify-sign.sh
    ✓ Already in cache (skipped)

[220] bser
    Script: b/bser/bser.sh
    ✓ Already in cache (skipped)

[221] buffer
    Script: b/buffer/buffer.sh
    ✓ Already in cache (skipped)

[222] buffer
    Script: b/buffer/buffer_ubuntu_18.04.sh
    ✓ Already in cache (skipped)

[223] buffer-alloc
    Script: b/buffer-alloc/buffer-alloc.sh
    ✓ Already in cache (skipped)

[224] buffer-alloc-unsafe
    Script: b/buffer-alloc-unsafe/buffer-alloc-unsafe.sh
    ✓ Already in cache (skipped)

[225] buffer-crc32
    Script: b/buffer-crc32/buffer-crc32.sh
    ✓ Already in cache (skipped)

[226] buffer-equal-constant-time
    Script: b/buffer-equal-constant-time/buffer-equal-constant-time.sh
    ✓ Already in cache (skipped)

[227] buffer-from
    Script: b/buffer-from/buffer-from.sh
    ✓ Already in cache (skipped)

[228] buffer-indexof
    Script: b/buffer-indexof/buffer-indexof.sh
    ✓ Already in cache (skipped)

[229] buffer-indexof-polyfill
    Script: b/buffer-indexof-polyfill/buffer-indexof-polyfill.sh
    ✓ Already in cache (skipped)

[230] buffer-writer
    Script: b/buffer-writer/buffer-writer.sh
    ✓ Already in cache (skipped)

[231] buffer-xor
    Script: b/buffer-xor/buffer-xor.sh
    ✓ Already in cache (skipped)

[232] buildmail
    Script: b/buildmail/buildmail.sh
    ✓ Already in cache (skipped)

[233] builtin-status-codes
    Script: b/builtin-status-codes/builtin-status-codes.sh
    ✓ Already in cache (skipped)

[234] builtins
    Script: b/builtins/builtins.sh
    ✓ Already in cache (skipped)

[235] bunyan
    Script: b/bunyan/bunyan.sh
    ✓ Already in cache (skipped)

[236] bunyan-prettystream
    Script: b/bunyan-prettystream/bunyan-prettystream.sh
    ✓ Already in cache (skipped)

[237] busboy
    Script: b/busboy/busboy.sh
    ✓ Already in cache (skipped)

[238] busboy
    Script: b/busboy-node/busboy-node.sh
    ✓ Already in cache (skipped)

[239] byte-size
    Script: b/byte-size/byte-size.sh
    ✓ Already in cache (skipped)

[240] bytes
    Script: b/bytes/bytes.sh
    ✓ Already in cache (skipped)

[241] bytes
    Script: b/bytes/bytes_rhel_8.3.sh
    ✓ Already in cache (skipped)

[242] Cordova-spatialite-storage
    Script: c/Cordova-spatialite-storage/Cordova-spatialite-storage_0.7.11.sh
    ✗ Error: Package not found on npm: Cordova-spatialite-storage

[243] Cordova-spatialite-storage
    Script: c/Cordova-spatialite-storage/Cordova-spatialite-storage_0.7.11_ubuntu_18.04.sh
    ✗ Error: Package not found on npm: Cordova-spatialite-storage

[244] PACKAGE_NAME
    Script: c/Cordova-spatialite-storage/Cordova-spatialite-storage_92c4df0.sh
    ✗ Error: Package not found on npm: PACKAGE_NAME

[245] Cordova-spatialite-storage
    Script: c/Cordova-spatialite-storage/Cordova-spatialite-storage_92c4df0_UBI_8.0.sh
    ✗ Error: Package not found on npm: Cordova-spatialite-storage

[246] Cordova-spatialite-storage
    Script: c/Cordova-spatialite-storage/Cordova-spatialite-storage_92c4df0_ubuntu_18.04.sh
    ✗ Error: Package not found on npm: Cordova-spatialite-storage

[247] c3js
    Script: c/c3js/c3js.sh
    ✗ Error: Package not found on npm: c3js

[248] cacache
    Script: c/cacache/cacache.sh
    ✓ Already in cache (skipped)

[249] cacache
    Script: c/cacache/cacache_ubi_8.5.sh
    ✓ Already in cache (skipped)

[250] cache-content-type
    Script: c/cache-content-type/cache-content-type.sh
    ✓ Already in cache (skipped)

[251] cacheable-lookup
    Script: c/cacheable-lookup/cacheable-lookup.sh
    ✓ Already in cache (skipped)

[252] cacheable-request
    Script: c/cacheable-request/cacheable-request.sh
    ✓ Already in cache (skipped)

[253] caching-transform
    Script: c/caching-transform/caching-transform.sh
    ✓ Already in cache (skipped)

[254] call
    Script: c/call/call.sh
    ✓ Already in cache (skipped)

[255] call-bind
    Script: c/call-bind/call-bind.sh
    ✓ Already in cache (skipped)

[256] call-bind
    Script: c/call-bind/call-bind_ubi8.4.sh
    ✓ Already in cache (skipped)

[257] call-limit
    Script: c/call-limit/call-limit.sh
    ✓ Already in cache (skipped)

[258] call-me-maybe
    Script: c/call-me-maybe/call-me-maybe.sh
    ✓ Already in cache (skipped)

[259] caller
    Script: c/caller/caller.sh
    ✓ Already in cache (skipped)

[260] caller-path
    Script: c/caller-path/caller-path.sh
    ✓ Already in cache (skipped)

[261] callsites
    Script: c/callsites/callsites.sh
    ✓ Already in cache (skipped)

[262] camel-case
    Script: c/camel-case/camel-case.sh
    ✓ Already in cache (skipped)

[263] camelcase
    Script: c/camelcase/camelcase.sh
    ✓ Already in cache (skipped)

[264] camelcase-keys
    Script: c/camelcase-keys/camelcase-keys.sh
    ✓ Already in cache (skipped)

[265] camelize
    Script: c/camelize/camelize.sh
    ✓ Already in cache (skipped)

[266] caniuse
    Script: c/caniuse/caniuse-db.sh
    ✓ Already in cache (skipped)

[267] caniuse-api
    Script: c/caniuse-api/caniuse-api.sh
    ✓ Already in cache (skipped)

[268] caniuse-lite
    Script: c/caniuse-lite/caniuse-lite.sh
    ✓ Already in cache (skipped)

[269] caniuse-lite
    Script: c/caniuse-lite/caniuse-lite_ubi_8.5.sh
    ✓ Already in cache (skipped)

[270] capture-exit
    Script: c/capture-exit/capture-exit.sh
    ✓ Already in cache (skipped)

[271] capture-stack-trace
    Script: c/capture-stack-trace/capture-stack-trace.sh
    ✓ Already in cache (skipped)

[272] carbon
    Script: c/carbon/carbon_11.36.0.sh
    ✓ Already in cache (skipped)

[273] carbon-charts
    Script: c/carbon-charts/carbon-charts_0.16.25_0.29.1_0.40.0_0.40.14_0.41.10_0.41.15.sh
    ✓ Already in cache (skipped)

[274] carbon-charts
    Script: c/carbon-charts/carbon-charts_0.16.25_0.29.1_0.40.0_0.40.14_0.41.10_0.41.15_ubi_8.3.sh
    ✓ Already in cache (skipped)

[275] carbon-charts
    Script: c/carbon-charts/carbon-charts_0.16.25_0.29.1_0.40.0_0.40.14_0.41.10_0.41.15_ubuntu_18.04.sh
    ✓ Already in cache (skipped)

[276] carbon-charts
    Script: c/carbon-charts/carbon-charts_0.41.31.sh
    ✓ Already in cache (skipped)

[277] carbon-charts
    Script: c/carbon-charts/carbon-charts_0.41.31_ubi_8.3.sh
    ✓ Already in cache (skipped)

[278] carbon-charts
    Script: c/carbon-charts/carbon-charts_0.41.31_ubuntu_18.04.sh
    ✓ Already in cache (skipped)

[279] carbon-charts
    Script: c/carbon-charts/carbon-charts_0.41.67.sh
    ✓ Already in cache (skipped)

[280] carbon-charts
    Script: c/carbon-charts/carbon-charts_0.41.67_ubuntu_18.04.sh
    ✓ Already in cache (skipped)

[281] PACKAGE_NAME
    Script: c/carbon-components/carbon-components.sh
    ✗ Error: Package not found on npm: PACKAGE_NAME

[282] carbon
    Script: c/carbon-components/carbon-components_10.29.0_10.31.0.sh
    ✓ Already in cache (skipped)

[283] carbon-components
    Script: c/carbon-components/carbon-components_10.29.0_10.31.0_ubi_8.3.sh
    ✓ Already in cache (skipped)

[284] carbon
    Script: c/carbon-components/carbon-components_10.29.0_10.31.0_ubuntu_18.04.sh
    ✓ Already in cache (skipped)

[285] carbon
    Script: c/carbon-components/carbon-components_10.44.2_10.45.0.sh
    ✓ Already in cache (skipped)

[286] carbon-components
    Script: c/carbon-components/carbon-components_10.44.2_10.45.0_ubi_8.3.sh
    ✓ Already in cache (skipped)

[287] carbon
    Script: c/carbon-components/carbon-components_10.44.2_10.45.0_ubuntu_18.04.sh
    ✓ Already in cache (skipped)

[288] carbon-components
    Script: c/carbon-components/carbon-components_10.46.0.sh
    ✓ Already in cache (skipped)

[289] carbon
    Script: c/carbon-components/carbon-components_10.46.0_ubuntu_18.sh
    ✓ Already in cache (skipped)

[290] carbon
    Script: c/carbon-components/carbon-components_10.9.1_10.7.3_10.5.0.sh
    ✓ Already in cache (skipped)

[291] carbon-components
    Script: c/carbon-components/carbon-components_10.9.1_10.7.3_10.5.0_ubi8.3.sh
    ✓ Already in cache (skipped)

[292] carbon
    Script: c/carbon-components/carbon-components_10.9.1_10.7.3_10.5.0_ubuntu_18.04.sh
    ✓ Already in cache (skipped)

[293] carbon-components
    Script: c/carbon-components/carbon-components_ubuntu_18.04.sh
    ✓ Already in cache (skipped)

[294] carbon-components-react
    Script: c/carbon-components-react/carbon-components-react.sh
    ✓ Already in cache (skipped)

[295] carbon-icons
    Script: c/carbon-icons/carbon-icons.sh
    ✓ Already in cache (skipped)

[296] cardinal
    Script: c/cardinal/cardinal.sh
    ✓ Already in cache (skipped)

[297] caseless
    Script: c/caseless/caseless.sh
    ✓ Already in cache (skipped)

[298] caseless
    Script: c/caseless/caseless_ubuntu_18.04.sh
    ✓ Already in cache (skipped)

[299] catbox
    Script: c/catbox/catbox.sh
    ✓ Already in cache (skipped)

[300] catbox-memory
    Script: c/catbox-memory/catbox-memory.sh
    ✓ Already in cache (skipped)

[301] center-align
    Script: c/center-align/center-align.sh
    ✓ Already in cache (skipped)

[302] chai
    Script: c/chai/chai.sh
    ✓ Already in cache (skipped)

[303] chai-as-promised
    Script: c/chai-as-promised/chai-as-promised.sh
    ✓ Already in cache (skipped)

[304] chai-things
    Script: c/chai-things/chai-things.sh
    ✓ Already in cache (skipped)

[305] chain-able
    Script: c/chain-able/chain-able.sh
    ✓ Already in cache (skipped)

[306] chalk
    Script: c/chalk/chalk.sh
    ✓ Already in cache (skipped)

[307] chalk
    Script: c/chalk/chalk_rhel_8.3.sh
    ✓ Already in cache (skipped)

[308] chalk
    Script: c/chalk/chalk_ubi_8.7.sh
    ✓ Already in cache (skipped)

[309] chance
    Script: c/chance/chance.sh
    ✓ Already in cache (skipped)

[310] change-case
    Script: c/change-case/change-case.sh
    ✓ Already in cache (skipped)

[311] change-emitter
    Script: c/change-emitter/change-emitter.sh
    ✓ Already in cache (skipped)

[312] character-entities
    Script: c/character-entities/character-entities.sh
    ✓ Already in cache (skipped)

[313] character-entities-legacy
    Script: c/character-entities-legacy/character-entities-legacy.sh
    ✓ Already in cache (skipped)

[314] Chart.js
    Script: c/chartjs/chartjs.sh
    ✗ Invalid package name: Invalid npm package name: Chart.js. Must contain only alphanumeric, -, _, @, /

[315] chartjs
    Script: c/chartjs/chartjs_rhel_7.4.sh
    ✓ Already in cache (skipped)

[316] chokidar
    Script: c/chokidar/chokidar.sh
    ✓ Already in cache (skipped)

[317] chownr
    Script: c/chownr/chownr.sh
    ✓ Already in cache (skipped)

[318] chrome-trace-event
    Script: c/chrome-trace-event/chrome-trace-event.sh
    ✓ Already in cache (skipped)

[319] ci-info
    Script: c/ci-info/ci-info.sh
    ✓ Already in cache (skipped)

[320] ci-info
    Script: c/ci-info/ci-info_rhel_8.3.sh
    ✓ Already in cache (skipped)

[321] cidr-regex
    Script: c/cidr-regex/cidr-regex.sh
    ✓ Already in cache (skipped)

[322] cipher-base
    Script: c/cipher-base/cipher-base.sh
    ✓ Already in cache (skipped)

[323] circular-json
    Script: c/circular-json/circular-json.sh
    ✓ Already in cache (skipped)

[324] cjs-module-lexer
    Script: c/cjs-module-lexer/cjs-module-lexer.sh
    ✓ Already in cache (skipped)

[325] class-utils
    Script: c/class-utils/class-utils.sh
    ✓ Already in cache (skipped)

[326] classnames
    Script: c/classnames/classnames.sh
    ✓ Already in cache (skipped)

[327] classnames
    Script: c/classnames/classnames_UBI_8.5.sh
    ✓ Already in cache (skipped)

[328] classnames
    Script: c/classnames/classnames_rhel_7.4.sh
    ✓ Already in cache (skipped)

[329] classnames
    Script: c/classnames/classnames_ubuntu_18.04.sh
    ✓ Already in cache (skipped)

[330] clean-css
    Script: c/clean-css/clean-css.sh
    ✓ Already in cache (skipped)

[331] clean-stack
    Script: c/clean-stack/clean-stack.sh
    ✓ Already in cache (skipped)

[332] cli-columns
    Script: c/cli-columns/cli-columns.sh
    ✓ Already in cache (skipped)

[333] cli-cursor
    Script: c/cli-cursor/cli-cursor.sh
    ✓ Already in cache (skipped)

[334] cli-cursor
    Script: c/cli-cursor/cli-cursor_rhel_8.3.sh
    ✓ Already in cache (skipped)

[335] cli-table3
    Script: c/cli-table3/cli-table3.sh
    ✓ Already in cache (skipped)

[336] cli-width
    Script: c/cli-width/cli-width.sh
    ✓ Already in cache (skipped)

[337] cliui
    Script: c/cliui/cliui.sh
    ✓ Already in cache (skipped)

[338] cliui
    Script: c/cliui/cliui_rhel_8.3.sh
    ✓ Already in cache (skipped)

[339] cliui
    Script: c/cliui/cliui_ubi_8.5.sh
    ✓ Already in cache (skipped)

[340] clone
    Script: c/clone/clone.sh
    ✓ Already in cache (skipped)

[341] clone-buffer
    Script: c/clone-buffer/clone-buffer.sh
    ✓ Already in cache (skipped)

[342] clone-deep
    Script: c/clone-deep/clone-deep.sh
    ✓ Already in cache (skipped)

[343] clone-stats
    Script: c/clone-stats/clone-stats.sh
    ✓ Already in cache (skipped)

[344] cloneable-readable
    Script: c/cloneable-readable/cloneable-readable.sh
    ✓ Already in cache (skipped)

[345] closure-library
    Script: c/closure-library/closure-library.sh
    ✓ Already in cache (skipped)

[346] @cloudant/cloudant
    Script: c/cloudant__cloudant/cloudant__cloudant.sh
    ✓ Already in cache (skipped)

[347] clsx
    Script: c/clsx/clsx.sh
    ✓ Already in cache (skipped)

[348] cluster-key-slot
    Script: c/cluster-key-slot/cluster-key-slot.sh
    ✓ Already in cache (skipped)

[349] cmd-shim
    Script: c/cmd-shim/cmd-shim.sh
    ✓ Already in cache (skipped)

[350] cmd-shim
    Script: c/cmd-shim/cmd-shim_rhel_8.3.sh
    ✓ Already in cache (skipped)

[351] cmd-shim
    Script: c/cmd-shim/cmd-shim_ubuntu_18.04.sh
    ✓ Already in cache (skipped)

[352] co
    Script: c/co/co.sh
    ✓ Already in cache (skipped)

[353] co-from-stream
    Script: c/co-from-stream/co-from-stream.sh
    ✓ Already in cache (skipped)

[354] v19.1.5
    Script: c/cockroachdb/cockroachdb_debian9.8slim.sh
    ✗ Invalid package name: Invalid npm package name: v19.1.5. Must contain only alphanumeric, -, _, @, /

[355] v19.1.5
    Script: c/cockroachdb/cockroachdb_ubi7.6.sh
    ✗ Invalid package name: Invalid npm package name: v19.1.5. Must contain only alphanumeric, -, _, @, /

[356] v19.1.8
    Script: c/cockroachdb/cockroachdb_ubi7.sh
    ✗ Invalid package name: Invalid npm package name: v19.1.8. Must contain only alphanumeric, -, _, @, /

[357] v19.2.10-oss
    Script: c/cockroachdb/cockroachdb_ubi8.sh
    ✗ Invalid package name: Invalid npm package name: v19.2.10-oss. Must contain only alphanumeric, -, _, @, /

[358] code-block-writer
    Script: c/code-block-writer/code-block-writer.sh
    ✓ Already in cache (skipped)

[359] code-error-fragment
    Script: c/code-error-fragment/code-error-fragment.sh
    ✓ Already in cache (skipped)

[360] code-prettify
    Script: c/code-prettify/code-prettify.sh
    ✓ Already in cache (skipped)

[361] codemirror
    Script: c/codemirror/codemirror.sh
    ✓ Already in cache (skipped)

[362] codemirror
    Script: c/codemirror/codemirror_rhel_7.4.sh
    ✓ Already in cache (skipped)

[363] codemirror
    Script: c/codemirror/codemirror_ubuntu_16.04.sh
    ✓ Already in cache (skipped)

[364] collapse-white-space
    Script: c/collapse-white-space/collapse-white-space.sh
    ✓ Already in cache (skipped)

[365] collection-visit
    Script: c/collection-visit/collection-visit.sh
    ✓ Already in cache (skipped)

[366] color
    Script: c/color/color.sh
    ✓ Already in cache (skipped)

[367] color-convert
    Script: c/color-convert/color-convert.sh
    ✓ Already in cache (skipped)

[368] color-name
    Script: c/color-name/color-name.sh
    ✓ Already in cache (skipped)

[369] color-string
    Script: c/color-string/color-string.sh
    ✓ Already in cache (skipped)

[370] colorette
    Script: c/colorette/colorette.sh
    ✓ Already in cache (skipped)

[371] colorette
    Script: c/colorette/colorette_rhel_8.3.sh
    ✓ Already in cache (skipped)

[372] colornames
    Script: c/colornames/colornames.sh
    ✓ Already in cache (skipped)

[373] colors.js
    Script: c/colors.js/colors.js.sh
    ✓ Already in cache (skipped)

[374] columnify
    Script: c/columnify/columnify.sh
    ✓ Already in cache (skipped)

[375] combined-stream
    Script: c/combined-stream/combined-stream.sh
    ✓ Already in cache (skipped)

[376] commist
    Script: c/commist/commist.sh
    ✓ Already in cache (skipped)

[377] common-tags
    Script: c/common-tags/common-tags.sh
    ✓ Already in cache (skipped)

[378] commondir
    Script: c/commondir/commondir.sh
    ✓ Already in cache (skipped)

[379] commoner
    Script: c/commoner/commoner.sh
    ✓ Already in cache (skipped)

[380] commons-compress
    Script: c/commons-compress/commons-compress_v1.26.0.sh
    ✗ Error: Package not found on npm: commons-compress

[381] component-clone
    Script: c/component-clone/component-clone.sh
    ✓ Already in cache (skipped)

[382] component-emitter
    Script: c/component-emitter/component-emitter.sh
    ✓ Already in cache (skipped)

[383] component-emitter
    Script: c/component-emitter/component-emitter_rhel_8.3.sh
    ✓ Already in cache (skipped)

[384] compress-commons
    Script: c/compress-commons/compress-commons.sh
    ✓ Already in cache (skipped)

[385] compressible
    Script: c/compressible/compressible.sh
    ✓ Already in cache (skipped)

[386] compression
    Script: c/compression/compression.sh
    ✓ Already in cache (skipped)

[387] concat-map
    Script: c/concat-map/concat-map.sh
    ✓ Already in cache (skipped)

[388] concat-stream
    Script: c/concat-stream/concat-stream.sh
    ✓ Already in cache (skipped)

[389] concat-stream
    Script: c/concat-stream/concat-stream_ubuntu_18.04.sh
    ✓ Already in cache (skipped)

[390] config-chain
    Script: c/config-chain/config-chain.sh
    ✓ Already in cache (skipped)

[391] config-chain
    Script: c/config-chain/config-chain_ubuntu_18.04.sh
    ✓ Already in cache (skipped)

[392] configstore
    Script: c/configstore/configstore.sh
    ✓ Already in cache (skipped)

[393] connect
    Script: c/connect/connect.sh
    ✓ Already in cache (skipped)

[394] connect-history-api-fallback
    Script: c/connect-history-api-fallback/connect-history-api-fallback.sh
    ✓ Already in cache (skipped)

[395] connect-redis
    Script: c/connect-redis/connect-redis.sh
    ✓ Already in cache (skipped)

[396] console-browserify
    Script: c/console-browserify/console-browserify.sh
    ✓ Already in cache (skipped)

[397] console-control-strings
    Script: c/console-control-strings/console-control-strings.sh
    ✓ Already in cache (skipped)

[398] constants-browserify
    Script: c/constants-browserify/constants-browserify.sh
    ✓ Already in cache (skipped)

[399] contains-path
    Script: c/contains-path/contains-path.sh
    ✓ Already in cache (skipped)

[400] content
    Script: c/content/content.sh
    ✓ Already in cache (skipped)

[401] content-disposition
    Script: c/content-disposition/content-disposition.sh
    ✓ Already in cache (skipped)

[402] content-security-policy-builder
    Script: c/content-security-policy-builder/content-security-policy-builder.sh
    ✓ Already in cache (skipped)

[403] content-type
    Script: c/content-type/content-type.sh
    ✓ Already in cache (skipped)

[404] convert-source-map
    Script: c/convert-source-map/convert-source-map.sh
    ✓ Already in cache (skipped)

[405] cookie-parser
    Script: c/cookie-parser/cookie-parser.sh
    ✓ Already in cache (skipped)

[406] cookies
    Script: c/cookies/cookies.sh
    ✓ Already in cache (skipped)

[407] copy-concurrently
    Script: c/copy-concurrently/copy-concurrently.sh
    ✓ Already in cache (skipped)

[408] copy-descriptor
    Script: c/copy-descriptor/copy-descriptor.sh
    ✓ Already in cache (skipped)

[409] copy-to-clipboard
    Script: c/copy-to-clipboard/copy-to-clipboard.sh
    ✓ Already in cache (skipped)

[410] cordova-plugin-file-opener2
    Script: c/cordova-plugin-file-opener2/cordova-plugin-file-opener2.sh
    ✓ Already in cache (skipped)

[411] core-js
    Script: c/core-js/core-js.sh
    ✓ Already in cache (skipped)

[412] core-util-is
    Script: c/core-util-is/core-util-is.sh
    ✓ Already in cache (skipped)

[413] cors
    Script: c/cors/cors.sh
    ✓ Already in cache (skipped)

[414] couchdb-nano
    Script: c/couchdb-nano/couchdb-nano.sh
    ✗ Error: Package not found on npm: couchdb-nano

[415] crc32-stream
    Script: c/crc32-stream/crc32-stream.sh
    ✓ Already in cache (skipped)

[416] create-ecdh
    Script: c/create-ecdh/create-ecdh.sh
    ✓ Already in cache (skipped)

[417] create-error-class
    Script: c/create-error-class/create-error-class.sh
    ✓ Already in cache (skipped)

[418] create-frame
    Script: c/create-frame/create-frame.sh
    ✓ Already in cache (skipped)

[419] create-react-context
    Script: c/create-react-context/create-react-context.sh
    ✓ Already in cache (skipped)

[420] cron
    Script: c/cron/cron.sh
    ✓ Already in cache (skipped)

[421] cross-env
    Script: c/cross-env/cross-env.sh
    ✓ Already in cache (skipped)

[422] cross-spawn
    Script: c/cross-spawn/cross-spawn.sh
    ✓ Already in cache (skipped)

[423] crossfilter
    Script: c/crossfilter/crossfilter.sh
    ✓ Already in cache (skipped)

[424] cryptiles
    Script: c/cryptiles/cryptiles.sh
    ✓ Already in cache (skipped)

[425] crypto-browserify
    Script: c/crypto-browserify/crypto-browserify.sh
    ✓ Already in cache (skipped)

[426] crypto-random-string
    Script: c/crypto-random-string/crypto-random-string.sh
    ✓ Already in cache (skipped)

[427] cson
    Script: c/cson/cson.sh
    ✓ Already in cache (skipped)

[428] cson-parser
    Script: c/cson-parser/cson-parser.sh
    ✓ Already in cache (skipped)

[429] css
    Script: c/css/css.sh
    ✓ Already in cache (skipped)

[430] css-blank-pseudo
    Script: c/css-blank-pseudo/css-blank-pseudo.sh
    ✓ Already in cache (skipped)

[431] css-declaration-sorter
    Script: c/css-declaration-sorter/css-declaration-sorter.sh
    ✓ Already in cache (skipped)

[432] css-escape
    Script: c/css-escape/css-escape_8.5.sh
    ✗ Error: Package not found on npm: css-escape

[433] css-has-pseudo
    Script: c/css-has-pseudo/css-has-pseudo.sh
    ✓ Already in cache (skipped)

[434] css-prefers-color-scheme
    Script: c/css-prefers-color-scheme/css-prefers-color-scheme.sh
    ✓ Already in cache (skipped)

[435] css-select
    Script: c/css-select/css-select.sh
    ✓ Already in cache (skipped)

[436] css-select
    Script: c/css-select/css-select_rhel_8.3.sh
    ✓ Already in cache (skipped)

[437] css-select-base-adapter
    Script: c/css-select-base-adapter/css-select-base-adapter.sh
    ✓ Already in cache (skipped)

[438] css-tree
    Script: c/css-tree/css-tree.sh
    ✓ Already in cache (skipped)

[439] css-what
    Script: c/css-what/css-what.sh
    ✓ Already in cache (skipped)

[440] cssdb
    Script: c/cssdb/cssdb.sh
    ✓ Already in cache (skipped)

[441] cssesc
    Script: c/cssesc/cssesc.sh
    ✓ Already in cache (skipped)

[442] cssnano
    Script: c/cssnano/cssnano.sh
    ✓ Already in cache (skipped)

[443] csso
    Script: c/csso/csso.sh
    ✓ Already in cache (skipped)

[444] cssstyle
    Script: c/cssstyle/cssstyle.sh
    ✓ Already in cache (skipped)

[445] csstype
    Script: c/csstype/csstype.sh
    ✓ Already in cache (skipped)

[446] csstype
    Script: c/csstype/csstype_RHEL7.6.sh
    ✓ Already in cache (skipped)

[447] csv-generate
    Script: c/csv-generate/csv-generate.sh
    ✓ Already in cache (skipped)

[448] node-csv-stringify
    Script: c/csv-stringify/csv-stringify.sh
    ✗ Error: Package not found on npm: node-csv-stringify

[449] csv-stringify
    Script: c/csv-stringify/csv-stringify_rhel_8.3.sh
    ✓ Already in cache (skipped)

[450] csvtojson
    Script: c/csvtojson/csvtojson.sh
    ✓ Already in cache (skipped)

[451] curry2
    Script: c/curry2/curry2.sh
    ✓ Already in cache (skipped)

[452] cyclist
    Script: c/cyclist/cyclist.sh
    ✓ Already in cache (skipped)

[453] cyclist
    Script: c/cyclist/cyclist_rhel_8.3.sh
    ✓ Already in cache (skipped)

[454] jquery-cron
    Script: c/jquery-cron/jquery-cron.sh
    ✓ Already in cache (skipped)

[455] d
    Script: d/d/d.sh
    ✓ Already in cache (skipped)

[456] d
    Script: d/d/d_rhel_8.3.sh
    ✓ Already in cache (skipped)

[457] d3
    Script: d/d3/d3.sh
    ✓ Already in cache (skipped)

[458] d3
    Script: d/d3/d3_rhel_8.3.sh
    ✓ Already in cache (skipped)

[459] d3
    Script: d/d3/d3_ubuntu_16.04.sh
    ✓ Already in cache (skipped)

[460] d3
    Script: d/d3/d3_v7.9.0_ubi_9.5.sh
    ✓ Already in cache (skipped)

[461] d3-array
    Script: d/d3-array/d3-array.sh
    ✓ Already in cache (skipped)

[462] d3-array
    Script: d/d3-array/d3-array_rhel_8.3.sh
    ✓ Already in cache (skipped)

[463] d3-axis
    Script: d/d3-axis/d3-axis.sh
    ✓ Already in cache (skipped)

[464] d3-axis
    Script: d/d3-axis/d3-axis_rhel_8.3.sh
    ✓ Already in cache (skipped)

[465] d3-brush
    Script: d/d3-brush/d3-brush.sh
    ✓ Already in cache (skipped)

[466] d3-brush
    Script: d/d3-brush/d3-brush_rhel_8.3.sh
    ✓ Already in cache (skipped)

[467] d3-brush
    Script: d/d3-brush/d3-brush_v3.0.0.sh
    ✓ Already in cache (skipped)

[468] d3-chord
    Script: d/d3-chord/d3-chord.sh
    ✓ Already in cache (skipped)

[469] d3-chord
    Script: d/d3-chord/d3-chord_rhel_8.3.sh
    ✓ Already in cache (skipped)

[470] d3-chord
    Script: d/d3-chord/d3-chord_v3.0.1.sh
    ✓ Already in cache (skipped)

[471] d3-chord
    Script: d/d3-chord/d3-chord_v3.0.1_UBI_8.5.sh
    ✓ Already in cache (skipped)

[472] d3-collection
    Script: d/d3-collection/d3-collection.sh
    ✓ Already in cache (skipped)

[473] d3-color
    Script: d/d3-color/d3-color.sh
    ✓ Already in cache (skipped)

[474] d3-color
    Script: d/d3-color/d3-color_rhel_8.3.sh
    ✓ Already in cache (skipped)

[475] d3-contour
    Script: d/d3-contour/d3-contour.sh
    ✓ Already in cache (skipped)

[476] d3-delaunay
    Script: d/d3-delaunay/d3-delaunay.sh
    ✓ Already in cache (skipped)

[477] d3-dispatch
    Script: d/d3-dispatch/d3-dispatch.sh
    ✓ Already in cache (skipped)

[478] d3-dispatch
    Script: d/d3-dispatch/d3-dispatch_rhel_8.3.sh
    ✓ Already in cache (skipped)

[479] d3-dispatch
    Script: d/d3-dispatch/d3-dispatch_ubi_8_5.sh
    ✓ Already in cache (skipped)

[480] d3-drag
    Script: d/d3-drag/d3-drag.sh
    ✓ Already in cache (skipped)

[481] d3-drag
    Script: d/d3-drag/d3-drag_rhel_8.3.sh
    ✓ Already in cache (skipped)

[482] d3-dsv
    Script: d/d3-dsv/d3-dsv.sh
    ✓ Already in cache (skipped)

[483] d3-dsv
    Script: d/d3-dsv/d3-dsv_rhel_8.3.sh
    ✓ Already in cache (skipped)

[484] d3-dsv
    Script: d/d3-dsv/d3-dsv_ubi_8_5.sh
    ✓ Already in cache (skipped)

[485] d3-ease
    Script: d/d3-ease/d3-ease.sh
    ✓ Already in cache (skipped)

[486] d3-ease
    Script: d/d3-ease/d3-ease_rhel_8.3.sh
    ✓ Already in cache (skipped)

[487] d3-force
    Script: d/d3-force/d3-force.sh
    ✓ Already in cache (skipped)

[488] d3-force
    Script: d/d3-force/d3-force_ubuntu_16.04.sh
    ✓ Already in cache (skipped)

[489] d3-format
    Script: d/d3-format/d3-format.sh
    ✓ Already in cache (skipped)

[490] d3-format
    Script: d/d3-format/d3-format_rhel_8.3.sh
    ✓ Already in cache (skipped)

[491] d3-hierarchy
    Script: d/d3-hierarchy/d3-hierarchy.sh
    ✓ Already in cache (skipped)

[492] d3-hierarchy
    Script: d/d3-hierarchy/d3-hierarchy_rhel_8.3.sh
    ✓ Already in cache (skipped)

[493] d3-path
    Script: d/d3-path/d3-path.sh
    ✓ Already in cache (skipped)

[494] d3-path
    Script: d/d3-path/d3-path_rhel_8.3.sh
    ✓ Already in cache (skipped)

[495] d3-path
    Script: d/d3-path/d3-path_v3.1.0.sh
    ✓ Already in cache (skipped)

[496] d3-polygon
    Script: d/d3-polygon/d3-polygon.sh
    ✓ Already in cache (skipped)

[497] d3-polygon
    Script: d/d3-polygon/d3-polygon_rhel_8.3.sh
    ✓ Already in cache (skipped)

[498] d3-polygon
    Script: d/d3-polygon/d3-polygon_ubi_8_5.sh
    ✓ Already in cache (skipped)

[499] d3-quadtree
    Script: d/d3-quadtree/d3-quadtree.sh
    ✓ Already in cache (skipped)

[500] d3-quadtree
    Script: d/d3-quadtree/d3-quadtree_rhel_8.3.sh
    ✓ Already in cache (skipped)

[501] d3-quadtree
    Script: d/d3-quadtree/d3-quadtree_ubi_8_5.sh
    ✓ Already in cache (skipped)

[502] d3-queue
    Script: d/d3-queue/d3-queue.sh
    ✓ Already in cache (skipped)

[503] d3-random
    Script: d/d3-random/d3-random.sh
    ✓ Already in cache (skipped)

[504] d3-random
    Script: d/d3-random/d3-random_rhel_8.3.sh
    ✓ Already in cache (skipped)

[505] d3-request
    Script: d/d3-request/d3-request.sh
    ✓ Already in cache (skipped)

[506] d3-scale
    Script: d/d3-scale/d3-scale.sh
    ✓ Already in cache (skipped)

[507] d3-scale
    Script: d/d3-scale/d3-scale_rhel_8.3.sh
    ✓ Already in cache (skipped)

[508] d3-selection
    Script: d/d3-selection/d3-selection.sh
    ✓ Already in cache (skipped)

[509] d3-selection
    Script: d/d3-selection/d3-selection_rhel_8.3.sh
    ✓ Already in cache (skipped)

[510] d3-selection
    Script: d/d3-selection/d3-selection_v3.0.0.sh
    ✓ Already in cache (skipped)

[511] d3-shape
    Script: d/d3-shape/d3-shape.sh
    ✓ Already in cache (skipped)

[512] d3-time
    Script: d/d3-time/d3-time.sh
    ✓ Already in cache (skipped)

[513] d3-time
    Script: d/d3-time/d3-time_rhel_8.3.sh
    ✓ Already in cache (skipped)

[514] d3-time
    Script: d/d3-time/d3-time_v3.1.0.sh
    ✓ Already in cache (skipped)

[515] d3-time-format
    Script: d/d3-time-format/d3-time-format.sh
    ✓ Already in cache (skipped)

[516] d3-time-format
    Script: d/d3-time-format/d3-time-format_rhel_8.3.sh
    ✓ Already in cache (skipped)

[517] d3-time-format
    Script: d/d3-time-format/d3-time-format_v4.1.0.sh
    ✓ Already in cache (skipped)

[518] d3-timer
    Script: d/d3-timer/d3-timer.sh
    ✓ Already in cache (skipped)

[519] d3-transition
    Script: d/d3-transition/d3-transition.sh
    ✓ Already in cache (skipped)

[520] d3-transition
    Script: d/d3-transition/d3-transition_rhel_8.3.sh
    ✓ Already in cache (skipped)

[521] d3-voronoi
    Script: d/d3-voronoi/d3-voronoi.sh
    ✓ Already in cache (skipped)

[522] d3-zoom
    Script: d/d3-zoom/d3-zoom.sh
    ✓ Already in cache (skipped)

[523] d3-zoom
    Script: d/d3-zoom/d3-zoom_rhel_8.3.sh
    ✓ Already in cache (skipped)

[524] @dabh/diagnostics
    Script: d/dabh__diagnostics/dabh__diagnostics.sh
    ✓ Already in cache (skipped)

[525] dagre
    Script: d/dagre/dagre.sh
    ✓ Already in cache (skipped)

[526] damerau-levenshtein
    Script: d/damerau-levenshtein/damerau-levenshtein.sh
    ✓ Already in cache (skipped)

[527] dargs
    Script: d/dargs/dargs.sh
    ✓ Already in cache (skipped)

[528] dashdash
    Script: d/dashdash/dashdash.sh
    ✓ Already in cache (skipped)

[529] dasherize
    Script: d/dasherize/dasherize.sh
    ✓ Already in cache (skipped)

[530] data-urls
    Script: d/data-urls/data-urls.sh
    ✓ Already in cache (skipped)

[531] dataTables
    Script: d/dataTables/DataTables.sh
    ✗ Error: Package not found on npm: dataTables

[532] date-fns
    Script: d/date-fns/date-fns.sh
    ✓ Already in cache (skipped)

[533] date-format
    Script: d/date-format/date-format.sh
    ✓ Already in cache (skipped)

[534] date-format
    Script: d/date-format/date-format_rhel_8.3.sh
    ✓ Already in cache (skipped)

[535] date.js
    Script: d/date.js/date.js.sh
    ✓ Already in cache (skipped)

[536] dc-js
    Script: d/dc-js/dc-js_4.2.7.sh
    ✗ Error: Package not found on npm: dc-js

[537] dc.js
    Script: d/dc-js/dc-js_v4.2.7.sh
    ✗ Invalid package name: Invalid npm package name: dc.js. Must contain only alphanumeric, -, _, @, /

[538] dc.js
    Script: d/dc-js/dc-js_v4.2.7_ubuntu_18.04.sh
    ✗ Invalid package name: Invalid npm package name: dc.js. Must contain only alphanumeric, -, _, @, /

[539] debounce
    Script: d/debounce/debounce.sh
    ✓ Already in cache (skipped)

[540] debounce-promise
    Script: d/debounce-promise/debounce-promise.sh
    ✓ Already in cache (skipped)

[541] debounce-promise
    Script: d/debounce-promise/debounce-promise_ubuntu_16.04.sh
    ✓ Already in cache (skipped)

[542] debug
    Script: d/debug/debug.sh
    ✓ Already in cache (skipped)

[543] debug-log
    Script: d/debug-log/debug-log.sh
    ✓ Already in cache (skipped)

[544] decamelize
    Script: d/decamelize/decamelize.sh
    ✓ Already in cache (skipped)

[545] decamelize-keys
    Script: d/decamelize-keys/decamelize-keys.sh
    ✓ Already in cache (skipped)

[546] decamelize-keys
    Script: d/decamelize-keys/decamelize-keys_rhel_7.6.sh
    ✓ Already in cache (skipped)

[547] decimal.js
    Script: d/decimal.js/decimal.js.sh
    ✓ Already in cache (skipped)

[548] decimal.js
    Script: d/decimal.js/decimal.js_rhel_8.3.sh
    ✓ Already in cache (skipped)

[549] decode-uri-component
    Script: d/decode-uri-component/decode-uri-component.sh
    ✓ Already in cache (skipped)

[550] decompress-response
    Script: d/decompress-response/decompress-response.sh
    ✓ Already in cache (skipped)

[551] decompress-response
    Script: d/decompress-response/decompress-response_rhel_8.3.sh
    ✓ Already in cache (skipped)

[552] deep-diff
    Script: d/deep-diff/deep-diff.sh
    ✓ Already in cache (skipped)

[553] deep-equal
    Script: d/deep-equal/deep-equal.sh
    ✓ Already in cache (skipped)

[554] deep-extend
    Script: d/deep-extend/deep-extend.sh
    ✓ Already in cache (skipped)

[555] deep-get-set
    Script: d/deep-get-set/deep-get-set.sh
    ✓ Already in cache (skipped)

[556] deep-is
    Script: d/deep-is/deep-is.sh
    ✓ Already in cache (skipped)

[557] deepmerge
    Script: d/deepmerge/deepmerge.sh
    ✓ Already in cache (skipped)

[558] default
    Script: d/default/default.sh
    ✓ Already in cache (skipped)

[559] default-compare
    Script: d/default-compare/default-compare.sh
    ✓ Already in cache (skipped)

[560] defaults
    Script: d/defaults/defaults.sh
    ✓ Already in cache (skipped)

[561] defer-to-connect
    Script: d/defer-to-connect/defer-to-connect.sh
    ✓ Already in cache (skipped)

[562] defer-to-connect
    Script: d/defer-to-connect/defer-to-connect_ubi8.sh
    ✓ Already in cache (skipped)

[563] define-property
    Script: d/define-property/define-property.sh
    ✓ Already in cache (skipped)

[564] defined
    Script: d/defined/defined.sh
    ✓ Already in cache (skipped)

[565] defs
    Script: d/defs/defs.sh
    ✓ Already in cache (skipped)

[566] deglob
    Script: d/deglob/deglob.sh
    ✓ Already in cache (skipped)

[567] del
    Script: d/del/del.sh
    ✓ Already in cache (skipped)

[568] delayed-stream
    Script: d/delayed-stream/delayed-stream.sh
    ✓ Already in cache (skipped)

[569] denque
    Script: d/denque/denque.sh
    ✓ Already in cache (skipped)

[570] depd
    Script: d/depd/depd.sh
    ✓ Already in cache (skipped)

[571] deref
    Script: d/deref/deref.sh
    ✓ Already in cache (skipped)

[572] des.js
    Script: d/des.js/des.js.sh
    ✓ Already in cache (skipped)

[573] destroy
    Script: d/destroy/destroy.sh
    ✓ Already in cache (skipped)

[574] detect-conflict
    Script: d/detect-conflict/detect-conflict.sh
    ✓ Already in cache (skipped)

[575] detect-file
    Script: d/detect-file/detect-file.sh
    ✓ Already in cache (skipped)

[576] detect-indent
    Script: d/detect-indent/detect-indent.sh
    ✓ Already in cache (skipped)

[577] detect-indent
    Script: d/detect-indent/detect-indent_rhel_8.3.sh
    ✓ Already in cache (skipped)

[578] detect-newline
    Script: d/detect-newline/detect-newline.sh
    ✓ Already in cache (skipped)

[579] detect-port-alt
    Script: d/detect-port-alt/detect-port-alt.sh
    ✓ Already in cache (skipped)

[580] detective
    Script: d/detective/detective.sh
    ✓ Already in cache (skipped)

[581] devfile-converter
    Script: d/devfile-converter/devfile-converter.sh
    ✗ Error: Package not found on npm: devfile-converter

[582] dezalgo
    Script: d/dezalgo/dezalgo.sh
    ✓ Already in cache (skipped)

[583] dezalgo
    Script: d/dezalgo/dezalgo_ubuntu_18.04.sh
    ✓ Already in cache (skipped)

[584] dgrid
    Script: d/dgrid/dgrid.sh
    ✓ Already in cache (skipped)

[585] diagnostics
    Script: d/diagnostics/diagnostics.sh
    ✓ Already in cache (skipped)

[586] dicer
    Script: d/dicer/dicer.sh
    ✓ Already in cache (skipped)

[587] diffie-hellman
    Script: d/diffie-hellman/diffie-hellman.sh
    ✓ Already in cache (skipped)

[588] difunc
    Script: d/difunc/difunc.sh
    ✓ Already in cache (skipped)

[589] dir-glob
    Script: d/dir-glob/dir-glob.sh
    ✓ Already in cache (skipped)

[590] dns-equal
    Script: d/dns-equal/dns-equal.sh
    ✓ Already in cache (skipped)

[591] dns-packet
    Script: d/dns-packet/dns-packet.sh
    ✓ Already in cache (skipped)

[592] dns-prefetch-control
    Script: d/dns-prefetch-control/dns-prefetch-control.sh
    ✓ Already in cache (skipped)

[593] dns-txt
    Script: d/dns-txt/dns-txt.sh
    ✓ Already in cache (skipped)

[594] doctrine
    Script: d/doctrine/doctrine.sh
    ✓ Already in cache (skipped)

[595] dom-converter
    Script: d/dom-converter/dom-converter.sh
    ✓ Already in cache (skipped)

[596] dom-serializer
    Script: d/dom-serializer/dom-serializer.sh
    ✓ Already in cache (skipped)

[597] dom-testing-library
    Script: d/dom-testing-library/dom-testing-library.sh
    ✓ Already in cache (skipped)

[598] dom-testing-library
    Script: d/dom-testing-library/dom-testing-library_ubi_8.3.sh
    ✓ Already in cache (skipped)

[599] domain-browser
    Script: d/domain-browser/domain-browser.sh
    ✓ Already in cache (skipped)

[600] domelementtype
    Script: d/domelementtype/domelementtype.sh
    ✓ Already in cache (skipped)

[601] domelementtype
    Script: d/domelementtype/domelementtype_rhel_8.3.sh
    ✓ Already in cache (skipped)

[602] domhandler
    Script: d/domhandler/domhandler.sh
    ✓ Already in cache (skipped)

[603] DOMPurify
    Script: d/dompurify/dompurify.sh
    ✗ Error: Package not found on npm: DOMPurify

[604] domutils
    Script: d/domutils/domutils.sh
    ✓ Already in cache (skipped)

[605] dont-sniff-mimetype
    Script: d/dont-sniff-mimetype/dont-sniff-mimetype.sh
    ✓ Already in cache (skipped)

[606] dot-case
    Script: d/dot-case/dot-case.sh
    ✓ Already in cache (skipped)

[607] dot-prop
    Script: d/dot-prop/dot-prop.sh
    ✓ Already in cache (skipped)

[608] dot-prop
    Script: d/dot-prop/dot-prop_rhel_8.3.sh
    ✓ Already in cache (skipped)

[609] dotignore
    Script: d/dotignore/dotignore.sh
    ✓ Already in cache (skipped)

[610] dotsplit.js
    Script: d/dotsplit.js/dotsplit.js.sh
    ✓ Already in cache (skipped)

[611] downshift
    Script: d/downshift/downshift.sh
    ✓ Already in cache (skipped)

[612] downshift
    Script: d/downshift/downshift_rhel_8.5.sh
    ✓ Already in cache (skipped)

[613] downshift
    Script: d/downshift/downshift_ubuntu_18.04.sh
    ✓ Already in cache (skipped)

[614] drange
    Script: d/drange/drange.sh
    ✓ Already in cache (skipped)

[615] drawille-blessed-contrib
    Script: d/drawille-blessed-contrib/drawille-blessed-contrib.sh
    ✓ Already in cache (skipped)

[616] dropzone
    Script: d/dropzone/dropzone.sh
    ✓ Already in cache (skipped)

[617] dset
    Script: d/dset/dset.sh
    ✓ Already in cache (skipped)

[618] duplex
    Script: d/duplex/duplex.sh
    ✓ Already in cache (skipped)

[619] duplexer
    Script: d/duplexer/duplexer.sh
    ✓ Already in cache (skipped)

[620] duplexer2
    Script: d/duplexer2/duplexer2.sh
    ✓ Already in cache (skipped)

[621] duplexer3
    Script: d/duplexer3/duplexer3.sh
    ✓ Already in cache (skipped)

[622] duplexify
    Script: d/duplexify/duplexify.sh
    ✓ Already in cache (skipped)

[623] duration
    Script: d/duration/duration.sh
    ✓ Already in cache (skipped)

[624] dustjs
    Script: d/dustjs/dustjs.sh
    ✗ Error: Package not found on npm: dustjs

[625] dustjs
    Script: d/dustjs/dustjs_ubi_8.3.sh
    ✗ Error: Package not found on npm: dustjs

[626] dustjs-helpers
    Script: d/dustjs-helpers/dustjs-helpers.sh
    ✓ Already in cache (skipped)

[627] dygraphs
    Script: d/dygraphs/dygraphs_2.1.0_master.sh
    ✓ Already in cache (skipped)

[628] EVP_BytesToKey
    Script: e/EVP_BytesToKey/EVP_BytesToKey.sh
    ✗ Error: Package not found on npm: EVP_BytesToKey

[629] eachr
    Script: e/eachr/eachr.sh
    ✓ Already in cache (skipped)

[630] ecdsa-sig-formatter
    Script: e/ecdsa-sig-formatter/ecdsa-sig-formatter.sh
    ✓ Already in cache (skipped)

[631] che-theia
    Script: e/eclipse-che/che-theia_7.13.1_rhel_7.6.sh
    ✗ Error: Package not found on npm: che-theia

[632] chectl
    Script: e/eclipse-che/chectl_rhel_7.6.sh
    ✗ Error: Package not found on npm: chectl

[633] editor
    Script: e/editor/editor.sh
    ✓ Already in cache (skipped)

[634] ee-first
    Script: e/ee-first/ee-first.sh
    ✓ Already in cache (skipped)

[635] ejs
    Script: e/ejs/ejs_v3.1.10.sh
    ✓ Already in cache (skipped)

[636] bin
    Script: e/elasticsearch/docker-entrypoint.sh
    ✓ Already in cache (skipped)

[637] electron-is-dev
    Script: e/electron-is-dev/electron-is-dev.sh
    ✓ Already in cache (skipped)

[638] electron-to-chromium
    Script: e/electron-to-chromium/electron-to-chromium.sh
    ✓ Already in cache (skipped)

[639] elliptic
    Script: e/elliptic/elliptic.sh
    ✓ Already in cache (skipped)

[640] emitter-listener
    Script: e/emitter-listener/emitter-listener.sh
    ✓ Already in cache (skipped)

[641] emoji-regex
    Script: e/emoji-regex/emoji-regex.sh
    ✓ Already in cache (skipped)

[642] emojis-list
    Script: e/emojis-list/emojis-list.sh
    ✓ Already in cache (skipped)

[643] empty
    Script: e/empty/empty.sh
    ✓ Already in cache (skipped)

[644] enabled
    Script: e/enabled/enabled.sh
    ✓ Already in cache (skipped)

[645] encode-3986
    Script: e/encode-3986/encode-3986.sh
    ✓ Already in cache (skipped)

[646] encodeurl
    Script: e/encodeurl/encodeurl.sh
    ✓ Already in cache (skipped)

[647] encoding
    Script: e/encoding/encoding.sh
    ✓ Already in cache (skipped)

[648] encoding
    Script: e/encoding/encoding_ubuntu_18.04.sh
    ✓ Already in cache (skipped)

[649] end-of-stream
    Script: e/end-of-stream/end-of-stream.sh
    ✓ Already in cache (skipped)

[650] ender-js
    Script: e/ender-js/ender-js.sh
    ✓ Already in cache (skipped)

[651] PACKAGE_NAME
    Script: e/engine.io-parser/engine.io-parser.sh
    ✗ Error: Package not found on npm: PACKAGE_NAME

[652] engine.io-parser
    Script: e/engine.io-parser/engine.io-parser_rhel_7.6.sh
    ✓ Already in cache (skipped)

[653] enhanced-resolve
    Script: e/enhanced-resolve/enhanced-resolve.sh
    ✓ Already in cache (skipped)

[654] enquirer
    Script: e/enquirer/enquirer.sh
    ✓ Already in cache (skipped)

[655] ent
    Script: e/ent/ent.sh
    ✓ Already in cache (skipped)

[656] entities
    Script: e/entities/entities.sh
    ✓ Already in cache (skipped)

[657] entities
    Script: e/entities/entities_rhel_8.3.sh
    ✓ Already in cache (skipped)

[658] env-paths
    Script: e/env-paths/env-paths.sh
    ✓ Already in cache (skipped)

[659] env-variable
    Script: e/env-variable/env-variable.sh
    ✓ Already in cache (skipped)

[660] envify
    Script: e/envify/envify.sh
    ✓ Already in cache (skipped)

[661] enzyme
    Script: e/enzyme/enzyme.sh
    ✓ Already in cache (skipped)

[662] enzyme
    Script: e/enzyme/enzyme_ubuntu_16.04.sh
    ✓ Already in cache (skipped)

[663] err-code
    Script: e/err-code/err-code.sh
    ✓ Already in cache (skipped)

[664] errno
    Script: e/errno/errno.sh
    ✓ Already in cache (skipped)

[665] error-ex
    Script: e/error-ex/error-ex.sh
    ✓ Already in cache (skipped)

[666] error-symbol
    Script: e/error-symbol/error-symbol.sh
    ✓ Already in cache (skipped)

[667] errorhandler
    Script: e/errorhandler/errorhandler.sh
    ✓ Already in cache (skipped)

[668] es-abstract
    Script: e/es-abstract/es-abstract.sh
    ✓ Already in cache (skipped)

[669] es-abstract
    Script: e/es-abstract/es-abstract_rhel_8.3.sh
    ✓ Already in cache (skipped)

[670] es-abstract
    Script: e/es-abstract/es-abstract_ubi_8.5.sh
    ✓ Already in cache (skipped)

[671] es-get-iterator
    Script: e/es-get-iterator/es-get-iterator.sh
    ✓ Already in cache (skipped)

[672] es-to-primitive
    Script: e/es-to-primitive/es-to-primitive.sh
    ✓ Already in cache (skipped)

[673] es-to-primitive
    Script: e/es-to-primitive/es-to-primitive_ubi_8.5.sh
    ✓ Already in cache (skipped)

[674] es5-ext
    Script: e/es5-ext/es5-ext.sh
    ✓ Already in cache (skipped)

[675] es5-ext
    Script: e/es5-ext/es5-ext_rhel_8.3.sh
    ✓ Already in cache (skipped)

[676] es6-error
    Script: e/es6-error/es6-error.sh
    ✓ Already in cache (skipped)

[677] es6-promise
    Script: e/es6-promise/es6-promise.sh
    ✓ Already in cache (skipped)

[678] es6-promisify
    Script: e/es6-promisify/es6-promisify.sh
    ✓ Already in cache (skipped)

[679] es6-symbol
    Script: e/es6-symbol/es6-symbol.sh
    ✓ Already in cache (skipped)

[680] escalade
    Script: e/escalade/escalade.sh
    ✓ Already in cache (skipped)

[681] escape-html
    Script: e/escape-html/escape-html.sh
    ✓ Already in cache (skipped)

[682] escape-string-regexp
    Script: e/escape-string-regexp/escape-string-regexp.sh
    ✓ Already in cache (skipped)

[683] eslint
    Script: e/eslint/eslint_rhel_7.4.sh
    ✓ Already in cache (skipped)

[684] eslint
    Script: e/eslint/eslint_ubi_8.5.sh
    ✓ Already in cache (skipped)

[685] eslint
    Script: e/eslint/eslint_ubi_9.3.sh
    ✓ Already in cache (skipped)

[686] eslint
    Script: e/eslint/eslint_ubuntu_16.04.sh
    ✓ Already in cache (skipped)

[687] eslint
    Script: e/eslint/eslint_v8.57.0.sh
    ✓ Already in cache (skipped)

[688] eslint-config-standard
    Script: e/eslint-config-standard/eslint-config-standard.sh
    ✓ Already in cache (skipped)

[689] eslint-config-standard-jsx
    Script: e/eslint-config-standard-jsx/eslint-config-standard-jsx.sh
    ✓ Already in cache (skipped)

[690] eslint-import-resolver-node
    Script: e/eslint-import-resolver-node/eslint-import-resolver-node.sh
    ✓ Already in cache (skipped)

[691] eslint-loader
    Script: e/eslint-loader/eslint-loader.sh
    ✓ Already in cache (skipped)

[692] eslint-plugin-es
    Script: e/eslint-plugin-es/eslint-plugin-es.sh
    ✓ Already in cache (skipped)

[693] eslint-plugin-eslint-plugin
    Script: e/eslint-plugin-eslint-plugin/eslint-plugin-eslint-plugin.sh
    ✓ Already in cache (skipped)

[694] eslint-plugin-import
    Script: e/eslint-plugin-import/eslint-plugin-import.sh
    ✓ Already in cache (skipped)

[695] eslint-plugin-jsx-a11y
    Script: e/eslint-plugin-jsx-a11y/eslint-plugin-jsx-a11y.sh
    ✓ Already in cache (skipped)

[696] eslint-plugin-mocha
    Script: e/eslint-plugin-mocha/eslint-plugin-mocha.sh
    ✓ Already in cache (skipped)

[697] eslint-plugin-node
    Script: e/eslint-plugin-node/eslint-plugin-node.sh
    ✓ Already in cache (skipped)

[698] eslint-plugin-prettier
    Script: e/eslint-plugin-prettier/eslint-plugin-prettier.sh
    ✓ Already in cache (skipped)

[699] eslint-plugin-promise
    Script: e/eslint-plugin-promise/eslint-plugin-promise.sh
    ✓ Already in cache (skipped)

[700] eslint-plugin-react
    Script: e/eslint-plugin-react/eslint-plugin-react.sh
    ✓ Already in cache (skipped)

[701] eslint-plugin-react
    Script: e/eslint-plugin-react/eslint-plugin-react_ubuntu_16.04.sh
    ✓ Already in cache (skipped)

[702] eslint-plugin-standard
    Script: e/eslint-plugin-standard/eslint-plugin-standard.sh
    ✓ Already in cache (skipped)

[703] eslint-scope
    Script: e/eslint-scope/eslint-scope.sh
    ✓ Already in cache (skipped)

[704] eslint-scope
    Script: e/eslint-scope/eslint-scope_rhel_8.3.sh
    ✓ Already in cache (skipped)

[705] eslint-utils
    Script: e/eslint-utils/eslint-utils.sh
    ✓ Already in cache (skipped)

[706] eslint-visitor-keys
    Script: e/eslint-visitor-keys/eslint-visitor-keys.sh
    ✓ Already in cache (skipped)

[707] eslintrc
    Script: e/eslintrc/eslintrc.sh
    ✓ Already in cache (skipped)

[708] esprima
    Script: e/esprima/esprima.sh
    ✓ Already in cache (skipped)

[709] esquery
    Script: e/esquery/esquery.sh
    ✓ Already in cache (skipped)

[710] esrecurse
    Script: e/esrecurse/esrecurse.sh
    ✓ Already in cache (skipped)

[711] estraverse
    Script: e/estraverse/estraverse.sh
    ✓ Already in cache (skipped)

[712] esutils
    Script: e/esutils/esutils.sh
    ✓ Already in cache (skipped)

[713] event-emitter
    Script: e/event-emitter/event-emitter.sh
    ✓ Already in cache (skipped)

[714] event-lite
    Script: e/event-lite/event-lite.sh
    ✓ Already in cache (skipped)

[715] event-loop-stats
    Script: e/event-loop-stats/event-loop-stats.sh
    ✓ Already in cache (skipped)

[716] eventemitter2
    Script: e/eventemitter2/eventemitter2.sh
    ✓ Already in cache (skipped)

[717] eventemitter3
    Script: e/eventemitter3/eventemitter3.sh
    ✓ Already in cache (skipped)

[718] events
    Script: e/events/events.sh
    ✓ Already in cache (skipped)

[719] eventsource
    Script: e/eventsource/eventsource.sh
    ✓ Already in cache (skipped)

[720] exec-sh
    Script: e/exec-sh/exec-sh.sh
    ✓ Already in cache (skipped)

[721] exit
    Script: e/exit/node_exit.sh
    ✓ Already in cache (skipped)

[722] expand-brackets
    Script: e/expand-brackets/expand-brackets.sh
    ✓ Already in cache (skipped)

[723] expand-range
    Script: e/expand-range/expand-range.sh
    ✓ Already in cache (skipped)

[724] expand-tilde
    Script: e/expand-tilde/expand-tilde.sh
    ✓ Already in cache (skipped)

[725] expect
    Script: e/expect/expect.sh
    ✓ Already in cache (skipped)

[726] express
    Script: e/express/express.sh
    ✓ Already in cache (skipped)

[727] express
    Script: e/express/express_rhel_7.4.sh
    ✓ Already in cache (skipped)

[728] express
    Script: e/express/express_ubuntu_16.04.sh
    ✓ Already in cache (skipped)

[729] express
    Script: e/express/express_ubuntu_18.04.sh
    ✓ Already in cache (skipped)

[730] express-error-handler
    Script: e/express-error-handler/express-error-handler.sh
    ✓ Already in cache (skipped)

[731] express-history-api-fallback
    Script: e/express-history-api-fallback/express-history-api-fallback.sh
    ✓ Already in cache (skipped)

[732] express-http-context
    Script: e/express-http-context/express-http-context.sh
    ✓ Already in cache (skipped)

[733] express-normalize-query-params-middleware
    Script: e/express-normalize-query-params-middleware/express-normalize-query-params-middleware.sh
    ✓ Already in cache (skipped)

[734] express-static-gzip
    Script: e/express-static-gzip/express-static-gzip.sh
    ✓ Already in cache (skipped)

[735] extend
    Script: e/extend/extend.sh
    ✓ Already in cache (skipped)

[736] extend-shallow
    Script: e/extend-shallow/extend-shallow.sh
    ✓ Already in cache (skipped)

[737] extendr
    Script: e/extendr/extendr.sh
    ✓ Already in cache (skipped)

[738] external-editor
    Script: e/external-editor/external-editor.sh
    ✓ Already in cache (skipped)

[739] extglob
    Script: e/extglob/extglob.sh
    ✓ Already in cache (skipped)

[740] extract-opts
    Script: e/extract-opts/extract-opts.sh
    ✓ Already in cache (skipped)

[741] Font-Awesome
    Script: f/Font-Awesome/Font-Awesome_5.1.0.sh
    ✗ Error: Package not found on npm: Font-Awesome

[742] fancytree
    Script: f/fancytree/fancytree.sh
    ✓ Already in cache (skipped)

[743] fancytree
    Script: f/fancytree/fancytree_ubi_8.5.sh
    ✓ Already in cache (skipped)

[744] fancytree
    Script: f/fancytree/fancytree_v2.38.3.sh
    ✓ Already in cache (skipped)

[745] fancytree
    Script: f/fancytree/fancytree_v2.38.3_debiantrixie.sh
    ✓ Already in cache (skipped)

[746] fast-decode-uri-component
    Script: f/fast-decode-uri-component/fast-decode-uri-component.sh
    ✓ Already in cache (skipped)

[747] fast-deep-equal
    Script: f/fast-deep-equal/fast-deep-equal.sh
    ✓ Already in cache (skipped)

[748] fast-deep-equal
    Script: f/fast-deep-equal/fast-deep-equal_rhel_8.3.sh
    ✓ Already in cache (skipped)

[749] fast-glob
    Script: f/fast-glob/fast-glob.sh
    ✓ Already in cache (skipped)

[750] fast-glob
    Script: f/fast-glob/fast-glob_ubi_8.5.sh
    ✓ Already in cache (skipped)

[751] fast-json-parse
    Script: f/fast-json-parse/fast-json-parse.sh
    ✓ Already in cache (skipped)

[752] JSON-Patch
    Script: f/fast-json-patch/fast-json-patch.sh
    ✗ Error: Package not found on npm: JSON-Patch

[753] fast-json-patch
    Script: f/fast-json-patch/fast-json-patch_rhel_8.3.sh
    ✓ Already in cache (skipped)

[754] fast-json-stable-stringify
    Script: f/fast-json-stable-stringify/fast-json-stable-stringify.sh
    ✓ Already in cache (skipped)

[755] fast-json-stringify
    Script: f/fast-json-stringify/fast-json-stringify.sh
    ✓ Already in cache (skipped)

[756] fast-levenshtein
    Script: f/fast-levenshtein/fast-levenshtein.sh
    ✓ Already in cache (skipped)

[757] fast-memoize
    Script: f/fast-memoize/fast-memoize.sh
    ✓ Already in cache (skipped)

[758] fast-redact
    Script: f/fast-redact/fast-redact.sh
    ✓ Already in cache (skipped)

[759] fast-text-encoding
    Script: f/fast-text-encoding/fast-text-encoding.sh
    ✓ Already in cache (skipped)

[760] fast-url-parser
    Script: f/fast-url-parser/fast-url-parser.sh
    ✓ Already in cache (skipped)

[761] fastfall
    Script: f/fastfall/fastfall.sh
    ✓ Already in cache (skipped)

[762] fastify-cli
    Script: f/fastify-cli/fastify-cli.sh
    ✓ Already in cache (skipped)

[763] fastify-error
    Script: f/fastify-error/fastify-error.sh
    ✓ Already in cache (skipped)

[764] fastify-formbody
    Script: f/fastify-formbody/fastify-formbody.sh
    ✓ Already in cache (skipped)

[765] fastify-openapi-glue
    Script: f/fastify-openapi-glue/fastify-openapi-glue.sh
    ✓ Already in cache (skipped)

[766] fastify-plugin
    Script: f/fastify-plugin/fastify-plugin.sh
    ✓ Already in cache (skipped)

[767] fastify-warning
    Script: f/fastify-warning/fastify-warning.sh
    ✓ Already in cache (skipped)

[768] fastparallel
    Script: f/fastparallel/fastparallel.sh
    ✓ Already in cache (skipped)

[769] fastparse
    Script: f/fastparse/fastparse.sh
    ✓ Already in cache (skipped)

[770] fastq
    Script: f/fastq/fastq.sh
    ✓ Already in cache (skipped)

[771] fastseries
    Script: f/fastseries/fastseries.sh
    ✓ Already in cache (skipped)

[772] fbemitter
    Script: f/fbemitter/fbemitter.sh
    ✓ Already in cache (skipped)

[773] fbjs
    Script: f/fbjs/fbjs.sh
    ✓ Already in cache (skipped)

[774] fbjs
    Script: f/fbjs/fbjs_UBI_8.0.sh
    ✓ Already in cache (skipped)

[775] fbjs
    Script: f/fbjs/fbjs_ubi_8.5.sh
    ✓ Already in cache (skipped)

[776] fbjs
    Script: f/fbjs/fbjs_ubuntu_18.04.sh
    ✓ Already in cache (skipped)

[777] fbjs
    Script: f/fbjs/fbjs_v0.6.1.sh
    ✓ Already in cache (skipped)

[778] fbjs
    Script: f/fbjs/fbjs_v0.6.1_ubuntu_18.04.sh
    ✓ Already in cache (skipped)

[779] fecha
    Script: f/fecha/fecha.sh
    ✓ Already in cache (skipped)

[780] figgy-pudding
    Script: f/figgy-pudding/figgy-pudding.sh
    ✓ Already in cache (skipped)

[781] figures
    Script: f/figures/figures.sh
    ✓ Already in cache (skipped)

[782] file
    Script: f/file/file.sh
    ✓ Already in cache (skipped)

[783] file-entry-cache
    Script: f/file-entry-cache/file-entry-cache.sh
    ✓ Already in cache (skipped)

[784] file-exists
    Script: f/file-exists/file-exists.sh
    ✓ Already in cache (skipped)

[785] file-loader
    Script: f/file-loader/file-loader.sh
    ✓ Already in cache (skipped)

[786] file-match
    Script: f/file-match/file-match.sh
    ✓ Already in cache (skipped)

[787] file-type
    Script: f/file-type/file-type.sh
    ✓ Already in cache (skipped)

[788] file-uri-to-path
    Script: f/file-uri-to-path/file-uri-to-path.sh
    ✓ Already in cache (skipped)

[789] PACKAGE_NAME
    Script: f/filehandler/filehandler.sh
    ✗ Error: Package not found on npm: PACKAGE_NAME

[790] filehandler
    Script: f/filehandler/filehandler_ubi8.sh
    ✓ Already in cache (skipped)

[791] finalhandler
    Script: f/filehandler/finalhandler.sh
    ✓ Already in cache (skipped)

[792] filelist
    Script: f/filelist/filelist.sh
    ✓ Already in cache (skipped)

[793] filename-regex
    Script: f/filename-regex/filename-regex.sh
    ✓ Already in cache (skipped)

[794] filename-regex
    Script: f/filename-regex/filename-regex_rhel_8.5.sh
    ✓ Already in cache (skipped)

[795] filename-regex
    Script: f/filename-regex/filename-regex_ubi_8.5.sh
    ✓ Already in cache (skipped)

[796] filesize
    Script: f/filesize/filesize.sh
    ✓ Already in cache (skipped)

[797] fill-keys
    Script: f/fill-keys/fill-keys.sh
    ✓ Already in cache (skipped)

[798] fill-range
    Script: f/fill-range/fill-range.sh
    ✓ Already in cache (skipped)

[799] finalhandler
    Script: f/finalhandler/finalhandler.sh
    ✓ Already in cache (skipped)

[800] finalhandler
    Script: f/finalhandler/finalhandler_rhel_8.5.sh
    ✓ Already in cache (skipped)

[801] find-cache-dir
    Script: f/find-cache-dir/find-cache-dir.sh
    ✓ Already in cache (skipped)

[802] find-my-way
    Script: f/find-my-way/find-my-way.sh
    ✓ Already in cache (skipped)

[803] find-my-way
    Script: f/find-my-way/find-my-way_rhel_8.3.sh
    ✓ Already in cache (skipped)

[804] find-npm-prefix
    Script: f/find-npm-prefix/find-npm-prefix.sh
    ✓ Already in cache (skipped)

[805] find-parent-dir
    Script: f/find-parent-dir/find-parent-dir.sh
    ✓ Already in cache (skipped)

[806] find-root
    Script: f/find-root/find-root.sh
    ✓ Already in cache (skipped)

[807] findup-sync
    Script: f/findup-sync/findup-sync.sh
    ✓ Already in cache (skipped)

[808] fined
    Script: f/fined/fined.sh
    ✓ Already in cache (skipped)

[809] fixed-data-table
    Script: f/fixed-data-table/fixed-data-table.sh
    ✓ Already in cache (skipped)

[810] FixedHeader
    Script: f/fixedheader/fixedheader.sh
    ✗ Error: Package not found on npm: FixedHeader

[811] FixedHeader
    Script: f/fixedheader/fixedheader_ubi_8_7.sh
    ✗ Error: Package not found on npm: FixedHeader

[812] flag
    Script: f/flag/flag.sh
    ✓ Already in cache (skipped)

[813] flagged-respawn
    Script: f/flagged-respawn/flagged-respawn.sh
    ✓ Already in cache (skipped)

[814] flat
    Script: f/flat/flat.sh
    ✓ Already in cache (skipped)

[815] flat-cache
    Script: f/flat-cache/flat-cache.sh
    ✓ Already in cache (skipped)

[816] flatpickr
    Script: f/flatpickr/flatpickr.sh
    ✓ Already in cache (skipped)

[817] flatpickr
    Script: f/flatpickr/flatpickr_rhel_8.3.sh
    ✓ Already in cache (skipped)

[818] flatpickr
    Script: f/flatpickr/flatpickr_ubi_8.5.sh
    ✓ Already in cache (skipped)

[819] flatpickr
    Script: f/flatpickr/flatpickr_ubuntu_18.04.sh
    ✓ Already in cache (skipped)

[820] flatted
    Script: f/flatted/flatted.sh
    ✓ Already in cache (skipped)

[821] flatted
    Script: f/flatted/flatted_rhel_8.3.sh
    ✓ Already in cache (skipped)

[822] flatten
    Script: f/flatten/flatten.sh
    ✓ Already in cache (skipped)

[823] flexicolorpicker
    Script: f/flexicolorpicker/FlexiColorPicker.sh
    ✗ Error: Package not found on npm: flexicolorpicker

[824] flexicolorpicker
    Script: f/flexicolorpicker/FlexiColorPicker_ubuntu_16.04.sh
    ✗ Error: Package not found on npm: flexicolorpicker

[825] fliplog
    Script: f/fliplog/fliplog.sh
    ✓ Already in cache (skipped)

[826] fluent-logger
    Script: f/fluent-logger/fluent-logger.sh
    ✓ Already in cache (skipped)

[827] flush-write-stream
    Script: f/flush-write-stream/flush-write-stream.sh
    ✓ Already in cache (skipped)

[828] flux
    Script: f/flux/flux.sh
    ✓ Already in cache (skipped)

[829] flux-standard-action
    Script: f/flux-standard-action/flux-standard-action.sh
    ✓ Already in cache (skipped)

[830] fn.name
    Script: f/fn.name/fn.name.sh
    ✓ Already in cache (skipped)

[831] follow-redirects
    Script: f/follow-redirects/follow-redirects.sh
    ✓ Already in cache (skipped)

[832] for-each
    Script: f/for-each/for-each.sh
    ✓ Already in cache (skipped)

[833] for-in
    Script: f/for-in/for-in.sh
    ✓ Already in cache (skipped)

[834] for-own
    Script: f/for-own/for-own.sh
    ✓ Already in cache (skipped)

[835] foreground-child
    Script: f/foreground-child/foreground-child.sh
    ✓ Already in cache (skipped)

[836] form-data
    Script: f/form-data/form-data.sh
    ✓ Already in cache (skipped)

[837] form-data-encoder
    Script: f/form-data-encoder/form-data-encoder.sh
    ✓ Already in cache (skipped)

[838] form-data-encoder
    Script: f/form-data-encoder/form-data-encoder_v2.1.14.sh
    ✓ Already in cache (skipped)

[839] form-data-encoder
    Script: f/form-data-encoder/form-data-encoder_v2.1.14_ubi_9.3.sh
    ✓ Already in cache (skipped)

[840] format-util
    Script: f/format-util/format-util.sh
    ✓ Already in cache (skipped)

[841] formatjs
    Script: f/formatjs/formatjs.sh
    ✓ Already in cache (skipped)

[842] formidable
    Script: f/formidable/formidable.sh
    ✓ Already in cache (skipped)

[843] formula
    Script: f/formula/formula.sh
    ✓ Already in cache (skipped)

[844] forwarded
    Script: f/forwarded/forwarded.sh
    ✓ Already in cache (skipped)

[845] fragment-cache
    Script: f/fragment-cache/fragment-cache.sh
    ✓ Already in cache (skipped)

[846] fresh
    Script: f/fresh/fresh.sh
    ✓ Already in cache (skipped)

[847] from
    Script: f/from/from.sh
    ✓ Already in cache (skipped)

[848] from2
    Script: f/from2/from2.sh
    ✓ Already in cache (skipped)

[849] from2
    Script: f/from2/from2_ubuntu_18.04.sh
    ✓ Already in cache (skipped)

[850] fromentries
    Script: f/fromentries/fromentries.sh
    ✓ Already in cache (skipped)

[851] fs-exists-sync
    Script: f/fs-exists-sync/fs-exists-sync.sh
    ✓ Already in cache (skipped)

[852] fs-minipass
    Script: f/fs-minipass/fs-minipass.sh
    ✓ Already in cache (skipped)

[853] fs-minipass
    Script: f/fs-minipass/fs-minipass_rhel_8.3.sh
    ✓ Already in cache (skipped)

[854] fs-readdir-recursive
    Script: f/fs-readdir-recursive/fs-readdir-recursive.sh
    ✓ Already in cache (skipped)

[855] fs-vacuum
    Script: f/fs-vacuum/fs-vacuum.sh
    ✓ Already in cache (skipped)

[856] fs-write-stream-atomic
    Script: f/fs-write-stream-atomic/fs-write-stream-atomic.sh
    ✓ Already in cache (skipped)

[857] fs.realpath
    Script: f/fs.realpath/fs.realpath.sh
    ✓ Already in cache (skipped)

[858] fs.scandir
    Script: f/fs.scandir/fs.scandir.sh
    ✓ Already in cache (skipped)

[859] fs.stat
    Script: f/fs.stat/fs.stat.sh
    ✗ Invalid package name: Invalid npm package name: fs.stat. Must contain only alphanumeric, -, _, @, /

[860] fs.walk
    Script: f/fs.walk/fs.walk.sh
    ✗ Invalid package name: Invalid npm package name: fs.walk. Must contain only alphanumeric, -, _, @, /

[861] fullcalendar
    Script: f/fullcalendar/fullcalendar_v6.1.17.sh
    ✓ Already in cache (skipped)

[862] function-bind
    Script: f/function-bind/function-bind.sh
    ✓ Already in cache (skipped)

[863] functional-red-black-tree
    Script: f/functional-red-black-tree/functional-red-black-tree.sh
    ✓ Already in cache (skipped)

[864] g11n-pipeline-flatten
    Script: g/g11n-pipeline-flatten/g11n-pipeline-flatten.sh
    ✓ Already in cache (skipped)

[865] gauge
    Script: g/gauge/gauge.sh
    ✓ Already in cache (skipped)

[866] gaxios
    Script: g/gaxios/gaxios.sh
    ✓ Already in cache (skipped)

[867] gaxios
    Script: g/gaxios/gaxios_rhel_8.3.sh
    ✓ Already in cache (skipped)

[868] gcp-metadata
    Script: g/gcp-metadata/gcp-metadata.sh
    ✓ Already in cache (skipped)

[869] gcp-metadata
    Script: g/gcp-metadata/gcp-metadata_rhel_8.3.sh
    ✓ Already in cache (skipped)

[870] gcp-metadata
    Script: g/gcp-metadata/gcp-metadata_ubi_8.7.sh
    ✓ Already in cache (skipped)

[871] jquery.easing
    Script: g/gdsmith_jquery.easing/gdsmith_jquery.easing.sh
    ✓ Already in cache (skipped)

[872] gen-mapping
    Script: g/gen-mapping/gen-mapping.sh
    ✓ Already in cache (skipped)

[873] generic-pool
    Script: g/generic-pool/generic-pool.sh
    ✓ Already in cache (skipped)

[874] generify
    Script: g/generify/generify.sh
    ✓ Already in cache (skipped)

[875] genfun
    Script: g/genfun/genfun.sh
    ✓ Already in cache (skipped)

[876] gensync
    Script: g/gensync/gensync.sh
    ✓ Already in cache (skipped)

[877] gentle-fs
    Script: g/gentle-fs/gentle-fs.sh
    ✓ Already in cache (skipped)

[878] gerrit
    Script: g/gerrit/gerrit.sh
    ✓ Already in cache (skipped)

[879] gerrit
    Script: g/gerrit/gerrit_ubuntu_16.04.sh
    ✓ Already in cache (skipped)

[880] get-caller-file
    Script: g/get-caller-file/get-caller-file.sh
    ✓ Already in cache (skipped)

[881] get-css-data
    Script: g/get-css-data/get-css-data.sh
    ✓ Already in cache (skipped)

[882] get-intrinsic
    Script: g/get-intrinsic/get-intrinsic.sh
    ✓ Already in cache (skipped)

[883] get-object
    Script: g/get-object/get-object.sh
    ✓ Already in cache (skipped)

[884] get-own-enumerable-property-symbols
    Script: g/get-own-enumerable-property-symbols/get-own-enumerable-property-symbols.sh
    ✓ Already in cache (skipped)

[885] get-package-type
    Script: g/get-package-type/get-package-type.sh
    ✓ Already in cache (skipped)

[886] get-stdin
    Script: g/get-stdin/get-stdin.sh
    ✓ Already in cache (skipped)

[887] get-stream
    Script: g/get-stream/get-stream.sh
    ✓ Already in cache (skipped)

[888] get-stream
    Script: g/get-stream/get-stream_rhel_8.3.sh
    ✓ Already in cache (skipped)

[889] get-value
    Script: g/get-value/get-value.sh
    ✓ Already in cache (skipped)

[890] node-getobject
    Script: g/getobject/getobject.sh
    ✗ Error: Package not found on npm: node-getobject

[891] getopts
    Script: g/getopts/getopts.sh
    ✓ Already in cache (skipped)

[892] gh-got
    Script: g/gh-got/gh-got.sh
    ✓ Already in cache (skipped)

[893] git-log-parser
    Script: g/git-log-parser/git-log-parser.sh
    ✓ Already in cache (skipped)

[894] github-username
    Script: g/github-username/github-username.sh
    ✓ Already in cache (skipped)

[895] glob
    Script: g/glob/glob.sh
    ✓ Already in cache (skipped)

[896] glob
    Script: g/glob/glob_rhel_8.3.sh
    ✓ Already in cache (skipped)

[897] glob
    Script: g/glob/glob_ubi_8.3.sh
    ✓ Already in cache (skipped)

[898] glob-base
    Script: g/glob-base/glob-base.sh
    ✓ Already in cache (skipped)

[899] glob-parent
    Script: g/glob-parent/glob-parent.sh
    ✓ Already in cache (skipped)

[900] glob-to-regexp
    Script: g/glob-to-regexp/glob-to-regexp.sh
    ✓ Already in cache (skipped)

[901] global-modules
    Script: g/global-modules/global-modules.sh
    ✓ Already in cache (skipped)

[902] global-prefix
    Script: g/global-prefix/global-prefix.sh
    ✓ Already in cache (skipped)

[903] globals
    Script: g/globals/globals.sh
    ✓ Already in cache (skipped)

[904] globals
    Script: g/globals/globals_rhel_8.3.sh
    ✓ Already in cache (skipped)

[905] google-auth-library
    Script: g/google-auth-library/google-auth-library.sh
    ✓ Already in cache (skipped)

[906] google-auth-library-nodejs
    Script: g/google-auth-library-nodejs/google-auth-library-nodejs.sh
    ✓ Already in cache (skipped)

[907] google-libphonenumber
    Script: g/google-libphonenumber/google-libphonenumber.sh
    ✓ Already in cache (skipped)

[908] google-p12-pem
    Script: g/google-p12-pem/google-p12-pem.sh
    ✓ Already in cache (skipped)

[909] gopd
    Script: g/gopd/gopd.sh
    ✓ Already in cache (skipped)

[910] grafana
    Script: g/grafana/grafana_rhel_7.3.sh
    ✓ Already in cache (skipped)

[911] grafana
    Script: g/grafana/grafana_ubi8.4.sh
    ✓ Already in cache (skipped)

[912] grafana
    Script: g/grafana/grafana_ubuntu_16.04.sh
    ✓ Already in cache (skipped)

[913] grapheme-splitter
    Script: g/grapheme-splitter/grapheme-splitter.sh
    ✓ Already in cache (skipped)

[914] graphiql
    Script: g/graphiql/graphiql.sh
    ✓ Already in cache (skipped)

[915] graphql-import
    Script: g/graphql-import/graphql-import.sh
    ✓ Already in cache (skipped)

[916] graphiql
    Script: g/graphql-language-service/graphql-language-service.sh
    ✓ Already in cache (skipped)

[917] gremlin-console-js
    Script: g/gremlin-console-js/gremlin-console-js.sh
    ✗ Error: Package not found on npm: gremlin-console-js

[918] griddle
    Script: g/griddle/griddle.sh
    ✓ Already in cache (skipped)

[919] griddle
    Script: g/griddle/griddle_ubuntu_16.04.sh
    ✓ Already in cache (skipped)

[920] grouped-queue
    Script: g/grouped-queue/grouped-queue.sh
    ✓ Already in cache (skipped)

[921] growl
    Script: g/growl/growl.sh
    ✓ Already in cache (skipped)

[922] grunt
    Script: g/grunt/grunt.sh
    ✓ Already in cache (skipped)

[923] grunt-cli
    Script: g/grunt-cli/grunt-cli.sh
    ✓ Already in cache (skipped)

[924] grunt-exec
    Script: g/grunt-exec/grunt-exec.sh
    ✓ Already in cache (skipped)

[925] grunt-legacy-log-utils
    Script: g/grunt-legacy-log/grunt-legacy-log-utils.sh
    ✓ Already in cache (skipped)

[926] grunt-legacy-log
    Script: g/grunt-legacy-log/grunt-legacy-log.sh
    ✓ Already in cache (skipped)

[927] grunt-legacy-log
    Script: g/grunt-legacy-log/grunt-legacy-log_rhel_8.3.sh
    ✓ Already in cache (skipped)

[928] grunt-legacy-util
    Script: g/grunt-legacy-util/grunt-legacy-util.sh
    ✓ Already in cache (skipped)

[929] grunt-legacy-util
    Script: g/grunt-legacy-util/grunt-legacy-util_rhel_8.3.sh
    ✓ Already in cache (skipped)

[930] grunt-spritesmith
    Script: g/grunt-spritesmith/grunt_spritesmith.sh
    ✓ Already in cache (skipped)

[931] gtoken
    Script: g/gtoken/gtoken.sh
    ✓ Already in cache (skipped)

[932] gulp
    Script: g/gulp/gulp.sh
    ✓ Already in cache (skipped)

[933] gulp
    Script: g/gulp/gulp_ubi_8.7.sh
    ✓ Already in cache (skipped)

[934] gulp-header
    Script: g/gulp-header/gulp-header.sh
    ✓ Already in cache (skipped)

[935] gzip-size
    Script: g/gzip-size/gzip-size.sh
    ✓ Already in cache (skipped)

[936] h2o2
    Script: h/h2o2/h2o2.sh
    ✓ Already in cache (skipped)

[937] handle-thing
    Script: h/handle-thing/handle-thing.sh
    ✓ Already in cache (skipped)

[938] handlebars
    Script: h/handlebars/handlebars.sh
    ✓ Already in cache (skipped)

[939] handlebars-helpers
    Script: h/handlebars-helpers/handlebars-helpers.sh
    ✓ Already in cache (skipped)

[940] handlebars-layouts
    Script: h/handlebars-layouts/handlebars_layout.sh
    ✓ Already in cache (skipped)

[941] @hapi/validate
    Script: h/hapi__validate/hapi__validate.sh
    ✓ Already in cache (skipped)

[942] har-schema
    Script: h/har-schema/har-schema.sh
    ✓ Already in cache (skipped)

[943] har-validator
    Script: h/har-validator/har-validator.sh
    ✓ Already in cache (skipped)

[944] hard-source-webpack-plugin
    Script: h/hard-source-webpack-plugin/hard-source-webpack-plugin.sh
    ✓ Already in cache (skipped)

[945] has
    Script: h/has/has.sh
    ✓ Already in cache (skipped)

[946] has-ansi
    Script: h/has-ansi/has-ansi.sh
    ✓ Already in cache (skipped)

[947] has-bigints
    Script: h/has-bigints/has-bigints.sh
    ✓ Already in cache (skipped)

[948] has-flag
    Script: h/has-flag/has-flag.sh
    ✓ Already in cache (skipped)

[949] has-symbol-support-x
    Script: h/has-symbol-support-x/has-symbol-support-x.sh
    ✓ Already in cache (skipped)

[950] has-symbols
    Script: h/has-symbols/has-symbols.sh
    ✓ Already in cache (skipped)

[951] has-symbols
    Script: h/has-symbols/has-symbols_ubi_8.5.sh
    ✓ Already in cache (skipped)

[952] has-to-string-tag-x
    Script: h/has-to-string-tag-x/has-to-string-tag-x.sh
    ✓ Already in cache (skipped)

[953] has-unicode
    Script: h/has-unicode/has-unicode.sh
    ✓ Already in cache (skipped)

[954] has-value
    Script: h/has-value/has-value.sh
    ✓ Already in cache (skipped)

[955] has-values
    Script: h/has-values/has-values.sh
    ✓ Already in cache (skipped)

[956] hash-base
    Script: h/hash-base/hash-base.sh
    ✓ Already in cache (skipped)

[957] hash.js
    Script: h/hash.js/hash.js.sh
    ✓ Already in cache (skipped)

[958] hasha
    Script: h/hasha/hasha.sh
    ✓ Already in cache (skipped)

[959] he
    Script: h/he/he.sh
    ✓ Already in cache (skipped)

[960] header-case
    Script: h/header-case/header-case.sh
    ✓ Already in cache (skipped)

[961] heapdump
    Script: h/heapdump/heapdump.sh
    ✓ Already in cache (skipped)

[962] heavy
    Script: h/heavy/heavy.sh
    ✓ Already in cache (skipped)

[963] helmet-crossdomain
    Script: h/helmet-crossdomain/helmet-crossdomain.sh
    ✓ Already in cache (skipped)

[964] helper-date
    Script: h/helper-date/helper-date.sh
    ✓ Already in cache (skipped)

[965] helper-markdown
    Script: h/helper-markdown/helper-markdown.sh
    ✓ Already in cache (skipped)

[966] helper-md
    Script: h/helper-md/helper-md.sh
    ✓ Already in cache (skipped)

[967] here
    Script: h/here/here.sh
    ✓ Already in cache (skipped)

[968] hexoid
    Script: h/hexoid/hexoid.sh
    ✓ Already in cache (skipped)

[969] hey-listen
    Script: h/hey-listen/hey-listen.sh
    ✓ Already in cache (skipped)

[970] hide-powered-by
    Script: h/hide-powered-by/hide-powered-by.sh
    ✓ Already in cache (skipped)

[971] highlight-js
    Script: h/highlight-js/highlight_js.sh
    ✗ Error: Package not found on npm: highlight-js

[972] highlight.js
    Script: h/highlight.js/highlight.js.sh
    ✓ Already in cache (skipped)

[973] highlight.js
    Script: h/highlight.js/highlight.js_9.12.0_9.13.1.sh
    ✓ Already in cache (skipped)

[974] highlight.js
    Script: h/highlight.js/highlight.js_9.12.0_9.13.1_ubi_8.4.sh
    ✓ Already in cache (skipped)

[975] hmac-drbg
    Script: h/hmac-drbg/hmac-drbg.sh
    ✓ Already in cache (skipped)

[976] hoek
    Script: h/hoek/hoek.sh
    ✓ Already in cache (skipped)

[977] hoek
    Script: h/hoek/hoek_rhel_8.3.sh
    ✓ Already in cache (skipped)

[978] hoek
    Script: h/hoek/hoek_ubi_8.5.sh
    ✓ Already in cache (skipped)

[979] hoek
    Script: h/hoek/hoek_ubuntu_18.04.sh
    ✓ Already in cache (skipped)

[980] hoist-non-react-statics
    Script: h/hoist-non-react-statics/hoist_non_react_statics.sh
    ✓ Already in cache (skipped)

[981] homedir-polyfill
    Script: h/homedir-polyfill/homedir-polyfill.sh
    ✓ Already in cache (skipped)

[982] hosted-git-info
    Script: h/hosted-git-info/hosted-git-info.sh
    ✓ Already in cache (skipped)

[983] hosted-git-info
    Script: h/hosted-git-info/hosted-git-info_rhel_8.3.sh
    ✓ Already in cache (skipped)

[984] jquery-hoverIntent
    Script: h/hoverIntent/hoverIntent.sh
    ✗ Error: Package not found on npm: jquery-hoverIntent

[985] hpack.js
    Script: h/hpack.js/hpack.js.sh
    ✓ Already in cache (skipped)

[986] hpkp
    Script: h/hpkp/hpkp.sh
    ✓ Already in cache (skipped)

[987] hsl-regex
    Script: h/hsl-regex/hsl-regex.sh
    ✓ Already in cache (skipped)

[988] hsts
    Script: h/hsts/hsts.sh
    ✓ Already in cache (skipped)

[989] html-encoding-sniffer
    Script: h/html-encoding-sniffer/html-encoding-sniffer.sh
    ✓ Already in cache (skipped)

[990] html-entities
    Script: h/html-entities/html-entities.sh
    ✓ Already in cache (skipped)

[991] html-loader
    Script: h/html-loader/html-loader.sh
    ✓ Already in cache (skipped)

[992] html-minifier
    Script: h/html-minifier/html-minifier.sh
    ✓ Already in cache (skipped)

[993] html-parse-stringify
    Script: h/html-parse-stringify/html-parse-stringify.sh
    ✓ Already in cache (skipped)

[994] html-react-parser
    Script: h/html-react-parser/html-react-parser.sh
    ✓ Already in cache (skipped)

[995] html-tag
    Script: h/html-tag/html-tag.sh
    ✓ Already in cache (skipped)

[996] html-to-react
    Script: h/html-to-react/html-to-react.sh
    ✓ Already in cache (skipped)

[997] html5shiv
    Script: h/html5shiv/html5shiv.sh
    ✓ Already in cache (skipped)

[998] http-assert
    Script: h/http-assert/http-assert.sh
    ✓ Already in cache (skipped)

[999] http-cache-semantics
    Script: h/http-cache-semantics/http-cache-semantics.sh
    ✓ Already in cache (skipped)

[1000] http-deceiver
    Script: h/http-deceiver/http-deceiver.sh
    ✓ Already in cache (skipped)

[1001] http-errors
    Script: h/http-errors/http-errors.sh
    ✓ Already in cache (skipped)

[1002] http-https
    Script: h/http-https/http-https.sh
    ✓ Already in cache (skipped)

[1003] http-parser-js
    Script: h/http-parser-js/http-parser-js.sh
    ✓ Already in cache (skipped)

[1004] http-proxy-middleware
    Script: h/http-proxy-middleware/http-proxy-middleware.sh
    ✓ Already in cache (skipped)

[1005] http-status
    Script: h/http-status/http-status.sh
    ✓ Already in cache (skipped)

[1006] http-timer
    Script: h/http-timer/http-timer.sh
    ✗ Error: Package not found on npm: http-timer

[1007] http2-client
    Script: h/http2-client/http2-client.sh
    ✓ Already in cache (skipped)

[1008] http2-wrapper
    Script: h/http2-wrapper/http2-wrapper.sh
    ✓ Already in cache (skipped)

[1009] httplib2
    Script: h/httplib2/httplib2.sh
    ✓ Already in cache (skipped)

[1010] https-browserify
    Script: h/https-browserify/https-browserify.sh
    ✓ Already in cache (skipped)

[1011] httpsnippet
    Script: h/httpsnippet/httpsnippet.sh
    ✓ Already in cache (skipped)

[1012] httpsnippet
    Script: h/httpsnippet/httpsnippet_rhel_8.3.sh
    ✓ Already in cache (skipped)

[1013] hue
    Script: h/hue/hue.sh
    ✓ Already in cache (skipped)

[1014] human-signals
    Script: h/human-signals/human-signals.sh
    ✓ Already in cache (skipped)

[1015] humanize-ms
    Script: h/humanize-ms/humanize-ms.sh
    ✓ Already in cache (skipped)

[1016] hyperid
    Script: h/hyperid/hyperid.sh
    ✓ Already in cache (skipped)

[1017] hyphenate-style-name
    Script: h/hyphenate-style-name/hyphenate-style-name.sh
    ✓ Already in cache (skipped)

[1018] i18next
    Script: i/i18next/i18next.sh
    ✓ Already in cache (skipped)

[1019] i18next-browser-languagedetector
    Script: i/i18next-browser-languagedetector/i18next-browser-languagedetector.sh
    ✓ Already in cache (skipped)

[1020] i18next-fs-backend
    Script: i/i18next-fs-backend/i18next-fs-backend.sh
    ✓ Already in cache (skipped)

[1021] i18next-http-backend
    Script: i/i18next-http-backend/i18next-http-backend.sh
    ✓ Already in cache (skipped)

[1022] i18next-xhr-backend
    Script: i/i18next-xhr-backend/i18next-xhr-backend.sh
    ✓ Already in cache (skipped)

[1023] iconv-lite
    Script: i/iconv-lite/iconv-lite.sh
    ✓ Already in cache (skipped)

[1024] iconv-lite
    Script: i/iconv-lite/iconv-lite_rhel_8.3.sh
    ✓ Already in cache (skipped)

[1025] icss-utils
    Script: i/icss-utils/icss-utils.sh
    ✓ Already in cache (skipped)

[1026] ieee754
    Script: i/ieee754/ieee754.sh
    ✓ Already in cache (skipped)

[1027] ignore
    Script: i/ignore/ignore.sh
    ✓ Already in cache (skipped)

[1028] ignore-walk
    Script: i/ignore-walk/ignore-walk.sh
    ✓ Already in cache (skipped)

[1029] image-size
    Script: i/image-size/image-size.sh
    ✓ Already in cache (skipped)

[1030] immediate
    Script: i/immediate/immediate.sh
    ✓ Already in cache (skipped)

[1031] immer
    Script: i/immer/immer.sh
    ✓ Already in cache (skipped)

[1032] immutable-js
    Script: i/immutable-js/immutable-js.sh
    ✓ Already in cache (skipped)

[1033] import-fresh
    Script: i/import-fresh/import-fresh.sh
    ✓ Already in cache (skipped)

[1034] import-local
    Script: i/import-local/import-local.sh
    ✓ Already in cache (skipped)

[1035] indent-string
    Script: i/indent-string/indent-string.sh
    ✓ Already in cache (skipped)

[1036] index-of
    Script: i/index-of/index-of.sh
    ✓ Already in cache (skipped)

[1037] inert
    Script: i/inert/inert.sh
    ✓ Already in cache (skipped)

[1038] inert
    Script: i/inert/inert_ubi_8.5.sh
    ✓ Already in cache (skipped)

[1039] infer-owner
    Script: i/infer-owner/infer-owner.sh
    ✓ Already in cache (skipped)

[1040] inflight
    Script: i/inflight/inflight.sh
    ✓ Already in cache (skipped)

[1041] info-symbol
    Script: i/info-symbol/info-symbol.sh
    ✓ Already in cache (skipped)

[1042] inherits
    Script: i/inherits/inherits.sh
    ✓ Already in cache (skipped)

[1043] ini
    Script: i/ini/ini.sh
    ✓ Already in cache (skipped)

[1044] inline-style-parser
    Script: i/inline-style-parser/inline-style-parser.sh
    ✓ Already in cache (skipped)

[1045] inquirer
    Script: i/inquirer/inquirer.sh
    ✓ Already in cache (skipped)

[1046] insert-line
    Script: i/insert-line/insert-line.sh
    ✓ Already in cache (skipped)

[1047] internal-slot
    Script: i/internal-slot/internal-slot.sh
    ✓ Already in cache (skipped)

[1048] interpret
    Script: i/interpret/interpret.sh
    ✓ Already in cache (skipped)

[1049] interpret
    Script: i/interpret/interpret_rhel_8.3.sh
    ✓ Already in cache (skipped)

[1050] Intl.js
    Script: i/intl.js/intl.js.sh
    ✗ Invalid package name: Invalid npm package name: Intl.js. Must contain only alphanumeric, -, _, @, /

[1051] invariant
    Script: i/invariant/invariant.sh
    ✓ Already in cache (skipped)

[1052] invariant
    Script: i/invariant/invariant_ubuntu_18.04.sh
    ✓ Already in cache (skipped)

[1053] invariant
    Script: i/invariant-node/invariant-node.sh
    ✓ Already in cache (skipped)

[1054] invert-kv
    Script: i/invert-kv/invert-kv.sh
    ✓ Already in cache (skipped)

[1055] ipaddr.js
    Script: i/ipaddr.js/ipaddr.js.sh
    ✓ Already in cache (skipped)

[1056] iron
    Script: i/iron/iron.sh
    ✓ Already in cache (skipped)

[1057] is
    Script: i/is/is.sh
    ✓ Already in cache (skipped)

[1058] is-absolute
    Script: i/is-absolute/is-absolute.sh
    ✓ Already in cache (skipped)

[1059] is-absolute-url
    Script: i/is-absolute-url/is-absolute-url.sh
    ✓ Already in cache (skipped)

[1060] is-accessor-descriptor
    Script: i/is-accessor-descriptor/is-accessor-descriptor.sh
    ✓ Already in cache (skipped)

[1061] is-alphabetical
    Script: i/is-alphabetical/is-alphabetical.sh
    ✓ Already in cache (skipped)

[1062] is-alphanumerical
    Script: i/is-alphanumerical/is-alphanumerical.sh
    ✓ Already in cache (skipped)

[1063] is-arguments
    Script: i/is-arguments/is-arguments.sh
    ✓ Already in cache (skipped)

[1064] is-arrayish
    Script: i/is-arrayish/is-arrayish.sh
    ✓ Already in cache (skipped)

[1065] is-bigint
    Script: i/is-bigint/is-bigint.sh
    ✓ Already in cache (skipped)

[1066] is-binary-path
    Script: i/is-binary-path/is-binary-path.sh
    ✓ Already in cache (skipped)

[1067] is-boolean-object
    Script: i/is-boolean-object/is-boolean-object.sh
    ✓ Already in cache (skipped)

[1068] is-buffer
    Script: i/is-buffer/is-buffer.sh
    ✓ Already in cache (skipped)

[1069] is-ci
    Script: i/is-ci/is-ci.sh
    ✓ Already in cache (skipped)

[1070] is-cidr
    Script: i/is-cidr/is-cidr.sh
    ✓ Already in cache (skipped)

[1071] is-color-stop
    Script: i/is-color-stop/is-color-stop.sh
    ✓ Already in cache (skipped)

[1072] is-data-descriptor
    Script: i/is-data-descriptor/is-data-descriptor.sh
    ✓ Already in cache (skipped)

[1073] is-decimal
    Script: i/is-decimal/is-decimal.sh
    ✓ Already in cache (skipped)

[1074] is-descriptor
    Script: i/is-descriptor/is-descriptor.sh
    ✓ Already in cache (skipped)

[1075] is-dotfile
    Script: i/is-dotfile/is-dotfile.sh
    ✓ Already in cache (skipped)

[1076] is-equal-shallow
    Script: i/is-equal-shallow/is-equal-shallow.sh
    ✓ Already in cache (skipped)

[1077] is-even
    Script: i/is-even/is-even.sh
    ✓ Already in cache (skipped)

[1078] is-extendable
    Script: i/is-extendable/is-extendable.sh
    ✓ Already in cache (skipped)

[1079] is-extglob
    Script: i/is-extglob/is-extglob.sh
    ✓ Already in cache (skipped)

[1080] is-finite
    Script: i/is-finite/is-finite.sh
    ✓ Already in cache (skipped)

[1081] is-fullwidth-code-point
    Script: i/is-fullwidth-code-point/is-fullwidth-code-point.sh
    ✓ Already in cache (skipped)

[1082] is-fullwidth-code-point
    Script: i/is-fullwidth-code-point/is-fullwidth-code-point_rhel_8.3.sh
    ✓ Already in cache (skipped)

[1083] is-generator
    Script: i/is-generator/is-generator.sh
    ✓ Already in cache (skipped)

[1084] is-generator-fn
    Script: i/is-generator-fn/is-generator-fn.sh
    ✓ Already in cache (skipped)

[1085] is-generator-function
    Script: i/is-generator-function/is-generator-function.sh
    ✓ Already in cache (skipped)

[1086] is-glob
    Script: i/is-glob/is-glob.sh
    ✓ Already in cache (skipped)

[1087] is-hexadecimal
    Script: i/is-hexadecimal/is-hexadecimal.sh
    ✓ Already in cache (skipped)

[1088] is-in-browser
    Script: i/is-in-browser/is-in-browser.sh
    ✓ Already in cache (skipped)

[1089] is-installed-globally
    Script: i/is-installed-globally/is-installed-globally.sh
    ✓ Already in cache (skipped)

[1090] is-integer
    Script: i/is-integer/is-integer.sh
    ✓ Already in cache (skipped)

[1091] is-map
    Script: i/is-map/is-map.sh
    ✓ Already in cache (skipped)

[1092] is-natural-number
    Script: i/is-natural-number/is-natural-number.sh
    ✓ Already in cache (skipped)

[1093] is-negative-zero
    Script: i/is-negative-zero/is-negative-zero.sh
    ✓ Already in cache (skipped)

[1094] is-npm
    Script: i/is-npm/is-npm.sh
    ✓ Already in cache (skipped)

[1095] is-number
    Script: i/is-number/is-number.sh
    ✓ Already in cache (skipped)

[1096] is-obj
    Script: i/is-obj/is-obj.sh
    ✓ Already in cache (skipped)

[1097] is-object
    Script: i/is-object/is-object.sh
    ✓ Already in cache (skipped)

[1098] is-odd
    Script: i/is-odd/is-odd.sh
    ✓ Already in cache (skipped)

[1099] is-path-cwd
    Script: i/is-path-cwd/is-path-cwd.sh
    ✓ Already in cache (skipped)

[1100] is-path-in-cwd
    Script: i/is-path-in-cwd/is-path-in-cwd.sh
    ✓ Already in cache (skipped)

[1101] is-path-inside
    Script: i/is-path-inside/is-path-inside.sh
    ✓ Already in cache (skipped)

[1102] is-plain-obj
    Script: i/is-plain-obj/is-plain-obj.sh
    ✓ Already in cache (skipped)

[1103] is-plain-object
    Script: i/is-plain-object/is-plain-object.sh
    ✓ Already in cache (skipped)

[1104] is-posix-bracket
    Script: i/is-posix-bracket/is-posix-bracket.sh
    ✓ Already in cache (skipped)

[1105] is-primitive
    Script: i/is-primitive/is-primitive.sh
    ✓ Already in cache (skipped)

[1106] is-promise
    Script: i/is-promise/is-promise.sh
    ✓ Already in cache (skipped)

[1107] is-property
    Script: i/is-property/is-property.sh
    ✓ Already in cache (skipped)

[1108] is-redirect
    Script: i/is-redirect/is-redirect.sh
    ✓ Already in cache (skipped)

[1109] is-regex
    Script: i/is-regex/is-regex.sh
    ✓ Already in cache (skipped)

[1110] is-regex
    Script: i/is-regex/is-regex_ubi_8.5.sh
    ✓ Already in cache (skipped)

[1111] is-resolvable
    Script: i/is-resolvable/is-resolvable.sh
    ✓ Already in cache (skipped)

[1112] is-root
    Script: i/is-root/is-root.sh
    ✓ Already in cache (skipped)

[1113] is-set
    Script: i/is-set/is-set.sh
    ✓ Already in cache (skipped)

[1114] is-stream
    Script: i/is-stream/is-stream.sh
    ✓ Already in cache (skipped)

[1115] is-subset
    Script: i/is-subset/is_subset.sh
    ✓ Already in cache (skipped)

[1116] is-supported-regexp-flag
    Script: i/is-supported-regexp-flag/is-supported-regexp-flag.sh
    ✓ Already in cache (skipped)

[1117] is-typedarray
    Script: i/is-typedarray/is-typedarray.sh
    ✓ Already in cache (skipped)

[1118] is-utf8
    Script: i/is-utf8/is-utf8.sh
    ✓ Already in cache (skipped)

[1119] is-weakmap
    Script: i/is-weakmap/is-weakmap.sh
    ✓ Already in cache (skipped)

[1120] is-weakset
    Script: i/is-weakset/is-weakset.sh
    ✓ Already in cache (skipped)

[1121] is-whitespace-character
    Script: i/is-whitespace-character/is-whitespace-character.sh
    ✓ Already in cache (skipped)

[1122] is-windows
    Script: i/is-windows/is-windows.sh
    ✓ Already in cache (skipped)

[1123] is-word-character
    Script: i/is-word-character/is-word-character.sh
    ✓ Already in cache (skipped)

[1124] isarray
    Script: i/isarray/isarray.sh
    ✓ Already in cache (skipped)

[1125] isarray
    Script: i/isarray/isarray_rhel_8.3.sh
    ✓ Already in cache (skipped)

[1126] isbinaryfile
    Script: i/isbinaryfile/isbinaryfile.sh
    ✓ Already in cache (skipped)

[1127] isemail
    Script: i/isemail/isemail.sh
    ✓ Already in cache (skipped)

[1128] isexe
    Script: i/isexe/isexe.sh
    ✓ Already in cache (skipped)

[1129] isobject
    Script: i/isobject/isobject.sh
    ✓ Already in cache (skipped)

[1130] isomorphic
    Script: i/isomorphic/isomorphic.sh
    ✓ Already in cache (skipped)

[1131] isomorphic-fetch
    Script: i/isomorphic-fetch/isomorphic-fetch.sh
    ✓ Already in cache (skipped)

[1132] isomorphic-fetch
    Script: i/isomorphic-fetch/isomorphic-fetch_ubuntu_18.04.sh
    ✓ Already in cache (skipped)

[1133] isomorphic-form-data
    Script: i/isomorphic-form-data/isomorphic-form-data.sh
    ✓ Already in cache (skipped)

[1134] isstream
    Script: i/isstream/isstream.sh
    ✓ Already in cache (skipped)

[1135] istanbul-lib-processinfo
    Script: i/istanbul-lib-processinfo/istanbul-lib-processinfo.sh
    ✓ Already in cache (skipped)

[1136] istanbul-lib-coverage
    Script: i/istanbuljs/istanbul-lib-coverage.sh
    ✓ Already in cache (skipped)

[1137] istanbul-lib-coverage
    Script: i/istanbuljs/istanbul-lib-coverage_ubi_8.3.sh
    ✓ Already in cache (skipped)

[1138] istanbul-lib-instrument
    Script: i/istanbuljs/istanbul-lib-instrument.sh
    ✓ Already in cache (skipped)

[1139] @istanbuljs/load-nyc-config
    Script: i/istanbuljs__load-nyc-config/istanbuljs__load-nyc-config.sh
    ✓ Already in cache (skipped)

[1140] istextorbinary
    Script: i/istextorbinary/istextorbinary.sh
    ✓ Already in cache (skipped)

[1141] isurl
    Script: i/isurl/isurl.sh
    ✓ Already in cache (skipped)

[1142] lru-queue
    Script: i/lru-queue/lru-queue.sh
    ✓ Already in cache (skipped)

[1143] jQuery-Timepicker-Addon
    Script: j/jQuery-Timepicker-Addon/jQuery-Timepicker-Addon_v1.6.3.sh
    ✗ Error: Package not found on npm: jQuery-Timepicker-Addon

[1144] jaeger
    Script: j/jaeger/jaeger-rhel_8.3.sh
    ✓ Already in cache (skipped)

[1145] jaeger
    Script: j/jaeger/jaeger-ubuntu_18.04.sh
    ✓ Already in cache (skipped)

[1146] jaeger
    Script: j/jaeger/jaeger-ubuntu_20.04.sh
    ✓ Already in cache (skipped)

[1147] javascript-hooker
    Script: j/javascript-hooker/javascript-hooker.sh
    ✗ Error: Package not found on npm: javascript-hooker

[1148] jayson
    Script: j/jayson/jayson.sh
    ✓ Already in cache (skipped)

[1149] PACKAGE_NAME
    Script: j/jedi/jedi.sh
    ✗ Error: Package not found on npm: PACKAGE_NAME

[1150] jedi
    Script: j/jedi/jedi_rhel_7.6.sh
    ✓ Already in cache (skipped)

[1151] jestjs
    Script: j/jest/jest.sh
    ✓ Already in cache (skipped)

[1152] jest-environment-jsdom-fourteen
    Script: j/jest-environment-jsdom-fourteen/jest-environment-jsdom-fourteen.sh
    ✓ Already in cache (skipped)

[1153] jest-watch-typeahead
    Script: j/jest-watch-typeahead/jest-watch-typeahead.sh
    ✓ Already in cache (skipped)

[1154] jline
    Script: j/jline/jline_ubuntu_18.04.sh
    ✓ Already in cache (skipped)

[1155] jodid25519
    Script: j/jodid25519/jodid25519.sh
    ✓ Already in cache (skipped)

[1156] joi
    Script: j/joi/joi.sh
    ✓ Already in cache (skipped)

[1157] jotted
    Script: j/jotted/jotted.sh
    ✓ Already in cache (skipped)

[1158] jotted
    Script: j/jotted/jotted_ubuntu_16.04.sh
    ✓ Already in cache (skipped)

[1159] jqTree
    Script: j/jqtree/jqtree.sh
    ✗ Error: Package not found on npm: jqTree

[1160] PACKAGE_NAME
    Script: j/jquery/jquery.sh
    ✗ Error: Package not found on npm: PACKAGE_NAME

[1161] PACKAGE_NAME
    Script: j/jquery/jquery_3.4.0_3.4.1_3.5.1.sh
    ✗ Error: Package not found on npm: PACKAGE_NAME

[1162] jquery
    Script: j/jquery/jquery_3.4.0_3.4.1_3.5.1_ubi_8.3.sh
    ✓ Already in cache (skipped)

[1163] PACKAGE_NAME
    Script: j/jquery/jquery_3.6.0.sh
    ✗ Error: Package not found on npm: PACKAGE_NAME

[1164] jquery
    Script: j/jquery/jquery_3.6.0_ubi_8.3.sh
    ✓ Already in cache (skipped)

[1165] jquery
    Script: j/jquery/jquery_rhel_8.3.sh
    ✓ Already in cache (skipped)

[1166] jquery
    Script: j/jquery/jquery_ubi_8.0.sh
    ✓ Already in cache (skipped)

[1167] jquery
    Script: j/jquery/jquery_v3.4.0_v3.4.1_v3.5.1_v3.6.0.sh
    ✓ Already in cache (skipped)

[1168] jquery
    Script: j/jquery/jquery_v3.4.0_v3.4.1_v3.5.1_v3.6.0_ubuntu_18.04.sh
    ✓ Already in cache (skipped)

[1169] jquery
    Script: j/jquery/jquery_v3.7.1.sh
    ✓ Already in cache (skipped)

[1170] jquery-bar-rating
    Script: j/jquery-bar-rating/jquery-bar-rating.sh
    ✓ Already in cache (skipped)

[1171] jquery-labelauty
    Script: j/jquery-labelauty/jquery-labelauty_v1.1.4.sh
    ✗ Error: Package not found on npm: jquery-labelauty

[1172] jquery-mousewheel
    Script: j/jquery-mousewheel/jquery-mousewheel.sh
    ✓ Already in cache (skipped)

[1173] jquery-once
    Script: j/jquery-once/jquery-once.sh
    ✓ Already in cache (skipped)

[1174] jquery-ui
    Script: j/jquery-ui/jquery-ui_ubi_8_7.sh
    ✓ Already in cache (skipped)

[1175] jquery-ui
    Script: j/jquery-ui/jquery-ui_ubuntu_18.04.sh
    ✓ Already in cache (skipped)

[1176] jquery-ui
    Script: j/jquery-ui/jquery-ui_v1.14.1.sh
    ✓ Already in cache (skipped)

[1177] jquery.i18n
    Script: j/jquery.i18n/jquery.i18n-master.sh
    ✗ Invalid package name: Invalid npm package name: jquery.i18n. Must contain only alphanumeric, -, _, @, /

[1178] jquery.i18n
    Script: j/jquery.i18n/jquery.i18n_v1.0.7.sh
    ✗ Invalid package name: Invalid npm package name: jquery.i18n. Must contain only alphanumeric, -, _, @, /

[1179] jquery.i18n
    Script: j/jquery.i18n/jquery.i18n_v1.0.7_ubuntu_18.04.sh
    ✗ Invalid package name: Invalid npm package name: jquery.i18n. Must contain only alphanumeric, -, _, @, /

[1180] js-cookie
    Script: j/js-cookie/js-cookie.sh
    ✓ Already in cache (skipped)

[1181] js-cookie
    Script: j/js-cookie/js-cookie_ubi_8.5.sh
    ✓ Already in cache (skipped)

[1182] js-cookie
    Script: j/js-cookie/js-cookie_ubi_8_7.sh
    ✓ Already in cache (skipped)

[1183] js-file-download
    Script: j/js-file-download/js-file-download.sh
    ✓ Already in cache (skipped)

[1184] js-tokens
    Script: j/js-tokens/js-tokens.sh
    ✓ Already in cache (skipped)

[1185] js-tokens
    Script: j/js-tokens/js-tokens_ubuntu_18.04.sh
    ✓ Already in cache (skipped)

[1186] js-yaml
    Script: j/js-yaml/js-yaml.sh
    ✓ Already in cache (skipped)

[1187] js-yaml
    Script: j/js-yaml/js-yaml_rhel_8.3.sh
    ✓ Already in cache (skipped)

[1188] jsbi
    Script: j/jsbi/jsbi.sh
    ✓ Already in cache (skipped)

[1189] jsbn
    Script: j/jsbn/jsbn.sh
    ✓ Already in cache (skipped)

[1190] jsbn
    Script: j/jsbn/jsbn_ubi_8.sh
    ✓ Already in cache (skipped)

[1191] jsdiff
    Script: j/jsdiff/jsdiff.sh
    ✓ Already in cache (skipped)

[1192] jsdoc
    Script: j/jsdoc/jsdoc.sh
    ✓ Already in cache (skipped)

[1193] jsdoctypeparser
    Script: j/jsdoctypeparser/jsdoctypeparser.sh
    ✓ Already in cache (skipped)

[1194] jsdom
    Script: j/jsdom/jsdom.sh
    ✓ Already in cache (skipped)

[1195] jsdom
    Script: j/jsdom/jsdom_rhel_7.6.sh
    ✓ Already in cache (skipped)

[1196] jsdump
    Script: j/jsdump/jsdump.sh
    ✓ Already in cache (skipped)

[1197] jsep
    Script: j/jsep/jsep.sh
    ✓ Already in cache (skipped)

[1198] jsesc
    Script: j/jsesc/jsesc.sh
    ✓ Already in cache (skipped)

[1199] jslitmus-js
    Script: j/jslitmus-js/jslitmus-js.sh
    ✗ Error: Package not found on npm: jslitmus-js

[1200] json-bigint
    Script: j/json-bigint/json-bigint.sh
    ✓ Already in cache (skipped)

[1201] json-buffer
    Script: j/json-buffer/json-buffer.sh
    ✓ Already in cache (skipped)

[1202] json-content-demux
    Script: j/json-content-demux/json-content-demux.sh
    ✓ Already in cache (skipped)

[1203] json-editor
    Script: j/json-editor/json-editor.sh
    ✓ Already in cache (skipped)

[1204] json-formatter-js
    Script: j/json-formatter-js/json-formatter-js.sh
    ✓ Already in cache (skipped)

[1205] json-parse-better-errors
    Script: j/json-parse-better-errors/json-parse-better-errors.sh
    ✓ Already in cache (skipped)

[1206] json-parse-even-better-errors
    Script: j/json-parse-even-better-errors/json-parse-even-better-errors.sh
    ✓ Already in cache (skipped)

[1207] json-schema
    Script: j/json-schema/json-schema.sh
    ✓ Already in cache (skipped)

[1208] json-schema-faker
    Script: j/json-schema-faker/json-schema-faker.sh
    ✓ Already in cache (skipped)

[1209] json-schema-traverse
    Script: j/json-schema-traverse/json-schema-traverse.sh
    ✓ Already in cache (skipped)

[1210] json-schema-view-js
    Script: j/json-schema-view-js/json-schema-view-js.sh
    ✓ Already in cache (skipped)

[1211] json-stable-stringify
    Script: j/json-stable-stringify/json-stable-stringify.sh
    ✓ Already in cache (skipped)

[1212] json-stable-stringify-without-jsonify
    Script: j/json-stable-stringify-without-jsonify/json-stable-stringify-without-jsonify.sh
    ✓ Already in cache (skipped)

[1213] json-to-ast
    Script: j/json-to-ast/json-to-ast.sh
    ✓ Already in cache (skipped)

[1214] json3
    Script: j/json3/json3.sh
    ✓ Already in cache (skipped)

[1215] jsonata
    Script: j/jsonata/jsonata.sh
    ✓ Already in cache (skipped)

[1216] jsonfile
    Script: j/jsonfile/jsonfile.sh
    ✓ Already in cache (skipped)

[1217] jsonfile-updater
    Script: j/jsonfile-updater/jsonfile-updater.sh
    ✓ Already in cache (skipped)

[1218] jsonfile-updater
    Script: j/jsonfile-updater/jsonfile-updater_rhel_8.3.sh
    ✓ Already in cache (skipped)

[1219] jsonify
    Script: j/jsonify/jsonify.sh
    ✓ Already in cache (skipped)

[1220] jsonparse
    Script: j/jsonparse/jsonparse.sh
    ✓ Already in cache (skipped)

[1221] jsonparse
    Script: j/jsonparse/jsonparse_ubuntu_18.04.sh
    ✓ Already in cache (skipped)

[1222] jsonpath
    Script: j/jsonpath/jsonpath.sh
    ✓ Already in cache (skipped)

[1223] jsonpath-plus
    Script: j/jsonpath-plus/jsonpath-plus.sh
    ✓ Already in cache (skipped)

[1224] jsonstream
    Script: j/jsonstream/jsonstream.sh
    ✓ Already in cache (skipped)

[1225] jss-plugin-camel-case
    Script: j/jss-plugin-camel-case/jss-plugin-camel-case.sh
    ✓ Already in cache (skipped)

[1226] jss-plugin-compose
    Script: j/jss-plugin-compose/jss-plugin-compose.sh
    ✓ Already in cache (skipped)

[1227] jss-plugin-default-unit
    Script: j/jss-plugin-default-unit/jss-plugin-default-unit.sh
    ✓ Already in cache (skipped)

[1228] jss-plugin-global
    Script: j/jss-plugin-global/jss-plugin-global.sh
    ✓ Already in cache (skipped)

[1229] jss-plugin-nested
    Script: j/jss-plugin-nested/jss-plugin-nested.sh
    ✓ Already in cache (skipped)

[1230] jss-plugin-props-sort
    Script: j/jss-plugin-props-sort/jss-plugin-props-sort-ubi_8.5.sh
    ✓ Already in cache (skipped)

[1231] jss-plugin-template
    Script: j/jss-plugin-template/jss-plugin-template.sh
    ✓ Already in cache (skipped)

[1232] jss-plugin-vendor-prefixer
    Script: j/jss-plugin-vendor-prefixer/jss-plugin-vendor-prefixer.sh
    ✓ Already in cache (skipped)

[1233] jstransformer
    Script: j/jstransformer/jstransformer.sh
    ✓ Already in cache (skipped)

[1234] jszip
    Script: j/jszip/jszip.sh
    ✓ Already in cache (skipped)

[1235] junk
    Script: j/junk/junk.sh
    ✓ Already in cache (skipped)

[1236] junk
    Script: j/junk/junk_rhel_8.3.sh
    ✓ Already in cache (skipped)

[1237] jwa
    Script: j/jwa/jwa.sh
    ✓ Already in cache (skipped)

[1238] jws
    Script: j/jws/jws.sh
    ✓ Already in cache (skipped)

[1239] jwt-decode
    Script: j/jwt-decode/jwt-decode.sh
    ✓ Already in cache (skipped)

[1240] jwt-node
    Script: j/jwt-node/jwt-node.sh
    ✓ Already in cache (skipped)

[1241] karma
    Script: k/karma/karma.sh
    ✓ Already in cache (skipped)

[1242] karma
    Script: k/karma/karma_ubuntu_16.04.sh
    ✓ Already in cache (skipped)

[1243] keygrip
    Script: k/keygrip/keygrip.sh
    ✓ Already in cache (skipped)

[1244] keyv
    Script: k/keyv/keyv.sh
    ✓ Already in cache (skipped)

[1245] PACKAGE_NAME
    Script: k/kibana/kibana_5.6.3.sh
    ✗ Error: Package not found on npm: PACKAGE_NAME

[1246] kibana
    Script: k/kibana/kibana_5.6.3_ubuntu_16.04.sh
    ✓ Already in cache (skipped)

[1247] PACKAGE_NAME
    Script: k/kibana/kibana_6.5.4.sh
    ✗ Error: Package not found on npm: PACKAGE_NAME

[1248] kibana
    Script: k/kibana/kibana_6.5.4_rhel_7.6.sh
    ✓ Already in cache (skipped)

[1249] kibana
    Script: k/kibana/kibana_6.5.4_ubuntu_18.04.sh
    ✓ Already in cache (skipped)

[1250] PACKAGE_NAME
    Script: k/kibana/kibana_6.7.2.sh
    ✗ Error: Package not found on npm: PACKAGE_NAME

[1251] kibana
    Script: k/kibana/kibana_6.7.2_rhel_7.6.sh
    ✓ Already in cache (skipped)

[1252] kibana
    Script: k/kibana/kibana_7.6.0.sh
    ✓ Already in cache (skipped)

[1253] kind-of
    Script: k/kind-of/kind-of.sh
    ✓ Already in cache (skipped)

[1254] kleur
    Script: k/kleur/kleur.sh
    ✓ Already in cache (skipped)

[1255] knockout
    Script: k/knockout/knockout_v3.5.1.sh
    ✓ Already in cache (skipped)

[1256] koa
    Script: k/koa/koa.sh
    ✓ Already in cache (skipped)

[1257] koa-compose
    Script: k/koa-compose/koa-compose.sh
    ✓ Already in cache (skipped)

[1258] koa-convert
    Script: k/koa-convert/koa-convert.sh
    ✓ Already in cache (skipped)

[1259] koalas
    Script: k/koalas/koalas.sh
    ✓ Already in cache (skipped)

[1260] kuler
    Script: k/kuler/kuler.sh
    ✓ Already in cache (skipped)

[1261] lang-javascript
    Script: l/lang-javascript/lang-javascript.sh
    ✗ Error: Package not found on npm: lang-javascript

[1262] lang-python
    Script: l/lang-python/lang-python.sh
    ✗ Error: Package not found on npm: lang-python

[1263] lang-sql
    Script: l/lang-sql/lang-sql.sh
    ✗ Error: Package not found on npm: lang-sql

[1264] language
    Script: l/language/language.sh
    ✓ Already in cache (skipped)

[1265] lazy-cache
    Script: l/lazy-cache/lazy-cache.sh
    ✓ Already in cache (skipped)

[1266] lazy-property
    Script: l/lazy-property/lazy-property.sh
    ✓ Already in cache (skipped)

[1267] lazybird
    Script: l/lazybird/lazybird.sh
    ✓ Already in cache (skipped)

[1268] lazystream
    Script: l/lazystream/lazystream.sh
    ✓ Already in cache (skipped)

[1269] lcid
    Script: l/lcid/lcid.sh
    ✓ Already in cache (skipped)

[1270] ldap-filter
    Script: l/ldap-filter/ldap-filter.sh
    ✓ Already in cache (skipped)

[1271] ldapjs
    Script: l/ldapjs/ldapjs.sh
    ✓ Already in cache (skipped)

[1272] Leaflet
    Script: l/leaflet/leaflet.sh
    ✗ Error: Package not found on npm: Leaflet

[1273] left-pad
    Script: l/left-pad/left-pad.sh
    ✓ Already in cache (skipped)

[1274] legacy-modes
    Script: l/legacy-modes/legacy-modes.sh
    ✗ Error: Package not found on npm: legacy-modes

[1275] lego-api
    Script: l/lego-api/lego-api.sh
    ✓ Already in cache (skipped)

[1276] less-loader
    Script: l/less-loader/less-loader.sh
    ✓ Already in cache (skipped)

[1277] less.js
    Script: l/less.js/less.js_v4.2.0.sh
    ✓ Already in cache (skipped)

[1278] leven
    Script: l/leven/leven.sh
    ✓ Already in cache (skipped)

[1279] levenary
    Script: l/levenary/levenary.sh
    ✓ Already in cache (skipped)

[1280] levn
    Script: l/levn/levn.sh
    ✓ Already in cache (skipped)

[1281] libcipm
    Script: l/libcipm/libcipm.sh
    ✓ Already in cache (skipped)

[1282] libmime
    Script: l/libmime/libmime.sh
    ✓ Already in cache (skipped)

[1283] libnpm
    Script: l/libnpm/libnpm.sh
    ✓ Already in cache (skipped)

[1284] libnpmaccess
    Script: l/libnpmaccess/libnpmaccess.sh
    ✓ Already in cache (skipped)

[1285] libnpmconfig
    Script: l/libnpmconfig/libnpmconfig.sh
    ✓ Already in cache (skipped)

[1286] libnpmhook
    Script: l/libnpmhook/libnpmhook.sh
    ✓ Already in cache (skipped)

[1287] libnpmorg
    Script: l/libnpmorg/libnpmorg.sh
    ✓ Already in cache (skipped)

[1288] libnpmpublish
    Script: l/libnpmpublish/libnpmpublish.sh
    ✓ Already in cache (skipped)

[1289] libnpmsearch
    Script: l/libnpmsearch/libnpmsearch.sh
    ✓ Already in cache (skipped)

[1290] libnpmteam
    Script: l/libnpmteam/libnpmteam.sh
    ✓ Already in cache (skipped)

[1291] libqp
    Script: l/libqp/libqp.sh
    ✓ Already in cache (skipped)

[1292] liftoff
    Script: l/liftoff/liftoff.sh
    ✓ Already in cache (skipped)

[1293] light-my-request
    Script: l/light-my-request/light-my-request.sh
    ✓ Already in cache (skipped)

[1294] line-numbers
    Script: l/line-numbers/line-numbers.sh
    ✓ Already in cache (skipped)

[1295] linkify-it
    Script: l/linkify-it/linkify-it.sh
    ✓ Already in cache (skipped)

[1296] listenercount
    Script: l/listenercount/listenercount.sh
    ✓ Already in cache (skipped)

[1297] @livereach/jsonpath
    Script: l/livereach__jsonpath/livereach__jsonpath.sh
    ✓ Already in cache (skipped)

[1298] load-bmfont
    Script: l/load-bmfont/load-bmfont.sh
    ✓ Already in cache (skipped)

[1299] load-json-file
    Script: l/load-json-file/load-json-file.sh
    ✓ Already in cache (skipped)

[1300] loadash
    Script: l/loadash/loadash.sh
    ✓ Already in cache (skipped)

[1301] loader-utils
    Script: l/loader-utils/loader-utils.sh
    ✓ Already in cache (skipped)

[1302] locate-path
    Script: l/locate-path/locate-path.sh
    ✓ Already in cache (skipped)

[1303] lodash
    Script: l/lodash/lodash.sh
    ✓ Already in cache (skipped)

[1304] lodash
    Script: l/lodash/lodash_4.17.21.sh
    ✓ Already in cache (skipped)

[1305] lodash
    Script: l/lodash/lodash_rhel_8.3.sh
    ✓ Already in cache (skipped)

[1306] lodash._baseclone
    Script: l/lodash._baseclone/lodash._baseclone.sh
    ✓ Already in cache (skipped)

[1307] lodash._basecreate
    Script: l/lodash._basecreate/lodash._basecreate.sh
    ✓ Already in cache (skipped)

[1308] lodash._baseindexof
    Script: l/lodash._baseindexof/lodash._baseindexof.sh
    ✓ Already in cache (skipped)

[1309] lodash._baseuniq
    Script: l/lodash._baseuniq/lodash._baseuniq.sh
    ✓ Already in cache (skipped)

[1310] lodash._bindcallback
    Script: l/lodash._bindcallback/lodash._bindcallback.sh
    ✓ Already in cache (skipped)

[1311] lodash._cacheindexof
    Script: l/lodash._cacheindexof/lodash._cacheindexof.sh
    ✓ Already in cache (skipped)

[1312] lodash._createcache
    Script: l/lodash._createcache/lodash._createcache.sh
    ✓ Already in cache (skipped)

[1313] lodash._createset
    Script: l/lodash._createset/lodash._createset.sh
    ✓ Already in cache (skipped)

[1314] lodash._createwrapper
    Script: l/lodash._createwrapper/lodash._createwrapper.sh
    ✓ Already in cache (skipped)

[1315] lodash._getnative
    Script: l/lodash._getnative/lodash._getnative.sh
    ✓ Already in cache (skipped)

[1316] lodash.assign
    Script: l/lodash.assign/lodash.assign.sh
    ✓ Already in cache (skipped)

[1317] lodash.bind
    Script: l/lodash.bind/lodash.bind.sh
    ✓ Already in cache (skipped)

[1318] lodash.clonedeep
    Script: l/lodash.clonedeep/lodash.clonedeep.sh
    ✓ Already in cache (skipped)

[1319] lodash.curry
    Script: l/lodash.curry/lodash.curry.sh
    ✓ Already in cache (skipped)

[1320] lodash.defaults
    Script: l/lodash.defaults/lodash.defaults.sh
    ✓ Already in cache (skipped)

[1321] lodash.defaultsdeep
    Script: l/lodash.defaultsdeep/lodash.defaultsdeep.sh
    ✓ Already in cache (skipped)

[1322] lodash.findlast
    Script: l/lodash.findlast/lodash.findlast.sh
    ✓ Already in cache (skipped)

[1323] lodash.flatten
    Script: l/lodash.flatten/lodash.flatten.sh
    ✓ Already in cache (skipped)

[1324] lodash.flattendeep
    Script: l/lodash.flattendeep/lodash.flattendeep.sh
    ✓ Already in cache (skipped)

[1325] lodash.flow
    Script: l/lodash.flow/lodash.flow.sh
    ✓ Already in cache (skipped)

[1326] lodash.foreach
    Script: l/lodash.foreach/lodash.foreach.sh
    ✓ Already in cache (skipped)

[1327] lodash.forown
    Script: l/lodash.forown/lodash.forown.sh
    ✓ Already in cache (skipped)

[1328] lodash.identity
    Script: l/lodash.identity/lodash.identity.sh
    ✓ Already in cache (skipped)

[1329] lodash.includes
    Script: l/lodash.includes/lodash.includes.sh
    ✓ Already in cache (skipped)

[1330] lodash.isarguments
    Script: l/lodash.isarguments/lodash.isarguments.sh
    ✓ Already in cache (skipped)

[1331] lodash.isarray
    Script: l/lodash.isarray/lodash.isarray.sh
    ✓ Already in cache (skipped)

[1332] lodash.isboolean
    Script: l/lodash.isboolean/lodash.isboolean.sh
    ✓ Already in cache (skipped)

[1333] lodash.isequal
    Script: l/lodash.isequal/lodash.isequal.sh
    ✓ Already in cache (skipped)

[1334] lodash.isfunction
    Script: l/lodash.isfunction/lodash.isfunction.sh
    ✓ Already in cache (skipped)

[1335] lodash.isinteger
    Script: l/lodash.isinteger/lodash.isinteger.sh
    ✓ Already in cache (skipped)

[1336] lodash.isnumber
    Script: l/lodash.isnumber/lodash.isnumber.sh
    ✓ Already in cache (skipped)

[1337] lodash.isobject
    Script: l/lodash.isobject/lodash.isobject.sh
    ✓ Already in cache (skipped)

[1338] lodash.isplainobject
    Script: l/lodash.isplainobject/lodash.isplainobject.sh
    ✓ Already in cache (skipped)

[1339] lodash.isstring
    Script: l/lodash.isstring/lodash.isstring.sh
    ✓ Already in cache (skipped)

[1340] lodash.keys
    Script: l/lodash.keys/lodash.keys.sh
    ✓ Already in cache (skipped)

[1341] lodash.keysin
    Script: l/lodash.keysin/lodash.keysin.sh
    ✓ Already in cache (skipped)

[1342] lodash.noop
    Script: l/lodash.noop/lodash.noop.sh
    ✓ Already in cache (skipped)

[1343] lodash.omit
    Script: l/lodash.omit/lodash.omit.sh
    ✓ Already in cache (skipped)

[1344] lodash.once
    Script: l/lodash.once/lodash.once.sh
    ✓ Already in cache (skipped)

[1345] lodash.restparam
    Script: l/lodash.restparam/lodash.restparam.sh
    ✓ Already in cache (skipped)

[1346] lodash.set
    Script: l/lodash.set/lodash.set.sh
    ✓ Already in cache (skipped)

[1347] lodash.sortby
    Script: l/lodash.sortby/lodash.sortby.sh
    ✓ Already in cache (skipped)

[1348] lodash.support
    Script: l/lodash.support/lodash.support.sh
    ✓ Already in cache (skipped)

[1349] lodash.template
    Script: l/lodash.template/lodash.template.sh
    ✓ Already in cache (skipped)

[1350] lodash.templatesettings
    Script: l/lodash.templatesettings/lodash.templatesettings.sh
    ✓ Already in cache (skipped)

[1351] lodash.throttle
    Script: l/lodash.throttle/lodash.throttle.sh
    ✓ Already in cache (skipped)

[1352] lodash.toarray
    Script: l/lodash.toarray/lodash.toarray.sh
    ✓ Already in cache (skipped)

[1353] lodash.union
    Script: l/lodash.union/lodash.union.sh
    ✓ Already in cache (skipped)

[1354] lodash.uniq
    Script: l/lodash.uniq/lodash.uniq.sh
    ✓ Already in cache (skipped)

[1355] lodash.without
    Script: l/lodash.without/lodash.without.sh
    ✓ Already in cache (skipped)

[1356] log
    Script: l/log/log.sh
    ✓ Already in cache (skipped)

[1357] log-ok
    Script: l/log-ok/log-ok.sh
    ✓ Already in cache (skipped)

[1358] log-symbols
    Script: l/log-symbols/log-symbols.sh
    ✓ Already in cache (skipped)

[1359] log-symbols
    Script: l/log-symbols/log-symbols_rhel_8.3.sh
    ✓ Already in cache (skipped)

[1360] log-utils
    Script: l/log-utils/log-utils.sh
    ✓ Already in cache (skipped)

[1361] log4j-core
    Script: l/log4j-core/log4j-core.sh
    ✗ Error: Package not found on npm: log4j-core

[1362] log4j-core
    Script: l/log4j-core/log4j-core_ubi_8.5.sh
    ✗ Error: Package not found on npm: log4j-core

[1363] log4js-node
    Script: l/log4js-node/log4js-node.sh
    ✗ Error: Package not found on npm: log4js-node

[1364] log4js-node
    Script: l/log4js-node/log4js-node_ubi_8_7.sh
    ✗ Error: Package not found on npm: log4js-node

[1365] logform
    Script: l/logform/logform.sh
    ✓ Already in cache (skipped)

[1366] logform
    Script: l/logform/logform_rhel_8.3.sh
    ✓ Already in cache (skipped)

[1367] logging-helpers
    Script: l/logging-helpers/logging-helpers.sh
    ✓ Already in cache (skipped)

[1368] logstash-logback-encoder
    Script: l/logstash-logback-encoder/logstash-logback-encoder_ubuntu_16.04.sh
    ✗ Error: Package not found on npm: logstash-logback-encoder

[1369] lolex
    Script: l/lolex/lolex.sh
    ✓ Already in cache (skipped)

[1370] long
    Script: l/long/long.sh
    ✓ Already in cache (skipped)

[1371] long.js
    Script: l/long.js/long.js.sh
    ✗ Invalid package name: Invalid npm package name: long.js. Must contain only alphanumeric, -, _, @, /

[1372] longest
    Script: l/longest/longest.sh
    ✓ Already in cache (skipped)

[1373] loopback-api-definition
    Script: l/loopback-api-definition/loopback-api-definition.sh
    ✓ Already in cache (skipped)

[1374] loopback-bluemix
    Script: l/loopback-bluemix/loopback-bluemix.sh
    ✓ Already in cache (skipped)

[1375] loopback-boot
    Script: l/loopback-boot/loopback-boot.sh
    ✓ Already in cache (skipped)

[1376] loopback-cli
    Script: l/loopback-cli/loopback-cli.sh
    ✓ Already in cache (skipped)

[1377] loopback-component-explorer
    Script: l/loopback-component-explorer/loopback-component-explorer.sh
    ✓ Already in cache (skipped)

[1378] loopback-component-passport
    Script: l/loopback-component-passport/loopback-component-passport.sh
    ✓ Already in cache (skipped)

[1379] loopback-component-push
    Script: l/loopback-component-push/loopback-component-push.sh
    ✓ Already in cache (skipped)

[1380] loopback-component-storage
    Script: l/loopback-component-storage/loopback-component-storage.sh
    ✓ Already in cache (skipped)

[1381] loopback-connector
    Script: l/loopback-connector/loopback-connector_ubi_8.7.sh
    ✓ Already in cache (skipped)

[1382] loopback-connector
    Script: l/loopback-connector/loopback-connector_ubuntu_16.04.sh
    ✓ Already in cache (skipped)

[1383] loopback-connector-grpc
    Script: l/loopback-connector-grpc/loopback-connector-grpc.sh
    ✓ Already in cache (skipped)

[1384] loopback-connector-remote
    Script: l/loopback-connector-remote/loopback-connector-remote.sh
    ✓ Already in cache (skipped)

[1385] loopback-connector-rest
    Script: l/loopback-connector-rest/loopback-connector-rest.sh
    ✓ Already in cache (skipped)

[1386] loopback-connector-rest
    Script: l/loopback-connector-rest/loopback-connector-rest_ubuntu_16.04.sh
    ✓ Already in cache (skipped)

[1387] loopback-connector-soap
    Script: l/loopback-connector-soap/loopback-connector-soap.sh
    ✓ Already in cache (skipped)

[1388] loopback-connector-soap
    Script: l/loopback-connector-soap/loopback-connector-soap_ubuntu_16.04.sh
    ✓ Already in cache (skipped)

[1389] loopback-context
    Script: l/loopback-context/loopback-context.sh
    ✓ Already in cache (skipped)

[1390] loopback-datasource-juggler
    Script: l/loopback-datasource-juggler/loopback-datasource-juggler.sh
    ✓ Already in cache (skipped)

[1391] loopback-datasource-juggler
    Script: l/loopback-datasource-juggler/loopback-datasource-juggler_ubi_8.7.sh
    ✓ Already in cache (skipped)

[1392] loopback-datasource-juggler
    Script: l/loopback-datasource-juggler/loopback-datasource-juggler_ubuntu_16.04.sh
    ✓ Already in cache (skipped)

[1393] loopback-datatype-geopoint
    Script: l/loopback-datatype-geopoint/loopback-datatype-geopoint.sh
    ✓ Already in cache (skipped)

[1394] loopback-explorer
    Script: l/loopback-explorer/loopback-explorer.sh
    ✓ Already in cache (skipped)

[1395] loopback-filters
    Script: l/loopback-filters/loopback-filters.sh
    ✓ Already in cache (skipped)

[1396] loopback-phase
    Script: l/loopback-phase/loopback-phase.sh
    ✓ Already in cache (skipped)

[1397] loopback-sdk-android
    Script: l/loopback-sdk-android/loopback-sdk-android.sh
    ✓ Already in cache (skipped)

[1398] loopback-sdk-angular-cli
    Script: l/loopback-sdk-angular-cli/loopback-sdk-angular-cli.sh
    ✓ Already in cache (skipped)

[1399] loopback-soap
    Script: l/loopback-soap/loopback-soap.sh
    ✓ Already in cache (skipped)

[1400] loopback-swagger
    Script: l/loopback-swagger/loopback-swagger.sh
    ✓ Already in cache (skipped)

[1401] loose-envify
    Script: l/loose-envify/loose-envify.sh
    ✓ Already in cache (skipped)

[1402] loose-envify
    Script: l/loose-envify/loose-envify_ubuntu_18.04.sh
    ✓ Already in cache (skipped)

[1403] lower-case
    Script: l/lower-case/lower-case.sh
    ✓ Already in cache (skipped)

[1404] lowercase-keys
    Script: l/lowercase-keys/lowercase-keys.sh
    ✓ Already in cache (skipped)

[1405] make-dir
    Script: m/make-dir/make-dir.sh
    ✓ Already in cache (skipped)

[1406] make-dir
    Script: m/make-dir/make-dir_rhel_8.3.sh
    ✓ Already in cache (skipped)

[1407] make-fetch-happen
    Script: m/make-fetch-happen/make-fetch-happen.sh
    ✓ Already in cache (skipped)

[1408] make-fetch-happen
    Script: m/make-fetch-happen/make-fetch-happen_rhel_8.3.sh
    ✓ Already in cache (skipped)

[1409] make-iterator
    Script: m/make-iterator/make-iterator.sh
    ✓ Already in cache (skipped)

[1410] make-promises-safe
    Script: m/make-promises-safe/make-promises-safe.sh
    ✓ Already in cache (skipped)

[1411] npm_registry
    Script: m/manageiq/npm_yarn_registry_cleanup.sh
    ✗ Error: Package not found on npm: npm_registry

[1412] npm_registry
    Script: m/manageiq/yarn_registry_setup.sh
    ✗ Error: Package not found on npm: npm_registry

[1413] map-age-cleaner
    Script: m/map-age-cleaner/map-age-cleaner.sh
    ✓ Already in cache (skipped)

[1414] map-cache
    Script: m/map-cache/map-cache.sh
    ✓ Already in cache (skipped)

[1415] map-obj
    Script: m/map-obj/map-obj.sh
    ✓ Already in cache (skipped)

[1416] map-stream
    Script: m/map-stream/map-stream.sh
    ✓ Already in cache (skipped)

[1417] map-visit
    Script: m/map-visit/map-visit.sh
    ✓ Already in cache (skipped)

[1418] markdown-escapes
    Script: m/markdown-escapes/markdown-escapes.sh
    ✓ Already in cache (skipped)

[1419] markdown-it
    Script: m/markdown-it/markdown-it.sh
    ✓ Already in cache (skipped)

[1420] markdown-it
    Script: m/markdown-it/markdown-it_rhel_8.3.sh
    ✓ Already in cache (skipped)

[1421] markdown-js
    Script: m/markdown-js/markdown-js.sh
    ✓ Already in cache (skipped)

[1422] markdown-parser
    Script: m/markdown-parser/markdown-parser.sh
    ✓ Already in cache (skipped)

[1423] marked
    Script: m/marked/marked.sh
    ✓ Already in cache (skipped)

[1424] marked-terminal
    Script: m/marked-terminal/marked-terminal.sh
    ✓ Already in cache (skipped)

[1425] math-random
    Script: m/math-random/math-random.sh
    ✓ Already in cache (skipped)

[1426] conda.recipe
    Script: m/mathjax/build.sh
    ✗ Invalid package name: Invalid npm package name: conda.recipe. Must contain only alphanumeric, -, _, @, /

[1427] MathJax
    Script: m/mathjax/mathjax.sh
    ✗ Error: Package not found on npm: MathJax

[1428] mathjax
    Script: m/mathjax/mathjax_rhel_7.3.sh
    ✓ Already in cache (skipped)

[1429] MathJax
    Script: m/mathjax/mathjax_ubi_8.7.sh
    ✗ Error: Package not found on npm: MathJax

[1430] mathjax
    Script: m/mathjax/mathjax_ubuntu_16.04.sh
    ✓ Already in cache (skipped)

[1431] md5.js
    Script: m/md5.js/md5.js.sh
    ✓ Already in cache (skipped)

[1432] mdast-add-list-metadata
    Script: m/mdast-add-list-metadata/mdast-add-list-metadata.sh
    ✓ Already in cache (skipped)

[1433] mdast-util-definitions
    Script: m/mdast-util-definitions/mdast-util-definitions.sh
    ✓ Already in cache (skipped)

[1434] mdn-data
    Script: m/mdn-data/mdn-data.sh
    ✓ Already in cache (skipped)

[1435] mdurl
    Script: m/mdurl/mdurl.sh
    ✓ Already in cache (skipped)

[1436] meant
    Script: m/meant/meant.sh
    ✓ Already in cache (skipped)

[1437] media-typer
    Script: m/media-typer/media-typer.sh
    ✓ Already in cache (skipped)

[1438] mem
    Script: m/mem/mem.sh
    ✓ Already in cache (skipped)

[1439] mem-fs
    Script: m/mem-fs/mem-fs.sh
    ✓ Already in cache (skipped)

[1440] mem-fs-editor
    Script: m/mem-fs-editor/mem-fs-editor.sh
    ✓ Already in cache (skipped)

[1441] memoizee
    Script: m/memoizee/memoizee.sh
    ✓ Already in cache (skipped)

[1442] memory-fs
    Script: m/memory-fs/memory-fs.sh
    ✓ Already in cache (skipped)

[1443] memorystream
    Script: m/memorystream/memorystream.sh
    ✓ Already in cache (skipped)

[1444] merge-deep
    Script: m/merge-deep/merge-deep.sh
    ✓ Already in cache (skipped)

[1445] merge-stream
    Script: m/merge-stream/merge-stream.sh
    ✓ Already in cache (skipped)

[1446] merge2
    Script: m/merge2/merge2.sh
    ✓ Already in cache (skipped)

[1447] meros
    Script: m/meros/meros.sh
    ✓ Already in cache (skipped)

[1448] meta-types
    Script: m/meta-types/meta-types.sh
    ✓ Already in cache (skipped)

[1449] method-override
    Script: m/method-override/method-override.sh
    ✓ Already in cache (skipped)

[1450] methods
    Script: m/methods/methods.sh
    ✓ Already in cache (skipped)

[1451] microevent.ts
    Script: m/microevent.ts/microevent.ts.sh
    ✓ Already in cache (skipped)

[1452] micromatch
    Script: m/micromatch/micromatch.sh
    ✓ Already in cache (skipped)

[1453] microservice
    Script: m/microservice/microservice.sh
    ✓ Already in cache (skipped)

[1454] middie
    Script: m/middie/middie.sh
    ✓ Already in cache (skipped)

[1455] miller-rabin
    Script: m/miller-rabin/miller-rabin.sh
    ✓ Already in cache (skipped)

[1456] mime
    Script: m/mime/mime.sh
    ✓ Already in cache (skipped)

[1457] mime-db
    Script: m/mime-db/mime-db.sh
    ✓ Already in cache (skipped)

[1458] mime-db
    Script: m/mime-db/mime-db_rhel_8.3.sh
    ✓ Already in cache (skipped)

[1459] mime-types
    Script: m/mime-types/mime-types.sh
    ✓ Already in cache (skipped)

[1460] mimic-fn
    Script: m/mimic-fn/mimic-fn.sh
    ✓ Already in cache (skipped)

[1461] mimos
    Script: m/mimos/mimos.sh
    ✓ Already in cache (skipped)

[1462] mini-css-extract-plugin
    Script: m/mini-css-extract-plugin/mini-css-extract-plugin.sh
    ✓ Already in cache (skipped)

[1463] minimalistic-crypto-utils
    Script: m/minimalistic-crypto-utils/minimalistic-crypto-utils.sh
    ✓ Already in cache (skipped)

[1464] minimatch
    Script: m/minimatch/minimatch.sh
    ✓ Already in cache (skipped)

[1465] minimatch
    Script: m/minimatch/minimatch_rhel_8.3.sh
    ✓ Already in cache (skipped)

[1466] minimist
    Script: m/minimist/minimist.sh
    ✓ Already in cache (skipped)

[1467] minipass
    Script: m/minipass/minipass.sh
    ✓ Already in cache (skipped)

[1468] minipass-flush
    Script: m/minipass-flush/minipass-flush.sh
    ✓ Already in cache (skipped)

[1469] minipass-flush
    Script: m/minipass-flush/minipass-flush_rhel_8.3.sh
    ✓ Already in cache (skipped)

[1470] minizlib
    Script: m/minizlib/minizlib.sh
    ✓ Already in cache (skipped)

[1471] mixin-deep
    Script: m/mixin-deep/mixin-deep.sh
    ✓ Already in cache (skipped)

[1472] mixin-object
    Script: m/mixin-object/mixin-object.sh
    ✓ Already in cache (skipped)

[1473] mixme
    Script: m/mixme/mixme.sh
    ✓ Already in cache (skipped)

[1474] mkdirp
    Script: m/mkdirp/mkdirp.sh
    ✓ Already in cache (skipped)

[1475] mkdirp-promise
    Script: m/mkdirp-promise/mkdirp-promise.sh
    ✓ Already in cache (skipped)

[1476] mobx
    Script: m/mobx/mobx.sh
    ✓ Already in cache (skipped)

[1477] mocha
    Script: m/mocha/mocha.sh
    ✓ Already in cache (skipped)

[1478] mock-req
    Script: m/mock-req/mock-req_ubi_8.5.sh.sh
    ✓ Already in cache (skipped)

[1479] mock-spawn
    Script: m/mock-spawn/mock-spawn.sh
    ✓ Already in cache (skipped)

[1480] module-alias
    Script: m/module-alias/module-alias.sh
    ✓ Already in cache (skipped)

[1481] module-importer
    Script: m/module-importer/module-importer.sh
    ✓ Already in cache (skipped)

[1482] moleculer
    Script: m/moleculer/moleculer.sh
    ✓ Already in cache (skipped)

[1483] moment
    Script: m/moment/moment.sh
    ✓ Already in cache (skipped)

[1484] moment
    Script: m/moment/moment_rhel_8.3.sh
    ✓ Already in cache (skipped)

[1485] moment
    Script: m/moment/moment_ubuntu_18.04.sh
    ✓ Already in cache (skipped)

[1486] moment-timezone
    Script: m/moment-timezone/moment-timezone.sh
    ✓ Already in cache (skipped)

[1487] moment-timezone
    Script: m/moment-timezone/moment-timezone_rhel_7.4.sh
    ✓ Already in cache (skipped)

[1488] moment-timezone
    Script: m/moment-timezone/moment-timezone_rhel_8.3.sh
    ✓ Already in cache (skipped)

[1489] moment-timezone
    Script: m/moment-timezone/moment-timezone_ubuntu_16.04.sh
    ✓ Already in cache (skipped)

[1490] mongoDB_5_0
    Script: m/mongodb/docker-entrypoint.sh
    ✗ Error: Package not found on npm: mongoDB_5_0

[1491] mongodb-uri
    Script: m/mongodb-uri/mongodb-uri.sh
    ✓ Already in cache (skipped)

[1492] morgan
    Script: m/morgan/morgan.sh
    ✓ Already in cache (skipped)

[1493] morgan
    Script: m/morgan/morgan_ubuntu_18.04.sh
    ✓ Already in cache (skipped)

[1494] mout
    Script: m/mout/mout.sh
    ✓ Already in cache (skipped)

[1495] move-concurrently
    Script: m/move-concurrently/move-concurrently.sh
    ✓ Already in cache (skipped)

[1496] mri
    Script: m/mri/mri.sh
    ✓ Already in cache (skipped)

[1497] ms
    Script: m/ms/ms.sh
    ✓ Already in cache (skipped)

[1498] msgpack-lite
    Script: m/msgpack-lite/msgpack-lite.sh
    ✓ Already in cache (skipped)

[1499] msgpack-stream
    Script: m/msgpack-stream/msgpack-stream.sh
    ✓ Already in cache (skipped)

[1500] msgpack5
    Script: m/msgpack5/msgpack5.sh
    ✓ Already in cache (skipped)

[1501] multicast-dns
    Script: m/multicast-dns/multicast-dns.sh
    ✓ Already in cache (skipped)

[1502] multicast-dns-service-types
    Script: m/multicast-dns-service-types/multicast-dns-service-types.sh
    ✓ Already in cache (skipped)

[1503] multimatch
    Script: m/multimatch/multimatch.sh
    ✓ Already in cache (skipped)

[1504] mute-stream
    Script: m/mute-stream/mute-stream.sh
    ✓ Already in cache (skipped)

[1505] mute-stream
    Script: m/mute-stream/mute-stream_rhel_8.3.sh
    ✓ Already in cache (skipped)

[1506] mux-demux
    Script: m/mux-demux/mux-demux.sh
    ✓ Already in cache (skipped)

[1507] mv
    Script: m/mv/mv.sh
    ✓ Already in cache (skipped)

[1508] mz
    Script: m/mz/mz.sh
    ✓ Already in cache (skipped)

[1509] named-placeholders
    Script: n/named-placeholders/named-placeholders.sh
    ✓ Already in cache (skipped)

[1510] nan
    Script: n/nan/nan.sh
    ✓ Already in cache (skipped)

[1511] nan
    Script: n/nan/nan_ubi_8.4.sh
    ✓ Already in cache (skipped)

[1512] nano-css
    Script: n/nano-css/nano-css.sh
    ✓ Already in cache (skipped)

[1513] native-duplexpair
    Script: n/native-duplexpair/native-duplexpair.sh
    ✓ Already in cache (skipped)

[1514] native-promise-only
    Script: n/native-promise-only/native-promise-only.sh
    ✓ Already in cache (skipped)

[1515] natural-compare
    Script: n/natural-compare/natural-compare.sh
    ✓ Already in cache (skipped)

[1516] nconf
    Script: n/nconf/nconf.sh
    ✓ Already in cache (skipped)

[1517] nconf-yaml
    Script: n/nconf-yaml/nconf-yaml.sh
    ✓ Already in cache (skipped)

[1518] ndarray-ops
    Script: n/ndarray-ops/ndarray-ops.sh
    ✓ Already in cache (skipped)

[1519] negotiator
    Script: n/negotiator/negotiator.sh
    ✓ Already in cache (skipped)

[1520] negotiator
    Script: n/negotiator/negotiator_rhel_8.3.sh
    ✓ Already in cache (skipped)

[1521] nested-error-stacks
    Script: n/nested-error-stacks/nested-error-stacks.sh
    ✓ Already in cache (skipped)

[1522] nestedSortable
    Script: n/nestedsortable/nestedsortable.sh
    ✓ Already in cache (skipped)

[1523] @newrelic/native-metrics
    Script: n/newrelic__native-metrics/newrelic__native-metrics.sh
    ✓ Already in cache (skipped)

[1524] @newrelic/superagent
    Script: n/newrelic__superagent/newrelic__superagent.sh
    ✓ Already in cache (skipped)

[1525] nexe
    Script: n/nexe/nexe.sh
    ✓ Already in cache (skipped)

[1526] next-tick
    Script: n/next-tick/next-tick.sh
    ✓ Already in cache (skipped)

[1527] next-tick
    Script: n/next-tick/next-tick_rhel_8.3.sh
    ✓ Already in cache (skipped)

[1528] ng-annotate
    Script: n/ng-annotate/ng-annotate.sh
    ✓ Already in cache (skipped)

[1529] ng-resize
    Script: n/ng-resize/ng-resize.sh
    ✓ Already in cache (skipped)

[1530] ng2d3
    Script: n/ng2d3/ng2d3.sh
    ✓ Already in cache (skipped)

[1531] nice-try
    Script: n/nice-try/nice-try.sh
    ✓ Already in cache (skipped)

[1532] nigel
    Script: n/nigel/nigel.sh
    ✓ Already in cache (skipped)

[1533] nise
    Script: n/nise/nise.sh
    ✓ Already in cache (skipped)

[1534] njwt
    Script: n/njwt/njwt.sh
    ✓ Already in cache (skipped)

[1535] no-case
    Script: n/no-case/no-case.sh
    ✓ Already in cache (skipped)

[1536] nocache
    Script: n/nocache/nocache.sh
    ✓ Already in cache (skipped)

[1537] nock
    Script: n/nock/nock.sh
    ✓ Already in cache (skipped)

[1538] node-asn1
    Script: n/node-asn1/node-asn1.sh
    ✗ Error: Package not found on npm: node-asn1

[1539] node-assert-plus
    Script: n/node-assert-plus/node-assert-plus.sh
    ✗ Error: Package not found on npm: node-assert-plus

[1540] node-assert-plus
    Script: n/node-assert-plus/node-assert-plus_ubi_8.5.sh
    ✗ Error: Package not found on npm: node-assert-plus

[1541] node-assert-plus
    Script: n/node-assert-plus/node-assert-plus_ubuntu_18.04.sh
    ✗ Error: Package not found on npm: node-assert-plus

[1542] node-backoff
    Script: n/node-backoff/node-backoff.sh
    ✓ Already in cache (skipped)

[1543] node-buffer-more-ints
    Script: n/node-buffer-more-ints/node-buffer-more-ints.sh
    ✗ Error: Package not found on npm: node-buffer-more-ints

[1544] node-cache
    Script: n/node-cache/node-cache.sh
    ✓ Already in cache (skipped)

[1545] node-canvas
    Script: n/node-canvas/node-canvas.sh
    ✓ Already in cache (skipped)

[1546] node-clone
    Script: n/node-clone/node-clone.sh
    ✓ Already in cache (skipped)

[1547] node-cross-spawn
    Script: n/node-cross-spawn/node-cross-spawn.sh
    ✗ Error: Package not found on npm: node-cross-spawn

[1548] node-ctype
    Script: n/node-ctype/node-ctype.sh
    ✗ Error: Package not found on npm: node-ctype

[1549] node-dashdash
    Script: n/node-dashdash/node-dashdash.sh
    ✗ Error: Package not found on npm: node-dashdash

[1550] node-data-uri-to-buffer
    Script: n/node-data-uri-to-buffer/node-data-uri-to-buffer.sh
    ✗ Error: Package not found on npm: node-data-uri-to-buffer

[1551] node-editor
    Script: n/node-editor/node-editor.sh
    ✓ Already in cache (skipped)

[1552] node-emoji
    Script: n/node-emoji/node-emoji.sh
    ✓ Already in cache (skipped)

[1553] node-environment-flags
    Script: n/node-environment-flags/node-environment-flags.sh
    ✓ Already in cache (skipped)

[1554] node-fd-slicer
    Script: n/node-fd-slicer/node-fd-slicer.sh
    ✗ Error: Package not found on npm: node-fd-slicer

[1555] node-fetch
    Script: n/node-fetch/node-fetch.sh
    ✓ Already in cache (skipped)

[1556] node-fetch
    Script: n/node-fetch/node-fetch_ubuntu_18.04.sh
    ✓ Already in cache (skipped)

[1557] node-fetch-h2
    Script: n/node-fetch-h2/node-fetch-h2.sh
    ✓ Already in cache (skipped)

[1558] node-fetch-npm
    Script: n/node-fetch-npm/node-fetch-npm.sh
    ✓ Already in cache (skipped)

[1559] node-fibers
    Script: n/node-fibers/node-fibers.sh
    ✓ Already in cache (skipped)

[1560] node-forge
    Script: n/node-forge/node-forge.sh
    ✓ Already in cache (skipped)

[1561] node-getobject
    Script: n/node-getobject/node-getobject.sh
    ✗ Error: Package not found on npm: node-getobject

[1562] node-glob
    Script: n/node-glob/node-glob.sh
    ✓ Already in cache (skipped)

[1563] node-graceful-fs
    Script: n/node-graceful-fs/node-graceful-fs.sh
    ✗ Error: Package not found on npm: node-graceful-fs

[1564] node-graceful-fs
    Script: n/node-graceful-fs/node-graceful-fs_ubi_8.5.sh
    ✗ Error: Package not found on npm: node-graceful-fs

[1565] node-hashtable
    Script: n/node-hashtable/node-hashtable.sh
    ✓ Already in cache (skipped)

[1566] node-heapdump
    Script: n/node-heapdump/node-heapdump.sh
    ✗ Error: Package not found on npm: node-heapdump

[1567] node-http-proxy
    Script: n/node-http-proxy/node-http-proxy.sh
    ✓ Already in cache (skipped)

[1568] node-http-proxy
    Script: n/node-http-proxy/node-http-proxy_ubuntu_16.04.sh
    ✓ Already in cache (skipped)

[1569] node-http-proxy-agent
    Script: n/node-http-proxy-agent/node-http-proxy-agent.sh
    ✗ Error: Package not found on npm: node-http-proxy-agent

[1570] node-http-proxy-agent
    Script: n/node-http-proxy-agent/node-http-proxy-agent_ubi_8.5.sh
    ✗ Error: Package not found on npm: node-http-proxy-agent

[1571] node-https-proxy-agent
    Script: n/node-https-proxy-agent/node-https-proxy-agent.sh
    ✗ Error: Package not found on npm: node-https-proxy-agent

[1572] node-ignore
    Script: n/node-ignore/node-ignore.sh
    ✗ Error: Package not found on npm: node-ignore

[1573] node-int64
    Script: n/node-int64/node-int64.sh
    ✓ Already in cache (skipped)

[1574] node-jersey
    Script: n/node-jersey/node-jersey.sh
    ✗ Error: Package not found on npm: node-jersey

[1575] node-jose
    Script: n/node-jose/node-jose.sh
    ✓ Already in cache (skipped)

[1576] lint
    Script: n/node-lint/node-lint.sh
    ✓ Already in cache (skipped)

[1577] node-mocks-http
    Script: n/node-mocks-http/node-mocks-http.sh
    ✓ Already in cache (skipped)

[1578] node-newrelic
    Script: n/node-newrelic/node-newrelic.sh
    ✗ Error: Package not found on npm: node-newrelic

[1579] node-normalize
    Script: n/node-normalize/node-normalize.sh
    ✗ Error: Package not found on npm: node-normalize

[1580] node-notifier
    Script: n/node-notifier/node-notifier.sh
    ✓ Already in cache (skipped)

[1581] node-oauth
    Script: n/node-oauth/node-oauth.sh
    ✓ Already in cache (skipped)

[1582] node-object-hash
    Script: n/node-object-hash/node-object-hash.sh
    ✓ Already in cache (skipped)

[1583] node-pg-types
    Script: n/node-pg-types/node-pg-types.sh
    ✗ Error: Package not found on npm: node-pg-types

[1584] node-pre-gyp
    Script: n/node-pre-gyp/node-pre-gyp.sh
    ✓ Already in cache (skipped)

[1585] node-prometheus-gc-stats
    Script: n/node-prometheus-gc-stats/node-prometheus-gc-stats.sh
    ✗ Error: Package not found on npm: node-prometheus-gc-stats

[1586] node-proper-lockfile
    Script: n/node-proper-lockfile/node-proper-lockfile.sh
    ✗ Error: Package not found on npm: node-proper-lockfile

[1587] node-red
    Script: n/node-red/node-red.sh
    ✓ Already in cache (skipped)

[1588] node-rsa
    Script: n/node-rsa/node-rsa.sh
    ✓ Already in cache (skipped)

[1589] PACKAGE_NAME
    Script: n/node-sass/node-sass-v4.14.1.sh
    ✗ Error: Package not found on npm: PACKAGE_NAME

[1590] node-sass
    Script: n/node-sass/node-sass-v4.14.1_UBI_8.4.sh
    ✓ Already in cache (skipped)

[1591] node-sass
    Script: n/node-sass/node-sass_v8.0.0.sh
    ✓ Already in cache (skipped)

[1592] node-sass
    Script: n/node-sass/node_sass_4.14.1.sh
    ✓ Already in cache (skipped)

[1593] node-sass
    Script: n/node-sass/node_sass_4.14.1_ubuntu_18.04.sh
    ✓ Already in cache (skipped)

[1594] node-semver
    Script: n/node-semver/node-semver.sh
    ✓ Already in cache (skipped)

[1595] node-socks-proxy-agent
    Script: n/node-socks-proxy-agent/node-socks-proxy-agent.sh
    ✓ Already in cache (skipped)

[1596] node-spdy
    Script: n/node-spdy/node-spdy.sh
    ✓ Already in cache (skipped)

[1597] node-stack-trace
    Script: n/node-stack-trace/node-stack-trace.sh
    ✗ Error: Package not found on npm: node-stack-trace

[1598] node-stream-transform
    Script: n/node-stream-transform/node-stream-transform.sh
    ✗ Error: Package not found on npm: node-stream-transform

[1599] node-xml-encryption
    Script: n/node-xml-encryption/node-xml-encryption.sh
    ✗ Error: Package not found on npm: node-xml-encryption

[1600] node-xml2js
    Script: n/node-xml2js/node-xml2js.sh
    ✗ Error: Package not found on npm: node-xml2js

[1601] node-yaml
    Script: n/node-yaml/node-yaml.sh
    ✓ Already in cache (skipped)

[1602] node.extend
    Script: n/node.extend/node.extend.sh
    ✓ Already in cache (skipped)

[1603] nodejs-walker
    Script: n/nodejs-walker/nodejs-walker.sh
    ✗ Error: Package not found on npm: nodejs-walker

[1604] nodelib
    Script: n/nodelib/nodelib.sh
    ✓ Already in cache (skipped)

[1605] nodelib
    Script: n/nodelib/nodelib_1.2.8.sh
    ✓ Already in cache (skipped)

[1606] nodelib
    Script: n/nodelib/nodelib_1.2.8_ubi_8.7.sh
    ✓ Already in cache (skipped)

[1607] nodelib
    Script: n/nodelib/nodelib_ubi_8.5.sh
    ✓ Already in cache (skipped)

[1608] nodemailer
    Script: n/nodemailer/nodemailer.sh
    ✓ Already in cache (skipped)

[1609] nodemailer-direct-transport
    Script: n/nodemailer-direct-transport/nodemailer-direct-transport.sh
    ✓ Already in cache (skipped)

[1610] nodemailer-shared
    Script: n/nodemailer-shared/nodemailer-shared.sh
    ✓ Already in cache (skipped)

[1611] nodemailer-smtp-pool
    Script: n/nodemailer-smtp-pool/nodemailer-smtp-pool.sh
    ✓ Already in cache (skipped)

[1612] nodemailer-smtp-transport
    Script: n/nodemailer-smtp-transport/nodemailer-smtp-transport.sh
    ✓ Already in cache (skipped)

[1613] nodemailer-stub-transport
    Script: n/nodemailer-stub-transport/nodemailer-stub-transport.sh
    ✓ Already in cache (skipped)

[1614] nodemailer-wellknown
    Script: n/nodemailer-wellknown/nodemailer-wellknown.sh
    ✓ Already in cache (skipped)

[1615] nopt
    Script: n/nopt/nopt.sh
    ✓ Already in cache (skipped)

[1616] nopt
    Script: n/nopt/nopt_rhel_8.3.sh
    ✓ Already in cache (skipped)

[1617] normalize-css
    Script: n/normalize-css/normalize-css.sh
    ✓ Already in cache (skipped)

[1618] normalize-git-url
    Script: n/normalize-git-url/normalize-git-url.sh
    ✓ Already in cache (skipped)

[1619] normalize-package-data
    Script: n/normalize-package-data/normalize-package-data.sh
    ✓ Already in cache (skipped)

[1620] normalize-package-data
    Script: n/normalize-package-data/normalize-package-data_rhel_8.3.sh
    ✓ Already in cache (skipped)

[1621] normalize-path
    Script: n/normalize-path/normalize-path.sh
    ✓ Already in cache (skipped)

[1622] normalize-scroll-left
    Script: n/normalize-scroll-left/normalize-scroll-left.sh
    ✓ Already in cache (skipped)

[1623] normalize-url
    Script: n/normalize-url/normalize-url.sh
    ✓ Already in cache (skipped)

[1624] normalize.css
    Script: n/normalize.css/normalize.css.sh
    ✓ Already in cache (skipped)

[1625] npm-audit-report
    Script: n/npm-audit-report/npm-audit-report.sh
    ✓ Already in cache (skipped)

[1626] npm-audit-report
    Script: n/npm-audit-report/npm-audit-report_rhel_8.3.sh
    ✓ Already in cache (skipped)

[1627] npm-bundled
    Script: n/npm-bundled/npm-bundled.sh
    ✓ Already in cache (skipped)

[1628] npm-bundled
    Script: n/npm-bundled/npm-bundled_rhel_8.3.sh
    ✓ Already in cache (skipped)

[1629] npm-cache-filename
    Script: n/npm-cache-filename/npm-cache-filename.sh
    ✓ Already in cache (skipped)

[1630] npm-install-checks
    Script: n/npm-install-checks/npm-install-checks.sh
    ✓ Already in cache (skipped)

[1631] npm-install-checks
    Script: n/npm-install-checks/npm-install-checks_rhel_8.3.sh
    ✓ Already in cache (skipped)

[1632] npm-lifecycle
    Script: n/npm-lifecycle/npm-lifecycle.sh
    ✓ Already in cache (skipped)

[1633] npm-logical-tree
    Script: n/npm-logical-tree/npm-logical-tree.sh
    ✓ Already in cache (skipped)

[1634] npm-normalize-package-bin
    Script: n/npm-normalize-package-bin/npm-normalize-package-bin.sh
    ✓ Already in cache (skipped)

[1635] npm-normalize-package-bin
    Script: n/npm-normalize-package-bin/npm-normalize-package-bin_rhel_8.3.sh
    ✓ Already in cache (skipped)

[1636] npm-package-arg
    Script: n/npm-package-arg/npm-package-arg.sh
    ✓ Already in cache (skipped)

[1637] npm-package-arg
    Script: n/npm-package-arg/npm-package-arg_rhel_8.3.sh
    ✓ Already in cache (skipped)

[1638] npm-packlist
    Script: n/npm-packlist/npm-packlist.sh
    ✓ Already in cache (skipped)

[1639] npm-pick-manifest
    Script: n/npm-pick-manifest/npm-pick-manifest.sh
    ✓ Already in cache (skipped)

[1640] npm-profile
    Script: n/npm-profile/npm-profile.sh
    ✓ Already in cache (skipped)

[1641] npm-profile
    Script: n/npm-profile/npm-profile_rhel_8.3.sh
    ✓ Already in cache (skipped)

[1642] npm-registry-fetch
    Script: n/npm-registry-fetch/npm-registry-fetch.sh
    ✓ Already in cache (skipped)

[1643] npm-registry-fetch
    Script: n/npm-registry-fetch/npm-registry-fetch_rhel_8.3.sh
    ✓ Already in cache (skipped)

[1644] npm-run-path
    Script: n/npm-run-path/npm-run-path.sh
    ✓ Already in cache (skipped)

[1645] npm-user-validate
    Script: n/npm-user-validate/npm-user-validate.sh
    ✓ Already in cache (skipped)

[1646] npm-user-validate
    Script: n/npm-user-validate/npm-user-validate_rhel_8.3.sh
    ✓ Already in cache (skipped)

[1647] npmlog
    Script: n/npmlog/npmlog.sh
    ✓ Already in cache (skipped)

[1648] npmlog
    Script: n/npmlog/npmlog_rhel_8.3.sh
    ✓ Already in cache (skipped)

[1649] nth-check
    Script: n/nth-check/nth-check.sh
    ✓ Already in cache (skipped)

[1650] nuid
    Script: n/nuid/nuid.sh
    ✓ Already in cache (skipped)

[1651] nvd3
    Script: n/nvd3/nvd3.sh
    ✓ Already in cache (skipped)

[1652] nyc
    Script: n/nyc/nyc.sh
    ✓ Already in cache (skipped)

[1653] nyc
    Script: n/nyc/nyc_rhel_8.3.sh
    ✓ Already in cache (skipped)

[1654] oas-kit
    Script: o/oas-kit/oas-kit.sh
    ✓ Already in cache (skipped)

[1655] oauth-sign
    Script: o/oauth-sign/oauth-sign.sh
    ✓ Already in cache (skipped)

[1656] object-assign
    Script: o/object-assign/object-assign.sh
    ✓ Already in cache (skipped)

[1657] object-copy
    Script: o/object-copy/object-copy.sh
    ✓ Already in cache (skipped)

[1658] object-hash
    Script: o/object-hash/object-hash.sh
    ✓ Already in cache (skipped)

[1659] object-hash
    Script: o/object-hash/object-hash_rhel_8.3.sh
    ✓ Already in cache (skipped)

[1660] object-inspect
    Script: o/object-inspect/object-inspect.sh
    ✓ Already in cache (skipped)

[1661] object-inspect
    Script: o/object-inspect/object-inspect_rhel_8.3.sh
    ✓ Already in cache (skipped)

[1662] object-is
    Script: o/object-is/object-is.sh
    ✓ Already in cache (skipped)

[1663] object-keys
    Script: o/object-keys/object-keys.sh
    ✓ Already in cache (skipped)

[1664] object-schema
    Script: o/object-schema/object-schema.sh
    ✓ Already in cache (skipped)

[1665] object-unfreeze
    Script: o/object-unfreeze/object-unfreeze.sh
    ✓ Already in cache (skipped)

[1666] object-visit
    Script: o/object-visit/object-visit.sh
    ✓ Already in cache (skipped)

[1667] object.assign
    Script: o/object.assign/object.assign.sh
    ✓ Already in cache (skipped)

[1668] object.defaults
    Script: o/object.defaults/object.defaults.sh
    ✓ Already in cache (skipped)

[1669] object.entries
    Script: o/object.entries/object.entries.sh
    ✓ Already in cache (skipped)

[1670] object.fromentries
    Script: o/object.fromentries/object.fromentries.sh
    ✓ Already in cache (skipped)

[1671] object.getownpropertydescriptors
    Script: o/object.getownpropertydescriptors/object.getownpropertydescriptors.sh
    ✓ Already in cache (skipped)

[1672] object.map
    Script: o/object.map/object.map.sh
    ✓ Already in cache (skipped)

[1673] object.omit
    Script: o/object.omit/object.omit.sh
    ✓ Already in cache (skipped)

[1674] object.pick
    Script: o/object.pick/object.pick.sh
    ✓ Already in cache (skipped)

[1675] object.values
    Script: o/object.values/object.values.sh
    ✓ Already in cache (skipped)

[1676] obuf
    Script: o/obuf/obuf.sh
    ✓ Already in cache (skipped)

[1677] oclif-command
    Script: o/oclif-command/oclif-command.sh
    ✗ Error: Package not found on npm: oclif-command

[1678] oclif-config
    Script: o/oclif-config/oclif_config.sh
    ✗ Error: Package not found on npm: oclif-config

[1679] plugin-help
    Script: o/oclif-plugin-help/oclif-plugin-help.sh
    ✓ Already in cache (skipped)

[1680] @octetstream/promisify
    Script: o/octetstream__promisify/octetstream__promisify.sh
    ✓ Already in cache (skipped)

[1681] oidc-token-hash
    Script: o/oidc-token-hash/oidc-token-hash.sh
    ✓ Already in cache (skipped)

[1682] omatch
    Script: o/omatch/omatch.sh
    ✓ Already in cache (skipped)

[1683] on-finished
    Script: o/on-finished/on-finished.sh
    ✓ Already in cache (skipped)

[1684] on-headers
    Script: o/on-headers/on-headers.sh
    ✓ Already in cache (skipped)

[1685] once
    Script: o/once/once.sh
    ✓ Already in cache (skipped)

[1686] once
    Script: o/once/once_rhel_8.3.sh
    ✓ Already in cache (skipped)

[1687] one-time
    Script: o/one-time/one-time.sh
    ✓ Already in cache (skipped)

[1688] onetime
    Script: o/onetime/onetime.sh
    ✓ Already in cache (skipped)

[1689] onetime
    Script: o/onetime/onetime_rhel_8.3.sh
    ✓ Already in cache (skipped)

[1690] open
    Script: o/open/open.sh
    ✓ Already in cache (skipped)

[1691] open
    Script: o/open/open_rhel_8.3.sh
    ✓ Already in cache (skipped)

[1692] @openapi-contrib/openapi-schema-to-json-schema
    Script: o/openapi-contrib__openapi-schema-to-json-schema/openapi-contrib__openapi-schema-to-json-schema.sh
    ✓ Already in cache (skipped)

[1693] openapi-specification
    Script: o/openapi-specification/openapi-specification.sh
    ✗ Error: Package not found on npm: openapi-specification

[1694] openapi-specification
    Script: o/openapi-specification/openapi-specification_ubi_8.7.sh
    ✗ Error: Package not found on npm: openapi-specification

[1695] openapi3-ts
    Script: o/openapi3-ts/openapi3-ts.sh
    ✓ Already in cache (skipped)

[1696] opener
    Script: o/opener/opener.sh
    ✓ Already in cache (skipped)

[1697] openid-client
    Script: o/openid-client/openid-client.sh
    ✓ Already in cache (skipped)

[1698] openlayers
    Script: o/openlayers/openlayers_5.2.0.sh
    ✓ Already in cache (skipped)

[1699] openssl-wrapper
    Script: o/openssl-wrapper/openssl-wrapper.sh
    ✓ Already in cache (skipped)

[1700] opentelemetry-js
    Script: o/opentelemetry-js/opentelemetry-js.sh
    ✗ Error: Package not found on npm: opentelemetry-js

[1701] opentelemetry-js-api
    Script: o/opentelemetry-js-api/opentelemetry-js-api.sh
    ✗ Error: Package not found on npm: opentelemetry-js-api

[1702] opentelemetry-js-contrib
    Script: o/opentelemetry-js-contrib/opentelemetry-js-contrib.sh
    ✗ Error: Package not found on npm: opentelemetry-js-contrib

[1703] opentelemetry-js-contrib
    Script: o/opentelemetry-js-contrib/opentelemetry-js-contrib_ubi_8.5.sh
    ✗ Error: Package not found on npm: opentelemetry-js-contrib

[1704] opn
    Script: o/opn/opn.sh
    ✓ Already in cache (skipped)

[1705] optimize-css-assets-webpack-plugin
    Script: o/optimize-css-assets-webpack-plugin/optimize-css-assets-webpack-plugin.sh
    ✓ Already in cache (skipped)

[1706] optionator
    Script: o/optionator/optionator.sh
    ✓ Already in cache (skipped)

[1707] options
    Script: o/options/options.sh
    ✓ Already in cache (skipped)

[1708] original
    Script: o/original/original.sh
    ✓ Already in cache (skipped)

[1709] original
    Script: o/original/original_rhel_8.3.sh
    ✓ Already in cache (skipped)

[1710] os-locale
    Script: o/os-locale/os-locale.sh
    ✓ Already in cache (skipped)

[1711] osapi
    Script: o/osapi/osapi.sh
    ✓ Already in cache (skipped)

[1712] oseconds
    Script: o/oseconds/oseconds.sh
    ✗ Error: Package not found on npm: oseconds

[1713] osenv
    Script: o/osenv/osenv.sh
    ✓ Already in cache (skipped)

[1714] @ovotech/avro-mock-generator
    Script: o/ovotech__avro-mock-generator/ovotech__avro-mock-generator.sh
    ✓ Already in cache (skipped)

[1715] p-any
    Script: p/p-any/p-any.sh
    ✓ Already in cache (skipped)

[1716] p-cancelable
    Script: p/p-cancelable/p-cancelable.sh
    ✓ Already in cache (skipped)

[1717] p-each-series
    Script: p/p-each-series/p-each-series.sh
    ✓ Already in cache (skipped)

[1718] p-event
    Script: p/p-event/p-event.sh
    ✓ Already in cache (skipped)

[1719] p-event
    Script: p/p-event/p-event_rhel_8.3.sh
    ✓ Already in cache (skipped)

[1720] p-finally
    Script: p/p-finally/p-finally.sh
    ✓ Already in cache (skipped)

[1721] p-is-promise
    Script: p/p-is-promise/p-is-promise.sh
    ✓ Already in cache (skipped)

[1722] p-limit
    Script: p/p-limit/p-limit.sh
    ✓ Already in cache (skipped)

[1723] p-limit
    Script: p/p-limit/p-limit_rhel_8.3.sh
    ✓ Already in cache (skipped)

[1724] p-locate
    Script: p/p-locate/p-locate.sh
    ✓ Already in cache (skipped)

[1725] p-map
    Script: p/p-map/p-map.sh
    ✓ Already in cache (skipped)

[1726] p-retry
    Script: p/p-retry/p-retry.sh
    ✓ Already in cache (skipped)

[1727] p-some
    Script: p/p-some/p-some.sh
    ✓ Already in cache (skipped)

[1728] p-timeout
    Script: p/p-timeout/p-timeout.sh
    ✓ Already in cache (skipped)

[1729] p-timeout
    Script: p/p-timeout/p-timeout_rhel_8.3.sh
    ✓ Already in cache (skipped)

[1730] p-try
    Script: p/p-try/p-try.sh
    ✓ Already in cache (skipped)

[1731] package-hash
    Script: p/package-hash/package-hash.sh
    ✓ Already in cache (skipped)

[1732] package-json
    Script: p/package-json/package-json.sh
    ✓ Already in cache (skipped)

[1733] packet-reader
    Script: p/packet-reader/packet-reader.sh
    ✓ Already in cache (skipped)

[1734] pad-left
    Script: p/pad-left/pad-left.sh
    ✓ Already in cache (skipped)

[1735] pad-right
    Script: p/pad-right/pad-right.sh
    ✓ Already in cache (skipped)

[1736] paged-request
    Script: p/paged-request/paged-request.sh
    ✓ Already in cache (skipped)

[1737] pako
    Script: p/pako/pako.sh
    ✓ Already in cache (skipped)

[1738] pako
    Script: p/pako/pako_ubuntu_18.04.sh
    ✓ Already in cache (skipped)

[1739] @panva/asn1.js
    Script: p/panva__asn1.js/panva__asn1.js.sh
    ✓ Already in cache (skipped)

[1740] papaparse
    Script: p/papaparse/papaparse.sh
    ✓ Already in cache (skipped)

[1741] param-case
    Script: p/param-case/param-case.sh
    ✓ Already in cache (skipped)

[1742] parent-module
    Script: p/parent-module/parent-module.sh
    ✓ Already in cache (skipped)

[1743] parse-asn1
    Script: p/parse-asn1/parse-asn1.sh
    ✓ Already in cache (skipped)

[1744] parse-filepath
    Script: p/parse-filepath/parse-filepath.sh
    ✓ Already in cache (skipped)

[1745] parse-glob
    Script: p/parse-glob/parse-glob.sh
    ✓ Already in cache (skipped)

[1746] parse-json
    Script: p/parse-json/parse-json.sh
    ✓ Already in cache (skipped)

[1747] parse-json
    Script: p/parse-json/parse-json_rhel_8.3.sh
    ✓ Already in cache (skipped)

[1748] parse-ms
    Script: p/parse-ms/parse-ms.sh
    ✓ Already in cache (skipped)

[1749] parse-passwd
    Script: p/parse-passwd/parse-passwd.sh
    ✓ Already in cache (skipped)

[1750] parse5
    Script: p/parse5/parse5.sh
    ✓ Already in cache (skipped)

[1751] parse5
    Script: p/parse5/parse5_rhel_7.3.sh
    ✓ Already in cache (skipped)

[1752] parse5
    Script: p/parse5/parse5_ubuntu_16.04.sh
    ✓ Already in cache (skipped)

[1753] parseqs
    Script: p/parseqs/parseqs.sh
    ✓ Already in cache (skipped)

[1754] parseuri
    Script: p/parseuri/parseuri.sh
    ✓ Already in cache (skipped)

[1755] parseurl
    Script: p/parseurl/parseurl.sh
    ✓ Already in cache (skipped)

[1756] particles.js
    Script: p/particles.js/particles.js.sh
    ✓ Already in cache (skipped)

[1757] pascal-case
    Script: p/pascal-case/pascal-case.sh
    ✓ Already in cache (skipped)

[1758] pascalcase
    Script: p/pascalcase/pascalcase.sh
    ✓ Already in cache (skipped)

[1759] passport
    Script: p/passport/passport.sh
    ✓ Already in cache (skipped)

[1760] PACKAGE_NAME
    Script: p/passport-local/passport-local.sh
    ✗ Error: Package not found on npm: PACKAGE_NAME

[1761] passport-local
    Script: p/passport-local/passport-local_ubuntu_16.04.sh
    ✓ Already in cache (skipped)

[1762] path-dirname
    Script: p/path-dirname/path-dirname.sh
    ✓ Already in cache (skipped)

[1763] path-exists
    Script: p/path-exists/path-exists.sh
    ✓ Already in cache (skipped)

[1764] path-is-absolute
    Script: p/path-is-absolute/path-is-absolute.sh
    ✓ Already in cache (skipped)

[1765] path-is-inside
    Script: p/path-is-inside/path-is-inside.sh
    ✓ Already in cache (skipped)

[1766] path-key
    Script: p/path-key/path-key.sh
    ✓ Already in cache (skipped)

[1767] path-loader
    Script: p/path-loader/path-loader.sh
    ✓ Already in cache (skipped)

[1768] path-match
    Script: p/path-match/path-match.sh
    ✓ Already in cache (skipped)

[1769] path-parse
    Script: p/path-parse/path-parse.sh
    ✓ Already in cache (skipped)

[1770] path-root
    Script: p/path-root/path-root.sh
    ✓ Already in cache (skipped)

[1771] path-root-regex
    Script: p/path-root-regex/path-root-regex.sh
    ✓ Already in cache (skipped)

[1772] path-to-regexp
    Script: p/path-to-regexp/path-to-regexp.sh
    ✓ Already in cache (skipped)

[1773] path-type
    Script: p/path-type/path-type.sh
    ✓ Already in cache (skipped)

[1774] pathval
    Script: p/pathval/pathval.sh
    ✓ Already in cache (skipped)

[1775] pause-stream
    Script: p/pause-stream/pause-stream.sh
    ✓ Already in cache (skipped)

[1776] pbkdf2-compat
    Script: p/pbkdf2-compat/pbkdf2-compat.sh
    ✓ Already in cache (skipped)

[1777] pdfkit
    Script: p/pdfkit/pdfkit.sh
    ✓ Already in cache (skipped)

[1778] pdfkit
    Script: p/pdfkit/pdfkit_ubuntu_16.04.sh
    ✓ Already in cache (skipped)

[1779] pend
    Script: p/pend/pend.sh
    ✓ Already in cache (skipped)

[1780] perfect-scrollbar
    Script: p/perfect-scrollbar/perfect-scrollbar.sh
    ✓ Already in cache (skipped)

[1781] performance-now
    Script: p/performance-now/performance_now.sh
    ✓ Already in cache (skipped)

[1782] persevere
    Script: p/persevere/persevere.sh
    ✓ Already in cache (skipped)

[1783] pez
    Script: p/pez/pez.sh
    ✓ Already in cache (skipped)

[1784] pg-int8
    Script: p/pg-int8/pg-int8.sh
    ✓ Already in cache (skipped)

[1785] pg-types
    Script: p/pg-types/pg-types.sh
    ✓ Already in cache (skipped)

[1786] @phenomnomnominal/tsquery
    Script: p/phenomnomnominal__tsquery/phenomnomnominal__tsquery.sh
    ✓ Already in cache (skipped)

[1787] picocolors
    Script: p/picocolors/picocolors_8.5.sh
    ✓ Already in cache (skipped)

[1788] picomatch
    Script: p/picomatch/picomatch.sh
    ✓ Already in cache (skipped)

[1789] picomatch
    Script: p/picomatch/picomatch_rhel_8.3.sh
    ✓ Already in cache (skipped)

[1790] picomatch
    Script: p/picomatch/picomatch_ubi_8.7.sh
    ✓ Already in cache (skipped)

[1791] pify
    Script: p/pify/pify.sh
    ✓ Already in cache (skipped)

[1792] pinkie-promise
    Script: p/pinkie-promise/pinkie-promise.sh
    ✓ Already in cache (skipped)

[1793] pino-abstract-transport
    Script: p/pino-abstract-transport/pino-abstract-transport.sh
    ✓ Already in cache (skipped)

[1794] pino-colada
    Script: p/pino-colada/pino-colada.sh
    ✓ Already in cache (skipped)

[1795] pino-pretty
    Script: p/pino-pretty/pino-pretty.sh
    ✓ Already in cache (skipped)

[1796] pino-std-serializers
    Script: p/pino-std-serializers/pino-std-serializers.sh
    ✓ Already in cache (skipped)

[1797] pirates
    Script: p/pirates/pirates.sh
    ✓ Already in cache (skipped)

[1798] pkg-conf
    Script: p/pkg-conf/pkg-conf.sh
    ✓ Already in cache (skipped)

[1799] pkg-json
    Script: p/pkg-json/pkg-json.sh
    ✓ Already in cache (skipped)

[1800] pkg-up
    Script: p/pkg-up/pkg-up.sh
    ✓ Already in cache (skipped)

[1801] pkg-up
    Script: p/pkg-up/pkg-up_8.5.sh
    ✓ Already in cache (skipped)

[1802] plur
    Script: p/plur/plur.sh
    ✓ Already in cache (skipped)

[1803] pluralize
    Script: p/pluralize/pluralize.sh
    ✓ Already in cache (skipped)

[1804] pn
    Script: p/pn/pn.sh
    ✓ Already in cache (skipped)

[1805] png-js
    Script: p/png-js/png-js.sh
    ✓ Already in cache (skipped)

[1806] podium
    Script: p/podium/podium.sh
    ✓ Already in cache (skipped)

[1807] pointer-symbol
    Script: p/pointer-symbol/pointer-symbol.sh
    ✓ Already in cache (skipped)

[1808] polished
    Script: p/polished/polished.sh
    ✓ Already in cache (skipped)

[1809] popmotion
    Script: p/popmotion/popmotion.sh
    ✓ Already in cache (skipped)

[1810] popper.js
    Script: p/popper.js/popper_master.sh
    ✓ Already in cache (skipped)

[1811] popper-core
    Script: p/popper.js/popperjs_2.10.2..sh
    ✗ Error: Package not found on npm: popper-core

[1812] popper-core
    Script: p/popper.js/popperjs_2.10.2._ubuntu_18.04.sh
    ✗ Error: Package not found on npm: popper-core

[1813] portfinder
    Script: p/portfinder/portfinder.sh
    ✓ Already in cache (skipped)

[1814] posix-character-classes
    Script: p/posix-character-classes/posix-character-classes.sh
    ✓ Already in cache (skipped)

[1815] posix-getopt
    Script: p/posix-getopt/posix-getopt.sh
    ✓ Already in cache (skipped)

[1816] postcss-browser-comments
    Script: p/postcss-browser-comments/postcss-browser-comments.sh
    ✓ Already in cache (skipped)

[1817] postcss-calc
    Script: p/postcss-calc/postcss-calc.sh
    ✓ Already in cache (skipped)

[1818] postcss-color-functional-notation
    Script: p/postcss-color-functional-notation/postcss-color-functional-notation.sh
    ✓ Already in cache (skipped)

[1819] postcss-color-gray
    Script: p/postcss-color-gray/postcss-color-gray.sh
    ✓ Already in cache (skipped)

[1820] postcss-color-hex-alpha
    Script: p/postcss-color-hex-alpha/postcss-color-hex-alpha.sh
    ✓ Already in cache (skipped)

[1821] postcss-color-mod-function
    Script: p/postcss-color-mod-function/postcss-color-mod-function.sh
    ✓ Already in cache (skipped)

[1822] postcss-custom-media
    Script: p/postcss-custom-media/postcss-custom-media.sh
    ✓ Already in cache (skipped)

[1823] postcss-custom-properties
    Script: p/postcss-custom-properties/postcss-custom-properties.sh
    ✓ Already in cache (skipped)

[1824] postcss-custom-selectors
    Script: p/postcss-custom-selectors/postcss-custom-selectors.sh
    ✓ Already in cache (skipped)

[1825] postcss-dir-pseudo-class
    Script: p/postcss-dir-pseudo-class/postcss-dir-pseudo-class.sh
    ✓ Already in cache (skipped)

[1826] postcss-double-position-gradients
    Script: p/postcss-double-position-gradients/postcss-double-position-gradients.sh
    ✓ Already in cache (skipped)

[1827] postcss-env-function
    Script: p/postcss-env-function/postcss-env-function.sh
    ✓ Already in cache (skipped)

[1828] postcss-focus-visible
    Script: p/postcss-focus-visible/postcss-focus-visible.sh
    ✓ Already in cache (skipped)

[1829] postcss-focus-within
    Script: p/postcss-focus-within/postcss-focus-within.sh
    ✓ Already in cache (skipped)

[1830] postcss-font-variant
    Script: p/postcss-font-variant/postcss-font-variant.sh
    ✓ Already in cache (skipped)

[1831] postcss-gap-properties
    Script: p/postcss-gap-properties/postcss-gap-properties.sh
    ✓ Already in cache (skipped)

[1832] postcss-image-set-function
    Script: p/postcss-image-set-function/postcss-image-set-function.sh
    ✓ Already in cache (skipped)

[1833] postcss-initial
    Script: p/postcss-initial/postcss-initial.sh
    ✓ Already in cache (skipped)

[1834] postcss-lab-function
    Script: p/postcss-lab-function/postcss-lab-function.sh
    ✓ Already in cache (skipped)

[1835] postcss-logical
    Script: p/postcss-logical/postcss-logical.sh
    ✓ Already in cache (skipped)

[1836] postcss-media-minmax
    Script: p/postcss-media-minmax/postcss-media-minmax.sh
    ✓ Already in cache (skipped)

[1837] postcss-modules-extract-imports
    Script: p/postcss-modules-extract-imports/postcss-modules-extract-imports.sh
    ✓ Already in cache (skipped)

[1838] postcss-modules-local-by-default
    Script: p/postcss-modules-local-by-default/postcss-modules-local-by-default.sh
    ✓ Already in cache (skipped)

[1839] postcss-modules-scope
    Script: p/postcss-modules-scope/postcss-modules-scope.sh
    ✓ Already in cache (skipped)

[1840] postcss-modules-values
    Script: p/postcss-modules-values/postcss-modules-values.sh
    ✓ Already in cache (skipped)

[1841] postcss-nesting
    Script: p/postcss-nesting/postcss-nesting.sh
    ✓ Already in cache (skipped)

[1842] postcss-page-break
    Script: p/postcss-page-break/postcss-page-break.sh
    ✓ Already in cache (skipped)

[1843] postcss-place
    Script: p/postcss-place/postcss-place.sh
    ✓ Already in cache (skipped)

[1844] postcss-pseudo-class-any-link
    Script: p/postcss-pseudo-class-any-link/postcss-pseudo-class-any-link.sh
    ✓ Already in cache (skipped)

[1845] postcss-reduce-initial
    Script: p/postcss-reduce-initial/postcss-reduce-initial.sh
    ✓ Already in cache (skipped)

[1846] cssnano
    Script: p/postcss-reduce-initial/postcss-reduce-initial_1.0.1_4.0.3.sh
    ✓ Already in cache (skipped)

[1847] cssnano
    Script: p/postcss-reduce-initial/postcss-reduce-initial_1.0.1_4.0.3_Ubuntu_18.04.sh
    ✓ Already in cache (skipped)

[1848] postcss-selector-matches
    Script: p/postcss-selector-matches/postcss-selector-matches.sh
    ✓ Already in cache (skipped)

[1849] postcss-selector-not
    Script: p/postcss-selector-not/postcss-selector-not.sh
    ✓ Already in cache (skipped)

[1850] postcss-selector-parser
    Script: p/postcss-selector-parser/postcss-selector-parser.sh
    ✓ Already in cache (skipped)

[1851] postcss-selector-parser
    Script: p/postcss-selector-parser/postcss-selector-parser_rhel_8.3.sh
    ✓ Already in cache (skipped)

[1852] postcss-value-parser
    Script: p/postcss-value-parser/postcss-value-parser.sh
    ✓ Already in cache (skipped)

[1853] postgres-array
    Script: p/postgres-array/postgres-array.sh
    ✓ Already in cache (skipped)

[1854] postgres-bytea
    Script: p/postgres-bytea/postgres-bytea.sh
    ✓ Already in cache (skipped)

[1855] postgres-date
    Script: p/postgres-date/postgres-date.sh
    ✓ Already in cache (skipped)

[1856] postgres-interval
    Script: p/postgres-interval/postgres-interval.sh
    ✓ Already in cache (skipped)

[1857] precond
    Script: p/precond/precond.sh
    ✓ Already in cache (skipped)

[1858] prelude-ls
    Script: p/prelude-ls/prelude-ls.sh
    ✓ Already in cache (skipped)

[1859] preserve
    Script: p/preserve/preserve.sh
    ✓ Already in cache (skipped)

[1860] preset-modules
    Script: p/preset-modules/preset-modules.sh
    ✓ Already in cache (skipped)

[1861] prettier-bytes
    Script: p/prettier-bytes/prettier-bytes.sh
    ✓ Already in cache (skipped)

[1862] pretty-bytes
    Script: p/pretty-bytes/pretty-bytes.sh
    ✓ Already in cache (skipped)

[1863] pretty-error
    Script: p/pretty-error/pretty-error.sh
    ✓ Already in cache (skipped)

[1864] pretty-ms
    Script: p/pretty-ms/pretty-ms.sh
    ✓ Already in cache (skipped)

[1865] pretty-time
    Script: p/pretty-time/pretty-time.sh
    ✓ Already in cache (skipped)

[1866] prettysize
    Script: p/prettysize/prettysize.sh
    ✓ Already in cache (skipped)

[1867] print-html-element
    Script: p/print-html-element/print-html-element.sh
    ✓ Already in cache (skipped)

[1868] private
    Script: p/private/private.sh
    ✓ Already in cache (skipped)

[1869] process-nextick-args
    Script: p/process-nextick-args/process-nextick-args.sh
    ✓ Already in cache (skipped)

[1870] promise
    Script: p/promise/promise.sh
    ✓ Already in cache (skipped)

[1871] promise-pool
    Script: p/promise-pool/promise-pool.sh
    ✓ Already in cache (skipped)

[1872] promise-retry
    Script: p/promise-retry/promise-retry.sh
    ✓ Already in cache (skipped)

[1873] promised-ldap
    Script: p/promised-ldap/promised-ldap.sh
    ✓ Already in cache (skipped)

[1874] prompt-choices
    Script: p/prompt-choices/prompt-choices.sh
    ✓ Already in cache (skipped)

[1875] prompt-password
    Script: p/prompt-password/prompt-password.sh
    ✓ Already in cache (skipped)

[1876] prompt-question
    Script: p/prompt-question/prompt-question.sh
    ✓ Already in cache (skipped)

[1877] prompts
    Script: p/prompts/prompts.sh
    ✓ Already in cache (skipped)

[1878] promzard
    Script: p/promzard/promzard.sh
    ✓ Already in cache (skipped)

[1879] prop-types
    Script: p/prop-types/prop-types.sh
    ✓ Already in cache (skipped)

[1880] prop-types
    Script: p/prop-types/prop-types_rhel_8.3.sh
    ✓ Already in cache (skipped)

[1881] properties-reader
    Script: p/properties-reader/properties-reader.sh
    ✓ Already in cache (skipped)

[1882] property-information
    Script: p/property-information/property-information.sh
    ✓ Already in cache (skipped)

[1883] proto-list
    Script: p/proto-list/proto-list.sh
    ✓ Already in cache (skipped)

[1884] protobufjs
    Script: p/protobufjs/protobufjs.sh
    ✓ Already in cache (skipped)

[1885] @protobufjs/aspromise
    Script: p/protobufjs__aspromise/protobufjs__aspromise.sh
    ✓ Already in cache (skipped)

[1886] @protobufjs/base64
    Script: p/protobufjs__base64/protobufjs__base64.sh
    ✓ Already in cache (skipped)

[1887] @protobufjs/eventemitter
    Script: p/protobufjs__eventemitter/protobufjs__eventemitter.sh
    ✓ Already in cache (skipped)

[1888] @protobufjs/fetch
    Script: p/protobufjs__fetch/protobufjs__fetch.sh
    ✓ Already in cache (skipped)

[1889] @protobufjs/float
    Script: p/protobufjs__float/protobufjs__float.sh
    ✓ Already in cache (skipped)

[1890] @protobufjs/inquire
    Script: p/protobufjs__inquire/protobufjs__inquire.sh
    ✓ Already in cache (skipped)

[1891] @protobufjs/path
    Script: p/protobufjs__path/protobufjs__path.sh
    ✓ Already in cache (skipped)

[1892] @protobufjs/pool
    Script: p/protobufjs__pool/protobufjs__pool.sh
    ✓ Already in cache (skipped)

[1893] @protobufjs/utf8
    Script: p/protobufjs__utf8/protobufjs__utf8.sh
    ✓ Already in cache (skipped)

[1894] protoduck
    Script: p/protoduck/protoduck.sh
    ✓ Already in cache (skipped)

[1895] proxy-addr
    Script: p/proxy-addr/proxy-addr.sh
    ✓ Already in cache (skipped)

[1896] proxy-agents
    Script: p/proxy-agents/proxy-agents.sh
    ✗ Error: Package not found on npm: proxy-agents

[1897] prr
    Script: p/prr/prr.sh
    ✓ Already in cache (skipped)

[1898] pseudomap
    Script: p/pseudomap/pseudomap.sh
    ✓ Already in cache (skipped)

[1899] psl
    Script: p/psl/psl.sh
    ✓ Already in cache (skipped)

[1900] pstree.remy
    Script: p/pstree.remy/pstree.remy.sh
    ✓ Already in cache (skipped)

[1901] public-encrypt
    Script: p/public-encrypt/public-encrypt.sh
    ✓ Already in cache (skipped)

[1902] pump
    Script: p/pump/pump.sh
    ✓ Already in cache (skipped)

[1903] pumpify
    Script: p/pumpify/pumpify.sh
    ✓ Already in cache (skipped)

[1904] punycode
    Script: p/punycode/punycode.sh
    ✓ Already in cache (skipped)

[1905] punycode.js
    Script: p/punycode.js/punycode.js.sh
    ✓ Already in cache (skipped)

[1906] pure-color
    Script: p/pure-color/pure-color.sh
    ✓ Already in cache (skipped)

[1907] pyramid_debugtoolbar
    Script: p/pyramid_debugtoolbar/pyramid_debugtoolbar_ubi_8_7.sh
    ✗ Error: Package not found on npm: pyramid_debugtoolbar

[1908] qs
    Script: q/qs/qs.sh
    ✓ Already in cache (skipped)

[1909] query-string
    Script: q/query-string/query-string.sh
    ✓ Already in cache (skipped)

[1910] query-string
    Script: q/query-string/query-string_ubuntu_18.04.sh
    ✓ Already in cache (skipped)

[1911] querystringify
    Script: q/querystringify/querystringify.sh
    ✓ Already in cache (skipped)

[1912] queue-microtask
    Script: q/queue-microtask/queue-microtask.sh
    ✓ Already in cache (skipped)

[1913] quick-format-unescaped
    Script: q/quick-format-unescaped/quick-format-unescaped.sh
    ✓ Already in cache (skipped)

[1914] quick-lru
    Script: q/quick-lru/quick-lru.sh
    ✓ Already in cache (skipped)

[1915] quick-lru
    Script: q/quick-lru/quick-lru_rhel_8.3.sh
    ✓ Already in cache (skipped)

[1916] qunit
    Script: q/qunit/qunit.sh
    ✓ Already in cache (skipped)

[1917] qunit
    Script: q/qunit/qunit_ubuntu_18.04.sh
    ✓ Already in cache (skipped)

[1918] qw
    Script: q/qw/qw.sh
    ✓ Already in cache (skipped)

[1919] qwery
    Script: q/qwery/qwery.sh
    ✓ Already in cache (skipped)

[1920] radio-symbol
    Script: r/radio-symbol/radio-symbol.sh
    ✓ Already in cache (skipped)

[1921] ramda
    Script: r/ramda/ramda.sh
    ✓ Already in cache (skipped)

[1922] ramda
    Script: r/ramda/ramda_ubi_8.0.sh
    ✓ Already in cache (skipped)

[1923] randexp
    Script: r/randexp/randexp.sh
    ✓ Already in cache (skipped)

[1924] randomatic
    Script: r/randomatic/randomatic.sh
    ✓ Already in cache (skipped)

[1925] randombytes
    Script: r/randombytes/randombytes.sh
    ✓ Already in cache (skipped)

[1926] randomfill
    Script: r/randomfill/randomfill.sh
    ✓ Already in cache (skipped)

[1927] randomstring
    Script: r/randomstring/randomstring.sh
    ✓ Already in cache (skipped)

[1928] range-parser
    Script: r/range-parser/range-parser.sh
    ✓ Already in cache (skipped)

[1929] rasha.js
    Script: r/rasha.js/rasha.js.sh
    ✗ Invalid package name: Invalid npm package name: rasha.js. Must contain only alphanumeric, -, _, @, /

[1930] raw-body
    Script: r/raw-body/raw-body.sh
    ✓ Already in cache (skipped)

[1931] raw-body
    Script: r/raw-body/raw-body_rhel_8.3.sh
    ✓ Already in cache (skipped)

[1932] raw-loader
    Script: r/raw-loader/raw-loader.sh
    ✓ Already in cache (skipped)

[1933] rd3
    Script: r/rd3/rd3.sh
    ✓ Already in cache (skipped)

[1934] react
    Script: r/react/react.sh
    ✓ Already in cache (skipped)

[1935] react
    Script: r/react/react_rhel_7.3.sh
    ✓ Already in cache (skipped)

[1936] react
    Script: r/react/react_rhel_7.6.sh
    ✓ Already in cache (skipped)

[1937] react
    Script: r/react/react_ubi_8.3.sh
    ✓ Already in cache (skipped)

[1938] react
    Script: r/react/react_ubuntu_16.04.sh
    ✓ Already in cache (skipped)

[1939] react
    Script: r/react/react_ubuntu_18.04.sh
    ✓ Already in cache (skipped)

[1940] react
    Script: r/react/react_v18.2.0.sh
    ✓ Already in cache (skipped)

[1941] react-autocomplete
    Script: r/react-autocomplete/react-autocomplete.sh
    ✓ Already in cache (skipped)

[1942] react-blockly-component
    Script: r/react-blockly-component/react-blockly-component.sh
    ✓ Already in cache (skipped)

[1943] react-bootstrap-table
    Script: r/react-bootstrap-table/react-bootstrap-table.sh
    ✓ Already in cache (skipped)

[1944] react-collapse
    Script: r/react-collapse/react-collapse.sh
    ✓ Already in cache (skipped)

[1945] react-contextmenu
    Script: r/react-contextmenu/react-contextmenu.sh
    ✓ Already in cache (skipped)

[1946] react-copy-to-clipboard
    Script: r/react-copy-to-clipboard/react-copy-to-clipboard.sh
    ✓ Already in cache (skipped)

[1947] react-dnd-scrollzone
    Script: r/react-dnd-scrollzone/react-dnd-scrollzone.sh
    ✓ Already in cache (skipped)

[1948] react-draggable
    Script: r/react-draggable/react-draggable-master.sh
    ✓ Already in cache (skipped)

[1949] PACKAGE_NAME
    Script: r/react-draggable/react-draggable.sh
    ✗ Error: Package not found on npm: PACKAGE_NAME

[1950] react-draggable
    Script: r/react-draggable/react-draggable_ubuntu_18.04.sh
    ✓ Already in cache (skipped)

[1951] react-event-listener
    Script: r/react-event-listener/react-event-listener.sh
    ✓ Already in cache (skipped)

[1952] react-from-dom
    Script: r/react-from-dom/react-from-dom.sh
    ✓ Already in cache (skipped)

[1953] react-grid-layout
    Script: r/react-grid-layout/react-grid-layout.sh
    ✓ Already in cache (skipped)

[1954] react-grid-layout
    Script: r/react-grid-layout/react-grid-layout_ubuntu_18.04.sh
    ✓ Already in cache (skipped)

[1955] react-hot-loader
    Script: r/react-hot-loader/react-hot-loader.sh
    ✓ Already in cache (skipped)

[1956] react-html-table-to-excel
    Script: r/react-html-table-to-excel/react-html-table-to-excel.sh
    ✓ Already in cache (skipped)

[1957] react-i18next
    Script: r/react-i18next/react-i18next.sh
    ✓ Already in cache (skipped)

[1958] react-intl
    Script: r/react-intl/react-intl.sh
    ✓ Already in cache (skipped)

[1959] react-mde
    Script: r/react-mde/react-mde_8.5.sh
    ✓ Already in cache (skipped)

[1960] react-mock-router
    Script: r/react-mock-router/react-mock-router.sh
    ✓ Already in cache (skipped)

[1961] react-modal
    Script: r/react-modal/react-modal.sh
    ✓ Already in cache (skipped)

[1962] react-motion
    Script: r/react-motion/react-motion.sh
    ✓ Already in cache (skipped)

[1963] react-native
    Script: r/react-native/react-native_v0.74.2.sh
    ✓ Already in cache (skipped)

[1964] async-storage
    Script: r/react-native-async-storage/react-native-async-storage_v1.24.0.sh
    ✓ Already in cache (skipped)

[1965] react-native-device-info
    Script: r/react-native-device-info/react-native-device-info_v11.1.0.sh
    ✓ Already in cache (skipped)

[1966] react-native-listener
    Script: r/react-native-listener/react-native-listener.sh
    ✓ Already in cache (skipped)

[1967] react-native-localize
    Script: r/react-native-localize/react-native-localize_v2.2.4.sh
    ✓ Already in cache (skipped)

[1968] react-native-netinfo
    Script: r/react-native-netinfo/react-native-netinfo_v11.3.2.sh
    ✓ Already in cache (skipped)

[1969] react-native-safe-area-context
    Script: r/react-native-safe-area-context/react-native-safe-area-context_v4.10.8.sh
    ✓ Already in cache (skipped)

[1970] react-navigation
    Script: r/react-navigation/react-navigation-native_v6.1.17.sh
    ✓ Already in cache (skipped)

[1971] react-popper
    Script: r/react-popper/react-popper.sh
    ✓ Already in cache (skipped)

[1972] react-proxy
    Script: r/react-proxy/react_proxy.sh
    ✓ Already in cache (skipped)

[1973] react-redux
    Script: r/react-redux/react-redux.sh
    ✓ Already in cache (skipped)

[1974] react-resize-detector
    Script: r/react-resize-detector/react_resize_detector.sh
    ✓ Already in cache (skipped)

[1975] react-router
    Script: r/react-router/react-router.sh
    ✓ Already in cache (skipped)

[1976] react-router
    Script: r/react-router/react-router_ubuntu_18.04.sh
    ✓ Already in cache (skipped)

[1977] react-router-redux
    Script: r/react-router-redux/react-router-redux.sh
    ✓ Already in cache (skipped)

[1978] react
    Script: r/react-scheduler/react-scheduler.sh
    ✓ Already in cache (skipped)

[1979] react-style-proptype
    Script: r/react-style-proptype/react-style-proptype.sh
    ✓ Already in cache (skipped)

[1980] react-tap-event-plugin
    Script: r/react-tap-event-plugin/react-tap-event-plugin.sh
    ✓ Already in cache (skipped)

[1981] react-testing-library
    Script: r/react-testing-library/react-testing-library.sh
    ✓ Already in cache (skipped)

[1982] react-testing-library
    Script: r/react-testing-library/react-testing-library_ubi_8.4.sh
    ✓ Already in cache (skipped)

[1983] react-textarea-autosize
    Script: r/react-textarea-autosize/react-textarea-autosize.sh
    ✓ Already in cache (skipped)

[1984] react-transition-group
    Script: r/react-transition-group/react-transition-group.sh
    ✓ Already in cache (skipped)

[1985] react-use
    Script: r/react-use/react-use.sh
    ✓ Already in cache (skipped)

[1986] react-window
    Script: r/react-window/react-window.sh
    ✓ Already in cache (skipped)

[1987] react-zoom-pan-pinch
    Script: r/react-zoom-pan-pinch/react_zoom_pan_pinch.sh
    ✓ Already in cache (skipped)

[1988] reactivestack-cookies
    Script: r/reactivestack-cookies/reactivestack-cookies.sh
    ✗ Error: Package not found on npm: reactivestack-cookies

[1989] read
    Script: r/read/read.sh
    ✓ Already in cache (skipped)

[1990] read-cmd-shim
    Script: r/read-cmd-shim/read-cmd-shim.sh
    ✓ Already in cache (skipped)

[1991] read-package-json
    Script: r/read-package-json/read-package-json.sh
    ✓ Already in cache (skipped)

[1992] read-package-json-fast
    Script: r/read-package-json-fast/read-package-json-fast.sh
    ✓ Already in cache (skipped)

[1993] read-package-json-fast
    Script: r/read-package-json-fast/read-package-json-fast_ubi_8.3.sh
    ✓ Already in cache (skipped)

[1994] read-package-tree
    Script: r/read-package-tree/read-package-tree.sh
    ✓ Already in cache (skipped)

[1995] read-pkg
    Script: r/read-pkg/read-pkg.sh
    ✓ Already in cache (skipped)

[1996] read-pkg-up
    Script: r/read-pkg-up/read-pkg-up.sh
    ✓ Already in cache (skipped)

[1997] readable-stream
    Script: r/readable-stream/readable-stream.sh
    ✓ Already in cache (skipped)

[1998] readable-stream
    Script: r/readable-stream/readable-stream_rhel_8.5.sh
    ✓ Already in cache (skipped)

[1999] readable-stream
    Script: r/readable-stream/readable-stream_ubi_8.5.sh
    ✓ Already in cache (skipped)

[2000] readdir-scoped-modules
    Script: r/readdir-scoped-modules/readdir-scoped-modules.sh
    ✓ Already in cache (skipped)

[2001] readdirp
    Script: r/readdirp/readdirp.sh
    ✓ Already in cache (skipped)

[2002] readdirp
    Script: r/readdirp/readdirp_rhel_8.3.sh
    ✓ Already in cache (skipped)

[2003] readline-ui
    Script: r/readline-ui/readline-ui.sh
    ✓ Already in cache (skipped)

[2004] readline-utils
    Script: r/readline-utils/readline-utils.sh
    ✓ Already in cache (skipped)

[2005] realpath-native
    Script: r/realpath-native/realpath-native_ubi.sh
    ✓ Already in cache (skipped)

[2006] recast
    Script: r/recast/recast.sh
    ✓ Already in cache (skipped)

[2007] recharts
    Script: r/recharts/recharts.sh
    ✓ Already in cache (skipped)

[2008] rechoir
    Script: r/rechoir/rechoir.sh
    ✓ Already in cache (skipped)

[2009] recursive-readdir
    Script: r/recursive-readdir/recursive-readdir.sh
    ✓ Already in cache (skipped)

[2010] redis-commands
    Script: r/redis-commands/redis-commands.sh
    ✓ Already in cache (skipped)

[2011] redis-errors
    Script: r/redis-errors/redis-errors.sh
    ✓ Already in cache (skipped)

[2012] reduce-reducers
    Script: r/reduce-reducers/reduce-reducers.sh
    ✓ Already in cache (skipped)

[2013] redux
    Script: r/redux/redux.sh
    ✓ Already in cache (skipped)

[2014] redux-catch
    Script: r/redux-catch/redux-catch.sh
    ✓ Already in cache (skipped)

[2015] redux-logger
    Script: r/redux-logger/redux-logger.sh
    ✓ Already in cache (skipped)

[2016] PACKAGE_NAME
    Script: r/redux-logger/redux_logger.sh
    ✗ Error: Package not found on npm: PACKAGE_NAME

[2017] redux-logger
    Script: r/redux-logger/redux_logger_ubuntu_18.04.sh
    ✓ Already in cache (skipped)

[2018] redux-mock-store
    Script: r/redux-mock-store/redux-mock-store.sh
    ✓ Already in cache (skipped)

[2019] redux-mock-store
    Script: r/redux-mock-store/redux-mock-store_ubuntu_16.04.sh
    ✓ Already in cache (skipped)

[2020] redux-thunk
    Script: r/redux-thunk/redux_thunk.sh
    ✓ Already in cache (skipped)

[2021] referrer-policy
    Script: r/referrer-policy/referrer-policy.sh
    ✓ Already in cache (skipped)

[2022] regenerate
    Script: r/regenerate/regenerate.sh
    ✓ Already in cache (skipped)

[2023] regenerate-unicode-properties
    Script: r/regenerate-unicode-properties/regenerate-unicode-properties.sh
    ✓ Already in cache (skipped)

[2024] regenerator
    Script: r/regenerator/regenerator.sh
    ✓ Already in cache (skipped)

[2025] regex-cache
    Script: r/regex-cache/regex-cache.sh
    ✓ Already in cache (skipped)

[2026] regex-not
    Script: r/regex-not/regex-not.sh
    ✓ Already in cache (skipped)

[2027] regex-parser
    Script: r/regex-parser/regex-parser.sh
    ✓ Already in cache (skipped)

[2028] regexp.prototype.flags
    Script: r/regexp.prototype.flags/regexp.prototype.flags.sh
    ✓ Already in cache (skipped)

[2029] regexpp
    Script: r/regexpp/regexpp.sh
    ✓ Already in cache (skipped)

[2030] regexpu
    Script: r/regexpu/regexpu.sh
    ✓ Already in cache (skipped)

[2031] regexpu-core
    Script: r/regexpu-core/regexpu-core.sh
    ✓ Already in cache (skipped)

[2032] registry
    Script: r/registry/registry.sh
    ✓ Already in cache (skipped)

[2033] registry-auth-token
    Script: r/registry-auth-token/registry-auth-token.sh
    ✓ Already in cache (skipped)

[2034] registry-url
    Script: r/registry-url/registry-url.sh
    ✓ Already in cache (skipped)

[2035] regjsgen
    Script: r/regjsgen/regjsgen.sh
    ✓ Already in cache (skipped)

[2036] regjsparser
    Script: r/regjsparser/regjsparser.sh
    ✓ Already in cache (skipped)

[2037] relateurl
    Script: r/relateurl/relateurl.sh
    ✓ Already in cache (skipped)

[2038] relative
    Script: r/relative/relative.sh
    ✓ Already in cache (skipped)

[2039] release-zalgo
    Script: r/release-zalgo/release-zalgo.sh
    ✓ Already in cache (skipped)

[2040] remapping
    Script: r/remapping/remapping.sh
    ✓ Already in cache (skipped)

[2041] remove-trailing-separator
    Script: r/remove-trailing-separator/remove-trailing-separator.sh
    ✓ Already in cache (skipped)

[2042] renderkid
    Script: r/renderkid/renderkid.sh
    ✓ Already in cache (skipped)

[2043] repeat-element
    Script: r/repeat-element/repeat-element.sh
    ✓ Already in cache (skipped)

[2044] repeat-string
    Script: r/repeat-string/repeat-string.sh
    ✓ Already in cache (skipped)

[2045] repeating
    Script: r/repeating/repeating.sh
    ✓ Already in cache (skipped)

[2046] replace-ext
    Script: r/replace-ext/replace-ext.sh
    ✓ Already in cache (skipped)

[2047] request-progress
    Script: r/request-progress/request-progress.sh
    ✓ Already in cache (skipped)

[2048] request-promise
    Script: r/request-promise/request-promise.sh
    ✓ Already in cache (skipped)

[2049] request-promise
    Script: r/request-promise/request-promise_ubuntu_16.04.sh
    ✓ Already in cache (skipped)

[2050] request-promise-native
    Script: r/request-promise-native/request-promise-native-1.0.7.sh
    ✓ Already in cache (skipped)

[2051] request-promise-native
    Script: r/request-promise-native/request-promise-native-1.0.7_ubuntu_18.04.sh
    ✓ Already in cache (skipped)

[2052] requestretry
    Script: r/requestretry/requestretry.sh
    ✓ Already in cache (skipped)

[2053] require-directory
    Script: r/require-directory/require-directory.sh
    ✓ Already in cache (skipped)

[2054] require-main-filename
    Script: r/require-main-filename/require-main-filename.sh
    ✓ Already in cache (skipped)

[2055] requirefresh
    Script: r/requirefresh/requirefresh.sh
    ✓ Already in cache (skipped)

[2056] requirejs
    Script: r/requirejs/requirejs.sh
    ✓ Already in cache (skipped)

[2057] requires-port
    Script: r/requires-port/requires-port.sh
    ✓ Already in cache (skipped)

[2058] requires-port
    Script: r/requires-port/requires-port_ubi_8.5.sh
    ✓ Already in cache (skipped)

[2059] resolve
    Script: r/resolve/resolve.sh
    ✓ Already in cache (skipped)

[2060] resolve-alpn
    Script: r/resolve-alpn/resolve-alpn.sh
    ✓ Already in cache (skipped)

[2061] resolve-cwd
    Script: r/resolve-cwd/resolve-cwd.sh
    ✓ Already in cache (skipped)

[2062] resolve-dir
    Script: r/resolve-dir/resolve-dir.sh
    ✓ Already in cache (skipped)

[2063] resolve-from
    Script: r/resolve-from/resolve-from.sh
    ✓ Already in cache (skipped)

[2064] resolve-pathname
    Script: r/resolve-pathname/resolve-pathname.sh
    ✓ Already in cache (skipped)

[2065] resolve-uri
    Script: r/resolve-uri/resolve-uri.sh
    ✓ Already in cache (skipped)

[2066] resources
    Script: r/resources/resources.sh
    ✓ Already in cache (skipped)

[2067] responselike
    Script: r/responselike/responselike.sh
    ✓ Already in cache (skipped)

[2068] rest
    Script: r/rest/rest.sh
    ✓ Already in cache (skipped)

[2069] restore-cursor
    Script: r/restore-cursor/restore-cursor.sh
    ✓ Already in cache (skipped)

[2070] resumable-js
    Script: r/resumable-js/resumable-js.sh
    ✗ Error: Package not found on npm: resumable-js

[2071] resumable-js
    Script: r/resumable-js/resumable-js_ubuntu_16.04.sh
    ✗ Error: Package not found on npm: resumable-js

[2072] resumer
    Script: r/resumer/resumer.sh
    ✓ Already in cache (skipped)

[2073] retry
    Script: r/retry/retry.sh
    ✓ Already in cache (skipped)

[2074] reusify
    Script: r/reusify/reusify.sh
    ✓ Already in cache (skipped)

[2075] rewire
    Script: r/rewire/rewire.sh
    ✓ Already in cache (skipped)

[2076] rfc4648
    Script: r/rfc4648/rfc4648.sh
    ✓ Already in cache (skipped)

[2077] rfdc
    Script: r/rfdc/rfdc.sh
    ✓ Already in cache (skipped)

[2078] rgb-regex
    Script: r/rgb-regex/rgb-regex.sh
    ✓ Already in cache (skipped)

[2079] right-align
    Script: r/right-align/right-align.sh
    ✓ Already in cache (skipped)

[2080] rimraf
    Script: r/rimraf/rimraf.sh
    ✓ Already in cache (skipped)

[2081] ripemd160
    Script: r/ripemd160/ripemd160.sh
    ✓ Already in cache (skipped)

[2082] rop-type
    Script: r/rop-type/rop-type.sh
    ✗ Error: Package not found on npm: rop-type

[2083] round-to
    Script: r/round-to/round-to.sh
    ✓ Already in cache (skipped)

[2084] router
    Script: r/router/router.sh
    ✓ Already in cache (skipped)

[2085] rsvp
    Script: r/rsvp/rsvp.sh
    ✓ Already in cache (skipped)

[2086] rtl-css-js
    Script: r/rtl-css-js/rtl-css-js.sh
    ✓ Already in cache (skipped)

[2087] run-async
    Script: r/run-async/run-async.sh
    ✓ Already in cache (skipped)

[2088] run-parallel
    Script: r/run-parallel/run-parallel.sh
    ✓ Already in cache (skipped)

[2089] run-queue
    Script: r/run-queue/run-queue.sh
    ✓ Already in cache (skipped)

[2090] rw
    Script: r/rw/rw.sh
    ✓ Already in cache (skipped)

[2091] rxjs
    Script: r/rxjs/rxjs.sh
    ✓ Already in cache (skipped)

[2092] jquery.sparkline
    Script: s/jquery.sparkline/jquery.sparkline.sh
    ✓ Already in cache (skipped)

[2093] safe-buffer
    Script: s/safe-buffer/safe-buffer.sh
    ✓ Already in cache (skipped)

[2094] safe-json-stringify
    Script: s/safe-json-stringify/safe-json-stringify.sh
    ✓ Already in cache (skipped)

[2095] safe-regex
    Script: s/safe-regex/safe-regex.sh
    ✓ Already in cache (skipped)

[2096] safe-regex2
    Script: s/safe-regex2/safe-regex2.sh
    ✓ Already in cache (skipped)

[2097] safefs
    Script: s/safefs/safefs.sh
    ✓ Already in cache (skipped)

[2098] safer-buffer
    Script: s/safer-buffer/safer-buffer.sh
    ✓ Already in cache (skipped)

[2099] safer-buffer
    Script: s/safer-buffer/safer-buffer_ubuntu_18.04.sh
    ✓ Already in cache (skipped)

[2100] sane
    Script: s/sane/sane.sh
    ✓ Already in cache (skipped)

[2101] sasslint-webpack-plugin
    Script: s/sasslint-webpack-plugin/sasslint_webpack_plugin.sh
    ✓ Already in cache (skipped)

[2102] sax
    Script: s/sax/sax.sh
    ✓ Already in cache (skipped)

[2103] sax_js
    Script: s/sax_js/sax-js.sh
    ✗ Error: Package not found on npm: sax_js

[2104] sax_js
    Script: s/sax_js/sax-js_ubuntu_16.04.sh
    ✗ Error: Package not found on npm: sax_js

[2105] saxes
    Script: s/saxes/saxes.sh
    ✓ Already in cache (skipped)

[2106] schema
    Script: s/schema/schema.sh
    ✓ Already in cache (skipped)

[2107] schema-utils
    Script: s/schema-utils/schema-utils.sh
    ✓ Already in cache (skipped)

[2108] screenfull
    Script: s/screenfull/screenfull.sh
    ✓ Already in cache (skipped)

[2109] script_js
    Script: s/script_js/script-js.sh
    ✗ Error: Package not found on npm: script_js

[2110] script_js
    Script: s/script_js/script-js_ubuntu_16.04.sh
    ✗ Error: Package not found on npm: script_js

[2111] scss-tokenizer
    Script: s/scss-tokenizer/scss-tokenizer.sh
    ✓ Already in cache (skipped)

[2112] seamless-immutable
    Script: s/seamless-immutable/seamless-immutable.sh
    ✓ Already in cache (skipped)

[2113] search
    Script: s/search/search.sh
    ✓ Already in cache (skipped)

[2114] secure-keys
    Script: s/secure-keys/secure-keys.sh
    ✓ Already in cache (skipped)

[2115] secure-random
    Script: s/secure-random/secure-random.sh
    ✓ Already in cache (skipped)

[2116] select2
    Script: s/select2/select2.sh
    ✓ Already in cache (skipped)

[2117] selectn
    Script: s/selectn/selectn.sh
    ✓ Already in cache (skipped)

[2118] selfsigned
    Script: s/selfsigned/selfsigned.sh
    ✓ Already in cache (skipped)

[2119] semver-compare
    Script: s/semver-compare/semver-compare.sh
    ✓ Already in cache (skipped)

[2120] semver-diff
    Script: s/semver-diff/semver-diff.sh
    ✓ Already in cache (skipped)

[2121] semver-store
    Script: s/semver-store/semver-store.sh
    ✓ Already in cache (skipped)

[2122] send
    Script: s/send/send.sh
    ✓ Already in cache (skipped)

[2123] serialize-javascript
    Script: s/serialize-javascript/serialize-javascript.sh
    ✓ Already in cache (skipped)

[2124] serve-favicon
    Script: s/serve-favicon/serve-favicon.sh
    ✓ Already in cache (skipped)

[2125] serve-index
    Script: s/serve-index/serve-index.sh
    ✓ Already in cache (skipped)

[2126] serve-static
    Script: s/serve-static/serve-static.sh
    ✓ Already in cache (skipped)

[2127] session
    Script: s/session/session.sh
    ✓ Already in cache (skipped)

[2128] set-array
    Script: s/set-array/set-array.sh
    ✓ Already in cache (skipped)

[2129] set-blocking
    Script: s/set-blocking/set-blocking.sh
    ✓ Already in cache (skipped)

[2130] set-getter
    Script: s/set-getter/set-getter.sh
    ✓ Already in cache (skipped)

[2131] set-immediate-shim
    Script: s/set-immediate-shim/set-immediate-shim.sh
    ✓ Already in cache (skipped)

[2132] set-value
    Script: s/set-value/set-value.sh
    ✓ Already in cache (skipped)

[2133] set-value
    Script: s/set-value/set-value_rhel_8.3.sh
    ✓ Already in cache (skipped)

[2134] PACKAGE_NAME
    Script: s/setImmediate/setImmediate.sh
    ✗ Error: Package not found on npm: PACKAGE_NAME

[2135] setImmediate
    Script: s/setImmediate/setImmediate_ubuntu_18.04.sh
    ✗ Error: Package not found on npm: setImmediate

[2136] setimmediate
    Script: s/setImmediate/setimmediate.sh
    ✓ Already in cache (skipped)

[2137] setprototypeof
    Script: s/setprototypeof/setprototypeof.sh
    ✓ Already in cache (skipped)

[2138] setprototypeof
    Script: s/setprototypeof/setprototypeof_rhel_8.3.sh
    ✓ Already in cache (skipped)

[2139] sha
    Script: s/sha/sha.sh
    ✓ Already in cache (skipped)

[2140] sha.js
    Script: s/sha.js/sha.js.sh
    ✓ Already in cache (skipped)

[2141] shallow-clone
    Script: s/shallow-clone/shallow-clone.sh
    ✓ Already in cache (skipped)

[2142] shallow-equal
    Script: s/shallow-equal/shallow-equal.sh
    ✓ Already in cache (skipped)

[2143] shallowequal
    Script: s/shallowequal/shallowequal.sh
    ✓ Already in cache (skipped)

[2144] rtc-sharedcursor
    Script: s/shared-cursor/shared-cursor.sh
    ✓ Already in cache (skipped)

[2145] shebang-command
    Script: s/shebang-command/shebang-command.sh
    ✓ Already in cache (skipped)

[2146] shebang-regex
    Script: s/shebang-regex/shebang-regex.sh
    ✓ Already in cache (skipped)

[2147] shell-quote
    Script: s/shell-quote/shell-quote.sh
    ✓ Already in cache (skipped)

[2148] shelljs
    Script: s/shelljs/shelljs.sh
    ✓ Already in cache (skipped)

[2149] shellwords
    Script: s/shellwords/shellwords.sh
    ✓ Already in cache (skipped)

[2150] shepherd
    Script: s/shepherd/shepherd.sh
    ✓ Already in cache (skipped)

[2151] shimmer
    Script: s/shimmer/shimmer.sh
    ✓ Already in cache (skipped)

[2152] shot
    Script: s/shot/shot.sh
    ✓ Already in cache (skipped)

[2153] should
    Script: s/should/should.sh
    ✓ Already in cache (skipped)

[2154] should-equal
    Script: s/should-equal/should-equal.sh
    ✓ Already in cache (skipped)

[2155] side-channel
    Script: s/side-channel/side-channel.sh
    ✓ Already in cache (skipped)

[2156] signal-exit
    Script: s/signal-exit/signal-exit.sh
    ✓ Already in cache (skipped)

[2157] simple-fmt
    Script: s/simple-fmt/simple-fmt.sh
    ✓ Already in cache (skipped)

[2158] simple-is
    Script: s/simple-is/simple-is.sh
    ✓ Already in cache (skipped)

[2159] simple-swizzle
    Script: s/simple-swizzle/simple-swizzle.sh
    ✓ Already in cache (skipped)

[2160] @sindresorhus/is
    Script: s/sindresorhus__is/sindresorhus__is.sh
    ✓ Already in cache (skipped)

[2161] sinon
    Script: s/sinon/sinon.sh
    ✓ Already in cache (skipped)

[2162] sinon
    Script: s/sinon/sinon_ubuntu_18.04.sh
    ✓ Already in cache (skipped)

[2163] sinon-chai
    Script: s/sinon-chai/sinon-chai.sh
    ✓ Already in cache (skipped)

[2164] @sinonjs/commons
    Script: s/sinonjs__commons/sinonjs__commons.sh
    ✓ Already in cache (skipped)

[2165] @sinonjs/formatio
    Script: s/sinonjs__formatio/sinonjs__formatio.sh
    ✓ Already in cache (skipped)

[2166] @sinonjs/samsam
    Script: s/sinonjs__samsam/sinonjs__samsam.sh
    ✓ Already in cache (skipped)

[2167] sisteransi
    Script: s/sisteransi/sisteransi.sh
    ✓ Already in cache (skipped)

[2168] sizzle
    Script: s/sizzle/sizzle.sh
    ✓ Already in cache (skipped)

[2169] slash
    Script: s/slash/slash.sh
    ✓ Already in cache (skipped)

[2170] slugify
    Script: s/slugify/slugify.sh
    ✓ Already in cache (skipped)

[2171] smart-buffer
    Script: s/smart-buffer/smart-buffer.sh
    ✓ Already in cache (skipped)

[2172] smtp-connection
    Script: s/smtp-connection/smtp-connection.sh
    ✓ Already in cache (skipped)

[2173] snapdragon
    Script: s/snapdragon/snapdragon.sh
    ✓ Already in cache (skipped)

[2174] snapdragon-node
    Script: s/snapdragon-node/snapdragon-node.sh
    ✓ Already in cache (skipped)

[2175] snapdragon-util
    Script: s/snapdragon-util/snapdragon-util.sh
    ✓ Already in cache (skipped)

[2176] socket.io-parser
    Script: s/socket.io-parser/socket.io-parser.sh
    ✓ Already in cache (skipped)

[2177] socket.io-redis-adapter
    Script: s/socket.io-redis-adapter/socket.io-redis-adapter.sh
    ✓ Already in cache (skipped)

[2178] sockjs-client
    Script: s/sockjs-client/sockjs-client.sh
    ✓ Already in cache (skipped)

[2179] socks
    Script: s/socks/socks.sh
    ✓ Already in cache (skipped)

[2180] sodium-plus
    Script: s/sodium-plus/sodium-plus.sh
    ✓ Already in cache (skipped)

[2181] somever
    Script: s/somever/somever.sh
    ✓ Already in cache (skipped)

[2182] sonic-boom
    Script: s/sonic-boom/sonic-boom.sh
    ✓ Already in cache (skipped)

[2183] sort-keys-length
    Script: s/sort-keys-length/sort-keys-length.sh
    ✓ Already in cache (skipped)

[2184] sort-package-json
    Script: s/sort-package-json/sort-package-json.sh
    ✓ Already in cache (skipped)

[2185] sort-package-json
    Script: s/sort-package-json/sort-package-json_ubuntu_18.04.sh
    ✓ Already in cache (skipped)

[2186] sorted-object
    Script: s/sorted-object/sorted-object.sh
    ✓ Already in cache (skipped)

[2187] sorted-union-stream
    Script: s/sorted-union-stream/sorted-union-stream.sh
    ✓ Already in cache (skipped)

[2188] source-list-map
    Script: s/source-list-map/source-list-map.sh
    ✓ Already in cache (skipped)

[2189] source-map
    Script: s/source-map/source-map.sh
    ✓ Already in cache (skipped)

[2190] source-map
    Script: s/source-map/source-map_rhel_8.3.sh
    ✓ Already in cache (skipped)

[2191] source-map
    Script: s/source-map-node/source-map-node.sh
    ✓ Already in cache (skipped)

[2192] source-map-resolve
    Script: s/source-map-resolve/source-map-resolve.sh
    ✓ Already in cache (skipped)

[2193] source-map-url
    Script: s/source-map-url/source-map-url.sh
    ✓ Already in cache (skipped)

[2194] sourcemap-codec
    Script: s/sourcemap-codec/sourcemap-codec.sh
    ✓ Already in cache (skipped)

[2195] sparkline
    Script: s/sparkline/sparkline.sh
    ✓ Already in cache (skipped)

[2196] spawn-wrap
    Script: s/spawn-wrap/spawn-wrap.sh
    ✓ Already in cache (skipped)

[2197] spdx-correct
    Script: s/spdx-correct/spdx-correct.sh
    ✓ Already in cache (skipped)

[2198] spdx-exceptions.json
    Script: s/spdx-exceptions.json/spdx-exceptions.json.sh
    ✗ Invalid package name: Invalid npm package name: spdx-exceptions.json. Must contain only alphanumeric, -, _, @, /

[2199] spdx-license-ids
    Script: s/spdx-license-ids/spdx-license-ids.sh
    ✓ Already in cache (skipped)

[2200] spdx-license-list
    Script: s/spdx-license-list/spdx-license-list.sh
    ✓ Already in cache (skipped)

[2201] spin-js
    Script: s/spin-js/spin-js.sh
    ✗ Error: Package not found on npm: spin-js

[2202] split
    Script: s/split/split.sh
    ✓ Already in cache (skipped)

[2203] split-ca
    Script: s/split-ca/split-ca.sh
    ✓ Already in cache (skipped)

[2204] split-on-first
    Script: s/split-on-first/split-on-first.sh
    ✓ Already in cache (skipped)

[2205] split-string
    Script: s/split-string/split-string.sh
    ✓ Already in cache (skipped)

[2206] split2
    Script: s/split2/split2.sh
    ✓ Already in cache (skipped)

[2207] sprintf-js
    Script: s/sprintf-js/sprintf-js.sh
    ✓ Already in cache (skipped)

[2208] sprintf-kit
    Script: s/sprintf-kit/sprintf-kit.sh
    ✓ Already in cache (skipped)

[2209] sqlstring
    Script: s/sqlstring/sqlstring.sh
    ✓ Already in cache (skipped)

[2210] ssri
    Script: s/ssri/ssri.sh
    ✓ Already in cache (skipped)

[2211] stable
    Script: s/stable/stable.sh
    ✓ Already in cache (skipped)

[2212] stack-generator
    Script: s/stack-generator/stack-generator.sh
    ✓ Already in cache (skipped)

[2213] stack-utils
    Script: s/stack-utils/stack-utils.sh
    ✓ Already in cache (skipped)

[2214] stackframe
    Script: s/stackframe/stackframe.sh
    ✓ Already in cache (skipped)

[2215] stacktrace-gps
    Script: s/stacktrace-gps/stacktrace-gps.sh
    ✓ Already in cache (skipped)

[2216] error-stack-parser
    Script: s/stacktracejs_error-stack-parser/stacktracejs_error-stack-parser.sh
    ✓ Already in cache (skipped)

[2217] state
    Script: s/state/state.sh
    ✓ Already in cache (skipped)

[2218] state-toggle
    Script: s/state-toggle/state-toggle.sh
    ✓ Already in cache (skipped)

[2219] statehood
    Script: s/statehood/statehood.sh
    ✓ Already in cache (skipped)

[2220] static-eval
    Script: s/static-eval/static-eval.sh
    ✓ Already in cache (skipped)

[2221] static-extend
    Script: s/static-extend/static-extend.sh
    ✓ Already in cache (skipped)

[2222] statuses
    Script: s/statuses/statuses.sh
    ✓ Already in cache (skipped)

[2223] stdout-stream
    Script: s/stdout-stream/stdout-stream.sh
    ✓ Already in cache (skipped)

[2224] stealthy-require
    Script: s/stealthy-require/stealthy-require.sh
    ✓ Already in cache (skipped)

[2225] steed
    Script: s/steed/steed.sh
    ✓ Already in cache (skipped)

[2226] storybook-readme
    Script: s/storybook-readme/storybook-readme.sh
    ✓ Already in cache (skipped)

[2227] stream-browserify
    Script: s/stream-browserify/stream-browserify.sh
    ✓ Already in cache (skipped)

[2228] stream-combiner
    Script: s/stream-combiner/stream-combiner.sh
    ✓ Already in cache (skipped)

[2229] stream-combiner2
    Script: s/stream-combiner2/stream-combiner2.sh
    ✓ Already in cache (skipped)

[2230] stream-each
    Script: s/stream-each/stream-each.sh
    ✓ Already in cache (skipped)

[2231] stream-http
    Script: s/stream-http/stream_http.sh
    ✓ Already in cache (skipped)

[2232] stream-iterate
    Script: s/stream-iterate/stream-iterate.sh
    ✓ Already in cache (skipped)

[2233] stream-serializer
    Script: s/stream-serializer/stream-serializer.sh
    ✓ Already in cache (skipped)

[2234] stream-shift
    Script: s/stream-shift/stream-shift.sh
    ✓ Already in cache (skipped)

[2235] strftime
    Script: s/strftime/strftime.sh
    ✓ Already in cache (skipped)

[2236] strftime
    Script: s/strftime/strftime_rhel_7.3.sh
    ✓ Already in cache (skipped)

[2237] strftime
    Script: s/strftime/strftime_ubuntu_16.04.sh
    ✓ Already in cache (skipped)

[2238] strict-uri-encode
    Script: s/strict-uri-encode/strict-uri-encode.sh
    ✓ Already in cache (skipped)

[2239] string-length
    Script: s/string-length/string-length.sh
    ✓ Already in cache (skipped)

[2240] string-similarity
    Script: s/string-similarity/string-similarity.sh
    ✓ Already in cache (skipped)

[2241] string-template
    Script: s/string-template/string-template.sh
    ✓ Already in cache (skipped)

[2242] string-width
    Script: s/string-width/string-width.sh
    ✓ Already in cache (skipped)

[2243] string.fromcodepoint
    Script: s/string.fromcodepoint/string.fromcodepoint.sh
    ✓ Already in cache (skipped)

[2244] string.prototype.matchall
    Script: s/string.prototype.matchall/string.prototype.matchall.sh
    ✓ Already in cache (skipped)

[2245] string.prototype.repeat
    Script: s/string.prototype.repeat/string.prototype.repeat.sh
    ✓ Already in cache (skipped)

[2246] string.prototype.trim
    Script: s/string.prototype.trim/string.prototype.trim.sh
    ✓ Already in cache (skipped)

[2247] string.prototype.trimend
    Script: s/string.prototype.trimend/string.prototype.trimend.sh
    ✓ Already in cache (skipped)

[2248] string.prototype.trimleft
    Script: s/string.prototype.trimleft/string.prototype.trimleft.sh
    ✓ Already in cache (skipped)

[2249] string.prototype.trimright
    Script: s/string.prototype.trimright/string.prototype.trimright.sh
    ✓ Already in cache (skipped)

[2250] string.prototype.trimstart
    Script: s/string.prototype.trimstart/string.prototype.trimstart.sh
    ✓ Already in cache (skipped)

[2251] string_decoder
    Script: s/string_decoder/string_decoder.sh
    ✓ Already in cache (skipped)

[2252] stringify-package
    Script: s/stringify-package/stringify-package.sh
    ✓ Already in cache (skipped)

[2253] strip-ansi
    Script: s/strip-ansi/strip-ansi.sh
    ✓ Already in cache (skipped)

[2254] strip-ansi
    Script: s/strip-ansi/strip-ansi_rhel_8.3.sh
    ✓ Already in cache (skipped)

[2255] strip-bom
    Script: s/strip-bom/strip-bom.sh
    ✓ Already in cache (skipped)

[2256] strip-bom-stream
    Script: s/strip-bom-stream/strip-bom-stream.sh
    ✓ Already in cache (skipped)

[2257] strip-color
    Script: s/strip-color/strip-color.sh
    ✓ Already in cache (skipped)

[2258] strip-final-newline
    Script: s/strip-final-newline/strip-final-newline.sh
    ✓ Already in cache (skipped)

[2259] strip-json-comments
    Script: s/strip-json-comments/strip-json-comments.sh
    ✓ Already in cache (skipped)

[2260] striptags
    Script: s/striptags/striptags.sh
    ✓ Already in cache (skipped)

[2261] strong-agent-statsd
    Script: s/strong-agent-statsd/strong-agent-statsd.sh
    ✓ Already in cache (skipped)

[2262] strong-build
    Script: s/strong-build/strong-build.sh
    ✓ Already in cache (skipped)

[2263] strong-caching-http-client
    Script: s/strong-caching-http-client/strong-caching-http-client.sh
    ✗ Error: Package not found on npm: strong-caching-http-client

[2264] strong-cluster-connect-store
    Script: s/strong-cluster-connect-store/strong-cluster-connect-store.sh
    ✓ Already in cache (skipped)

[2265] strong-cluster-control
    Script: s/strong-cluster-control/strong-cluster-control.sh
    ✓ Already in cache (skipped)

[2266] strong-cluster-tls-store
    Script: s/strong-cluster-tls-store/strong-cluster-tls-store.sh
    ✓ Already in cache (skipped)

[2267] strong-error-handler
    Script: s/strong-error-handler/strong-error-handler.sh
    ✓ Already in cache (skipped)

[2268] strong-globalize
    Script: s/strong-globalize/strong-globalize.sh
    ✓ Already in cache (skipped)

[2269] strong-log-transformer
    Script: s/strong-log-transformer/strong-log-transformer.sh
    ✓ Already in cache (skipped)

[2270] strong-nginx-controller
    Script: s/strong-nginx-controller/strong-nginx-controller.sh
    ✓ Already in cache (skipped)

[2271] strong-npm-ls
    Script: s/strong-npm-ls/strong-npm-ls.sh
    ✓ Already in cache (skipped)

[2272] strong-pubsub
    Script: s/strong-pubsub/strong-pubsub.sh
    ✓ Already in cache (skipped)

[2273] strong-registry
    Script: s/strong-registry/strong-registry.sh
    ✓ Already in cache (skipped)

[2274] strong-service-install
    Script: s/strong-service-install/strong-service-install.sh
    ✓ Already in cache (skipped)

[2275] strong-service-systemd
    Script: s/strong-service-systemd/strong-service-systemd.sh
    ✓ Already in cache (skipped)

[2276] strong-service-upstart
    Script: s/strong-service-upstart/strong-service-upstart.sh
    ✓ Already in cache (skipped)

[2277] strong-soap
    Script: s/strong-soap/strong-soap.sh
    ✓ Already in cache (skipped)

[2278] strong-store-cluster
    Script: s/strong-store-cluster/strong-store-cluster.sh
    ✓ Already in cache (skipped)

[2279] strong-url-defaults
    Script: s/strong-url-defaults/strong-url-defaults.sh
    ✓ Already in cache (skipped)

[2280] strongloop
    Script: s/strongloop/strongloop.sh
    ✓ Already in cache (skipped)

[2281] structured-clone
    Script: s/structured-clone/structured-clone.sh
    ✓ Already in cache (skipped)

[2282] style-loader
    Script: s/style-loader/style-loader.sh
    ✓ Already in cache (skipped)

[2283] styled-components
    Script: s/styled-components/styled-components.sh
    ✓ Already in cache (skipped)

[2284] subtext
    Script: s/subtext/subtext.sh
    ✓ Already in cache (skipped)

[2285] success-symbol
    Script: s/success-symbol/success-symbol.sh
    ✓ Already in cache (skipped)

[2286] superagent
    Script: s/superagent/superagent.sh
    ✓ Already in cache (skipped)

[2287] superagent
    Script: s/superagent/superagent_rhel_8.5.sh
    ✓ Already in cache (skipped)

[2288] supports-color
    Script: s/supports-color/supports-color.sh
    ✓ Already in cache (skipped)

[2289] supports-color
    Script: s/supports-color/supports-color_rhel_7.6.sh
    ✓ Already in cache (skipped)

[2290] suretype
    Script: s/suretype/suretype.sh
    ✓ Already in cache (skipped)

[2291] svg-parser
    Script: s/svg-parser/svg-parser.sh
    ✓ Already in cache (skipped)

[2292] svgo
    Script: s/svgo/svgo.sh
    ✓ Already in cache (skipped)

[2293] swagger-client
    Script: s/swagger-client/swagger-client.sh
    ✓ Already in cache (skipped)

[2294] swagger-converter
    Script: s/swagger-converter/swagger-converter.sh
    ✓ Already in cache (skipped)

[2295] PACKAGE_NAME
    Script: s/swagger-spec/swagger-spec.sh
    ✗ Error: Package not found on npm: PACKAGE_NAME

[2296] swagger-spec
    Script: s/swagger-spec/swagger-spec_ubuntu_16.04.sh
    ✓ Already in cache (skipped)

[2297] swagger-ui
    Script: s/swagger-ui/swagger-ui.sh
    ✓ Already in cache (skipped)

[2298] symbol-observable
    Script: s/symbol-observable/symbol-observable.sh
    ✓ Already in cache (skipped)

[2299] symbol-tree
    Script: s/symbol-tree/symbol-tree.sh
    ✓ Already in cache (skipped)

[2300] table
    Script: t/table/table.sh
    ✓ Already in cache (skipped)

[2301] tapable
    Script: t/tapable/tapable.sh
    ✓ Already in cache (skipped)

[2302] tape
    Script: t/tape/tape.sh
    ✓ Already in cache (skipped)

[2303] tar
    Script: t/tar/tar.sh
    ✓ Already in cache (skipped)

[2304] tar-fs
    Script: t/tar-fs/tar-fs.sh
    ✓ Already in cache (skipped)

[2305] tar-stream
    Script: t/tar-stream/tar-stream.sh
    ✓ Already in cache (skipped)

[2306] tarn
    Script: t/tarn/tarn.sh
    ✓ Already in cache (skipped)

[2307] taskgroup
    Script: t/taskgroup/taskgroup.sh
    ✓ Already in cache (skipped)

[2308] tedious
    Script: t/tedious/tedious.sh
    ✓ Already in cache (skipped)

[2309] temp
    Script: t/temp/temp.sh
    ✓ Already in cache (skipped)

[2310] terminal-link
    Script: t/terminal-link/terminal-link.sh
    ✓ Already in cache (skipped)

[2311] terser-webpack-plugin
    Script: t/terser-webpack-plugin/terser-webpack-plugin.sh
    ✓ Already in cache (skipped)

[2312] test-exclude
    Script: t/test-exclude/test-exclude.sh
    ✓ Already in cache (skipped)

[2313] text-hex
    Script: t/text-hex/text-hex.sh
    ✓ Already in cache (skipped)

[2314] text-table
    Script: t/text-table/text-table.sh
    ✓ Already in cache (skipped)

[2315] textextensions
    Script: t/textextensions/textextensions.sh
    ✓ Already in cache (skipped)

[2316] theia
    Script: t/theia/Theia_alpine_3.8.sh
    ✓ Already in cache (skipped)

[2317] PACKAGE_NAME
    Script: t/theia/theia.sh
    ✗ Error: Package not found on npm: PACKAGE_NAME

[2318] theia
    Script: t/theia/theia_ubuntu_16.04.sh
    ✓ Already in cache (skipped)

[2319] theme-one-dark
    Script: t/theme-one-dark/theme-one-dark.sh
    ✓ Already in cache (skipped)

[2320] thenify
    Script: t/thenify/thenify.sh
    ✓ Already in cache (skipped)

[2321] thenify-all
    Script: t/thenify-all/thenify-all.sh
    ✓ Already in cache (skipped)

[2322] thread-stream
    Script: t/thread-stream/thread-stream.sh
    ✓ Already in cache (skipped)

[2323] throttle-debounce
    Script: t/throttle-debounce/throttle-debounce.sh
    ✓ Already in cache (skipped)

[2324] through
    Script: t/through/through.sh
    ✓ Already in cache (skipped)

[2325] through2
    Script: t/through2/through2.sh
    ✓ Already in cache (skipped)

[2326] through2
    Script: t/through2/through2_ubuntu_18.04.sh
    ✓ Already in cache (skipped)

[2327] through2-filter
    Script: t/through2-filter/through2-filter.sh
    ✓ Already in cache (skipped)

[2328] tildify
    Script: t/tildify/tildify.sh
    ✓ Already in cache (skipped)

[2329] time-stamp
    Script: t/time-stamp/time-stamp.sh
    ✓ Already in cache (skipped)

[2330] timsort
    Script: t/timsort/timsort.sh
    ✓ Already in cache (skipped)

[2331] tiny-invariant
    Script: t/tiny-invariant/tiny-invariant.sh
    ✓ Already in cache (skipped)

[2332] tiny-invariant
    Script: t/tiny-invariant/tiny-invariant_rhel_8.3.sh
    ✓ Already in cache (skipped)

[2333] tiny-invariant
    Script: t/tiny-invariant/tiny-invariant_ubi_8.3.sh
    ✓ Already in cache (skipped)

[2334] tiny-lru
    Script: t/tiny-lru/tiny-lru.sh
    ✓ Already in cache (skipped)

[2335] tiny-relative-date
    Script: t/tiny-relative-date/tiny-relative-date.sh
    ✓ Already in cache (skipped)

[2336] tiny-warning
    Script: t/tiny-warning/tiny-warning.sh
    ✓ Already in cache (skipped)

[2337] tmp
    Script: t/tmp/tmp.sh
    ✓ Already in cache (skipped)

[2338] to-arraybuffer
    Script: t/to-arraybuffer/to_arraybuffer.sh
    ✓ Already in cache (skipped)

[2339] to-buffer
    Script: t/to-buffer/to-buffer.sh
    ✓ Already in cache (skipped)

[2340] to-fast-properties
    Script: t/to-fast-properties/to-fast-properties.sh
    ✓ Already in cache (skipped)

[2341] to-gfm-code-block
    Script: t/to-gfm-code-block/to-gfm-code-block.sh
    ✓ Already in cache (skipped)

[2342] to-object-path
    Script: t/to-object-path/to-object-path.sh
    ✓ Already in cache (skipped)

[2343] to-regex
    Script: t/to-regex/to-regex.sh
    ✓ Already in cache (skipped)

[2344] to-regex-range
    Script: t/to-regex-range/to-regex-range.sh
    ✓ Already in cache (skipped)

[2345] to-utf8
    Script: t/to-utf8/to-utf8.sh
    ✓ Already in cache (skipped)

[2346] toggle-array
    Script: t/toggle-array/toggle-array.sh
    ✓ Already in cache (skipped)

[2347] toidentifier
    Script: t/toidentifier/toidentifier.sh
    ✓ Already in cache (skipped)

[2348] toobusy-js
    Script: t/toobusy-js/toobusy-js.sh
    ✓ Already in cache (skipped)

[2349] topo
    Script: t/topo/topo.sh
    ✓ Already in cache (skipped)

[2350] toposort
    Script: t/toposort/toposort.sh
    ✓ Already in cache (skipped)

[2351] tough-cookie
    Script: t/tough-cookie/tough-cookie.sh
    ✓ Already in cache (skipped)

[2352] tough-cookie
    Script: t/tough-cookie/tough-cookie_ubuntu_18.04.sh
    ✓ Already in cache (skipped)

[2353] tr46
    Script: t/tr46/tr46.sh
    ✓ Already in cache (skipped)

[2354] trace-mapping
    Script: t/trace-mapping/trace-mapping.sh
    ✓ Already in cache (skipped)

[2355] traverse
    Script: t/traverse/traverse.sh
    ✓ Already in cache (skipped)

[2356] trim-newlines
    Script: t/trim-newlines/trim-newlines.sh
    ✓ Already in cache (skipped)

[2357] trim-repeated
    Script: t/trim-repeated/trim-repeated.sh
    ✓ Already in cache (skipped)

[2358] trim-right
    Script: t/trim-right/trim-right.sh
    ✓ Already in cache (skipped)

[2359] trim-trailing-lines
    Script: t/trim-trailing-lines/trim-trailing-lines.sh
    ✓ Already in cache (skipped)

[2360] triple-beam
    Script: t/triple-beam/triple-beam.sh
    ✓ Already in cache (skipped)

[2361] true-case-path
    Script: t/true-case-path/true-case-path.sh
    ✓ Already in cache (skipped)

[2362] ts-essentials
    Script: t/ts-essentials/ts-essentials.sh
    ✓ Already in cache (skipped)

[2363] ts-morph
    Script: t/ts-morph/ts-morph.sh
    ✓ Already in cache (skipped)

[2364] ts-nkeys
    Script: t/ts-nkeys/ts-nkeys.sh
    ✓ Already in cache (skipped)

[2365] tsscmp
    Script: t/tsscmp/tsscmp.sh
    ✓ Already in cache (skipped)

[2366] tsutils
    Script: t/tsutils/tsutils.sh
    ✓ Already in cache (skipped)

[2367] tty-browserify
    Script: t/tty-browserify/tty-browserify.sh
    ✓ Already in cache (skipped)

[2368] tweetnacl
    Script: t/tweetnacl/tweetnacl.sh
    ✓ Already in cache (skipped)

[2369] tweetnacl
    Script: t/tweetnacl/tweetnacl_ubuntu_18.04.sh
    ✓ Already in cache (skipped)

[2370] type
    Script: t/type/type.sh
    ✓ Already in cache (skipped)

[2371] type-check
    Script: t/type-check/type-check.sh
    ✓ Already in cache (skipped)

[2372] type-detect
    Script: t/type-detect/type-detect.sh
    ✓ Already in cache (skipped)

[2373] type-fest
    Script: t/type-fest/type-fest.sh
    ✓ Already in cache (skipped)

[2374] type-is
    Script: t/type-is/type-is.sh
    ✓ Already in cache (skipped)

[2375] typed-array-byte-length
    Script: t/typed-array-byte-length/typed-array-byte-length.sh
    ✓ Already in cache (skipped)

[2376] typed-array-length
    Script: t/typed-array-length/typed-array-length.sh
    ✓ Already in cache (skipped)

[2377] typedarray
    Script: t/typedarray/typedarray.sh
    ✓ Already in cache (skipped)

[2378] typedarray
    Script: t/typedarray/typedarray_ubuntu_18.04.sh
    ✓ Already in cache (skipped)

[2379] typedarray-to-buffer
    Script: t/typedarray-to-buffer/typedarray-to-buffer.sh
    ✓ Already in cache (skipped)

[2380] TypeScript
    Script: t/typescript/Typescript_4.4.4.sh
    ✗ Error: Package not found on npm: TypeScript

[2381] TypeScript
    Script: t/typescript/Typescript_4.4.4_ubi_8.3.sh
    ✗ Error: Package not found on npm: TypeScript

[2382] TypeScript
    Script: t/typescript/typescript_3.9.9.sh
    ✗ Error: Package not found on npm: TypeScript

[2383] experimental-utils
    Script: t/typescript-eslint-experimental-utils/typescript-eslint-experimental-utils.sh
    ✓ Already in cache (skipped)

[2384] scope-manager
    Script: t/typescript-eslint-scope-manager/typescript-eslint-scope-manager.sh
    ✓ Already in cache (skipped)

[2385] types
    Script: t/typescript-eslint-types/typescript-eslint-types.sh
    ✓ Already in cache (skipped)

[2386] typescript-estree
    Script: t/typescript-eslint-typescript-estree/typescript-eslint-typescript-estree.sh
    ✓ Already in cache (skipped)

[2387] visitor-keys
    Script: t/typescript-eslint-visitor-keys/typescript-eslint-visitor-keys.sh
    ✓ Already in cache (skipped)

[2388] @tyriar/fibonacci-heap
    Script: t/tyriar__fibonacci-heap/tyriar__fibonacci-heap.sh
    ✓ Already in cache (skipped)

[2389] <PACKAGE_NAME>
    Script: templates/examples/node_starter.sh
    ✗ Invalid package name: Invalid npm package name: <PACKAGE_NAME>. Must contain only alphanumeric, -, _, @, /

[2390] ua-parser-js
    Script: u/ua-parser-js/ua-parser-js.sh
    ✓ Already in cache (skipped)

[2391] ua-parser-js
    Script: u/ua-parser-js/ua-parser-js_ubuntu_18.04.sh
    ✓ Already in cache (skipped)

[2392] PACKAGE_NAME
    Script: u/ua-parser-js/ua_parser_js.sh
    ✗ Error: Package not found on npm: PACKAGE_NAME

[2393] ua-parser-js
    Script: u/ua-parser-js/ua_parser_js_ubi8_3.sh
    ✓ Already in cache (skipped)

[2394] uc.micro
    Script: u/uc.micro/uc.micro.sh
    ✓ Already in cache (skipped)

[2395] uglifyjs2
    Script: u/uglifyjs2/uglifyjs2.sh
    ✓ Already in cache (skipped)

[2396] ultron
    Script: u/ultron/ultron.sh
    ✓ Already in cache (skipped)

[2397] unbox-primitive
    Script: u/unbox-primitive/unbox-primitive.sh
    ✓ Already in cache (skipped)

[2398] underscore
    Script: u/underscore/underscore.sh
    ✓ Already in cache (skipped)

[2399] underscore
    Script: u/underscore/underscore_rhel_8.3.sh
    ✓ Already in cache (skipped)

[2400] underscore-js
    Script: u/underscore-js/underscore-js.sh
    ✗ Error: Package not found on npm: underscore-js

[2401] underscore.string
    Script: u/underscore.string/underscore.string.sh
    ✓ Already in cache (skipped)

[2402] underscore.string
    Script: u/underscore.string/underscore.string_rhel_8.3.sh
    ✓ Already in cache (skipped)

[2403] undici
    Script: u/undici/undici.sh
    ✓ Already in cache (skipped)

[2404] undici
    Script: u/undici/undici_v5.28.4.sh
    ✓ Already in cache (skipped)

[2405] undici
    Script: u/undici/undici_v5.28.4_ubi_9.3.sh
    ✓ Already in cache (skipped)

[2406] unescape-js
    Script: u/unescape-js/unescape-js.sh
    ✓ Already in cache (skipped)

[2407] @ungap/promise-all-settled
    Script: u/ungap__promise-all-settled/ungap__promise-all-settled.sh
    ✓ Already in cache (skipped)

[2408] unherit
    Script: u/unherit/unherit.sh
    ✓ Already in cache (skipped)

[2409] unicode-match-property-value-ecmascript
    Script: u/unicode-match-property-value-ecmascript/unicode-match-property-value-ecmascript.sh
    ✓ Already in cache (skipped)

[2410] unicode-property-aliases-ecmascript
    Script: u/unicode-property-aliases-ecmascript/unicode-property-aliases-ecmascript.sh
    ✓ Already in cache (skipped)

[2411] unified
    Script: u/unified/unified.sh
    ✓ Already in cache (skipped)

[2412] unified
    Script: u/unified/unified_ubi_8.7.sh
    ✓ Already in cache (skipped)

[2413] union-value
    Script: u/union-value/union-value.sh
    ✓ Already in cache (skipped)

[2414] uniq
    Script: u/uniq/uniq.sh
    ✓ Already in cache (skipped)

[2415] unique-filename
    Script: u/unique-filename/unique-filename.sh
    ✓ Already in cache (skipped)

[2416] unique-filename
    Script: u/unique-filename/unique-filename_rhel_8.3.sh
    ✓ Already in cache (skipped)

[2417] unique-slug
    Script: u/unique-slug/unique-slug.sh
    ✓ Already in cache (skipped)

[2418] unique-slug
    Script: u/unique-slug/unique-slug_rhel_8.3.sh
    ✓ Already in cache (skipped)

[2419] unique-stream
    Script: u/unique-stream/unique-stream.sh
    ✓ Already in cache (skipped)

[2420] unique-string
    Script: u/unique-string/unique-string.sh
    ✓ Already in cache (skipped)

[2421] unist-builder
    Script: u/unist-builder/unist-builder.sh
    ✓ Already in cache (skipped)

[2422] unist-util-is
    Script: u/unist-util-is/unist-util-is.sh
    ✓ Already in cache (skipped)

[2423] unist-util-position
    Script: u/unist-util-position/unist-util-position.sh
    ✓ Already in cache (skipped)

[2424] unist-util-stringify-position
    Script: u/unist-util-stringify-position/unist-util-stringify-position.sh
    ✓ Already in cache (skipped)

[2425] unist-util-visit
    Script: u/unist-util-visit/unist-util-visit.sh
    ✓ Already in cache (skipped)

[2426] unist-util-visit-parents
    Script: u/unist-util-visit-parents/unist-util-visit-parents.sh
    ✓ Already in cache (skipped)

[2427] universalify
    Script: u/universalify/universalify.sh
    ✓ Already in cache (skipped)

[2428] universalify
    Script: u/universalify/universalify_rhel_8.3.sh
    ✓ Already in cache (skipped)

[2429] unpipe
    Script: u/unpipe/unpipe.sh
    ✓ Already in cache (skipped)

[2430] unset-value
    Script: u/unset-value/unset-value.sh
    ✓ Already in cache (skipped)

[2431] untildify
    Script: u/untildify/untildify.sh
    ✓ Already in cache (skipped)

[2432] untildify
    Script: u/untildify/untildify_rhel_8.3.sh
    ✓ Already in cache (skipped)

[2433] upath
    Script: u/upath/upath.sh
    ✓ Already in cache (skipped)

[2434] update-notifier
    Script: u/update-notifier/update-notifier.sh
    ✓ Already in cache (skipped)

[2435] upper-case
    Script: u/upper-case/upper-case.sh
    ✓ Already in cache (skipped)

[2436] upper-case-first
    Script: u/upper-case-first/upper-case-first.sh
    ✓ Already in cache (skipped)

[2437] uri-js
    Script: u/uri-js/uri-js.sh
    ✓ Already in cache (skipped)

[2438] urix
    Script: u/urix/urix.sh
    ✓ Already in cache (skipped)

[2439] url
    Script: u/url/url.sh
    ✓ Already in cache (skipped)

[2440] url-loader
    Script: u/url-loader/url-loader.sh
    ✓ Already in cache (skipped)

[2441] url-loader
    Script: u/url-loader/url-loader_rhel_8.3.sh
    ✓ Already in cache (skipped)

[2442] url-parse
    Script: u/url-parse/url-parse.sh
    ✓ Already in cache (skipped)

[2443] url-parse-lax
    Script: u/url-parse-lax/url-parse-lax.sh
    ✓ Already in cache (skipped)

[2444] url-search-params-polyfill
    Script: u/url-search-params-polyfill/url-search-params-polyfill.sh
    ✓ Already in cache (skipped)

[2445] url-search-params-polyfill
    Script: u/url-search-params-polyfill/url-search-params-polyfill_ubuntu_18.04.sh
    ✓ Already in cache (skipped)

[2446] url-slug
    Script: u/url-slug/url-slug.sh
    ✓ Already in cache (skipped)

[2447] url-template
    Script: u/url-template/url-template.sh
    ✓ Already in cache (skipped)

[2448] url-to-options
    Script: u/url-to-options/url-to-options.sh
    ✓ Already in cache (skipped)

[2449] use
    Script: u/use/use.sh
    ✓ Already in cache (skipped)

[2450] use-composed-ref
    Script: u/use-composed-ref/use-composed-ref.sh
    ✓ Already in cache (skipped)

[2451] use-isomorphic-layout-effect
    Script: u/use-isomorphic-layout-effect/use-isomorphic-layout-effect.sh
    ✓ Already in cache (skipped)

[2452] use-latest
    Script: u/use-latest/use-latest.sh
    ✓ Already in cache (skipped)

[2453] use-resize-observer
    Script: u/use-resize-observer/use-resize-observer_master.sh
    ✓ Already in cache (skipped)

[2454] utf8
    Script: u/utf8/utf8.sh
    ✓ Already in cache (skipped)

[2455] util
    Script: u/util/util.sh
    ✓ Already in cache (skipped)

[2456] util-extend
    Script: u/util-extend/util-extend.sh
    ✓ Already in cache (skipped)

[2457] util-promisify
    Script: u/util-promisify/util-promisify.sh
    ✓ Already in cache (skipped)

[2458] util.promisify
    Script: u/util.promisify/util.promisify.sh
    ✓ Already in cache (skipped)

[2459] utils-extend
    Script: u/utils-extend/utils-extend.sh
    ✓ Already in cache (skipped)

[2460] utils-merge
    Script: u/utils-merge/utils-merge.sh
    ✓ Already in cache (skipped)

[2461] uue
    Script: u/uue/uue.sh
    ✓ Already in cache (skipped)

[2462] uuid-parse
    Script: u/uuid-parse/uuid-parse.sh
    ✓ Already in cache (skipped)

[2463] v8-compile-cache
    Script: v/v8-compile-cache/v8-compile-cache.sh
    ✓ Already in cache (skipped)

[2464] v8-to-istanbul
    Script: v/v8-to-istanbul/v8-to-istanbul.sh
    ✓ Already in cache (skipped)

[2465] validate-npm-package-license
    Script: v/validate-npm-package-license/validate-npm-package-license.sh
    ✓ Already in cache (skipped)

[2466] validate-npm-package-name
    Script: v/validate-npm-package-name/validate-npm-package-name.sh
    ✓ Already in cache (skipped)

[2467] validator
    Script: v/validator/validator.sh
    ✓ Already in cache (skipped)

[2468] value-equal
    Script: v/value-equal/value-equal.sh
    ✓ Already in cache (skipped)

[2469] @vanderlaan/nconf-secrets
    Script: v/vanderlaan__nconf-secrets/vanderlaan__nconf-secrets.sh
    ✓ Already in cache (skipped)

[2470] vary
    Script: v/vary/vary.sh
    ✓ Already in cache (skipped)

[2471] vasync
    Script: v/vasync/vasync.sh
    ✓ Already in cache (skipped)

[2472] vendors
    Script: v/vendors/vendors.sh
    ✓ Already in cache (skipped)

[2473] verror
    Script: v/verror/verror.sh
    ✓ Already in cache (skipped)

[2474] vfile
    Script: v/vfile/vfile.sh
    ✓ Already in cache (skipped)

[2475] vfile-message
    Script: v/vfile-message/vfile-message.sh
    ✓ Already in cache (skipped)

[2476] vinyl
    Script: v/vinyl/vinyl.sh
    ✓ Already in cache (skipped)

[2477] vise
    Script: v/vise/vise.sh
    ✓ Already in cache (skipped)

[2478] void-elements
    Script: v/void-elements/void-elements.sh
    ✓ Already in cache (skipped)

[2479] vue
    Script: v/vue/vue.sh
    ✓ Already in cache (skipped)

[2480] w3c-hr-time
    Script: w/w3c-hr-time/w3c-hr-time.sh
    ✓ Already in cache (skipped)

[2481] w3c-xmlserializer
    Script: w/w3c-xmlserializer/w3c-xmlserializer.sh
    ✓ Already in cache (skipped)

[2482] warning
    Script: w/warning/warning.sh
    ✓ Already in cache (skipped)

[2483] warning
    Script: w/warning/warning_rhel_8.3.sh
    ✓ Already in cache (skipped)

[2484] warning
    Script: w/warning/warning_ubi_8.5.sh
    ✓ Already in cache (skipped)

[2485] warning
    Script: w/warning/warning_ubuntu_18.04.sh
    ✓ Already in cache (skipped)

[2486] warning-symbol
    Script: w/warning-symbol/warning-symbol.sh
    ✓ Already in cache (skipped)

[2487] watchify
    Script: w/watchify/watchify.sh
    ✓ Already in cache (skipped)

[2488] watchify
    Script: w/watchify/watchify_ubuntu_16.04.sh
    ✓ Already in cache (skipped)

[2489] watchpack
    Script: w/watchpack/watchpack.sh
    ✓ Already in cache (skipped)

[2490] watchpack
    Script: w/watchpack/watchpack_rhel_8.3.sh
    ✓ Already in cache (skipped)

[2491] watchpack
    Script: w/watchpack/watchpack_ubi_8.3.sh
    ✓ Already in cache (skipped)

[2492] PACKAGE_NAME
    Script: w/wazuh/wazuh_api_3.8.2.sh
    ✗ Error: Package not found on npm: PACKAGE_NAME

[2493] wazuh
    Script: w/wazuh/wazuh_api_3.8.2_rhel_7.6.sh
    ✓ Already in cache (skipped)

[2494] wazuh
    Script: w/wazuh/wazuh_api_3.8.2_ubuntu_18.04.sh
    ✓ Already in cache (skipped)

[2495] PACKAGE_NAME
    Script: w/wazuh/wazuh_api_3.9.1.sh
    ✗ Error: Package not found on npm: PACKAGE_NAME

[2496] wazuh
    Script: w/wazuh/wazuh_api_3.9.1_rhel_7.6.sh
    ✓ Already in cache (skipped)

[2497] wazuh-api
    Script: w/wazuh-api/wazuh-api.sh
    ✗ Error: Package not found on npm: wazuh-api

[2498] weakset
    Script: w/weakset/weakset.sh
    ✓ Already in cache (skipped)

[2499] web-streams-polyfill
    Script: w/web-streams-polyfill/web-streams-polyfill.sh
    ✓ Already in cache (skipped)

[2500] webassemblyjs
    Script: w/webassemblyjs/webassemblyjs.sh
    ✓ Already in cache (skipped)

[2501] webassemblyjs
    Script: w/webassemblyjs/webassemblyjs_ubi_8.3.sh
    ✓ Already in cache (skipped)

[2502] webdriverio
    Script: w/webdriverio/webdriverio.sh
    ✓ Already in cache (skipped)

[2503] webidl-conversions
    Script: w/webidl-conversions/webidl-conversions.sh
    ✓ Already in cache (skipped)

[2504] webpack
    Script: w/webpack/webpack.sh
    ✓ Already in cache (skipped)

[2505] webpack-dev-middleware
    Script: w/webpack-dev-middleware/webpack-dev-middleware.sh
    ✓ Already in cache (skipped)

[2506] webpack-hot-middleware-example
    Script: w/webpack-hot-middleware-example/webpack_hot_middleware_example.sh
    ✓ Already in cache (skipped)

[2507] webpack-log
    Script: w/webpack-log/webpack-log.sh
    ✓ Already in cache (skipped)

[2508] webpack-permissions-plugin
    Script: w/webpack-permissions-plugin/PermissionsPlugin.js.sh
    ✓ Already in cache (skipped)

[2509] webpack-sources
    Script: w/webpack-sources/webpack-sources.sh
    ✓ Already in cache (skipped)

[2510] websocket-driver
    Script: w/websocket-driver/websocket-driver.sh
    ✓ Already in cache (skipped)

[2511] websocket-extensions
    Script: w/websocket-extensions/websocket-extensions.sh
    ✓ Already in cache (skipped)

[2512] werkzeug
    Script: w/werkzeug/werkzeug_rhel_7.6.sh
    ✓ Already in cache (skipped)

[2513] whatwg-fetch
    Script: w/whatwg-fetch/whatwg-fetch.sh
    ✓ Already in cache (skipped)

[2514] whatwg-fetch
    Script: w/whatwg-fetch/whatwg-fetch_ubuntu_18.04.sh
    ✓ Already in cache (skipped)

[2515] whatwg-mimetype
    Script: w/whatwg-mimetype/whatwg-mimetype.sh
    ✓ Already in cache (skipped)

[2516] whatwg-url
    Script: w/whatwg-url/whatwg-url.sh
    ✓ Already in cache (skipped)

[2517] which
    Script: w/which/which_v2.0.2_v1.3.1.sh
    ✓ Already in cache (skipped)

[2518] which-boxed-primitive
    Script: w/which-boxed-primitive/which-boxed-primitive.sh
    ✓ Already in cache (skipped)

[2519] which-module
    Script: w/which-module/which-module.sh
    ✓ Already in cache (skipped)

[2520] which-typed-array
    Script: w/which-typed-array/which-typed-array.sh
    ✓ Already in cache (skipped)

[2521] wide-align
    Script: w/wide-align/wide-align.sh
    ✓ Already in cache (skipped)

[2522] window-or-global
    Script: w/window-or-global/window-or-global.sh
    ✓ Already in cache (skipped)

[2523] window-or-global
    Script: w/window-or-global/window-or-global_ubuntu_18.04.sh
    ✓ Already in cache (skipped)

[2524] window-size
    Script: w/window-size/window-size.sh
    ✓ Already in cache (skipped)

[2525] winston
    Script: w/winston/winston.sh
    ✓ Already in cache (skipped)

[2526] winston
    Script: w/winston/winston_rhel_8.3.sh
    ✓ Already in cache (skipped)

[2527] winston-transport
    Script: w/winston-transport/winston-transport.sh
    ✓ Already in cache (skipped)

[2528] winston-transport
    Script: w/winston-transport/winston-transport_rhel_8.3.sh
    ✓ Already in cache (skipped)

[2529] with-open-file
    Script: w/with-open-file/with-open-file.sh
    ✓ Already in cache (skipped)

[2530] word-count
    Script: w/word-count/word-count.sh
    ✓ Already in cache (skipped)

[2531] word-wrap
    Script: w/word-wrap/word-wrap.sh
    ✓ Already in cache (skipped)

[2532] word-wrap
    Script: w/word-wrap/word-wrap_rhel_8.3.sh
    ✓ Already in cache (skipped)

[2533] worker-farm
    Script: w/worker-farm/worker-farm.sh
    ✓ Already in cache (skipped)

[2534] worker-rpc
    Script: w/worker-rpc/worker-rpc.sh
    ✓ Already in cache (skipped)

[2535] wrap-ansi
    Script: w/wrap-ansi/wrap-ansi.sh
    ✓ Already in cache (skipped)

[2536] wrap-ansi
    Script: w/wrap-ansi/wrap-ansi_rhel_8.3.sh
    ✓ Already in cache (skipped)

[2537] wrap-ansi
    Script: w/wrap-ansi/wrap-ansi_ubi8.sh
    ✓ Already in cache (skipped)

[2538] wrappy
    Script: w/wrappy/wrappy.sh
    ✓ Already in cache (skipped)

[2539] wreck
    Script: w/wreck/wreck.sh
    ✓ Already in cache (skipped)

[2540] write
    Script: w/write/write.sh
    ✓ Already in cache (skipped)

[2541] write-file-atomic
    Script: w/write-file-atomic/write-file-atomic.sh
    ✓ Already in cache (skipped)

[2542] write-file-atomic
    Script: w/write-file-atomic/write-file-atomic_rhel_8.3.sh
    ✓ Already in cache (skipped)

[2543] ws
    Script: w/ws/ws.sh
    ✓ Already in cache (skipped)

[2544] ws
    Script: w/ws/ws_master.sh
    ✓ Already in cache (skipped)

[2545] ws
    Script: w/ws/ws_rhel_8.3.sh
    ✓ Already in cache (skipped)

[2546] x-is-string
    Script: x/x-is-string/x-is-string.sh
    ✓ Already in cache (skipped)

[2547] x256
    Script: x/x256/x256.sh
    ✓ Already in cache (skipped)

[2548] xdg-basedir
    Script: x/xdg-basedir/xdg-basedir.sh
    ✓ Already in cache (skipped)

[2549] xml-crypto
    Script: x/xml-crypto/xml-crypto.sh
    ✓ Already in cache (skipped)

[2550] xml-crypto
    Script: x/xml-crypto/xml-crypto_rhel_8.3.sh
    ✓ Already in cache (skipped)

[2551] xml-name-validator
    Script: x/xml-name-validator/xml-name-validator.sh
    ✓ Already in cache (skipped)

[2552] xmlchars
    Script: x/xmlchars/xmlchars.sh
    ✓ Already in cache (skipped)

[2553] xmldom
    Script: x/xmldom/xmldom.sh
    ✓ Already in cache (skipped)

[2554] xpath
    Script: x/xpath/xpath.sh
    ✓ Already in cache (skipped)

[2555] xregexp
    Script: x/xregexp/xregexp.sh
    ✓ Already in cache (skipped)

[2556] xregexp
    Script: x/xregexp/xregexp_ubuntu_16.04.sh
    ✓ Already in cache (skipped)

[2557] xstyle
    Script: x/xstyle/xstyle.sh
    ✓ Already in cache (skipped)

[2558] xtend
    Script: x/xtend/xtend.sh
    ✓ Already in cache (skipped)

[2559] y18n
    Script: y/y18n/y18n.sh
    ✓ Already in cache (skipped)

[2560] yaeti
    Script: y/yaeti/yaeti.sh
    ✓ Already in cache (skipped)

[2561] yallist
    Script: y/yallist/yallist.sh
    ✓ Already in cache (skipped)

[2562] yallist
    Script: y/yallist/yallist_rhel_8.3.sh
    ✓ Already in cache (skipped)

[2563] yaml
    Script: y/yaml/yaml_rhel_7.6.sh
    ✓ Already in cache (skipped)

[2564] yamljs
    Script: y/yamljs/yamljs.sh
    ✓ Already in cache (skipped)

[2565] yargs
    Script: y/yargs/yargs.sh
    ✓ Already in cache (skipped)

[2566] yargs
    Script: y/yargs/yargs_rhel_8.3.sh
    ✓ Already in cache (skipped)

[2567] yargs
    Script: y/yargs/yargs_ubi_8.7.sh
    ✓ Already in cache (skipped)

[2568] yargs
    Script: y/yargs/yargs_v12.0.5.sh
    ✓ Already in cache (skipped)

[2569] yargs
    Script: y/yargs/yargs_v12.0.5_ubi8.5.sh
    ✓ Already in cache (skipped)

[2570] yargs-parser
    Script: y/yargs-parser/yargs-parser.sh
    ✓ Already in cache (skipped)

[2571] yargs-parser
    Script: y/yargs-parser/yargs-parser_rhel_8.3.sh
    ✓ Already in cache (skipped)

[2572] yargs-parser
    Script: y/yargs-parser/yargs-parser_ubi_8.7.sh
    ✓ Already in cache (skipped)

[2573] yargs-unparser
    Script: y/yargs-unparser/yargs-unparser.sh
    ✓ Already in cache (skipped)

[2574] yargs-unparser
    Script: y/yargs-unparser/yargs-unparser_rhel_8.3.sh
    ✓ Already in cache (skipped)

[2575] yauzl
    Script: y/yauzl/yauzl.sh
    ✓ Already in cache (skipped)

[2576] environment
    Script: y/yeoman-environment/yeoman-environment.sh
    ✓ Already in cache (skipped)

[2577] yeoman-generator
    Script: y/yeoman-generator/yeoman-generator.sh
    ✓ Already in cache (skipped)

[2578] ylru
    Script: y/ylru/ylru.sh
    ✓ Already in cache (skipped)

[2579] yocto-queue
    Script: y/yocto-queue/yocto-queue.sh
    ✓ Already in cache (skipped)

[2580] z-schema
    Script: z/z-schema/z-schema.sh
    ✓ Already in cache (skipped)

[2581] z-schema
    Script: z/z-schema/z-schema_rhel_8_4.sh
    ✓ Already in cache (skipped)

[2582] zip-stream
    Script: z/zip-stream/zip-stream.sh
    ✓ Already in cache (skipped)

[2583] docker
    Script: z/zipkin/install.sh
    ✓ Already in cache (skipped)

[2584] zjsonpatch
    Script: z/zjsonpatch/zjsonpatch_ubuntu_18.04.sh
    ✗ Error: Package not found on npm: zjsonpatch

[2585] zmq
    Script: z/zmq/zmq.sh
    ✓ Already in cache (skipped)

======================================================================
RESULTS
======================================================================
✓ Fetched: 0 packages
✓ Skipped (cached): 2,426 packages
✓ Errors: 160
✓ API calls made: 0

✓ Saved cache to /home/gerrit/src/PowerCore/02-DatabaseAPI/scripts/version_fetchers/../version_data/npm_versions.json
✓ Saved errors to /home/gerrit/src/PowerCore/02-DatabaseAPI/scripts/version_fetchers/../version_data/npm_errors.json

======================================================================
CACHE STATISTICS
======================================================================

Total packages in cache: 2,088
Packages with versions:  2,074
Packages with repos:     2,052
Total versions:          86,461
Average per package:     41.4

Source platforms:
  github         : 2041 packages
  unknown        :   36 packages
  other          :    9 packages
  gitlab         :    2 packages

Output files:
  - /home/gerrit/src/PowerCore/02-DatabaseAPI/scripts/version_fetchers/../version_data/npm_versions.json
  - /home/gerrit/src/PowerCore/02-DatabaseAPI/scripts/version_fetchers/../version_data/npm_errors.json

Next steps:
  ✓ All packages processed!

Rate limit stats:
  Available calls: 5/100
  Utilization: 95.0%
[0;32m✓ Completed: npm[0m

[0;34m--- Processing: pypi ---[0m
[1;33mℹ Running: python3 fetch_pypi_versions.py[0m
[1;33mℹ   Input:  /home/gerrit/src/PowerCore/02-DatabaseAPI/scripts/version_fetchers/../version_data/python2.list[0m
[1;33mℹ   Output: /home/gerrit/src/PowerCore/02-DatabaseAPI/scripts/version_fetchers/../version_data/pypi_versions.json[0m
[1;33mℹ   Errors: /home/gerrit/src/PowerCore/02-DatabaseAPI/scripts/version_fetchers/../version_data/pypi_errors.json[0m
======================================================================
PYPI VERSION FETCHER
======================================================================
Input file: /home/gerrit/src/PowerCore/02-DatabaseAPI/scripts/version_fetchers/../version_data/python2.list
Start index: 0
Count: all remaining

[1/6] Loading input CSV file...
✓ Loaded 875 packages from /home/gerrit/src/PowerCore/02-DatabaseAPI/scripts/version_fetchers/../version_data/python2.list

[2/6] Filtering Python packages...
✓ Found 875 Python packages
✓ Will fetch packages 0 to 874 (875 packages)

[4/6] Loading existing cache from /home/gerrit/src/PowerCore/02-DatabaseAPI/scripts/version_fetchers/../version_data/pypi_versions.json...
✓ Loaded 521 cached entries

[4/6] Fetching PyPI versions...

[0] abseil-cpp
    Script: a/abseil-cpp/abseil-cpp.sh
    ✓ Already in cache (skipped)

[1] aesara
    Script: a/aesara/aesara.sh
    ✓ Already in cache (skipped)

[2] aesara
    Script: a/aesara/aesara_ubi_8.7.sh
    ✓ Already in cache (skipped)

[3] aiohttp
    Script: a/aiohttp/aiohttp.sh
    ✓ Already in cache (skipped)

[4] aiohttp
    Script: a/aiohttp/aiohttp_ubi_9.3.sh
    ✓ Already in cache (skipped)

[5] aiohttp
    Script: a/aiohttp/aiohttp_v3.8.6.sh
    ✓ Already in cache (skipped)

[6] aiosignal
    Script: a/aiosignal/aiosignal.sh
    ✓ Already in cache (skipped)

[7] airflow
    Script: a/airflow/airflow.sh
    ✓ Already in cache (skipped)

[8] airflow
    Script: a/airflow/airflow_ubi_8.sh
    ✓ Already in cache (skipped)

[9] allennlp
    Script: a/allennlp/allennlp_v0.8.4.sh
    ✓ Already in cache (skipped)

[10] allennlp
    Script: a/allennlp/allennlp_v0.8.4_ubuntu_18.04.sh
    ✓ Already in cache (skipped)

[11] PACKAGE_NAME
    Script: a/allennlp/allennlp_v0.9.0.sh
    ✓ Already in cache (skipped)

[12] allennlp
    Script: a/allennlp/allennlp_v0.9.0_rhel_7.sh
    ✓ Already in cache (skipped)

[13] aniso8601
    Script: a/aniso8601/aniso8601.sh
    ✓ Already in cache (skipped)

[14] ansible
    Script: a/ansible/ansible.sh
    ✓ Already in cache (skipped)

[15] ansible
    Script: a/ansible/ansible_ubi_9.3.sh
    ✓ Already in cache (skipped)

[16] ansible-builder
    Script: a/ansible-builder/ansible-builder.sh
    ✓ Already in cache (skipped)

[17] event-driven-ansible
    Script: a/ansible-event-driven-ansible/event-driven-ansible.sh
    ✓ Already in cache (skipped)

[18] ansible-lint
    Script: a/ansible-lint/ansible-lint.sh
    ✓ Already in cache (skipped)

[19] ansible-navigator
    Script: a/ansible-navigator/ansible-navigator.sh
    ✓ Already in cache (skipped)

[20] ansible-rulebook
    Script: a/ansible-rulebook/ansible-rulebook.sh
    ✓ Already in cache (skipped)

[21] ansible-runner
    Script: a/ansible-runner/ansible-runner.sh
    ✓ Already in cache (skipped)

[22] ansible-sign
    Script: a/ansible-sign/ansible-sign.sh
    ✓ Already in cache (skipped)

[23] ansible-sign
    Script: a/ansible-sign/ansible-sign_ubi_8.7.sh
    ✓ Already in cache (skipped)

[24] apache-tomcat-native
    Script: a/apache-tomcat-native/tomcat-native.sh
    ✓ Already in cache (skipped)

[25] appdirs
    Script: a/appdirs/appdirs.sh
    ✓ Already in cache (skipped)

[26] argon2-cffi-bindings
    Script: a/argon2-cffi-bindings/argon2-cffi-bindings.sh
    ✓ Already in cache (skipped)

[27] argparse
    Script: a/argparse/argparse_rhel_7.3.sh
    ✓ Already in cache (skipped)

[28] argparse
    Script: a/argparse/argparse_ubuntu_16.04.sh
    ✓ Already in cache (skipped)

[29] conda.recipe
    Script: a/argparse/build.sh
    ✓ Already in cache (skipped)

[30] array_record
    Script: a/array_record/array_record.sh
    ✓ Already in cache (skipped)

[31] array_record
    Script: a/array_record/array_record_0.6.0.sh
    ✓ Already in cache (skipped)

[32] array_record
    Script: a/array_record/array_record_0.6.0_ubi_9.3.sh
    ✓ Already in cache (skipped)

[33] array_record
    Script: a/array_record_iindyk/array_record_iindyk.sh
    ✓ Already in cache (skipped)

[34] arraymanagement
    Script: a/arraymanagement/arraymanagement.sh
    ✓ Already in cache (skipped)

[35] arraymanagement
    Script: a/arraymanagement/arraymanagement_ubuntu_16.04.sh
    ✓ Already in cache (skipped)

[36] conda.recipe
    Script: a/arraymanagement/build.sh
    ✓ Already in cache (skipped)

[37] asttokens
    Script: a/asttokens/asttokens.sh
    ✓ Already in cache (skipped)

[38] async_timeout
    Script: a/async_timeout/async_timeout.sh
    ✓ Already in cache (skipped)

[39] async_timeout
    Script: a/async_timeout/async_timeout_rhel_8.3.sh
    ✓ Already in cache (skipped)

[40] sparkmagic
    Script: a/autovizwidget/autovizwidget.sh
    ✓ Already in cache (skipped)

[41] awx
    Script: a/awx/awx_vdevel.sh
    ✓ Already in cache (skipped)

[42] azure-mgmt-authorization
    Script: a/azure-mgmt-authorization/azure-mgmt-authorization.sh
    ✓ Already in cache (skipped)

[43] azure-mgmt-batch
    Script: a/azure-mgmt-batch/azure-mgmt-batch.sh
    ✓ Already in cache (skipped)

[44] azure-mgmt-cdn
    Script: a/azure-mgmt-cdn/azure-mgmt-cdn.sh
    ✓ Already in cache (skipped)

[45] azure-mgmt-containerregistry
    Script: a/azure-mgmt-containerregistry/azure-mgmt-containerregistry.sh
    ✓ Already in cache (skipped)

[46] azure-mgmt-containerservice
    Script: a/azure-mgmt-containerservice/azure-mgmt-containerservice.sh
    ✓ Already in cache (skipped)

[47] azure-mgmt-cosmosdb_9.8.0
    Script: a/azure-mgmt-cosmosdb/azure-mgmt-cosmosdb.sh
    ✓ Already in cache (skipped)

[48] azure-mgmt-devtestlabs
    Script: a/azure-mgmt-devtestlabs/azure-mgmt-devtestlabs.sh
    ✓ Already in cache (skipped)

[49] azure-mgmt-dns
    Script: a/azure-mgmt-dns/azure-mgmt-dns.sh
    ✓ Already in cache (skipped)

[50] azure-mgmt-hdinsight
    Script: a/azure-mgmt-hdinsight/azure-mgmt-hdinsight.sh
    ✓ Already in cache (skipped)

[51] azure-mgmt-iothub
    Script: a/azure-mgmt-iothub/azure-mgmt-iothub.sh
    ✓ Already in cache (skipped)

[52] azure-mgmt-keyvault
    Script: a/azure-mgmt-keyvault/azure-mgmt-keyvault.sh
    ✓ Already in cache (skipped)

[53] azure-mgmt-loganalytics
    Script: a/azure-mgmt-loganalytics/azure-mgmt-loganalytics.sh
    ✓ Already in cache (skipped)

[54] azure-mgmt-marketplaceordering
    Script: a/azure-mgmt-marketplaceordering/azure-mgmt-marketplaceordering.sh
    ✓ Already in cache (skipped)

[55] azure-mgmt-monitor
    Script: a/azure-mgmt-monitor/azure-mgmt-monitor.sh
    ✓ Already in cache (skipped)

[56] azure-mgmt-network
    Script: a/azure-mgmt-network/azure-mgmt-network.sh
    ✓ Already in cache (skipped)

[57] azure-mgmt-rdbms
    Script: a/azure-mgmt-rdbms/azure-mgmt-rdbms.sh
    ✓ Already in cache (skipped)

[58] azure-mgmt-redis
    Script: a/azure-mgmt-redis/azure-mgmt-redis.sh
    ✓ Already in cache (skipped)

[59] azure-mgmt-resource
    Script: a/azure-mgmt-resource/azure-mgmt-resource.sh
    ✓ Already in cache (skipped)

[60] azure-mgmt-servicebus
    Script: a/azure-mgmt-servicebus/azure-mgmt-servicebus.sh
    ✓ Already in cache (skipped)

[61] azure-mgmt-sql
    Script: a/azure-mgmt-sql/azure-mgmt-sql.sh
    ✓ Already in cache (skipped)

[62] azure-mgmt-storage
    Script: a/azure-mgmt-storage/azure-mgmt-storage.sh
    ✓ Already in cache (skipped)

[63] azure-mgmt-trafficmanager
    Script: a/azure-mgmt-trafficmanager/azure-mgmt-trafficmanager.sh
    ✓ Already in cache (skipped)

[64] azure-mgmt-web
    Script: a/azure-mgmt-web/azure-mgmt-web.sh
    ✓ Already in cache (skipped)

[65] azure-mgmt-authorization
    Script: a/azure-sdk-for-python/azure-mgmt-authorization_ubi_8.sh
    ✓ Already in cache (skipped)

[66] azure-mgmt-batch
    Script: a/azure-sdk-for-python/azure-mgmt-batch_ubi_8.sh
    ✓ Already in cache (skipped)

[67] azure-mgmt-cdn
    Script: a/azure-sdk-for-python/azure-mgmt-cdn_ubi_8.sh
    ✓ Already in cache (skipped)

[68] PACKAGE_NAME
    Script: a/azure-sdk-for-python/azure-mgmt-containerinstance.sh
    ✓ Already in cache (skipped)

[69] azure-sdk-for-python
    Script: a/azure-sdk-for-python/azure-mgmt-containerinstance_1.4.0.sh
    ✓ Already in cache (skipped)

[70] azure-sdk-for-python
    Script: a/azure-sdk-for-python/azure-mgmt-containerinstance_1.4.0_ubuntu_18.04.sh
    ✓ Already in cache (skipped)

[71] azure-sdk-for-python
    Script: a/azure-sdk-for-python/azure-mgmt-containerinstance_ubi_8.3.sh
    ✓ Already in cache (skipped)

[72] azure-sdk-for-python
    Script: a/azure-sdk-for-python/azure-mgmt-containerregistry_ubi_8.5.sh
    ✓ Already in cache (skipped)

[73] azure-sdk-for-python
    Script: a/azure-sdk-for-python/azure-mgmt-containerservice_ubi_8.5.sh
    ✓ Already in cache (skipped)

[74] azure-sdk-for-python
    Script: a/azure-sdk-for-python/azure-mgmt-cosmosdb_ubi_8.5.sh
    ✓ Already in cache (skipped)

[75] azure-sdk-for-python
    Script: a/azure-sdk-for-python/azure-mgmt-devtestlabs_ubi_8.5.sh
    ✓ Already in cache (skipped)

[76] azure-sdk-for-python
    Script: a/azure-sdk-for-python/azure-mgmt-dns_ubi_8.5.sh
    ✓ Already in cache (skipped)

[77] azure-sdk-for-python
    Script: a/azure-sdk-for-python/azure-mgmt-hdinsight_ubi_8.5.sh
    ✓ Already in cache (skipped)

[78] azure-sdk-for-python
    Script: a/azure-sdk-for-python/azure-mgmt-iothub_ubi_8.5.sh
    ✓ Already in cache (skipped)

[79] azure-sdk-for-python
    Script: a/azure-sdk-for-python/azure-mgmt-keyvault_ubi_8.5.sh
    ✓ Already in cache (skipped)

[80] azure-sdk-for-python
    Script: a/azure-sdk-for-python/azure-mgmt-loganalytics_ubi_8.5.sh
    ✓ Already in cache (skipped)

[81] azure-sdk-for-python
    Script: a/azure-sdk-for-python/azure-mgmt-marketplaceordering_ubi_8.5.sh
    ✓ Already in cache (skipped)

[82] azure-sdk-for-python
    Script: a/azure-sdk-for-python/azure-mgmt-monitor_ubi_8.5.sh
    ✓ Already in cache (skipped)

[83] azure-sdk-for-python
    Script: a/azure-sdk-for-python/azure-mgmt-network_ubi_8.5.sh
    ✓ Already in cache (skipped)

[84] azure-sdk-for-python
    Script: a/azure-sdk-for-python/azure-mgmt-nspkg_ubi_8.5.sh
    ✓ Already in cache (skipped)

[85] azure-sdk-for-python
    Script: a/azure-sdk-for-python/azure-mgmt-rdbms_ubi_8.5.sh
    ✓ Already in cache (skipped)

[86] azure-sdk-for-python
    Script: a/azure-sdk-for-python/azure-mgmt-redis.sh
    ✓ Already in cache (skipped)

[87] azure-sdk-for-python
    Script: a/azure-sdk-for-python/azure-mgmt-resource_ubi_8.5.sh
    ✓ Already in cache (skipped)

[88] azure-mgmt-servicebus
    Script: a/azure-sdk-for-python/azure-mgmt-servicebus_ubi_8.sh
    ✓ Already in cache (skipped)

[89] azure-mgmt-sql
    Script: a/azure-sdk-for-python/azure-mgmt-sql_0.10.0.sh
    ✓ Already in cache (skipped)

[90] azure-mgmt-sql
    Script: a/azure-sdk-for-python/azure-mgmt-sql_0.10.0_ubi_8.sh
    ✓ Already in cache (skipped)

[91] azure-sdk-for-python
    Script: a/azure-sdk-for-python/azure-mgmt-storage_ubi_8.5.sh
    ✓ Already in cache (skipped)

[92] azure-sdk-for-python
    Script: a/azure-sdk-for-python/azure-mgmt-trafficmanager_ubi_8.5.sh
    ✓ Already in cache (skipped)

[93] azure-sdk-for-python
    Script: a/azure-sdk-for-python/azure-mgmt-web_ubi_8.5.sh
    ✓ Already in cache (skipped)

[94] azure-sdk-for-python
    Script: a/azure-sdk-for-python/azure-nspkg_ubi_8.5.sh
    ✓ Already in cache (skipped)

[95] backports.functools_lru_cache
    Script: b/backports.functools-lru-cache/backports.functools-lru-cache.sh
    ✓ Already in cache (skipped)

[96] backports.functools-lru-cache
    Script: b/backports.functools-lru-cache/backports.functools-lru-cache_rhel_8.3.sh
    ✓ Already in cache (skipped)

[97] bandersnatch
    Script: b/bandersnatch/bandersnatch.sh
    ✓ Already in cache (skipped)

[98] bandersnatch
    Script: b/bandersnatch/bandersnatch_rhel_7.3.sh
    ✓ Already in cache (skipped)

[99] bandersnatch
    Script: b/bandersnatch/bandersnatch_ubuntu_16.04.sh
    ✓ Already in cache (skipped)

[100] conda.recipe
    Script: b/bandersnatch/build.sh
    ✓ Already in cache (skipped)

[101] bcrypt
    Script: b/bcrypt/bcrypt.sh
    ✓ Already in cache (skipped)

[102] black
    Script: b/black/black.sh
    ✓ Already in cache (skipped)

[103] blinker
    Script: b/blinker/blinker.sh
    ✓ Already in cache (skipped)

[104] blockspring
    Script: b/blockspring/blockspring.sh
    ✓ Already in cache (skipped)

[105] conda.recipe
    Script: b/blockspring/build.sh
    ✓ Already in cache (skipped)

[106] PACKAGE_NAME
    Script: b/bottleneck/bottleneck.sh
    ✓ Already in cache (skipped)

[107] bottleneck
    Script: b/bottleneck/bottleneck_1.3.5.sh
    ✓ Already in cache (skipped)

[108] bottleneck
    Script: b/bottleneck/bottleneck_ubi_9_3.sh
    ✓ Already in cache (skipped)

[109] brotli
    Script: b/brotli/brotli.sh
    ✓ Already in cache (skipped)

[110] brotlipy
    Script: b/brotlipy/brotlipy.sh
    ✓ Already in cache (skipped)

[111] brunsli
    Script: b/brunsli/brunsli.sh
    ✓ Already in cache (skipped)

[112] PACKAGE_NAME
    Script: b/bsdiff4/bsdiff4.sh
    ✓ Already in cache (skipped)

[113] bsdiff4
    Script: b/bsdiff4/bsdiff4_rhel_7.3.sh
    ✓ Already in cache (skipped)

[114] bsdiff4
    Script: b/bsdiff4/bsdiff4_ubuntu_16.04.sh
    ✓ Already in cache (skipped)

[115] Btrees
    Script: b/btrees/btrees.sh
    ✓ Already in cache (skipped)

[116] BTrees
    Script: b/btrees/btrees_ubi_8.7.sh
    ✓ Already in cache (skipped)

[117] btrees
    Script: b/btrees/btrees_ubuntu_16.04.sh
    ✓ Already in cache (skipped)

[118] cChardet
    Script: c/Cchardet/Cchardet.sh
    ✓ Already in cache (skipped)

[119] PACKAGE_NAME
    Script: c/Cchardet/cChardet.sh
    ✓ Already in cache (skipped)

[120] Cchardet
    Script: c/Cchardet/cChardet_rhel_7.6.sh
    ✓ Already in cache (skipped)

[121] cachetools
    Script: c/cachetools/cachetools.sh
    ✓ Already in cache (skipped)

[122] PACKAGE_NAME
    Script: c/caffe/caffe.sh
    ✓ Already in cache (skipped)

[123] caffe
    Script: c/caffe/caffe_ubuntu_16.04.sh
    ✓ Already in cache (skipped)

[124] cassandra-driver
    Script: c/cassandra-driver/cassandra-driver.sh
    ✓ Already in cache (skipped)

[125] catboost
    Script: c/catboost/catboost-1.2.5.sh
    ✓ Already in cache (skipped)

[126] python-certifi
    Script: c/certifi/certifi.sh
    ✓ Already in cache (skipped)

[127] certipy
    Script: c/certipy/certipy.sh
    ✓ Already in cache (skipped)

[128] cffi
    Script: c/cffi/cffi.sh
    ✓ Already in cache (skipped)

[129] chalice
    Script: c/chalice/chalice.sh
    ✓ Already in cache (skipped)

[130] chalice
    Script: c/chalice/chalice_ubi_8.3.sh
    ✓ Already in cache (skipped)

[131] chest
    Script: c/chest/chest.sh
    ✓ Already in cache (skipped)

[132] chest
    Script: c/chest/chest_ubuntu_16.04.sh
    ✓ Already in cache (skipped)

[133] chroma-hnswlib
    Script: c/chroma-hnswlib/chroma-hnswlib.sh
    ✓ Already in cache (skipped)

[134] chromadb
    Script: c/chromadb/chromadb_1.0.20.sh
    ✓ Already in cache (skipped)

[135] PACKAGE_NAME
    Script: c/chromium/Chromium_latest_AT_12.0_sdk.sh
    ✓ Already in cache (skipped)

[136] chromium
    Script: c/chromium/Chromium_latest_AT_12.0_sdk_RHEL_7.6.sh
    ✓ Already in cache (skipped)

[137] PACKAGE_NAME
    Script: c/chromium/chromium_latest.sh
    ✓ Already in cache (skipped)

[138] chromium
    Script: c/chromium/chromium_latest_RHEL_7.6.sh
    ✓ Already in cache (skipped)

[139] clawpack
    Script: c/clawpack/clawpack.sh
    ✓ Already in cache (skipped)

[140] clawpack
    Script: c/clawpack/clawpack_rhel_7.3.sh
    ✓ Already in cache (skipped)

[141] clawpack
    Script: c/clawpack/clawpack_ubuntu_16.04.sh
    ✓ Already in cache (skipped)

[142] click
    Script: c/click/click.sh
    ✓ Already in cache (skipped)

[143] cloudpickle
    Script: c/cloudpickle/cloudpickle.sh
    ✓ Already in cache (skipped)

[144] cloudpickle
    Script: c/cloudpickle/cloudpickle_ubi_8.7.sh
    ✓ Already in cache (skipped)

[145] cloudpickle
    Script: c/cloudpickle/cloudpickle_ubuntu_16.04.sh
    ✓ Already in cache (skipped)

[146] clyent
    Script: c/clyent/clyent.sh
    ✓ Already in cache (skipped)

[147] clyent
    Script: c/clyent/clyent_ubuntu_16.04.sh
    ✓ Already in cache (skipped)

[148] confluent-kafka-python
    Script: c/confluent-kafka/confluent-kafka.sh
    ✓ Already in cache (skipped)

[149] confluent-kafka
    Script: c/confluent-kafka/confluent-kafka_ubi8_3.sh
    ✓ Already in cache (skipped)

[150] confluent-kafka
    Script: c/confluent-kafka/confluent-kafka_ubi_8.3.sh
    ✓ Already in cache (skipped)

[151] conscrypt
    Script: c/conscrypt/conscrypt.sh
    ✓ Already in cache (skipped)

[152] constantly
    Script: c/constantly/constantly.sh
    ✓ Already in cache (skipped)

[153] constantly
    Script: c/constantly/constantly_ubuntu_16.04.sh
    ✓ Already in cache (skipped)

[154] constructor
    Script: c/constructor/constructor.sh
    ✓ Already in cache (skipped)

[155] constructor
    Script: c/constructor/constructor_ubi_8_7.sh
    ✓ Already in cache (skipped)

[156] contourpy
    Script: c/contourpy/contourpy.sh
    ✓ Already in cache (skipped)

[157] contourpy
    Script: c/contourpy/contourpy_1.3.1.sh
    ✓ Already in cache (skipped)

[158] contourpy
    Script: c/contourpy/contourpy_ubi_9.3.sh
    ✓ Already in cache (skipped)

[159] cpython
    Script: c/cpython/cpython.sh
    ✓ Already in cache (skipped)

[160] crmsh
    Script: c/crmsh/crmsh.sh
    ✓ Already in cache (skipped)

[161] crontab
    Script: c/crontab/crontab.sh
    ✓ Already in cache (skipped)

[162] crontab
    Script: c/crontab/crontab_ubi8.4.sh
    ✓ Already in cache (skipped)

[163] cryptography
    Script: c/cryptography/cryptography.sh
    ✓ Already in cache (skipped)

[164] cryptography
    Script: c/cryptography/cryptography_39.0.1.sh
    ✓ Already in cache (skipped)

[165] cryptography
    Script: c/cryptography/cryptography_39.0.1_ubi_9.3.sh
    ✓ Already in cache (skipped)

[166] cryptography
    Script: c/cryptography/cryptography_43.0.1.sh
    ✓ Already in cache (skipped)

[167] cryptography
    Script: c/cryptography/cryptography_ubi_8.10.sh
    ✓ Already in cache (skipped)

[168] cryptography
    Script: c/cryptography/cryptography_ubi_9.3.sh
    ✓ Already in cache (skipped)

[169] ctranslate2
    Script: c/ctranslate2/ctranslate2.sh
    ✓ Already in cache (skipped)

[170] custodia
    Script: c/custodia/custodia_v0.6.0.sh
    ✓ Already in cache (skipped)

[171] PACKAGE_NAME
    Script: c/cutadapt/cutadapt.sh
    ✓ Already in cache (skipped)

[172] cutadapt
    Script: c/cutadapt/cutadapt_rhel_7.3.sh
    ✓ Already in cache (skipped)

[173] cutadapt
    Script: c/cutadapt/cutadapt_ubuntu_16.04.sh
    ✓ Already in cache (skipped)

[174] cycler
    Script: c/cycler/cycler.sh
    ✓ Already in cache (skipped)

[175] cycler
    Script: c/cycler/cycler_rhel_7.3.sh
    ✓ Already in cache (skipped)

[176] cytoolz
    Script: c/cytoolz/cytoolz.sh
    ✓ Already in cache (skipped)

[177] cytoolz
    Script: c/cytoolz/cytoolz_1.0.1.sh
    ✓ Already in cache (skipped)

[178] cytoolz
    Script: c/cytoolz/cytoolz_1.0.1_ubi_9.5.sh
    ✓ Already in cache (skipped)

[179] cytoolz
    Script: c/cytoolz/cytoolz_ubi_8.7.sh
    ✓ Already in cache (skipped)

[180] dask
    Script: d/dask/dask.sh
    ✓ Already in cache (skipped)

[181] dask
    Script: d/dask/dask_2023.6.0.sh
    ✓ Already in cache (skipped)

[182] dask
    Script: d/dask/dask_ubi_9.3.sh
    ✓ Already in cache (skipped)

[183] latest_ubuntu_16.04
    Script: d/dask/prepare.sh
    ✓ Already in cache (skipped)

[184] datadog-agent
    Script: d/datadog-agent/datadog_sles12_sp5.sh
    ✓ Already in cache (skipped)

[185] demjson
    Script: d/demjson/demjson.sh
    ✓ Already in cache (skipped)

[186] dill
    Script: d/dill/dill.sh
    ✓ Already in cache (skipped)

[187] dill
    Script: d/dill/dill_rhel_7.3.sh
    ✓ Already in cache (skipped)

[188] dill
    Script: d/dill/dill_ubi_8.7.sh
    ✓ Already in cache (skipped)

[189] disco
    Script: d/disco/disco.sh
    ✓ Already in cache (skipped)

[190] PACKAGE_NAME
    Script: d/distributed/distributed.sh
    ✓ Already in cache (skipped)

[191] distributed
    Script: d/distributed/distributed_rhel_7.3.sh
    ✓ Already in cache (skipped)

[192] distributed
    Script: d/distributed/distributed_ubuntu_16.04.sh
    ✓ Already in cache (skipped)

[193] django
    Script: d/django/django.sh
    ✓ Already in cache (skipped)

[194] django
    Script: d/django/django_rhel_7.4.sh
    ✓ Already in cache (skipped)

[195] django
    Script: d/django/django_ubuntu_16.04.sh
    ✓ Already in cache (skipped)

[196] dm-tree
    Script: d/dm-tree/dm-tree.sh
    ✓ Already in cache (skipped)

[197] dm-tree
    Script: d/dm-tree/dm-tree_ubi_0.1.8_9.3.sh
    ✓ Already in cache (skipped)

[198] docling
    Script: d/docling/docling_v2.36.0.sh
    ✓ Already in cache (skipped)

[199] docling
    Script: d/docling/docling_v2.36.0_ubi9.5.sh
    ✓ Already in cache (skipped)

[200] docling
    Script: d/docling/docling_v2.60.1.sh
    ✓ Already in cache (skipped)

[201] conda.recipe
    Script: d/dropbox/build.sh
    ✓ Already in cache (skipped)

[202] dulwich
    Script: d/dulwich/dulwich_0.21.7.sh
    ✓ Already in cache (skipped)

[203] entrypoints
    Script: e/entrypoints/entrypoints.sh
    ✓ Already in cache (skipped)

[204] entrypoints
    Script: e/entrypoints/entrypoints_rhel_7.3.sh
    ✓ Already in cache (skipped)

[205] PACKAGE_NAME
    Script: e/envoyproxy/envoyproxy_envoy.sh
    ✓ Already in cache (skipped)

[206] envoyproxy
    Script: e/envoyproxy/envoyproxy_envoy_ubi_8.4.sh
    ✓ Already in cache (skipped)

[207] ephem
    Script: e/ephem/ephem.sh
    ✓ Already in cache (skipped)

[208] evil-transform
    Script: e/evil-transform/evil_transform.sh
    ✓ Already in cache (skipped)

[209] exam
    Script: e/exam/exam.sh
    ✓ Already in cache (skipped)

[210] PACKAGE_NAME
    Script: e/executing/executing.sh
    ✓ Already in cache (skipped)

[211] executing
    Script: e/executing/executing_ubi_8.3.sh
    ✓ Already in cache (skipped)

[212] expressions
    Script: e/expressions/expressions.sh
    ✓ Already in cache (skipped)

[213] expressions
    Script: e/expressions/expressions_ubuntu_16.04.sh
    ✓ Already in cache (skipped)

[214] faulthandler
    Script: f/faulthandler/faulthandler.sh
    ✓ Already in cache (skipped)

[215] FFmpeg
    Script: f/ffmpeg/ffmpeg.sh
    ✓ Already in cache (skipped)

[216] Fiona
    Script: f/fiona/fiona.sh
    ✓ Already in cache (skipped)

[217] fire
    Script: f/fire/fire.sh
    ✓ Already in cache (skipped)

[218] flake8-2020
    Script: f/flake8-2020/flake8-2020.sh
    ✓ Already in cache (skipped)

[219] flask-rdf
    Script: f/flask-rdf/flask_restrdf.sh
    ✓ Already in cache (skipped)

[220] flask-restful
    Script: f/flask-restful/flask_restful.sh
    ✓ Already in cache (skipped)

[221] flask-restplus
    Script: f/flask-restplus/flask_restplus.sh
    ✓ Already in cache (skipped)

[222] flask-security
    Script: f/flask-security/flask-security.sh
    ✓ Already in cache (skipped)

[223] flask-security
    Script: f/flask-security/flask-security_ubi_8.sh
    ✓ Already in cache (skipped)

[224] conda.recipe
    Script: f/flask_ldap_login/build.sh
    ✓ Already in cache (skipped)

[225] flask_ldap_login
    Script: f/flask_ldap_login/flask-ldap-login.sh
    ✓ Already in cache (skipped)

[226] frozenlist
    Script: f/frozenlist/frozenlist.sh
    ✓ Already in cache (skipped)

[227] PACKAGE_NAME
    Script: f/frr/frr.sh
    ✓ Already in cache (skipped)

[228] frr
    Script: f/frr/frr_ubuntu_16.04.sh
    ✓ Already in cache (skipped)

[229] func_timeout
    Script: f/func_timeout/func_timeout.sh
    ✓ Already in cache (skipped)

[230] furo
    Script: f/furo/furo.sh
    ✓ Already in cache (skipped)

[231] furo
    Script: f/furo/furo_ubi_8.5.sh
    ✓ Already in cache (skipped)

[232] future
    Script: f/future/future.sh
    ✓ Already in cache (skipped)

[233] futures
    Script: f/futures/futures.sh
    ✓ Already in cache (skipped)

[234] gensim
    Script: g/gensim/gensim.sh
    ✓ Already in cache (skipped)

[235] gensim
    Script: g/gensim/gensim_4.3.3.sh
    ✓ Already in cache (skipped)

[236] gensim
    Script: g/gensim/gensim_rhel_7.6.sh
    ✓ Already in cache (skipped)

[237] gensim
    Script: g/gensim/gensim_ubi_9_3.sh
    ✓ Already in cache (skipped)

[238] gensim
    Script: g/gensim/gensim_ubuntu_16.04.sh
    ✓ Already in cache (skipped)

[239] geomet
    Script: g/geomet/geomet.sh
    ✓ Already in cache (skipped)

[240] geomet
    Script: g/geomet/geomet_rhel_8.3.sh
    ✓ Already in cache (skipped)

[241] glance
    Script: g/glance/glance.sh
    ✓ Already in cache (skipped)

[242] glance
    Script: g/glance/glance_ubi_8.7.sh
    ✓ Already in cache (skipped)

[243] glog
    Script: g/glog/glog.sh
    ✓ Already in cache (skipped)

[244] gmpy2
    Script: g/gmpy2/gmpy2.sh
    ✓ Already in cache (skipped)

[245] google-ngrams
    Script: g/google-ngrams/google-ngrams.sh
    ✓ Already in cache (skipped)

[246] google_apputils
    Script: g/google_apputils/google_apputils.sh
    ✓ Already in cache (skipped)

[247] graphite2
    Script: g/graphite2/graphite2.sh
    ✓ Already in cache (skipped)

[248] graphviz
    Script: g/graphviz/graphviz.sh
    ✓ Already in cache (skipped)

[249] greenlet
    Script: g/greenlet/greenlet.sh
    ✓ Already in cache (skipped)

[250] conda.recipe
    Script: g/gridmap/build.sh
    ✓ Already in cache (skipped)

[251] gridmap
    Script: g/gridmap/gridmap.sh
    ✓ Already in cache (skipped)

[252] gridmap
    Script: g/gridmap/gridmap_ubuntu_16.04.sh
    ✓ Already in cache (skipped)

[253] grpc
    Script: g/grpc/grpc.sh
    ✓ Already in cache (skipped)

[254] grpc
    Script: g/grpc/grpc_ubuntu_18.04.sh
    ✓ Already in cache (skipped)

[255] grpc-cpp
    Script: g/grpc-cpp/grpc_cpp.sh
    ✓ Already in cache (skipped)

[256] gunicorn
    Script: g/gunicorn/gunicorn.sh
    ✓ Already in cache (skipped)

[257] gunicorn
    Script: g/gunicorn/gunicorn_ubi_8.7.sh
    ✓ Already in cache (skipped)

[258] gha-script
    Script: gha-script/build_wheels.sh/build_wheels.sh
    ✓ Already in cache (skipped)

[259] gha-script
    Script: gha-script/create_wheel_wrapper.sh/create_wheel_wrapper.sh
    ✓ Already in cache (skipped)

[260] gha-script
    Script: gha-script/pre_process.sh/pre_process.sh
    ✓ Already in cache (skipped)

[261] scanner-scripts
    Script: gha-script/scanner-scripts/scancode_wheel_scan.sh
    ✓ Already in cache (skipped)

[262] h2o-py
    Script: h/h2o-py/h2o-py_ubuntu_16.04_py27.sh
    ✓ Already in cache (skipped)

[263] h5py
    Script: h/h5py/h5py.sh
    ✓ Already in cache (skipped)

[264] h5py
    Script: h/h5py/h5py_3.11.0.sh
    ✓ Already in cache (skipped)

[265] h5py
    Script: h/h5py/h5py_3.15.0.sh
    ✓ Already in cache (skipped)

[266] h5py
    Script: h/h5py/h5py_ubi_9.3.sh
    ✓ Already in cache (skipped)

[267] PACKAGE_NAME
    Script: h/hdbscan/hdbscan.sh
    ✓ Already in cache (skipped)

[268] hdbscan
    Script: h/hdbscan/hdbscan_rhel_7.6.sh
    ✓ Already in cache (skipped)

[269] hdf5
    Script: h/hdf5/hdf5.sh
    ✓ Already in cache (skipped)

[270] hdijupyterutils
    Script: h/hdijupyterutils/hdijupyterutils.sh
    ✓ Already in cache (skipped)

[271] headers_workaround
    Script: h/headers_workaround/headers_workaround.sh
    ✓ Already in cache (skipped)

[272] headers_workaround
    Script: h/headers_workaround/headers_workaround_ubuntu_16.04.sh
    ✓ Already in cache (skipped)

[273] hf-xet
    Script: h/hf-xet/hf-xet.sh
    ✓ Already in cache (skipped)

[274] hjson-py
    Script: h/hjson-py/hjson-py.sh
    ✓ Already in cache (skipped)

[275] horizon
    Script: h/horizon/horizon.sh
    ✓ Already in cache (skipped)

[276] htpasswd
    Script: h/htpasswd/htpasswd.sh
    ✓ Already in cache (skipped)

[277] httptools
    Script: h/httptools/httptools.sh
    ✓ Already in cache (skipped)

[278] httptools
    Script: h/httptools/httptools_ubi_8.10.sh
    ✓ Already in cache (skipped)

[279] humanfriendly
    Script: h/humanfriendly/humanfriendly.sh
    ✓ Already in cache (skipped)

[280] iaesdk
    Script: i/iaesdk/iaesdk.sh
    ✓ Already in cache (skipped)

[281] ibm-cloud-sdk-core
    Script: i/ibm-cloud-sdk-core/ibm-cloud-sdk-core.sh
    ✓ Already in cache (skipped)

[282] ibm-cos-sdk
    Script: i/ibm-cos-sdk/ibm-cos-sdk-python.sh
    ✓ Already in cache (skipped)

[283] ibm-cos-sdk-core
    Script: i/ibm-cos-sdk-core/ibm-cos-sdk-python-core.sh
    ✓ Already in cache (skipped)

[284] ibm-cos-sdk-python-core
    Script: i/ibm-cos-sdk-core/ibm-cos-sdk-python-core_2.8.0_ubi_8.4.sh
    ✓ Already in cache (skipped)

[285] ibm-cos-sdk-s3transfer
    Script: i/ibm-cos-sdk-s3transfer/ibm-cos-sdk-python-s3transfer.sh
    ✓ Already in cache (skipped)

[286] ibm_db
    Script: i/ibm_db/ibm_db.sh
    ✓ Already in cache (skipped)

[287] idna-ssl
    Script: i/idna-ssl/idna-ssl.sh
    ✓ Already in cache (skipped)

[288] ijson
    Script: i/ijson/ijson.sh
    ✓ Already in cache (skipped)

[289] imageio
    Script: i/imageio/imageio.sh
    ✓ Already in cache (skipped)

[290] PACKAGE_NAME
    Script: i/imagesize_py/imagesize.sh
    ✓ Already in cache (skipped)

[291] imagesize_py
    Script: i/imagesize_py/imagesize_py.sh
    ✓ Already in cache (skipped)

[292] imagesize_py
    Script: i/imagesize_py/imagesize_rhel_7.3.sh
    ✓ Already in cache (skipped)

[293] imbalanced-learn
    Script: i/imbalanced-learn/imbalanced-learn.sh
    ✓ Already in cache (skipped)

[294] conda.recipe
    Script: i/iminuit/build.sh
    ✓ Already in cache (skipped)

[295] iminuit
    Script: i/iminuit/iminuit.sh
    ✓ Already in cache (skipped)

[296] iminuit
    Script: i/iminuit/iminuit_ubuntu_16.04.sh
    ✓ Already in cache (skipped)

[297] import-tracker
    Script: i/import-tracker/import_tracker.sh
    ✓ Already in cache (skipped)

[298] conda.recipe
    Script: i/impyla/build.sh
    ✓ Already in cache (skipped)

[299] impyla
    Script: i/impyla/impyla.sh
    ✓ Already in cache (skipped)

[300] impyla
    Script: i/impyla/impyla_ubuntu_16.04.sh
    ✓ Already in cache (skipped)

[301] incremental
    Script: i/incremental/incremental.sh
    ✓ Already in cache (skipped)

[302] incremental
    Script: i/incremental/incremental_rhel_7.3.sh
    ✓ Already in cache (skipped)

[303] incremental
    Script: i/incremental/incremental_ubi_8_7.sh
    ✓ Already in cache (skipped)

[304] incremental
    Script: i/incremental/incremental_ubuntu_16.04.sh
    ✓ Already in cache (skipped)

[305] PACKAGE_NAME
    Script: i/infinispan/infinispan_build_ppc64le.sh
    ✓ Already in cache (skipped)

[306] infinispan
    Script: i/infinispan/infinispan_build_ppc64le_rhel7.6.sh
    ✓ Already in cache (skipped)

[307] inflection
    Script: i/inflection/inflection.sh
    ✓ Already in cache (skipped)

[308] inflection
    Script: i/inflection/inflection_rhel_7.3.sh
    ✓ Already in cache (skipped)

[309] inflection
    Script: i/inflection/inflection_ubuntu_16.04.sh
    ✓ Already in cache (skipped)

[310] ipykernel
    Script: i/ipykernel/ipykernel.sh
    ✓ Already in cache (skipped)

[311] ipykernel
    Script: i/ipykernel/ipykernel_ubi_8_7.sh
    ✓ Already in cache (skipped)

[312] ipywidgets
    Script: i/ipywidgets/ipywidgets.sh
    ✓ Already in cache (skipped)

[313] ipywidgets
    Script: i/ipywidgets/ipywidgets_ubi_8.7.sh
    ✓ Already in cache (skipped)

[314] 1.4.3
    Script: i/istio/istio_rhel7.6.sh
    ✓ Already in cache (skipped)

[315] istio-proxy
    Script: i/istio-proxy/istio-proxy.sh
    ✓ Already in cache (skipped)

[316] PACKAGE_NAME
    Script: i/itsdangerous/itsdangerous.sh
    ✓ Already in cache (skipped)

[317] itsdangerous
    Script: i/itsdangerous/itsdangerous_ubi_8_7.sh
    ✓ Already in cache (skipped)

[318] jaraco.packaging
    Script: j/jaraco.packaging/jaraco.packaging.sh
    ✓ Already in cache (skipped)

[319] jaraco.packaging
    Script: j/jaraco.packaging/jaraco.packaging_rhel_8.3.sh
    ✓ Already in cache (skipped)

[320] jaraco.test
    Script: j/jaraco.test/jaraco.test.sh
    ✓ Already in cache (skipped)

[321] jaraco.test
    Script: j/jaraco.test/jaraco.test_ubi_8.5.sh
    ✓ Already in cache (skipped)

[322] jaro-winkler-distance
    Script: j/jaro-winkler-distance/jaro-winkler-distance.sh
    ✓ Already in cache (skipped)

[323] jaro-winkler-distance
    Script: j/jaro-winkler-distance/jaro-winkler-distance_rhel_7.6.sh
    ✓ Already in cache (skipped)

[324] jasper
    Script: j/jasper/jasper.sh
    ✓ Already in cache (skipped)

[325] conda.recipe
    Script: j/javabridge/build.sh
    ✓ Already in cache (skipped)

[326] javabridge
    Script: j/javabridge/javabridge.sh
    ✓ Already in cache (skipped)

[327] javabridge
    Script: j/javabridge/javabridge_ubuntu_16.04.sh
    ✓ Already in cache (skipped)

[328] jax
    Script: j/jax/jax.sh
    ✓ Already in cache (skipped)

[329] jax
    Script: j/jaxlib/jaxlib.sh
    ✓ Already in cache (skipped)

[330] jdcal
    Script: j/jdcal/jdcal.sh
    ✓ Already in cache (skipped)

[331] jedi
    Script: j/jedi/jedi_v0.16.0.sh
    ✓ Already in cache (skipped)

[332] jenkspy
    Script: j/jenkspy/jenkspy.sh
    ✓ Already in cache (skipped)

[333] jpype
    Script: j/jpype/jpype.sh
    ✓ Already in cache (skipped)

[334] jsoncpp
    Script: j/jsoncpp/jsoncpp.sh
    ✓ Already in cache (skipped)

[335] jsoncpp
    Script: j/jsoncpp/jsoncpp_ubuntu_16.04.sh
    ✓ Already in cache (skipped)

[336] jsonschema-specifications
    Script: j/jsonschema-specifications/jsonschema-specifications.sh
    ✓ Already in cache (skipped)

[337] jupyter
    Script: j/jupyter/jupyter.sh
    ✓ Already in cache (skipped)

[338] jupyter
    Script: j/jupyter/jupyter_rhel_7.3.sh
    ✓ Already in cache (skipped)

[339] jupyter
    Script: j/jupyter/jupyter_ubuntu_16.04.sh
    ✓ Already in cache (skipped)

[340] jupyter_client
    Script: j/jupyter_client/jupyter_client.sh
    ✓ Already in cache (skipped)

[341] jupyter_core
    Script: j/jupyter_core/jupyter_core.sh
    ✓ Already in cache (skipped)

[342] jupyter_core
    Script: j/jupyter_core/jupyter_core_ubi_8.7.sh
    ✓ Already in cache (skipped)

[343] kafka-python
    Script: k/kafka-python/kafka-python.sh
    ✓ Already in cache (skipped)

[344] kafka-python
    Script: k/kafka-python/kafka-python_ubi_8.5.sh
    ✓ Already in cache (skipped)

[345] conda.recipe
    Script: k/keras/build.sh
    ✓ Already in cache (skipped)

[346] PACKAGE_NAME
    Script: k/keras/keras.sh
    ✓ Already in cache (skipped)

[347] keras
    Script: k/keras/keras_3.10.0.sh
    ✓ Already in cache (skipped)

[348] keras
    Script: k/keras/keras_ubuntu_16.04.sh
    ✓ Already in cache (skipped)

[349] kiwi
    Script: k/kiwisolver/kiwisolver.sh
    ✓ Already in cache (skipped)

[350] conda.recipe
    Script: k/knit/build.sh
    ✓ Already in cache (skipped)

[351] knit
    Script: k/knit/knit.sh
    ✓ Already in cache (skipped)

[352] pykrb5
    Script: k/krb5/krb5.sh
    ✓ Already in cache (skipped)

[353] lame
    Script: l/lame/lame.sh
    ✓ Already in cache (skipped)

[354] langchain
    Script: l/langchain/langchain.sh
    ✓ Already in cache (skipped)

[355] langflow
    Script: l/langflow/langflow.sh
    ✓ Already in cache (skipped)

[356] conda.recipe
    Script: l/lasagne/build.sh
    ✓ Already in cache (skipped)

[357] lasagne
    Script: l/lasagne/lasagne_ubuntu_16.04_py27.sh
    ✓ Already in cache (skipped)

[358] libclang
    Script: l/libclang/libclang.sh
    ✓ Already in cache (skipped)

[359] libprotobuf
    Script: l/libprotobuf/libprotobuf.sh
    ✓ Already in cache (skipped)

[360] libvpx
    Script: l/libvpx/libvpx.sh
    ✓ Already in cache (skipped)

[361] lightgbm
    Script: l/lightgbm/h2o_lightgbm_integrate.sh
    ✓ Already in cache (skipped)

[362] lightgbm
    Script: l/lightgbm/lightGBM_centos_7.3_gpu.sh
    ✓ Already in cache (skipped)

[363] lightgbm
    Script: l/lightgbm/lightGBM_rhel_cuda.sh
    ✓ Already in cache (skipped)

[364] lightgbm
    Script: l/lightgbm/lightGBM_ubuntu_16.04_gpu.sh
    ✓ Already in cache (skipped)

[365] LightGBM
    Script: l/lightgbm/lightgbm.sh
    ✓ Already in cache (skipped)

[366] LightGBM
    Script: l/lightgbm/lightgbm_4.2.0.sh
    ✓ Already in cache (skipped)

[367] LightGBM
    Script: l/lightgbm/lightgbm_4.2.0_ubi_9.3.sh
    ✓ Already in cache (skipped)

[368] LightGBM
    Script: l/lightgbm/lightgbm_4.6.0.sh
    ✓ Already in cache (skipped)

[369] LightGBM
    Script: l/lightgbm/lightgbm_ubi_9.3.sh
    ✓ Already in cache (skipped)

[370] lit
    Script: l/lit/lit.sh
    ✓ Already in cache (skipped)

[371] llguidance
    Script: l/llguidance/llguidance.sh
    ✓ Already in cache (skipped)

[372] llvmlite
    Script: l/llvmlite/llvmlite.sh
    ✓ Already in cache (skipped)

[373] llvmlite
    Script: l/llvmlite/llvmlite_ubi_8_7.sh
    ✓ Already in cache (skipped)

[374] llvmlite
    Script: l/llvmlite/llvmlite_ubi_9.3.sh
    ✓ Already in cache (skipped)

[375] PACKAGE_NAME
    Script: l/llvmlite/llvmlite_v0.41.1.sh
    ✓ Already in cache (skipped)

[376] llvmlite
    Script: l/llvmlite/llvmlite_v0.41.1_ubi_9_3.sh
    ✓ Already in cache (skipped)

[377] PACKAGE_NAME
    Script: l/llvmlite/llvmlite_v0.43.0.sh
    ✓ Already in cache (skipped)

[378] llvmlite
    Script: l/llvmlite/llvmlite_v0.43.0_ubi_9_3.sh
    ✓ Already in cache (skipped)

[379] llvmlite
    Script: l/llvmlite/llvmlite_v0.44.0rc1.sh
    ✓ Already in cache (skipped)

[380] llvmlite
    Script: l/llvmlite/llvmlite_v0.44.0rc1_ubi_9_3.sh
    ✓ Already in cache (skipped)

[381] llvmlite
    Script: l/llvmlite/llvmlite_v0.45.0.sh
    ✓ Already in cache (skipped)

[382] logbook
    Script: l/logbook/logbook.sh
    ✓ Already in cache (skipped)

[383] luigi
    Script: l/luigi/luigi.sh
    ✓ Already in cache (skipped)

[384] luigi
    Script: l/luigi/luigi_ubi_8.7.sh
    ✓ Already in cache (skipped)

[385] lxml
    Script: l/lxml/lxml.sh
    ✓ Already in cache (skipped)

[386] maistra
    Script: m/maistra/maistra_envoy.sh
    ✓ Already in cache (skipped)

[387] PACKAGE_NAME
    Script: m/maistra/maistra_istio.sh
    ✓ Already in cache (skipped)

[388] maistra
    Script: m/maistra/maistra_istio_rhel_7.6.sh
    ✓ Already in cache (skipped)

[389] PACKAGE_NAME
    Script: m/maistra/maistra_proxy.sh
    ✓ Already in cache (skipped)

[390] maistra
    Script: m/maistra/maistra_proxy_rhel_7.6.sh
    ✓ Already in cache (skipped)

[391] container-assets
    Script: m/manageiq/phantomjs.sh
    ✓ Already in cache (skipped)

[392] markdown
    Script: m/markdown/markdown.sh
    ✓ Already in cache (skipped)

[393] markdown
    Script: m/markdown/markdown_ubi_8.7.sh
    ✓ Already in cache (skipped)

[394] markupsafe
    Script: m/markupsafe/markupsafe.sh
    ✓ Already in cache (skipped)

[395] markupsafe
    Script: m/markupsafe/markupsafe_3.0.2.sh
    ✓ Already in cache (skipped)

[396] markupsafe
    Script: m/markupsafe/markupsafe_ubi_9.3.sh
    ✓ Already in cache (skipped)

[397] matplotlib
    Script: m/matplotlib/matplotlib.sh
    ✓ Already in cache (skipped)

[398] matplotlib
    Script: m/matplotlib/matplotlib_3.7.1.sh
    ✓ Already in cache (skipped)

[399] matplotlib
    Script: m/matplotlib/matplotlib_3.7.1_ubi_9.3.sh
    ✓ Already in cache (skipped)

[400] matplotlib
    Script: m/matplotlib/matplotlib_3.8.0.sh
    ✓ Already in cache (skipped)

[401] matplotlib
    Script: m/matplotlib/matplotlib_3.8.0_ubi_9.3.sh
    ✓ Already in cache (skipped)

[402] matplotlib
    Script: m/matplotlib/matplotlib_ubi_8.10.sh
    ✓ Already in cache (skipped)

[403] mdp-toolkit
    Script: m/mdp-toolkit/mdp-toolkit.sh
    ✓ Already in cache (skipped)

[404] milvus-lite
    Script: m/milvus-lite/milvus-lite.sh
    ✓ Already in cache (skipped)

[405] milvus-lite
    Script: m/milvus-lite/milvus-lite_2.5.0.sh
    ✓ Already in cache (skipped)

[406] milvus-lite
    Script: m/milvus-lite/milvus-lite_ubi_9.3.sh
    ✓ Already in cache (skipped)

[407] ml_dtypes
    Script: m/ml_dtypes/ml_dtypes_v0.4.1.sh
    ✓ Already in cache (skipped)

[408] ml_dtypes
    Script: m/ml_dtypes/mldtypes.sh
    ✓ Already in cache (skipped)

[409] ml_dtypes
    Script: m/ml_dtypes/mldtypes_ubi_9.3.sh
    ✓ Already in cache (skipped)

[410] mock
    Script: m/mock/mock.sh
    ✓ Already in cache (skipped)

[411] mock
    Script: m/mock/mock_ubuntu_16.04.sh
    ✓ Already in cache (skipped)

[412] mongo-python-driver
    Script: m/mongo-python-driver/mongo-python-driver.sh
    ✓ Already in cache (skipped)

[413] mongo-python-driver
    Script: m/mongo-python-driver/mongo-python-driver_ubi_8.7.sh
    ✓ Already in cache (skipped)

[414] mongoengine
    Script: m/mongoengine/mongoengine_rhel_7.6.sh
    ✓ Already in cache (skipped)

[415] mpmath
    Script: m/mpmath/mpmath.sh
    ✓ Already in cache (skipped)

[416] msgpack-python
    Script: m/msgpack-python/msgpack-python.sh
    ✓ Already in cache (skipped)

[417] msgspec
    Script: m/msgspec/msgspec.sh
    ✓ Already in cache (skipped)

[418] multidict
    Script: m/multidict/multidict.sh
    ✓ Already in cache (skipped)

[419] multipart
    Script: m/multipart/multipart.sh
    ✓ Already in cache (skipped)

[420] multipart
    Script: m/multipart/multipart_ubuntu_16.04.sh
    ✓ Already in cache (skipped)

[421] mxnet
    Script: m/mxnet/mxnet_centos_7.4_gpu.sh
    ✓ Already in cache (skipped)

[422] mxnet
    Script: m/mxnet/mxnet_rhel_7.4_cpu.sh
    ✓ Already in cache (skipped)

[423] mxnet
    Script: m/mxnet/mxnet_ubuntu_16.04_cpu.sh
    ✓ Already in cache (skipped)

[424] mxnet
    Script: m/mxnet/mxnet_ubuntu_16.04_gpu.sh
    ✓ Already in cache (skipped)

[425] mxnet
    Script: m/mxnet/mxnet_ubuntu_16.04_gpu_1.0.0.sh
    ✓ Already in cache (skipped)

[426] natsort
    Script: n/natsort/natsort.sh
    ✓ Already in cache (skipped)

[427] conda.recipe
    Script: n/nb_config_manager/build.sh
    ✓ Already in cache (skipped)

[428] nb_config_manager
    Script: n/nb_config_manager/nb_config_manager.sh
    ✓ Already in cache (skipped)

[429] nb_config_manager
    Script: n/nb_config_manager/nb_config_manager_ubuntu_16.04.sh
    ✓ Already in cache (skipped)

[430] nbconvert
    Script: n/nbconvert/nbconvert.sh
    ✓ Already in cache (skipped)

[431] nbconvert
    Script: n/nbconvert/nbconvert_ubi_8.7.sh
    ✓ Already in cache (skipped)

[432] conda.recipe
    Script: n/nbsetuptools/build.sh
    ✓ Already in cache (skipped)

[433] nbsetuptools
    Script: n/nbsetuptools/nbsetuptools.sh
    ✓ Already in cache (skipped)

[434] nbsetuptools
    Script: n/nbsetuptools/nbsetuptools_ubuntu_16.04.sh
    ✓ Already in cache (skipped)

[435] PACKAGE_NAME
    Script: n/netty-tcnative/netty_tcnative_build_ppc64le.sh
    ✓ Already in cache (skipped)

[436] netty-tcnative
    Script: n/netty-tcnative/netty_tcnative_build_ppc64le_rhel7.6.sh
    ✓ Already in cache (skipped)

[437] nltk
    Script: n/nltk/nltk.sh
    ✓ Already in cache (skipped)

[438] nodejs-wheel
    Script: n/nodejs-wheel/nodejs-wheel-binaries_22.20.0.sh
    ✓ Already in cache (skipped)

[439] notebook
    Script: n/notebook/notebook.sh
    ✓ Already in cache (skipped)

[440] nova
    Script: n/nova/nova.sh
    ✓ Already in cache (skipped)

[441] numba
    Script: n/numba/numba.sh
    ✓ Already in cache (skipped)

[442] numba
    Script: n/numba/numba_0.62.0.sh
    ✓ Already in cache (skipped)

[443] numba
    Script: n/numba/numba_ubi_9.3.sh
    ✓ Already in cache (skipped)

[444] numexpr
    Script: n/numexpr/numexpr.sh
    ✓ Already in cache (skipped)

[445] numexpr
    Script: n/numexpr/numexpr_2.10.2.sh
    ✓ Already in cache (skipped)

[446] numexpr
    Script: n/numexpr/numexpr_2.10.2_ubi_9.3.sh
    ✓ Already in cache (skipped)

[447] numexpr
    Script: n/numexpr/numexpr_2.11.0.sh
    ✓ Already in cache (skipped)

[448] numexpr
    Script: n/numexpr/numexpr_ubi_9.3.sh
    ✓ Already in cache (skipped)

[449] numpy
    Script: n/numpy/numpy.sh
    ✓ Already in cache (skipped)

[450] numpy
    Script: n/numpy/numpy_1.23.5.sh
    ✓ Already in cache (skipped)

[451] numpy
    Script: n/numpy/numpy_1.23.5_ubi_9.3.sh
    ✓ Already in cache (skipped)

[452] numpy
    Script: n/numpy/numpy_1.26.0.sh
    ✓ Already in cache (skipped)

[453] numpy
    Script: n/numpy/numpy_1.26.0_ubi_9.3.sh
    ✓ Already in cache (skipped)

[454] numpy
    Script: n/numpy/numpy_ubi_8.5.sh
    ✓ Already in cache (skipped)

[455] numpy
    Script: n/numpy/numpy_ubi_9.3.sh
    ✓ Already in cache (skipped)

[456] numpy
    Script: n/numpy/numpy_v2.2.5.sh
    ✓ Already in cache (skipped)

[457] 16.0_debian_bullseye
    Script: o/odoo/entrypoint.sh
    ✓ Already in cache (skipped)

[458] odoo
    Script: o/odoo/odoo.sh
    ✓ Already in cache (skipped)

[459] odoo
    Script: o/odoo/odoo_16.0.sh
    ✓ Already in cache (skipped)

[460] odoo
    Script: o/odoo/odoo_16.0_ubi_8.5.sh
    ✓ Already in cache (skipped)

[461] oneTBB
    Script: o/onetbb/onetbb.sh
    ✓ Already in cache (skipped)

[462] onnx
    Script: o/onnx/install.sh
    ✓ Already in cache (skipped)

[463] onnx
    Script: o/onnx/onnx.sh
    ✓ Already in cache (skipped)

[464] onnx
    Script: o/onnx/onnx_ubi_1.16.0_9.3.sh
    ✓ Already in cache (skipped)

[465] onnx
    Script: o/onnx/setup.sh
    ✓ Already in cache (skipped)

[466] onnx
    Script: o/onnx/test.sh
    ✓ Already in cache (skipped)

[467] onnxconverter-common
    Script: o/onnxconverter-common/onnxconvertercommon.sh
    ✓ Already in cache (skipped)

[468] onnxmltools
    Script: o/onnxmltools/onnxmltools.sh
    ✓ Already in cache (skipped)

[469] onnxruntime
    Script: o/onnxruntime/onnxruntime_1.20.1.sh
    ✓ Already in cache (skipped)

[470] onnxruntime
    Script: o/onnxruntime/onnxruntime_1.20.1_ubi_9.3.sh
    ✓ Already in cache (skipped)

[471] onnxruntime
    Script: o/onnxruntime/onnxruntime_1.21.0.sh
    ✓ Already in cache (skipped)

[472] onnxruntime
    Script: o/onnxruntime/onnxruntime_1.21.0_ubi_9.3.sh
    ✓ Already in cache (skipped)

[473] onnxruntime
    Script: o/onnxruntime/onnxruntime_1.22.0.sh
    ✓ Already in cache (skipped)

[474] openapi-schema-validator
    Script: o/openapi-schema-validator/openapi-schema-validator.sh
    ✓ Already in cache (skipped)

[475] openapi-schema-validator
    Script: o/openapi-schema-validator/openapi-schema-validator_ubi_8.3.sh
    ✓ Already in cache (skipped)

[476] opencv-python-headless
    Script: o/opencv-python-headless/opencv-python-headless.sh
    ✓ Already in cache (skipped)

[477] opencv-python
    Script: o/opencv-python-headless/opencv-python-headless_4.10.0.84.sh
    ✓ Already in cache (skipped)

[478] opencv-python
    Script: o/opencv-python-headless/opencv-python-headless_4.10.0.84_ubi_9.3.sh
    ✓ Already in cache (skipped)

[479] opencv-python
    Script: o/opencv-python-headless/opencv-python-headless_ubi_8.10.sh
    ✓ Already in cache (skipped)

[480] openmpi
    Script: o/openmpi/openmpi.sh
    ✓ Already in cache (skipped)

[481] opentelemetry-python
    Script: o/opentelemetry-python/opentelemetry-python.sh
    ✓ Already in cache (skipped)

[482] opentelemetry-python
    Script: o/opentelemetry-python/opentelemetry-python_ubi_8.5.sh
    ✓ Already in cache (skipped)

[483] opentelemetry-python-contrib
    Script: o/opentelemetry-python-contrib/opentelemetry-python-contrib.sh
    ✓ Already in cache (skipped)

[484] opentelemetry-python-contrib
    Script: o/opentelemetry-python-contrib/opentelemetry-python-contrib_rhel_8.3.sh
    ✓ Already in cache (skipped)

[485] operator-sdk-ansible-util
    Script: o/operator-sdk-ansible-util/operator-sdk-ansible-util.sh
    ✓ Already in cache (skipped)

[486] operator-sdk-ansible-util
    Script: o/operator-sdk-ansible-util/operator-sdk-ansible-util_0.2.0.sh
    ✓ Already in cache (skipped)

[487] operator-sdk-ansible-util
    Script: o/operator-sdk-ansible-util/operator-sdk-ansible-util_0.2.0_ubuntu_18.04.sh
    ✓ Already in cache (skipped)

[488] opus
    Script: o/opus/opus.sh
    ✓ Already in cache (skipped)

[489] conda.recipe
    Script: o/orange3/build.sh
    ✓ Already in cache (skipped)

[490] PACKAGE_NAME
    Script: o/orange3/orange3.sh
    ✓ Already in cache (skipped)

[491] orange3
    Script: o/orange3/orange3_ubuntu_16.04.sh
    ✓ Already in cache (skipped)

[492] conda.recipe
    Script: o/ordereddict/build.sh
    ✓ Already in cache (skipped)

[493] ordereddict
    Script: o/ordereddict/ordereddict_ubuntu_16.04_py27.sh
    ✓ Already in cache (skipped)

[494] ormsgpack
    Script: o/ormsgpack/ormsgpack.sh
    ✓ Already in cache (skipped)

[495] outlines-core
    Script: o/outlines-core/outlines-core.sh
    ✓ Already in cache (skipped)

[496] Pyphen
    Script: p/Pyphen/Pyphen.sh
    ✓ Already in cache (skipped)

[497] Pyphen
    Script: p/Pyphen/Pyphen_rhel_7.6.sh
    ✓ Already in cache (skipped)

[498] PACKAGE_NAME
    Script: p/Pyphen/Pyphen_ubi_8_7.sh
    ✓ Already in cache (skipped)

[499] pallets-sphinx-themes
    Script: p/pallets-sphinx-themes/pallets-sphinx-themes.sh
    ✓ Already in cache (skipped)

[500] pallets-sphinx-themes
    Script: p/pallets-sphinx-themes/pallets-sphinx-themes_rhel_8.3.sh
    ✓ Already in cache (skipped)

[501] pandas
    Script: p/pandas/pandas.sh
    ✓ Already in cache (skipped)

[502] pandas
    Script: p/pandas/pandas_1.5.3.sh
    ✓ Already in cache (skipped)

[503] pandas
    Script: p/pandas/pandas_1.5.3_ubi_9.3.sh
    ✓ Already in cache (skipped)

[504] pandas
    Script: p/pandas/pandas_2.1.1.sh
    ✓ Already in cache (skipped)

[505] pandas
    Script: p/pandas/pandas_2.1.1_ubi_9.3.sh
    ✓ Already in cache (skipped)

[506] pandas
    Script: p/pandas/pandas_2.2.3.sh
    ✓ Already in cache (skipped)

[507] pandas
    Script: p/pandas/pandas_2.2.3_ubi_9.5.sh
    ✓ Already in cache (skipped)

[508] pandas
    Script: p/pandas/pandas_ubi_8.10.sh
    ✓ Already in cache (skipped)

[509] param
    Script: p/param/param.sh
    ✓ Already in cache (skipped)

[510] parameterized
    Script: p/parameterized/parameterized.sh
    ✓ Already in cache (skipped)

[511] parameterizedtestcase
    Script: p/parameterizedtestcase/parameterizedtestcase.sh
    ✓ Already in cache (skipped)

[512] partd
    Script: p/partd/partd.sh
    ✓ Already in cache (skipped)

[513] partd
    Script: p/partd/partd_ubi_8.7.sh
    ✓ Already in cache (skipped)

[514] pastedeploy
    Script: p/pastedeploy/pastedeploy.sh
    ✓ Already in cache (skipped)

[515] patroni
    Script: p/patroni/patroni.sh
    ✓ Already in cache (skipped)

[516] patroni
    Script: p/patroni/patroni_ubi_8.3.sh
    ✓ Already in cache (skipped)

[517] conda.recipe
    Script: p/pep381client/build.sh
    ✓ Already in cache (skipped)

[518] pep381client
    Script: p/pep381client/pep381client_ubuntu_16.04_py27.sh
    ✓ Already in cache (skipped)

[519] persistent
    Script: p/persistent/persistent.sh
    ✓ Already in cache (skipped)

[520] persistent
    Script: p/persistent/persistent_rhel_7.3.sh
    ✓ Already in cache (skipped)

[521] persistent
    Script: p/persistent/persistent_ubi_8.7.sh
    ✓ Already in cache (skipped)

[522] conda.recipe
    Script: p/petlx/build.sh
    ✓ Already in cache (skipped)

[523] petlx
    Script: p/petlx/petlx.sh
    ✓ Already in cache (skipped)

[524] petlx
    Script: p/petlx/petlx_ubuntu_16.04.sh
    ✓ Already in cache (skipped)

[525] phantomjs
    Script: p/phantomjs/phantomjs.sh
    ✓ Already in cache (skipped)

[526] phantomjs
    Script: p/phantomjs/phantomjs_rhel_7.2.sh
    ✓ Already in cache (skipped)

[527] phantomjs
    Script: p/phantomjs/phantomjs_ubuntu_16.04.sh
    ✓ Already in cache (skipped)

[528] pillow
    Script: p/pillow/pillow.sh
    ✓ Already in cache (skipped)

[529] pillow
    Script: p/pillow/pillow_ubi_8.10.sh
    ✓ Already in cache (skipped)

[530] pillow
    Script: p/pillow/pillow_ubi_9.3.sh
    ✓ Already in cache (skipped)

[531] pillow
    Script: p/pillow/pillow_v10.0.1.sh
    ✓ Already in cache (skipped)

[532] pillow
    Script: p/pillow/pillow_v10.0.1_ubi_9.3.sh
    ✓ Already in cache (skipped)

[533] pillow
    Script: p/pillow/pillow_v12.0.0.sh
    ✓ Already in cache (skipped)

[534] pint
    Script: p/pint/pint.sh
    ✓ Already in cache (skipped)

[535] pint
    Script: p/pint/pint_ubi_8.5.sh
    ✓ Already in cache (skipped)

[536] pip-ray
    Script: p/pip-ray/pip-ray_0.7.7.sh
    ✓ Already in cache (skipped)

[537] poetry
    Script: p/poetry/poetry.sh
    ✓ Already in cache (skipped)

[538] poetry-plugin-export
    Script: p/poetry-plugin-export/poetry-plugin-export.sh
    ✓ Already in cache (skipped)

[539] primp
    Script: p/primp/primp.sh
    ✓ Already in cache (skipped)

[540] protobuf
    Script: p/protobuf/protobuf.sh
    ✓ Already in cache (skipped)

[541] protobuf
    Script: p/protobuf/protobuf_ubi_9.3.sh
    ✓ Already in cache (skipped)

[542] protobuf
    Script: p/protobuf/protobuf_v4.25.3.sh
    ✓ Already in cache (skipped)

[543] protobuf
    Script: p/protobuf/protobuf_v4.25.3_ubi_9.3.sh
    ✓ Already in cache (skipped)

[544] protobuf
    Script: p/protobuf/protobuf_v6.31.0.sh
    ✓ Already in cache (skipped)

[545] psutil
    Script: p/psutil/psutil.sh
    ✓ Already in cache (skipped)

[546] psutil
    Script: p/psutil/psutil_7.0.0.sh
    ✓ Already in cache (skipped)

[547] psutil
    Script: p/psutil/psutil_ubi_9.3.sh
    ✓ Already in cache (skipped)

[548] psycopg2
    Script: p/psycopg2/psycopg2.sh
    ✓ Already in cache (skipped)

[549] psycopg2-binary
    Script: p/psycopg2-binary/psycopg2.sh
    ✓ Already in cache (skipped)

[550] psycopg2
    Script: p/psycopg2-binary/psycopg2_2.8.6_2.9.1.sh
    ✓ Already in cache (skipped)

[551] psycopg2
    Script: p/psycopg2-binary/psycopg2_2.8.6_2.9.1_ubuntu_18.04.sh
    ✓ Already in cache (skipped)

[552] psycopg2-binary
    Script: p/psycopg2-binary/psycopg2_ubi8_3.sh
    ✓ Already in cache (skipped)

[553] psycopg2cffi
    Script: p/psycopg2cffi/psycopg2cffi_2.8.1_2.9.0.sh
    ✓ Already in cache (skipped)

[554] psycopg2cffi
    Script: p/psycopg2cffi/psycopg2cffi_2.8.1_2.9.0_ubuntu_18.04.sh
    ✓ Already in cache (skipped)

[555] pulp-ansible
    Script: p/pulp-ansible/pulp_ansible.sh
    ✓ Already in cache (skipped)

[556] pulsar-client-python
    Script: p/pulsar-client-python/pulsar-client-python.sh
    ✓ Already in cache (skipped)

[557] pure_eval
    Script: p/pure-eval/pure-eval.sh
    ✓ Already in cache (skipped)

[558] pure-eval
    Script: p/pure-eval/pure-eval_rhel_8.3.sh
    ✓ Already in cache (skipped)

[559] py-filelock
    Script: p/py-filelock/py-filelock.sh
    ✓ Already in cache (skipped)

[560] py-filelock
    Script: p/py-filelock/py-filelock_ubuntu_16.04.sh
    ✓ Already in cache (skipped)

[561] py-make
    Script: p/py-make/py-make.sh
    ✓ Already in cache (skipped)

[562] py-make
    Script: p/py-make/py-make_ubi_8.5.sh
    ✓ Already in cache (skipped)

[563] pyarrow
    Script: p/pyarrow/pyarrow.sh
    ✓ Already in cache (skipped)

[564] pyarrow
    Script: p/pyarrow/pyarrow_0.10.0_ubuntu_16.04_gpu.sh
    ✓ Already in cache (skipped)

[565] PACKAGE_NAME
    Script: p/pyarrow/pyarrow_0.9.0.sh
    ✓ Already in cache (skipped)

[566] pyarrow
    Script: p/pyarrow/pyarrow_0.9.0_rhel_7.4.sh
    ✓ Already in cache (skipped)

[567] PACKAGE_NAME
    Script: p/pyarrow/pyarrow_1.0.1.sh
    ✓ Already in cache (skipped)

[568] pyarrow
    Script: p/pyarrow/pyarrow_1.0.1_rhel_7.4.sh
    ✓ Already in cache (skipped)

[569] pyarrow
    Script: p/pyarrow/pyarrow_15.0.1.sh
    ✓ Already in cache (skipped)

[570] pyarrow
    Script: p/pyarrow/pyarrow_15.0.1_ubi_9.3.sh
    ✓ Already in cache (skipped)

[571] pyarrow
    Script: p/pyarrow/pyarrow_19.0.0.sh
    ✓ Already in cache (skipped)

[572] pyarrow
    Script: p/pyarrow/pyarrow_ubi_9.3.sh
    ✓ Already in cache (skipped)

[573] pyasn1_modules
    Script: p/pyasn1_modules/pyasn1_modules.sh
    ✓ Already in cache (skipped)

[574] pyclaw
    Script: p/pyclaw/pyclaw.sh
    ✓ Already in cache (skipped)

[575] pyclaw
    Script: p/pyclaw/pyclaw_rhel_7.3.sh
    ✓ Already in cache (skipped)

[576] pyclaw
    Script: p/pyclaw/pyclaw_ubuntu_16.04.sh
    ✓ Already in cache (skipped)

[577] pyenchant
    Script: p/pyenchant/pyenchant.sh
    ✓ Already in cache (skipped)

[578] pyephem
    Script: p/pyephem/pyephem.sh
    ✓ Already in cache (skipped)

[579] pygdf
    Script: p/pygdf/pygdf_centos_7_gpu.sh
    ✓ Already in cache (skipped)

[580] pygdf
    Script: p/pygdf/pygdf_ubuntu_16.04_gpu.sh
    ✓ Already in cache (skipped)

[581] pygments-github-lexers
    Script: p/pygments-github-lexers/pygments-github-lexers.sh
    ✓ Already in cache (skipped)

[582] pyiceberg
    Script: p/pyiceberg/pyiceberg.sh
    ✓ Already in cache (skipped)

[583] pylatexenc
    Script: p/pylatexenc/pylatexenc.sh
    ✓ Already in cache (skipped)

[584] pylibdmtx
    Script: p/pylibdmtx/pylibdmtx.sh
    ✓ Already in cache (skipped)

[585] pylibdmtx
    Script: p/pylibdmtx/pylibdmtx_rhel_7.6.sh
    ✓ Already in cache (skipped)

[586] pymongo
    Script: p/pymongo/pymongo.sh
    ✓ Already in cache (skipped)

[587] pymssql
    Script: p/pymssql/pymssql.sh
    ✓ Already in cache (skipped)

[588] pymssql
    Script: p/pymssql/pymssql_2.3.2.sh
    ✓ Already in cache (skipped)

[589] pymssql
    Script: p/pymssql/pymssql_ubi_9.3.sh
    ✓ Already in cache (skipped)

[590] pyodbc
    Script: p/pyodbc/pyodbc.sh
    ✓ Already in cache (skipped)

[591] conda.recipe
    Script: p/pyopengl-accelerate/build.sh
    ✓ Already in cache (skipped)

[592] pyopengl
    Script: p/pyopengl-accelerate/pyopengl-accelerate.sh
    ✓ Already in cache (skipped)

[593] pyopengl-accelerate
    Script: p/pyopengl-accelerate/pyopengl-accelerate_rhel_7.3_py27.sh
    ✓ Already in cache (skipped)

[594] pyopengl-accelerate
    Script: p/pyopengl-accelerate/pyopengl-accelerate_rhel_7.3_py35.sh
    ✓ Already in cache (skipped)

[595] pyopengl-accelerate
    Script: p/pyopengl-accelerate/pyopengl-accelerate_ubuntu_16.04_py27.sh
    ✓ Already in cache (skipped)

[596] pyopengl-accelerate
    Script: p/pyopengl-accelerate/pyopengl-accelerate_ubuntu_16.04_py35.sh
    ✓ Already in cache (skipped)

[597] pyparsing
    Script: p/pyparsing/pyparsing.sh
    ✓ Already in cache (skipped)

[598] pyparsing
    Script: p/pyparsing/pyparsing_ubuntu_18.04.sh
    ✓ Already in cache (skipped)

[599] pypika
    Script: p/pypika/pypika.sh
    ✓ Already in cache (skipped)

[600] pypng
    Script: p/pypng/pypng.sh
    ✓ Already in cache (skipped)

[601] pypng
    Script: p/pypng/pypng_ubuntu_16.04.sh
    ✓ Already in cache (skipped)

[602] pyproj
    Script: p/pyproj/pyproj.sh
    ✓ Already in cache (skipped)

[603] pyproj
    Script: p/pyproj/pyproj_ubi_8.10.sh
    ✓ Already in cache (skipped)

[604] conda.recipe
    Script: p/pyramid_chameleon/build.sh
    ✓ Already in cache (skipped)

[605] pyramid_chameleon
    Script: p/pyramid_chameleon/pyramid_chameleon.sh
    ✓ Already in cache (skipped)

[606] pyramid_chameleon
    Script: p/pyramid_chameleon/pyramid_chameleon_ubuntu_16.04.sh
    ✓ Already in cache (skipped)

[607] conda.recipe
    Script: p/pyramid_debugtoolbar/build.sh
    ✓ Already in cache (skipped)

[608] pyramid_debugtoolbar
    Script: p/pyramid_debugtoolbar/pyramid_debugtoolbar.sh
    ✓ Already in cache (skipped)

[609] pyramid_debugtoolbar
    Script: p/pyramid_debugtoolbar/pyramid_debugtoolbar_ubuntu_16.04.sh
    ✓ Already in cache (skipped)

[610] conda.recipe
    Script: p/pyramid_jinja2/build.sh
    ✓ Already in cache (skipped)

[611] pyramid_jinja2
    Script: p/pyramid_jinja2/pyramid_jinja2.sh
    ✓ Already in cache (skipped)

[612] pyramid_jinja2
    Script: p/pyramid_jinja2/pyramid_jinja2_rhel_7.3.sh
    ✓ Already in cache (skipped)

[613] pyramid_jinja2
    Script: p/pyramid_jinja2/pyramid_jinja2_ubi_8.7.sh
    ✓ Already in cache (skipped)

[614] pyramid_jinja2
    Script: p/pyramid_jinja2/pyramid_jinja2_ubuntu_16.04.sh
    ✓ Already in cache (skipped)

[615] conda.recipe
    Script: p/pyramid_mako/build.sh
    ✓ Already in cache (skipped)

[616] pyramid_mako
    Script: p/pyramid_mako/pyramid_mako.sh
    ✓ Already in cache (skipped)

[617] Pyro4
    Script: p/pyro4/pyro4.sh
    ✓ Already in cache (skipped)

[618] Pyro4
    Script: p/pyro4/pyro4_4.82.sh
    ✓ Already in cache (skipped)

[619] Pyro4
    Script: p/pyro4/pyro4_ubi_8.5.sh
    ✓ Already in cache (skipped)

[620] pyrsistent
    Script: p/pyrsistent/pyrsistent.sh
    ✓ Already in cache (skipped)

[621] pyspnego
    Script: p/pyspnego/pyspnego.sh
    ✓ Already in cache (skipped)

[622] conda.recipe
    Script: p/pystan/build.sh
    ✓ Already in cache (skipped)

[623] pystan
    Script: p/pystan/pystan.sh
    ✓ Already in cache (skipped)

[624] pystan
    Script: p/pystan/pystan_ubuntu_16.04.sh
    ✓ Already in cache (skipped)

[625] pystatsd
    Script: p/pystatsd/pystatsd.sh
    ✓ Already in cache (skipped)

[626] PACKAGE_NAME
    Script: p/pystatsd/statsd.sh
    ✓ Already in cache (skipped)

[627] pystatsd
    Script: p/pystatsd/statsd_rhel_7.3.sh
    ✓ Already in cache (skipped)

[628] PySyncObj
    Script: p/pysyncobj/pysyncobj.sh
    ✓ Already in cache (skipped)

[629] pysyncobj
    Script: p/pysyncobj/pysyncobj_rhel_8.3.sh
    ✓ Already in cache (skipped)

[630] PyTables
    Script: p/pytables/PyTables.sh
    ✓ Already in cache (skipped)

[631] PyTables
    Script: p/pytables/PyTables_ubi_8.7.sh
    ✓ Already in cache (skipped)

[632] PyTables
    Script: p/pytables/pytables.sh
    ✓ Already in cache (skipped)

[633] pytest-aiohttp
    Script: p/pytest-aiohttp/pytest-aiohttp.sh
    ✓ Already in cache (skipped)

[634] pytest-aiohttp
    Script: p/pytest-aiohttp/pytest-aiohttp_rhel_8.3.sh
    ✓ Already in cache (skipped)

[635] pytest-black
    Script: p/pytest-black/pytest-black.sh
    ✓ Already in cache (skipped)

[636] pytest-checkdocs
    Script: p/pytest-checkdocs/pytest-checkdocs.sh
    ✓ Already in cache (skipped)

[637] pytest-checkdocs
    Script: p/pytest-checkdocs/pytest-checkdocs_ubi_8.4.sh
    ✓ Already in cache (skipped)

[638] pytest-mock
    Script: p/pytest-mock/pytest-mock.sh
    ✓ Already in cache (skipped)

[639] pytest-mock
    Script: p/pytest-mock/pytest-mock_rhel_7.4.sh
    ✓ Already in cache (skipped)

[640] pytest-mypy
    Script: p/pytest-mypy/pytest-mypy.sh
    ✓ Already in cache (skipped)

[641] pytest-mypy
    Script: p/pytest-mypy/pytest-mypy_rhel_8.3.sh
    ✓ Already in cache (skipped)

[642] python-bunyan
    Script: p/python-bunyan/python-bunyan.sh
    ✓ Already in cache (skipped)

[643] python-ceilometerclient
    Script: p/python-ceilometerclient/python-ceilometerclient.sh
    ✓ Already in cache (skipped)

[644] python-ceilometerclient
    Script: p/python-ceilometerclient/python-ceilometerclient_ubuntu_16.04.sh
    ✓ Already in cache (skipped)

[645] python-dropbox
    Script: p/python-dropbox/python-dropbox_ubuntu_16.04_py27.sh
    ✓ Already in cache (skipped)

[646] python-fastjsonschema
    Script: p/python-fastjsonschema/python-fastjsonschema.sh
    ✓ Already in cache (skipped)

[647] python-fire
    Script: p/python-fire/python_fire.sh
    ✓ Already in cache (skipped)

[648] python-fire
    Script: p/python-fire/python_fire_ubi_8.7.sh
    ✓ Already in cache (skipped)

[649] python-glanceclient
    Script: p/python-glanceclient/python_glanceclient.sh
    ✓ Already in cache (skipped)

[650] conda.recipe
    Script: p/python-memcached/build.sh
    ✓ Already in cache (skipped)

[651] python_memcached
    Script: p/python-memcached/python-memcached.sh
    ✓ Already in cache (skipped)

[652] python-memcached
    Script: p/python-memcached/python-memcached_ubuntu_16.04.sh
    ✓ Already in cache (skipped)

[653] python-neutronclient
    Script: p/python-neutronclient/python-neutronclient.sh
    ✓ Already in cache (skipped)

[654] python-novaclient
    Script: p/python-novaclient/python-novaclient.sh
    ✓ Already in cache (skipped)

[655] python-openstackclient
    Script: p/python-openstackclient/python-openstackclient.sh
    ✓ Already in cache (skipped)

[656] python-oracledb
    Script: p/python-oracledb/python_oracledb.sh
    ✓ Already in cache (skipped)

[657] python-oracledb
    Script: p/python-oracledb/python_oracledb_ubi_8.10.sh
    ✓ Already in cache (skipped)

[658] rake-nltk
    Script: p/python-rake/python-rake.sh
    ✓ Already in cache (skipped)

[659] python-rake
    Script: p/python-rake/python-rake_rhel_7.6.sh
    ✓ Already in cache (skipped)

[660] python-semver
    Script: p/python-semver/python-semver.sh
    ✓ Already in cache (skipped)

[661] python-semver
    Script: p/python-semver/python-semver_ubi_8.7.sh
    ✓ Already in cache (skipped)

[662] PACKAGE_NAME
    Script: p/python-semver/semver.sh
    ✓ Already in cache (skipped)

[663] python-semver
    Script: p/python-semver/semver_rhel_7.3.sh
    ✓ Already in cache (skipped)

[664] python-stop-words
    Script: p/python-stop-words/python-stop-words.sh
    ✓ Already in cache (skipped)

[665] conda.recipe
    Script: p/python-sybase/build.sh
    ✓ Already in cache (skipped)

[666] python-sybase
    Script: p/python-sybase/python-sybase.sh
    ✓ Already in cache (skipped)

[667] python-webencodings
    Script: p/python-webencodings/python-webencodings.sh
    ✓ Already in cache (skipped)

[668] pytorch
    Script: p/pytorch/pytorch.sh
    ✓ Already in cache (skipped)

[669] pytorch
    Script: p/pytorch/pytorch_2.0.1.sh
    ✓ Already in cache (skipped)

[670] pytorch
    Script: p/pytorch/pytorch_2.0.1_ubi_9.3.sh
    ✓ Already in cache (skipped)

[671] pytorch
    Script: p/pytorch/pytorch_2.1.0.sh
    ✓ Already in cache (skipped)

[672] pytorch
    Script: p/pytorch/pytorch_2.1.0_ubi_9.3.sh
    ✓ Already in cache (skipped)

[673] pytorch
    Script: p/pytorch/pytorch_2.5.1.sh
    ✓ Already in cache (skipped)

[674] pytorch
    Script: p/pytorch/pytorch_2.5.1_ubi_9.3.sh
    ✓ Already in cache (skipped)

[675] pytorch
    Script: p/pytorch/pytorch_2.6.0.sh
    ✓ Already in cache (skipped)

[676] pytorch
    Script: p/pytorch/pytorch_ubi_9.3.sh
    ✓ Already in cache (skipped)

[677] pywt
    Script: p/pywt/pywt.sh
    ✓ Already in cache (skipped)

[678] pywt
    Script: p/pywt/pywt_1.8.0.sh
    ✓ Already in cache (skipped)

[679] pywt
    Script: p/pywt/pywt_1.8.0_ubi_9.5.sh
    ✓ Already in cache (skipped)

[680] pyyaml
    Script: p/pyyaml/pyyaml.sh
    ✓ Already in cache (skipped)

[681] pyyaml
    Script: p/pyyaml/pyyaml_6.0.sh
    ✓ Already in cache (skipped)

[682] pyyaml
    Script: p/pyyaml/pyyaml_6.0_ubi_9.3.sh
    ✓ Already in cache (skipped)

[683] pyzbar
    Script: p/pyzbar/pyzbar.sh
    ✓ Already in cache (skipped)

[684] pyzmq
    Script: p/pyzmq/pyzmq.sh
    ✓ Already in cache (skipped)

[685] pyzmq
    Script: p/pyzmq/pyzmq_v25.1.2.sh
    ✓ Already in cache (skipped)

[686] pyzmq
    Script: p/pyzmq/pyzmq_v25.1.2_ubi_9.3.sh
    ✓ Already in cache (skipped)

[687] rake-nltk
    Script: r/rake-nltk/rake-nltk.sh
    ✓ Already in cache (skipped)

[688] rapids
    Script: r/rapids/rapids.sh
    ✓ Already in cache (skipped)

[689] ray
    Script: r/ray/ray.sh
    ✓ Already in cache (skipped)

[690] rdflib
    Script: r/rdflib/rdflib.sh
    ✓ Already in cache (skipped)

[691] rdflib
    Script: r/rdflib/rdflib_rhel_7.6.sh
    ✓ Already in cache (skipped)

[692] readme-renderer
    Script: r/readme-renderer/readme_renderer.sh
    ✓ Already in cache (skipped)

[693] PACKAGE_NAME
    Script: r/redisearch/redisearch.sh
    ✓ Already in cache (skipped)

[694] redisearch
    Script: r/redisearch/redisearch_rhel8.sh
    ✓ Already in cache (skipped)

[695] redlock-py
    Script: r/redlock-py/redlock.sh
    ✓ Already in cache (skipped)

[696] requests-kerberos
    Script: r/requests-kerberos/requests-kerberos.sh
    ✓ Already in cache (skipped)

[697] retrying
    Script: r/retrying/retrying.sh
    ✓ Already in cache (skipped)

[698] rope
    Script: r/rope/rope.sh
    ✓ Already in cache (skipped)

[699] rope
    Script: r/rope/rope_ubi_8.7.sh
    ✓ Already in cache (skipped)

[700] rope
    Script: r/rope/rope_ubi_9.3.sh
    ✓ Already in cache (skipped)

[701] PACKAGE_NAME
    Script: r/rq/rq.sh
    ✓ Already in cache (skipped)

[702] rq
    Script: r/rq/rq_ubi_8.4.sh
    ✓ Already in cache (skipped)

[703] rq
    Script: r/rq/rq_v1.7.0.sh
    ✓ Already in cache (skipped)

[704] rq
    Script: r/rq/rq_v1.7.0_ubi_8.5.sh
    ✓ Already in cache (skipped)

[705] rtree
    Script: r/rtree/rtree.sh
    ✓ Already in cache (skipped)

[706] ruamel-ordereddict
    Script: r/ruamel-ordereddict/ruamel-ordereddict.sh
    ✓ Already in cache (skipped)

[707] ruamel-yaml-jinja2
    Script: r/ruamel-yaml-jinja2/ruamel-yaml-jinja2.sh
    ✓ Already in cache (skipped)

[708] ruamel-yaml-jinja2-code
    Script: r/ruamel-yaml-jinja2-code/ruamel-yaml-jinja2-code.sh
    ✓ Already in cache (skipped)

[709] ruamel.yaml.clib
    Script: r/ruamel.yaml.clib/ruamel.yaml.clib.sh
    ✓ Already in cache (skipped)

[710] ryd
    Script: r/ryd/ryd.sh
    ✓ Already in cache (skipped)

[711] stripe-python
    Script: s/Stripe-python/Stripe-python.sh
    ✓ Already in cache (skipped)

[712] Stripe-python
    Script: s/Stripe-python/Stripe-python_rhel_7.3.sh
    ✓ Already in cache (skipped)

[713] stripe-python
    Script: s/Stripe-python/Stripe-python_ubi_12.2.0_9.3.sh
    ✓ Already in cache (skipped)

[714] stripe-python
    Script: s/Stripe-python/Stripe-python_ubi_9.3.sh
    ✓ Already in cache (skipped)

[715] Stripe-python
    Script: s/Stripe-python/Stripe-python_ubuntu_16.04.sh
    ✓ Already in cache (skipped)

[716] scikit-image
    Script: s/scikit-image/scikit-image.sh
    ✓ Already in cache (skipped)

[717] scikit-image
    Script: s/scikit-image/scikit-image_ubi_0.19.3_9.3.sh
    ✓ Already in cache (skipped)

[718] scikit-image
    Script: s/scikit-image/scikit-image_ubi_8.10.sh
    ✓ Already in cache (skipped)

[719] scikit-learn
    Script: s/scikit-learn/scikit-learn.sh
    ✓ Already in cache (skipped)

[720] scikit-learn
    Script: s/scikit-learn/scikit-learn_1.1.1.sh
    ✓ Already in cache (skipped)

[721] scikit-learn
    Script: s/scikit-learn/scikit-learn_1.1.1_ubi_9.3.sh
    ✓ Already in cache (skipped)

[722] scikit-learn
    Script: s/scikit-learn/scikit-learn_1.7.0.sh
    ✓ Already in cache (skipped)

[723] scikit-learn
    Script: s/scikit-learn/scikit-learn_1.7.0_ubi_9.3.sh
    ✓ Already in cache (skipped)

[724] scikit-learn
    Script: s/scikit-learn/scikit-learn_ubi_8.10.sh
    ✓ Already in cache (skipped)

[725] scikit-learn
    Script: s/scikit-learn/scikit-learn_ubi_8.5.sh
    ✓ Already in cache (skipped)

[726] scikit-learn
    Script: s/scikit-learn/scikit-learn_v0.24.1.sh
    ✓ Already in cache (skipped)

[727] scikit-learn
    Script: s/scikit-learn/scikit-learn_v0.24.1_ubi_8.5.sh
    ✓ Already in cache (skipped)

[728] scipy
    Script: s/scipy/scipy.sh
    ✓ Already in cache (skipped)

[729] scipy
    Script: s/scipy/scipy_ubi_8.10.sh
    ✓ Already in cache (skipped)

[730] scipy
    Script: s/scipy/scipy_ubi_8.5.sh
    ✓ Already in cache (skipped)

[731] scipy
    Script: s/scipy/scipy_ubi_9.3.sh
    ✓ Already in cache (skipped)

[732] scipy
    Script: s/scipy/scipy_v1.10.1.sh
    ✓ Already in cache (skipped)

[733] scipy
    Script: s/scipy/scipy_v1.10.1_ubi_9.3.sh
    ✓ Already in cache (skipped)

[734] scipy
    Script: s/scipy/scipy_v1.11.3.sh
    ✓ Already in cache (skipped)

[735] scipy
    Script: s/scipy/scipy_v1.11.3_ubi_9.3.sh
    ✓ Already in cache (skipped)

[736] scipy
    Script: s/scipy/scipy_v1.16.1.sh
    ✓ Already in cache (skipped)

[737] scipy
    Script: s/scipy/scipy_v1.5.4.sh
    ✓ Already in cache (skipped)

[738] scipy
    Script: s/scipy/scipy_v1.5.4_ubi_8.5.sh
    ✓ Already in cache (skipped)

[739] seaborn
    Script: s/seaborn/seaborn.sh
    ✓ Already in cache (skipped)

[740] searxng
    Script: s/searxng/searxng.sh
    ✓ Already in cache (skipped)

[741] secretstorage
    Script: s/secretstorage/secretstorage.sh
    ✓ Already in cache (skipped)

[742] sentencepiece
    Script: s/sentencepiece/sentencepiece.sh
    ✓ Already in cache (skipped)

[743] sentencepiece
    Script: s/sentencepiece/sentencepiece_0.2.0.sh
    ✓ Already in cache (skipped)

[744] sentencepiece
    Script: s/sentencepiece/sentencepiece_ubi_9.3.sh
    ✓ Already in cache (skipped)

[745] sentry-python
    Script: s/sentry-python/sentry-python.sh
    ✓ Already in cache (skipped)

[746] sentry-python
    Script: s/sentry-python/sentry-python_1.12.1.sh
    ✓ Already in cache (skipped)

[747] sentry-python
    Script: s/sentry-python/sentry-python_1.12.1_ubi_8.7.sh
    ✓ Already in cache (skipped)

[748] sentry-python
    Script: s/sentry-python/sentry-python_ubi_8.4.sh
    ✓ Already in cache (skipped)

[749] shapely
    Script: s/shapely/shapely.sh
    ✓ Already in cache (skipped)

[750] shapely
    Script: s/shapely/shapely_ubi_8.10.sh
    ✓ Already in cache (skipped)

[751] simplejson
    Script: s/simplejson/simplejson.sh
    ✓ Already in cache (skipped)

[752] six
    Script: s/six/six.sh
    ✓ Already in cache (skipped)

[753] skl2onnx
    Script: s/skl2onnx/skl2onnx.sh
    ✓ Already in cache (skipped)

[754] sklearn-pandas
    Script: s/sklearn-pandas/sklearn-pandas.sh
    ✓ Already in cache (skipped)

[755] conda.recipe
    Script: s/snakebite/build.sh
    ✓ Already in cache (skipped)

[756] snakebite
    Script: s/snakebite/snakebite.sh
    ✓ Already in cache (skipped)

[757] snappy
    Script: s/snappy/snappy.sh
    ✓ Already in cache (skipped)

[758] sockjs-tornado
    Script: s/sockjs-tornado/sockjs-tornado.sh
    ✓ Already in cache (skipped)

[759] softlayer-python
    Script: s/softlayer-python/softlayer-python.sh
    ✓ Already in cache (skipped)

[760] sparkmagic
    Script: s/sparkmagic/sparkmagic.sh
    ✓ Already in cache (skipped)

[761] sparqlwrapper
    Script: s/sparqlwrapper/sparqlwrapper.sh
    ✓ Already in cache (skipped)

[762] sparqlwrapper
    Script: s/sparqlwrapper/sparqlwrapper_rhel_7.6.sh
    ✓ Already in cache (skipped)

[763] sphinx
    Script: s/sphinx/sphinx.sh
    ✓ Already in cache (skipped)

[764] sphinx
    Script: s/sphinx/sphinx_ubi_8.5.sh
    ✓ Already in cache (skipped)

[765] sphinx-autodoc-typehints
    Script: s/sphinx-autodoc-typehints/sphinx-autodoc-typehints.sh
    ✓ Already in cache (skipped)

[766] sphinx-autodoc-typehints
    Script: s/sphinx-autodoc-typehints/sphinx-autodoc-typehints_ubi_8.5.sh
    ✓ Already in cache (skipped)

[767] sphinx-gallery
    Script: s/sphinx-gallery/sphinx-gallery.sh
    ✓ Already in cache (skipped)

[768] sphinx-issues
    Script: s/sphinx-issues/sphinx-issues.sh
    ✓ Already in cache (skipped)

[769] sphinx-issues
    Script: s/sphinx-issues/sphinx-issues_rhel_8.3.sh
    ✓ Already in cache (skipped)

[770] sphinx-prompt
    Script: s/sphinx-prompt/sphinx-prompt.sh
    ✓ Already in cache (skipped)

[771] sphinx-prompt
    Script: s/sphinx-prompt/sphinx-prompt_rhel_8.3.sh
    ✓ Already in cache (skipped)

[772] sphinx_rtd_theme
    Script: s/sphinx_rtd_theme/sphinx_rtd_theme.sh
    ✓ Already in cache (skipped)

[773] sphinx_rtd_theme
    Script: s/sphinx_rtd_theme/sphinx_rtd_theme_ubi_8.5.sh
    ✓ Already in cache (skipped)

[774] sphinxcontrib-log-cabinet
    Script: s/sphinxcontrib-log-cabinet/sphinxcontrib-log-cabinet.sh
    ✓ Already in cache (skipped)

[775] sphinxcontrib-programoutput
    Script: s/sphinxcontrib-programoutput/sphinxcontrib-programoutput.sh
    ✓ Already in cache (skipped)

[776] sphinxcontrib-programoutput
    Script: s/sphinxcontrib-programoutput/sphinxcontrib-programoutput_ubi_8.4.sh
    ✓ Already in cache (skipped)

[777] spring-boot
    Script: s/spring-boot/spring-boot.sh
    ✓ Already in cache (skipped)

[778] SQLAlchemy
    Script: s/sqlalchemy/sqlalchemy.sh
    ✓ Already in cache (skipped)

[779] statsmodels
    Script: s/statsmodels/statsmodels.sh
    ✓ Already in cache (skipped)

[780] statsmodels
    Script: s/statsmodels/statsmodels_0.14.0.sh
    ✓ Already in cache (skipped)

[781] statsmodels
    Script: s/statsmodels/statsmodels_0.14.4.sh
    ✓ Already in cache (skipped)

[782] statsmodels
    Script: s/statsmodels/statsmodels_ubi_9.3.sh
    ✓ Already in cache (skipped)

[783] strict-rfc3339
    Script: s/strict-rfc3339/strict-rfc3339_0.7.sh
    ✓ Already in cache (skipped)

[784] strictyaml
    Script: s/strictyaml/strictyaml.sh
    ✓ Already in cache (skipped)

[785] sympy
    Script: s/sympy/sympy.sh
    ✓ Already in cache (skipped)

[786] promise
    Script: s/syrusakbary-promise/syrusakbary-promise.sh
    ✓ Already in cache (skipped)

[787] tensorboard_plugin_wit
    Script: t/tensorboard_plugin_wit/tensorboard_plugin_wit.sh
    ✓ Already in cache (skipped)

[788] tensorflow
    Script: t/tensorflow/tensorflow.sh
    ✓ Already in cache (skipped)

[789] SLES
    Script: t/tensorflow/tensorflow_1.2.1_sles.sh
    ✓ Already in cache (skipped)

[790] TF_1.3.1
    Script: t/tensorflow/tensorflow_1.3.1_cpu_rhel_7.4.sh
    ✓ Already in cache (skipped)

[791] RHEL
    Script: t/tensorflow/tensorflow_1.3.1_gpu_rhel_7.4.sh
    ✓ Already in cache (skipped)

[792] TF_1.8.0
    Script: t/tensorflow/tensorflow_1.8.0_cpu_rhel_8.3.sh
    ✓ Already in cache (skipped)

[793] Ubuntu
    Script: t/tensorflow/tensorflow_1.9.0_cpu_ubuntu_16.04.sh
    ✓ Already in cache (skipped)

[794] tensorflow
    Script: t/tensorflow/tensorflow_2.14.1.sh
    ✓ Already in cache (skipped)

[795] tensorflow
    Script: t/tensorflow/tensorflow_2.14.1_ubi9.3.sh
    ✓ Already in cache (skipped)

[796] TF_1.0.1
    Script: t/tensorflow/tensorflow_rhel_7.3_gpu.sh
    ✓ Already in cache (skipped)

[797] tensorflow
    Script: t/tensorflow/tensorflow_ubi_9.3.sh
    ✓ Already in cache (skipped)

[798] io
    Script: t/tensorflow-io/tensorflow-io.sh
    ✓ Already in cache (skipped)

[799] io
    Script: t/tensorflow-io-gcs-filesystem/tensorflow-io-gcs-filesystem.sh
    ✓ Already in cache (skipped)

[800] tensorflow-serving
    Script: t/tensorflow-serving/tensorflow-serving.sh
    ✓ Already in cache (skipped)

[801] text
    Script: t/tensorflow-text/tensorflow_text.sh
    ✓ Already in cache (skipped)

[802] tensorflow_model_optimization
    Script: t/tensorflow_model_optimization/tensorflow_model_optimization.sh
    ✓ Already in cache (skipped)

[803] termcolor
    Script: t/termcolor/termcolor.sh
    ✓ Already in cache (skipped)

[804] terminado
    Script: t/terminado/terminado.sh
    ✓ Already in cache (skipped)

[805] terminado
    Script: t/terminado/terminado_rhel_7.3.sh
    ✓ Already in cache (skipped)

[806] terminado
    Script: t/terminado/terminado_ubi_8_7.sh
    ✓ Already in cache (skipped)

[807] textstat
    Script: t/textstat/textstat.sh
    ✓ Already in cache (skipped)

[808] textstat
    Script: t/textstat/textstat_rhel_7.6.sh
    ✓ Already in cache (skipped)

[809] textstat
    Script: t/textstat/textstat_ubi_8_7.sh
    ✓ Already in cache (skipped)

[810] tf-model-optimization-nightly
    Script: t/tf-model-optimization-nightly/tf-model-optimization-nightly.sh
    ✓ Already in cache (skipped)

[811] thorntail
    Script: t/thorntail/thorntail.sh
    ✓ Already in cache (skipped)

[812] thrift-cpp
    Script: t/thrift-cpp/thrift-cpp.sh
    ✓ Already in cache (skipped)

[813] tiktoken
    Script: t/tiktoken/tiktoken.sh
    ✓ Already in cache (skipped)

[814] audio
    Script: t/torchaudio/torchaudio.sh
    ✓ Already in cache (skipped)

[815] audio
    Script: t/torchaudio/torchaudio_v2.9.sh
    ✓ Already in cache (skipped)

[816] data
    Script: t/torchdata/torchdata.sh
    ✓ Already in cache (skipped)

[817] text
    Script: t/torchtext/torchtext.sh
    ✓ Already in cache (skipped)

[818] vision
    Script: t/torchvision/torchvision.sh
    ✓ Already in cache (skipped)

[819] vision
    Script: t/torchvision/torchvision_0.22.1.sh
    ✓ Already in cache (skipped)

[820] vision
    Script: t/torchvision/torchvision_0.22.1_ubuntu_24.04.sh
    ✓ Already in cache (skipped)

[821] tornado
    Script: t/tornado/tornado.sh
    ✓ Already in cache (skipped)

[822] treepoem
    Script: t/treepoem/treepoem.sh
    ✓ Already in cache (skipped)

[823] treepoem
    Script: t/treepoem/treepoem_3.27.1.sh
    ✓ Already in cache (skipped)

[824] treepoem
    Script: t/treepoem/treepoem_rhel_7.6.sh
    ✓ Already in cache (skipped)

[825] treepoem
    Script: t/treepoem/treepoem_ubi_9_3.sh
    ✓ Already in cache (skipped)

[826] server
    Script: t/triton-inference-server/triton-inference-server-master-rhel9.6.sh
    ✓ Already in cache (skipped)

[827] tzdata
    Script: t/tzdata/tzdata.sh
    ✓ Already in cache (skipped)

[828] python-fire
    Script: templates/examples/python_simple_example.sh
    ✓ Already in cache (skipped)

[829] <PACKAGE_NAME>
    Script: templates/examples/python_starter.sh
    ✓ Already in cache (skipped)

[830] some-complex-package
    Script: templates/examples/python_with_callbacks_example.sh
    ✓ Already in cache (skipped)

[831] ujson
    Script: u/ujson/ujson.sh
    ✓ Already in cache (skipped)

[832] unicodedata2
    Script: u/unicodedata2/unicodedata2.sh
    ✓ Already in cache (skipped)

[833] uritools
    Script: u/uritools/uritools.sh
    ✓ Already in cache (skipped)

[834] uritools
    Script: u/uritools/uritools_rhel_8.3.sh
    ✓ Already in cache (skipped)

[835] uritools
    Script: u/uritools/uritools_ubi_8.5.sh
    ✓ Already in cache (skipped)

[836] utf8proc
    Script: u/utf8proc/utf8proc.sh
    ✓ Already in cache (skipped)

[837] uvloop
    Script: u/uvloop/uvloop.sh
    ✓ Already in cache (skipped)

[838] uvtools
    Script: u/uvtools/uvtools.sh
    ✓ Already in cache (skipped)

[839] uvtools
    Script: u/uvtools/uvtools_ubi_8.10.sh
    ✓ Already in cache (skipped)

[840] conda.recipe
    Script: v/vincent/build.sh
    ✓ Already in cache (skipped)

[841] vincent
    Script: v/vincent/vincent.sh
    ✓ Already in cache (skipped)

[842] vincent
    Script: v/vincent/vincent_ubuntu_16.04.sh
    ✓ Already in cache (skipped)

[843] vision
    Script: v/vision/vision.sh
    ✓ Already in cache (skipped)

[844] vllm
    Script: v/vllm/vllm_v0.10.0.sh
    ✓ Already in cache (skipped)

[845] watchdog
    Script: w/watchdog/watchdog.sh
    ✓ Already in cache (skipped)

[846] watchdog
    Script: w/watchdog/watchdog_ubi_8.5.sh
    ✓ Already in cache (skipped)

[847] webob
    Script: w/webob/webob.sh
    ✓ Already in cache (skipped)

[848] werkzeug
    Script: w/werkzeug/werkzeug.sh
    ✓ Already in cache (skipped)

[849] win-inet-pton
    Script: w/win-inet-pton/win-inet-pton.sh
    ✓ Already in cache (skipped)

[850] wkhtmltopdf
    Script: w/wkhtmltopdf/wkhtmltopdf.sh
    ✓ Already in cache (skipped)

[851] wkhtmltopdf
    Script: w/wkhtmltopdf/wkhtmltopdf_ubuntu_16.04.sh
    ✓ Already in cache (skipped)

[852] wrapt
    Script: w/wrapt/wrapt.sh
    ✓ Already in cache (skipped)

[853] xarray-einstats
    Script: x/xarray-einstats/xarray-einstats.sh
    ✓ Already in cache (skipped)

[854] xattr
    Script: x/xattr/xattr.sh
    ✓ Already in cache (skipped)

[855] xformers
    Script: x/xformers/xformers.sh
    ✓ Already in cache (skipped)

[856] PACKAGE_NAME
    Script: x/xgboost/xgboost-cpu.sh
    ✓ Already in cache (skipped)

[857] xgboost
    Script: x/xgboost/xgboost-cpu_ubuntu_16.04.sh
    ✓ Already in cache (skipped)

[858] PACKAGE_NAME
    Script: x/xgboost/xgboost-gpu.sh
    ✓ Already in cache (skipped)

[859] xgboost
    Script: x/xgboost/xgboost-gpu_ubuntu_16.04.sh
    ✓ Already in cache (skipped)

[860] xgboost
    Script: x/xgboost/xgboost.sh
    ✓ Already in cache (skipped)

[861] xgboost
    Script: x/xgboost/xgboost_3.0.1.sh
    ✓ Already in cache (skipped)

[862] xgboost
    Script: x/xgboost/xgboost_ubi_9.3.sh
    ✓ Already in cache (skipped)

[863] xlsxwriter
    Script: x/xlsxwriter/xlsxwriter.sh
    ✓ Already in cache (skipped)

[864] xlsxwriter
    Script: x/xlsxwriter/xlsxwriter_rhel_7.6.sh
    ✓ Already in cache (skipped)

[865] conda.recipe
    Script: x/xmlrpc2/build.sh
    ✓ Already in cache (skipped)

[866] xmlrpc2
    Script: x/xmlrpc2/xmlrpc2_ubuntu_16.04_py27.sh
    ✓ Already in cache (skipped)

[867] yarl
    Script: y/yarl/yarl.sh
    ✓ Already in cache (skipped)

[868] ZConfig
    Script: z/Zconfig/Zconfig.sh
    ✓ Already in cache (skipped)

[869] ZConfig
    Script: z/Zconfig/Zconfig_rhel_8.3.sh
    ✓ Already in cache (skipped)

[870] zbar-py
    Script: z/zbar-py/zbar-py.sh
    ✓ Already in cache (skipped)

[871] zookeeper
    Script: z/zookeeper/zookeeper_ubi_8.5.sh
    ✓ Already in cache (skipped)

[872] zope.interface
    Script: z/zope-interface/zope-interface.sh
    ✓ Already in cache (skipped)

[873] zope-interface
    Script: z/zope-interface/zope-interface_ubuntu_16.04.sh
    ✓ Already in cache (skipped)

[874] zstd
    Script: z/zstd/zstd.sh
    ✓ Already in cache (skipped)

======================================================================
RESULTS
======================================================================
✓ Fetched: 0 packages
✓ Skipped (cached): 875 packages
✓ Errors: 0
✓ API calls made: 0

✓ Saved cache to /home/gerrit/src/PowerCore/02-DatabaseAPI/scripts/version_fetchers/../version_data/pypi_versions.json

======================================================================
CACHE STATISTICS
======================================================================

Total packages in cache: 521
Packages with versions:  440
Total versions:          29,555
Average per package:     56.7

Output files:
  - /home/gerrit/src/PowerCore/02-DatabaseAPI/scripts/version_fetchers/../version_data/pypi_versions.json

Next steps:
  ✓ All Python packages processed!

Rate limit stats:
  Available calls: 100/100
  Utilization: 0.0%
[0;32m✓ Completed: pypi[0m

[0;34m--- Processing: maven ---[0m
[1;33mℹ Running: python3 fetch_maven_versions.py[0m
[1;33mℹ   Input:  /home/gerrit/src/PowerCore/02-DatabaseAPI/scripts/version_fetchers/../version_data/java2.list[0m
[1;33mℹ   Output: /home/gerrit/src/PowerCore/02-DatabaseAPI/scripts/version_fetchers/../version_data/maven_versions.json[0m
[1;33mℹ   Errors: /home/gerrit/src/PowerCore/02-DatabaseAPI/scripts/version_fetchers/../version_data/maven_errors.json[0m
/home/gerrit/src/PowerCore/02-DatabaseAPI/scripts/version_fetchers/fetch_maven_versions.py:87: DeprecationWarning: Testing an element's truth value will always return True in future versions.  Use specific 'len(elem)' or 'elem is not None' test instead.
  scm = root.find('maven:scm', ns) or root.find('scm')
/home/gerrit/src/PowerCore/02-DatabaseAPI/scripts/version_fetchers/fetch_maven_versions.py:106: DeprecationWarning: Testing an element's truth value will always return True in future versions.  Use specific 'len(elem)' or 'elem is not None' test instead.
  issue_mgmt = root.find('maven:issueManagement', ns) or root.find('issueManagement')
======================================================================
MAVEN VERSION FETCHER
======================================================================
Input file: /home/gerrit/src/PowerCore/02-DatabaseAPI/scripts/version_fetchers/../version_data/java2.list
Start index: 0
Count: all remaining

[1/6] Loading input CSV file...
✓ Loaded 1,341 packages from /home/gerrit/src/PowerCore/02-DatabaseAPI/scripts/version_fetchers/../version_data/java2.list

[2/6] Filtering Java packages...
✓ Found 1,341 Java packages
✓ Converted to 1,341 Maven coordinates
✓ Will fetch packages 0 to 1340 (1,341 packages)

[3/6] Loading existing cache from /home/gerrit/src/PowerCore/02-DatabaseAPI/scripts/version_fetchers/../version_data/maven_versions.json...
✓ Loaded 627 cached entries

[4/6] Fetching Maven versions...

[0] unknown:json-smart-v2
    Package: json-smart-v2
    ⚠️  GroupId unknown, searching Maven Central for 'json-smart-v2'...
    ✗ No results found in Maven Central

[1] unknown:activation
    Package: activation
    ⚠️  GroupId unknown, searching Maven Central for 'activation'...
    ✓ Found: one.gfw:activation
    ℹ️  Other matches found:
       1. org.wso2.orbit.javax.activation:activation
       2. org.lucee:activation
       3. eu.ocathain.javax.activation:activation
    ✓ Fetched 1 versions
    ✓ Found 4 github URL(s)

[2] unknown:activation
    Package: activation
    ⚠️  GroupId unknown, searching Maven Central for 'activation'...
    ✓ Found: one.gfw:activation
    ℹ️  Other matches found:
       1. org.wso2.orbit.javax.activation:activation
       2. org.lucee:activation
       3. eu.ocathain.javax.activation:activation
    ✓ Fetched 1 versions
    ✓ Found 4 github URL(s)

[3] unknown:redhat_ubi8
    Package: redhat_ubi8
    ⚠️  GroupId unknown, searching Maven Central for 'redhat_ubi8'...
    ✗ No results found in Maven Central

[4] unknown:PACKAGE_NAME
    Package: PACKAGE_NAME
    ⚠️  GroupId unknown, searching Maven Central for 'PACKAGE_NAME'...
    ✗ No results found in Maven Central

[5] unknown:aho-corasick
    Package: aho-corasick
    ⚠️  GroupId unknown, searching Maven Central for 'aho-corasick'...
    ✓ Found: am.ik.text:aho-corasick
    ℹ️  Other matches found:
       1. com.github.roklenarcic:aho-corasick
       2. com.pkware.ahocorasick:aho-corasick
       3. eu.crydee:aho-corasick
    ✓ Fetched 1 versions
    ✓ Found 4 github URL(s)

[6] unknown:airline
    Package: airline
    ⚠️  GroupId unknown, searching Maven Central for 'airline'...
    ✓ Found: com.facebook.airlift:airline
    ℹ️  Other matches found:
       1. io.github.davidwhitlock.joy.original:airline
       2. io.github.davidwhitlock.cs410J.original:airline
       3. com.github.rvesse:airline
    ✓ Fetched 1 versions
    ✓ Found 3 github URL(s)

[7] unknown:airline
    Package: airline
    ⚠️  GroupId unknown, searching Maven Central for 'airline'...
    ✓ Found: com.facebook.airlift:airline
    ℹ️  Other matches found:
       1. io.github.davidwhitlock.joy.original:airline
       2. io.github.davidwhitlock.cs410J.original:airline
       3. com.github.rvesse:airline
    ✓ Fetched 1 versions
    ✓ Found 3 github URL(s)

[8] unknown:alfresco-sdk
    Package: alfresco-sdk
    ⚠️  GroupId unknown, searching Maven Central for 'alfresco-sdk'...
    ✗ No results found in Maven Central

[9] unknown:angus-activation
    Package: angus-activation
    ⚠️  GroupId unknown, searching Maven Central for 'angus-activation'...
    ✓ Found: org.eclipse.angus:angus-activation
    ℹ️  Other matches found:
       1. one.gfw:angus-activation
    ✓ Fetched 9 versions

[10] unknown:angus-mail
    Package: angus-mail
    ⚠️  GroupId unknown, searching Maven Central for 'angus-mail'...
    ✓ Found: org.eclipse.angus:angus-mail
    ✓ Fetched 11 versions

[11] unknown:animal-sniffer
    Package: animal-sniffer
    ⚠️  GroupId unknown, searching Maven Central for 'animal-sniffer'...
    ✓ Found: org.codehaus.mojo:animal-sniffer
    ℹ️  Other matches found:
       1. org.jvnet:animal-sniffer
    ✓ Fetched 24 versions

[12] unknown:animal-sniffer
    Package: animal-sniffer
    ⚠️  GroupId unknown, searching Maven Central for 'animal-sniffer'...
    ✓ Found: org.codehaus.mojo:animal-sniffer
    ℹ️  Other matches found:
       1. org.jvnet:animal-sniffer
    ✓ Fetched 24 versions

[13] unknown:animal-sniffer
    Package: animal-sniffer
    ⚠️  GroupId unknown, searching Maven Central for 'animal-sniffer'...
    ✓ Found: org.codehaus.mojo:animal-sniffer
    ℹ️  Other matches found:
       1. org.jvnet:animal-sniffer
    ✓ Fetched 24 versions

[14] unknown:animal-sniffer
    Package: animal-sniffer
    ⚠️  GroupId unknown, searching Maven Central for 'animal-sniffer'...
    ✓ Found: org.codehaus.mojo:animal-sniffer
    ℹ️  Other matches found:
       1. org.jvnet:animal-sniffer
    ✓ Fetched 24 versions

[15] unknown:annotations
    Package: annotations
    ⚠️  GroupId unknown, searching Maven Central for 'annotations'...
    ✓ Found: software.amazon.awssdk:annotations
    ℹ️  Other matches found:
       1. org.robolectric:annotations
       2. uk.autores:annotations
       3. dev.opensavvy.ktmongo:annotations
    ✓ Fetched 1685 versions

[16] unknown:annotations
    Package: annotations
    ⚠️  GroupId unknown, searching Maven Central for 'annotations'...
    ✓ Found: software.amazon.awssdk:annotations
    ℹ️  Other matches found:
       1. org.robolectric:annotations
       2. uk.autores:annotations
       3. dev.opensavvy.ktmongo:annotations
    ✓ Fetched 1685 versions

[17] unknown:annotations
    Package: annotations
    ⚠️  GroupId unknown, searching Maven Central for 'annotations'...
    ✓ Found: software.amazon.awssdk:annotations
    ℹ️  Other matches found:
       1. org.robolectric:annotations
       2. uk.autores:annotations
       3. dev.opensavvy.ktmongo:annotations
    ✓ Fetched 1685 versions

[18] unknown:ant
    Package: ant
    ⚠️  GroupId unknown, searching Maven Central for 'ant'...
    ✓ Found: org.mvnpm:ant
    ℹ️  Other matches found:
       1. name.dmaus.schxslt:ant
       2. org.apache.ant:ant
       3. com.gitee.huanminabc:ant
    ✓ Fetched 1 versions
    ✓ Found 5 github URL(s)

[19] unknown:antisamy
    Package: antisamy
    ⚠️  GroupId unknown, searching Maven Central for 'antisamy'...
    ✓ Found: org.owasp.antisamy:antisamy
    ℹ️  Other matches found:
       1. org.lucee:antisamy
       2. org.owasp:antisamy
    ✓ Fetched 36 versions

[20] unknown:antlr-runtime
    Package: antlr-runtime
    ⚠️  GroupId unknown, searching Maven Central for 'antlr-runtime'...
    ✓ Found: org.antlr:antlr-runtime
    ℹ️  Other matches found:
       1. com.anaptecs.jeaf.owalibs:antlr-runtime
    ✓ Fetched 18 versions
    ✓ Found 1 other URL(s)

[21] unknown:antlr-runtime
    Package: antlr-runtime
    ⚠️  GroupId unknown, searching Maven Central for 'antlr-runtime'...
    ✓ Found: org.antlr:antlr-runtime
    ℹ️  Other matches found:
       1. com.anaptecs.jeaf.owalibs:antlr-runtime
    ✓ Fetched 18 versions
    ✓ Found 1 other URL(s)

[22] unknown:PACKAGE_NAME
    Package: PACKAGE_NAME
    ⚠️  GroupId unknown, searching Maven Central for 'PACKAGE_NAME'...
    ✗ No results found in Maven Central

[23] unknown:antlr-runtime
    Package: antlr-runtime
    ⚠️  GroupId unknown, searching Maven Central for 'antlr-runtime'...
    ✓ Found: org.antlr:antlr-runtime
    ℹ️  Other matches found:
       1. com.anaptecs.jeaf.owalibs:antlr-runtime
    ✓ Fetched 18 versions
    ✓ Found 1 other URL(s)

[24] unknown:PACKAGE_NAME
    Package: PACKAGE_NAME
    ⚠️  GroupId unknown, searching Maven Central for 'PACKAGE_NAME'...
    ✗ No results found in Maven Central

[25] unknown:antlr-runtime
    Package: antlr-runtime
    ⚠️  GroupId unknown, searching Maven Central for 'antlr-runtime'...
    ✓ Found: org.antlr:antlr-runtime
    ℹ️  Other matches found:
       1. com.anaptecs.jeaf.owalibs:antlr-runtime
    ✓ Fetched 18 versions
    ✓ Found 1 other URL(s)

[26] unknown:antlr3
    Package: antlr3
    ⚠️  GroupId unknown, searching Maven Central for 'antlr3'...
    ✗ No results found in Maven Central

[27] unknown:antlr4
    Package: antlr4
    ⚠️  GroupId unknown, searching Maven Central for 'antlr4'...
    ✓ Found: me.sunlan:antlr4
    ℹ️  Other matches found:
       1. org.graalvm.shadowed:antlr4
       2. io.github.1c-syntax:antlr4
       3. org.antlr:antlr4
    ✓ Fetched 20 versions

[28] unknown:antlr4
    Package: antlr4
    ⚠️  GroupId unknown, searching Maven Central for 'antlr4'...
    ✓ Found: me.sunlan:antlr4
    ℹ️  Other matches found:
       1. org.graalvm.shadowed:antlr4
       2. io.github.1c-syntax:antlr4
       3. org.antlr:antlr4
    ✓ Fetched 20 versions

[29] unknown:antlr4
    Package: antlr4
    ⚠️  GroupId unknown, searching Maven Central for 'antlr4'...
    ✓ Found: me.sunlan:antlr4
    ℹ️  Other matches found:
       1. org.graalvm.shadowed:antlr4
       2. io.github.1c-syntax:antlr4
       3. org.antlr:antlr4
    ✓ Fetched 20 versions

[30] unknown:antlr4-annotations
    Package: antlr4-annotations
    ⚠️  GroupId unknown, searching Maven Central for 'antlr4-annotations'...
    ✓ Found: me.sunlan:antlr4-annotations
    ℹ️  Other matches found:
       1. com.tunnelvisionlabs:antlr4-annotations
       2. org.antlr:antlr4-annotations
    ✓ Fetched 20 versions

[31] unknown:PACKAGE_NAME
    Package: PACKAGE_NAME
    ⚠️  GroupId unknown, searching Maven Central for 'PACKAGE_NAME'...
    ✗ No results found in Maven Central

[32] unknown:antlr4-annotations
    Package: antlr4-annotations
    ⚠️  GroupId unknown, searching Maven Central for 'antlr4-annotations'...
    ✓ Found: me.sunlan:antlr4-annotations
    ℹ️  Other matches found:
       1. com.tunnelvisionlabs:antlr4-annotations
       2. org.antlr:antlr4-annotations
    ✓ Fetched 20 versions

[33] unknown:PACKAGE_NAME
    Package: PACKAGE_NAME
    ⚠️  GroupId unknown, searching Maven Central for 'PACKAGE_NAME'...
    ✗ No results found in Maven Central

[34] unknown:aopalliance-repackaged
    Package: aopalliance-repackaged
    ⚠️  GroupId unknown, searching Maven Central for 'aopalliance-repackaged'...
    ✓ Found: org.glassfish.hk2.external:aopalliance-repackaged
    ✓ Fetched 15 versions

[35] unknown:aopalliance-repackaged
    Package: aopalliance-repackaged
    ⚠️  GroupId unknown, searching Maven Central for 'aopalliance-repackaged'...
    ✓ Found: org.glassfish.hk2.external:aopalliance-repackaged
    ✓ Fetched 15 versions

[36] unknown:apache-Jsvc
    Package: apache-Jsvc
    ⚠️  GroupId unknown, searching Maven Central for 'apache-Jsvc'...
    ✗ No results found in Maven Central

[37] unknown:apache-atlas
    Package: apache-atlas
    ⚠️  GroupId unknown, searching Maven Central for 'apache-atlas'...
    ✓ Found: org.apache.atlas:apache-atlas
    ✓ Fetched 18 versions
    ✓ Found 1 github URL(s)
    ✓ Found 4 other URL(s)

[38] unknown:avro
    Package: avro
    ⚠️  GroupId unknown, searching Maven Central for 'avro'...
    ✓ Found: org.apache.avro:avro
    ℹ️  Other matches found:
       1. community.flock.wirespec.integration:avro
       2. community.flock.wirespec.converter:avro
       3. io.toolisticon.kotlin.avro.lib:avro
    ✓ Fetched 36 versions
    ✓ Found 1 other URL(s)

[39] unknown:avro
    Package: avro
    ⚠️  GroupId unknown, searching Maven Central for 'avro'...
    ✓ Found: org.apache.avro:avro
    ℹ️  Other matches found:
       1. community.flock.wirespec.integration:avro
       2. community.flock.wirespec.converter:avro
       3. io.toolisticon.kotlin.avro.lib:avro
    ✓ Fetched 36 versions
    ✓ Found 1 other URL(s)

[40] unknown:beam
    Package: beam
    ⚠️  GroupId unknown, searching Maven Central for 'beam'...
    ✓ Found: uk.ac.ebi.beam:beam
    ℹ️  Other matches found:
       1. de.bright-side.beam:beam
       2. com.wtanaka:beam
    ✓ Fetched 19 versions
    ✓ Found 5 github URL(s)

[41] unknown:beam
    Package: beam
    ⚠️  GroupId unknown, searching Maven Central for 'beam'...
    ✓ Found: uk.ac.ebi.beam:beam
    ℹ️  Other matches found:
       1. de.bright-side.beam:beam
       2. com.wtanaka:beam
    ✓ Fetched 19 versions
    ✓ Found 5 github URL(s)

[42] unknown:apache-calcite
    Package: apache-calcite
    ⚠️  GroupId unknown, searching Maven Central for 'apache-calcite'...
    ✓ Found: org.apache.plc4x:apache-calcite
    ✓ Fetched 2 versions

[43] unknown:calcite-avatica
    Package: calcite-avatica
    ⚠️  GroupId unknown, searching Maven Central for 'calcite-avatica'...
    ✓ Found: org.apache.calcite:calcite-avatica
    ✓ Fetched 9 versions

[44] unknown:calcite-avatica
    Package: calcite-avatica
    ⚠️  GroupId unknown, searching Maven Central for 'calcite-avatica'...
    ✓ Found: org.apache.calcite:calcite-avatica
    ✓ Fetched 9 versions

[45] unknown:cxf
    Package: cxf
    ⚠️  GroupId unknown, searching Maven Central for 'cxf'...
    ✓ Found: org.apache.cxf:cxf
    ℹ️  Other matches found:
       1. no.nav.common:cxf
       2. com.sap.cloud.sdk.frameworks:cxf
       3. com.sap.cloud.s4hana.frameworks:cxf
    ✓ Fetched 220 versions
    ✓ Found 5 other URL(s)

[46] unknown:cxf
    Package: cxf
    ⚠️  GroupId unknown, searching Maven Central for 'cxf'...
    ✓ Found: org.apache.cxf:cxf
    ℹ️  Other matches found:
       1. no.nav.common:cxf
       2. com.sap.cloud.sdk.frameworks:cxf
       3. com.sap.cloud.s4hana.frameworks:cxf
    ✓ Fetched 220 versions
    ✓ Found 5 other URL(s)

[47] unknown:directory-ldap-api
    Package: directory-ldap-api
    ⚠️  GroupId unknown, searching Maven Central for 'directory-ldap-api'...
    ✗ No results found in Maven Central

[48] unknown:apache-directory-ldap-api
    Package: apache-directory-ldap-api
    ⚠️  GroupId unknown, searching Maven Central for 'apache-directory-ldap-api'...
    ✗ No results found in Maven Central

[49] unknown:apache-directory-ldap-api
    Package: apache-directory-ldap-api
    ⚠️  GroupId unknown, searching Maven Central for 'apache-directory-ldap-api'...
    ✗ No results found in Maven Central

[50] unknown:directory-server
    Package: directory-server
    ⚠️  GroupId unknown, searching Maven Central for 'directory-server'...
    ✗ No results found in Maven Central

[51] unknown:directory-server
    Package: directory-server
    ⚠️  GroupId unknown, searching Maven Central for 'directory-server'...
    ✗ No results found in Maven Central

[52] unknown:directory-server
    Package: directory-server
    ⚠️  GroupId unknown, searching Maven Central for 'directory-server'...
    ✗ No results found in Maven Central

[53] unknown:directory-server
    Package: directory-server
    ⚠️  GroupId unknown, searching Maven Central for 'directory-server'...
    ✗ No results found in Maven Central

[54] unknown:directory-server
    Package: directory-server
    ⚠️  GroupId unknown, searching Maven Central for 'directory-server'...
    ✗ No results found in Maven Central

[55] unknown:apache-flink
    Package: apache-flink
    ⚠️  GroupId unknown, searching Maven Central for 'apache-flink'...
    ✗ No results found in Maven Central

[56] unknown:PACKAGE_NAME
    Package: PACKAGE_NAME
    ⚠️  GroupId unknown, searching Maven Central for 'PACKAGE_NAME'...
    ✗ No results found in Maven Central

[57] unknown:apache-flink
    Package: apache-flink
    ⚠️  GroupId unknown, searching Maven Central for 'apache-flink'...
    ✗ No results found in Maven Central

[58] unknown:freemarker
    Package: freemarker
    ⚠️  GroupId unknown, searching Maven Central for 'freemarker'...
    ✓ Found: org.freemarker:freemarker
    ℹ️  Other matches found:
       1. org.restheart:freemarker
       2. io.basc.framework:freemarker
       3. top.xzxsrq:freemarker
    ✓ Fetched 11 versions
    ✓ Found 5 other URL(s)

[59] unknown:apache-freemarker
    Package: apache-freemarker
    ⚠️  GroupId unknown, searching Maven Central for 'apache-freemarker'...
    ✗ No results found in Maven Central

[60] unknown:apache-freemarker
    Package: apache-freemarker
    ⚠️  GroupId unknown, searching Maven Central for 'apache-freemarker'...
    ✗ No results found in Maven Central

[61] unknown:apache-freemarker
    Package: apache-freemarker
    ⚠️  GroupId unknown, searching Maven Central for 'apache-freemarker'...
    ✗ No results found in Maven Central

[62] unknown:apache-freemarker
    Package: apache-freemarker
    ⚠️  GroupId unknown, searching Maven Central for 'apache-freemarker'...
    ✗ No results found in Maven Central

[63] unknown:apache-hive
    Package: apache-hive
    ⚠️  GroupId unknown, searching Maven Central for 'apache-hive'...
    ✗ No results found in Maven Central

[64] unknown:apache-connectors
    Package: apache-connectors
    ⚠️  GroupId unknown, searching Maven Central for 'apache-connectors'...
    ✗ No results found in Maven Central

[65] unknown:apache-jena
    Package: apache-jena
    ⚠️  GroupId unknown, searching Maven Central for 'apache-jena'...
    ✓ Found: org.apache.jena:apache-jena
    ✓ Fetched 56 versions
    ✓ Found 1 other URL(s)

[66] unknown:jena
    Package: jena
    ⚠️  GroupId unknown, searching Maven Central for 'jena'...
    ✓ Found: org.apache.jena:jena
    ℹ️  Other matches found:
       1. com.hp.hpl.jena:jena
       2. net.sourceforge.jena:jena
    ✓ Fetched 55 versions
    ✓ Found 5 other URL(s)

[67] unknown:logging-log4j2
    Package: logging-log4j2
    ⚠️  GroupId unknown, searching Maven Central for 'logging-log4j2'...
    ✗ No results found in Maven Central

[68] unknown:lucene
    Package: lucene
    ⚠️  GroupId unknown, searching Maven Central for 'lucene'...
    ✓ Found: com.netease.nimlib:lucene
    ℹ️  Other matches found:
       1. com.netease.nimlib.coexist:lucene
       2. hu.simplexion.zakadabar:lucene
       3. io.basc.framework:lucene
    ✓ Fetched 335 versions
    ✓ Found 3 github URL(s)
    ✓ Found 1 other URL(s)

[69] unknown:nifi
    Package: nifi
    ⚠️  GroupId unknown, searching Maven Central for 'nifi'...
    ✓ Found: org.apache.nifi:nifi
    ✓ Fetched 84 versions
    ✓ Found 5 other URL(s)

[70] unknown:PACKAGE_NAME
    Package: PACKAGE_NAME
    ⚠️  GroupId unknown, searching Maven Central for 'PACKAGE_NAME'...
    ✗ No results found in Maven Central

[71] unknown:apache-nifi
    Package: apache-nifi
    ⚠️  GroupId unknown, searching Maven Central for 'apache-nifi'...
    ✓ Found: org.apache.plc4x:apache-nifi
    ✓ Fetched 3 versions

[72] unknown:PACKAGE_NAME
    Package: PACKAGE_NAME
    ⚠️  GroupId unknown, searching Maven Central for 'PACKAGE_NAME'...
    ✗ No results found in Maven Central

[73] unknown:apache-nifi
    Package: apache-nifi
    ⚠️  GroupId unknown, searching Maven Central for 'apache-nifi'...
    ✓ Found: org.apache.plc4x:apache-nifi
    ✓ Fetched 3 versions

[74] unknown:apache-nifi
    Package: apache-nifi
    ⚠️  GroupId unknown, searching Maven Central for 'apache-nifi'...
    ✓ Found: org.apache.plc4x:apache-nifi
    ✓ Fetched 3 versions

[75] unknown:PACKAGE_NAME
    Package: PACKAGE_NAME
    ⚠️  GroupId unknown, searching Maven Central for 'PACKAGE_NAME'...
    ✗ No results found in Maven Central

[76] unknown:apache-nifi
    Package: apache-nifi
    ⚠️  GroupId unknown, searching Maven Central for 'apache-nifi'...
    ✓ Found: org.apache.plc4x:apache-nifi
    ✓ Fetched 3 versions

[77] unknown:apache-nifi
    Package: apache-nifi
    ⚠️  GroupId unknown, searching Maven Central for 'apache-nifi'...
    ✓ Found: org.apache.plc4x:apache-nifi
    ✓ Fetched 3 versions

[78] unknown:apache-orc
    Package: apache-orc
    ⚠️  GroupId unknown, searching Maven Central for 'apache-orc'...
    ✗ No results found in Maven Central

[79] unknown:apache-poi
    Package: apache-poi
    ⚠️  GroupId unknown, searching Maven Central for 'apache-poi'...
    ✓ Found: io.github.qsy7.java.modules.csv.modules:apache-poi
    ℹ️  Other matches found:
       1. io.github.qsy7.java.dependencies:apache-poi
       2. hu.blackbelt.karaf.features:apache-poi
       3. com.guicedee.services:apache-poi
    ✓ Fetched 4 versions

[80] unknown:solr
    Package: solr
    ⚠️  GroupId unknown, searching Maven Central for 'solr'...
    ✓ Found: org.testcontainers:solr
    ℹ️  Other matches found:
       1. edu.byu.hbll:solr
       2. org.wso2.orbit.org.apache.solr:solr
       3. com.weicoder:solr
    ✓ Fetched 44 versions
    ✓ Found 4 github URL(s)
    ✓ Found 1 other URL(s)

[81] unknown:solr
    Package: solr
    ⚠️  GroupId unknown, searching Maven Central for 'solr'...
    ✓ Found: org.testcontainers:solr
    ℹ️  Other matches found:
       1. edu.byu.hbll:solr
       2. org.wso2.orbit.org.apache.solr:solr
       3. com.weicoder:solr
    ✓ Fetched 44 versions
    ✓ Found 4 github URL(s)
    ✓ Found 1 other URL(s)

[82] unknown:solr
    Package: solr
    ⚠️  GroupId unknown, searching Maven Central for 'solr'...
    ✓ Found: org.testcontainers:solr
    ℹ️  Other matches found:
       1. edu.byu.hbll:solr
       2. org.wso2.orbit.org.apache.solr:solr
       3. com.weicoder:solr
    ✓ Fetched 44 versions
    ✓ Found 4 github URL(s)
    ✓ Found 1 other URL(s)

[83] unknown:solr
    Package: solr
    ⚠️  GroupId unknown, searching Maven Central for 'solr'...
    ✓ Found: org.testcontainers:solr
    ℹ️  Other matches found:
       1. edu.byu.hbll:solr
       2. org.wso2.orbit.org.apache.solr:solr
       3. com.weicoder:solr
    ✓ Fetched 44 versions
    ✓ Found 4 github URL(s)
    ✓ Found 1 other URL(s)

[84] unknown:tinkerpop
    Package: tinkerpop
    ⚠️  GroupId unknown, searching Maven Central for 'tinkerpop'...
    ✓ Found: uk.gov.gchq.gaffer:tinkerpop
    ℹ️  Other matches found:
       1. org.apache.tinkerpop:tinkerpop
       2. fr.inria.corese:tinkerpop
       3. com.tinkerpop:tinkerpop
    ✓ Fetched 7 versions

[85] unknown:tinkerpop
    Package: tinkerpop
    ⚠️  GroupId unknown, searching Maven Central for 'tinkerpop'...
    ✓ Found: uk.gov.gchq.gaffer:tinkerpop
    ℹ️  Other matches found:
       1. org.apache.tinkerpop:tinkerpop
       2. fr.inria.corese:tinkerpop
       3. com.tinkerpop:tinkerpop
    ✓ Fetched 7 versions

[86] unknown:apache-tinkerpop
    Package: apache-tinkerpop
    ⚠️  GroupId unknown, searching Maven Central for 'apache-tinkerpop'...
    ✗ No results found in Maven Central

[87] unknown:tomcat
    Package: tomcat
    ⚠️  GroupId unknown, searching Maven Central for 'tomcat'...
    ✓ Found: org.wso2.orbit.org.apache.tomcat:tomcat
    ℹ️  Other matches found:
       1. org.apache.tomcat:tomcat
       2. com.github.skjolber.mockito-rest-spring:tomcat
       3. com.weicoder:tomcat
    ✓ Fetched 33 versions

[88] unknown:apache-tomcat
    Package: apache-tomcat
    ⚠️  GroupId unknown, searching Maven Central for 'apache-tomcat'...
    ✓ Found: org.apache.openejb:apache-tomcat
    ℹ️  Other matches found:
       1. tomcat:apache-tomcat
       2. org.apache.juddi.bootstrap:apache-tomcat
    ✓ Fetched 3 versions

[89] unknown:tomcat
    Package: tomcat
    ⚠️  GroupId unknown, searching Maven Central for 'tomcat'...
    ✓ Found: org.wso2.orbit.org.apache.tomcat:tomcat
    ℹ️  Other matches found:
       1. org.apache.tomcat:tomcat
       2. com.github.skjolber.mockito-rest-spring:tomcat
       3. com.weicoder:tomcat
    ✓ Fetched 33 versions

[90] unknown:apache-tomcat
    Package: apache-tomcat
    ⚠️  GroupId unknown, searching Maven Central for 'apache-tomcat'...
    ✓ Found: org.apache.openejb:apache-tomcat
    ℹ️  Other matches found:
       1. tomcat:apache-tomcat
       2. org.apache.juddi.bootstrap:apache-tomcat
    ✓ Fetched 3 versions

[91] unknown:tomcat
    Package: tomcat
    ⚠️  GroupId unknown, searching Maven Central for 'tomcat'...
    ✓ Found: org.wso2.orbit.org.apache.tomcat:tomcat
    ℹ️  Other matches found:
       1. org.apache.tomcat:tomcat
       2. com.github.skjolber.mockito-rest-spring:tomcat
       3. com.weicoder:tomcat
    ✓ Fetched 33 versions

[92] unknown:tomcat
    Package: tomcat
    ⚠️  GroupId unknown, searching Maven Central for 'tomcat'...
    ✓ Found: org.wso2.orbit.org.apache.tomcat:tomcat
    ℹ️  Other matches found:
       1. org.apache.tomcat:tomcat
       2. com.github.skjolber.mockito-rest-spring:tomcat
       3. com.weicoder:tomcat
    ✓ Fetched 33 versions

[93] unknown:api-asn1-api
    Package: api-asn1-api
    ⚠️  GroupId unknown, searching Maven Central for 'api-asn1-api'...
    ✓ Found: org.apache.directory.api:api-asn1-api
    ✓ Fetched 41 versions

[94] unknown:apicurio-registry
    Package: apicurio-registry
    ⚠️  GroupId unknown, searching Maven Central for 'apicurio-registry'...
    ✓ Found: io.apicurio:apicurio-registry
    ✓ Fetched 96 versions
    ✓ Found 4 github URL(s)
    ✓ Found 1 other URL(s)

[95] unknown:apicurio-registry
    Package: apicurio-registry
    ⚠️  GroupId unknown, searching Maven Central for 'apicurio-registry'...
    ✓ Found: io.apicurio:apicurio-registry
    ✓ Fetched 96 versions
    ✓ Found 4 github URL(s)
    ✓ Found 1 other URL(s)

[96] unknown:apicurio-registry
    Package: apicurio-registry
    ⚠️  GroupId unknown, searching Maven Central for 'apicurio-registry'...
    ✓ Found: io.apicurio:apicurio-registry
    ✓ Fetched 96 versions
    ✓ Found 4 github URL(s)
    ✓ Found 1 other URL(s)

[97] unknown:apicurio-registry-common
    Package: apicurio-registry-common
    ⚠️  GroupId unknown, searching Maven Central for 'apicurio-registry-common'...
    ✓ Found: io.apicurio:apicurio-registry-common
    ✓ Fetched 96 versions

[98] unknown:apiguardian
    Package: apiguardian
    ⚠️  GroupId unknown, searching Maven Central for 'apiguardian'...
    ✗ No results found in Maven Central

[99] unknown:java-spring-boot2
    Package: java-spring-boot2
    ⚠️  GroupId unknown, searching Maven Central for 'java-spring-boot2'...
    ✗ No results found in Maven Central

[100] unknown:archaius
    Package: archaius
    ⚠️  GroupId unknown, searching Maven Central for 'archaius'...
    ✓ Found: io.thorntail:archaius
    ℹ️  Other matches found:
       1. org.wildfly.swarm:archaius
    ✓ Fetched 9 versions

[101] unknown:arrow
    Package: arrow
    ⚠️  GroupId unknown, searching Maven Central for 'arrow'...
    ✓ Found: io.github.solven-eu.pepper:arrow
    ℹ️  Other matches found:
       1. org.bytedeco:arrow
       2. io.github.carbaj03:arrow
    ✓ Fetched 1 versions

[102] unknown:arrow
    Package: arrow
    ⚠️  GroupId unknown, searching Maven Central for 'arrow'...
    ✓ Found: io.github.solven-eu.pepper:arrow
    ℹ️  Other matches found:
       1. org.bytedeco:arrow
       2. io.github.carbaj03:arrow
    ✓ Fetched 1 versions

[103] unknown:asm
    Package: asm
    ⚠️  GroupId unknown, searching Maven Central for 'asm'...
    ✓ Found: org.ow2.asm:asm
    ℹ️  Other matches found:
       1. net.lenni0451.commons:asm
       2. io.github.whilein.wcommons:asm
       3. com.liferay:asm
    ✓ Fetched 44 versions
    ✓ Found 4 gitlab URL(s)
    ✓ Found 1 other URL(s)

[104] unknown:asm
    Package: asm
    ⚠️  GroupId unknown, searching Maven Central for 'asm'...
    ✓ Found: org.ow2.asm:asm
    ℹ️  Other matches found:
       1. net.lenni0451.commons:asm
       2. io.github.whilein.wcommons:asm
       3. com.liferay:asm
    ✓ Fetched 44 versions
    ✓ Found 4 gitlab URL(s)
    ✓ Found 1 other URL(s)

[105] unknown:aspectJweaver
    Package: aspectJweaver
    ⚠️  GroupId unknown, searching Maven Central for 'aspectJweaver'...
    ✗ No results found in Maven Central

[106] unknown:async-http-client-netty-utils
    Package: async-http-client-netty-utils
    ⚠️  GroupId unknown, searching Maven Central for 'async-http-client-netty-utils'...
    ✓ Found: org.asynchttpclient:async-http-client-netty-utils
    ✓ Fetched 94 versions

[107] atlas:client
    Package: atlas/client
    ✗ Error: Artifact not found: atlas:client

[108] atlas:common
    Package: atlas/common
    ✗ Error: Artifact not found: atlas:common

[109] atlas:intg
    Package: atlas/intg
    ✗ Error: Artifact not found: atlas:intg

[110] atlas:notification
    Package: atlas/notification
    ✗ Error: Artifact not found: atlas:notification

[111] atlas:plugin-classloader
    Package: atlas/plugin-classloader
    ✗ Error: Artifact not found: atlas:plugin-classloader

[112] unknown:avalon-framework-api
    Package: avalon-framework-api
    ⚠️  GroupId unknown, searching Maven Central for 'avalon-framework-api'...
    ✓ Found: avalon-framework:avalon-framework-api
    ℹ️  Other matches found:
       1. org.apache.avalon.framework:avalon-framework-api
       2. avalon:avalon-framework-api
    ✓ Fetched 6 versions

[113] unknown:avalon-framework-api
    Package: avalon-framework-api
    ⚠️  GroupId unknown, searching Maven Central for 'avalon-framework-api'...
    ✓ Found: avalon-framework:avalon-framework-api
    ℹ️  Other matches found:
       1. org.apache.avalon.framework:avalon-framework-api
       2. avalon:avalon-framework-api
    ✓ Fetched 6 versions

[114] unknown:avalon-framework-api
    Package: avalon-framework-api
    ⚠️  GroupId unknown, searching Maven Central for 'avalon-framework-api'...
    ✓ Found: avalon-framework:avalon-framework-api
    ℹ️  Other matches found:
       1. org.apache.avalon.framework:avalon-framework-api
       2. avalon:avalon-framework-api
    ✓ Fetched 6 versions

[115] unknown:avalon-framework-impl
    Package: avalon-framework-impl
    ⚠️  GroupId unknown, searching Maven Central for 'avalon-framework-impl'...
    ✓ Found: avalon-framework:avalon-framework-impl
    ℹ️  Other matches found:
       1. org.apache.avalon.framework:avalon-framework-impl
    ✓ Fetched 6 versions

[116] unknown:avalon-framework-impl
    Package: avalon-framework-impl
    ⚠️  GroupId unknown, searching Maven Central for 'avalon-framework-impl'...
    ✓ Found: avalon-framework:avalon-framework-impl
    ℹ️  Other matches found:
       1. org.apache.avalon.framework:avalon-framework-impl
    ✓ Fetched 6 versions

[117] unknown:avalon-framework-impl
    Package: avalon-framework-impl
    ⚠️  GroupId unknown, searching Maven Central for 'avalon-framework-impl'...
    ✓ Found: avalon-framework:avalon-framework-impl
    ℹ️  Other matches found:
       1. org.apache.avalon.framework:avalon-framework-impl
    ✓ Fetched 6 versions

[118] unknown:aws-eventstream-java
    Package: aws-eventstream-java
    ⚠️  GroupId unknown, searching Maven Central for 'aws-eventstream-java'...
    ✗ No results found in Maven Central

[119] unknown:aws-sdk-java
    Package: aws-sdk-java
    ⚠️  GroupId unknown, searching Maven Central for 'aws-sdk-java'...
    ✓ Found: software.amazon.awssdk:aws-sdk-java
    ✓ Fetched 1688 versions
    ✓ Found 1 other URL(s)

[120] unknown:backrest
    Package: backrest
    ⚠️  GroupId unknown, searching Maven Central for 'backrest'...
    ✗ No results found in Maven Central

[121] unknown:bazel
    Package: bazel
    ⚠️  GroupId unknown, searching Maven Central for 'bazel'...
    ✗ No results found in Maven Central

[122] unknown:bazel
    Package: bazel
    ⚠️  GroupId unknown, searching Maven Central for 'bazel'...
    ✗ No results found in Maven Central

[123] unknown:bazel
    Package: bazel
    ⚠️  GroupId unknown, searching Maven Central for 'bazel'...
    ✗ No results found in Maven Central

[124] unknown:bazel
    Package: bazel
    ⚠️  GroupId unknown, searching Maven Central for 'bazel'...
    ✗ No results found in Maven Central

[125] unknown:bc-java
    Package: bc-java
    ⚠️  GroupId unknown, searching Maven Central for 'bc-java'...
    ✗ No results found in Maven Central

[126] unknown:bc-java
    Package: bc-java
    ⚠️  GroupId unknown, searching Maven Central for 'bc-java'...
    ✗ No results found in Maven Central

[127] unknown:bc-java
    Package: bc-java
    ⚠️  GroupId unknown, searching Maven Central for 'bc-java'...
    ✗ No results found in Maven Central

[128] unknown:bc-java
    Package: bc-java
    ⚠️  GroupId unknown, searching Maven Central for 'bc-java'...
    ✗ No results found in Maven Central

[129] unknown:PACKAGE_NAME
    Package: PACKAGE_NAME
    ⚠️  GroupId unknown, searching Maven Central for 'PACKAGE_NAME'...
    ✗ No results found in Maven Central

[130] unknown:bc-java
    Package: bc-java
    ⚠️  GroupId unknown, searching Maven Central for 'bc-java'...
    ✗ No results found in Maven Central

[131] unknown:PACKAGE_NAME
    Package: PACKAGE_NAME
    ⚠️  GroupId unknown, searching Maven Central for 'PACKAGE_NAME'...
    ✗ No results found in Maven Central

[132] unknown:bc-java
    Package: bc-java
    ⚠️  GroupId unknown, searching Maven Central for 'bc-java'...
    ✗ No results found in Maven Central

[133] unknown:bc-java
    Package: bc-java
    ⚠️  GroupId unknown, searching Maven Central for 'bc-java'...
    ✗ No results found in Maven Central

[134] unknown:bc-java
    Package: bc-java
    ⚠️  GroupId unknown, searching Maven Central for 'bc-java'...
    ✗ No results found in Maven Central

[135] unknown:bcprov-ext-jdk15on
    Package: bcprov-ext-jdk15on
    ⚠️  GroupId unknown, searching Maven Central for 'bcprov-ext-jdk15on'...
    ✓ Found: org.bouncycastle:bcprov-ext-jdk15on
    ℹ️  Other matches found:
       1. org.bouncycastle.bcprov-ext-jdk15on.1.57.org.bouncycastle:bcprov-ext-jdk15on
    ✓ Fetched 25 versions
    ✓ Found 1 github URL(s)
    ✓ Found 1 other URL(s)

[136] unknown:prov
    Package: prov
    ⚠️  GroupId unknown, searching Maven Central for 'prov'...
    ✓ Found: com.distrimind.bouncycastle:prov
    ℹ️  Other matches found:
       1. com.madgag.spongycastle:prov
    ✓ Fetched 10 versions
    ✓ Found 4 other URL(s)
    ✓ Found 1 github URL(s)

[137] unknown:beanvalidation-api
    Package: beanvalidation-api
    ⚠️  GroupId unknown, searching Maven Central for 'beanvalidation-api'...
    ✗ No results found in Maven Central

[138] unknown:files
    Package: files
    ⚠️  GroupId unknown, searching Maven Central for 'files'...
    ✓ Found: io.automatiko:files
    ℹ️  Other matches found:
       1. com.avito.android:files
       2. com.afollestad.material-dialogs:files
       3. tz.co.asoft:files
    ✓ Fetched 42 versions

[139] unknown:bootstrap-datepicker
    Package: bootstrap-datepicker
    ⚠️  GroupId unknown, searching Maven Central for 'bootstrap-datepicker'...
    ✓ Found: org.webjars.npm:bootstrap-datepicker
    ℹ️  Other matches found:
       1. org.mvnpm:bootstrap-datepicker
       2. org.webjars:bootstrap-datepicker
       3. org.webjars.bower:bootstrap-datepicker
    ✓ Fetched 10 versions
    ✓ Found 4 github URL(s)
    ✓ Found 1 other URL(s)

[140] unknown:bootstrap-datepicker
    Package: bootstrap-datepicker
    ⚠️  GroupId unknown, searching Maven Central for 'bootstrap-datepicker'...
    ✓ Found: org.webjars.npm:bootstrap-datepicker
    ℹ️  Other matches found:
       1. org.mvnpm:bootstrap-datepicker
       2. org.webjars:bootstrap-datepicker
       3. org.webjars.bower:bootstrap-datepicker
    ✓ Fetched 10 versions
    ✓ Found 4 github URL(s)
    ✓ Found 1 other URL(s)

[141] unknown:bucket4j
    Package: bucket4j
    ⚠️  GroupId unknown, searching Maven Central for 'bucket4j'...
    ✓ Found: app.cash.wisp:bucket4j
    ℹ️  Other matches found:
       1. com.github.vladimir-bukhtoyarov:bucket4j
       2. com.bucket4j:bucket4j
    ✓ Fetched 888 versions
    ✓ Found 4 github URL(s)

[142] unknown:bucket4j-core
    Package: bucket4j-core
    ⚠️  GroupId unknown, searching Maven Central for 'bucket4j-core'...
    ✓ Found: com.github.vladimir-bukhtoyarov:bucket4j-core
    ℹ️  Other matches found:
       1. com.bucket4j:bucket4j-core
    ✓ Fetched 49 versions
    ✓ Found 4 github URL(s)

[143] unknown:builder-annotations
    Package: builder-annotations
    ⚠️  GroupId unknown, searching Maven Central for 'builder-annotations'...
    ✓ Found: com.mastfrog.builder:builder-annotations
    ℹ️  Other matches found:
       1. io.sundr:builder-annotations
       2. nl.elucidator.patterns.builder.annotations:builder-annotations
    ✓ Fetched 9 versions

[144] unknown:PACKAGE_NAME
    Package: PACKAGE_NAME
    ⚠️  GroupId unknown, searching Maven Central for 'PACKAGE_NAME'...
    ✗ No results found in Maven Central

[145] unknown:byte-buddy
    Package: byte-buddy
    ⚠️  GroupId unknown, searching Maven Central for 'byte-buddy'...
    ✓ Found: net.bytebuddy:byte-buddy
    ℹ️  Other matches found:
       1. io.github.qsy7.java.dependencies:byte-buddy
       2. io.github.qsy7.java.examples:byte-buddy
       3. com.guicedee.services:byte-buddy
    ✓ Fetched 307 versions

[146] unknown:byte-buddy
    Package: byte-buddy
    ⚠️  GroupId unknown, searching Maven Central for 'byte-buddy'...
    ✓ Found: net.bytebuddy:byte-buddy
    ℹ️  Other matches found:
       1. io.github.qsy7.java.dependencies:byte-buddy
       2. io.github.qsy7.java.examples:byte-buddy
       3. com.guicedee.services:byte-buddy
    ✓ Fetched 307 versions

[147] unknown:PACKAGE_NAME
    Package: PACKAGE_NAME
    ⚠️  GroupId unknown, searching Maven Central for 'PACKAGE_NAME'...
    ✗ No results found in Maven Central

[148] unknown:byte-buddy
    Package: byte-buddy
    ⚠️  GroupId unknown, searching Maven Central for 'byte-buddy'...
    ✓ Found: net.bytebuddy:byte-buddy
    ℹ️  Other matches found:
       1. io.github.qsy7.java.dependencies:byte-buddy
       2. io.github.qsy7.java.examples:byte-buddy
       3. com.guicedee.services:byte-buddy
    ✓ Fetched 307 versions

[149] unknown:byte-buddy
    Package: byte-buddy
    ⚠️  GroupId unknown, searching Maven Central for 'byte-buddy'...
    ✓ Found: net.bytebuddy:byte-buddy
    ℹ️  Other matches found:
       1. io.github.qsy7.java.dependencies:byte-buddy
       2. io.github.qsy7.java.examples:byte-buddy
       3. com.guicedee.services:byte-buddy
    ✓ Fetched 307 versions

[150] unknown:cache-api
    Package: cache-api
    ⚠️  GroupId unknown, searching Maven Central for 'cache-api'...
    ✓ Found: com.github.houbb:cache-api
    ℹ️  Other matches found:
       1. io.github.xanthic.cache:cache-api
       2. dev.kord.cache:cache-api
       3. io.meshware.cache:cache-api
    ✓ Fetched 16 versions

[151] unknown:caffeine
    Package: caffeine
    ⚠️  GroupId unknown, searching Maven Central for 'caffeine'...
    ✓ Found: com.github.ben-manes.caffeine:caffeine
    ℹ️  Other matches found:
       1. com.percolate:caffeine
    ✓ Fetched 72 versions
    ✓ Found 4 github URL(s)

[152] unknown:calcite-avatica
    Package: calcite-avatica
    ⚠️  GroupId unknown, searching Maven Central for 'calcite-avatica'...
    ✓ Found: org.apache.calcite:calcite-avatica
    ✓ Fetched 9 versions

[153] unknown:camel
    Package: camel
    ⚠️  GroupId unknown, searching Maven Central for 'camel'...
    ✓ Found: org.apache.camel:camel
    ℹ️  Other matches found:
       1. org.apache.activemq.examples.broker.camel:camel
       2. org.connectorio.dropwizard:camel
       3. de.dentrassi.kura.addons:camel
    ✓ Fetched 269 versions

[154] unknown:camel-karaf
    Package: camel-karaf
    ⚠️  GroupId unknown, searching Maven Central for 'camel-karaf'...
    ✓ Found: org.apache.camel.karaf:camel-karaf
    ✓ Fetched 9 versions
    ✓ Found 4 github URL(s)
    ✓ Found 1 other URL(s)

[155] unknown:camel-quarkus
    Package: camel-quarkus
    ⚠️  GroupId unknown, searching Maven Central for 'camel-quarkus'...
    ✓ Found: org.apache.camel.quarkus:camel-quarkus
    ✓ Fetched 87 versions
    ✓ Found 2 github URL(s)
    ✓ Found 3 other URL(s)

[156] unknown:caniuse
    Package: caniuse
    ⚠️  GroupId unknown, searching Maven Central for 'caniuse'...
    ✗ No results found in Maven Central

[157] unknown:caniuse
    Package: caniuse
    ⚠️  GroupId unknown, searching Maven Central for 'caniuse'...
    ✗ No results found in Maven Central

[158] unknown:caniuse-lite
    Package: caniuse-lite
    ⚠️  GroupId unknown, searching Maven Central for 'caniuse-lite'...
    ✓ Found: org.webjars.npm:caniuse-lite
    ℹ️  Other matches found:
       1. org.mvnpm:caniuse-lite
       2. org.webjars:caniuse-lite
    ✓ Fetched 48 versions
    ✓ Found 4 github URL(s)
    ✓ Found 1 other URL(s)

[159] unknown:caniuse-lite
    Package: caniuse-lite
    ⚠️  GroupId unknown, searching Maven Central for 'caniuse-lite'...
    ✓ Found: org.webjars.npm:caniuse-lite
    ℹ️  Other matches found:
       1. org.mvnpm:caniuse-lite
       2. org.webjars:caniuse-lite
    ✓ Fetched 48 versions
    ✓ Found 4 github URL(s)
    ✓ Found 1 other URL(s)

[160] unknown:cassandra-driver-extras
    Package: cassandra-driver-extras
    ⚠️  GroupId unknown, searching Maven Central for 'cassandra-driver-extras'...
    ✓ Found: org.apache.cassandra:cassandra-driver-extras
    ℹ️  Other matches found:
       1. com.yugabyte:cassandra-driver-extras
       2. com.datastax.cassandra:cassandra-driver-extras
    ✓ Fetched 2 versions

[161] unknown:cassandra-java-driver
    Package: cassandra-java-driver
    ⚠️  GroupId unknown, searching Maven Central for 'cassandra-java-driver'...
    ✗ No results found in Maven Central

[162] unknown:castor
    Package: castor
    ⚠️  GroupId unknown, searching Maven Central for 'castor'...
    ✓ Found: org.codehaus.castor:castor
    ℹ️  Other matches found:
       1. castor:castor
       2. org.apache.geronimo.bundles:castor
    ✓ Fetched 18 versions

[163] unknown:cdi
    Package: cdi
    ⚠️  GroupId unknown, searching Maven Central for 'cdi'...
    ✓ Found: io.openliberty.features:cdi
    ℹ️  Other matches found:
       1. org.jboss.narayana.jta:cdi
       2. com.qwlabs.doraemon:cdi
       3. org.apache.activemq.examples.broker:cdi
    ✓ Fetched 17 versions
    ✓ Found 3 github URL(s)
    ✓ Found 1 other URL(s)

[164] unknown:cdi
    Package: cdi
    ⚠️  GroupId unknown, searching Maven Central for 'cdi'...
    ✓ Found: io.openliberty.features:cdi
    ℹ️  Other matches found:
       1. org.jboss.narayana.jta:cdi
       2. com.qwlabs.doraemon:cdi
       3. org.apache.activemq.examples.broker:cdi
    ✓ Fetched 17 versions
    ✓ Found 3 github URL(s)
    ✓ Found 1 other URL(s)

[165] unknown:cdi
    Package: cdi
    ⚠️  GroupId unknown, searching Maven Central for 'cdi'...
    ✓ Found: io.openliberty.features:cdi
    ℹ️  Other matches found:
       1. org.jboss.narayana.jta:cdi
       2. com.qwlabs.doraemon:cdi
       3. org.apache.activemq.examples.broker:cdi
    ✓ Fetched 17 versions
    ✓ Found 3 github URL(s)
    ✓ Found 1 other URL(s)

[166] unknown:cglib_nodep
    Package: cglib_nodep
    ⚠️  GroupId unknown, searching Maven Central for 'cglib_nodep'...
    ✗ No results found in Maven Central

[167] unknown:PACKAGE_NAME
    Package: PACKAGE_NAME
    ⚠️  GroupId unknown, searching Maven Central for 'PACKAGE_NAME'...
    ✗ No results found in Maven Central

[168] unknown:checker-compat-qual
    Package: checker-compat-qual
    ⚠️  GroupId unknown, searching Maven Central for 'checker-compat-qual'...
    ✓ Found: org.checkerframework:checker-compat-qual
    ✓ Fetched 51 versions
    ✓ Found 2 github URL(s)
    ✓ Found 1 other URL(s)

[169] unknown:checker-compat-qual
    Package: checker-compat-qual
    ⚠️  GroupId unknown, searching Maven Central for 'checker-compat-qual'...
    ✓ Found: org.checkerframework:checker-compat-qual
    ✓ Fetched 51 versions
    ✓ Found 2 github URL(s)
    ✓ Found 1 other URL(s)

[170] unknown:ci.ant
    Package: ci.ant
    ⚠️  GroupId unknown, searching Maven Central for 'ci.ant'...
    ✗ No results found in Maven Central

[171] unknown:ci.common
    Package: ci.common
    ⚠️  GroupId unknown, searching Maven Central for 'ci.common'...
    ✓ Found: io.openliberty.tools:ci.common
    ℹ️  Other matches found:
       1. net.wasdev.wlp.common:ci.common
    ✓ Fetched 44 versions
    ✓ Found 4 github URL(s)

[172] unknown:ci_common
    Package: ci_common
    ⚠️  GroupId unknown, searching Maven Central for 'ci_common'...
    ✗ No results found in Maven Central

[173] unknown:classgraph
    Package: classgraph
    ⚠️  GroupId unknown, searching Maven Central for 'classgraph'...
    ✓ Found: io.github.classgraph:classgraph
    ✓ Fetched 260 versions
    ✓ Found 5 github URL(s)

[174] unknown:classgraph
    Package: classgraph
    ⚠️  GroupId unknown, searching Maven Central for 'classgraph'...
    ✓ Found: io.github.classgraph:classgraph
    ✓ Fetched 260 versions
    ✓ Found 5 github URL(s)

[175] unknown:classgraph
    Package: classgraph
    ⚠️  GroupId unknown, searching Maven Central for 'classgraph'...
    ✓ Found: io.github.classgraph:classgraph
    ✓ Fetched 260 versions
    ✓ Found 5 github URL(s)

[176] unknown:classgraph
    Package: classgraph
    ⚠️  GroupId unknown, searching Maven Central for 'classgraph'...
    ✓ Found: io.github.classgraph:classgraph
    ✓ Fetched 260 versions
    ✓ Found 5 github URL(s)

[177] unknown:classgraph
    Package: classgraph
    ⚠️  GroupId unknown, searching Maven Central for 'classgraph'...
    ✓ Found: io.github.classgraph:classgraph
    ✓ Fetched 260 versions
    ✓ Found 5 github URL(s)

[178] unknown:java-classmate
    Package: java-classmate
    ⚠️  GroupId unknown, searching Maven Central for 'java-classmate'...
    ✗ No results found in Maven Central

[179] unknown:classmate
    Package: classmate
    ⚠️  GroupId unknown, searching Maven Central for 'classmate'...
    ✓ Found: com.fasterxml:classmate
    ℹ️  Other matches found:
       1. io.github.logback-classmate:classmate
       2. com.guicedee.services:classmate
    ✓ Fetched 22 versions
    ✓ Found 4 github URL(s)

[180] unknown:classmate
    Package: classmate
    ⚠️  GroupId unknown, searching Maven Central for 'classmate'...
    ✓ Found: com.fasterxml:classmate
    ℹ️  Other matches found:
       1. io.github.logback-classmate:classmate
       2. com.guicedee.services:classmate
    ✓ Fetched 22 versions
    ✓ Found 4 github URL(s)

[181] unknown:clearNLP
    Package: clearNLP
    ⚠️  GroupId unknown, searching Maven Central for 'clearNLP'...
    ✗ No results found in Maven Central

[182] unknown:clearNLP
    Package: clearNLP
    ⚠️  GroupId unknown, searching Maven Central for 'clearNLP'...
    ✗ No results found in Maven Central

[183] unknown:client_java
    Package: client_java
    ⚠️  GroupId unknown, searching Maven Central for 'client_java'...
    ✓ Found: io.prometheus:client_java
    ✓ Fetched 26 versions

[184] unknown:client-java
    Package: client-java
    ⚠️  GroupId unknown, searching Maven Central for 'client-java'...
    ✓ Found: com.epam.reportportal:client-java
    ℹ️  Other matches found:
       1. io.kubernetes:client-java
       2. org.apache.gravitino:client-java
       3. com.datastrato.gravitino:client-java
    ✓ Fetched 116 versions
    ✓ Found 4 github URL(s)

[185] unknown:cloudant-client
    Package: cloudant-client
    ⚠️  GroupId unknown, searching Maven Central for 'cloudant-client'...
    ✓ Found: com.cloudant:cloudant-client
    ✓ Fetched 39 versions
    ✓ Found 3 github URL(s)
    ✓ Found 1 other URL(s)

[186] unknown:cloudant-http
    Package: cloudant-http
    ⚠️  GroupId unknown, searching Maven Central for 'cloudant-http'...
    ✓ Found: com.cloudant:cloudant-http
    ✓ Fetched 26 versions
    ✓ Found 3 github URL(s)
    ✓ Found 1 other URL(s)

[187] unknown:cloudant-java-sdk
    Package: cloudant-java-sdk
    ⚠️  GroupId unknown, searching Maven Central for 'cloudant-java-sdk'...
    ✗ No results found in Maven Central

[188] unknown:codeready-workspaces
    Package: codeready-workspaces
    ⚠️  GroupId unknown, searching Maven Central for 'codeready-workspaces'...
    ✗ No results found in Maven Central

[189] unknown:codewind
    Package: codewind
    ⚠️  GroupId unknown, searching Maven Central for 'codewind'...
    ✗ No results found in Maven Central

[190] unknown:com.lmax.disruptor
    Package: com.lmax.disruptor
    ⚠️  GroupId unknown, searching Maven Central for 'com.lmax.disruptor'...
    ✗ No results found in Maven Central

[191] unknown:common-annotations-api
    Package: common-annotations-api
    ⚠️  GroupId unknown, searching Maven Central for 'common-annotations-api'...
    ✗ No results found in Maven Central

[192] unknown:commons-beanutils
    Package: commons-beanutils
    ⚠️  GroupId unknown, searching Maven Central for 'commons-beanutils'...
    ✓ Found: com.guicedee.services:commons-beanutils
    ℹ️  Other matches found:
       1. org.wso2.orbit.commons-beanutils:commons-beanutils
       2. org.kuali.commons:commons-beanutils
       3. commons-beanutils:commons-beanutils
    ✓ Fetched 219 versions
    ✓ Found 1 github URL(s)
    ✓ Found 1 other URL(s)

[193] unknown:commons-beanutils
    Package: commons-beanutils
    ⚠️  GroupId unknown, searching Maven Central for 'commons-beanutils'...
    ✓ Found: com.guicedee.services:commons-beanutils
    ℹ️  Other matches found:
       1. org.wso2.orbit.commons-beanutils:commons-beanutils
       2. org.kuali.commons:commons-beanutils
       3. commons-beanutils:commons-beanutils
    ✓ Fetched 219 versions
    ✓ Found 1 github URL(s)
    ✓ Found 1 other URL(s)

[194] unknown:commons-chain
    Package: commons-chain
    ⚠️  GroupId unknown, searching Maven Central for 'commons-chain'...
    ✓ Found: io.github.weblegacy:commons-chain
    ℹ️  Other matches found:
       1. commons-chain:commons-chain
    ✓ Fetched 1 versions

[195] unknown:commons-cli
    Package: commons-cli
    ⚠️  GroupId unknown, searching Maven Central for 'commons-cli'...
    ✓ Found: io.github.qsy7.java.dependencies:commons-cli
    ℹ️  Other matches found:
       1. com.walterjwhite.java.dependencies:commons-cli
       2. com.walterjwhite.infrastructure.dependencies:commons-cli
       3. com.alanbuttars.commons:commons-cli
    ✓ Fetched 4 versions

[196] unknown:commons-codec
    Package: commons-codec
    ⚠️  GroupId unknown, searching Maven Central for 'commons-codec'...
    ✓ Found: org.wso2.orbit.commons-codec:commons-codec
    ℹ️  Other matches found:
       1. io.sourceforge.github.components:commons-codec
       2. io.sourceforge.gitee.components:commons-codec
       3. io.sourceforge.aliyun.components:commons-codec
    ✓ Fetched 6 versions

[197] unknown:commons-codec
    Package: commons-codec
    ⚠️  GroupId unknown, searching Maven Central for 'commons-codec'...
    ✓ Found: org.wso2.orbit.commons-codec:commons-codec
    ℹ️  Other matches found:
       1. io.sourceforge.github.components:commons-codec
       2. io.sourceforge.gitee.components:commons-codec
       3. io.sourceforge.aliyun.components:commons-codec
    ✓ Fetched 6 versions

[198] unknown:commons-collections
    Package: commons-collections
    ⚠️  GroupId unknown, searching Maven Central for 'commons-collections'...
    ✓ Found: org.openforis.commons:commons-collections
    ℹ️  Other matches found:
       1. net.markenwerk:commons-collections
       2. pl.chilldev.commons:commons-collections
       3. org.lucee:commons-collections
    ✓ Fetched 1 versions

[199] unknown:commons-collections
    Package: commons-collections
    ⚠️  GroupId unknown, searching Maven Central for 'commons-collections'...
    ✓ Found: org.openforis.commons:commons-collections
    ℹ️  Other matches found:
       1. net.markenwerk:commons-collections
       2. pl.chilldev.commons:commons-collections
       3. org.lucee:commons-collections
    ✓ Fetched 1 versions

[200] unknown:commons-collections
    Package: commons-collections
    ⚠️  GroupId unknown, searching Maven Central for 'commons-collections'...
    ✓ Found: org.openforis.commons:commons-collections
    ℹ️  Other matches found:
       1. net.markenwerk:commons-collections
       2. pl.chilldev.commons:commons-collections
       3. org.lucee:commons-collections
    ✓ Fetched 1 versions

[201] unknown:commons-collections
    Package: commons-collections
    ⚠️  GroupId unknown, searching Maven Central for 'commons-collections'...
    ✓ Found: org.openforis.commons:commons-collections
    ℹ️  Other matches found:
       1. net.markenwerk:commons-collections
       2. pl.chilldev.commons:commons-collections
       3. org.lucee:commons-collections
    ✓ Fetched 1 versions

[202] unknown:PACKAGE_NAME
    Package: PACKAGE_NAME
    ⚠️  GroupId unknown, searching Maven Central for 'PACKAGE_NAME'...
    ✗ No results found in Maven Central

[203] unknown:commons-compress
    Package: commons-compress
    ⚠️  GroupId unknown, searching Maven Central for 'commons-compress'...
    ✓ Found: org.apache.commons:commons-compress
    ℹ️  Other matches found:
       1. org.wso2.orbit.org.apache.commons:commons-compress
       2. io.sourceforge.github.components:commons-compress
       3. com.github.crabs-hue.commons:commons-compress
    ✓ Fetched 35 versions
    ✓ Found 5 other URL(s)

[204] unknown:commons-compress
    Package: commons-compress
    ⚠️  GroupId unknown, searching Maven Central for 'commons-compress'...
    ✓ Found: org.apache.commons:commons-compress
    ℹ️  Other matches found:
       1. org.wso2.orbit.org.apache.commons:commons-compress
       2. io.sourceforge.github.components:commons-compress
       3. com.github.crabs-hue.commons:commons-compress
    ✓ Fetched 35 versions
    ✓ Found 5 other URL(s)

[205] unknown:commons-configuration
    Package: commons-configuration
    ⚠️  GroupId unknown, searching Maven Central for 'commons-configuration'...
    ✓ Found: com.github.testdriven.guice:commons-configuration
    ℹ️  Other matches found:
       1. commons-configuration:commons-configuration
    ✓ Fetched 1 versions
    ✓ Found 3 github URL(s)

[206] unknown:commons-configuration
    Package: commons-configuration
    ⚠️  GroupId unknown, searching Maven Central for 'commons-configuration'...
    ✓ Found: com.github.testdriven.guice:commons-configuration
    ℹ️  Other matches found:
       1. commons-configuration:commons-configuration
    ✓ Fetched 1 versions
    ✓ Found 3 github URL(s)

[207] unknown:commons-configuration
    Package: commons-configuration
    ⚠️  GroupId unknown, searching Maven Central for 'commons-configuration'...
    ✓ Found: com.github.testdriven.guice:commons-configuration
    ℹ️  Other matches found:
       1. commons-configuration:commons-configuration
    ✓ Fetched 1 versions
    ✓ Found 3 github URL(s)

[208] unknown:commons-crypto
    Package: commons-crypto
    ⚠️  GroupId unknown, searching Maven Central for 'commons-crypto'...
    ✓ Found: org.sklsft.commons:commons-crypto
    ℹ️  Other matches found:
       1. io.github.qsy7.java.dependencies:commons-crypto
       2. org.apache.commons:commons-crypto
       3. com.mizhousoft.commons:commons-crypto
    ✓ Fetched 48 versions

[209] unknown:commons-csv
    Package: commons-csv
    ⚠️  GroupId unknown, searching Maven Central for 'commons-csv'...
    ✓ Found: org.apache.commons:commons-csv
    ℹ️  Other matches found:
       1. com.github.crabs-hue.commons:commons-csv
       2. io.github.qsy7.java.dependencies:commons-csv
       3. de.jcup.commons:commons-csv
    ✓ Fetched 16 versions
    ✓ Found 5 other URL(s)

[210] unknown:commons-csv
    Package: commons-csv
    ⚠️  GroupId unknown, searching Maven Central for 'commons-csv'...
    ✓ Found: org.apache.commons:commons-csv
    ℹ️  Other matches found:
       1. com.github.crabs-hue.commons:commons-csv
       2. io.github.qsy7.java.dependencies:commons-csv
       3. de.jcup.commons:commons-csv
    ✓ Fetched 16 versions
    ✓ Found 5 other URL(s)

[211] unknown:commons-csv
    Package: commons-csv
    ⚠️  GroupId unknown, searching Maven Central for 'commons-csv'...
    ✓ Found: org.apache.commons:commons-csv
    ℹ️  Other matches found:
       1. com.github.crabs-hue.commons:commons-csv
       2. io.github.qsy7.java.dependencies:commons-csv
       3. de.jcup.commons:commons-csv
    ✓ Fetched 16 versions
    ✓ Found 5 other URL(s)

[212] unknown:commons-daemon
    Package: commons-daemon
    ⚠️  GroupId unknown, searching Maven Central for 'commons-daemon'...
    ✓ Found: commons-daemon:commons-daemon
    ℹ️  Other matches found:
       1. pl.wrzasq.commons:commons-daemon
       2. pl.chilldev.commons:commons-daemon
       3. org.apache.commons:commons-daemon
    ✓ Fetched 27 versions
    ✓ Found 5 other URL(s)

[213] unknown:commons-daemon
    Package: commons-daemon
    ⚠️  GroupId unknown, searching Maven Central for 'commons-daemon'...
    ✓ Found: commons-daemon:commons-daemon
    ℹ️  Other matches found:
       1. pl.wrzasq.commons:commons-daemon
       2. pl.chilldev.commons:commons-daemon
       3. org.apache.commons:commons-daemon
    ✓ Fetched 27 versions
    ✓ Found 5 other URL(s)

[214] unknown:commons-daemon
    Package: commons-daemon
    ⚠️  GroupId unknown, searching Maven Central for 'commons-daemon'...
    ✓ Found: commons-daemon:commons-daemon
    ℹ️  Other matches found:
       1. pl.wrzasq.commons:commons-daemon
       2. pl.chilldev.commons:commons-daemon
       3. org.apache.commons:commons-daemon
    ✓ Fetched 27 versions
    ✓ Found 5 other URL(s)

[215] unknown:commons-dbcp
    Package: commons-dbcp
    ⚠️  GroupId unknown, searching Maven Central for 'commons-dbcp'...
    ✓ Found: commons-dbcp:commons-dbcp
    ✓ Fetched 10 versions
    ✓ Found 5 other URL(s)

[216] unknown:PACKAGE_NAME
    Package: PACKAGE_NAME
    ⚠️  GroupId unknown, searching Maven Central for 'PACKAGE_NAME'...
    ✗ No results found in Maven Central

[217] unknown:commons-dbcp
    Package: commons-dbcp
    ⚠️  GroupId unknown, searching Maven Central for 'commons-dbcp'...
    ✓ Found: commons-dbcp:commons-dbcp
    ✓ Fetched 10 versions
    ✓ Found 5 other URL(s)

[218] unknown:commons-dbcp
    Package: commons-dbcp
    ⚠️  GroupId unknown, searching Maven Central for 'commons-dbcp'...
    ✓ Found: commons-dbcp:commons-dbcp
    ✓ Fetched 10 versions
    ✓ Found 5 other URL(s)

[219] unknown:commons-dbcp-
    Package: commons-dbcp-
    ⚠️  GroupId unknown, searching Maven Central for 'commons-dbcp-'...
    ✗ No results found in Maven Central

[220] unknown:commons-dbutils
    Package: commons-dbutils
    ⚠️  GroupId unknown, searching Maven Central for 'commons-dbutils'...
    ✓ Found: com.github.wywuzh:commons-dbutils
    ℹ️  Other matches found:
       1. commons-dbutils:commons-dbutils
    ✓ Fetched 66 versions

[221] unknown:commons-dbutils
    Package: commons-dbutils
    ⚠️  GroupId unknown, searching Maven Central for 'commons-dbutils'...
    ✓ Found: com.github.wywuzh:commons-dbutils
    ℹ️  Other matches found:
       1. commons-dbutils:commons-dbutils
    ✓ Fetched 66 versions

[222] unknown:commons-digester
    Package: commons-digester
    ⚠️  GroupId unknown, searching Maven Central for 'commons-digester'...
    ✓ Found: commons-digester:commons-digester
    ℹ️  Other matches found:
       1. org.apache.geronimo.bundles:commons-digester
    ✓ Fetched 10 versions
    ✓ Found 5 other URL(s)

[223] unknown:PACKAGE_NAME
    Package: PACKAGE_NAME
    ⚠️  GroupId unknown, searching Maven Central for 'PACKAGE_NAME'...
    ✗ No results found in Maven Central

[224] unknown:commons-digester
    Package: commons-digester
    ⚠️  GroupId unknown, searching Maven Central for 'commons-digester'...
    ✓ Found: commons-digester:commons-digester
    ℹ️  Other matches found:
       1. org.apache.geronimo.bundles:commons-digester
    ✓ Fetched 10 versions
    ✓ Found 5 other URL(s)

[225] unknown:commons-email
    Package: commons-email
    ⚠️  GroupId unknown, searching Maven Central for 'commons-email'...
    ✓ Found: org.apache.commons:commons-email
    ℹ️  Other matches found:
       1. org.lucee:commons-email
       2. commons-email:commons-email
    ✓ Fetched 9 versions
    ✓ Found 5 other URL(s)

[226] unknown:commons-fileupload
    Package: commons-fileupload
    ⚠️  GroupId unknown, searching Maven Central for 'commons-fileupload'...
    ✓ Found: commons-fileupload:commons-fileupload
    ℹ️  Other matches found:
       1. org.wso2.orbit.commons-fileupload:commons-fileupload
       2. com.guicedee.services:commons-fileupload
       3. com.jwebmp.jpms.commons:commons-fileupload
    ✓ Fetched 10 versions
    ✓ Found 5 other URL(s)

[227] unknown:commons-fileupload
    Package: commons-fileupload
    ⚠️  GroupId unknown, searching Maven Central for 'commons-fileupload'...
    ✓ Found: commons-fileupload:commons-fileupload
    ℹ️  Other matches found:
       1. org.wso2.orbit.commons-fileupload:commons-fileupload
       2. com.guicedee.services:commons-fileupload
       3. com.jwebmp.jpms.commons:commons-fileupload
    ✓ Fetched 10 versions
    ✓ Found 5 other URL(s)

[228] unknown:commons-io
    Package: commons-io
    ⚠️  GroupId unknown, searching Maven Central for 'commons-io'...
    ✓ Found: dev.ikm.jpms:commons-io
    ℹ️  Other matches found:
       1. de.unkrig.commons:commons-io
       2. io.sourceforge.github.components:commons-io
       3. io.sourceforge.gitee.components:commons-io
    ✓ Fetched 3 versions

[229] unknown:PACKAGE_NAME
    Package: PACKAGE_NAME
    ⚠️  GroupId unknown, searching Maven Central for 'PACKAGE_NAME'...
    ✗ No results found in Maven Central

[230] unknown:commons-io
    Package: commons-io
    ⚠️  GroupId unknown, searching Maven Central for 'commons-io'...
    ✓ Found: dev.ikm.jpms:commons-io
    ℹ️  Other matches found:
       1. de.unkrig.commons:commons-io
       2. io.sourceforge.github.components:commons-io
       3. io.sourceforge.gitee.components:commons-io
    ✓ Fetched 3 versions

[231] unknown:commons-io
    Package: commons-io
    ⚠️  GroupId unknown, searching Maven Central for 'commons-io'...
    ✓ Found: dev.ikm.jpms:commons-io
    ℹ️  Other matches found:
       1. de.unkrig.commons:commons-io
       2. io.sourceforge.github.components:commons-io
       3. io.sourceforge.gitee.components:commons-io
    ✓ Fetched 3 versions

[232] unknown:PACKAGE_NAME
    Package: PACKAGE_NAME
    ⚠️  GroupId unknown, searching Maven Central for 'PACKAGE_NAME'...
    ✗ No results found in Maven Central

[233] unknown:commons-io
    Package: commons-io
    ⚠️  GroupId unknown, searching Maven Central for 'commons-io'...
    ✓ Found: dev.ikm.jpms:commons-io
    ℹ️  Other matches found:
       1. de.unkrig.commons:commons-io
       2. io.sourceforge.github.components:commons-io
       3. io.sourceforge.gitee.components:commons-io
    ✓ Fetched 3 versions

[234] unknown:commons-io
    Package: commons-io
    ⚠️  GroupId unknown, searching Maven Central for 'commons-io'...
    ✓ Found: dev.ikm.jpms:commons-io
    ℹ️  Other matches found:
       1. de.unkrig.commons:commons-io
       2. io.sourceforge.github.components:commons-io
       3. io.sourceforge.gitee.components:commons-io
    ✓ Fetched 3 versions

[235] unknown:commons-io
    Package: commons-io
    ⚠️  GroupId unknown, searching Maven Central for 'commons-io'...
    ✓ Found: dev.ikm.jpms:commons-io
    ℹ️  Other matches found:
       1. de.unkrig.commons:commons-io
       2. io.sourceforge.github.components:commons-io
       3. io.sourceforge.gitee.components:commons-io
    ✓ Fetched 3 versions

[236] unknown:PACKAGE_NAME
    Package: PACKAGE_NAME
    ⚠️  GroupId unknown, searching Maven Central for 'PACKAGE_NAME'...
    ✗ No results found in Maven Central

[237] unknown:commons-lang
    Package: commons-lang
    ⚠️  GroupId unknown, searching Maven Central for 'commons-lang'...
    ✓ Found: de.cronn:commons-lang
    ℹ️  Other matches found:
       1. com.mageddo.commons:commons-lang
       2. de.unkrig.commons:commons-lang
       3. org.eu.vooo:commons-lang
    ✓ Fetched 6 versions
    ✓ Found 2 github URL(s)

[238] unknown:commons-lang
    Package: commons-lang
    ⚠️  GroupId unknown, searching Maven Central for 'commons-lang'...
    ✓ Found: de.cronn:commons-lang
    ℹ️  Other matches found:
       1. com.mageddo.commons:commons-lang
       2. de.unkrig.commons:commons-lang
       3. org.eu.vooo:commons-lang
    ✓ Fetched 6 versions
    ✓ Found 2 github URL(s)

[239] unknown:commons-lang
    Package: commons-lang
    ⚠️  GroupId unknown, searching Maven Central for 'commons-lang'...
    ✓ Found: de.cronn:commons-lang
    ℹ️  Other matches found:
       1. com.mageddo.commons:commons-lang
       2. de.unkrig.commons:commons-lang
       3. org.eu.vooo:commons-lang
    ✓ Fetched 6 versions
    ✓ Found 2 github URL(s)

[240] unknown:commons-logging
    Package: commons-logging
    ⚠️  GroupId unknown, searching Maven Central for 'commons-logging'...
    ✓ Found: commons-logging:commons-logging
    ℹ️  Other matches found:
       1. io.github.qsy7.java.dependencies:commons-logging
       2. org.seppiko.commons:commons-logging
       3. top.isopen.commons:commons-logging
    ✓ Fetched 16 versions
    ✓ Found 5 other URL(s)

[241] unknown:commons-logging
    Package: commons-logging
    ⚠️  GroupId unknown, searching Maven Central for 'commons-logging'...
    ✓ Found: commons-logging:commons-logging
    ℹ️  Other matches found:
       1. io.github.qsy7.java.dependencies:commons-logging
       2. org.seppiko.commons:commons-logging
       3. top.isopen.commons:commons-logging
    ✓ Fetched 16 versions
    ✓ Found 5 other URL(s)

[242] unknown:commons-logging
    Package: commons-logging
    ⚠️  GroupId unknown, searching Maven Central for 'commons-logging'...
    ✓ Found: commons-logging:commons-logging
    ℹ️  Other matches found:
       1. io.github.qsy7.java.dependencies:commons-logging
       2. org.seppiko.commons:commons-logging
       3. top.isopen.commons:commons-logging
    ✓ Fetched 16 versions
    ✓ Found 5 other URL(s)

[243] unknown:commons-math
    Package: commons-math
    ⚠️  GroupId unknown, searching Maven Central for 'commons-math'...
    ✓ Found: de.unkrig.commons:commons-math
    ℹ️  Other matches found:
       1. org.apache.commons:commons-math
       2. commons-math:commons-math
    ✓ Fetched 20 versions
    ✓ Found 1 other URL(s)

[244] unknown:commons-math3
    Package: commons-math3
    ⚠️  GroupId unknown, searching Maven Central for 'commons-math3'...
    ✓ Found: com.guicedee.services:commons-math3
    ℹ️  Other matches found:
       1. org.apache.commons:commons-math3
    ✓ Fetched 446 versions
    ✓ Found 5 other URL(s)

[245] unknown:PACKAGE_NAME
    Package: PACKAGE_NAME
    ⚠️  GroupId unknown, searching Maven Central for 'PACKAGE_NAME'...
    ✗ No results found in Maven Central

[246] unknown:commons-math3
    Package: commons-math3
    ⚠️  GroupId unknown, searching Maven Central for 'commons-math3'...
    ✓ Found: com.guicedee.services:commons-math3
    ℹ️  Other matches found:
       1. org.apache.commons:commons-math3
    ✓ Fetched 446 versions
    ✓ Found 5 other URL(s)

[247] unknown:commons-modeler
    Package: commons-modeler
    ⚠️  GroupId unknown, searching Maven Central for 'commons-modeler'...
    ✓ Found: commons-modeler:commons-modeler
    ℹ️  Other matches found:
       1. tomcat:commons-modeler
    ✓ Fetched 3 versions

[248] unknown:commons-net
    Package: commons-net
    ⚠️  GroupId unknown, searching Maven Central for 'commons-net'...
    ✓ Found: de.unkrig.commons:commons-net
    ℹ️  Other matches found:
       1. org.eu.vooo:commons-net
       2. org.wso2.orbit.commons-net:commons-net
       3. io.esastack:commons-net
    ✓ Fetched 20 versions
    ✓ Found 1 other URL(s)

[249] unknown:commons-pool
    Package: commons-pool
    ⚠️  GroupId unknown, searching Maven Central for 'commons-pool'...
    ✓ Found: commons-pool:commons-pool
    ✓ Fetched 17 versions
    ✓ Found 5 other URL(s)

[250] unknown:commons-pool
    Package: commons-pool
    ⚠️  GroupId unknown, searching Maven Central for 'commons-pool'...
    ✓ Found: commons-pool:commons-pool
    ✓ Fetched 17 versions
    ✓ Found 5 other URL(s)

[251] unknown:commons-text
    Package: commons-text
    ⚠️  GroupId unknown, searching Maven Central for 'commons-text'...
    ✓ Found: org.apache.commons:commons-text
    ℹ️  Other matches found:
       1. dev.ikm.jpms:commons-text
       2. de.unkrig.commons:commons-text
       3. org.sklsft.commons:commons-text
    ✓ Fetched 18 versions
    ✓ Found 5 other URL(s)

[252] unknown:PACKAGE_NAME
    Package: PACKAGE_NAME
    ⚠️  GroupId unknown, searching Maven Central for 'PACKAGE_NAME'...
    ✗ No results found in Maven Central

[253] unknown:commons-text
    Package: commons-text
    ⚠️  GroupId unknown, searching Maven Central for 'commons-text'...
    ✓ Found: org.apache.commons:commons-text
    ℹ️  Other matches found:
       1. dev.ikm.jpms:commons-text
       2. de.unkrig.commons:commons-text
       3. org.sklsft.commons:commons-text
    ✓ Fetched 18 versions
    ✓ Found 5 other URL(s)

[254] unknown:commons-validator
    Package: commons-validator
    ⚠️  GroupId unknown, searching Maven Central for 'commons-validator'...
    ✓ Found: commons-validator:commons-validator
    ℹ️  Other matches found:
       1. com.github.exmyth:commons-validator
    ✓ Fetched 20 versions
    ✓ Found 2 other URL(s)

[255] unknown:compiler
    Package: compiler
    ⚠️  GroupId unknown, searching Maven Central for 'compiler'...
    ✓ Found: com.fluxtion:compiler
    ℹ️  Other matches found:
       1. dev.cel:compiler
       2. dev.zacsweers.metro:compiler
       3. com.dylibso.chicory:compiler
    ✓ Fetched 233 versions

[256] unknown:config
    Package: config
    ⚠️  GroupId unknown, searching Maven Central for 'config'...
    ✓ Found: org.apache.karaf.config:config
    ℹ️  Other matches found:
       1. software.amazon.awssdk:config
       2. org.eclipse.apoapsis.ortserver.utils:config
       3. org.eclipse.apoapsis.ortserver:config
    ✓ Fetched 17 versions

[257] confluent-kafka:
    Package: confluent-kafka/
    ✗ Error: Artifact not found: confluent-kafka:

[258] confluent-kafka:
    Package: confluent-kafka/
    ✗ Error: Artifact not found: confluent-kafka:

[259] unknown:corenlp
    Package: corenlp
    ⚠️  GroupId unknown, searching Maven Central for 'corenlp'...
    ✗ No results found in Maven Central

[260] unknown:corenlp
    Package: corenlp
    ⚠️  GroupId unknown, searching Maven Central for 'corenlp'...
    ✗ No results found in Maven Central

[261] unknown:v5.1.0
    Package: v5.1.0
    ⚠️  GroupId unknown, searching Maven Central for 'v5.1.0'...
    ✗ No results found in Maven Central

[262] unknown:v6.0.0
    Package: v6.0.0
    ⚠️  GroupId unknown, searching Maven Central for 'v6.0.0'...
    ✗ No results found in Maven Central

[263] unknown:crate
    Package: crate
    ⚠️  GroupId unknown, searching Maven Central for 'crate'...
    ✓ Found: com.github.h908714124:crate
    ✓ Fetched 2 versions

[264] unknown:crate
    Package: crate
    ⚠️  GroupId unknown, searching Maven Central for 'crate'...
    ✓ Found: com.github.h908714124:crate
    ✓ Fetched 2 versions

[265] unknown:cron-utils
    Package: cron-utils
    ⚠️  GroupId unknown, searching Maven Central for 'cron-utils'...
    ✓ Found: com.cronutils:cron-utils
    ✓ Fetched 54 versions
    ✓ Found 4 github URL(s)
    ✓ Found 1 other URL(s)

[266] unknown:redhat_ubi8
    Package: redhat_ubi8
    ⚠️  GroupId unknown, searching Maven Central for 'redhat_ubi8'...
    ✗ No results found in Maven Central

[267] unknown:conda.recipe
    Package: conda.recipe
    ⚠️  GroupId unknown, searching Maven Central for 'conda.recipe'...
    ✗ No results found in Maven Central

[268] unknown:cryptacular
    Package: cryptacular
    ⚠️  GroupId unknown, searching Maven Central for 'cryptacular'...
    ✓ Found: org.cryptacular:cryptacular
    ✓ Fetched 14 versions
    ✓ Found 3 github URL(s)
    ✓ Found 1 other URL(s)

[269] unknown:cryptacular
    Package: cryptacular
    ⚠️  GroupId unknown, searching Maven Central for 'cryptacular'...
    ✓ Found: org.cryptacular:cryptacular
    ✓ Fetched 14 versions
    ✓ Found 3 github URL(s)
    ✓ Found 1 other URL(s)

[270] unknown:cryptacular
    Package: cryptacular
    ⚠️  GroupId unknown, searching Maven Central for 'cryptacular'...
    ✓ Found: org.cryptacular:cryptacular
    ✓ Fetched 14 versions
    ✓ Found 3 github URL(s)
    ✓ Found 1 other URL(s)

[271] unknown:cypher-dsl
    Package: cypher-dsl
    ⚠️  GroupId unknown, searching Maven Central for 'cypher-dsl'...
    ✗ No results found in Maven Central

[272] unknown:d3
    Package: d3
    ⚠️  GroupId unknown, searching Maven Central for 'd3'...
    ✓ Found: org.mvnpm.at.plotly:d3
    ℹ️  Other matches found:
       1. org.webjars.npm:d3
       2. org.mvnpm:d3
       3. org.mvnpm.at.types:d3
    ✓ Fetched 1 versions
    ✓ Found 4 github URL(s)
    ✓ Found 1 other URL(s)

[273] unknown:data-quality
    Package: data-quality
    ⚠️  GroupId unknown, searching Maven Central for 'data-quality'...
    ✗ No results found in Maven Central

[274] unknown:datasource-proxy
    Package: datasource-proxy
    ⚠️  GroupId unknown, searching Maven Central for 'datasource-proxy'...
    ✓ Found: net.ttddyy:datasource-proxy
    ✓ Fetched 28 versions
    ✓ Found 4 github URL(s)

[275] unknown:derby
    Package: derby
    ⚠️  GroupId unknown, searching Maven Central for 'derby'...
    ✓ Found: io.github.qsy7.java.dependencies:derby
    ℹ️  Other matches found:
       1. org.apache.derby:derby
       2. org.glassfish.external:derby
       3. com.walterjwhite.infrastructure.dependencies:derby
    ✓ Fetched 3 versions

[276] unknown:derby
    Package: derby
    ⚠️  GroupId unknown, searching Maven Central for 'derby'...
    ✓ Found: io.github.qsy7.java.dependencies:derby
    ℹ️  Other matches found:
       1. org.apache.derby:derby
       2. org.glassfish.external:derby
       3. com.walterjwhite.infrastructure.dependencies:derby
    ✓ Fetched 3 versions

[277] unknown:digraph-parser
    Package: digraph-parser
    ⚠️  GroupId unknown, searching Maven Central for 'digraph-parser'...
    ✓ Found: com.paypal.digraph:digraph-parser
    ✓ Fetched 1 versions
    ✓ Found 4 github URL(s)

[278] unknown:directory-server
    Package: directory-server
    ⚠️  GroupId unknown, searching Maven Central for 'directory-server'...
    ✗ No results found in Maven Central

[279] unknown:directory-server
    Package: directory-server
    ⚠️  GroupId unknown, searching Maven Central for 'directory-server'...
    ✗ No results found in Maven Central

[280] unknown:directory-server
    Package: directory-server
    ⚠️  GroupId unknown, searching Maven Central for 'directory-server'...
    ✗ No results found in Maven Central

[281] unknown:directory-server
    Package: directory-server
    ⚠️  GroupId unknown, searching Maven Central for 'directory-server'...
    ✗ No results found in Maven Central

[282] unknown:disruptor
    Package: disruptor
    ⚠️  GroupId unknown, searching Maven Central for 'disruptor'...
    ✓ Found: cn.wjybxx.commons:disruptor
    ℹ️  Other matches found:
       1. run.mone.disruptor:disruptor
       2. com.weicoder:disruptor
       3. com.lmax:disruptor
    ✓ Fetched 22 versions
    ✓ Found 5 github URL(s)

[283] unknown:disruptor
    Package: disruptor
    ⚠️  GroupId unknown, searching Maven Central for 'disruptor'...
    ✓ Found: cn.wjybxx.commons:disruptor
    ℹ️  Other matches found:
       1. run.mone.disruptor:disruptor
       2. com.weicoder:disruptor
       3. com.lmax:disruptor
    ✓ Fetched 22 versions
    ✓ Found 5 github URL(s)

[284] unknown:19.03.13_centos8
    Package: 19.03.13_centos8
    ⚠️  GroupId unknown, searching Maven Central for '19.03.13_centos8'...
    ✗ No results found in Maven Central

[285] unknown:dind
    Package: dind
    ⚠️  GroupId unknown, searching Maven Central for 'dind'...
    ✗ No results found in Maven Central

[286] unknown:PACKAGE_NAME
    Package: PACKAGE_NAME
    ⚠️  GroupId unknown, searching Maven Central for 'PACKAGE_NAME'...
    ✗ No results found in Maven Central

[287] unknown:dom4j
    Package: dom4j
    ⚠️  GroupId unknown, searching Maven Central for 'dom4j'...
    ✓ Found: org.dom4j:dom4j
    ℹ️  Other matches found:
       1. com.guicedee.services:dom4j
       2. org.lucee:dom4j
       3. org.jvnet.hudson.dom4j:dom4j
    ✓ Fetched 11 versions
    ✓ Found 4 github URL(s)

[288] unknown:dom4j
    Package: dom4j
    ⚠️  GroupId unknown, searching Maven Central for 'dom4j'...
    ✓ Found: org.dom4j:dom4j
    ℹ️  Other matches found:
       1. com.guicedee.services:dom4j
       2. org.lucee:dom4j
       3. org.jvnet.hudson.dom4j:dom4j
    ✓ Fetched 11 versions
    ✓ Found 4 github URL(s)

[289] unknown:dwr
    Package: dwr
    ⚠️  GroupId unknown, searching Maven Central for 'dwr'...
    ✓ Found: cat.inspiracio:dwr
    ℹ️  Other matches found:
       1. org.directwebremoting:dwr
       2. org.apache.geronimo.bundles:dwr
       3. dwr:dwr
    ✓ Fetched 8 versions
    ✓ Found 3 github URL(s)
    ✓ Found 1 other URL(s)

[290] unknown:dwr
    Package: dwr
    ⚠️  GroupId unknown, searching Maven Central for 'dwr'...
    ✓ Found: cat.inspiracio:dwr
    ℹ️  Other matches found:
       1. org.directwebremoting:dwr
       2. org.apache.geronimo.bundles:dwr
       3. dwr:dwr
    ✓ Fetched 8 versions
    ✓ Found 3 github URL(s)
    ✓ Found 1 other URL(s)

[291] unknown:Encryptor4j
    Package: Encryptor4j
    ⚠️  GroupId unknown, searching Maven Central for 'Encryptor4j'...
    ✗ No results found in Maven Central

[292] unknown:che
    Package: che
    ⚠️  GroupId unknown, searching Maven Central for 'che'...
    ✓ Found: io.fabric8.tenant.apps:che
    ℹ️  Other matches found:
       1. io.fabric8.online.apps:che
    ✓ Fetched 93 versions

[293] unknown:che
    Package: che
    ⚠️  GroupId unknown, searching Maven Central for 'che'...
    ✓ Found: io.fabric8.tenant.apps:che
    ℹ️  Other matches found:
       1. io.fabric8.online.apps:che
    ✓ Fetched 93 versions

[294] unknown:che-server
    Package: che-server
    ⚠️  GroupId unknown, searching Maven Central for 'che-server'...
    ✓ Found: org.eclipse.che:che-server
    ✓ Fetched 14 versions
    ✓ Found 3 github URL(s)

[295] unknown:eclipse-collections
    Package: eclipse-collections
    ⚠️  GroupId unknown, searching Maven Central for 'eclipse-collections'...
    ✓ Found: org.eclipse.collections:eclipse-collections
    ℹ️  Other matches found:
       1. dev.ikm.jpms:eclipse-collections
    ✓ Fetched 57 versions

[296] unknown:eclipse-core
    Package: eclipse-core
    ⚠️  GroupId unknown, searching Maven Central for 'eclipse-core'...
    ✗ No results found in Maven Central

[297] unknown:eclipse-datatools
    Package: eclipse-datatools
    ⚠️  GroupId unknown, searching Maven Central for 'eclipse-datatools'...
    ✗ No results found in Maven Central

[298] unknown:eclipse-equinox
    Package: eclipse-equinox
    ⚠️  GroupId unknown, searching Maven Central for 'eclipse-equinox'...
    ✓ Found: org.sonatype.equinox:eclipse-equinox
    ✓ Fetched 2 versions

[299] unknown:eclipse-jem
    Package: eclipse-jem
    ⚠️  GroupId unknown, searching Maven Central for 'eclipse-jem'...
    ✗ No results found in Maven Central

[300] unknown:eclipse-osgi
    Package: eclipse-osgi
    ⚠️  GroupId unknown, searching Maven Central for 'eclipse-osgi'...
    ✗ No results found in Maven Central

[301] unknown:eclipse-runtime
    Package: eclipse-runtime
    ⚠️  GroupId unknown, searching Maven Central for 'eclipse-runtime'...
    ✓ Found: eclipse:eclipse-runtime
    ✓ Fetched 1 versions

[302] unknown:egeria
    Package: egeria
    ⚠️  GroupId unknown, searching Maven Central for 'egeria'...
    ✓ Found: org.odpi.egeria:egeria
    ✓ Fetched 49 versions
    ✓ Found 4 github URL(s)
    ✓ Found 1 other URL(s)

[303] unknown:egeria
    Package: egeria
    ⚠️  GroupId unknown, searching Maven Central for 'egeria'...
    ✓ Found: org.odpi.egeria:egeria
    ✓ Fetched 49 versions
    ✓ Found 4 github URL(s)
    ✓ Found 1 other URL(s)

[304] unknown:egeria
    Package: egeria
    ⚠️  GroupId unknown, searching Maven Central for 'egeria'...
    ✓ Found: org.odpi.egeria:egeria
    ✓ Fetched 49 versions
    ✓ Found 4 github URL(s)
    ✓ Found 1 other URL(s)

[305] unknown:ehcache3
    Package: ehcache3
    ⚠️  GroupId unknown, searching Maven Central for 'ehcache3'...
    ✗ No results found in Maven Central

[306] unknown:eigenbase-properties
    Package: eigenbase-properties
    ⚠️  GroupId unknown, searching Maven Central for 'eigenbase-properties'...
    ✓ Found: net.hydromatic:eigenbase-properties
    ✓ Fetched 2 versions
    ✓ Found 5 github URL(s)

[307] unknown:ejml
    Package: ejml
    ⚠️  GroupId unknown, searching Maven Central for 'ejml'...
    ✓ Found: com.googlecode.efficient-java-matrix-library:ejml
    ✓ Fetched 10 versions
    ✓ Found 4 other URL(s)

[308] unknown:PACKAGE_NAME
    Package: PACKAGE_NAME
    ⚠️  GroupId unknown, searching Maven Central for 'PACKAGE_NAME'...
    ✗ No results found in Maven Central

[309] unknown:elasticsearch
    Package: elasticsearch
    ⚠️  GroupId unknown, searching Maven Central for 'elasticsearch'...
    ✓ Found: software.amazon.awssdk:elasticsearch
    ℹ️  Other matches found:
       1. org.testcontainers:elasticsearch
       2. org.elasticsearch.distribution.integ-test-zip:elasticsearch
       3. org.elasticsearch:elasticsearch
    ✓ Fetched 1681 versions
    ✓ Found 1 other URL(s)

[310] unknown:PACKAGE_NAME
    Package: PACKAGE_NAME
    ⚠️  GroupId unknown, searching Maven Central for 'PACKAGE_NAME'...
    ✗ No results found in Maven Central

[311] unknown:elasticsearch
    Package: elasticsearch
    ⚠️  GroupId unknown, searching Maven Central for 'elasticsearch'...
    ✓ Found: software.amazon.awssdk:elasticsearch
    ℹ️  Other matches found:
       1. org.testcontainers:elasticsearch
       2. org.elasticsearch.distribution.integ-test-zip:elasticsearch
       3. org.elasticsearch:elasticsearch
    ✓ Fetched 1681 versions
    ✓ Found 1 other URL(s)

[312] unknown:PACKAGE_NAME
    Package: PACKAGE_NAME
    ⚠️  GroupId unknown, searching Maven Central for 'PACKAGE_NAME'...
    ✗ No results found in Maven Central

[313] unknown:elasticsearch
    Package: elasticsearch
    ⚠️  GroupId unknown, searching Maven Central for 'elasticsearch'...
    ✓ Found: software.amazon.awssdk:elasticsearch
    ℹ️  Other matches found:
       1. org.testcontainers:elasticsearch
       2. org.elasticsearch.distribution.integ-test-zip:elasticsearch
       3. org.elasticsearch:elasticsearch
    ✓ Fetched 1681 versions
    ✓ Found 1 other URL(s)

[314] unknown:elasticsearch
    Package: elasticsearch
    ⚠️  GroupId unknown, searching Maven Central for 'elasticsearch'...
    ✓ Found: software.amazon.awssdk:elasticsearch
    ℹ️  Other matches found:
       1. org.testcontainers:elasticsearch
       2. org.elasticsearch.distribution.integ-test-zip:elasticsearch
       3. org.elasticsearch:elasticsearch
    ✓ Fetched 1681 versions
    ✓ Found 1 other URL(s)

[315] unknown:PACKAGE_NAME
    Package: PACKAGE_NAME
    ⚠️  GroupId unknown, searching Maven Central for 'PACKAGE_NAME'...
    ✗ No results found in Maven Central

[316] unknown:elasticsearch
    Package: elasticsearch
    ⚠️  GroupId unknown, searching Maven Central for 'elasticsearch'...
    ✓ Found: software.amazon.awssdk:elasticsearch
    ℹ️  Other matches found:
       1. org.testcontainers:elasticsearch
       2. org.elasticsearch.distribution.integ-test-zip:elasticsearch
       3. org.elasticsearch:elasticsearch
    ✓ Fetched 1681 versions
    ✓ Found 1 other URL(s)

[317] unknown:PACKAGE_NAME
    Package: PACKAGE_NAME
    ⚠️  GroupId unknown, searching Maven Central for 'PACKAGE_NAME'...
    ✗ No results found in Maven Central

[318] unknown:elasticsearch
    Package: elasticsearch
    ⚠️  GroupId unknown, searching Maven Central for 'elasticsearch'...
    ✓ Found: software.amazon.awssdk:elasticsearch
    ℹ️  Other matches found:
       1. org.testcontainers:elasticsearch
       2. org.elasticsearch.distribution.integ-test-zip:elasticsearch
       3. org.elasticsearch:elasticsearch
    ✓ Fetched 1681 versions
    ✓ Found 1 other URL(s)

[319] unknown:PACKAGE_NAME
    Package: PACKAGE_NAME
    ⚠️  GroupId unknown, searching Maven Central for 'PACKAGE_NAME'...
    ✗ No results found in Maven Central

[320] unknown:elasticsearch
    Package: elasticsearch
    ⚠️  GroupId unknown, searching Maven Central for 'elasticsearch'...
    ✓ Found: software.amazon.awssdk:elasticsearch
    ℹ️  Other matches found:
       1. org.testcontainers:elasticsearch
       2. org.elasticsearch.distribution.integ-test-zip:elasticsearch
       3. org.elasticsearch:elasticsearch
    ✓ Fetched 1681 versions
    ✓ Found 1 other URL(s)

[321] unknown:PACKAGE_NAME
    Package: PACKAGE_NAME
    ⚠️  GroupId unknown, searching Maven Central for 'PACKAGE_NAME'...
    ✗ No results found in Maven Central

[322] unknown:elasticsearch
    Package: elasticsearch
    ⚠️  GroupId unknown, searching Maven Central for 'elasticsearch'...
    ✓ Found: software.amazon.awssdk:elasticsearch
    ℹ️  Other matches found:
       1. org.testcontainers:elasticsearch
       2. org.elasticsearch.distribution.integ-test-zip:elasticsearch
       3. org.elasticsearch:elasticsearch
    ✓ Fetched 1681 versions
    ✓ Found 1 other URL(s)

[323] unknown:PACKAGE_NAME
    Package: PACKAGE_NAME
    ⚠️  GroupId unknown, searching Maven Central for 'PACKAGE_NAME'...
    ✗ No results found in Maven Central

[324] unknown:elasticsearch
    Package: elasticsearch
    ⚠️  GroupId unknown, searching Maven Central for 'elasticsearch'...
    ✓ Found: software.amazon.awssdk:elasticsearch
    ℹ️  Other matches found:
       1. org.testcontainers:elasticsearch
       2. org.elasticsearch.distribution.integ-test-zip:elasticsearch
       3. org.elasticsearch:elasticsearch
    ✓ Fetched 1681 versions
    ✓ Found 1 other URL(s)

[325] unknown:PACKAGE_NAME
    Package: PACKAGE_NAME
    ⚠️  GroupId unknown, searching Maven Central for 'PACKAGE_NAME'...
    ✗ No results found in Maven Central

[326] unknown:elasticsearch
    Package: elasticsearch
    ⚠️  GroupId unknown, searching Maven Central for 'elasticsearch'...
    ✓ Found: software.amazon.awssdk:elasticsearch
    ℹ️  Other matches found:
       1. org.testcontainers:elasticsearch
       2. org.elasticsearch.distribution.integ-test-zip:elasticsearch
       3. org.elasticsearch:elasticsearch
    ✓ Fetched 1681 versions
    ✓ Found 1 other URL(s)

[327] unknown:PACKAGE_NAME
    Package: PACKAGE_NAME
    ⚠️  GroupId unknown, searching Maven Central for 'PACKAGE_NAME'...
    ✗ No results found in Maven Central

[328] unknown:elasticsearch
    Package: elasticsearch
    ⚠️  GroupId unknown, searching Maven Central for 'elasticsearch'...
    ✓ Found: software.amazon.awssdk:elasticsearch
    ℹ️  Other matches found:
       1. org.testcontainers:elasticsearch
       2. org.elasticsearch.distribution.integ-test-zip:elasticsearch
       3. org.elasticsearch:elasticsearch
    ✓ Fetched 1681 versions
    ✓ Found 1 other URL(s)

[329] unknown:PACKAGE_NAME
    Package: PACKAGE_NAME
    ⚠️  GroupId unknown, searching Maven Central for 'PACKAGE_NAME'...
    ✗ No results found in Maven Central

[330] unknown:elasticsearch
    Package: elasticsearch
    ⚠️  GroupId unknown, searching Maven Central for 'elasticsearch'...
    ✓ Found: software.amazon.awssdk:elasticsearch
    ℹ️  Other matches found:
       1. org.testcontainers:elasticsearch
       2. org.elasticsearch.distribution.integ-test-zip:elasticsearch
       3. org.elasticsearch:elasticsearch
    ✓ Fetched 1681 versions
    ✓ Found 1 other URL(s)

[331] unknown:PACKAGE_NAME
    Package: PACKAGE_NAME
    ⚠️  GroupId unknown, searching Maven Central for 'PACKAGE_NAME'...
    ✗ No results found in Maven Central

[332] unknown:elasticsearch
    Package: elasticsearch
    ⚠️  GroupId unknown, searching Maven Central for 'elasticsearch'...
    ✓ Found: software.amazon.awssdk:elasticsearch
    ℹ️  Other matches found:
       1. org.testcontainers:elasticsearch
       2. org.elasticsearch.distribution.integ-test-zip:elasticsearch
       3. org.elasticsearch:elasticsearch
    ✓ Fetched 1681 versions
    ✓ Found 1 other URL(s)

[333] unknown:PACKAGE_NAME
    Package: PACKAGE_NAME
    ⚠️  GroupId unknown, searching Maven Central for 'PACKAGE_NAME'...
    ✗ No results found in Maven Central

[334] unknown:elasticsearch
    Package: elasticsearch
    ⚠️  GroupId unknown, searching Maven Central for 'elasticsearch'...
    ✓ Found: software.amazon.awssdk:elasticsearch
    ℹ️  Other matches found:
       1. org.testcontainers:elasticsearch
       2. org.elasticsearch.distribution.integ-test-zip:elasticsearch
       3. org.elasticsearch:elasticsearch
    ✓ Fetched 1681 versions
    ✓ Found 1 other URL(s)

[335] unknown:PACKAGE_NAME
    Package: PACKAGE_NAME
    ⚠️  GroupId unknown, searching Maven Central for 'PACKAGE_NAME'...
    ✗ No results found in Maven Central

[336] unknown:elasticsearch
    Package: elasticsearch
    ⚠️  GroupId unknown, searching Maven Central for 'elasticsearch'...
    ✓ Found: software.amazon.awssdk:elasticsearch
    ℹ️  Other matches found:
       1. org.testcontainers:elasticsearch
       2. org.elasticsearch.distribution.integ-test-zip:elasticsearch
       3. org.elasticsearch:elasticsearch
    ✓ Fetched 1681 versions
    ✓ Found 1 other URL(s)

[337] unknown:PACKAGE_NAME
    Package: PACKAGE_NAME
    ⚠️  GroupId unknown, searching Maven Central for 'PACKAGE_NAME'...
    ✗ No results found in Maven Central

[338] unknown:elasticsearch
    Package: elasticsearch
    ⚠️  GroupId unknown, searching Maven Central for 'elasticsearch'...
    ✓ Found: software.amazon.awssdk:elasticsearch
    ℹ️  Other matches found:
       1. org.testcontainers:elasticsearch
       2. org.elasticsearch.distribution.integ-test-zip:elasticsearch
       3. org.elasticsearch:elasticsearch
    ✓ Fetched 1681 versions
    ✓ Found 1 other URL(s)

[339] unknown:elasticsearch
    Package: elasticsearch
    ⚠️  GroupId unknown, searching Maven Central for 'elasticsearch'...
    ✓ Found: software.amazon.awssdk:elasticsearch
    ℹ️  Other matches found:
       1. org.testcontainers:elasticsearch
       2. org.elasticsearch.distribution.integ-test-zip:elasticsearch
       3. org.elasticsearch:elasticsearch
    ✓ Fetched 1681 versions
    ✓ Found 1 other URL(s)

[340] unknown:elasticsearch
    Package: elasticsearch
    ⚠️  GroupId unknown, searching Maven Central for 'elasticsearch'...
    ✓ Found: software.amazon.awssdk:elasticsearch
    ℹ️  Other matches found:
       1. org.testcontainers:elasticsearch
       2. org.elasticsearch.distribution.integ-test-zip:elasticsearch
       3. org.elasticsearch:elasticsearch
    ✓ Fetched 1681 versions
    ✓ Found 1 other URL(s)

[341] unknown:PACKAGE_NAME
    Package: PACKAGE_NAME
    ⚠️  GroupId unknown, searching Maven Central for 'PACKAGE_NAME'...
    ✗ No results found in Maven Central

[342] unknown:elasticsearch
    Package: elasticsearch
    ⚠️  GroupId unknown, searching Maven Central for 'elasticsearch'...
    ✓ Found: software.amazon.awssdk:elasticsearch
    ℹ️  Other matches found:
       1. org.testcontainers:elasticsearch
       2. org.elasticsearch.distribution.integ-test-zip:elasticsearch
       3. org.elasticsearch:elasticsearch
    ✓ Fetched 1681 versions
    ✓ Found 1 other URL(s)

[343] unknown:PACKAGE_NAME
    Package: PACKAGE_NAME
    ⚠️  GroupId unknown, searching Maven Central for 'PACKAGE_NAME'...
    ✗ No results found in Maven Central

[344] unknown:elasticsearch
    Package: elasticsearch
    ⚠️  GroupId unknown, searching Maven Central for 'elasticsearch'...
    ✓ Found: software.amazon.awssdk:elasticsearch
    ℹ️  Other matches found:
       1. org.testcontainers:elasticsearch
       2. org.elasticsearch.distribution.integ-test-zip:elasticsearch
       3. org.elasticsearch:elasticsearch
    ✓ Fetched 1681 versions
    ✓ Found 1 other URL(s)

[345] unknown:PACKAGE_NAME
    Package: PACKAGE_NAME
    ⚠️  GroupId unknown, searching Maven Central for 'PACKAGE_NAME'...
    ✗ No results found in Maven Central

[346] unknown:elasticsearch
    Package: elasticsearch
    ⚠️  GroupId unknown, searching Maven Central for 'elasticsearch'...
    ✓ Found: software.amazon.awssdk:elasticsearch
    ℹ️  Other matches found:
       1. org.testcontainers:elasticsearch
       2. org.elasticsearch.distribution.integ-test-zip:elasticsearch
       3. org.elasticsearch:elasticsearch
    ✓ Fetched 1681 versions
    ✓ Found 1 other URL(s)

[347] unknown:elasticsearch
    Package: elasticsearch
    ⚠️  GroupId unknown, searching Maven Central for 'elasticsearch'...
    ✓ Found: software.amazon.awssdk:elasticsearch
    ℹ️  Other matches found:
       1. org.testcontainers:elasticsearch
       2. org.elasticsearch.distribution.integ-test-zip:elasticsearch
       3. org.elasticsearch:elasticsearch
    ✓ Fetched 1681 versions
    ✓ Found 1 other URL(s)

[348] unknown:PACKAGE_NAME
    Package: PACKAGE_NAME
    ⚠️  GroupId unknown, searching Maven Central for 'PACKAGE_NAME'...
    ✗ No results found in Maven Central

[349] unknown:elasticsearch
    Package: elasticsearch
    ⚠️  GroupId unknown, searching Maven Central for 'elasticsearch'...
    ✓ Found: software.amazon.awssdk:elasticsearch
    ℹ️  Other matches found:
       1. org.testcontainers:elasticsearch
       2. org.elasticsearch.distribution.integ-test-zip:elasticsearch
       3. org.elasticsearch:elasticsearch
    ✓ Fetched 1681 versions
    ✓ Found 1 other URL(s)

[350] unknown:PACKAGE_NAME
    Package: PACKAGE_NAME
    ⚠️  GroupId unknown, searching Maven Central for 'PACKAGE_NAME'...
    ✗ No results found in Maven Central

[351] unknown:elasticsearch
    Package: elasticsearch
    ⚠️  GroupId unknown, searching Maven Central for 'elasticsearch'...
    ✓ Found: software.amazon.awssdk:elasticsearch
    ℹ️  Other matches found:
       1. org.testcontainers:elasticsearch
       2. org.elasticsearch.distribution.integ-test-zip:elasticsearch
       3. org.elasticsearch:elasticsearch
    ✓ Fetched 1681 versions
    ✓ Found 1 other URL(s)

[352] unknown:encog
    Package: encog
    ⚠️  GroupId unknown, searching Maven Central for 'encog'...
    ✗ No results found in Maven Central

[353] unknown:encog
    Package: encog
    ⚠️  GroupId unknown, searching Maven Central for 'encog'...
    ✗ No results found in Maven Central

[354] unknown:enterprise-beans
    Package: enterprise-beans
    ⚠️  GroupId unknown, searching Maven Central for 'enterprise-beans'...
    ✗ No results found in Maven Central

[355] unknown:error-prone
    Package: error-prone
    ⚠️  GroupId unknown, searching Maven Central for 'error-prone'...
    ✓ Found: io.sweers.configurablecheckreturnvalue:error-prone
    ✓ Fetched 2 versions
    ✓ Found 4 github URL(s)

[356] unknown:error-prone-annotations
    Package: error-prone-annotations
    ⚠️  GroupId unknown, searching Maven Central for 'error-prone-annotations'...
    ✗ No results found in Maven Central

[357] unknown:esapi-java-legacy
    Package: esapi-java-legacy
    ⚠️  GroupId unknown, searching Maven Central for 'esapi-java-legacy'...
    ✗ No results found in Maven Central

[358] unknown:eslint
    Package: eslint
    ⚠️  GroupId unknown, searching Maven Central for 'eslint'...
    ✓ Found: org.mvnpm:eslint
    ℹ️  Other matches found:
       1. org.mvnpm.at.types:eslint
       2. org.webjars.npm:eslint
       3. org.webjars:eslint
    ✓ Fetched 24 versions
    ✓ Found 4 github URL(s)
    ✓ Found 1 other URL(s)

[359] unknown:etcd-java
    Package: etcd-java
    ⚠️  GroupId unknown, searching Maven Central for 'etcd-java'...
    ✓ Found: com.ibm.etcd:etcd-java
    ✓ Fetched 24 versions
    ✓ Found 4 github URL(s)

[360] unknown:eureka
    Package: eureka
    ⚠️  GroupId unknown, searching Maven Central for 'eureka'...
    ✓ Found: com.gitee.kamismile:eureka
    ℹ️  Other matches found:
       1. io.gitee.laoshirenggo:eureka
       2. org.appsweaver.starter.apps:eureka
       3. io.github.shreeshasa:eureka
    ✓ Fetched 27 versions
    ✓ Found 3 gitee URL(s)

[361] unknown:exp4j
    Package: exp4j
    ⚠️  GroupId unknown, searching Maven Central for 'exp4j'...
    ✓ Found: host.anzo:exp4j
    ℹ️  Other matches found:
       1. fr.neolegal:exp4j
       2. com.elmakers.math:exp4j
       3. net.objecthunter:exp4j
    ✓ Fetched 1 versions
    ✓ Found 4 github URL(s)

[362] unknown:exp4j
    Package: exp4j
    ⚠️  GroupId unknown, searching Maven Central for 'exp4j'...
    ✓ Found: host.anzo:exp4j
    ℹ️  Other matches found:
       1. fr.neolegal:exp4j
       2. com.elmakers.math:exp4j
       3. net.objecthunter:exp4j
    ✓ Fetched 1 versions
    ✓ Found 4 github URL(s)

[363] unknown:expression-language
    Package: expression-language
    ⚠️  GroupId unknown, searching Maven Central for 'expression-language'...
    ✓ Found: io.zeebe:expression-language
    ✓ Fetched 1 versions

[364] unknown:FastInfoset
    Package: FastInfoset
    ⚠️  GroupId unknown, searching Maven Central for 'FastInfoset'...
    ✓ Found: com.sun.xml.fastinfoset:FastInfoset
    ✓ Fetched 9 versions

[365] unknown:failsafe
    Package: failsafe
    ⚠️  GroupId unknown, searching Maven Central for 'failsafe'...
    ✓ Found: dev.failsafe:failsafe
    ℹ️  Other matches found:
       1. net.jodah:failsafe
    ✓ Fetched 12 versions

[366] unknown:fastutil
    Package: fastutil
    ⚠️  GroupId unknown, searching Maven Central for 'fastutil'...
    ✓ Found: it.unimi.dsi:fastutil
    ℹ️  Other matches found:
       1. co.datadome:fastutil
       2. fastutil:fastutil
    ✓ Fetched 79 versions
    ✓ Found 2 github URL(s)
    ✓ Found 1 other URL(s)

[367] unknown:fastutil
    Package: fastutil
    ⚠️  GroupId unknown, searching Maven Central for 'fastutil'...
    ✓ Found: it.unimi.dsi:fastutil
    ℹ️  Other matches found:
       1. co.datadome:fastutil
       2. fastutil:fastutil
    ✓ Fetched 79 versions
    ✓ Found 2 github URL(s)
    ✓ Found 1 other URL(s)

[368] unknown:feign
    Package: feign
    ⚠️  GroupId unknown, searching Maven Central for 'feign'...
    ✓ Found: io.basc.framework:feign
    ℹ️  Other matches found:
       1. org.seedstack.addons.feign:feign
       2. com.xzixi.framework:feign
    ✓ Fetched 4 versions

[369] unknown:file-specs-java
    Package: file-specs-java
    ⚠️  GroupId unknown, searching Maven Central for 'file-specs-java'...
    ✓ Found: org.jfrog.filespecs:file-specs-java
    ✓ Fetched 4 versions
    ✓ Found 3 github URL(s)
    ✓ Found 1 other URL(s)

[370] unknown:findbugs-annotations
    Package: findbugs-annotations
    ⚠️  GroupId unknown, searching Maven Central for 'findbugs-annotations'...
    ✓ Found: com.google.code.findbugs:findbugs-annotations
    ℹ️  Other matches found:
       1. com.nesscomputing.testing:findbugs-annotations
       2. com.github.stephenc.findbugs:findbugs-annotations
    ✓ Fetched 1 versions
    ✓ Found 3 github URL(s)
    ✓ Found 1 sourceforge URL(s)

[371] unknown:findbugs-annotations
    Package: findbugs-annotations
    ⚠️  GroupId unknown, searching Maven Central for 'findbugs-annotations'...
    ✓ Found: com.google.code.findbugs:findbugs-annotations
    ℹ️  Other matches found:
       1. com.nesscomputing.testing:findbugs-annotations
       2. com.github.stephenc.findbugs:findbugs-annotations
    ✓ Fetched 1 versions
    ✓ Found 3 github URL(s)
    ✓ Found 1 sourceforge URL(s)

[372] unknown:findbugs-jsr305
    Package: findbugs-jsr305
    ⚠️  GroupId unknown, searching Maven Central for 'findbugs-jsr305'...
    ✗ No results found in Maven Central

[373] unknown:flowable-engine
    Package: flowable-engine
    ⚠️  GroupId unknown, searching Maven Central for 'flowable-engine'...
    ✓ Found: org.flowable:flowable-engine
    ℹ️  Other matches found:
       1. org.ow2.petals.flowable:flowable-engine
    ✓ Fetched 28 versions

[374] unknown:flowable-engine
    Package: flowable-engine
    ⚠️  GroupId unknown, searching Maven Central for 'flowable-engine'...
    ✓ Found: org.flowable:flowable-engine
    ℹ️  Other matches found:
       1. org.ow2.petals.flowable:flowable-engine
    ✓ Fetched 28 versions

[375] unknown:flowable-engine-all-modules-generic
    Package: flowable-engine-all-modules-generic
    ⚠️  GroupId unknown, searching Maven Central for 'flowable-engine-all-modules-generic'...
    ✗ No results found in Maven Central

[376] unknown:flowable-entitylink-service
    Package: flowable-entitylink-service
    ⚠️  GroupId unknown, searching Maven Central for 'flowable-entitylink-service'...
    ✓ Found: org.flowable:flowable-entitylink-service
    ℹ️  Other matches found:
       1. org.ow2.petals.flowable:flowable-entitylink-service
    ✓ Fetched 15 versions

[377] unknown:flowable-event-registry
    Package: flowable-event-registry
    ⚠️  GroupId unknown, searching Maven Central for 'flowable-event-registry'...
    ✓ Found: org.flowable:flowable-event-registry
    ✓ Fetched 13 versions

[378] unknown:fluent-hc-4.1.x
    Package: fluent-hc-4.1.x
    ⚠️  GroupId unknown, searching Maven Central for 'fluent-hc-4.1.x'...
    ✗ No results found in Maven Central

[379] unknown:flyway
    Package: flyway
    ⚠️  GroupId unknown, searching Maven Central for 'flyway'...
    ✓ Found: io.sunshower.zephyr:flyway
    ℹ️  Other matches found:
       1. studio.crud.feature:flyway
       2. org.seedstack.addons.flyway:flyway
       3. io.thorntail:flyway
    ✓ Fetched 9 versions
    ✓ Found 1 other URL(s)
    ✓ Found 3 github URL(s)

[380] unknown:flyway
    Package: flyway
    ⚠️  GroupId unknown, searching Maven Central for 'flyway'...
    ✓ Found: io.sunshower.zephyr:flyway
    ℹ️  Other matches found:
       1. studio.crud.feature:flyway
       2. org.seedstack.addons.flyway:flyway
       3. io.thorntail:flyway
    ✓ Fetched 9 versions
    ✓ Found 1 other URL(s)
    ✓ Found 3 github URL(s)

[381] unknown:flyway
    Package: flyway
    ⚠️  GroupId unknown, searching Maven Central for 'flyway'...
    ✓ Found: io.sunshower.zephyr:flyway
    ℹ️  Other matches found:
       1. studio.crud.feature:flyway
       2. org.seedstack.addons.flyway:flyway
       3. io.thorntail:flyway
    ✓ Fetched 9 versions
    ✓ Found 1 other URL(s)
    ✓ Found 3 github URL(s)

[382] unknown:flyway-commandline
    Package: flyway-commandline
    ⚠️  GroupId unknown, searching Maven Central for 'flyway-commandline'...
    ✓ Found: org.flywaydb:flyway-commandline
    ℹ️  Other matches found:
       1. io.github.coolbeevip:flyway-commandline
       2. org.flywaydb.enterprise:flyway-commandline
       3. org.flywaydb.pro:flyway-commandline
    ✓ Fetched 277 versions

[383] unknown:flyway-core
    Package: flyway-core
    ⚠️  GroupId unknown, searching Maven Central for 'flyway-core'...
    ✓ Found: org.flywaydb:flyway-core
    ℹ️  Other matches found:
       1. org.openl:flyway-core
       2. io.github.coolbeevip:flyway-core
       3. org.flywaydb.enterprise:flyway-core
    ✓ Fetched 288 versions

[384] unknown:fst
    Package: fst
    ⚠️  GroupId unknown, searching Maven Central for 'fst'...
    ✓ Found: de.ruedigermoeller:fst
    ✓ Fetched 89 versions
    ✓ Found 4 github URL(s)

[385] unknown:Generex
    Package: Generex
    ⚠️  GroupId unknown, searching Maven Central for 'Generex'...
    ✗ No results found in Maven Central

[386] unknown:generex
    Package: generex
    ⚠️  GroupId unknown, searching Maven Central for 'generex'...
    ✓ Found: com.pkware.generex:generex
    ℹ️  Other matches found:
       1. com.github.mifmif:generex
       2. com.github.mkolisnyk:generex
    ✓ Fetched 2 versions
    ✓ Found 4 github URL(s)

[387] unknown:geoserver
    Package: geoserver
    ⚠️  GroupId unknown, searching Maven Central for 'geoserver'...
    ✓ Found: org.geoserver:geoserver
    ✓ Fetched 11 versions

[388] unknown:geoserver
    Package: geoserver
    ⚠️  GroupId unknown, searching Maven Central for 'geoserver'...
    ✓ Found: org.geoserver:geoserver
    ✓ Fetched 11 versions

[389] unknown:geronimo-annotation_1.1_spec
    Package: geronimo-annotation_1.1_spec
    ⚠️  GroupId unknown, searching Maven Central for 'geronimo-annotation_1.1_spec'...
    ✓ Found: org.apache.geronimo.specs:geronimo-annotation_1.1_spec
    ✓ Fetched 2 versions
    ✓ Found 4 other URL(s)

[390] unknown:geronimo-jaxrs_1.1_spec
    Package: geronimo-jaxrs_1.1_spec
    ⚠️  GroupId unknown, searching Maven Central for 'geronimo-jaxrs_1.1_spec'...
    ✓ Found: org.apache.geronimo.specs:geronimo-jaxrs_1.1_spec
    ✓ Fetched 1 versions
    ✓ Found 4 other URL(s)

[391] unknown:geronimo-specs
    Package: geronimo-specs
    ⚠️  GroupId unknown, searching Maven Central for 'geronimo-specs'...
    ✗ No results found in Maven Central

[392] unknown:gethostname4j
    Package: gethostname4j
    ⚠️  GroupId unknown, searching Maven Central for 'gethostname4j'...
    ✓ Found: com.kstruct:gethostname4j
    ✓ Fetched 4 versions
    ✓ Found 4 github URL(s)

[393] unknown:glassfish
    Package: glassfish
    ⚠️  GroupId unknown, searching Maven Central for 'glassfish'...
    ✓ Found: org.glassfish.main.distributions:glassfish
    ℹ️  Other matches found:
       1. org.glassfish.main.core:glassfish
       2. org.glassfish.main.featuresets:glassfish
       3. com.sun.jersey:glassfish
    ✓ Fetched 81 versions

[394] unknown:glassfish
    Package: glassfish
    ⚠️  GroupId unknown, searching Maven Central for 'glassfish'...
    ✓ Found: org.glassfish.main.distributions:glassfish
    ℹ️  Other matches found:
       1. org.glassfish.main.core:glassfish
       2. org.glassfish.main.featuresets:glassfish
       3. com.sun.jersey:glassfish
    ✓ Fetched 81 versions

[395] unknown:glassfish
    Package: glassfish
    ⚠️  GroupId unknown, searching Maven Central for 'glassfish'...
    ✓ Found: org.glassfish.main.distributions:glassfish
    ℹ️  Other matches found:
       1. org.glassfish.main.core:glassfish
       2. org.glassfish.main.featuresets:glassfish
       3. com.sun.jersey:glassfish
    ✓ Fetched 81 versions

[396] unknown:glassfish-hk2
    Package: glassfish-hk2
    ⚠️  GroupId unknown, searching Maven Central for 'glassfish-hk2'...
    ✓ Found: org.glassfish.main.packager:glassfish-hk2
    ℹ️  Other matches found:
       1. org.glassfish.packager:glassfish-hk2
    ✓ Fetched 9 versions

[397] unknown:glassfish-hk2
    Package: glassfish-hk2
    ⚠️  GroupId unknown, searching Maven Central for 'glassfish-hk2'...
    ✓ Found: org.glassfish.main.packager:glassfish-hk2
    ℹ️  Other matches found:
       1. org.glassfish.packager:glassfish-hk2
    ✓ Fetched 9 versions

[398] unknown:glassfish-hk2
    Package: glassfish-hk2
    ⚠️  GroupId unknown, searching Maven Central for 'glassfish-hk2'...
    ✓ Found: org.glassfish.main.packager:glassfish-hk2
    ℹ️  Other matches found:
       1. org.glassfish.packager:glassfish-hk2
    ✓ Fetched 9 versions

[399] unknown:gmetric4j
    Package: gmetric4j
    ⚠️  GroupId unknown, searching Maven Central for 'gmetric4j'...
    ✓ Found: info.ganglia.gmetric4j:gmetric4j
    ✓ Fetched 8 versions
    ✓ Found 4 github URL(s)

[400] unknown:gnu-trove
    Package: gnu-trove
    ⚠️  GroupId unknown, searching Maven Central for 'gnu-trove'...
    ✗ No results found in Maven Central

[401] unknown:google-api-client-jackson2
    Package: google-api-client-jackson2
    ⚠️  GroupId unknown, searching Maven Central for 'google-api-client-jackson2'...
    ✓ Found: com.google.api-client:google-api-client-jackson2
    ✓ Fetched 72 versions

[402] google-api-java-client:google-api-client-java6
    Package: google-api-java-client/google-api-client-java6
    ✗ Error: Artifact not found: google-api-java-client:google-api-client-java6

[403] unknown:google-api-services-storage
    Package: google-api-services-storage
    ⚠️  GroupId unknown, searching Maven Central for 'google-api-services-storage'...
    ✓ Found: com.google.apis:google-api-services-storage
    ✓ Fetched 2105 versions

[404] google-oauth-java-client:google-oauth-client-java6
    Package: google-oauth-java-client/google-oauth-client-java6
    ✗ Error: Artifact not found: google-oauth-java-client:google-oauth-client-java6

[405] unknown:governator
    Package: governator
    ⚠️  GroupId unknown, searching Maven Central for 'governator'...
    ✓ Found: com.netflix.governator:governator
    ✓ Fetched 102 versions
    ✓ Found 2 github URL(s)

[406] unknown:gradle-wrapper
    Package: gradle-wrapper
    ⚠️  GroupId unknown, searching Maven Central for 'gradle-wrapper'...
    ✗ No results found in Maven Central

[407] unknown:grails-core
    Package: grails-core
    ⚠️  GroupId unknown, searching Maven Central for 'grails-core'...
    ✓ Found: org.apache.grails:grails-core
    ℹ️  Other matches found:
       1. org.grails:grails-core
    ✓ Fetched 10 versions
    ✓ Found 5 github URL(s)

[408] unknown:grails-core
    Package: grails-core
    ⚠️  GroupId unknown, searching Maven Central for 'grails-core'...
    ✓ Found: org.apache.grails:grails-core
    ℹ️  Other matches found:
       1. org.grails:grails-core
    ✓ Fetched 10 versions
    ✓ Found 5 github URL(s)

[409] unknown:grails-xss-sanitizer
    Package: grails-xss-sanitizer
    ⚠️  GroupId unknown, searching Maven Central for 'grails-xss-sanitizer'...
    ✗ No results found in Maven Central

[410] unknown:graylog2-server
    Package: graylog2-server
    ⚠️  GroupId unknown, searching Maven Central for 'graylog2-server'...
    ✓ Found: org.graylog2:graylog2-server
    ✓ Fetched 342 versions
    ✓ Found 1 github URL(s)

[411] unknown:grizzly
    Package: grizzly
    ⚠️  GroupId unknown, searching Maven Central for 'grizzly'...
    ✓ Found: org.openidentityplatform.commons.http-framework:grizzly
    ℹ️  Other matches found:
       1. io.github.farimarwat:grizzly
       2. grizzly:grizzly
    ✓ Fetched 28 versions

[412] unknown:grizzly
    Package: grizzly
    ⚠️  GroupId unknown, searching Maven Central for 'grizzly'...
    ✓ Found: org.openidentityplatform.commons.http-framework:grizzly
    ℹ️  Other matches found:
       1. io.github.farimarwat:grizzly
       2. grizzly:grizzly
    ✓ Fetched 28 versions

[413] unknown:grizzly
    Package: grizzly
    ⚠️  GroupId unknown, searching Maven Central for 'grizzly'...
    ✓ Found: org.openidentityplatform.commons.http-framework:grizzly
    ℹ️  Other matches found:
       1. io.github.farimarwat:grizzly
       2. grizzly:grizzly
    ✓ Fetched 28 versions

[414] unknown:grizzly
    Package: grizzly
    ⚠️  GroupId unknown, searching Maven Central for 'grizzly'...
    ✓ Found: org.openidentityplatform.commons.http-framework:grizzly
    ℹ️  Other matches found:
       1. io.github.farimarwat:grizzly
       2. grizzly:grizzly
    ✓ Fetched 28 versions

[415] unknown:grizzly
    Package: grizzly
    ⚠️  GroupId unknown, searching Maven Central for 'grizzly'...
    ✓ Found: org.openidentityplatform.commons.http-framework:grizzly
    ℹ️  Other matches found:
       1. io.github.farimarwat:grizzly
       2. grizzly:grizzly
    ✓ Fetched 28 versions

[416] unknown:grpc-core
    Package: grpc-core
    ⚠️  GroupId unknown, searching Maven Central for 'grpc-core'...
    ✓ Found: io.grpc:grpc-core
    ℹ️  Other matches found:
       1. io.github.sunny-chung:grpc-core
       2. org.jackstaff.grpc:grpc-core
    ✓ Fetched 185 versions
    ✓ Found 4 github URL(s)

[417] unknown:grpc-core
    Package: grpc-core
    ⚠️  GroupId unknown, searching Maven Central for 'grpc-core'...
    ✓ Found: io.grpc:grpc-core
    ℹ️  Other matches found:
       1. io.github.sunny-chung:grpc-core
       2. org.jackstaff.grpc:grpc-core
    ✓ Fetched 185 versions
    ✓ Found 4 github URL(s)

[418] unknown:PACKAGE_NAME
    Package: PACKAGE_NAME
    ⚠️  GroupId unknown, searching Maven Central for 'PACKAGE_NAME'...
    ✗ No results found in Maven Central

[419] unknown:grpc-core
    Package: grpc-core
    ⚠️  GroupId unknown, searching Maven Central for 'grpc-core'...
    ✓ Found: io.grpc:grpc-core
    ℹ️  Other matches found:
       1. io.github.sunny-chung:grpc-core
       2. org.jackstaff.grpc:grpc-core
    ✓ Fetched 185 versions
    ✓ Found 4 github URL(s)

[420] unknown:gson
    Package: gson
    ⚠️  GroupId unknown, searching Maven Central for 'gson'...
    ✓ Found: com.google.code.gson:gson
    ℹ️  Other matches found:
       1. org.immutables:gson
       2. net.lenni0451.commons:gson
       3. dev.galasa:gson
    ✓ Fetched 43 versions

[421] unknown:gson
    Package: gson
    ⚠️  GroupId unknown, searching Maven Central for 'gson'...
    ✓ Found: com.google.code.gson:gson
    ℹ️  Other matches found:
       1. org.immutables:gson
       2. net.lenni0451.commons:gson
       3. dev.galasa:gson
    ✓ Fetched 43 versions

[422] unknown:gson
    Package: gson
    ⚠️  GroupId unknown, searching Maven Central for 'gson'...
    ✓ Found: com.google.code.gson:gson
    ℹ️  Other matches found:
       1. org.immutables:gson
       2. net.lenni0451.commons:gson
       3. dev.galasa:gson
    ✓ Fetched 43 versions

[423] unknown:gson-fire
    Package: gson-fire
    ⚠️  GroupId unknown, searching Maven Central for 'gson-fire'...
    ✓ Found: io.gsonfire:gson-fire
    ✓ Fetched 24 versions
    ✓ Found 3 github URL(s)
    ✓ Found 1 other URL(s)

[424] guava:listenablefuture9999
    Package: guava/futures/listenablefuture9999
    ✗ Error: Artifact not found: guava:listenablefuture9999

[425] unknown:guava
    Package: guava
    ⚠️  GroupId unknown, searching Maven Central for 'guava'...
    ✓ Found: com.google.guava:guava
    ℹ️  Other matches found:
       1. com.github.cowwoc.requirements:guava
       2. com.github.ben-manes.caffeine:guava
       3. dev.mccue:guava
    ✓ Fetched 152 versions
    ✓ Found 1 github URL(s)

[426] unknown:failureaccess
    Package: failureaccess
    ⚠️  GroupId unknown, searching Maven Central for 'failureaccess'...
    ✓ Found: com.google.guava:failureaccess
    ℹ️  Other matches found:
       1. org.wso2.orbit.com.google.guava:failureaccess
    ✓ Fetched 4 versions

[427] unknown:listenablefuture9999
    Package: listenablefuture9999
    ⚠️  GroupId unknown, searching Maven Central for 'listenablefuture9999'...
    ✗ No results found in Maven Central

[428] unknown:h2database
    Package: h2database
    ⚠️  GroupId unknown, searching Maven Central for 'h2database'...
    ✓ Found: io.github.jinlongliao:h2database
    ℹ️  Other matches found:
       1. org.h2database:h2database
    ✓ Fetched 2 versions

[429] unknown:gcsio
    Package: gcsio
    ⚠️  GroupId unknown, searching Maven Central for 'gcsio'...
    ✓ Found: com.google.cloud.bigdataoss:gcsio
    ✓ Fetched 123 versions

[430] unknown:hadoop-mapreduce-client-core
    Package: hadoop-mapreduce-client-core
    ⚠️  GroupId unknown, searching Maven Central for 'hadoop-mapreduce-client-core'...
    ✓ Found: org.apache.hadoop:hadoop-mapreduce-client-core
    ℹ️  Other matches found:
       1. ch.cern.hadoop:hadoop-mapreduce-client-core
       2. com.github.jiayuhan-it:hadoop-mapreduce-client-core
    ✓ Fetched 81 versions

[431] unknown:hadoop-thirdparty
    Package: hadoop-thirdparty
    ⚠️  GroupId unknown, searching Maven Central for 'hadoop-thirdparty'...
    ✓ Found: org.apache.hadoop.thirdparty:hadoop-thirdparty
    ✓ Fetched 7 versions

[432] unknown:hamcrest-all
    Package: hamcrest-all
    ⚠️  GroupId unknown, searching Maven Central for 'hamcrest-all'...
    ✓ Found: org.hamcrest:hamcrest-all
    ℹ️  Other matches found:
       1. org.ow2.chameleon.commons.hamcrest:hamcrest-all
    ✓ Fetched 3 versions

[433] unknown:hapi-fhir-jpaserver-starter
    Package: hapi-fhir-jpaserver-starter
    ⚠️  GroupId unknown, searching Maven Central for 'hapi-fhir-jpaserver-starter'...
    ✓ Found: ca.uhn.hapi.fhir:hapi-fhir-jpaserver-starter
    ✓ Fetched 6 versions

[434] unknown:hawtio
    Package: hawtio
    ⚠️  GroupId unknown, searching Maven Central for 'hawtio'...
    ✗ No results found in Maven Central

[435] unknown:hawtjni
    Package: hawtjni
    ⚠️  GroupId unknown, searching Maven Central for 'hawtjni'...
    ✗ No results found in Maven Central

[436] unknown:HdrHistogram
    Package: HdrHistogram
    ⚠️  GroupId unknown, searching Maven Central for 'HdrHistogram'...
    ✓ Found: org.hdrhistogram:HdrHistogram
    ✓ Fetched 27 versions
    ✓ Found 5 github URL(s)

[437] unknown:hdrhistogram
    Package: hdrhistogram
    ⚠️  GroupId unknown, searching Maven Central for 'hdrhistogram'...
    ✓ Found: org.xbib.elasticsearch:hdrhistogram
    ✓ Fetched 1 versions
    ✓ Found 4 github URL(s)

[438] unknown:hibernate-commons-annotations
    Package: hibernate-commons-annotations
    ⚠️  GroupId unknown, searching Maven Central for 'hibernate-commons-annotations'...
    ✓ Found: org.hibernate.common:hibernate-commons-annotations
    ℹ️  Other matches found:
       1. com.guicedee.services:hibernate-commons-annotations
       2. org.hibernate:hibernate-commons-annotations
    ✓ Fetched 15 versions
    ✓ Found 3 github URL(s)
    ✓ Found 2 other URL(s)

[439] unknown:hibernate-core
    Package: hibernate-core
    ⚠️  GroupId unknown, searching Maven Central for 'hibernate-core'...
    ✓ Found: org.hibernate.orm:hibernate-core
    ℹ️  Other matches found:
       1. org.hibernate:hibernate-core
       2. org.bedework:hibernate-core
       3. com.guicedee.services:hibernate-core
    ✓ Fetched 188 versions
    ✓ Found 3 github URL(s)
    ✓ Found 2 other URL(s)

[440] unknown:hibernate-orm
    Package: hibernate-orm
    ⚠️  GroupId unknown, searching Maven Central for 'hibernate-orm'...
    ✗ No results found in Maven Central

[441] unknown:hibernate-tool
    Package: hibernate-tool
    ⚠️  GroupId unknown, searching Maven Central for 'hibernate-tool'...
    ✗ No results found in Maven Central

[442] unknown:hibernate-validator
    Package: hibernate-validator
    ⚠️  GroupId unknown, searching Maven Central for 'hibernate-validator'...
    ✓ Found: org.hibernate.validator:hibernate-validator
    ℹ️  Other matches found:
       1. org.hibernate:hibernate-validator
       2. io.github.qsy7.java.dependencies:hibernate-validator
       3. hu.blackbelt.osgi.validator:hibernate-validator
    ✓ Fetched 85 versions
    ✓ Found 3 github URL(s)
    ✓ Found 1 other URL(s)

[443] unknown:hibernate-validator
    Package: hibernate-validator
    ⚠️  GroupId unknown, searching Maven Central for 'hibernate-validator'...
    ✓ Found: org.hibernate.validator:hibernate-validator
    ℹ️  Other matches found:
       1. org.hibernate:hibernate-validator
       2. io.github.qsy7.java.dependencies:hibernate-validator
       3. hu.blackbelt.osgi.validator:hibernate-validator
    ✓ Fetched 85 versions
    ✓ Found 3 github URL(s)
    ✓ Found 1 other URL(s)

[444] unknown:high-scale-lib
    Package: high-scale-lib
    ⚠️  GroupId unknown, searching Maven Central for 'high-scale-lib'...
    ✓ Found: com.boundary:high-scale-lib
    ℹ️  Other matches found:
       1. com.github.stephenc.high-scale-lib:high-scale-lib
    ✓ Fetched 1 versions
    ✓ Found 4 github URL(s)

[445] unknown:high-scale-lib
    Package: high-scale-lib
    ⚠️  GroupId unknown, searching Maven Central for 'high-scale-lib'...
    ✓ Found: com.boundary:high-scale-lib
    ℹ️  Other matches found:
       1. com.github.stephenc.high-scale-lib:high-scale-lib
    ✓ Fetched 1 versions
    ✓ Found 4 github URL(s)

[446] unknown:HikariCP
    Package: HikariCP
    ⚠️  GroupId unknown, searching Maven Central for 'HikariCP'...
    ✓ Found: com.zaxxer:HikariCP
    ℹ️  Other matches found:
       1. io.openbouquet:HikariCP
    ✓ Fetched 103 versions
    ✓ Found 5 github URL(s)

[447] unknown:hive-jdbc
    Package: hive-jdbc
    ⚠️  GroupId unknown, searching Maven Central for 'hive-jdbc'...
    ✓ Found: org.apache.hive:hive-jdbc
    ℹ️  Other matches found:
       1. io.arenadata.hive:hive-jdbc
       2. com.github.hyukjinkwon:hive-jdbc
       3. org.spark-project.hive:hive-jdbc
    ✓ Fetched 44 versions

[448] unknown:hk2-api
    Package: hk2-api
    ⚠️  GroupId unknown, searching Maven Central for 'hk2-api'...
    ✓ Found: org.glassfish.hk2:hk2-api
    ✓ Fetched 15 versions

[449] unknown:hk2-locator
    Package: hk2-locator
    ⚠️  GroupId unknown, searching Maven Central for 'hk2-locator'...
    ✓ Found: org.glassfish.hk2:hk2-locator
    ✓ Fetched 15 versions

[450] unknown:hk2-utils
    Package: hk2-utils
    ⚠️  GroupId unknown, searching Maven Central for 'hk2-utils'...
    ✓ Found: org.glassfish.hk2:hk2-utils
    ✓ Fetched 15 versions

[451] unknown:hppc
    Package: hppc
    ⚠️  GroupId unknown, searching Maven Central for 'hppc'...
    ✓ Found: com.carrotsearch:hppc
    ℹ️  Other matches found:
       1. org.xbib.elasticsearch:hppc
    ✓ Fetched 26 versions
    ✓ Found 4 github URL(s)

[452] unknown:httpasyncclient
    Package: httpasyncclient
    ⚠️  GroupId unknown, searching Maven Central for 'httpasyncclient'...
    ✓ Found: org.apache.httpcomponents:httpasyncclient
    ℹ️  Other matches found:
       1. org.wso2.orbit.org.apache.httpcomponents:httpasyncclient
    ✓ Fetched 17 versions
    ✓ Found 1 other URL(s)

[453] unknown:httpasyncclient
    Package: httpasyncclient
    ⚠️  GroupId unknown, searching Maven Central for 'httpasyncclient'...
    ✓ Found: org.apache.httpcomponents:httpasyncclient
    ℹ️  Other matches found:
       1. org.wso2.orbit.org.apache.httpcomponents:httpasyncclient
    ✓ Fetched 17 versions
    ✓ Found 1 other URL(s)

[454] unknown:httpcomponents-client
    Package: httpcomponents-client
    ⚠️  GroupId unknown, searching Maven Central for 'httpcomponents-client'...
    ✓ Found: org.apache.httpcomponents:httpcomponents-client
    ✓ Fetched 55 versions
    ✓ Found 1 github URL(s)
    ✓ Found 4 other URL(s)

[455] unknown:httpcomponents-client
    Package: httpcomponents-client
    ⚠️  GroupId unknown, searching Maven Central for 'httpcomponents-client'...
    ✓ Found: org.apache.httpcomponents:httpcomponents-client
    ✓ Fetched 55 versions
    ✓ Found 1 github URL(s)
    ✓ Found 4 other URL(s)

[456] unknown:httpcomponents-client
    Package: httpcomponents-client
    ⚠️  GroupId unknown, searching Maven Central for 'httpcomponents-client'...
    ✓ Found: org.apache.httpcomponents:httpcomponents-client
    ✓ Fetched 55 versions
    ✓ Found 1 github URL(s)
    ✓ Found 4 other URL(s)

[457] unknown:httpcomponents-client
    Package: httpcomponents-client
    ⚠️  GroupId unknown, searching Maven Central for 'httpcomponents-client'...
    ✓ Found: org.apache.httpcomponents:httpcomponents-client
    ✓ Fetched 55 versions
    ✓ Found 1 github URL(s)
    ✓ Found 4 other URL(s)

[458] unknown:httpcomponents-client
    Package: httpcomponents-client
    ⚠️  GroupId unknown, searching Maven Central for 'httpcomponents-client'...
    ✓ Found: org.apache.httpcomponents:httpcomponents-client
    ✓ Fetched 55 versions
    ✓ Found 1 github URL(s)
    ✓ Found 4 other URL(s)

[459] unknown:httpcomponents-client
    Package: httpcomponents-client
    ⚠️  GroupId unknown, searching Maven Central for 'httpcomponents-client'...
    ✓ Found: org.apache.httpcomponents:httpcomponents-client
    ✓ Fetched 55 versions
    ✓ Found 1 github URL(s)
    ✓ Found 4 other URL(s)

[460] unknown:httpcomponents-client
    Package: httpcomponents-client
    ⚠️  GroupId unknown, searching Maven Central for 'httpcomponents-client'...
    ✓ Found: org.apache.httpcomponents:httpcomponents-client
    ✓ Fetched 55 versions
    ✓ Found 1 github URL(s)
    ✓ Found 4 other URL(s)

[461] unknown:httpcomponents-core
    Package: httpcomponents-core
    ⚠️  GroupId unknown, searching Maven Central for 'httpcomponents-core'...
    ✓ Found: org.apache.httpcomponents:httpcomponents-core
    ✓ Fetched 50 versions
    ✓ Found 1 github URL(s)
    ✓ Found 4 other URL(s)

[462] unknown:httpcore
    Package: httpcore
    ⚠️  GroupId unknown, searching Maven Central for 'httpcore'...
    ✓ Found: dev.ikm.jpms:httpcore
    ℹ️  Other matches found:
       1. org.apache.httpcomponents:httpcore
       2. com.yanzhenjie.apache:httpcore
       3. com.hynnet:httpcore
    ✓ Fetched 3 versions

[463] unknown:httpcore5
    Package: httpcore5
    ⚠️  GroupId unknown, searching Maven Central for 'httpcore5'...
    ✓ Found: org.apache.httpcomponents.core5:httpcore5
    ℹ️  Other matches found:
       1. dev.ikm.jpms:httpcore5
       2. org.wso2.orbit.org.apache.httpcomponents:httpcore5
       3. io.github.sunny-chung:httpcore5
    ✓ Fetched 51 versions

[464] unknown:httpcore5-h2
    Package: httpcore5-h2
    ⚠️  GroupId unknown, searching Maven Central for 'httpcore5-h2'...
    ✓ Found: org.apache.httpcomponents.core5:httpcore5-h2
    ℹ️  Other matches found:
       1. dev.ikm.jpms:httpcore5-h2
       2. io.github.sunny-chung:httpcore5-h2
    ✓ Fetched 50 versions

[465] unknown:httpcomponents-client
    Package: httpcomponents-client
    ⚠️  GroupId unknown, searching Maven Central for 'httpcomponents-client'...
    ✓ Found: org.apache.httpcomponents:httpcomponents-client
    ✓ Fetched 55 versions
    ✓ Found 1 github URL(s)
    ✓ Found 4 other URL(s)

[466] unknown:hystrix
    Package: hystrix
    ⚠️  GroupId unknown, searching Maven Central for 'hystrix'...
    ✓ Found: io.github.yxyl6125:hystrix
    ℹ️  Other matches found:
       1. io.thorntail:hystrix
       2. com.sap.cloud.s4hana.frameworks:hystrix
       3. org.wildfly.swarm:hystrix
    ✓ Fetched 1 versions
    ✓ Found 4 github URL(s)

[467] unknown:hystrix
    Package: hystrix
    ⚠️  GroupId unknown, searching Maven Central for 'hystrix'...
    ✓ Found: io.github.yxyl6125:hystrix
    ℹ️  Other matches found:
       1. io.thorntail:hystrix
       2. com.sap.cloud.s4hana.frameworks:hystrix
       3. org.wildfly.swarm:hystrix
    ✓ Fetched 1 versions
    ✓ Found 4 github URL(s)

[468] unknown:i18n
    Package: i18n
    ⚠️  GroupId unknown, searching Maven Central for 'i18n'...
    ✓ Found: com.nedap.healthcare.archie:i18n
    ℹ️  Other matches found:
       1. io.ultreia.java4all:i18n
       2. hu.simplexion.zakadabar:i18n
       3. io.devbench.uibuilder:i18n
    ✓ Fetched 76 versions
    ✓ Found 5 github URL(s)

[469] unknown:ibm-cos-sdk-python-cor
    Package: ibm-cos-sdk-python-cor
    ⚠️  GroupId unknown, searching Maven Central for 'ibm-cos-sdk-python-cor'...
    ✗ No results found in Maven Central

[470] unknown:ibm-cos-sdk-python-cor
    Package: ibm-cos-sdk-python-cor
    ⚠️  GroupId unknown, searching Maven Central for 'ibm-cos-sdk-python-cor'...
    ✗ No results found in Maven Central

[471] unknown:ibm-cos-sdk-java
    Package: ibm-cos-sdk-java
    ⚠️  GroupId unknown, searching Maven Central for 'ibm-cos-sdk-java'...
    ✗ No results found in Maven Central

[472] unknown:icu4j
    Package: icu4j
    ⚠️  GroupId unknown, searching Maven Central for 'icu4j'...
    ✓ Found: org.graalvm.shadowed:icu4j
    ℹ️  Other matches found:
       1. com.ibm.icu:icu4j
       2. icu4j:icu4j
       3. icu:icu4j
    ✓ Fetched 21 versions
    ✓ Found 3 github URL(s)
    ✓ Found 1 other URL(s)

[473] unknown:icu4j
    Package: icu4j
    ⚠️  GroupId unknown, searching Maven Central for 'icu4j'...
    ✓ Found: org.graalvm.shadowed:icu4j
    ℹ️  Other matches found:
       1. com.ibm.icu:icu4j
       2. icu4j:icu4j
       3. icu:icu4j
    ✓ Fetched 21 versions
    ✓ Found 3 github URL(s)
    ✓ Found 1 other URL(s)

[474] unknown:infinispan
    Package: infinispan
    ⚠️  GroupId unknown, searching Maven Central for 'infinispan'...
    ✓ Found: org.apache.camel.springboot:infinispan
    ℹ️  Other matches found:
       1. org.teiid.connectors:infinispan
       2. org.teiid.wildfly.connectors:infinispan
       3. io.thorntail:infinispan
    ✓ Fetched 2 versions

[475] unknown:scripts
    Package: scripts
    ⚠️  GroupId unknown, searching Maven Central for 'scripts'...
    ✓ Found: org.opendaylight.controller:scripts
    ℹ️  Other matches found:
       1. io.streamnative.tests:scripts
       2. com.freeletics.gradle:scripts
       3. com.adobe.dx:scripts
    ✓ Fetched 4 versions

[476] unknown:inject
    Package: inject
    ⚠️  GroupId unknown, searching Maven Central for 'inject'...
    ✓ Found: org.opendaylight.infrautils:inject
    ℹ️  Other matches found:
       1. io.github.suppierk:inject
       2. org.treblereel.gwt.jakarta:inject
       3. org.kie.j2cl.tools.jakarta:inject
    ✓ Fetched 131 versions

[477] unknown:instana-agent-operator
    Package: instana-agent-operator
    ⚠️  GroupId unknown, searching Maven Central for 'instana-agent-operator'...
    ✗ No results found in Maven Central

[478] unknown:instana-java-sdk
    Package: instana-java-sdk
    ⚠️  GroupId unknown, searching Maven Central for 'instana-java-sdk'...
    ✓ Found: com.instana:instana-java-sdk
    ✓ Fetched 7 versions
    ✓ Found 4 github URL(s)

[479] unknown:PACKAGE_NAME
    Package: PACKAGE_NAME
    ⚠️  GroupId unknown, searching Maven Central for 'PACKAGE_NAME'...
    ✗ No results found in Maven Central

[480] unknown:JTransforms
    Package: JTransforms
    ⚠️  GroupId unknown, searching Maven Central for 'JTransforms'...
    ✓ Found: org.openimaj:JTransforms
    ℹ️  Other matches found:
       1. com.github.wendykierp:JTransforms
       2. edu.emory.mathcs:JTransforms
    ✓ Fetched 8 versions
    ✓ Found 1 other URL(s)

[481] unknown:jackson-dataformat-xml
    Package: jackson-dataformat-xml
    ⚠️  GroupId unknown, searching Maven Central for 'jackson-dataformat-xml'...
    ✓ Found: tools.jackson.dataformat:jackson-dataformat-xml
    ℹ️  Other matches found:
       1. com.fasterxml.jackson.dataformat:jackson-dataformat-xml
    ✓ Fetched 14 versions
    ✓ Found 4 github URL(s)

[482] unknown:jackson-dataformat-xml
    Package: jackson-dataformat-xml
    ⚠️  GroupId unknown, searching Maven Central for 'jackson-dataformat-xml'...
    ✓ Found: tools.jackson.dataformat:jackson-dataformat-xml
    ℹ️  Other matches found:
       1. com.fasterxml.jackson.dataformat:jackson-dataformat-xml
    ✓ Fetched 14 versions
    ✓ Found 4 github URL(s)

[483] unknown:jackson-dataformat-xml
    Package: jackson-dataformat-xml
    ⚠️  GroupId unknown, searching Maven Central for 'jackson-dataformat-xml'...
    ✓ Found: tools.jackson.dataformat:jackson-dataformat-xml
    ℹ️  Other matches found:
       1. com.fasterxml.jackson.dataformat:jackson-dataformat-xml
    ✓ Fetched 14 versions
    ✓ Found 4 github URL(s)

[484] unknown:jackson-dataformat-xml
    Package: jackson-dataformat-xml
    ⚠️  GroupId unknown, searching Maven Central for 'jackson-dataformat-xml'...
    ✓ Found: tools.jackson.dataformat:jackson-dataformat-xml
    ℹ️  Other matches found:
       1. com.fasterxml.jackson.dataformat:jackson-dataformat-xml
    ✓ Fetched 14 versions
    ✓ Found 4 github URL(s)

[485] unknown:Jackson-datatype-Guava
    Package: Jackson-datatype-Guava
    ⚠️  GroupId unknown, searching Maven Central for 'Jackson-datatype-Guava'...
    ✗ No results found in Maven Central

[486] unknown:Jakarta.inject
    Package: Jakarta.inject
    ⚠️  GroupId unknown, searching Maven Central for 'Jakarta.inject'...
    ✗ No results found in Maven Central

[487] jena:jena-arq
    Package: jena/jena-arq
    ✗ Error: Artifact not found: jena:jena-arq

[488] jena:jena-arq
    Package: jena/jena-arq
    ✗ Error: Artifact not found: jena:jena-arq

[489] unknown:PACKAGE_NAME
    Package: PACKAGE_NAME
    ⚠️  GroupId unknown, searching Maven Central for 'PACKAGE_NAME'...
    ✗ No results found in Maven Central

[490] unknown:Jena-arq
    Package: Jena-arq
    ⚠️  GroupId unknown, searching Maven Central for 'Jena-arq'...
    ✗ No results found in Maven Central

[491] unknown:jena-arq
    Package: jena-arq
    ⚠️  GroupId unknown, searching Maven Central for 'jena-arq'...
    ✓ Found: org.apache.jena:jena-arq
    ✓ Fetched 56 versions

[492] jena:jena-iri
    Package: jena/jena-iri
    ✗ Error: Artifact not found: jena:jena-iri

[493] jena:jena-iri
    Package: jena/jena-iri
    ✗ Error: Artifact not found: jena:jena-iri

[494] unknown:jena-iri
    Package: jena-iri
    ⚠️  GroupId unknown, searching Maven Central for 'jena-iri'...
    ✓ Found: org.apache.jena:jena-iri
    ✓ Fetched 56 versions

[495] unknown:Json-Surfer
    Package: Json-Surfer
    ⚠️  GroupId unknown, searching Maven Central for 'Json-Surfer'...
    ✗ No results found in Maven Central

[496] j2objc:annotations
    Package: j2objc/annotations
    ✗ Error: Artifact not found: j2objc:annotations

[497] unknown:j2objc-annotations
    Package: j2objc-annotations
    ⚠️  GroupId unknown, searching Maven Central for 'j2objc-annotations'...
    ✓ Found: com.google.j2objc:j2objc-annotations
    ✓ Fetched 7 versions
    ✓ Found 4 github URL(s)

[498] j2objc:annotations
    Package: j2objc/annotations
    ✗ Error: Artifact not found: j2objc:annotations

[499] unknown:jOOQ
    Package: jOOQ
    ⚠️  GroupId unknown, searching Maven Central for 'jOOQ'...
    ✗ No results found in Maven Central

[500] unknown:jOOQ
    Package: jOOQ
    ⚠️  GroupId unknown, searching Maven Central for 'jOOQ'...
    ✗ No results found in Maven Central

[501] unknown:jackson-annotations
    Package: jackson-annotations
    ⚠️  GroupId unknown, searching Maven Central for 'jackson-annotations'...
    ✓ Found: com.fasterxml.jackson.core:jackson-annotations
    ℹ️  Other matches found:
       1. org.wso2.orbit.com.fasterxml.jackson.core:jackson-annotations
       2. com.jwebmp.jpms.jackson.core:jackson-annotations
       3. com.jwebmp.jackson.core:jackson-annotations
    ✓ Fetched 176 versions
    ✓ Found 4 github URL(s)

[502] unknown:jackson-annotations
    Package: jackson-annotations
    ⚠️  GroupId unknown, searching Maven Central for 'jackson-annotations'...
    ✓ Found: com.fasterxml.jackson.core:jackson-annotations
    ℹ️  Other matches found:
       1. org.wso2.orbit.com.fasterxml.jackson.core:jackson-annotations
       2. com.jwebmp.jpms.jackson.core:jackson-annotations
       3. com.jwebmp.jackson.core:jackson-annotations
    ✓ Fetched 176 versions
    ✓ Found 4 github URL(s)

[503] unknown:jackson-core
    Package: jackson-core
    ⚠️  GroupId unknown, searching Maven Central for 'jackson-core'...
    ✓ Found: tools.jackson.core:jackson-core
    ℹ️  Other matches found:
       1. com.fasterxml.jackson.core:jackson-core
       2. org.wso2.orbit.com.fasterxml.jackson.core:jackson-core
       3. com.jwebmp.jpms.jackson.core:jackson-core
    ✓ Fetched 14 versions
    ✓ Found 4 github URL(s)

[504] unknown:jackson-core
    Package: jackson-core
    ⚠️  GroupId unknown, searching Maven Central for 'jackson-core'...
    ✓ Found: tools.jackson.core:jackson-core
    ℹ️  Other matches found:
       1. com.fasterxml.jackson.core:jackson-core
       2. org.wso2.orbit.com.fasterxml.jackson.core:jackson-core
       3. com.jwebmp.jpms.jackson.core:jackson-core
    ✓ Fetched 14 versions
    ✓ Found 4 github URL(s)

[505] unknown:jackson-core
    Package: jackson-core
    ⚠️  GroupId unknown, searching Maven Central for 'jackson-core'...
    ✓ Found: tools.jackson.core:jackson-core
    ℹ️  Other matches found:
       1. com.fasterxml.jackson.core:jackson-core
       2. org.wso2.orbit.com.fasterxml.jackson.core:jackson-core
       3. com.jwebmp.jpms.jackson.core:jackson-core
    ✓ Fetched 14 versions
    ✓ Found 4 github URL(s)

[506] unknown:jackson-core
    Package: jackson-core
    ⚠️  GroupId unknown, searching Maven Central for 'jackson-core'...
    ✓ Found: tools.jackson.core:jackson-core
    ℹ️  Other matches found:
       1. com.fasterxml.jackson.core:jackson-core
       2. org.wso2.orbit.com.fasterxml.jackson.core:jackson-core
       3. com.jwebmp.jpms.jackson.core:jackson-core
    ✓ Fetched 14 versions
    ✓ Found 4 github URL(s)

[507] unknown:jackson-databind
    Package: jackson-databind
    ⚠️  GroupId unknown, searching Maven Central for 'jackson-databind'...
    ✓ Found: tools.jackson.core:jackson-databind
    ℹ️  Other matches found:
       1. com.fasterxml.jackson.core:jackson-databind
       2. io.github.behnazh-w.demo:jackson-databind
       3. io.github.errantfiddle:jackson-databind
    ✓ Fetched 14 versions
    ✓ Found 4 github URL(s)

[508] unknown:jackson-databind
    Package: jackson-databind
    ⚠️  GroupId unknown, searching Maven Central for 'jackson-databind'...
    ✓ Found: tools.jackson.core:jackson-databind
    ℹ️  Other matches found:
       1. com.fasterxml.jackson.core:jackson-databind
       2. io.github.behnazh-w.demo:jackson-databind
       3. io.github.errantfiddle:jackson-databind
    ✓ Fetched 14 versions
    ✓ Found 4 github URL(s)

[509] unknown:jackson-dataformats-text
    Package: jackson-dataformats-text
    ⚠️  GroupId unknown, searching Maven Central for 'jackson-dataformats-text'...
    ✓ Found: tools.jackson.dataformat:jackson-dataformats-text
    ℹ️  Other matches found:
       1. com.fasterxml.jackson.dataformat:jackson-dataformats-text
    ✓ Fetched 14 versions
    ✓ Found 5 github URL(s)

[510] jackson-dataformats-text:
    Package: jackson-dataformats-text/csv/
    ✗ Error: Artifact not found: jackson-dataformats-text:

[511] jackson-dataformats-text:
    Package: jackson-dataformats-text/csv/
    ✗ Error: Artifact not found: jackson-dataformats-text:

[512] unknown:jackson-dataformat-yaml
    Package: jackson-dataformat-yaml
    ⚠️  GroupId unknown, searching Maven Central for 'jackson-dataformat-yaml'...
    ✓ Found: tools.jackson.dataformat:jackson-dataformat-yaml
    ℹ️  Other matches found:
       1. com.fasterxml.jackson.dataformat:jackson-dataformat-yaml
       2. com.tencent.bk.base.datalab:jackson-dataformat-yaml
    ✓ Fetched 14 versions
    ✓ Found 1 github URL(s)

[513] unknown:jackson-dataformats-binary
    Package: jackson-dataformats-binary
    ⚠️  GroupId unknown, searching Maven Central for 'jackson-dataformats-binary'...
    ✓ Found: tools.jackson.dataformat:jackson-dataformats-binary
    ℹ️  Other matches found:
       1. com.fasterxml.jackson.dataformat:jackson-dataformats-binary
    ✓ Fetched 14 versions
    ✓ Found 5 github URL(s)

[514] unknown:jackson-dataformats-text
    Package: jackson-dataformats-text
    ⚠️  GroupId unknown, searching Maven Central for 'jackson-dataformats-text'...
    ✓ Found: tools.jackson.dataformat:jackson-dataformats-text
    ℹ️  Other matches found:
       1. com.fasterxml.jackson.dataformat:jackson-dataformats-text
    ✓ Fetched 14 versions
    ✓ Found 5 github URL(s)

[515] unknown:jackson-datatype-jdk8
    Package: jackson-datatype-jdk8
    ⚠️  GroupId unknown, searching Maven Central for 'jackson-datatype-jdk8'...
    ✓ Found: com.fasterxml.jackson.datatype:jackson-datatype-jdk8
    ℹ️  Other matches found:
       1. com.jwebmp.jpms.jackson.datatype:jackson-datatype-jdk8
       2. com.jwebmp.jackson.datatype:jackson-datatype-jdk8
    ✓ Fetched 138 versions

[516] unknown:jackson-datatype-joda
    Package: jackson-datatype-joda
    ⚠️  GroupId unknown, searching Maven Central for 'jackson-datatype-joda'...
    ✓ Found: tools.jackson.datatype:jackson-datatype-joda
    ℹ️  Other matches found:
       1. com.fasterxml.jackson.datatype:jackson-datatype-joda
    ✓ Fetched 14 versions
    ✓ Found 4 github URL(s)

[517] unknown:jackson-datatype-joda
    Package: jackson-datatype-joda
    ⚠️  GroupId unknown, searching Maven Central for 'jackson-datatype-joda'...
    ✓ Found: tools.jackson.datatype:jackson-datatype-joda
    ℹ️  Other matches found:
       1. com.fasterxml.jackson.datatype:jackson-datatype-joda
    ✓ Fetched 14 versions
    ✓ Found 4 github URL(s)

[518] unknown:jackson-datatype-jsr310
    Package: jackson-datatype-jsr310
    ⚠️  GroupId unknown, searching Maven Central for 'jackson-datatype-jsr310'...
    ✓ Found: com.fasterxml.jackson.datatype:jackson-datatype-jsr310
    ℹ️  Other matches found:
       1. tools.jackson.datatype:jackson-datatype-jsr310
       2. com.jwebmp.jackson.datatype:jackson-datatype-jsr310
    ✓ Fetched 156 versions

[519] unknown:jackson-datatype-jsr353
    Package: jackson-datatype-jsr353
    ⚠️  GroupId unknown, searching Maven Central for 'jackson-datatype-jsr353'...
    ✓ Found: tools.jackson.datatype:jackson-datatype-jsr353
    ℹ️  Other matches found:
       1. com.fasterxml.jackson.datatype:jackson-datatype-jsr353
    ✓ Fetched 14 versions
    ✓ Found 1 github URL(s)

[520] unknown:jackson-jakarta-rs-providers
    Package: jackson-jakarta-rs-providers
    ⚠️  GroupId unknown, searching Maven Central for 'jackson-jakarta-rs-providers'...
    ✓ Found: tools.jackson.jakarta.rs:jackson-jakarta-rs-providers
    ℹ️  Other matches found:
       1. com.fasterxml.jackson.jakarta.rs:jackson-jakarta-rs-providers
    ✓ Fetched 14 versions
    ✓ Found 4 github URL(s)

[521] unknown:jackson-jaxrs-base
    Package: jackson-jaxrs-base
    ⚠️  GroupId unknown, searching Maven Central for 'jackson-jaxrs-base'...
    ✓ Found: tools.jackson.jaxrs:jackson-jaxrs-base
    ℹ️  Other matches found:
       1. com.fasterxml.jackson.jaxrs:jackson-jaxrs-base
       2. com.guicedee.services:jackson-jaxrs-base
    ✓ Fetched 14 versions

[522] unknown:jackson-jaxrs-json-provider
    Package: jackson-jaxrs-json-provider
    ⚠️  GroupId unknown, searching Maven Central for 'jackson-jaxrs-json-provider'...
    ✓ Found: tools.jackson.jaxrs:jackson-jaxrs-json-provider
    ℹ️  Other matches found:
       1. com.fasterxml.jackson.jaxrs:jackson-jaxrs-json-provider
       2. com.guicedee.services:jackson-jaxrs-json-provider
    ✓ Fetched 14 versions

[523] unknown:jackson-jaxrs-providers
    Package: jackson-jaxrs-providers
    ⚠️  GroupId unknown, searching Maven Central for 'jackson-jaxrs-providers'...
    ✓ Found: tools.jackson.jaxrs:jackson-jaxrs-providers
    ℹ️  Other matches found:
       1. com.fasterxml.jackson.jaxrs:jackson-jaxrs-providers
    ✓ Fetched 14 versions
    ✓ Found 4 github URL(s)

[524] unknown:jackson-jaxrs-providers
    Package: jackson-jaxrs-providers
    ⚠️  GroupId unknown, searching Maven Central for 'jackson-jaxrs-providers'...
    ✓ Found: tools.jackson.jaxrs:jackson-jaxrs-providers
    ℹ️  Other matches found:
       1. com.fasterxml.jackson.jaxrs:jackson-jaxrs-providers
    ✓ Fetched 14 versions
    ✓ Found 4 github URL(s)

[525] unknown:PACKAGE_NAME
    Package: PACKAGE_NAME
    ⚠️  GroupId unknown, searching Maven Central for 'PACKAGE_NAME'...
    ✗ No results found in Maven Central

[526] unknown:jackson-jaxrs-providers
    Package: jackson-jaxrs-providers
    ⚠️  GroupId unknown, searching Maven Central for 'jackson-jaxrs-providers'...
    ✓ Found: tools.jackson.jaxrs:jackson-jaxrs-providers
    ℹ️  Other matches found:
       1. com.fasterxml.jackson.jaxrs:jackson-jaxrs-providers
    ✓ Fetched 14 versions
    ✓ Found 4 github URL(s)

[527] unknown:jackson-module-jaxb-annotations
    Package: jackson-module-jaxb-annotations
    ⚠️  GroupId unknown, searching Maven Central for 'jackson-module-jaxb-annotations'...
    ✓ Found: tools.jackson.module:jackson-module-jaxb-annotations
    ℹ️  Other matches found:
       1. com.fasterxml.jackson.module:jackson-module-jaxb-annotations
       2. org.wso2.orbit.com.fasterxml.jackson.module:jackson-module-jaxb-annotations
       3. org.glassfish.main.admingui:jackson-module-jaxb-annotations
    ✓ Fetched 14 versions
    ✓ Found 1 github URL(s)

[528] unknown:jackson-modules-java8
    Package: jackson-modules-java8
    ⚠️  GroupId unknown, searching Maven Central for 'jackson-modules-java8'...
    ✓ Found: com.fasterxml.jackson.module:jackson-modules-java8
    ℹ️  Other matches found:
       1. tools.jackson.module:jackson-modules-java8
       2. com.jwebmp.jpms.jackson.module:jackson-modules-java8
       3. com.jwebmp.jackson.module:jackson-modules-java8
    ✓ Fetched 95 versions
    ✓ Found 5 github URL(s)

[529] unknown:jackson-module-paranamer
    Package: jackson-module-paranamer
    ⚠️  GroupId unknown, searching Maven Central for 'jackson-module-paranamer'...
    ✓ Found: com.fasterxml.jackson.module:jackson-module-paranamer
    ✓ Fetched 152 versions
    ✓ Found 1 github URL(s)

[530] unknown:PACKAGE_NAME
    Package: PACKAGE_NAME
    ⚠️  GroupId unknown, searching Maven Central for 'PACKAGE_NAME'...
    ✗ No results found in Maven Central

[531] unknown:jackson-module-scala
    Package: jackson-module-scala
    ⚠️  GroupId unknown, searching Maven Central for 'jackson-module-scala'...
    ✓ Found: com.fasterxml.jackson.module:jackson-module-scala
    ℹ️  Other matches found:
       1. com.fasterxml:jackson-module-scala
    ✓ Fetched 8 versions
    ✓ Found 3 github URL(s)
    ✓ Found 1 other URL(s)

[532] unknown:jackson-modules-base
    Package: jackson-modules-base
    ⚠️  GroupId unknown, searching Maven Central for 'jackson-modules-base'...
    ✓ Found: tools.jackson.module:jackson-modules-base
    ℹ️  Other matches found:
       1. com.fasterxml.jackson.module:jackson-modules-base
       2. com.jwebmp.jpms.jackson.module:jackson-modules-base
       3. com.jwebmp.jackson.module:jackson-modules-base
    ✓ Fetched 14 versions
    ✓ Found 5 github URL(s)

[533] unknown:jackson-modules-java8
    Package: jackson-modules-java8
    ⚠️  GroupId unknown, searching Maven Central for 'jackson-modules-java8'...
    ✓ Found: com.fasterxml.jackson.module:jackson-modules-java8
    ℹ️  Other matches found:
       1. tools.jackson.module:jackson-modules-java8
       2. com.jwebmp.jpms.jackson.module:jackson-modules-java8
       3. com.jwebmp.jackson.module:jackson-modules-java8
    ✓ Fetched 95 versions
    ✓ Found 5 github URL(s)

[534] unknown:datatypes
    Package: datatypes
    ⚠️  GroupId unknown, searching Maven Central for 'datatypes'...
    ✓ Found: at.asitplus.crypto:datatypes
    ℹ️  Other matches found:
       1. ch.dvbern.oss.datatypes:datatypes
       2. org.ballistacompute:datatypes
    ✓ Fetched 17 versions
    ✓ Found 4 github URL(s)

[535] unknown:datetime
    Package: datetime
    ⚠️  GroupId unknown, searching Maven Central for 'datetime'...
    ✓ Found: com.inkapplications.watermelon:datetime
    ℹ️  Other matches found:
       1. io.github.woody230.ktx:datetime
       2. pro.respawn.kmmutils:datetime
       3. io.github.qsy7.java.modules:datetime
    ✓ Fetched 7 versions
    ✓ Found 4 github URL(s)

[536] unknown:parameter-names
    Package: parameter-names
    ⚠️  GroupId unknown, searching Maven Central for 'parameter-names'...
    ✗ No results found in Maven Central

[537] unknown:jackson-xc
    Package: jackson-xc
    ⚠️  GroupId unknown, searching Maven Central for 'jackson-xc'...
    ✓ Found: org.codehaus.jackson:jackson-xc
    ✓ Fetched 69 versions

[538] unknown:jacoco
    Package: jacoco
    ⚠️  GroupId unknown, searching Maven Central for 'jacoco'...
    ✓ Found: io.evitadb:jacoco
    ℹ️  Other matches found:
       1. org.jacoco:jacoco
       2. me.proton.core.gradle-plugins:jacoco
       3. za.co.absa.jacoco:jacoco
    ✓ Fetched 149 versions

[539] unknown:jacoco-ant
    Package: jacoco-ant
    ⚠️  GroupId unknown, searching Maven Central for 'jacoco-ant'...
    ✗ No results found in Maven Central

[540] unknown:jacoco-core
    Package: jacoco-core
    ⚠️  GroupId unknown, searching Maven Central for 'jacoco-core'...
    ✗ No results found in Maven Central

[541] unknown:jacoco-report
    Package: jacoco-report
    ⚠️  GroupId unknown, searching Maven Central for 'jacoco-report'...
    ✓ Found: global.maplink:jacoco-report
    ℹ️  Other matches found:
       1. com.mariocairone.cucumbersome:jacoco-report
    ✓ Fetched 65 versions

[542] unknown:jacocoagent
    Package: jacocoagent
    ⚠️  GroupId unknown, searching Maven Central for 'jacocoagent'...
    ✗ No results found in Maven Central

[543] unknown:jaf-api
    Package: jaf-api
    ⚠️  GroupId unknown, searching Maven Central for 'jaf-api'...
    ✗ No results found in Maven Central

[544] unknown:jaf-api
    Package: jaf-api
    ⚠️  GroupId unknown, searching Maven Central for 'jaf-api'...
    ✗ No results found in Maven Central

[545] unknown:jaf-api
    Package: jaf-api
    ⚠️  GroupId unknown, searching Maven Central for 'jaf-api'...
    ✗ No results found in Maven Central

[546] unknown:jakarta-activation-api
    Package: jakarta-activation-api
    ⚠️  GroupId unknown, searching Maven Central for 'jakarta-activation-api'...
    ✗ No results found in Maven Central

[547] unknown:metro-saaj
    Package: metro-saaj
    ⚠️  GroupId unknown, searching Maven Central for 'metro-saaj'...
    ✓ Found: com.sun.xml.messaging.saaj:metro-saaj
    ✓ Fetched 13 versions
    ✓ Found 4 github URL(s)

[548] unknown:metro-saaj
    Package: metro-saaj
    ⚠️  GroupId unknown, searching Maven Central for 'metro-saaj'...
    ✓ Found: com.sun.xml.messaging.saaj:metro-saaj
    ✓ Fetched 13 versions
    ✓ Found 4 github URL(s)

[549] unknown:metro-saaj
    Package: metro-saaj
    ⚠️  GroupId unknown, searching Maven Central for 'metro-saaj'...
    ✓ Found: com.sun.xml.messaging.saaj:metro-saaj
    ✓ Fetched 13 versions
    ✓ Found 4 github URL(s)

[550] unknown:jakarta.annotation-api
    Package: jakarta.annotation-api
    ⚠️  GroupId unknown, searching Maven Central for 'jakarta.annotation-api'...
    ✓ Found: jakarta.annotation:jakarta.annotation-api
    ℹ️  Other matches found:
       1. one.gfw:jakarta.annotation-api
       2. com.guicedee.services:jakarta.annotation-api
    ✓ Fetched 10 versions
    ✓ Found 4 github URL(s)
    ✓ Found 1 other URL(s)

[551] jpa-api:api
    Package: jpa-api/api
    ✗ Error: Artifact not found: jpa-api:api

[552] jta-api:api
    Package: jta-api/api
    ✗ Error: Artifact not found: jta-api:api

[553] unknown:servlet
    Package: servlet
    ⚠️  GroupId unknown, searching Maven Central for 'servlet'...
    ✓ Found: org.openidentityplatform.commons.audit:servlet
    ℹ️  Other matches found:
       1. org.openidentityplatform.commons.http-framework:servlet
       2. org.openidentityplatform.commons.guice:servlet
       3. io.openliberty.features:servlet
    ✓ Fetched 28 versions

[554] unknown:rest
    Package: rest
    ⚠️  GroupId unknown, searching Maven Central for 'rest'...
    ✓ Found: org.openidentityplatform.commons:rest
    ℹ️  Other matches found:
       1. com.thegoate:rest
       2. org.jboss.pnc:rest
       3. io.peekandpoke.funktor:rest
    ✓ Fetched 28 versions

[555] unknown:jamm
    Package: jamm
    ⚠️  GroupId unknown, searching Maven Central for 'jamm'...
    ✓ Found: com.github.jbellis:jamm
    ℹ️  Other matches found:
       1. io.github.stephankoelle:jamm
       2. com.github.stephenc:jamm
    ✓ Fetched 8 versions
    ✓ Found 5 github URL(s)

[556] unknown:jandex
    Package: jandex
    ⚠️  GroupId unknown, searching Maven Central for 'jandex'...
    ✓ Found: org.jboss:jandex
    ℹ️  Other matches found:
       1. io.smallrye:jandex
       2. org.projectnessie.buildsupport:jandex
       3. com.guicedee.services:jandex
    ✓ Fetched 79 versions

[557] unknown:jandex
    Package: jandex
    ⚠️  GroupId unknown, searching Maven Central for 'jandex'...
    ✓ Found: org.jboss:jandex
    ℹ️  Other matches found:
       1. io.smallrye:jandex
       2. org.projectnessie.buildsupport:jandex
       3. com.guicedee.services:jandex
    ✓ Fetched 79 versions

[558] unknown:janusgraph
    Package: janusgraph
    ⚠️  GroupId unknown, searching Maven Central for 'janusgraph'...
    ✓ Found: org.janusgraph:janusgraph
    ℹ️  Other matches found:
       1. org.janusgraph.commit:janusgraph
       2. com.pontusvision:janusgraph
    ✓ Fetched 792 versions
    ✓ Found 3 github URL(s)
    ✓ Found 1 other URL(s)

[559] unknown:janusgraph
    Package: janusgraph
    ⚠️  GroupId unknown, searching Maven Central for 'janusgraph'...
    ✓ Found: org.janusgraph:janusgraph
    ℹ️  Other matches found:
       1. org.janusgraph.commit:janusgraph
       2. com.pontusvision:janusgraph
    ✓ Fetched 792 versions
    ✓ Found 3 github URL(s)
    ✓ Found 1 other URL(s)

[560] unknown:janusgraph
    Package: janusgraph
    ⚠️  GroupId unknown, searching Maven Central for 'janusgraph'...
    ✓ Found: org.janusgraph:janusgraph
    ℹ️  Other matches found:
       1. org.janusgraph.commit:janusgraph
       2. com.pontusvision:janusgraph
    ✓ Fetched 792 versions
    ✓ Found 3 github URL(s)
    ✓ Found 1 other URL(s)

[561] unknown:janusgraph-berkeleyje
    Package: janusgraph-berkeleyje
    ⚠️  GroupId unknown, searching Maven Central for 'janusgraph-berkeleyje'...
    ✓ Found: org.janusgraph:janusgraph-berkeleyje
    ℹ️  Other matches found:
       1. org.janusgraph.commit:janusgraph-berkeleyje
       2. com.pontusvision:janusgraph-berkeleyje
    ✓ Fetched 792 versions
    ✓ Found 1 other URL(s)

[562] unknown:janusgraph-core
    Package: janusgraph-core
    ⚠️  GroupId unknown, searching Maven Central for 'janusgraph-core'...
    ✓ Found: org.janusgraph:janusgraph-core
    ℹ️  Other matches found:
       1. org.janusgraph.commit:janusgraph-core
       2. com.pontusvision:janusgraph-core
    ✓ Fetched 792 versions
    ✓ Found 1 other URL(s)

[563] unknown:janusgraph-lucene
    Package: janusgraph-lucene
    ⚠️  GroupId unknown, searching Maven Central for 'janusgraph-lucene'...
    ✓ Found: org.janusgraph:janusgraph-lucene
    ℹ️  Other matches found:
       1. org.janusgraph.commit:janusgraph-lucene
       2. com.pontusvision:janusgraph-lucene
    ✓ Fetched 792 versions
    ✓ Found 1 other URL(s)

[564] unknown:jasypt
    Package: jasypt
    ⚠️  GroupId unknown, searching Maven Central for 'jasypt'...
    ✓ Found: io.github.prakashiit:jasypt
    ℹ️  Other matches found:
       1. net.cactusthorn.config:jasypt
       2. org.jasypt:jasypt
       3. com.melloware:jasypt
    ✓ Fetched 1 versions
    ✓ Found 3 github URL(s)
    ✓ Found 1 other URL(s)

[565] unknown:java-annotations
    Package: java-annotations
    ⚠️  GroupId unknown, searching Maven Central for 'java-annotations'...
    ✓ Found: io.contextmap:java-annotations
    ✓ Fetched 40 versions
    ✓ Found 1 github URL(s)
    ✓ Found 1 other URL(s)

[566] unknown:java-common-protos
    Package: java-common-protos
    ⚠️  GroupId unknown, searching Maven Central for 'java-common-protos'...
    ✗ No results found in Maven Central

[567] unknown:java-hll
    Package: java-hll
    ⚠️  GroupId unknown, searching Maven Central for 'java-hll'...
    ✗ No results found in Maven Central

[568] unknown:java-jwt
    Package: java-jwt
    ⚠️  GroupId unknown, searching Maven Central for 'java-jwt'...
    ✓ Found: com.auth0:java-jwt
    ℹ️  Other matches found:
       1. com.github.robertomanfreda:java-jwt
       2. de.notizwerk:java-jwt
    ✓ Fetched 58 versions
    ✓ Found 4 github URL(s)

[569] unknown:PACKAGE_NAME
    Package: PACKAGE_NAME
    ⚠️  GroupId unknown, searching Maven Central for 'PACKAGE_NAME'...
    ✗ No results found in Maven Central

[570] unknown:java-jwt
    Package: java-jwt
    ⚠️  GroupId unknown, searching Maven Central for 'java-jwt'...
    ✓ Found: com.auth0:java-jwt
    ℹ️  Other matches found:
       1. com.github.robertomanfreda:java-jwt
       2. de.notizwerk:java-jwt
    ✓ Fetched 58 versions
    ✓ Found 4 github URL(s)

[571] unknown:java-sdk-core
    Package: java-sdk-core
    ⚠️  GroupId unknown, searching Maven Central for 'java-sdk-core'...
    ✓ Found: ru.tinkoff.piapi:java-sdk-core
    ℹ️  Other matches found:
       1. com.dahuatech.icc:java-sdk-core
       2. org.fennecpipeline:java-sdk-core
       3. software.reloadly:java-sdk-core
    ✓ Fetched 43 versions

[572] unknown:java-statsd-client
    Package: java-statsd-client
    ⚠️  GroupId unknown, searching Maven Central for 'java-statsd-client'...
    ✓ Found: com.timgroup:java-statsd-client
    ✓ Fetched 6 versions
    ✓ Found 4 github URL(s)

[573] unknown:opentracing-tracerresolver
    Package: opentracing-tracerresolver
    ⚠️  GroupId unknown, searching Maven Central for 'opentracing-tracerresolver'...
    ✓ Found: io.thorntail:opentracing-tracerresolver
    ℹ️  Other matches found:
       1. io.opentracing.contrib:opentracing-tracerresolver
    ✓ Fetched 8 versions

[574] unknown:java-uuid-generator
    Package: java-uuid-generator
    ⚠️  GroupId unknown, searching Maven Central for 'java-uuid-generator'...
    ✓ Found: com.fasterxml.uuid:java-uuid-generator
    ✓ Fetched 19 versions
    ✓ Found 5 github URL(s)

[575] unknown:javaewah
    Package: javaewah
    ⚠️  GroupId unknown, searching Maven Central for 'javaewah'...
    ✗ No results found in Maven Central

[576] javaparser:javaparser-core
    Package: javaparser/javaparser-core
    ✗ Error: Artifact not found: javaparser:javaparser-core

[577] unknown:javapoet
    Package: javapoet
    ⚠️  GroupId unknown, searching Maven Central for 'javapoet'...
    ✓ Found: com.palantir.javapoet:javapoet
    ℹ️  Other matches found:
       1. io.github.jbock-java:javapoet
       2. com.baidu.lbsyun:javapoet
       3. de.quantummaid.reflectmaid:javapoet
    ✓ Fetched 10 versions
    ✓ Found 2 github URL(s)

[578] unknown:javapoet
    Package: javapoet
    ⚠️  GroupId unknown, searching Maven Central for 'javapoet'...
    ✓ Found: com.palantir.javapoet:javapoet
    ℹ️  Other matches found:
       1. io.github.jbock-java:javapoet
       2. com.baidu.lbsyun:javapoet
       3. de.quantummaid.reflectmaid:javapoet
    ✓ Fetched 10 versions
    ✓ Found 2 github URL(s)

[579] unknown:javassist
    Package: javassist
    ⚠️  GroupId unknown, searching Maven Central for 'javassist'...
    ✓ Found: io.github.FlyJingFish.javassist:javassist
    ℹ️  Other matches found:
       1. io.github.FlyJingFish.AndroidAop:javassist
       2. org.javassist:javassist
       3. de.scrum-master.org.javassist:javassist
    ✓ Fetched 2 versions
    ✓ Found 4 github URL(s)

[580] unknown:javassist
    Package: javassist
    ⚠️  GroupId unknown, searching Maven Central for 'javassist'...
    ✓ Found: io.github.FlyJingFish.javassist:javassist
    ℹ️  Other matches found:
       1. io.github.FlyJingFish.AndroidAop:javassist
       2. org.javassist:javassist
       3. de.scrum-master.org.javassist:javassist
    ✓ Fetched 2 versions
    ✓ Found 4 github URL(s)

[581] unknown:javassist
    Package: javassist
    ⚠️  GroupId unknown, searching Maven Central for 'javassist'...
    ✓ Found: io.github.FlyJingFish.javassist:javassist
    ℹ️  Other matches found:
       1. io.github.FlyJingFish.AndroidAop:javassist
       2. org.javassist:javassist
       3. de.scrum-master.org.javassist:javassist
    ✓ Fetched 2 versions
    ✓ Found 4 github URL(s)

[582] unknown:javatuples
    Package: javatuples
    ⚠️  GroupId unknown, searching Maven Central for 'javatuples'...
    ✓ Found: com.flipkart.utils:javatuples
    ℹ️  Other matches found:
       1. org.javatuples:javatuples
    ✓ Fetched 2 versions
    ✓ Found 2 github URL(s)

[583] unknown:javatuples
    Package: javatuples
    ⚠️  GroupId unknown, searching Maven Central for 'javatuples'...
    ✓ Found: com.flipkart.utils:javatuples
    ℹ️  Other matches found:
       1. org.javatuples:javatuples
    ✓ Fetched 2 versions
    ✓ Found 2 github URL(s)

[584] unknown:javax-inject
    Package: javax-inject
    ⚠️  GroupId unknown, searching Maven Central for 'javax-inject'...
    ✓ Found: io.github.qsy7.java.dependencies:javax-inject
    ℹ️  Other matches found:
       1. org.xbib:javax-inject
       2. com.walterjwhite.java.dependencies:javax-inject
       3. com.walterjwhite.infrastructure.dependencies:javax-inject
    ✓ Fetched 4 versions

[585] unknown:javax.activation-api
    Package: javax.activation-api
    ⚠️  GroupId unknown, searching Maven Central for 'javax.activation-api'...
    ✓ Found: one.gfw:javax.activation-api
    ℹ️  Other matches found:
       1. javax.activation:javax.activation-api
    ✓ Fetched 1 versions
    ✓ Found 3 github URL(s)

[586] unknown:javax.annotation
    Package: javax.annotation
    ⚠️  GroupId unknown, searching Maven Central for 'javax.annotation'...
    ✓ Found: org.realityforge.javax.annotation:javax.annotation
    ℹ️  Other matches found:
       1. org.netbeans.external:javax.annotation
       2. org.glassfish.main.javaee-api:javax.annotation
       3. org.glassfish.main:javax.annotation
    ✓ Fetched 3 versions
    ✓ Found 5 github URL(s)

[587] unknown:javax.annotation-api
    Package: javax.annotation-api
    ⚠️  GroupId unknown, searching Maven Central for 'javax.annotation-api'...
    ✓ Found: one.gfw:javax.annotation-api
    ℹ️  Other matches found:
       1. org.rationalityfrontline.workaround:javax.annotation-api
       2. javax.annotation:javax.annotation-api
    ✓ Fetched 1 versions
    ✓ Found 4 github URL(s)

[588] unknown:javax.inject
    Package: javax.inject
    ⚠️  GroupId unknown, searching Maven Central for 'javax.inject'...
    ✓ Found: dev.ikm.jpms:javax.inject
    ℹ️  Other matches found:
       1. io.sarl.baseutils:javax.inject
       2. io.avaje:javax.inject
       3. com.guicedee.services:javax.inject
    ✓ Fetched 5 versions

[589] unknown:javax.inject-1
    Package: javax.inject-1
    ⚠️  GroupId unknown, searching Maven Central for 'javax.inject-1'...
    ✗ No results found in Maven Central

[590] unknown:javax.interceptor
    Package: javax.interceptor
    ⚠️  GroupId unknown, searching Maven Central for 'javax.interceptor'...
    ✗ No results found in Maven Central

[591] unknown:javax.json
    Package: javax.json
    ⚠️  GroupId unknown, searching Maven Central for 'javax.json'...
    ✓ Found: org.glassfish:javax.json
    ✓ Fetched 17 versions
    ✓ Found 1 github URL(s)

[592] unknown:javamail
    Package: javamail
    ⚠️  GroupId unknown, searching Maven Central for 'javamail'...
    ✓ Found: jakarta.tck:javamail
    ℹ️  Other matches found:
       1. io.github.qsy7.java.modules.email.providers:javamail
       2. io.github.qsy7.java.dependencies:javamail
       3. org.lucee:javamail
    ✓ Fetched 3 versions
    ✓ Found 3 github URL(s)
    ✓ Found 1 other URL(s)

[593] unknown:javax.persistence-api
    Package: javax.persistence-api
    ⚠️  GroupId unknown, searching Maven Central for 'javax.persistence-api'...
    ✓ Found: javax.persistence:javax.persistence-api
    ✓ Fetched 1 versions
    ✓ Found 5 github URL(s)

[594] unknown:javax.servlet-api
    Package: javax.servlet-api
    ⚠️  GroupId unknown, searching Maven Central for 'javax.servlet-api'...
    ✓ Found: com.guicedee.services:javax.servlet-api
    ℹ️  Other matches found:
       1. javax.servlet:javax.servlet-api
       2. com.hynnet:javax.servlet-api
    ✓ Fetched 207 versions
    ✓ Found 5 other URL(s)

[595] unknown:javax.transaction
    Package: javax.transaction
    ⚠️  GroupId unknown, searching Maven Central for 'javax.transaction'...
    ✓ Found: com.guicedee.services:javax.transaction
    ℹ️  Other matches found:
       1. com.jwebmp.thirdparty:javax.transaction
       2. org.glassfish.main.transaction:javax.transaction
       3. org.glassfish.main:javax.transaction
    ✓ Fetched 446 versions
    ✓ Found 4 github URL(s)
    ✓ Found 1 other URL(s)

[596] unknown:PACKAGE_NAME
    Package: PACKAGE_NAME
    ⚠️  GroupId unknown, searching Maven Central for 'PACKAGE_NAME'...
    ✗ No results found in Maven Central

[597] unknown:jaxb-api
    Package: jaxb-api
    ⚠️  GroupId unknown, searching Maven Central for 'jaxb-api'...
    ✓ Found: one.gfw:jaxb-api
    ℹ️  Other matches found:
       1. org.wso2.orbit.javax.xml.bind:jaxb-api
       2. com.liferay:jaxb-api
       3. javax.xml.bind:jaxb-api
    ✓ Fetched 2 versions
    ✓ Found 3 github URL(s)

[598] unknown:jaxb-api
    Package: jaxb-api
    ⚠️  GroupId unknown, searching Maven Central for 'jaxb-api'...
    ✓ Found: one.gfw:jaxb-api
    ℹ️  Other matches found:
       1. org.wso2.orbit.javax.xml.bind:jaxb-api
       2. com.liferay:jaxb-api
       3. javax.xml.bind:jaxb-api
    ✓ Fetched 2 versions
    ✓ Found 3 github URL(s)

[599] unknown:PACKAGE_NAME
    Package: PACKAGE_NAME
    ⚠️  GroupId unknown, searching Maven Central for 'PACKAGE_NAME'...
    ✗ No results found in Maven Central

[600] unknown:jaxb-api
    Package: jaxb-api
    ⚠️  GroupId unknown, searching Maven Central for 'jaxb-api'...
    ✓ Found: one.gfw:jaxb-api
    ℹ️  Other matches found:
       1. org.wso2.orbit.javax.xml.bind:jaxb-api
       2. com.liferay:jaxb-api
       3. javax.xml.bind:jaxb-api
    ✓ Fetched 2 versions
    ✓ Found 3 github URL(s)

[601] unknown:jaxb-istack-commons
    Package: jaxb-istack-commons
    ⚠️  GroupId unknown, searching Maven Central for 'jaxb-istack-commons'...
    ✗ No results found in Maven Central

[602] unknown:jaxb-ri
    Package: jaxb-ri
    ⚠️  GroupId unknown, searching Maven Central for 'jaxb-ri'...
    ✓ Found: com.sun.xml.bind:jaxb-ri
    ℹ️  Other matches found:
       1. cn.lzgabel.jaxb.xml.bind:jaxb-ri
    ✓ Fetched 42 versions
    ✓ Found 1 github URL(s)

[603] unknown:jaxb-ri
    Package: jaxb-ri
    ⚠️  GroupId unknown, searching Maven Central for 'jaxb-ri'...
    ✓ Found: com.sun.xml.bind:jaxb-ri
    ℹ️  Other matches found:
       1. cn.lzgabel.jaxb.xml.bind:jaxb-ri
    ✓ Fetched 42 versions
    ✓ Found 1 github URL(s)

[604] unknown:jaxb-ri
    Package: jaxb-ri
    ⚠️  GroupId unknown, searching Maven Central for 'jaxb-ri'...
    ✓ Found: com.sun.xml.bind:jaxb-ri
    ℹ️  Other matches found:
       1. cn.lzgabel.jaxb.xml.bind:jaxb-ri
    ✓ Fetched 42 versions
    ✓ Found 1 github URL(s)

[605] unknown:jbcrypt
    Package: jbcrypt
    ⚠️  GroupId unknown, searching Maven Central for 'jbcrypt'...
    ✓ Found: de.svws-nrw.ext:jbcrypt
    ℹ️  Other matches found:
       1. org.connectbot:jbcrypt
       2. org.mindrot:jbcrypt
    ✓ Fetched 4 versions
    ✓ Found 4 github URL(s)

[606] unknown:jbcrypt
    Package: jbcrypt
    ⚠️  GroupId unknown, searching Maven Central for 'jbcrypt'...
    ✓ Found: de.svws-nrw.ext:jbcrypt
    ℹ️  Other matches found:
       1. org.connectbot:jbcrypt
       2. org.mindrot:jbcrypt
    ✓ Fetched 4 versions
    ✓ Found 4 github URL(s)

[607] unknown:jboss-logging
    Package: jboss-logging
    ⚠️  GroupId unknown, searching Maven Central for 'jboss-logging'...
    ✓ Found: org.jboss.logging:jboss-logging
    ✓ Fetched 36 versions
    ✓ Found 3 github URL(s)
    ✓ Found 1 other URL(s)

[608] unknown:jboss-logging
    Package: jboss-logging
    ⚠️  GroupId unknown, searching Maven Central for 'jboss-logging'...
    ✓ Found: org.jboss.logging:jboss-logging
    ✓ Fetched 36 versions
    ✓ Found 3 github URL(s)
    ✓ Found 1 other URL(s)

[609] unknown:jboss-marshalling
    Package: jboss-marshalling
    ⚠️  GroupId unknown, searching Maven Central for 'jboss-marshalling'...
    ✓ Found: org.jboss.marshalling:jboss-marshalling
    ✓ Fetched 86 versions

[610] unknown:jboss-marshalling
    Package: jboss-marshalling
    ⚠️  GroupId unknown, searching Maven Central for 'jboss-marshalling'...
    ✓ Found: org.jboss.marshalling:jboss-marshalling
    ✓ Fetched 86 versions

[611] unknown:jboss-transaction-api
    Package: jboss-transaction-api
    ⚠️  GroupId unknown, searching Maven Central for 'jboss-transaction-api'...
    ✓ Found: org.jboss.javaee:jboss-transaction-api
    ✓ Fetched 5 versions
    ✓ Found 1 other URL(s)

[612] unknown:jboss-transaction-api_1.2_spec
    Package: jboss-transaction-api_1.2_spec
    ⚠️  GroupId unknown, searching Maven Central for 'jboss-transaction-api_1.2_spec'...
    ✓ Found: org.jboss.spec.javax.transaction:jboss-transaction-api_1.2_spec
    ✓ Fetched 10 versions
    ✓ Found 3 github URL(s)
    ✓ Found 1 other URL(s)

[613] unknown:jcabi-aspects
    Package: jcabi-aspects
    ⚠️  GroupId unknown, searching Maven Central for 'jcabi-aspects'...
    ✓ Found: com.jcabi:jcabi-aspects
    ✓ Fetched 76 versions
    ✓ Found 4 github URL(s)

[614] unknown:jcabi-log
    Package: jcabi-log
    ⚠️  GroupId unknown, searching Maven Central for 'jcabi-log'...
    ✓ Found: com.jcabi:jcabi-log
    ✓ Fetched 82 versions
    ✓ Found 4 github URL(s)

[615] unknown:jcabi-manifests
    Package: jcabi-manifests
    ⚠️  GroupId unknown, searching Maven Central for 'jcabi-manifests'...
    ✓ Found: io.github.qsy7.java.dependencies:jcabi-manifests
    ℹ️  Other matches found:
       1. com.jcabi:jcabi-manifests
       2. com.walterjwhite.java.dependencies:jcabi-manifests
    ✓ Fetched 4 versions

[616] unknown:jcifs
    Package: jcifs
    ⚠️  GroupId unknown, searching Maven Central for 'jcifs'...
    ✓ Found: org.codelibs:jcifs
    ℹ️  Other matches found:
       1. io.gitee.pickled_vegetables:jcifs
       2. jcifs:jcifs
       3. org.samba.jcifs:jcifs
    ✓ Fetched 46 versions
    ✓ Found 4 github URL(s)

[617] unknown:jcip-annotations
    Package: jcip-annotations
    ⚠️  GroupId unknown, searching Maven Central for 'jcip-annotations'...
    ✓ Found: org.icroco:jcip-annotations
    ℹ️  Other matches found:
       1. org.lucee:jcip-annotations
       2. com.io7m.jcip:jcip-annotations
       3. com.github.stephenc.jcip:jcip-annotations
    ✓ Fetched 1 versions
    ✓ Found 5 github URL(s)

[618] unknown:PACKAGE_NAME
    Package: PACKAGE_NAME
    ⚠️  GroupId unknown, searching Maven Central for 'PACKAGE_NAME'...
    ✗ No results found in Maven Central

[619] unknown:jcip-annotations
    Package: jcip-annotations
    ⚠️  GroupId unknown, searching Maven Central for 'jcip-annotations'...
    ✓ Found: org.icroco:jcip-annotations
    ℹ️  Other matches found:
       1. org.lucee:jcip-annotations
       2. com.io7m.jcip:jcip-annotations
       3. com.github.stephenc.jcip:jcip-annotations
    ✓ Fetched 1 versions
    ✓ Found 5 github URL(s)

[620] unknown:jcl-over-slf4j
    Package: jcl-over-slf4j
    ⚠️  GroupId unknown, searching Maven Central for 'jcl-over-slf4j'...
    ✓ Found: org.slf4j:jcl-over-slf4j
    ✓ Fetched 93 versions
    ✓ Found 1 other URL(s)

[621] unknown:JCTools
    Package: JCTools
    ⚠️  GroupId unknown, searching Maven Central for 'JCTools'...
    ✗ No results found in Maven Central

[622] unknown:jena-base
    Package: jena-base
    ⚠️  GroupId unknown, searching Maven Central for 'jena-base'...
    ✓ Found: org.apache.jena:jena-base
    ✓ Fetched 43 versions

[623] unknown:jena-core
    Package: jena-core
    ⚠️  GroupId unknown, searching Maven Central for 'jena-core'...
    ✓ Found: org.apache.jena:jena-core
    ✓ Fetched 56 versions

[624] unknown:jena-core
    Package: jena-core
    ⚠️  GroupId unknown, searching Maven Central for 'jena-core'...
    ✓ Found: org.apache.jena:jena-core
    ✓ Fetched 56 versions

[625] unknown:2.135
    Package: 2.135
    ⚠️  GroupId unknown, searching Maven Central for '2.135'...
    ✗ No results found in Maven Central

[626] unknown:jersey
    Package: jersey
    ⚠️  GroupId unknown, searching Maven Central for 'jersey'...
    ✓ Found: no.priv.bang.karaf:jersey
    ℹ️  Other matches found:
       1. org.eclipse.dataspaceconnector:jersey
       2. nl.demon.shadowland.freedumbytes.maven.dependencies:jersey
       3. org.glassfish.main.packager:jersey
    ✓ Fetched 18 versions

[627] jersey:core-server
    Package: jersey/core-server
    ✗ Error: Artifact not found: jersey:core-server

[628] jersey:core-server
    Package: jersey/core-server
    ✗ Error: Artifact not found: jersey:core-server

[629] unknown:jersey
    Package: jersey
    ⚠️  GroupId unknown, searching Maven Central for 'jersey'...
    ✓ Found: no.priv.bang.karaf:jersey
    ℹ️  Other matches found:
       1. org.eclipse.dataspaceconnector:jersey
       2. nl.demon.shadowland.freedumbytes.maven.dependencies:jersey
       3. org.glassfish.main.packager:jersey
    ✓ Fetched 18 versions

[630] unknown:jersey
    Package: jersey
    ⚠️  GroupId unknown, searching Maven Central for 'jersey'...
    ✓ Found: no.priv.bang.karaf:jersey
    ℹ️  Other matches found:
       1. org.eclipse.dataspaceconnector:jersey
       2. nl.demon.shadowland.freedumbytes.maven.dependencies:jersey
       3. org.glassfish.main.packager:jersey
    ✓ Fetched 18 versions

[631] unknown:PACKAGE_NAME
    Package: PACKAGE_NAME
    ⚠️  GroupId unknown, searching Maven Central for 'PACKAGE_NAME'...
    ✗ No results found in Maven Central

[632] unknown:jersey-client
    Package: jersey-client
    ⚠️  GroupId unknown, searching Maven Central for 'jersey-client'...
    ✓ Found: org.glassfish.jersey.core:jersey-client
    ℹ️  Other matches found:
       1. eu.ralph-schuster:jersey-client
       2. io.github.qsy7.java.dependencies:jersey-client
       3. org.testifyproject.client:jersey-client
    ✓ Fetched 149 versions

[633] unknown:jersey
    Package: jersey
    ⚠️  GroupId unknown, searching Maven Central for 'jersey'...
    ✓ Found: no.priv.bang.karaf:jersey
    ℹ️  Other matches found:
       1. org.eclipse.dataspaceconnector:jersey
       2. nl.demon.shadowland.freedumbytes.maven.dependencies:jersey
       3. org.glassfish.main.packager:jersey
    ✓ Fetched 18 versions

[634] unknown:jersey-common
    Package: jersey-common
    ⚠️  GroupId unknown, searching Maven Central for 'jersey-common'...
    ✓ Found: org.glassfish.jersey.core:jersey-common
    ℹ️  Other matches found:
       1. cd.connect.jersey:jersey-common
    ✓ Fetched 149 versions

[635] unknown:jersey
    Package: jersey
    ⚠️  GroupId unknown, searching Maven Central for 'jersey'...
    ✓ Found: no.priv.bang.karaf:jersey
    ℹ️  Other matches found:
       1. org.eclipse.dataspaceconnector:jersey
       2. nl.demon.shadowland.freedumbytes.maven.dependencies:jersey
       3. org.glassfish.main.packager:jersey
    ✓ Fetched 18 versions

[636] unknown:PACKAGE_NAME
    Package: PACKAGE_NAME
    ⚠️  GroupId unknown, searching Maven Central for 'PACKAGE_NAME'...
    ✗ No results found in Maven Central

[637] unknown:jersey-container-servlet-core
    Package: jersey-container-servlet-core
    ⚠️  GroupId unknown, searching Maven Central for 'jersey-container-servlet-core'...
    ✓ Found: org.glassfish.jersey.containers:jersey-container-servlet-core
    ✓ Fetched 144 versions

[638] unknown:jersey
    Package: jersey
    ⚠️  GroupId unknown, searching Maven Central for 'jersey'...
    ✓ Found: no.priv.bang.karaf:jersey
    ℹ️  Other matches found:
       1. org.eclipse.dataspaceconnector:jersey
       2. nl.demon.shadowland.freedumbytes.maven.dependencies:jersey
       3. org.glassfish.main.packager:jersey
    ✓ Fetched 18 versions

[639] unknown:jersey
    Package: jersey
    ⚠️  GroupId unknown, searching Maven Central for 'jersey'...
    ✓ Found: no.priv.bang.karaf:jersey
    ℹ️  Other matches found:
       1. org.eclipse.dataspaceconnector:jersey
       2. nl.demon.shadowland.freedumbytes.maven.dependencies:jersey
       3. org.glassfish.main.packager:jersey
    ✓ Fetched 18 versions

[640] unknown:jersey
    Package: jersey
    ⚠️  GroupId unknown, searching Maven Central for 'jersey'...
    ✓ Found: no.priv.bang.karaf:jersey
    ℹ️  Other matches found:
       1. org.eclipse.dataspaceconnector:jersey
       2. nl.demon.shadowland.freedumbytes.maven.dependencies:jersey
       3. org.glassfish.main.packager:jersey
    ✓ Fetched 18 versions

[641] unknown:PACKAGE_NAME
    Package: PACKAGE_NAME
    ⚠️  GroupId unknown, searching Maven Central for 'PACKAGE_NAME'...
    ✗ No results found in Maven Central

[642] unknown:jersey-media-jaxb
    Package: jersey-media-jaxb
    ⚠️  GroupId unknown, searching Maven Central for 'jersey-media-jaxb'...
    ✓ Found: org.glassfish.jersey.media:jersey-media-jaxb
    ✓ Fetched 98 versions

[643] unknown:jersey
    Package: jersey
    ⚠️  GroupId unknown, searching Maven Central for 'jersey'...
    ✓ Found: no.priv.bang.karaf:jersey
    ℹ️  Other matches found:
       1. org.eclipse.dataspaceconnector:jersey
       2. nl.demon.shadowland.freedumbytes.maven.dependencies:jersey
       3. org.glassfish.main.packager:jersey
    ✓ Fetched 18 versions

[644] unknown:jersey-media-multipart
    Package: jersey-media-multipart
    ⚠️  GroupId unknown, searching Maven Central for 'jersey-media-multipart'...
    ✓ Found: org.glassfish.jersey.media:jersey-media-multipart
    ✓ Fetched 146 versions

[645] unknown:jersey
    Package: jersey
    ⚠️  GroupId unknown, searching Maven Central for 'jersey'...
    ✓ Found: no.priv.bang.karaf:jersey
    ℹ️  Other matches found:
       1. org.eclipse.dataspaceconnector:jersey
       2. nl.demon.shadowland.freedumbytes.maven.dependencies:jersey
       3. org.glassfish.main.packager:jersey
    ✓ Fetched 18 versions

[646] unknown:PACKAGE_NAME
    Package: PACKAGE_NAME
    ⚠️  GroupId unknown, searching Maven Central for 'PACKAGE_NAME'...
    ✗ No results found in Maven Central

[647] unknown:jetty
    Package: jetty
    ⚠️  GroupId unknown, searching Maven Central for 'jetty'...
    ✓ Found: org.eclipse.jetty.documentation:jetty
    ℹ️  Other matches found:
       1. com.github.skjolber.mockito-rest-spring:jetty
       2. io.github.qsy7.java.dependencies:jetty
       3. io.github.qsy7.java.infrastructure.inject.modules.web.providers:jetty
    ✓ Fetched 45 versions

[648] unknown:PACKAGE_NAME
    Package: PACKAGE_NAME
    ⚠️  GroupId unknown, searching Maven Central for 'PACKAGE_NAME'...
    ✗ No results found in Maven Central

[649] unknown:PACKAGE_NAME
    Package: PACKAGE_NAME
    ⚠️  GroupId unknown, searching Maven Central for 'PACKAGE_NAME'...
    ✗ No results found in Maven Central

[650] unknown:jetty
    Package: jetty
    ⚠️  GroupId unknown, searching Maven Central for 'jetty'...
    ✓ Found: org.eclipse.jetty.documentation:jetty
    ℹ️  Other matches found:
       1. com.github.skjolber.mockito-rest-spring:jetty
       2. io.github.qsy7.java.dependencies:jetty
       3. io.github.qsy7.java.infrastructure.inject.modules.web.providers:jetty
    ✓ Fetched 45 versions

[651] unknown:jetty
    Package: jetty
    ⚠️  GroupId unknown, searching Maven Central for 'jetty'...
    ✓ Found: org.eclipse.jetty.documentation:jetty
    ℹ️  Other matches found:
       1. com.github.skjolber.mockito-rest-spring:jetty
       2. io.github.qsy7.java.dependencies:jetty
       3. io.github.qsy7.java.infrastructure.inject.modules.web.providers:jetty
    ✓ Fetched 45 versions

[652] unknown:PACKAGE_NAME
    Package: PACKAGE_NAME
    ⚠️  GroupId unknown, searching Maven Central for 'PACKAGE_NAME'...
    ✗ No results found in Maven Central

[653] unknown:jetty
    Package: jetty
    ⚠️  GroupId unknown, searching Maven Central for 'jetty'...
    ✓ Found: org.eclipse.jetty.documentation:jetty
    ℹ️  Other matches found:
       1. com.github.skjolber.mockito-rest-spring:jetty
       2. io.github.qsy7.java.dependencies:jetty
       3. io.github.qsy7.java.infrastructure.inject.modules.web.providers:jetty
    ✓ Fetched 45 versions

[654] unknown:jetty
    Package: jetty
    ⚠️  GroupId unknown, searching Maven Central for 'jetty'...
    ✓ Found: org.eclipse.jetty.documentation:jetty
    ℹ️  Other matches found:
       1. com.github.skjolber.mockito-rest-spring:jetty
       2. io.github.qsy7.java.dependencies:jetty
       3. io.github.qsy7.java.infrastructure.inject.modules.web.providers:jetty
    ✓ Fetched 45 versions

[655] unknown:jffi
    Package: jffi
    ⚠️  GroupId unknown, searching Maven Central for 'jffi'...
    ✓ Found: com.github.jnr:jffi
    ℹ️  Other matches found:
       1. org.jruby.extras:jffi
    ✓ Fetched 41 versions
    ✓ Found 4 github URL(s)

[656] unknown:jffi
    Package: jffi
    ⚠️  GroupId unknown, searching Maven Central for 'jffi'...
    ✓ Found: com.github.jnr:jffi
    ℹ️  Other matches found:
       1. org.jruby.extras:jffi
    ✓ Fetched 41 versions
    ✓ Found 4 github URL(s)

[657] unknown:jforests
    Package: jforests
    ⚠️  GroupId unknown, searching Maven Central for 'jforests'...
    ✗ No results found in Maven Central

[658] unknown:jforests
    Package: jforests
    ⚠️  GroupId unknown, searching Maven Central for 'jforests'...
    ✗ No results found in Maven Central

[659] unknown:jgrapht
    Package: jgrapht
    ⚠️  GroupId unknown, searching Maven Central for 'jgrapht'...
    ✓ Found: org.jgrapht:jgrapht
    ℹ️  Other matches found:
       1. co.datadome:jgrapht
       2. ai.h2o:jgrapht
       3. com.io7m.jgrapht:jgrapht
    ✓ Fetched 13 versions
    ✓ Found 4 github URL(s)
    ✓ Found 1 other URL(s)

[660] unknown:jgrapht
    Package: jgrapht
    ⚠️  GroupId unknown, searching Maven Central for 'jgrapht'...
    ✓ Found: org.jgrapht:jgrapht
    ℹ️  Other matches found:
       1. co.datadome:jgrapht
       2. ai.h2o:jgrapht
       3. com.io7m.jgrapht:jgrapht
    ✓ Fetched 13 versions
    ✓ Found 4 github URL(s)
    ✓ Found 1 other URL(s)

[661] unknown:jgrapht
    Package: jgrapht
    ⚠️  GroupId unknown, searching Maven Central for 'jgrapht'...
    ✓ Found: org.jgrapht:jgrapht
    ℹ️  Other matches found:
       1. co.datadome:jgrapht
       2. ai.h2o:jgrapht
       3. com.io7m.jgrapht:jgrapht
    ✓ Fetched 13 versions
    ✓ Found 4 github URL(s)
    ✓ Found 1 other URL(s)

[662] unknown:jheaps
    Package: jheaps
    ⚠️  GroupId unknown, searching Maven Central for 'jheaps'...
    ✓ Found: dev.ikm.jpms:jheaps
    ℹ️  Other matches found:
       1. org.jheaps:jheaps
    ✓ Fetched 13 versions

[663] unknown:jheaps
    Package: jheaps
    ⚠️  GroupId unknown, searching Maven Central for 'jheaps'...
    ✓ Found: dev.ikm.jpms:jheaps
    ℹ️  Other matches found:
       1. org.jheaps:jheaps
    ✓ Fetched 13 versions

[664] unknown:jimfs
    Package: jimfs
    ⚠️  GroupId unknown, searching Maven Central for 'jimfs'...
    ✓ Found: com.google.jimfs:jimfs
    ✓ Fetched 9 versions

[665] unknown:jjwt
    Package: jjwt
    ⚠️  GroupId unknown, searching Maven Central for 'jjwt'...
    ✓ Found: io.jsonwebtoken:jjwt
    ℹ️  Other matches found:
       1. com.10duke.client.jwt:jjwt
    ✓ Fetched 20 versions

[666] unknown:jline
    Package: jline
    ⚠️  GroupId unknown, searching Maven Central for 'jline'...
    ✓ Found: org.graalvm.shadowed:jline
    ℹ️  Other matches found:
       1. org.jline:jline
       2. org.scala-sbt.jline:jline
       3. com.swoval.jline:jline
    ✓ Fetched 21 versions
    ✓ Found 4 github URL(s)

[667] unknown:jmespath-java
    Package: jmespath-java
    ⚠️  GroupId unknown, searching Maven Central for 'jmespath-java'...
    ✓ Found: com.amazonaws:jmespath-java
    ℹ️  Other matches found:
       1. software.amazon.awssdk:jmespath-java
    ✓ Fetched 1776 versions
    ✓ Found 1 github URL(s)
    ✓ Found 1 other URL(s)

[668] unknown:jmx_prometheus_javaagent
    Package: jmx_prometheus_javaagent
    ⚠️  GroupId unknown, searching Maven Central for 'jmx_prometheus_javaagent'...
    ✓ Found: io.prometheus.jmx:jmx_prometheus_javaagent
    ℹ️  Other matches found:
       1. io.acryl.prometheus.jmx:jmx_prometheus_javaagent
    ✓ Fetched 26 versions
    ✓ Found 1 github URL(s)

[669] unknown:jmxtrans
    Package: jmxtrans
    ⚠️  GroupId unknown, searching Maven Central for 'jmxtrans'...
    ✓ Found: org.jmxtrans:jmxtrans
    ✓ Fetched 23 versions

[670] unknown:jnr-constants
    Package: jnr-constants
    ⚠️  GroupId unknown, searching Maven Central for 'jnr-constants'...
    ✓ Found: com.github.jnr:jnr-constants
    ℹ️  Other matches found:
       1. org.jruby.extras:jnr-constants
    ✓ Fetched 30 versions
    ✓ Found 4 github URL(s)

[671] unknown:jnr-constants
    Package: jnr-constants
    ⚠️  GroupId unknown, searching Maven Central for 'jnr-constants'...
    ✓ Found: com.github.jnr:jnr-constants
    ℹ️  Other matches found:
       1. org.jruby.extras:jnr-constants
    ✓ Fetched 30 versions
    ✓ Found 4 github URL(s)

[672] unknown:jnr-ffi
    Package: jnr-ffi
    ⚠️  GroupId unknown, searching Maven Central for 'jnr-ffi'...
    ✓ Found: com.github.jnr:jnr-ffi
    ✓ Fetched 69 versions
    ✓ Found 4 github URL(s)

[673] unknown:jnr-ffi
    Package: jnr-ffi
    ⚠️  GroupId unknown, searching Maven Central for 'jnr-ffi'...
    ✓ Found: com.github.jnr:jnr-ffi
    ✓ Fetched 69 versions
    ✓ Found 4 github URL(s)

[674] unknown:jnr-posix
    Package: jnr-posix
    ⚠️  GroupId unknown, searching Maven Central for 'jnr-posix'...
    ✓ Found: com.github.jnr:jnr-posix
    ℹ️  Other matches found:
       1. org.jruby.ext.posix:jnr-posix
    ✓ Fetched 94 versions
    ✓ Found 5 github URL(s)

[675] unknown:jnr-posix
    Package: jnr-posix
    ⚠️  GroupId unknown, searching Maven Central for 'jnr-posix'...
    ✓ Found: com.github.jnr:jnr-posix
    ℹ️  Other matches found:
       1. org.jruby.ext.posix:jnr-posix
    ✓ Fetched 94 versions
    ✓ Found 5 github URL(s)

[676] unknown:jnr-x86asm
    Package: jnr-x86asm
    ⚠️  GroupId unknown, searching Maven Central for 'jnr-x86asm'...
    ✓ Found: com.github.jnr:jnr-x86asm
    ℹ️  Other matches found:
       1. org.jruby.extras:jnr-x86asm
    ✓ Fetched 2 versions
    ✓ Found 4 github URL(s)

[677] unknown:joda-convert
    Package: joda-convert
    ⚠️  GroupId unknown, searching Maven Central for 'joda-convert'...
    ✓ Found: org.joda:joda-convert
    ✓ Fetched 25 versions
    ✓ Found 4 github URL(s)
    ✓ Found 1 other URL(s)

[678] unknown:joda-time
    Package: joda-time
    ⚠️  GroupId unknown, searching Maven Central for 'joda-time'...
    ✓ Found: joda-time:joda-time
    ℹ️  Other matches found:
       1. io.github.qsy7.java.dependencies:joda-time
       2. com.walterjwhite.java.dependencies:joda-time
       3. org.wso2.orbit.joda-time:joda-time
    ✓ Fetched 62 versions
    ✓ Found 4 github URL(s)
    ✓ Found 1 other URL(s)

[679] unknown:joda-time
    Package: joda-time
    ⚠️  GroupId unknown, searching Maven Central for 'joda-time'...
    ✓ Found: joda-time:joda-time
    ℹ️  Other matches found:
       1. io.github.qsy7.java.dependencies:joda-time
       2. com.walterjwhite.java.dependencies:joda-time
       3. org.wso2.orbit.joda-time:joda-time
    ✓ Fetched 62 versions
    ✓ Found 4 github URL(s)
    ✓ Found 1 other URL(s)

[680] unknown:joda-time
    Package: joda-time
    ⚠️  GroupId unknown, searching Maven Central for 'joda-time'...
    ✓ Found: joda-time:joda-time
    ℹ️  Other matches found:
       1. io.github.qsy7.java.dependencies:joda-time
       2. com.walterjwhite.java.dependencies:joda-time
       3. org.wso2.orbit.joda-time:joda-time
    ✓ Fetched 62 versions
    ✓ Found 4 github URL(s)
    ✓ Found 1 other URL(s)

[681] unknown:joda-time
    Package: joda-time
    ⚠️  GroupId unknown, searching Maven Central for 'joda-time'...
    ✓ Found: joda-time:joda-time
    ℹ️  Other matches found:
       1. io.github.qsy7.java.dependencies:joda-time
       2. com.walterjwhite.java.dependencies:joda-time
       3. org.wso2.orbit.joda-time:joda-time
    ✓ Fetched 62 versions
    ✓ Found 4 github URL(s)
    ✓ Found 1 other URL(s)

[682] unknown:jopt-simple
    Package: jopt-simple
    ⚠️  GroupId unknown, searching Maven Central for 'jopt-simple'...
    ✓ Found: net.sf.jopt-simple:jopt-simple
    ✓ Fetched 45 versions
    ✓ Found 5 github URL(s)

[683] unknown:jpam
    Package: jpam
    ⚠️  GroupId unknown, searching Maven Central for 'jpam'...
    ✓ Found: io.github.macster110:jpam
    ℹ️  Other matches found:
       1. net.sf.jpam:jpam
    ✓ Fetched 3 versions
    ✓ Found 2 github URL(s)

[684] unknown:jpmml-model
    Package: jpmml-model
    ⚠️  GroupId unknown, searching Maven Central for 'jpmml-model'...
    ✓ Found: org.jpmml:jpmml-model
    ✓ Fetched 97 versions
    ✓ Found 4 github URL(s)
    ✓ Found 1 other URL(s)

[685] unknown:PACKAGE_NAME
    Package: PACKAGE_NAME
    ⚠️  GroupId unknown, searching Maven Central for 'PACKAGE_NAME'...
    ✗ No results found in Maven Central

[686] unknown:jpmml-model
    Package: jpmml-model
    ⚠️  GroupId unknown, searching Maven Central for 'jpmml-model'...
    ✓ Found: org.jpmml:jpmml-model
    ✓ Fetched 97 versions
    ✓ Found 4 github URL(s)
    ✓ Found 1 other URL(s)

[687] unknown:jpmml-model
    Package: jpmml-model
    ⚠️  GroupId unknown, searching Maven Central for 'jpmml-model'...
    ✓ Found: org.jpmml:jpmml-model
    ✓ Fetched 97 versions
    ✓ Found 4 github URL(s)
    ✓ Found 1 other URL(s)

[688] unknown:jpmml_model
    Package: jpmml_model
    ⚠️  GroupId unknown, searching Maven Central for 'jpmml_model'...
    ✗ No results found in Maven Central

[689] unknown:jpmml_model
    Package: jpmml_model
    ⚠️  GroupId unknown, searching Maven Central for 'jpmml_model'...
    ✗ No results found in Maven Central

[690] unknown:jquery-ui
    Package: jquery-ui
    ⚠️  GroupId unknown, searching Maven Central for 'jquery-ui'...
    ✓ Found: org.mmbase.jquery:jquery-ui
    ℹ️  Other matches found:
       1. org.mvnpm:jquery-ui
       2. org.webjars:jquery-ui
       3. org.webjars.npm:jquery-ui
    ✓ Fetched 4 versions

[691] unknown:jregex
    Package: jregex
    ⚠️  GroupId unknown, searching Maven Central for 'jregex'...
    ✓ Found: com.edropple.jregex:jregex
    ℹ️  Other matches found:
       1. net.sourceforge.jregex:jregex
    ✓ Fetched 1 versions
    ✓ Found 4 github URL(s)

[692] unknown:jsap
    Package: jsap
    ⚠️  GroupId unknown, searching Maven Central for 'jsap'...
    ✓ Found: it.unimi.di:jsap
    ℹ️  Other matches found:
       1. org.campagnelab.ext:jsap
       2. com.martiansoftware:jsap
    ✓ Fetched 1 versions
    ✓ Found 2 github URL(s)
    ✓ Found 1 other URL(s)

[693] unknown:json-base
    Package: json-base
    ⚠️  GroupId unknown, searching Maven Central for 'json-base'...
    ✓ Found: com.github.wnameless.json:json-base
    ✓ Fetched 16 versions
    ✓ Found 4 github URL(s)

[694] unknown:json-flattener
    Package: json-flattener
    ⚠️  GroupId unknown, searching Maven Central for 'json-flattener'...
    ✓ Found: com.github.wnameless.json:json-flattener
    ℹ️  Other matches found:
       1. com.github.wnameless:json-flattener
    ✓ Fetched 27 versions
    ✓ Found 4 github URL(s)

[695] unknown:json-flattener
    Package: json-flattener
    ⚠️  GroupId unknown, searching Maven Central for 'json-flattener'...
    ✓ Found: com.github.wnameless.json:json-flattener
    ℹ️  Other matches found:
       1. com.github.wnameless:json-flattener
    ✓ Fetched 27 versions
    ✓ Found 4 github URL(s)

[696] unknown:JSON-java
    Package: JSON-java
    ⚠️  GroupId unknown, searching Maven Central for 'JSON-java'...
    ✓ Found: org.fiennes:JSON-java
    ✓ Fetched 1 versions
    ✓ Found 4 github URL(s)

[697] unknown:json-patch
    Package: json-patch
    ⚠️  GroupId unknown, searching Maven Central for 'json-patch'...
    ✓ Found: de.unkrig.json-patch:json-patch
    ℹ️  Other matches found:
       1. org.webjars.bowergithub.starcounter-jack:json-patch
       2. com.tananaev:json-patch
       3. com.github.java-json-tools:json-patch
    ✓ Fetched 2 versions
    ✓ Found 1 github URL(s)
    ✓ Found 1 other URL(s)

[698] unknown:JsonPath
    Package: JsonPath
    ⚠️  GroupId unknown, searching Maven Central for 'JsonPath'...
    ✗ No results found in Maven Central

[699] unknown:json-path
    Package: json-path
    ⚠️  GroupId unknown, searching Maven Central for 'json-path'...
    ✓ Found: io.rest-assured:json-path
    ℹ️  Other matches found:
       1. com.github.sonus21:json-path
       2. org.wso2.orbit.com.jayway.jsonpath:json-path
       3. com.jayway.jsonpath:json-path
    ✓ Fetched 43 versions
    ✓ Found 1 other URL(s)

[700] unknown:json-sanitizer
    Package: json-sanitizer
    ⚠️  GroupId unknown, searching Maven Central for 'json-sanitizer'...
    ✓ Found: com.mikesamuel:json-sanitizer
    ✓ Fetched 6 versions
    ✓ Found 5 github URL(s)

[701] unknown:json-simple
    Package: json-simple
    ⚠️  GroupId unknown, searching Maven Central for 'json-simple'...
    ✓ Found: net.pwall.json:json-simple
    ℹ️  Other matches found:
       1. org.wso2.orbit.com.googlecode.json-simple:json-simple
       2. com.github.cliftonlabs:json-simple
       3. com.github.akarazhev:json-simple
    ✓ Fetched 21 versions
    ✓ Found 3 github URL(s)

[702] unknown:json-simple
    Package: json-simple
    ⚠️  GroupId unknown, searching Maven Central for 'json-simple'...
    ✓ Found: net.pwall.json:json-simple
    ℹ️  Other matches found:
       1. org.wso2.orbit.com.googlecode.json-simple:json-simple
       2. com.github.cliftonlabs:json-simple
       3. com.github.akarazhev:json-simple
    ✓ Fetched 21 versions
    ✓ Found 3 github URL(s)

[703] unknown:json-smart
    Package: json-smart
    ⚠️  GroupId unknown, searching Maven Central for 'json-smart'...
    ✓ Found: net.minidev:json-smart
    ℹ️  Other matches found:
       1. com.infomaximum:json-smart
    ✓ Fetched 35 versions
    ✓ Found 4 github URL(s)

[704] unknown:json-smart
    Package: json-smart
    ⚠️  GroupId unknown, searching Maven Central for 'json-smart'...
    ✓ Found: net.minidev:json-smart
    ℹ️  Other matches found:
       1. com.infomaximum:json-smart
    ✓ Fetched 35 versions
    ✓ Found 4 github URL(s)

[705] unknown:json-smart
    Package: json-smart
    ⚠️  GroupId unknown, searching Maven Central for 'json-smart'...
    ✓ Found: net.minidev:json-smart
    ℹ️  Other matches found:
       1. com.infomaximum:json-smart
    ✓ Fetched 35 versions
    ✓ Found 4 github URL(s)

[706] unknown:PACKAGE_NAME
    Package: PACKAGE_NAME
    ⚠️  GroupId unknown, searching Maven Central for 'PACKAGE_NAME'...
    ✗ No results found in Maven Central

[707] unknown:json4s
    Package: json4s
    ⚠️  GroupId unknown, searching Maven Central for 'json4s'...
    ✗ No results found in Maven Central

[708] unknown:json4s
    Package: json4s
    ⚠️  GroupId unknown, searching Maven Central for 'json4s'...
    ✗ No results found in Maven Central

[709] unknown:JSONassert
    Package: JSONassert
    ⚠️  GroupId unknown, searching Maven Central for 'JSONassert'...
    ✗ No results found in Maven Central

[710] unknown:JSONata4Java
    Package: JSONata4Java
    ⚠️  GroupId unknown, searching Maven Central for 'JSONata4Java'...
    ✓ Found: com.ibm.jsonata4java:JSONata4Java
    ✓ Fetched 87 versions
    ✓ Found 4 github URL(s)

[711] unknown:jsonb-api
    Package: jsonb-api
    ⚠️  GroupId unknown, searching Maven Central for 'jsonb-api'...
    ✓ Found: org.apache.johnzon:jsonb-api
    ✓ Fetched 4 versions

[712] unknown:jsonld-java
    Package: jsonld-java
    ⚠️  GroupId unknown, searching Maven Central for 'jsonld-java'...
    ✓ Found: com.github.jsonld-java:jsonld-java
    ℹ️  Other matches found:
       1. io.bdrc:jsonld-java
       2. cool.pandora:jsonld-java
    ✓ Fetched 31 versions

[713] unknown:jsonp
    Package: jsonp
    ⚠️  GroupId unknown, searching Maven Central for 'jsonp'...
    ✓ Found: io.openliberty.features:jsonp
    ℹ️  Other matches found:
       1. io.thorntail:jsonp
       2. org.microshed.boost.boosters:jsonp
       3. org.wildfly.swarm:jsonp
    ✓ Fetched 17 versions
    ✓ Found 3 github URL(s)
    ✓ Found 1 other URL(s)

[714] unknown:jsonp-api
    Package: jsonp-api
    ⚠️  GroupId unknown, searching Maven Central for 'jsonp-api'...
    ✗ No results found in Maven Central

[715] unknown:jsonp-api
    Package: jsonp-api
    ⚠️  GroupId unknown, searching Maven Central for 'jsonp-api'...
    ✗ No results found in Maven Central

[716] unknown:jsonp-api
    Package: jsonp-api
    ⚠️  GroupId unknown, searching Maven Central for 'jsonp-api'...
    ✗ No results found in Maven Central

[717] unknown:jsonschema
    Package: jsonschema
    ⚠️  GroupId unknown, searching Maven Central for 'jsonschema'...
    ✓ Found: community.flock.aigentic:jsonschema
    ℹ️  Other matches found:
       1. org.webjars.npm:jsonschema
       2. ru.ilb.jsonschema:jsonschema
       3. de.softwareforge:jsonschema
    ✓ Fetched 8 versions
    ✓ Found 2 github URL(s)

[718] unknown:jsr-305
    Package: jsr-305
    ⚠️  GroupId unknown, searching Maven Central for 'jsr-305'...
    ✓ Found: org.xbib:jsr-305
    ✓ Fetched 2 versions
    ✓ Found 5 github URL(s)

[719] unknown:jsr305
    Package: jsr305
    ⚠️  GroupId unknown, searching Maven Central for 'jsr305'...
    ✓ Found: dev.ikm.jpms:jsr305
    ℹ️  Other matches found:
       1. dev.mccue:jsr305
       2. com.google.code.findbugs:jsr305
       3. net.sourceforge.findbugs:jsr305
    ✓ Fetched 7 versions

[720] unknown:jar305
    Package: jar305
    ⚠️  GroupId unknown, searching Maven Central for 'jar305'...
    ✗ No results found in Maven Central

[721] unknown:jts
    Package: jts
    ⚠️  GroupId unknown, searching Maven Central for 'jts'...
    ✓ Found: org.glassfish.main.transaction:jts
    ℹ️  Other matches found:
       1. org.locationtech.jts:jts
       2. org.xbib.elasticsearch:jts
       3. com.vividsolutions:jts
    ✓ Fetched 81 versions

[722] unknown:jul-to-slf4j
    Package: jul-to-slf4j
    ⚠️  GroupId unknown, searching Maven Central for 'jul-to-slf4j'...
    ✓ Found: org.slf4j:jul-to-slf4j
    ✓ Fetched 93 versions
    ✓ Found 1 other URL(s)

[723] unknown:jung
    Package: jung
    ⚠️  GroupId unknown, searching Maven Central for 'jung'...
    ✓ Found: jung:jung
    ✓ Fetched 1 versions

[724] unknown:junit
    Package: junit
    ⚠️  GroupId unknown, searching Maven Central for 'junit'...
    ✓ Found: org.robolectric:junit
    ℹ️  Other matches found:
       1. au.com.dius.pact.provider:junit
       2. au.com.dius.pact.consumer:junit
       3. org.eclipse.edc:junit
    ✓ Fetched 94 versions
    ✓ Found 4 github URL(s)
    ✓ Found 1 other URL(s)

[725] unknown:junit-jupiter-api
    Package: junit-jupiter-api
    ⚠️  GroupId unknown, searching Maven Central for 'junit-jupiter-api'...
    ✓ Found: org.junit.jupiter:junit-jupiter-api
    ✓ Fetched 105 versions
    ✓ Found 3 github URL(s)
    ✓ Found 1 other URL(s)

[726] unknown:junit4
    Package: junit4
    ⚠️  GroupId unknown, searching Maven Central for 'junit4'...
    ✓ Found: fr.xgouchet.elmyr:junit4
    ℹ️  Other matches found:
       1. net.goui.flogger-testing:junit4
       2. name.remal.tools.test:junit4
       3. org.testifyproject.junit4:junit4
    ✓ Fetched 2 versions
    ✓ Found 4 github URL(s)

[727] unknown:v5.7.2
    Package: v5.7.2
    ⚠️  GroupId unknown, searching Maven Central for 'v5.7.2'...
    ✗ No results found in Maven Central

[728] unknown:jwks-rsa
    Package: jwks-rsa
    ⚠️  GroupId unknown, searching Maven Central for 'jwks-rsa'...
    ✓ Found: com.auth0:jwks-rsa
    ✓ Fetched 35 versions
    ✓ Found 4 github URL(s)

[729] unknown:jwks-rsa-java
    Package: jwks-rsa-java
    ⚠️  GroupId unknown, searching Maven Central for 'jwks-rsa-java'...
    ✗ No results found in Maven Central

[730] unknown:PACKAGE_NAME
    Package: PACKAGE_NAME
    ⚠️  GroupId unknown, searching Maven Central for 'PACKAGE_NAME'...
    ✗ No results found in Maven Central

[731] unknown:jwks-rsa-java
    Package: jwks-rsa-java
    ⚠️  GroupId unknown, searching Maven Central for 'jwks-rsa-java'...
    ✗ No results found in Maven Central

[732] unknown:jwt-utils
    Package: jwt-utils
    ⚠️  GroupId unknown, searching Maven Central for 'jwt-utils'...
    ✓ Found: com.woaizhuangbi:jwt-utils
    ✓ Fetched 4 versions
    ✓ Found 4 github URL(s)

[733] unknown:kafka
    Package: kafka
    ⚠️  GroupId unknown, searching Maven Central for 'kafka'...
    ✓ Found: aws.sdk.kotlin:kafka
    ℹ️  Other matches found:
       1. software.amazon.awssdk:kafka
       2. org.testcontainers:kafka
       3. io.github.wooenrico:kafka
    ✓ Fetched 626 versions
    ✓ Found 4 github URL(s)

[734] unknown:PACKAGE_NAME
    Package: PACKAGE_NAME
    ⚠️  GroupId unknown, searching Maven Central for 'PACKAGE_NAME'...
    ✗ No results found in Maven Central

[735] unknown:kafka
    Package: kafka
    ⚠️  GroupId unknown, searching Maven Central for 'kafka'...
    ✓ Found: aws.sdk.kotlin:kafka
    ℹ️  Other matches found:
       1. software.amazon.awssdk:kafka
       2. org.testcontainers:kafka
       3. io.github.wooenrico:kafka
    ✓ Fetched 626 versions
    ✓ Found 4 github URL(s)

[736] unknown:kafka
    Package: kafka
    ⚠️  GroupId unknown, searching Maven Central for 'kafka'...
    ✓ Found: aws.sdk.kotlin:kafka
    ℹ️  Other matches found:
       1. software.amazon.awssdk:kafka
       2. org.testcontainers:kafka
       3. io.github.wooenrico:kafka
    ✓ Fetched 626 versions
    ✓ Found 4 github URL(s)

[737] unknown:PACKAGE_NAME
    Package: PACKAGE_NAME
    ⚠️  GroupId unknown, searching Maven Central for 'PACKAGE_NAME'...
    ✗ No results found in Maven Central

[738] unknown:kafka
    Package: kafka
    ⚠️  GroupId unknown, searching Maven Central for 'kafka'...
    ✓ Found: aws.sdk.kotlin:kafka
    ℹ️  Other matches found:
       1. software.amazon.awssdk:kafka
       2. org.testcontainers:kafka
       3. io.github.wooenrico:kafka
    ✓ Fetched 626 versions
    ✓ Found 4 github URL(s)

[739] unknown:kafka
    Package: kafka
    ⚠️  GroupId unknown, searching Maven Central for 'kafka'...
    ✓ Found: aws.sdk.kotlin:kafka
    ℹ️  Other matches found:
       1. software.amazon.awssdk:kafka
       2. org.testcontainers:kafka
       3. io.github.wooenrico:kafka
    ✓ Fetched 626 versions
    ✓ Found 4 github URL(s)

[740] unknown:kafka
    Package: kafka
    ⚠️  GroupId unknown, searching Maven Central for 'kafka'...
    ✓ Found: aws.sdk.kotlin:kafka
    ℹ️  Other matches found:
       1. software.amazon.awssdk:kafka
       2. org.testcontainers:kafka
       3. io.github.wooenrico:kafka
    ✓ Fetched 626 versions
    ✓ Found 4 github URL(s)

[741] unknown:kafka
    Package: kafka
    ⚠️  GroupId unknown, searching Maven Central for 'kafka'...
    ✓ Found: aws.sdk.kotlin:kafka
    ℹ️  Other matches found:
       1. software.amazon.awssdk:kafka
       2. org.testcontainers:kafka
       3. io.github.wooenrico:kafka
    ✓ Fetched 626 versions
    ✓ Found 4 github URL(s)

[742] unknown:kafka
    Package: kafka
    ⚠️  GroupId unknown, searching Maven Central for 'kafka'...
    ✓ Found: aws.sdk.kotlin:kafka
    ℹ️  Other matches found:
       1. software.amazon.awssdk:kafka
       2. org.testcontainers:kafka
       3. io.github.wooenrico:kafka
    ✓ Fetched 626 versions
    ✓ Found 4 github URL(s)

[743] unknown:kafka
    Package: kafka
    ⚠️  GroupId unknown, searching Maven Central for 'kafka'...
    ✓ Found: aws.sdk.kotlin:kafka
    ℹ️  Other matches found:
       1. software.amazon.awssdk:kafka
       2. org.testcontainers:kafka
       3. io.github.wooenrico:kafka
    ✓ Fetched 626 versions
    ✓ Found 4 github URL(s)

[744] unknown:kafka-clients
    Package: kafka-clients
    ⚠️  GroupId unknown, searching Maven Central for 'kafka-clients'...
    ✓ Found: org.apache.kafka:kafka-clients
    ℹ️  Other matches found:
       1. io.github.crac.org.apache.kafka:kafka-clients
       2. io.github.jeqo.kafka:kafka-clients
       3. com.tencent.bk.base.datahub:kafka-clients
    ✓ Fetched 77 versions
    ✓ Found 1 other URL(s)

[745] unknown:kafka-clients
    Package: kafka-clients
    ⚠️  GroupId unknown, searching Maven Central for 'kafka-clients'...
    ✓ Found: org.apache.kafka:kafka-clients
    ℹ️  Other matches found:
       1. io.github.crac.org.apache.kafka:kafka-clients
       2. io.github.jeqo.kafka:kafka-clients
       3. com.tencent.bk.base.datahub:kafka-clients
    ✓ Fetched 77 versions
    ✓ Found 1 other URL(s)

[746] unknown:kafka-open
    Package: kafka-open
    ⚠️  GroupId unknown, searching Maven Central for 'kafka-open'...
    ✗ No results found in Maven Central

[747] unknown:karyon
    Package: karyon
    ⚠️  GroupId unknown, searching Maven Central for 'karyon'...
    ✗ No results found in Maven Central

[748] unknown:karyon
    Package: karyon
    ⚠️  GroupId unknown, searching Maven Central for 'karyon'...
    ✗ No results found in Maven Central

[749] unknown:kazoo
    Package: kazoo
    ⚠️  GroupId unknown, searching Maven Central for 'kazoo'...
    ✗ No results found in Maven Central

[750] unknown:keycloak
    Package: keycloak
    ⚠️  GroupId unknown, searching Maven Central for 'keycloak'...
    ✓ Found: org.eclipse.apoapsis.ortserver.clients:keycloak
    ℹ️  Other matches found:
       1. com.pulumi:keycloak
       2. org.mvnpm:keycloak
       3. de.adorsys.ledgers:keycloak
    ✓ Fetched 67 versions
    ✓ Found 3 github URL(s)
    ✓ Found 1 other URL(s)

[751] unknown:keycloak
    Package: keycloak
    ⚠️  GroupId unknown, searching Maven Central for 'keycloak'...
    ✓ Found: org.eclipse.apoapsis.ortserver.clients:keycloak
    ℹ️  Other matches found:
       1. com.pulumi:keycloak
       2. org.mvnpm:keycloak
       3. de.adorsys.ledgers:keycloak
    ✓ Fetched 67 versions
    ✓ Found 3 github URL(s)
    ✓ Found 1 other URL(s)

[752] unknown:kong
    Package: kong
    ⚠️  GroupId unknown, searching Maven Central for 'kong'...
    ✓ Found: io.github.kongweiguang:kong
    ℹ️  Other matches found:
       1. com.pulumi:kong
    ✓ Fetched 5 versions
    ✓ Found 3 github URL(s)

[753] unknown:v1.5.21
    Package: v1.5.21
    ⚠️  GroupId unknown, searching Maven Central for 'v1.5.21'...
    ✗ No results found in Maven Central

[754] unknown:v1.3.50
    Package: v1.3.50
    ⚠️  GroupId unknown, searching Maven Central for 'v1.3.50'...
    ✗ No results found in Maven Central

[755] unknown:v1.3.61
    Package: v1.3.61
    ⚠️  GroupId unknown, searching Maven Central for 'v1.3.61'...
    ✗ No results found in Maven Central

[756] unknown:v1.3.50
    Package: v1.3.50
    ⚠️  GroupId unknown, searching Maven Central for 'v1.3.50'...
    ✗ No results found in Maven Central

[757] unknown:v1.3.61
    Package: v1.3.61
    ⚠️  GroupId unknown, searching Maven Central for 'v1.3.61'...
    ✗ No results found in Maven Central

[758] unknown:kroxylicious
    Package: kroxylicious
    ⚠️  GroupId unknown, searching Maven Central for 'kroxylicious'...
    ✓ Found: io.kroxylicious:kroxylicious
    ✓ Fetched 3 versions

[759] unknown:PACKAGE_NAME
    Package: PACKAGE_NAME
    ⚠️  GroupId unknown, searching Maven Central for 'PACKAGE_NAME'...
    ✗ No results found in Maven Central

[760] unknown:kryo
    Package: kryo
    ⚠️  GroupId unknown, searching Maven Central for 'kryo'...
    ✓ Found: com.esotericsoftware:kryo
    ℹ️  Other matches found:
       1. io.github.qsy7.java.modules.serialization.providers:kryo
       2. io.github.qsy7.java.dependencies:kryo
       3. io.basc.framework:kryo
    ✓ Fetched 31 versions

[761] kubernetes-model-generator:kubernetes-model-common
    Package: kubernetes-model-generator/kubernetes-model-common
    ✗ Error: Artifact not found: kubernetes-model-generator:kubernetes-model-common

[762] kubernetes-model-generator:kubernetes-model
    Package: kubernetes-model-generator/kubernetes-model
    ✗ Error: Artifact not found: kubernetes-model-generator:kubernetes-model

[763] unknown:openshift-client
    Package: openshift-client
    ⚠️  GroupId unknown, searching Maven Central for 'openshift-client'...
    ✓ Found: io.fabric8:openshift-client
    ℹ️  Other matches found:
       1. org.domeos:openshift-client
    ✓ Fetched 302 versions

[764] unknown:java
    Package: java
    ⚠️  GroupId unknown, searching Maven Central for 'java'...
    ✓ Found: org.netbeans.cluster:java
    ℹ️  Other matches found:
       1. io.joynr:java
       2. com.mooltiverse.oss.nyx:java
       3. com.contentstack.sdk:java
    ✓ Fetched 31 versions

[765] unknown:java
    Package: java
    ⚠️  GroupId unknown, searching Maven Central for 'java'...
    ✓ Found: org.netbeans.cluster:java
    ℹ️  Other matches found:
       1. io.joynr:java
       2. com.mooltiverse.oss.nyx:java
       3. com.contentstack.sdk:java
    ✓ Fetched 31 versions

[766] unknown:LatencyUtils
    Package: LatencyUtils
    ⚠️  GroupId unknown, searching Maven Central for 'LatencyUtils'...
    ✓ Found: org.latencyutils:LatencyUtils
    ✓ Fetched 9 versions
    ✓ Found 5 github URL(s)

[767] unknown:lemur-indri
    Package: lemur-indri
    ⚠️  GroupId unknown, searching Maven Central for 'lemur-indri'...
    ✗ No results found in Maven Central

[768] unknown:lemur-indri
    Package: lemur-indri
    ⚠️  GroupId unknown, searching Maven Central for 'lemur-indri'...
    ✗ No results found in Maven Central

[769] unknown:leveldbjni
    Package: leveldbjni
    ⚠️  GroupId unknown, searching Maven Central for 'leveldbjni'...
    ✓ Found: org.openlabtesting.leveldbjni:leveldbjni
    ℹ️  Other matches found:
       1. com.github.huangtianhua:leveldbjni
       2. org.fusesource.leveldbjni:leveldbjni
    ✓ Fetched 1 versions

[770] unknown:liquibase
    Package: liquibase
    ⚠️  GroupId unknown, searching Maven Central for 'liquibase'...
    ✓ Found: fish.focus.uvms.movement:liquibase
    ℹ️  Other matches found:
       1. fish.focus.uvms.asset:liquibase
       2. io.github.replay-framework:liquibase
       3. fish.focus.uvms.exchange:liquibase
    ✓ Fetched 12 versions

[771] unknown:liquibase-core
    Package: liquibase-core
    ⚠️  GroupId unknown, searching Maven Central for 'liquibase-core'...
    ✓ Found: org.liquibase:liquibase-core
    ℹ️  Other matches found:
       1. com.github.sideeffffect:liquibase-core
       2. dev.ocpd.liquibase:liquibase-core
       3. ru.i-novus.components:liquibase-core
    ✓ Fetched 141 versions
    ✓ Found 3 github URL(s)
    ✓ Found 1 other URL(s)

[772] unknown:liquibase-hibernate
    Package: liquibase-hibernate
    ⚠️  GroupId unknown, searching Maven Central for 'liquibase-hibernate'...
    ✓ Found: net.customware.liquibase:liquibase-hibernate
    ℹ️  Other matches found:
       1. org.liquibase.ext:liquibase-hibernate
    ✓ Fetched 1 versions
    ✓ Found 3 other URL(s)
    ✓ Found 2 bitbucket URL(s)

[773] unknown:log4j
    Package: log4j
    ⚠️  GroupId unknown, searching Maven Central for 'log4j'...
    ✓ Found: com.tersesystems.echopraxia:log4j
    ℹ️  Other matches found:
       1. org.apache.logging.log4j:log4j
       2. org.activecomponents.jadex:log4j
       3. com.weicoder:log4j
    ✓ Fetched 32 versions
    ✓ Found 2 github URL(s)

[774] unknown:log4j-api
    Package: log4j-api
    ⚠️  GroupId unknown, searching Maven Central for 'log4j-api'...
    ✓ Found: org.apache.logging.log4j:log4j-api
    ℹ️  Other matches found:
       1. icu.wuhufly.logging:log4j-api
       2. org.lucee:log4j-api
       3. uk.co.nichesolutions.logging.log4j:log4j-api
    ✓ Fetched 73 versions

[775] unknown:PACKAGE_NAME
    Package: PACKAGE_NAME
    ⚠️  GroupId unknown, searching Maven Central for 'PACKAGE_NAME'...
    ✗ No results found in Maven Central

[776] unknown:log4j-api
    Package: log4j-api
    ⚠️  GroupId unknown, searching Maven Central for 'log4j-api'...
    ✓ Found: org.apache.logging.log4j:log4j-api
    ℹ️  Other matches found:
       1. icu.wuhufly.logging:log4j-api
       2. org.lucee:log4j-api
       3. uk.co.nichesolutions.logging.log4j:log4j-api
    ✓ Fetched 73 versions

[777] unknown:log4j-core
    Package: log4j-core
    ⚠️  GroupId unknown, searching Maven Central for 'log4j-core'...
    ✓ Found: org.apache.logging.log4j:log4j-core
    ℹ️  Other matches found:
       1. org.lucee:log4j-core
       2. com.guicedee.services:log4j-core
       3. io.github.roman-mityukov:log4j-core
    ✓ Fetched 74 versions
    ✓ Found 1 other URL(s)

[778] unknown:log4j-core
    Package: log4j-core
    ⚠️  GroupId unknown, searching Maven Central for 'log4j-core'...
    ✓ Found: org.apache.logging.log4j:log4j-core
    ℹ️  Other matches found:
       1. org.lucee:log4j-core
       2. com.guicedee.services:log4j-core
       3. io.github.roman-mityukov:log4j-core
    ✓ Fetched 74 versions
    ✓ Found 1 other URL(s)

[779] unknown:log4j-jakarta-web
    Package: log4j-jakarta-web
    ⚠️  GroupId unknown, searching Maven Central for 'log4j-jakarta-web'...
    ✓ Found: org.apache.logging.log4j:log4j-jakarta-web
    ✓ Fetched 23 versions

[780] unknown:log4j-jsonevent-layout
    Package: log4j-jsonevent-layout
    ⚠️  GroupId unknown, searching Maven Central for 'log4j-jsonevent-layout'...
    ✗ No results found in Maven Central

[781] unknown:log4j-jsonevent-layout
    Package: log4j-jsonevent-layout
    ⚠️  GroupId unknown, searching Maven Central for 'log4j-jsonevent-layout'...
    ✗ No results found in Maven Central

[782] unknown:log4j-slf4j-impl
    Package: log4j-slf4j-impl
    ⚠️  GroupId unknown, searching Maven Central for 'log4j-slf4j-impl'...
    ✓ Found: org.apache.logging.log4j:log4j-slf4j-impl
    ℹ️  Other matches found:
       1. uk.co.nichesolutions.logging.log4j:log4j-slf4j-impl
       2. org.apache.logging.log4j.adapters:log4j-slf4j-impl
    ✓ Fetched 67 versions

[783] unknown:logging-interceptor
    Package: logging-interceptor
    ⚠️  GroupId unknown, searching Maven Central for 'logging-interceptor'...
    ✓ Found: com.squareup.okhttp3:logging-interceptor
    ℹ️  Other matches found:
       1. com.github.t1:logging-interceptor
       2. com.github.ljun20160606:logging-interceptor
       3. com.anbillon.routine:logging-interceptor
    ✓ Fetched 106 versions
    ✓ Found 4 github URL(s)

[784] unknown:PACKAGE_NAME
    Package: PACKAGE_NAME
    ⚠️  GroupId unknown, searching Maven Central for 'PACKAGE_NAME'...
    ✗ No results found in Maven Central

[785] unknown:logstash
    Package: logstash
    ⚠️  GroupId unknown, searching Maven Central for 'logstash'...
    ✓ Found: com.tersesystems.echopraxia:logstash
    ℹ️  Other matches found:
       1. io.thorntail:logstash
       2. org.wildfly.swarm:logstash
    ✓ Fetched 36 versions
    ✓ Found 2 github URL(s)

[786] unknown:PACKAGE_NAME
    Package: PACKAGE_NAME
    ⚠️  GroupId unknown, searching Maven Central for 'PACKAGE_NAME'...
    ✗ No results found in Maven Central

[787] unknown:logstash
    Package: logstash
    ⚠️  GroupId unknown, searching Maven Central for 'logstash'...
    ✓ Found: com.tersesystems.echopraxia:logstash
    ℹ️  Other matches found:
       1. io.thorntail:logstash
       2. org.wildfly.swarm:logstash
    ✓ Fetched 36 versions
    ✓ Found 2 github URL(s)

[788] unknown:logstash
    Package: logstash
    ⚠️  GroupId unknown, searching Maven Central for 'logstash'...
    ✓ Found: com.tersesystems.echopraxia:logstash
    ℹ️  Other matches found:
       1. io.thorntail:logstash
       2. org.wildfly.swarm:logstash
    ✓ Fetched 36 versions
    ✓ Found 2 github URL(s)

[789] unknown:PACKAGE_NAME
    Package: PACKAGE_NAME
    ⚠️  GroupId unknown, searching Maven Central for 'PACKAGE_NAME'...
    ✗ No results found in Maven Central

[790] unknown:logstash
    Package: logstash
    ⚠️  GroupId unknown, searching Maven Central for 'logstash'...
    ✓ Found: com.tersesystems.echopraxia:logstash
    ℹ️  Other matches found:
       1. io.thorntail:logstash
       2. org.wildfly.swarm:logstash
    ✓ Fetched 36 versions
    ✓ Found 2 github URL(s)

[791] unknown:PACKAGE_NAME
    Package: PACKAGE_NAME
    ⚠️  GroupId unknown, searching Maven Central for 'PACKAGE_NAME'...
    ✗ No results found in Maven Central

[792] unknown:logstash
    Package: logstash
    ⚠️  GroupId unknown, searching Maven Central for 'logstash'...
    ✓ Found: com.tersesystems.echopraxia:logstash
    ℹ️  Other matches found:
       1. io.thorntail:logstash
       2. org.wildfly.swarm:logstash
    ✓ Fetched 36 versions
    ✓ Found 2 github URL(s)

[793] unknown:PACKAGE_NAME
    Package: PACKAGE_NAME
    ⚠️  GroupId unknown, searching Maven Central for 'PACKAGE_NAME'...
    ✗ No results found in Maven Central

[794] unknown:logstash
    Package: logstash
    ⚠️  GroupId unknown, searching Maven Central for 'logstash'...
    ✓ Found: com.tersesystems.echopraxia:logstash
    ℹ️  Other matches found:
       1. io.thorntail:logstash
       2. org.wildfly.swarm:logstash
    ✓ Fetched 36 versions
    ✓ Found 2 github URL(s)

[795] unknown:PACKAGE_NAME
    Package: PACKAGE_NAME
    ⚠️  GroupId unknown, searching Maven Central for 'PACKAGE_NAME'...
    ✗ No results found in Maven Central

[796] unknown:logstash
    Package: logstash
    ⚠️  GroupId unknown, searching Maven Central for 'logstash'...
    ✓ Found: com.tersesystems.echopraxia:logstash
    ℹ️  Other matches found:
       1. io.thorntail:logstash
       2. org.wildfly.swarm:logstash
    ✓ Fetched 36 versions
    ✓ Found 2 github URL(s)

[797] elastic:logstash
    Package: elastic/logstash
    ✗ Error: Artifact not found: elastic:logstash

[798] unknown:logstash-logback-encoder
    Package: logstash-logback-encoder
    ⚠️  GroupId unknown, searching Maven Central for 'logstash-logback-encoder'...
    ✓ Found: net.logstash.logback:logstash-logback-encoder
    ℹ️  Other matches found:
       1. pl.touk.nussknacker:logstash-logback-encoder
       2. io.github.qcjwq.craftsman.logstash.logback:logstash-logback-encoder
    ✓ Fetched 55 versions
    ✓ Found 4 github URL(s)

[799] unknown:logstash-logback-encoder
    Package: logstash-logback-encoder
    ⚠️  GroupId unknown, searching Maven Central for 'logstash-logback-encoder'...
    ✓ Found: net.logstash.logback:logstash-logback-encoder
    ℹ️  Other matches found:
       1. pl.touk.nussknacker:logstash-logback-encoder
       2. io.github.qcjwq.craftsman.logstash.logback:logstash-logback-encoder
    ✓ Fetched 55 versions
    ✓ Found 4 github URL(s)

[800] unknown:logstash-output-elasticsearch
    Package: logstash-output-elasticsearch
    ⚠️  GroupId unknown, searching Maven Central for 'logstash-output-elasticsearch'...
    ✗ No results found in Maven Central

[801] unknown:loopback-connector
    Package: loopback-connector
    ⚠️  GroupId unknown, searching Maven Central for 'loopback-connector'...
    ✗ No results found in Maven Central

[802] unknown:lucene-core
    Package: lucene-core
    ⚠️  GroupId unknown, searching Maven Central for 'lucene-core'...
    ✓ Found: org.apache.lucene:lucene-core
    ℹ️  Other matches found:
       1. dev.linfn.lucene:lucene-core
       2. com.alibaba.lindorm:lucene-core
       3. org.omegat.lucene:lucene-core
    ✓ Fetched 152 versions
    ✓ Found 5 other URL(s)

[803] unknown:lucene-solr
    Package: lucene-solr
    ⚠️  GroupId unknown, searching Maven Central for 'lucene-solr'...
    ✗ No results found in Maven Central

[804] unknown:lucene-solr
    Package: lucene-solr
    ⚠️  GroupId unknown, searching Maven Central for 'lucene-solr'...
    ✗ No results found in Maven Central

[805] unknown:lz4-java
    Package: lz4-java
    ⚠️  GroupId unknown, searching Maven Central for 'lz4-java'...
    ✓ Found: org.lz4:lz4-java
    ℹ️  Other matches found:
       1. com.github.czietsman.lz4:lz4-java
    ✓ Fetched 9 versions

[806] unknown:lz4-java
    Package: lz4-java
    ⚠️  GroupId unknown, searching Maven Central for 'lz4-java'...
    ✓ Found: org.lz4:lz4-java
    ℹ️  Other matches found:
       1. com.github.czietsman.lz4:lz4-java
    ✓ Fetched 9 versions

[807] unknown:lz4-java
    Package: lz4-java
    ⚠️  GroupId unknown, searching Maven Central for 'lz4-java'...
    ✓ Found: org.lz4:lz4-java
    ℹ️  Other matches found:
       1. com.github.czietsman.lz4:lz4-java
    ✓ Fetched 9 versions

[808] unknown:lz4-java
    Package: lz4-java
    ⚠️  GroupId unknown, searching Maven Central for 'lz4-java'...
    ✓ Found: org.lz4:lz4-java
    ℹ️  Other matches found:
       1. com.github.czietsman.lz4:lz4-java
    ✓ Fetched 9 versions

[809] unknown:lz4-java
    Package: lz4-java
    ⚠️  GroupId unknown, searching Maven Central for 'lz4-java'...
    ✓ Found: org.lz4:lz4-java
    ℹ️  Other matches found:
       1. com.github.czietsman.lz4:lz4-java
    ✓ Fetched 9 versions

[810] unknown:PACKAGE_NAME
    Package: PACKAGE_NAME
    ⚠️  GroupId unknown, searching Maven Central for 'PACKAGE_NAME'...
    ✗ No results found in Maven Central

[811] unknown:MongoDB-driver-core
    Package: MongoDB-driver-core
    ⚠️  GroupId unknown, searching Maven Central for 'MongoDB-driver-core'...
    ✗ No results found in Maven Central

[812] unknown:mongo-java-driver
    Package: mongo-java-driver
    ⚠️  GroupId unknown, searching Maven Central for 'mongo-java-driver'...
    ✓ Found: org.mongodb:mongo-java-driver
    ℹ️  Other matches found:
       1. cn.leancloud:mongo-java-driver
       2. com.hynnet:mongo-java-driver
       3. com.mongodb:mongo-java-driver
    ✓ Fetched 120 versions
    ✓ Found 3 github URL(s)
    ✓ Found 1 other URL(s)

[813] unknown:mongo-java-driver
    Package: mongo-java-driver
    ⚠️  GroupId unknown, searching Maven Central for 'mongo-java-driver'...
    ✓ Found: org.mongodb:mongo-java-driver
    ℹ️  Other matches found:
       1. cn.leancloud:mongo-java-driver
       2. com.hynnet:mongo-java-driver
       3. com.mongodb:mongo-java-driver
    ✓ Fetched 120 versions
    ✓ Found 3 github URL(s)
    ✓ Found 1 other URL(s)

[814] unknown:mongo-java-driver
    Package: mongo-java-driver
    ⚠️  GroupId unknown, searching Maven Central for 'mongo-java-driver'...
    ✓ Found: org.mongodb:mongo-java-driver
    ℹ️  Other matches found:
       1. cn.leancloud:mongo-java-driver
       2. com.hynnet:mongo-java-driver
       3. com.mongodb:mongo-java-driver
    ✓ Fetched 120 versions
    ✓ Found 3 github URL(s)
    ✓ Found 1 other URL(s)

[815] unknown:mongo-java-driver
    Package: mongo-java-driver
    ⚠️  GroupId unknown, searching Maven Central for 'mongo-java-driver'...
    ✓ Found: org.mongodb:mongo-java-driver
    ℹ️  Other matches found:
       1. cn.leancloud:mongo-java-driver
       2. com.hynnet:mongo-java-driver
       3. com.mongodb:mongo-java-driver
    ✓ Fetched 120 versions
    ✓ Found 3 github URL(s)
    ✓ Found 1 other URL(s)

[816] unknown:mongo-java-driver
    Package: mongo-java-driver
    ⚠️  GroupId unknown, searching Maven Central for 'mongo-java-driver'...
    ✓ Found: org.mongodb:mongo-java-driver
    ℹ️  Other matches found:
       1. cn.leancloud:mongo-java-driver
       2. com.hynnet:mongo-java-driver
       3. com.mongodb:mongo-java-driver
    ✓ Fetched 120 versions
    ✓ Found 3 github URL(s)
    ✓ Found 1 other URL(s)

[817] unknown:MongoDB-driver-legacy
    Package: MongoDB-driver-legacy
    ⚠️  GroupId unknown, searching Maven Central for 'MongoDB-driver-legacy'...
    ✗ No results found in Maven Central

[818] unknown:mongo-java-driver
    Package: mongo-java-driver
    ⚠️  GroupId unknown, searching Maven Central for 'mongo-java-driver'...
    ✓ Found: org.mongodb:mongo-java-driver
    ℹ️  Other matches found:
       1. cn.leancloud:mongo-java-driver
       2. com.hynnet:mongo-java-driver
       3. com.mongodb:mongo-java-driver
    ✓ Fetched 120 versions
    ✓ Found 3 github URL(s)
    ✓ Found 1 other URL(s)

[819] unknown:mongo-java-driver
    Package: mongo-java-driver
    ⚠️  GroupId unknown, searching Maven Central for 'mongo-java-driver'...
    ✓ Found: org.mongodb:mongo-java-driver
    ℹ️  Other matches found:
       1. cn.leancloud:mongo-java-driver
       2. com.hynnet:mongo-java-driver
       3. com.mongodb:mongo-java-driver
    ✓ Fetched 120 versions
    ✓ Found 3 github URL(s)
    ✓ Found 1 other URL(s)

[820] unknown:mongo-java-driver
    Package: mongo-java-driver
    ⚠️  GroupId unknown, searching Maven Central for 'mongo-java-driver'...
    ✓ Found: org.mongodb:mongo-java-driver
    ℹ️  Other matches found:
       1. cn.leancloud:mongo-java-driver
       2. com.hynnet:mongo-java-driver
       3. com.mongodb:mongo-java-driver
    ✓ Fetched 120 versions
    ✓ Found 3 github URL(s)
    ✓ Found 1 other URL(s)

[821] unknown:mongo-java-driver
    Package: mongo-java-driver
    ⚠️  GroupId unknown, searching Maven Central for 'mongo-java-driver'...
    ✓ Found: org.mongodb:mongo-java-driver
    ℹ️  Other matches found:
       1. cn.leancloud:mongo-java-driver
       2. com.hynnet:mongo-java-driver
       3. com.mongodb:mongo-java-driver
    ✓ Fetched 120 versions
    ✓ Found 3 github URL(s)
    ✓ Found 1 other URL(s)

[822] unknown:mongo-java-driver
    Package: mongo-java-driver
    ⚠️  GroupId unknown, searching Maven Central for 'mongo-java-driver'...
    ✓ Found: org.mongodb:mongo-java-driver
    ℹ️  Other matches found:
       1. cn.leancloud:mongo-java-driver
       2. com.hynnet:mongo-java-driver
       3. com.mongodb:mongo-java-driver
    ✓ Fetched 120 versions
    ✓ Found 3 github URL(s)
    ✓ Found 1 other URL(s)

[823] unknown:mongo-java-driver
    Package: mongo-java-driver
    ⚠️  GroupId unknown, searching Maven Central for 'mongo-java-driver'...
    ✓ Found: org.mongodb:mongo-java-driver
    ℹ️  Other matches found:
       1. cn.leancloud:mongo-java-driver
       2. com.hynnet:mongo-java-driver
       3. com.mongodb:mongo-java-driver
    ✓ Fetched 120 versions
    ✓ Found 3 github URL(s)
    ✓ Found 1 other URL(s)

[824] unknown:mongo-java-driver
    Package: mongo-java-driver
    ⚠️  GroupId unknown, searching Maven Central for 'mongo-java-driver'...
    ✓ Found: org.mongodb:mongo-java-driver
    ℹ️  Other matches found:
       1. cn.leancloud:mongo-java-driver
       2. com.hynnet:mongo-java-driver
       3. com.mongodb:mongo-java-driver
    ✓ Fetched 120 versions
    ✓ Found 3 github URL(s)
    ✓ Found 1 other URL(s)

[825] unknown:morphia
    Package: morphia
    ⚠️  GroupId unknown, searching Maven Central for 'morphia'...
    ✓ Found: dev.morphia.morphia:morphia
    ℹ️  Other matches found:
       1. org.mongodb.morphia:morphia
       2. com.google.code.morphia:morphia
       3. com.github.jmkgreen.morphia:morphia
    ✓ Fetched 58 versions
    ✓ Found 4 github URL(s)

[826] unknown:Morphia-Core
    Package: Morphia-Core
    ⚠️  GroupId unknown, searching Maven Central for 'Morphia-Core'...
    ✗ No results found in Maven Central

[827] unknown:morphia
    Package: morphia
    ⚠️  GroupId unknown, searching Maven Central for 'morphia'...
    ✓ Found: dev.morphia.morphia:morphia
    ℹ️  Other matches found:
       1. org.mongodb.morphia:morphia
       2. com.google.code.morphia:morphia
       3. com.github.jmkgreen.morphia:morphia
    ✓ Fetched 58 versions
    ✓ Found 4 github URL(s)

[828] unknown:morphia
    Package: morphia
    ⚠️  GroupId unknown, searching Maven Central for 'morphia'...
    ✓ Found: dev.morphia.morphia:morphia
    ℹ️  Other matches found:
       1. org.mongodb.morphia:morphia
       2. com.google.code.morphia:morphia
       3. com.github.jmkgreen.morphia:morphia
    ✓ Fetched 58 versions
    ✓ Found 4 github URL(s)

[829] unknown:mail-api
    Package: mail-api
    ⚠️  GroupId unknown, searching Maven Central for 'mail-api'...
    ✓ Found: org.wildfly.swarm:mail-api
    ✓ Fetched 11 versions

[830] unknown:mallet
    Package: mallet
    ⚠️  GroupId unknown, searching Maven Central for 'mallet'...
    ✓ Found: com.sksamuel.mallet:mallet
    ℹ️  Other matches found:
       1. com.github.steveash.mallet:mallet
       2. cc.mallet:mallet
       3. com.github.rrodriguessilico:mallet
    ✓ Fetched 5 versions
    ✓ Found 4 github URL(s)

[831] unknown:mallet
    Package: mallet
    ⚠️  GroupId unknown, searching Maven Central for 'mallet'...
    ✓ Found: com.sksamuel.mallet:mallet
    ℹ️  Other matches found:
       1. com.github.steveash.mallet:mallet
       2. cc.mallet:mallet
       3. com.github.rrodriguessilico:mallet
    ✓ Fetched 5 versions
    ✓ Found 4 github URL(s)

[832] unknown:management-api-for-apache-cassandra
    Package: management-api-for-apache-cassandra
    ⚠️  GroupId unknown, searching Maven Central for 'management-api-for-apache-cassandra'...
    ✗ No results found in Maven Central

[833] unknown:mapdb
    Package: mapdb
    ⚠️  GroupId unknown, searching Maven Central for 'mapdb'...
    ✓ Found: com.just-ai.jaicf:mapdb
    ℹ️  Other matches found:
       1. com.adtsw.jdatalayer:mapdb
       2. org.mapdb:mapdb
       3. io.amient.affinity:mapdb
    ✓ Fetched 24 versions
    ✓ Found 3 github URL(s)
    ✓ Found 1 other URL(s)

[834] unknown:mapdb
    Package: mapdb
    ⚠️  GroupId unknown, searching Maven Central for 'mapdb'...
    ✓ Found: com.just-ai.jaicf:mapdb
    ℹ️  Other matches found:
       1. com.adtsw.jdatalayer:mapdb
       2. org.mapdb:mapdb
       3. io.amient.affinity:mapdb
    ✓ Fetched 24 versions
    ✓ Found 3 github URL(s)
    ✓ Found 1 other URL(s)

[835] unknown:mapstruct
    Package: mapstruct
    ⚠️  GroupId unknown, searching Maven Central for 'mapstruct'...
    ✓ Found: org.mapstruct:mapstruct
    ℹ️  Other matches found:
       1. com.gitee.jmash:mapstruct
       2. com.vitechteam.archtests:mapstruct
       3. io.github.spring-mapstruct:mapstruct
    ✓ Fetched 47 versions
    ✓ Found 3 github URL(s)
    ✓ Found 1 other URL(s)

[836] unknown:marathon-client
    Package: marathon-client
    ⚠️  GroupId unknown, searching Maven Central for 'marathon-client'...
    ✓ Found: com.mesosphere:marathon-client
    ℹ️  Other matches found:
       1. com.cerner.marathon:marathon-client
       2. com.cloudbees.marathon:marathon-client
       3. com.cloudnil:marathon-client
    ✓ Fetched 6 versions
    ✓ Found 5 github URL(s)

[837] unknown:marathon-client
    Package: marathon-client
    ⚠️  GroupId unknown, searching Maven Central for 'marathon-client'...
    ✓ Found: com.mesosphere:marathon-client
    ℹ️  Other matches found:
       1. com.cerner.marathon:marathon-client
       2. com.cloudbees.marathon:marathon-client
       3. com.cloudnil:marathon-client
    ✓ Fetched 6 versions
    ✓ Found 5 github URL(s)

[838] unknown:mariadb-connector-j
    Package: mariadb-connector-j
    ⚠️  GroupId unknown, searching Maven Central for 'mariadb-connector-j'...
    ✗ No results found in Maven Central

[839] unknown:maven-artifact
    Package: maven-artifact
    ⚠️  GroupId unknown, searching Maven Central for 'maven-artifact'...
    ✓ Found: org.apache.maven:maven-artifact
    ℹ️  Other matches found:
       1. de.monochromata.poms:maven-artifact
       2. io.tesla.maven:maven-artifact
       3. org.apache.maven.artifact:maven-artifact
    ✓ Fetched 97 versions

[840] unknown:metrics
    Package: metrics
    ⚠️  GroupId unknown, searching Maven Central for 'metrics'...
    ✓ Found: org.apache.james:metrics
    ℹ️  Other matches found:
       1. org.apache.servicecomb:metrics
       2. me.proton.core:metrics
       3. com.intuit.playerui.plugins:metrics
    ✓ Fetched 21 versions

[841] unknown:metrics
    Package: metrics
    ⚠️  GroupId unknown, searching Maven Central for 'metrics'...
    ✓ Found: org.apache.james:metrics
    ℹ️  Other matches found:
       1. org.apache.servicecomb:metrics
       2. me.proton.core:metrics
       3. com.intuit.playerui.plugins:metrics
    ✓ Fetched 21 versions

[842] unknown:metrics
    Package: metrics
    ⚠️  GroupId unknown, searching Maven Central for 'metrics'...
    ✓ Found: org.apache.james:metrics
    ℹ️  Other matches found:
       1. org.apache.servicecomb:metrics
       2. me.proton.core:metrics
       3. com.intuit.playerui.plugins:metrics
    ✓ Fetched 21 versions

[843] unknown:metrics-core
    Package: metrics-core
    ⚠️  GroupId unknown, searching Maven Central for 'metrics-core'...
    ✓ Found: org.apache.iotdb:metrics-core
    ℹ️  Other matches found:
       1. io.dropwizard.metrics5:metrics-core
       2. org.apache.servicecomb:metrics-core
       3. io.dropwizard.metrics:metrics-core
    ✓ Fetched 14 versions

[844] unknown:metrics-core
    Package: metrics-core
    ⚠️  GroupId unknown, searching Maven Central for 'metrics-core'...
    ✓ Found: org.apache.iotdb:metrics-core
    ℹ️  Other matches found:
       1. io.dropwizard.metrics5:metrics-core
       2. org.apache.servicecomb:metrics-core
       3. io.dropwizard.metrics:metrics-core
    ✓ Fetched 14 versions

[845] unknown:metro-mimepull
    Package: metro-mimepull
    ⚠️  GroupId unknown, searching Maven Central for 'metro-mimepull'...
    ✗ No results found in Maven Central

[846] unknown:micrometer-commons
    Package: micrometer-commons
    ⚠️  GroupId unknown, searching Maven Central for 'micrometer-commons'...
    ✓ Found: io.micrometer:micrometer-commons
    ✓ Fetched 92 versions
    ✓ Found 2 github URL(s)

[847] unknown:micrometer-core
    Package: micrometer-core
    ⚠️  GroupId unknown, searching Maven Central for 'micrometer-core'...
    ✓ Found: org.eclipse.edc:micrometer-core
    ℹ️  Other matches found:
       1. io.micrometer:micrometer-core
       2. io.micronaut.configuration:micrometer-core
    ✓ Fetched 39 versions
    ✓ Found 2 github URL(s)
    ✓ Found 1 other URL(s)

[848] unknown:micrometer-observation
    Package: micrometer-observation
    ⚠️  GroupId unknown, searching Maven Central for 'micrometer-observation'...
    ✓ Found: io.micrometer:micrometer-observation
    ✓ Fetched 92 versions
    ✓ Found 2 github URL(s)

[849] unknown:micrometer-registry-prometheus
    Package: micrometer-registry-prometheus
    ⚠️  GroupId unknown, searching Maven Central for 'micrometer-registry-prometheus'...
    ✓ Found: io.micrometer:micrometer-registry-prometheus
    ℹ️  Other matches found:
       1. io.micronaut.configuration:micrometer-registry-prometheus
    ✓ Fetched 237 versions
    ✓ Found 2 github URL(s)

[850] unknown:microprofile-config
    Package: microprofile-config
    ⚠️  GroupId unknown, searching Maven Central for 'microprofile-config'...
    ✓ Found: org.glassfish.main.microprofile:microprofile-config
    ℹ️  Other matches found:
       1. org.jboss.resteasy.microprofile:microprofile-config
       2. io.thorntail:microprofile-config
       3. org.jboss.forge.addon:microprofile-config
    ✓ Fetched 50 versions

[851] unknown:microprofile-fault-tolerance
    Package: microprofile-fault-tolerance
    ⚠️  GroupId unknown, searching Maven Central for 'microprofile-fault-tolerance'...
    ✓ Found: io.thorntail:microprofile-fault-tolerance
    ℹ️  Other matches found:
       1. org.wildfly.swarm:microprofile-fault-tolerance
    ✓ Fetched 9 versions

[852] unknown:microprofile-health
    Package: microprofile-health
    ⚠️  GroupId unknown, searching Maven Central for 'microprofile-health'...
    ✓ Found: io.thorntail:microprofile-health
    ℹ️  Other matches found:
       1. org.wildfly.swarm:microprofile-health
    ✓ Fetched 9 versions

[853] unknown:microprofile-jwt-auth
    Package: microprofile-jwt-auth
    ⚠️  GroupId unknown, searching Maven Central for 'microprofile-jwt-auth'...
    ✓ Found: org.omnifaces:microprofile-jwt-auth
    ✓ Fetched 9 versions
    ✓ Found 3 github URL(s)
    ✓ Found 1 other URL(s)

[854] unknown:microprofile-metrics
    Package: microprofile-metrics
    ⚠️  GroupId unknown, searching Maven Central for 'microprofile-metrics'...
    ✓ Found: io.thorntail:microprofile-metrics
    ℹ️  Other matches found:
       1. org.wildfly.swarm:microprofile-metrics
    ✓ Fetched 9 versions

[855] unknown:microprofile-open-api
    Package: microprofile-open-api
    ⚠️  GroupId unknown, searching Maven Central for 'microprofile-open-api'...
    ✗ No results found in Maven Central

[856] unknown:microprofile-opentracing
    Package: microprofile-opentracing
    ⚠️  GroupId unknown, searching Maven Central for 'microprofile-opentracing'...
    ✓ Found: io.thorntail:microprofile-opentracing
    ✓ Fetched 9 versions

[857] unknown:microprofile-rest-client
    Package: microprofile-rest-client
    ⚠️  GroupId unknown, searching Maven Central for 'microprofile-rest-client'...
    ✓ Found: org.jboss.resteasy.microprofile:microprofile-rest-client
    ✓ Fetched 16 versions

[858] unknown:mimepull
    Package: mimepull
    ⚠️  GroupId unknown, searching Maven Central for 'mimepull'...
    ✓ Found: org.jvnet.mimepull:mimepull
    ℹ️  Other matches found:
       1. org.jvnet:mimepull
    ✓ Fetched 4 versions
    ✓ Found 5 github URL(s)

[859] unknown:mina-core
    Package: mina-core
    ⚠️  GroupId unknown, searching Maven Central for 'mina-core'...
    ✓ Found: org.wso2.org.apache.mina:mina-core
    ℹ️  Other matches found:
       1. org.kaazing:mina-core
       2. org.apache.mina:mina-core
       3. org.apache.directory.mina:mina-core
    ✓ Fetched 4 versions

[860] unknown:minlog
    Package: minlog
    ⚠️  GroupId unknown, searching Maven Central for 'minlog'...
    ✓ Found: com.esotericsoftware:minlog
    ℹ️  Other matches found:
       1. com.esotericsoftware.minlog:minlog
       2. com.googlecode:minlog
    ✓ Fetched 3 versions
    ✓ Found 4 github URL(s)

[861] unknown:mockito
    Package: mockito
    ⚠️  GroupId unknown, searching Maven Central for 'mockito'...
    ✓ Found: com.bakdata.gradle:mockito
    ℹ️  Other matches found:
       1. com.bakdata.play.gradle:mockito
       2. org.testifyproject.mock:mockito
       3. org.jboss.forge.addon:mockito
    ✓ Fetched 7 versions
    ✓ Found 5 github URL(s)

[862] unknown:mockito-core
    Package: mockito-core
    ⚠️  GroupId unknown, searching Maven Central for 'mockito-core'...
    ✓ Found: org.mockito:mockito-core
    ✓ Fetched 347 versions
    ✓ Found 3 github URL(s)

[863] unknown:PACKAGE_NAME
    Package: PACKAGE_NAME
    ⚠️  GroupId unknown, searching Maven Central for 'PACKAGE_NAME'...
    ✗ No results found in Maven Central

[864] unknown:mockito-core
    Package: mockito-core
    ⚠️  GroupId unknown, searching Maven Central for 'mockito-core'...
    ✓ Found: org.mockito:mockito-core
    ✓ Fetched 347 versions
    ✓ Found 3 github URL(s)

[865] unknown:mongo-java-driver
    Package: mongo-java-driver
    ⚠️  GroupId unknown, searching Maven Central for 'mongo-java-driver'...
    ✓ Found: org.mongodb:mongo-java-driver
    ℹ️  Other matches found:
       1. cn.leancloud:mongo-java-driver
       2. com.hynnet:mongo-java-driver
       3. com.mongodb:mongo-java-driver
    ✓ Fetched 120 versions
    ✓ Found 3 github URL(s)
    ✓ Found 1 other URL(s)

[866] unknown:mongo-java-driver
    Package: mongo-java-driver
    ⚠️  GroupId unknown, searching Maven Central for 'mongo-java-driver'...
    ✓ Found: org.mongodb:mongo-java-driver
    ℹ️  Other matches found:
       1. cn.leancloud:mongo-java-driver
       2. com.hynnet:mongo-java-driver
       3. com.mongodb:mongo-java-driver
    ✓ Fetched 120 versions
    ✓ Found 3 github URL(s)
    ✓ Found 1 other URL(s)

[867] unknown:mongoengine
    Package: mongoengine
    ⚠️  GroupId unknown, searching Maven Central for 'mongoengine'...
    ✗ No results found in Maven Central

[868] unknown:mongoengine
    Package: mongoengine
    ⚠️  GroupId unknown, searching Maven Central for 'mongoengine'...
    ✗ No results found in Maven Central

[869] unknown:msv
    Package: msv
    ⚠️  GroupId unknown, searching Maven Central for 'msv'...
    ✓ Found: net.java.dev.msv:msv
    ℹ️  Other matches found:
       1. msv:msv
    ✓ Fetched 8 versions
    ✓ Found 4 github URL(s)

[870] unknown:murmur
    Package: murmur
    ⚠️  GroupId unknown, searching Maven Central for 'murmur'...
    ✓ Found: com.sangupta:murmur
    ✓ Fetched 1 versions
    ✓ Found 3 github URL(s)
    ✓ Found 1 other URL(s)

[871] unknown:mybatis
    Package: mybatis
    ⚠️  GroupId unknown, searching Maven Central for 'mybatis'...
    ✓ Found: org.mybatis:mybatis
    ℹ️  Other matches found:
       1. com.github.houbb:mybatis
       2. live.lingting.dependencies:mybatis
       3. io.github.flyinwind1:mybatis
    ✓ Fetched 47 versions
    ✓ Found 4 github URL(s)
    ✓ Found 1 other URL(s)

[872] unknown:mybatis-3
    Package: mybatis-3
    ⚠️  GroupId unknown, searching Maven Central for 'mybatis-3'...
    ✗ No results found in Maven Central

[873] unknown:mysql-connector-j
    Package: mysql-connector-j
    ⚠️  GroupId unknown, searching Maven Central for 'mysql-connector-j'...
    ✓ Found: com.mysql:mysql-connector-j
    ✓ Fetched 13 versions
    ✓ Found 2 github URL(s)
    ✓ Found 1 other URL(s)

[874] unknown:mysql-connector-j
    Package: mysql-connector-j
    ⚠️  GroupId unknown, searching Maven Central for 'mysql-connector-j'...
    ✓ Found: com.mysql:mysql-connector-j
    ✓ Fetched 13 versions
    ✓ Found 2 github URL(s)
    ✓ Found 1 other URL(s)

[875] unknown:narayana-spring-boot
    Package: narayana-spring-boot
    ⚠️  GroupId unknown, searching Maven Central for 'narayana-spring-boot'...
    ✗ No results found in Maven Central

[876] unknown:narayana-spring-boot
    Package: narayana-spring-boot
    ⚠️  GroupId unknown, searching Maven Central for 'narayana-spring-boot'...
    ✗ No results found in Maven Central

[877] unknown:nashorn
    Package: nashorn
    ⚠️  GroupId unknown, searching Maven Central for 'nashorn'...
    ✓ Found: com.xenoamess:nashorn
    ✓ Fetched 4 versions
    ✓ Found 3 other URL(s)
    ✓ Found 1 github URL(s)

[878] unknown:nekohtml
    Package: nekohtml
    ⚠️  GroupId unknown, searching Maven Central for 'nekohtml'...
    ✓ Found: org.codelibs:nekohtml
    ℹ️  Other matches found:
       1. org.nokogiri:nekohtml
       2. net.sourceforge.nekohtml:nekohtml
       3. nekohtml:nekohtml
    ✓ Fetched 10 versions
    ✓ Found 4 github URL(s)

[879] unknown:5.9.0_ubi_8
    Package: 5.9.0_ubi_8
    ⚠️  GroupId unknown, searching Maven Central for '5.9.0_ubi_8'...
    ✗ No results found in Maven Central

[880] unknown:neo4j
    Package: neo4j
    ⚠️  GroupId unknown, searching Maven Central for 'neo4j'...
    ✓ Found: org.testcontainers:neo4j
    ℹ️  Other matches found:
       1. com.buschmais.jqassistant.core:neo4j
       2. org.neo4j:neo4j
       3. io.komune.cccev:neo4j
    ✓ Fetched 63 versions
    ✓ Found 4 github URL(s)
    ✓ Found 1 other URL(s)

[881] unknown:neo4j
    Package: neo4j
    ⚠️  GroupId unknown, searching Maven Central for 'neo4j'...
    ✓ Found: org.testcontainers:neo4j
    ℹ️  Other matches found:
       1. com.buschmais.jqassistant.core:neo4j
       2. org.neo4j:neo4j
       3. io.komune.cccev:neo4j
    ✓ Fetched 63 versions
    ✓ Found 4 github URL(s)
    ✓ Found 1 other URL(s)

[882] unknown:neo4j-java-driver
    Package: neo4j-java-driver
    ⚠️  GroupId unknown, searching Maven Central for 'neo4j-java-driver'...
    ✓ Found: org.neo4j.driver:neo4j-java-driver
    ✓ Fetched 201 versions
    ✓ Found 4 github URL(s)

[883] unknown:neo4j-migrations
    Package: neo4j-migrations
    ⚠️  GroupId unknown, searching Maven Central for 'neo4j-migrations'...
    ✓ Found: eu.michael-simons.neo4j:neo4j-migrations
    ✓ Fetched 131 versions

[884] unknown:netflix-commons
    Package: netflix-commons
    ⚠️  GroupId unknown, searching Maven Central for 'netflix-commons'...
    ✗ No results found in Maven Central

[885] unknown:netflix-commons
    Package: netflix-commons
    ⚠️  GroupId unknown, searching Maven Central for 'netflix-commons'...
    ✗ No results found in Maven Central

[886] unknown:netflix-eureka
    Package: netflix-eureka
    ⚠️  GroupId unknown, searching Maven Central for 'netflix-eureka'...
    ✗ No results found in Maven Central

[887] unknown:netflix-eureka
    Package: netflix-eureka
    ⚠️  GroupId unknown, searching Maven Central for 'netflix-eureka'...
    ✗ No results found in Maven Central

[888] unknown:netflix-feign
    Package: netflix-feign
    ⚠️  GroupId unknown, searching Maven Central for 'netflix-feign'...
    ✓ Found: org.seedstack.addons.netflix:netflix-feign
    ✓ Fetched 1 versions

[889] unknown:netflix-feign
    Package: netflix-feign
    ⚠️  GroupId unknown, searching Maven Central for 'netflix-feign'...
    ✓ Found: org.seedstack.addons.netflix:netflix-feign
    ✓ Fetched 1 versions

[890] unknown:netflix-frigga
    Package: netflix-frigga
    ⚠️  GroupId unknown, searching Maven Central for 'netflix-frigga'...
    ✗ No results found in Maven Central

[891] unknown:netflix-frigga
    Package: netflix-frigga
    ⚠️  GroupId unknown, searching Maven Central for 'netflix-frigga'...
    ✗ No results found in Maven Central

[892] unknown:netflix-governator
    Package: netflix-governator
    ⚠️  GroupId unknown, searching Maven Central for 'netflix-governator'...
    ✓ Found: io.github.qsy7.java.dependencies:netflix-governator
    ℹ️  Other matches found:
       1. com.walterjwhite.java.dependencies:netflix-governator
    ✓ Fetched 4 versions

[893] unknown:netflix-governator
    Package: netflix-governator
    ⚠️  GroupId unknown, searching Maven Central for 'netflix-governator'...
    ✓ Found: io.github.qsy7.java.dependencies:netflix-governator
    ℹ️  Other matches found:
       1. com.walterjwhite.java.dependencies:netflix-governator
    ✓ Fetched 4 versions

[894] unknown:netflix-pytheas
    Package: netflix-pytheas
    ⚠️  GroupId unknown, searching Maven Central for 'netflix-pytheas'...
    ✗ No results found in Maven Central

[895] unknown:netflix-pytheas
    Package: netflix-pytheas
    ⚠️  GroupId unknown, searching Maven Central for 'netflix-pytheas'...
    ✗ No results found in Maven Central

[896] unknown:netflix-ribbon
    Package: netflix-ribbon
    ⚠️  GroupId unknown, searching Maven Central for 'netflix-ribbon'...
    ✓ Found: io.micronaut.configuration:netflix-ribbon
    ✓ Fetched 2 versions
    ✓ Found 3 github URL(s)
    ✓ Found 1 other URL(s)

[897] unknown:netty
    Package: netty
    ⚠️  GroupId unknown, searching Maven Central for 'netty'...
    ✓ Found: host.anzo:netty
    ℹ️  Other matches found:
       1. net.lenni0451.commons:netty
       2. com.godmao:netty
       3. com.gitee.huanminabc:netty
    ✓ Fetched 1 versions
    ✓ Found 4 github URL(s)

[898] unknown:netty
    Package: netty
    ⚠️  GroupId unknown, searching Maven Central for 'netty'...
    ✓ Found: host.anzo:netty
    ℹ️  Other matches found:
       1. net.lenni0451.commons:netty
       2. com.godmao:netty
       3. com.gitee.huanminabc:netty
    ✓ Fetched 1 versions
    ✓ Found 4 github URL(s)

[899] unknown:netty
    Package: netty
    ⚠️  GroupId unknown, searching Maven Central for 'netty'...
    ✓ Found: host.anzo:netty
    ℹ️  Other matches found:
       1. net.lenni0451.commons:netty
       2. com.godmao:netty
       3. com.gitee.huanminabc:netty
    ✓ Fetched 1 versions
    ✓ Found 4 github URL(s)

[900] unknown:PACKAGE_NAME
    Package: PACKAGE_NAME
    ⚠️  GroupId unknown, searching Maven Central for 'PACKAGE_NAME'...
    ✗ No results found in Maven Central

[901] unknown:netty
    Package: netty
    ⚠️  GroupId unknown, searching Maven Central for 'netty'...
    ✓ Found: host.anzo:netty
    ℹ️  Other matches found:
       1. net.lenni0451.commons:netty
       2. com.godmao:netty
       3. com.gitee.huanminabc:netty
    ✓ Fetched 1 versions
    ✓ Found 4 github URL(s)

[902] unknown:netty
    Package: netty
    ⚠️  GroupId unknown, searching Maven Central for 'netty'...
    ✓ Found: host.anzo:netty
    ℹ️  Other matches found:
       1. net.lenni0451.commons:netty
       2. com.godmao:netty
       3. com.gitee.huanminabc:netty
    ✓ Fetched 1 versions
    ✓ Found 4 github URL(s)

[903] unknown:netty
    Package: netty
    ⚠️  GroupId unknown, searching Maven Central for 'netty'...
    ✓ Found: host.anzo:netty
    ℹ️  Other matches found:
       1. net.lenni0451.commons:netty
       2. com.godmao:netty
       3. com.gitee.huanminabc:netty
    ✓ Fetched 1 versions
    ✓ Found 4 github URL(s)

[904] unknown:netty
    Package: netty
    ⚠️  GroupId unknown, searching Maven Central for 'netty'...
    ✓ Found: host.anzo:netty
    ℹ️  Other matches found:
       1. net.lenni0451.commons:netty
       2. com.godmao:netty
       3. com.gitee.huanminabc:netty
    ✓ Fetched 1 versions
    ✓ Found 4 github URL(s)

[905] unknown:netty
    Package: netty
    ⚠️  GroupId unknown, searching Maven Central for 'netty'...
    ✓ Found: host.anzo:netty
    ℹ️  Other matches found:
       1. net.lenni0451.commons:netty
       2. com.godmao:netty
       3. com.gitee.huanminabc:netty
    ✓ Fetched 1 versions
    ✓ Found 4 github URL(s)

[906] unknown:PACKAGE_NAME
    Package: PACKAGE_NAME
    ⚠️  GroupId unknown, searching Maven Central for 'PACKAGE_NAME'...
    ✗ No results found in Maven Central

[907] unknown:netty
    Package: netty
    ⚠️  GroupId unknown, searching Maven Central for 'netty'...
    ✓ Found: host.anzo:netty
    ℹ️  Other matches found:
       1. net.lenni0451.commons:netty
       2. com.godmao:netty
       3. com.gitee.huanminabc:netty
    ✓ Fetched 1 versions
    ✓ Found 4 github URL(s)

[908] unknown:netty-all
    Package: netty-all
    ⚠️  GroupId unknown, searching Maven Central for 'netty-all'...
    ✓ Found: com.sonsure:netty-all
    ℹ️  Other matches found:
       1. org.wso2.orbit.io.netty:netty-all
       2. org.openlabtesting.netty:netty-all
       3. io.netty:netty-all
    ✓ Fetched 1 versions

[909] unknown:PACKAGE_NAME
    Package: PACKAGE_NAME
    ⚠️  GroupId unknown, searching Maven Central for 'PACKAGE_NAME'...
    ✗ No results found in Maven Central

[910] unknown:netty-buffer
    Package: netty-buffer
    ⚠️  GroupId unknown, searching Maven Central for 'netty-buffer'...
    ✓ Found: org.lucee:netty-buffer
    ℹ️  Other matches found:
       1. io.netty:netty-buffer
       2. org.jboss.errai.io.netty:netty-buffer
    ✓ Fetched 1 versions
    ✓ Found 3 github URL(s)
    ✓ Found 1 other URL(s)

[911] unknown:netty-buffer
    Package: netty-buffer
    ⚠️  GroupId unknown, searching Maven Central for 'netty-buffer'...
    ✓ Found: org.lucee:netty-buffer
    ℹ️  Other matches found:
       1. io.netty:netty-buffer
       2. org.jboss.errai.io.netty:netty-buffer
    ✓ Fetched 1 versions
    ✓ Found 3 github URL(s)
    ✓ Found 1 other URL(s)

[912] unknown:netty-codec
    Package: netty-codec
    ⚠️  GroupId unknown, searching Maven Central for 'netty-codec'...
    ✓ Found: io.github.sunny-chung:netty-codec
    ℹ️  Other matches found:
       1. org.lucee:netty-codec
       2. io.netty:netty-codec
       3. org.jboss.errai.io.netty:netty-codec
    ✓ Fetched 1 versions

[913] unknown:netty-codec-dns
    Package: netty-codec-dns
    ⚠️  GroupId unknown, searching Maven Central for 'netty-codec-dns'...
    ✓ Found: org.asynchttpclient:netty-codec-dns
    ℹ️  Other matches found:
       1. io.netty:netty-codec-dns
    ✓ Fetched 56 versions

[914] unknown:netty-codec-http
    Package: netty-codec-http
    ⚠️  GroupId unknown, searching Maven Central for 'netty-codec-http'...
    ✓ Found: io.netty:netty-codec-http
    ℹ️  Other matches found:
       1. org.jboss.errai.io.netty:netty-codec-http
    ✓ Fetched 246 versions

[915] unknown:PACKAGE_NAME
    Package: PACKAGE_NAME
    ⚠️  GroupId unknown, searching Maven Central for 'PACKAGE_NAME'...
    ✗ No results found in Maven Central

[916] unknown:netty-codec-http2
    Package: netty-codec-http2
    ⚠️  GroupId unknown, searching Maven Central for 'netty-codec-http2'...
    ✓ Found: io.github.sunny-chung:netty-codec-http2
    ℹ️  Other matches found:
       1. io.netty:netty-codec-http2
    ✓ Fetched 1 versions

[917] unknown:netty-codec-http2
    Package: netty-codec-http2
    ⚠️  GroupId unknown, searching Maven Central for 'netty-codec-http2'...
    ✓ Found: io.github.sunny-chung:netty-codec-http2
    ℹ️  Other matches found:
       1. io.netty:netty-codec-http2
    ✓ Fetched 1 versions

[918] unknown:netty-codec-socks
    Package: netty-codec-socks
    ⚠️  GroupId unknown, searching Maven Central for 'netty-codec-socks'...
    ✓ Found: io.netty.contrib:netty-codec-socks
    ℹ️  Other matches found:
       1. io.netty:netty-codec-socks
    ✓ Fetched 2 versions

[919] unknown:PACKAGE_NAME
    Package: PACKAGE_NAME
    ⚠️  GroupId unknown, searching Maven Central for 'PACKAGE_NAME'...
    ✗ No results found in Maven Central

[920] unknown:netty-common
    Package: netty-common
    ⚠️  GroupId unknown, searching Maven Central for 'netty-common'...
    ✓ Found: ru.tinkoff.kora:netty-common
    ℹ️  Other matches found:
       1. top.zenyoung:netty-common
       2. org.nd4j:netty-common
       3. io.netty:netty-common
    ✓ Fetched 100 versions
    ✓ Found 4 github URL(s)

[921] unknown:netty-common
    Package: netty-common
    ⚠️  GroupId unknown, searching Maven Central for 'netty-common'...
    ✓ Found: ru.tinkoff.kora:netty-common
    ℹ️  Other matches found:
       1. top.zenyoung:netty-common
       2. org.nd4j:netty-common
       3. io.netty:netty-common
    ✓ Fetched 100 versions
    ✓ Found 4 github URL(s)

[922] unknown:netty-handler
    Package: netty-handler
    ⚠️  GroupId unknown, searching Maven Central for 'netty-handler'...
    ✓ Found: org.lucee:netty-handler
    ℹ️  Other matches found:
       1. com.luhuiguo.netty:netty-handler
       2. io.netty:netty-handler
       3. org.jboss.errai.io.netty:netty-handler
    ✓ Fetched 1 versions
    ✓ Found 3 github URL(s)
    ✓ Found 1 other URL(s)

[923] unknown:netty-handler-proxy
    Package: netty-handler-proxy
    ⚠️  GroupId unknown, searching Maven Central for 'netty-handler-proxy'...
    ✓ Found: io.netty.contrib:netty-handler-proxy
    ℹ️  Other matches found:
       1. io.netty:netty-handler-proxy
    ✓ Fetched 2 versions

[924] unknown:PACKAGE_NAME
    Package: PACKAGE_NAME
    ⚠️  GroupId unknown, searching Maven Central for 'PACKAGE_NAME'...
    ✗ No results found in Maven Central

[925] unknown:netty-handler-proxy
    Package: netty-handler-proxy
    ⚠️  GroupId unknown, searching Maven Central for 'netty-handler-proxy'...
    ✓ Found: io.netty.contrib:netty-handler-proxy
    ℹ️  Other matches found:
       1. io.netty:netty-handler-proxy
    ✓ Fetched 2 versions

[926] unknown:PACKAGE_NAME
    Package: PACKAGE_NAME
    ⚠️  GroupId unknown, searching Maven Central for 'PACKAGE_NAME'...
    ✗ No results found in Maven Central

[927] unknown:netty-handler-proxy
    Package: netty-handler-proxy
    ⚠️  GroupId unknown, searching Maven Central for 'netty-handler-proxy'...
    ✓ Found: io.netty.contrib:netty-handler-proxy
    ℹ️  Other matches found:
       1. io.netty:netty-handler-proxy
    ✓ Fetched 2 versions

[928] unknown:PACKAGE_NAME
    Package: PACKAGE_NAME
    ⚠️  GroupId unknown, searching Maven Central for 'PACKAGE_NAME'...
    ✗ No results found in Maven Central

[929] unknown:netty-resolver
    Package: netty-resolver
    ⚠️  GroupId unknown, searching Maven Central for 'netty-resolver'...
    ✓ Found: org.asynchttpclient:netty-resolver
    ℹ️  Other matches found:
       1. io.netty:netty-resolver
    ✓ Fetched 56 versions

[930] unknown:netty-resolver
    Package: netty-resolver
    ⚠️  GroupId unknown, searching Maven Central for 'netty-resolver'...
    ✓ Found: org.asynchttpclient:netty-resolver
    ℹ️  Other matches found:
       1. io.netty:netty-resolver
    ✓ Fetched 56 versions

[931] unknown:netty-resolver-dns
    Package: netty-resolver-dns
    ⚠️  GroupId unknown, searching Maven Central for 'netty-resolver-dns'...
    ✓ Found: org.asynchttpclient:netty-resolver-dns
    ℹ️  Other matches found:
       1. io.netty:netty-resolver-dns
    ✓ Fetched 56 versions

[932] unknown:PACKAGE_NAME
    Package: PACKAGE_NAME
    ⚠️  GroupId unknown, searching Maven Central for 'PACKAGE_NAME'...
    ✗ No results found in Maven Central

[933] unknown:netty-resolver-dns
    Package: netty-resolver-dns
    ⚠️  GroupId unknown, searching Maven Central for 'netty-resolver-dns'...
    ✓ Found: org.asynchttpclient:netty-resolver-dns
    ℹ️  Other matches found:
       1. io.netty:netty-resolver-dns
    ✓ Fetched 56 versions

[934] unknown:PACKAGE_NAME
    Package: PACKAGE_NAME
    ⚠️  GroupId unknown, searching Maven Central for 'PACKAGE_NAME'...
    ✗ No results found in Maven Central

[935] unknown:netty-resolver-dns
    Package: netty-resolver-dns
    ⚠️  GroupId unknown, searching Maven Central for 'netty-resolver-dns'...
    ✓ Found: org.asynchttpclient:netty-resolver-dns
    ℹ️  Other matches found:
       1. io.netty:netty-resolver-dns
    ✓ Fetched 56 versions

[936] unknown:netty-tcnative
    Package: netty-tcnative
    ⚠️  GroupId unknown, searching Maven Central for 'netty-tcnative'...
    ✓ Found: io.netty:netty-tcnative
    ✓ Fetched 112 versions

[937] unknown:netty-tcnative
    Package: netty-tcnative
    ⚠️  GroupId unknown, searching Maven Central for 'netty-tcnative'...
    ✓ Found: io.netty:netty-tcnative
    ✓ Fetched 112 versions

[938] unknown:PACKAGE_NAME
    Package: PACKAGE_NAME
    ⚠️  GroupId unknown, searching Maven Central for 'PACKAGE_NAME'...
    ✗ No results found in Maven Central

[939] unknown:netty-transport
    Package: netty-transport
    ⚠️  GroupId unknown, searching Maven Central for 'netty-transport'...
    ✓ Found: io.netty:netty-transport
    ℹ️  Other matches found:
       1. org.jboss.errai.io.netty:netty-transport
    ✓ Fetched 246 versions

[940] unknown:netty-transport
    Package: netty-transport
    ⚠️  GroupId unknown, searching Maven Central for 'netty-transport'...
    ✓ Found: io.netty:netty-transport
    ℹ️  Other matches found:
       1. org.jboss.errai.io.netty:netty-transport
    ✓ Fetched 246 versions

[941] unknown:netty-transport-native-epoll
    Package: netty-transport-native-epoll
    ⚠️  GroupId unknown, searching Maven Central for 'netty-transport-native-epoll'...
    ✓ Found: io.netty:netty-transport-native-epoll
    ✓ Fetched 208 versions

[942] unknown:nimbus-content-type
    Package: nimbus-content-type
    ⚠️  GroupId unknown, searching Maven Central for 'nimbus-content-type'...
    ✗ No results found in Maven Central

[943] unknown:nimbus-language-tags
    Package: nimbus-language-tags
    ⚠️  GroupId unknown, searching Maven Central for 'nimbus-language-tags'...
    ✗ No results found in Maven Central

[944] unknown:node-jwks-rsa
    Package: node-jwks-rsa
    ⚠️  GroupId unknown, searching Maven Central for 'node-jwks-rsa'...
    ✗ No results found in Maven Central

[945] unknown:noggit
    Package: noggit
    ⚠️  GroupId unknown, searching Maven Central for 'noggit'...
    ✓ Found: org.xbib.elasticsearch:noggit
    ℹ️  Other matches found:
       1. org.noggit:noggit
    ✓ Fetched 1 versions
    ✓ Found 4 github URL(s)

[946] unknown:noggit
    Package: noggit
    ⚠️  GroupId unknown, searching Maven Central for 'noggit'...
    ✓ Found: org.xbib.elasticsearch:noggit
    ℹ️  Other matches found:
       1. org.noggit:noggit
    ✓ Fetched 1 versions
    ✓ Found 4 github URL(s)

[947] unknown:nomad
    Package: nomad
    ⚠️  GroupId unknown, searching Maven Central for 'nomad'...
    ✓ Found: com.pulumi:nomad
    ✓ Fetched 188 versions
    ✓ Found 4 github URL(s)

[948] unknown:nomad
    Package: nomad
    ⚠️  GroupId unknown, searching Maven Central for 'nomad'...
    ✓ Found: com.pulumi:nomad
    ✓ Fetched 188 versions
    ✓ Found 4 github URL(s)

[949] unknown:oauth
    Package: oauth
    ⚠️  GroupId unknown, searching Maven Central for 'oauth'...
    ✓ Found: io.strimzi:oauth
    ℹ️  Other matches found:
       1. org.apache.jclouds.api:oauth
       2. com.navercorp.nid:oauth
       3. org.openidentityplatform.openam:oauth
    ✓ Fetched 28 versions
    ✓ Found 4 github URL(s)
    ✓ Found 1 other URL(s)

[950] unknown:oauth
    Package: oauth
    ⚠️  GroupId unknown, searching Maven Central for 'oauth'...
    ✓ Found: io.strimzi:oauth
    ℹ️  Other matches found:
       1. org.apache.jclouds.api:oauth
       2. com.navercorp.nid:oauth
       3. org.openidentityplatform.openam:oauth
    ✓ Fetched 28 versions
    ✓ Found 4 github URL(s)
    ✓ Found 1 other URL(s)

[951] unknown:offheap-store
    Package: offheap-store
    ⚠️  GroupId unknown, searching Maven Central for 'offheap-store'...
    ✓ Found: org.terracotta:offheap-store
    ✓ Fetched 21 versions
    ✓ Found 4 github URL(s)

[952] unknown:ognl
    Package: ognl
    ⚠️  GroupId unknown, searching Maven Central for 'ognl'...
    ✓ Found: ognl:ognl
    ℹ️  Other matches found:
       1. opensymphony:ognl
    ✓ Fetched 108 versions

[953] unknown:PACKAGE_NAME
    Package: PACKAGE_NAME
    ⚠️  GroupId unknown, searching Maven Central for 'PACKAGE_NAME'...
    ✗ No results found in Maven Central

[954] unknown:okhttp
    Package: okhttp
    ⚠️  GroupId unknown, searching Maven Central for 'okhttp'...
    ✓ Found: com.squareup.okhttp3:okhttp
    ℹ️  Other matches found:
       1. com.avito.android:okhttp
       2. io.github.qsy7.java.dependencies:okhttp
       3. io.github.sunny-chung:okhttp
    ✓ Fetched 106 versions
    ✓ Found 4 github URL(s)

[955] unknown:okhttp-ws
    Package: okhttp-ws
    ⚠️  GroupId unknown, searching Maven Central for 'okhttp-ws'...
    ✓ Found: com.squareup.okhttp3:okhttp-ws
    ℹ️  Other matches found:
       1. com.squareup.okhttp:okhttp-ws
    ✓ Fetched 13 versions

[956] unknown:okio
    Package: okio
    ⚠️  GroupId unknown, searching Maven Central for 'okio'...
    ✓ Found: com.squareup.okio:okio
    ℹ️  Other matches found:
       1. org.wso2.orbit.com.squareup.okio:okio
       2. com.datadoghq.okio:okio
       3. org.danbrough.okio:okio
    ✓ Fetched 86 versions
    ✓ Found 4 github URL(s)

[957] unknown:PACKAGE_NAME
    Package: PACKAGE_NAME
    ⚠️  GroupId unknown, searching Maven Central for 'PACKAGE_NAME'...
    ✗ No results found in Maven Central

[958] unknown:opencsv
    Package: opencsv
    ⚠️  GroupId unknown, searching Maven Central for 'opencsv'...
    ✓ Found: com.opencsv:opencsv
    ℹ️  Other matches found:
       1. io.sourceforge.github.components:opencsv
       2. io.sourceforge.gitee.components:opencsv
       3. io.sourceforge.aliyun.components:opencsv
    ✓ Fetched 37 versions
    ✓ Found 2 sourceforge URL(s)
    ✓ Found 3 other URL(s)

[959] unknown:opencsv
    Package: opencsv
    ⚠️  GroupId unknown, searching Maven Central for 'opencsv'...
    ✓ Found: com.opencsv:opencsv
    ℹ️  Other matches found:
       1. io.sourceforge.github.components:opencsv
       2. io.sourceforge.gitee.components:opencsv
       3. io.sourceforge.aliyun.components:opencsv
    ✓ Fetched 37 versions
    ✓ Found 2 sourceforge URL(s)
    ✓ Found 3 other URL(s)

[960] unknown:opensearch-jvector
    Package: opensearch-jvector
    ⚠️  GroupId unknown, searching Maven Central for 'opensearch-jvector'...
    ✓ Found: org.opensearch.knn:opensearch-jvector
    ✓ Fetched 9 versions
    ✓ Found 2 github URL(s)

[961] unknown:alerting
    Package: alerting
    ⚠️  GroupId unknown, searching Maven Central for 'alerting'...
    ✓ Found: org.apache.karaf.decanter:alerting
    ℹ️  Other matches found:
       1. org.opensearch.plugin:alerting
       2. uk.co.gresearch.siembol:alerting
    ✓ Fetched 13 versions

[962] unknown:alerting
    Package: alerting
    ⚠️  GroupId unknown, searching Maven Central for 'alerting'...
    ✓ Found: org.apache.karaf.decanter:alerting
    ℹ️  Other matches found:
       1. org.opensearch.plugin:alerting
       2. uk.co.gresearch.siembol:alerting
    ✓ Fetched 13 versions

[963] unknown:alerting
    Package: alerting
    ⚠️  GroupId unknown, searching Maven Central for 'alerting'...
    ✓ Found: org.apache.karaf.decanter:alerting
    ℹ️  Other matches found:
       1. org.opensearch.plugin:alerting
       2. uk.co.gresearch.siembol:alerting
    ✓ Fetched 13 versions

[964] unknown:alerting
    Package: alerting
    ⚠️  GroupId unknown, searching Maven Central for 'alerting'...
    ✓ Found: org.apache.karaf.decanter:alerting
    ℹ️  Other matches found:
       1. org.opensearch.plugin:alerting
       2. uk.co.gresearch.siembol:alerting
    ✓ Fetched 13 versions

[965] unknown:anomaly-detection
    Package: anomaly-detection
    ⚠️  GroupId unknown, searching Maven Central for 'anomaly-detection'...
    ✗ No results found in Maven Central

[966] unknown:anomaly-detection
    Package: anomaly-detection
    ⚠️  GroupId unknown, searching Maven Central for 'anomaly-detection'...
    ✗ No results found in Maven Central

[967] unknown:anomaly-detection
    Package: anomaly-detection
    ⚠️  GroupId unknown, searching Maven Central for 'anomaly-detection'...
    ✗ No results found in Maven Central

[968] unknown:anomaly-detection
    Package: anomaly-detection
    ⚠️  GroupId unknown, searching Maven Central for 'anomaly-detection'...
    ✗ No results found in Maven Central

[969] unknown:asynchronous-search
    Package: asynchronous-search
    ⚠️  GroupId unknown, searching Maven Central for 'asynchronous-search'...
    ✓ Found: org.opensearch.plugin:asynchronous-search
    ✓ Fetched 36 versions
    ✓ Found 2 github URL(s)

[970] unknown:cross-cluster-replication
    Package: cross-cluster-replication
    ⚠️  GroupId unknown, searching Maven Central for 'cross-cluster-replication'...
    ✗ No results found in Maven Central

[971] unknown:cross-cluster-replication
    Package: cross-cluster-replication
    ⚠️  GroupId unknown, searching Maven Central for 'cross-cluster-replication'...
    ✗ No results found in Maven Central

[972] unknown:cross-cluster-replication
    Package: cross-cluster-replication
    ⚠️  GroupId unknown, searching Maven Central for 'cross-cluster-replication'...
    ✗ No results found in Maven Central

[973] unknown:custom-codecs
    Package: custom-codecs
    ⚠️  GroupId unknown, searching Maven Central for 'custom-codecs'...
    ✓ Found: org.opensearch.sandbox:custom-codecs
    ✓ Fetched 2 versions
    ✓ Found 2 github URL(s)

[974] unknown:flow-framework
    Package: flow-framework
    ⚠️  GroupId unknown, searching Maven Central for 'flow-framework'...
    ✓ Found: io.github.mosup16:flow-framework
    ✓ Fetched 1 versions
    ✓ Found 4 github URL(s)

[975] unknown:geospatial
    Package: geospatial
    ⚠️  GroupId unknown, searching Maven Central for 'geospatial'...
    ✓ Found: org.opensearch.plugin:geospatial
    ✓ Fetched 35 versions
    ✓ Found 2 github URL(s)

[976] unknown:geospatial
    Package: geospatial
    ⚠️  GroupId unknown, searching Maven Central for 'geospatial'...
    ✓ Found: org.opensearch.plugin:geospatial
    ✓ Fetched 35 versions
    ✓ Found 2 github URL(s)

[977] unknown:geospatial
    Package: geospatial
    ⚠️  GroupId unknown, searching Maven Central for 'geospatial'...
    ✓ Found: org.opensearch.plugin:geospatial
    ✓ Fetched 35 versions
    ✓ Found 2 github URL(s)

[978] unknown:geospatial
    Package: geospatial
    ⚠️  GroupId unknown, searching Maven Central for 'geospatial'...
    ✓ Found: org.opensearch.plugin:geospatial
    ✓ Fetched 35 versions
    ✓ Found 2 github URL(s)

[979] unknown:index-management
    Package: index-management
    ⚠️  GroupId unknown, searching Maven Central for 'index-management'...
    ✗ No results found in Maven Central

[980] unknown:job-scheduler
    Package: job-scheduler
    ⚠️  GroupId unknown, searching Maven Central for 'job-scheduler'...
    ✓ Found: org.kquiet:job-scheduler
    ✓ Fetched 4 versions
    ✓ Found 4 github URL(s)

[981] unknown:job-scheduler
    Package: job-scheduler
    ⚠️  GroupId unknown, searching Maven Central for 'job-scheduler'...
    ✓ Found: org.kquiet:job-scheduler
    ✓ Fetched 4 versions
    ✓ Found 4 github URL(s)

[982] unknown:job-scheduler
    Package: job-scheduler
    ⚠️  GroupId unknown, searching Maven Central for 'job-scheduler'...
    ✓ Found: org.kquiet:job-scheduler
    ✓ Fetched 4 versions
    ✓ Found 4 github URL(s)

[983] unknown:job-scheduler
    Package: job-scheduler
    ⚠️  GroupId unknown, searching Maven Central for 'job-scheduler'...
    ✓ Found: org.kquiet:job-scheduler
    ✓ Fetched 4 versions
    ✓ Found 4 github URL(s)

[984] unknown:k-NN
    Package: k-NN
    ⚠️  GroupId unknown, searching Maven Central for 'k-NN'...
    ✗ No results found in Maven Central

[985] unknown:k-NN
    Package: k-NN
    ⚠️  GroupId unknown, searching Maven Central for 'k-NN'...
    ✗ No results found in Maven Central

[986] unknown:k-NN
    Package: k-NN
    ⚠️  GroupId unknown, searching Maven Central for 'k-NN'...
    ✗ No results found in Maven Central

[987] unknown:ml-commons
    Package: ml-commons
    ⚠️  GroupId unknown, searching Maven Central for 'ml-commons'...
    ✗ No results found in Maven Central

[988] unknown:neural-search
    Package: neural-search
    ⚠️  GroupId unknown, searching Maven Central for 'neural-search'...
    ✓ Found: org.opensearch.plugin:neural-search
    ✓ Fetched 32 versions
    ✓ Found 2 github URL(s)

[989] unknown:notifications
    Package: notifications
    ⚠️  GroupId unknown, searching Maven Central for 'notifications'...
    ✓ Found: aws.sdk.kotlin:notifications
    ℹ️  Other matches found:
       1. software.amazon.awssdk:notifications
       2. org.opensearch.plugin:notifications
       3. com.onesignal:notifications
    ✓ Fetched 278 versions
    ✓ Found 4 github URL(s)

[990] unknown:notifications
    Package: notifications
    ⚠️  GroupId unknown, searching Maven Central for 'notifications'...
    ✓ Found: aws.sdk.kotlin:notifications
    ℹ️  Other matches found:
       1. software.amazon.awssdk:notifications
       2. org.opensearch.plugin:notifications
       3. com.onesignal:notifications
    ✓ Fetched 278 versions
    ✓ Found 4 github URL(s)

[991] unknown:opensearch-project-notifications
    Package: opensearch-project-notifications
    ⚠️  GroupId unknown, searching Maven Central for 'opensearch-project-notifications'...
    ✗ No results found in Maven Central

[992] unknown:notifications
    Package: notifications
    ⚠️  GroupId unknown, searching Maven Central for 'notifications'...
    ✓ Found: aws.sdk.kotlin:notifications
    ℹ️  Other matches found:
       1. software.amazon.awssdk:notifications
       2. org.opensearch.plugin:notifications
       3. com.onesignal:notifications
    ✓ Fetched 278 versions
    ✓ Found 4 github URL(s)

[993] unknown:observability
    Package: observability
    ⚠️  GroupId unknown, searching Maven Central for 'observability'...
    ✓ Found: me.proton.core:observability
    ℹ️  Other matches found:
       1. ai.devrev.sdk:observability
       2. org.eclipse.xpanse.modules:observability
    ✓ Fetched 139 versions
    ✓ Found 3 gitlab URL(s)
    ✓ Found 1 github URL(s)

[994] unknown:observability
    Package: observability
    ⚠️  GroupId unknown, searching Maven Central for 'observability'...
    ✓ Found: me.proton.core:observability
    ℹ️  Other matches found:
       1. ai.devrev.sdk:observability
       2. org.eclipse.xpanse.modules:observability
    ✓ Fetched 139 versions
    ✓ Found 3 gitlab URL(s)
    ✓ Found 1 github URL(s)

[995] unknown:opensearch-project-observability
    Package: opensearch-project-observability
    ⚠️  GroupId unknown, searching Maven Central for 'opensearch-project-observability'...
    ✗ No results found in Maven Central

[996] unknown:observability
    Package: observability
    ⚠️  GroupId unknown, searching Maven Central for 'observability'...
    ✓ Found: me.proton.core:observability
    ℹ️  Other matches found:
       1. ai.devrev.sdk:observability
       2. org.eclipse.xpanse.modules:observability
    ✓ Fetched 139 versions
    ✓ Found 3 gitlab URL(s)
    ✓ Found 1 github URL(s)

[997] unknown:opensearch-learning-to-rank-base
    Package: opensearch-learning-to-rank-base
    ⚠️  GroupId unknown, searching Maven Central for 'opensearch-learning-to-rank-base'...
    ✗ No results found in Maven Central

[998] unknown:opensearch-remote-metadata-sdk
    Package: opensearch-remote-metadata-sdk
    ⚠️  GroupId unknown, searching Maven Central for 'opensearch-remote-metadata-sdk'...
    ✓ Found: org.opensearch:opensearch-remote-metadata-sdk
    ✓ Fetched 14 versions
    ✓ Found 4 github URL(s)

[999] unknown:performance-analyzer
    Package: performance-analyzer
    ⚠️  GroupId unknown, searching Maven Central for 'performance-analyzer'...
    ✓ Found: org.opensearch.plugin:performance-analyzer
    ✓ Fetched 37 versions
    ✓ Found 2 github URL(s)

[1000] unknown:performance-analyzer
    Package: performance-analyzer
    ⚠️  GroupId unknown, searching Maven Central for 'performance-analyzer'...
    ✓ Found: org.opensearch.plugin:performance-analyzer
    ✓ Fetched 37 versions
    ✓ Found 2 github URL(s)

[1001] unknown:performance-analyzer
    Package: performance-analyzer
    ⚠️  GroupId unknown, searching Maven Central for 'performance-analyzer'...
    ✓ Found: org.opensearch.plugin:performance-analyzer
    ✓ Fetched 37 versions
    ✓ Found 2 github URL(s)

[1002] unknown:performance-analyzer
    Package: performance-analyzer
    ⚠️  GroupId unknown, searching Maven Central for 'performance-analyzer'...
    ✓ Found: org.opensearch.plugin:performance-analyzer
    ✓ Fetched 37 versions
    ✓ Found 2 github URL(s)

[1003] unknown:query-insights
    Package: query-insights
    ⚠️  GroupId unknown, searching Maven Central for 'query-insights'...
    ✓ Found: org.opensearch.plugin:query-insights
    ✓ Fetched 31 versions
    ✓ Found 2 github URL(s)

[1004] unknown:reporting
    Package: reporting
    ⚠️  GroupId unknown, searching Maven Central for 'reporting'...
    ✓ Found: org.wso2.carbon.commons:reporting
    ℹ️  Other matches found:
       1. com.adpushup.apmobilesdk:reporting
       2. com.proofpoint.platform:reporting
       3. org.talend.sdk.component:reporting
    ✓ Fetched 210 versions
    ✓ Found 1 other URL(s)

[1005] unknown:security
    Package: security
    ⚠️  GroupId unknown, searching Maven Central for 'security'...
    ✓ Found: com.onfido.sdk:security
    ℹ️  Other matches found:
       1. com.sap.cloud.sdk.cloudplatform:security
       2. org.openidentityplatform.commons:security
       3. io.airlift:security
    ✓ Fetched 4 versions
    ✓ Found 4 github URL(s)

[1006] unknown:security-analytics
    Package: security-analytics
    ⚠️  GroupId unknown, searching Maven Central for 'security-analytics'...
    ✗ No results found in Maven Central

[1007] unknown:skills
    Package: skills
    ⚠️  GroupId unknown, searching Maven Central for 'skills'...
    ✗ No results found in Maven Central

[1008] unknown:sql
    Package: sql
    ⚠️  GroupId unknown, searching Maven Central for 'sql'...
    ✓ Found: org.apache.storm:sql
    ℹ️  Other matches found:
       1. io.gitee.kingdonwang:sql
       2. org.catools:sql
       3. io.github.smeup.reload:sql
    ✓ Fetched 34 versions

[1009] unknown:sql
    Package: sql
    ⚠️  GroupId unknown, searching Maven Central for 'sql'...
    ✓ Found: org.apache.storm:sql
    ℹ️  Other matches found:
       1. io.gitee.kingdonwang:sql
       2. org.catools:sql
       3. io.github.smeup.reload:sql
    ✓ Fetched 34 versions

[1010] unknown:sql
    Package: sql
    ⚠️  GroupId unknown, searching Maven Central for 'sql'...
    ✓ Found: org.apache.storm:sql
    ℹ️  Other matches found:
       1. io.gitee.kingdonwang:sql
       2. org.catools:sql
       3. io.github.smeup.reload:sql
    ✓ Fetched 34 versions

[1011] unknown:sql
    Package: sql
    ⚠️  GroupId unknown, searching Maven Central for 'sql'...
    ✓ Found: org.apache.storm:sql
    ℹ️  Other matches found:
       1. io.gitee.kingdonwang:sql
       2. org.catools:sql
       3. io.github.smeup.reload:sql
    ✓ Fetched 34 versions

[1012] unknown:opensearch-prometheus-exporter
    Package: opensearch-prometheus-exporter
    ⚠️  GroupId unknown, searching Maven Central for 'opensearch-prometheus-exporter'...
    ✗ No results found in Maven Central

[1013] unknown:openssl
    Package: openssl
    ⚠️  GroupId unknown, searching Maven Central for 'openssl'...
    ✓ Found: org.danbrough:openssl
    ℹ️  Other matches found:
       1. com.github.brunotl.ndk.thirdparty:openssl
       2. org.danbrough.kotlinxtras:openssl
       3. com.fpliu.ndk.pkg.prefab.android.21:openssl
    ✓ Fetched 1 versions
    ✓ Found 5 github URL(s)

[1014] unknown:opentelemetry-java
    Package: opentelemetry-java
    ⚠️  GroupId unknown, searching Maven Central for 'opentelemetry-java'...
    ✓ Found: be.orbinson.osgi:opentelemetry-java
    ✓ Fetched 3 versions

[1015] unknown:opentelemetry-java
    Package: opentelemetry-java
    ⚠️  GroupId unknown, searching Maven Central for 'opentelemetry-java'...
    ✓ Found: be.orbinson.osgi:opentelemetry-java
    ✓ Fetched 3 versions

[1016] unknown:opentelemetry-java-contrib
    Package: opentelemetry-java-contrib
    ⚠️  GroupId unknown, searching Maven Central for 'opentelemetry-java-contrib'...
    ✗ No results found in Maven Central

[1017] unknown:opentelemetry-proto-java
    Package: opentelemetry-proto-java
    ⚠️  GroupId unknown, searching Maven Central for 'opentelemetry-proto-java'...
    ✗ No results found in Maven Central

[1018] unknown:opentracing-api
    Package: opentracing-api
    ⚠️  GroupId unknown, searching Maven Central for 'opentracing-api'...
    ✓ Found: io.opentracing:opentracing-api
    ✓ Fetched 29 versions

[1019] unknown:opentracing-util
    Package: opentracing-util
    ⚠️  GroupId unknown, searching Maven Central for 'opentracing-util'...
    ✓ Found: io.opentracing:opentracing-util
    ✓ Fetched 12 versions

[1020] unknown:orc-mapreduce
    Package: orc-mapreduce
    ⚠️  GroupId unknown, searching Maven Central for 'orc-mapreduce'...
    ✓ Found: org.apache.orc:orc-mapreduce
    ℹ️  Other matches found:
       1. com.intel.qat:orc-mapreduce
    ✓ Fetched 95 versions

[1021] unknown:orc-shims
    Package: orc-shims
    ⚠️  GroupId unknown, searching Maven Central for 'orc-shims'...
    ✓ Found: org.apache.orc:orc-shims
    ℹ️  Other matches found:
       1. com.intel.qat:orc-shims
    ✓ Fetched 77 versions

[1022] unknown:PACKAGE_NAME
    Package: PACKAGE_NAME
    ⚠️  GroupId unknown, searching Maven Central for 'PACKAGE_NAME'...
    ✗ No results found in Maven Central

[1023] unknown:org.aspectj
    Package: org.aspectj
    ⚠️  GroupId unknown, searching Maven Central for 'org.aspectj'...
    ✗ No results found in Maven Central

[1024] unknown:org.aspectj
    Package: org.aspectj
    ⚠️  GroupId unknown, searching Maven Central for 'org.aspectj'...
    ✗ No results found in Maven Central

[1025] unknown:org.eclipse.osgi
    Package: org.eclipse.osgi
    ⚠️  GroupId unknown, searching Maven Central for 'org.eclipse.osgi'...
    ✓ Found: org.eclipse.platform:org.eclipse.osgi
    ℹ️  Other matches found:
       1. com.liferay:org.eclipse.osgi
       2. org.kie.j2cl.tools.external:org.eclipse.osgi
       3. com.vertispan.j2cl.external:org.eclipse.osgi
    ✓ Fetched 36 versions
    ✓ Found 5 github URL(s)

[1026] unknown:PACKAGE_NAME
    Package: PACKAGE_NAME
    ⚠️  GroupId unknown, searching Maven Central for 'PACKAGE_NAME'...
    ✗ No results found in Maven Central

[1027] unknown:org.eclipse.osgi
    Package: org.eclipse.osgi
    ⚠️  GroupId unknown, searching Maven Central for 'org.eclipse.osgi'...
    ✓ Found: org.eclipse.platform:org.eclipse.osgi
    ℹ️  Other matches found:
       1. com.liferay:org.eclipse.osgi
       2. org.kie.j2cl.tools.external:org.eclipse.osgi
       3. com.vertispan.j2cl.external:org.eclipse.osgi
    ✓ Fetched 36 versions
    ✓ Found 5 github URL(s)

[1028] unknown:org.osgi
    Package: org.osgi
    ⚠️  GroupId unknown, searching Maven Central for 'org.osgi'...
    ✓ Found: org.osgi:org.osgi
    ✓ Fetched 2 versions

[1029] unknown:orientdb
    Package: orientdb
    ⚠️  GroupId unknown, searching Maven Central for 'orientdb'...
    ✓ Found: org.testcontainers:orientdb
    ℹ️  Other matches found:
       1. com.orientechnologies:orientdb
       2. com.redis.testcontainers:orientdb
       3. io.thorntail:orientdb
    ✓ Fetched 47 versions
    ✓ Found 4 github URL(s)
    ✓ Found 1 other URL(s)

[1030] unknown:PACKAGE_NAME
    Package: PACKAGE_NAME
    ⚠️  GroupId unknown, searching Maven Central for 'PACKAGE_NAME'...
    ✗ No results found in Maven Central

[1031] unknown:osgi-resource-locator
    Package: osgi-resource-locator
    ⚠️  GroupId unknown, searching Maven Central for 'osgi-resource-locator'...
    ✓ Found: org.glassfish.hk2:osgi-resource-locator
    ✓ Fetched 47 versions

[1032] unknown:glassfish-hk2-extra
    Package: glassfish-hk2-extra
    ⚠️  GroupId unknown, searching Maven Central for 'glassfish-hk2-extra'...
    ✗ No results found in Maven Central

[1033] unknown:osgi_service_cm
    Package: osgi_service_cm
    ⚠️  GroupId unknown, searching Maven Central for 'osgi_service_cm'...
    ✗ No results found in Maven Central

[1034] unknown:owasp-java-encoder
    Package: owasp-java-encoder
    ⚠️  GroupId unknown, searching Maven Central for 'owasp-java-encoder'...
    ✗ No results found in Maven Central

[1035] unknown:owlapi
    Package: owlapi
    ⚠️  GroupId unknown, searching Maven Central for 'owlapi'...
    ✗ No results found in Maven Central

[1036] unknown:owlapi
    Package: owlapi
    ⚠️  GroupId unknown, searching Maven Central for 'owlapi'...
    ✗ No results found in Maven Central

[1037] unknown:owlapi
    Package: owlapi
    ⚠️  GroupId unknown, searching Maven Central for 'owlapi'...
    ✗ No results found in Maven Central

[1038] unknown:parquet-format
    Package: parquet-format
    ⚠️  GroupId unknown, searching Maven Central for 'parquet-format'...
    ✓ Found: org.apache.parquet:parquet-format
    ℹ️  Other matches found:
       1. com.intel.qat:parquet-format
       2. org.lasersonlab.apache.parquet:parquet-format
       3. com.twitter:parquet-format
    ✓ Fetched 11 versions
    ✓ Found 4 github URL(s)
    ✓ Found 1 other URL(s)

[1039] unknown:parquet-mr
    Package: parquet-mr
    ⚠️  GroupId unknown, searching Maven Central for 'parquet-mr'...
    ✗ No results found in Maven Central

[1040] unknown:pcollections
    Package: pcollections
    ⚠️  GroupId unknown, searching Maven Central for 'pcollections'...
    ✓ Found: org.pcollections:pcollections
    ℹ️  Other matches found:
       1. net.pincette:pcollections
       2. com.github.thirdteeth:pcollections
       3. io.takari.pcollections:pcollections
    ✓ Fetched 18 versions
    ✓ Found 4 github URL(s)

[1041] unknown:pcollections
    Package: pcollections
    ⚠️  GroupId unknown, searching Maven Central for 'pcollections'...
    ✓ Found: org.pcollections:pcollections
    ℹ️  Other matches found:
       1. net.pincette:pcollections
       2. com.github.thirdteeth:pcollections
       3. io.takari.pcollections:pcollections
    ✓ Fetched 18 versions
    ✓ Found 4 github URL(s)

[1042] unknown:perfmark-api
    Package: perfmark-api
    ⚠️  GroupId unknown, searching Maven Central for 'perfmark-api'...
    ✓ Found: io.perfmark:perfmark-api
    ✓ Fetched 15 versions
    ✓ Found 4 github URL(s)

[1043] unknown:persistence
    Package: persistence
    ⚠️  GroupId unknown, searching Maven Central for 'persistence'...
    ✓ Found: org.coldis.library:persistence
    ℹ️  Other matches found:
       1. org.nasdanika.core:persistence
       2. io.openliberty.features:persistence
       3. com.arassec.igor:persistence
    ✓ Fetched 117 versions
    ✓ Found 3 github URL(s)
    ✓ Found 1 other URL(s)

[1044] unknown:pgjdbc
    Package: pgjdbc
    ⚠️  GroupId unknown, searching Maven Central for 'pgjdbc'...
    ✗ No results found in Maven Central

[1045] unknown:picocli
    Package: picocli
    ⚠️  GroupId unknown, searching Maven Central for 'picocli'...
    ✓ Found: info.picocli:picocli
    ℹ️  Other matches found:
       1. io.micronaut.configuration:picocli
    ✓ Fetched 86 versions
    ✓ Found 3 github URL(s)
    ✓ Found 1 other URL(s)

[1046] unknown:PACKAGE_NAME
    Package: PACKAGE_NAME
    ⚠️  GroupId unknown, searching Maven Central for 'PACKAGE_NAME'...
    ✗ No results found in Maven Central

[1047] unknown:picocli
    Package: picocli
    ⚠️  GroupId unknown, searching Maven Central for 'picocli'...
    ✓ Found: info.picocli:picocli
    ℹ️  Other matches found:
       1. io.micronaut.configuration:picocli
    ✓ Fetched 86 versions
    ✓ Found 3 github URL(s)
    ✓ Found 1 other URL(s)

[1048] unknown:plexus-archiver
    Package: plexus-archiver
    ⚠️  GroupId unknown, searching Maven Central for 'plexus-archiver'...
    ✓ Found: org.codehaus.plexus:plexus-archiver
    ℹ️  Other matches found:
       1. org.evolvis.tartools.forked:plexus-archiver
       2. plexus:plexus-archiver
    ✓ Fetched 88 versions
    ✓ Found 5 github URL(s)

[1049] unknown:plexus-io
    Package: plexus-io
    ⚠️  GroupId unknown, searching Maven Central for 'plexus-io'...
    ✓ Found: org.codehaus.plexus:plexus-io
    ℹ️  Other matches found:
       1. org.evolvis.tartools.forked:plexus-io
    ✓ Fetched 55 versions
    ✓ Found 4 github URL(s)

[1050] unknown:plexus-utils
    Package: plexus-utils
    ⚠️  GroupId unknown, searching Maven Central for 'plexus-utils'...
    ✓ Found: org.codehaus.plexus:plexus-utils
    ℹ️  Other matches found:
       1. org.apache.maven:plexus-utils
       2. plexus:plexus-utils
    ✓ Fetched 81 versions
    ✓ Found 5 github URL(s)

[1051] unknown:PACKAGE_NAME
    Package: PACKAGE_NAME
    ⚠️  GroupId unknown, searching Maven Central for 'PACKAGE_NAME'...
    ✗ No results found in Maven Central

[1052] unknown:plexus-utils
    Package: plexus-utils
    ⚠️  GroupId unknown, searching Maven Central for 'plexus-utils'...
    ✓ Found: org.codehaus.plexus:plexus-utils
    ℹ️  Other matches found:
       1. org.apache.maven:plexus-utils
       2. plexus:plexus-utils
    ✓ Fetched 81 versions
    ✓ Found 5 github URL(s)

[1053] unknown:poi
    Package: poi
    ⚠️  GroupId unknown, searching Maven Central for 'poi'...
    ✓ Found: org.wso2.orbit.org.apache.poi:poi
    ℹ️  Other matches found:
       1. org.apache.poi:poi
       2. com.liferay:poi
       3. com.sonsure:poi
    ✓ Fetched 8 versions
    ✓ Found 1 other URL(s)

[1054] unknown:powermock
    Package: powermock
    ⚠️  GroupId unknown, searching Maven Central for 'powermock'...
    ✓ Found: org.powermock:powermock
    ✓ Fetched 21 versions
    ✓ Found 4 github URL(s)
    ✓ Found 1 other URL(s)

[1055] unknown:powermock
    Package: powermock
    ⚠️  GroupId unknown, searching Maven Central for 'powermock'...
    ✓ Found: org.powermock:powermock
    ✓ Fetched 21 versions
    ✓ Found 4 github URL(s)
    ✓ Found 1 other URL(s)

[1056] unknown:powermock
    Package: powermock
    ⚠️  GroupId unknown, searching Maven Central for 'powermock'...
    ✓ Found: org.powermock:powermock
    ✓ Fetched 21 versions
    ✓ Found 4 github URL(s)
    ✓ Found 1 other URL(s)

[1057] unknown:prestodb-odbc
    Package: prestodb-odbc
    ⚠️  GroupId unknown, searching Maven Central for 'prestodb-odbc'...
    ✗ No results found in Maven Central

[1058] unknown:presto
    Package: presto
    ⚠️  GroupId unknown, searching Maven Central for 'presto'...
    ✓ Found: org.testcontainers:presto
    ℹ️  Other matches found:
       1. com.redis.testcontainers:presto
    ✓ Fetched 47 versions
    ✓ Found 4 github URL(s)
    ✓ Found 1 other URL(s)

[1059] unknown:0.236
    Package: 0.236
    ⚠️  GroupId unknown, searching Maven Central for '0.236'...
    ✗ No results found in Maven Central

[1060] unknown:protobuf
    Package: protobuf
    ⚠️  GroupId unknown, searching Maven Central for 'protobuf'...
    ✓ Found: dev.cel:protobuf
    ℹ️  Other matches found:
       1. com.growingio.android:protobuf
       2. org.mvnpm.at.bufbuild:protobuf
       3. com.citahub.cita-ee:protobuf
    ✓ Fetched 6 versions
    ✓ Found 3 github URL(s)

[1061] unknown:protobuf
    Package: protobuf
    ⚠️  GroupId unknown, searching Maven Central for 'protobuf'...
    ✓ Found: dev.cel:protobuf
    ℹ️  Other matches found:
       1. com.growingio.android:protobuf
       2. org.mvnpm.at.bufbuild:protobuf
       3. com.citahub.cita-ee:protobuf
    ✓ Fetched 6 versions
    ✓ Found 3 github URL(s)

[1062] unknown:PACKAGE_NAME
    Package: PACKAGE_NAME
    ⚠️  GroupId unknown, searching Maven Central for 'PACKAGE_NAME'...
    ✗ No results found in Maven Central

[1063] unknown:protobuf
    Package: protobuf
    ⚠️  GroupId unknown, searching Maven Central for 'protobuf'...
    ✓ Found: dev.cel:protobuf
    ℹ️  Other matches found:
       1. com.growingio.android:protobuf
       2. org.mvnpm.at.bufbuild:protobuf
       3. com.citahub.cita-ee:protobuf
    ✓ Fetched 6 versions
    ✓ Found 3 github URL(s)

[1064] unknown:ubuntu-20.04
    Package: ubuntu-20.04
    ⚠️  GroupId unknown, searching Maven Central for 'ubuntu-20.04'...
    ✗ No results found in Maven Central

[1065] unknown:proxytoys
    Package: proxytoys
    ⚠️  GroupId unknown, searching Maven Central for 'proxytoys'...
    ✓ Found: proxytoys:proxytoys
    ℹ️  Other matches found:
       1. com.thoughtworks.proxytoys:proxytoys
    ✓ Fetched 4 versions

[1066] unknown:psad
    Package: psad
    ⚠️  GroupId unknown, searching Maven Central for 'psad'...
    ✗ No results found in Maven Central

[1067] unknown:psad
    Package: psad
    ⚠️  GroupId unknown, searching Maven Central for 'psad'...
    ✗ No results found in Maven Central

[1068] unknown:psad
    Package: psad
    ⚠️  GroupId unknown, searching Maven Central for 'psad'...
    ✗ No results found in Maven Central

[1069] unknown:PACKAGE_NAME
    Package: PACKAGE_NAME
    ⚠️  GroupId unknown, searching Maven Central for 'PACKAGE_NAME'...
    ✗ No results found in Maven Central

[1070] unknown:py4j
    Package: py4j
    ⚠️  GroupId unknown, searching Maven Central for 'py4j'...
    ✓ Found: net.sf.py4j:py4j
    ✓ Fetched 26 versions
    ✓ Found 3 github URL(s)

[1071] unknown:py4j
    Package: py4j
    ⚠️  GroupId unknown, searching Maven Central for 'py4j'...
    ✓ Found: net.sf.py4j:py4j
    ✓ Fetched 26 versions
    ✓ Found 3 github URL(s)

[1072] unknown:py4j
    Package: py4j
    ⚠️  GroupId unknown, searching Maven Central for 'py4j'...
    ✓ Found: net.sf.py4j:py4j
    ✓ Fetched 26 versions
    ✓ Found 3 github URL(s)

[1073] unknown:quarkus
    Package: quarkus
    ⚠️  GroupId unknown, searching Maven Central for 'quarkus'...
    ✓ Found: io.mateu:quarkus
    ℹ️  Other matches found:
       1. org.kie.kogito:quarkus
       2. io.v47.tmdb-api-client:quarkus
       3. io.javaoperatorsdk:quarkus
    ✓ Fetched 14 versions

[1074] unknown:quartz
    Package: quartz
    ⚠️  GroupId unknown, searching Maven Central for 'quartz'...
    ✓ Found: org.grails.plugins:quartz
    ℹ️  Other matches found:
       1. com.vantfo.framework:quartz
       2. org.quartz-scheduler:quartz
       3. com.weicoder:quartz
    ✓ Fetched 3 versions
    ✓ Found 5 github URL(s)

[1075] unknown:quartz
    Package: quartz
    ⚠️  GroupId unknown, searching Maven Central for 'quartz'...
    ✓ Found: org.grails.plugins:quartz
    ℹ️  Other matches found:
       1. com.vantfo.framework:quartz
       2. org.quartz-scheduler:quartz
       3. com.weicoder:quartz
    ✓ Fetched 3 versions
    ✓ Found 5 github URL(s)

[1076] unknown:quartz-scheduler
    Package: quartz-scheduler
    ⚠️  GroupId unknown, searching Maven Central for 'quartz-scheduler'...
    ✗ No results found in Maven Central

[1077] unknown:rabbitmq-java-client
    Package: rabbitmq-java-client
    ⚠️  GroupId unknown, searching Maven Central for 'rabbitmq-java-client'...
    ✗ No results found in Maven Central

[1078] unknown:rabbitmq-java-client
    Package: rabbitmq-java-client
    ⚠️  GroupId unknown, searching Maven Central for 'rabbitmq-java-client'...
    ✗ No results found in Maven Central

[1079] unknown:rabbitmq-java-client
    Package: rabbitmq-java-client
    ⚠️  GroupId unknown, searching Maven Central for 'rabbitmq-java-client'...
    ✗ No results found in Maven Central

[1080] unknown:rdf4j
    Package: rdf4j
    ⚠️  GroupId unknown, searching Maven Central for 'rdf4j'...
    ✓ Found: org.eclipse.rdf4j:rdf4j
    ℹ️  Other matches found:
       1. com.metreeca:rdf4j
    ✓ Fetched 130 versions
    ✓ Found 3 github URL(s)
    ✓ Found 1 other URL(s)

[1081] unknown:rdf4j
    Package: rdf4j
    ⚠️  GroupId unknown, searching Maven Central for 'rdf4j'...
    ✓ Found: org.eclipse.rdf4j:rdf4j
    ℹ️  Other matches found:
       1. com.metreeca:rdf4j
    ✓ Fetched 130 versions
    ✓ Found 3 github URL(s)
    ✓ Found 1 other URL(s)

[1082] unknown:rdf4j
    Package: rdf4j
    ⚠️  GroupId unknown, searching Maven Central for 'rdf4j'...
    ✓ Found: org.eclipse.rdf4j:rdf4j
    ℹ️  Other matches found:
       1. com.metreeca:rdf4j
    ✓ Fetched 130 versions
    ✓ Found 3 github URL(s)
    ✓ Found 1 other URL(s)

[1083] unknown:rdf4j
    Package: rdf4j
    ⚠️  GroupId unknown, searching Maven Central for 'rdf4j'...
    ✓ Found: org.eclipse.rdf4j:rdf4j
    ℹ️  Other matches found:
       1. com.metreeca:rdf4j
    ✓ Fetched 130 versions
    ✓ Found 3 github URL(s)
    ✓ Found 1 other URL(s)

[1084] unknown:rdf4j
    Package: rdf4j
    ⚠️  GroupId unknown, searching Maven Central for 'rdf4j'...
    ✓ Found: org.eclipse.rdf4j:rdf4j
    ℹ️  Other matches found:
       1. com.metreeca:rdf4j
    ✓ Fetched 130 versions
    ✓ Found 3 github URL(s)
    ✓ Found 1 other URL(s)

[1085] unknown:react-draggable
    Package: react-draggable
    ⚠️  GroupId unknown, searching Maven Central for 'react-draggable'...
    ✓ Found: org.webjars.npm:react-draggable
    ✓ Fetched 11 versions
    ✓ Found 4 github URL(s)
    ✓ Found 1 other URL(s)

[1086] unknown:react-draggable
    Package: react-draggable
    ⚠️  GroupId unknown, searching Maven Central for 'react-draggable'...
    ✓ Found: org.webjars.npm:react-draggable
    ✓ Fetched 11 versions
    ✓ Found 4 github URL(s)
    ✓ Found 1 other URL(s)

[1087] unknown:react-native-blob-util
    Package: react-native-blob-util
    ⚠️  GroupId unknown, searching Maven Central for 'react-native-blob-util'...
    ✗ No results found in Maven Central

[1088] unknown:reactive-streams
    Package: reactive-streams
    ⚠️  GroupId unknown, searching Maven Central for 'reactive-streams'...
    ✓ Found: dev.ikm.jpms:reactive-streams
    ℹ️  Other matches found:
       1. org.reactivestreams:reactive-streams
    ✓ Fetched 4 versions

[1089] unknown:reactive-streams-jvm
    Package: reactive-streams-jvm
    ⚠️  GroupId unknown, searching Maven Central for 'reactive-streams-jvm'...
    ✗ No results found in Maven Central

[1090] unknown:redisson
    Package: redisson
    ⚠️  GroupId unknown, searching Maven Central for 'redisson'...
    ✓ Found: org.redisson:redisson
    ℹ️  Other matches found:
       1. com.weicoder:redisson
    ✓ Fetched 258 versions
    ✓ Found 1 other URL(s)

[1091] unknown:redisson
    Package: redisson
    ⚠️  GroupId unknown, searching Maven Central for 'redisson'...
    ✓ Found: org.redisson:redisson
    ℹ️  Other matches found:
       1. com.weicoder:redisson
    ✓ Fetched 258 versions
    ✓ Found 1 other URL(s)

[1092] unknown:reflectasm
    Package: reflectasm
    ⚠️  GroupId unknown, searching Maven Central for 'reflectasm'...
    ✓ Found: com.esotericsoftware:reflectasm
    ℹ️  Other matches found:
       1. org.db4j:reflectasm
       2. com.esotericsoftware.reflectasm:reflectasm
       3. com.googlecode:reflectasm
    ✓ Fetched 10 versions
    ✓ Found 4 github URL(s)

[1093] unknown:reflections
    Package: reflections
    ⚠️  GroupId unknown, searching Maven Central for 'reflections'...
    ✓ Found: com.tvd12:reflections
    ℹ️  Other matches found:
       1. org.jboss.errai.reflections:reflections
       2. io.github.qsy7.java.dependencies:reflections
       3. org.flmelody:reflections
    ✓ Fetched 7 versions
    ✓ Found 4 github URL(s)

[1094] unknown:reflections
    Package: reflections
    ⚠️  GroupId unknown, searching Maven Central for 'reflections'...
    ✓ Found: com.tvd12:reflections
    ℹ️  Other matches found:
       1. org.jboss.errai.reflections:reflections
       2. io.github.qsy7.java.dependencies:reflections
       3. org.flmelody:reflections
    ✓ Fetched 7 versions
    ✓ Found 4 github URL(s)

[1095] unknown:reflections
    Package: reflections
    ⚠️  GroupId unknown, searching Maven Central for 'reflections'...
    ✓ Found: com.tvd12:reflections
    ℹ️  Other matches found:
       1. org.jboss.errai.reflections:reflections
       2. io.github.qsy7.java.dependencies:reflections
       3. org.flmelody:reflections
    ✓ Fetched 7 versions
    ✓ Found 4 github URL(s)

[1096] unknown:reflections
    Package: reflections
    ⚠️  GroupId unknown, searching Maven Central for 'reflections'...
    ✓ Found: com.tvd12:reflections
    ℹ️  Other matches found:
       1. org.jboss.errai.reflections:reflections
       2. io.github.qsy7.java.dependencies:reflections
       3. org.flmelody:reflections
    ✓ Fetched 7 versions
    ✓ Found 4 github URL(s)

[1097] unknown:reflections
    Package: reflections
    ⚠️  GroupId unknown, searching Maven Central for 'reflections'...
    ✓ Found: com.tvd12:reflections
    ℹ️  Other matches found:
       1. org.jboss.errai.reflections:reflections
       2. io.github.qsy7.java.dependencies:reflections
       3. org.flmelody:reflections
    ✓ Fetched 7 versions
    ✓ Found 4 github URL(s)

[1098] unknown:reflections
    Package: reflections
    ⚠️  GroupId unknown, searching Maven Central for 'reflections'...
    ✓ Found: com.tvd12:reflections
    ℹ️  Other matches found:
       1. org.jboss.errai.reflections:reflections
       2. io.github.qsy7.java.dependencies:reflections
       3. org.flmelody:reflections
    ✓ Fetched 7 versions
    ✓ Found 4 github URL(s)

[1099] unknown:PACKAGE_NAME
    Package: PACKAGE_NAME
    ⚠️  GroupId unknown, searching Maven Central for 'PACKAGE_NAME'...
    ✗ No results found in Maven Central

[1100] unknown:rest-assured
    Package: rest-assured
    ⚠️  GroupId unknown, searching Maven Central for 'rest-assured'...
    ✓ Found: io.rest-assured:rest-assured
    ℹ️  Other matches found:
       1. com.jayway.restassured:rest-assured
    ✓ Fetched 43 versions
    ✓ Found 1 other URL(s)

[1101] unknown:PACKAGE_NAME
    Package: PACKAGE_NAME
    ⚠️  GroupId unknown, searching Maven Central for 'PACKAGE_NAME'...
    ✗ No results found in Maven Central

[1102] unknown:rest-assured
    Package: rest-assured
    ⚠️  GroupId unknown, searching Maven Central for 'rest-assured'...
    ✓ Found: io.rest-assured:rest-assured
    ℹ️  Other matches found:
       1. com.jayway.restassured:rest-assured
    ✓ Fetched 43 versions
    ✓ Found 1 other URL(s)

[1103] unknown:rest-assured
    Package: rest-assured
    ⚠️  GroupId unknown, searching Maven Central for 'rest-assured'...
    ✓ Found: io.rest-assured:rest-assured
    ℹ️  Other matches found:
       1. com.jayway.restassured:rest-assured
    ✓ Fetched 43 versions
    ✓ Found 1 other URL(s)

[1104] unknown:resteasy-spring-boot
    Package: resteasy-spring-boot
    ⚠️  GroupId unknown, searching Maven Central for 'resteasy-spring-boot'...
    ✗ No results found in Maven Central

[1105] unknown:resteasy-spring-boot
    Package: resteasy-spring-boot
    ⚠️  GroupId unknown, searching Maven Central for 'resteasy-spring-boot'...
    ✗ No results found in Maven Central

[1106] unknown:resteasy-spring-boot
    Package: resteasy-spring-boot
    ⚠️  GroupId unknown, searching Maven Central for 'resteasy-spring-boot'...
    ✗ No results found in Maven Central

[1107] unknown:retrofit
    Package: retrofit
    ⚠️  GroupId unknown, searching Maven Central for 'retrofit'...
    ✓ Found: com.squareup.retrofit2:retrofit
    ℹ️  Other matches found:
       1. com.kroegerama.android-kaiteki:retrofit
       2. se.ansman.dagger.auto:retrofit
       3. si.inova.kotlinova:retrofit
    ✓ Fetched 26 versions
    ✓ Found 4 github URL(s)

[1108] unknown:RoaringBitmap
    Package: RoaringBitmap
    ⚠️  GroupId unknown, searching Maven Central for 'RoaringBitmap'...
    ✓ Found: org.roaringbitmap:RoaringBitmap
    ℹ️  Other matches found:
       1. org.bitlap:RoaringBitmap
    ✓ Fetched 194 versions
    ✓ Found 5 github URL(s)

[1109] unknown:rhel7.9
    Package: rhel7.9
    ⚠️  GroupId unknown, searching Maven Central for 'rhel7.9'...
    ✗ No results found in Maven Central

[1110] unknown:rocksdb
    Package: rocksdb
    ⚠️  GroupId unknown, searching Maven Central for 'rocksdb'...
    ✓ Found: com.adtsw.jdatalayer:rocksdb
    ℹ️  Other matches found:
       1. io.maryk:rocksdb
       2. io.amient.affinity:rocksdb
       3. com.gitee.yanfanvip:rocksdb
    ✓ Fetched 17 versions

[1111] unknown:rocksdbjni
    Package: rocksdbjni
    ⚠️  GroupId unknown, searching Maven Central for 'rocksdbjni'...
    ✓ Found: org.rocksdb:rocksdbjni
    ℹ️  Other matches found:
       1. org.corfudb:rocksdbjni
       2. io.dingodb:rocksdbjni
       3. io.maryk.rocksdb:rocksdbjni
    ✓ Fetched 146 versions
    ✓ Found 3 github URL(s)
    ✓ Found 1 other URL(s)

[1112] unknown:royale-compiler
    Package: royale-compiler
    ⚠️  GroupId unknown, searching Maven Central for 'royale-compiler'...
    ✗ No results found in Maven Central

[1113] unknown:rstudio
    Package: rstudio
    ⚠️  GroupId unknown, searching Maven Central for 'rstudio'...
    ✗ No results found in Maven Central

[1114] unknown:rstudio
    Package: rstudio
    ⚠️  GroupId unknown, searching Maven Central for 'rstudio'...
    ✗ No results found in Maven Central

[1115] unknown:RxJava
    Package: RxJava
    ⚠️  GroupId unknown, searching Maven Central for 'RxJava'...
    ✗ No results found in Maven Central

[1116] unknown:rxjava
    Package: rxjava
    ⚠️  GroupId unknown, searching Maven Central for 'rxjava'...
    ✓ Found: io.reactivex.rxjava3:rxjava
    ℹ️  Other matches found:
       1. io.github.qsy7.java.dependencies:rxjava
       2. co.pushe.plus:rxjava
       3. io.github.zawn.retrofit2:rxjava
    ✓ Fetched 48 versions
    ✓ Found 4 github URL(s)

[1117] unknown:rxjava
    Package: rxjava
    ⚠️  GroupId unknown, searching Maven Central for 'rxjava'...
    ✓ Found: io.reactivex.rxjava3:rxjava
    ℹ️  Other matches found:
       1. io.github.qsy7.java.dependencies:rxjava
       2. co.pushe.plus:rxjava
       3. io.github.zawn.retrofit2:rxjava
    ✓ Fetched 48 versions
    ✓ Found 4 github URL(s)

[1118] unknown:rxjava
    Package: rxjava
    ⚠️  GroupId unknown, searching Maven Central for 'rxjava'...
    ✓ Found: io.reactivex.rxjava3:rxjava
    ℹ️  Other matches found:
       1. io.github.qsy7.java.dependencies:rxjava
       2. co.pushe.plus:rxjava
       3. io.github.zawn.retrofit2:rxjava
    ✓ Fetched 48 versions
    ✓ Found 4 github URL(s)

[1119] unknown:rxnetty
    Package: rxnetty
    ⚠️  GroupId unknown, searching Maven Central for 'rxnetty'...
    ✓ Found: org.wildfly.swarm:rxnetty
    ℹ️  Other matches found:
       1. io.reactivex:rxnetty
    ✓ Fetched 3 versions

[1120] unknown:rxscala
    Package: rxscala
    ⚠️  GroupId unknown, searching Maven Central for 'rxscala'...
    ✗ No results found in Maven Central

[1121] unknown:ST4
    Package: ST4
    ⚠️  GroupId unknown, searching Maven Central for 'ST4'...
    ✓ Found: org.antlr:ST4
    ✓ Fetched 13 versions
    ✓ Found 3 github URL(s)

[1122] unknown:Shrinksafe
    Package: Shrinksafe
    ⚠️  GroupId unknown, searching Maven Central for 'Shrinksafe'...
    ✗ No results found in Maven Central

[1123] unknown:PACKAGE_NAME
    Package: PACKAGE_NAME
    ⚠️  GroupId unknown, searching Maven Central for 'PACKAGE_NAME'...
    ✗ No results found in Maven Central

[1124] unknown:Shrinksafe
    Package: Shrinksafe
    ⚠️  GroupId unknown, searching Maven Central for 'Shrinksafe'...
    ✗ No results found in Maven Central

[1125] unknown:Strimzi
    Package: Strimzi
    ⚠️  GroupId unknown, searching Maven Central for 'Strimzi'...
    ✗ No results found in Maven Central

[1126] unknown:S2-JDBC-Connector
    Package: S2-JDBC-Connector
    ⚠️  GroupId unknown, searching Maven Central for 'S2-JDBC-Connector'...
    ✗ No results found in Maven Central

[1127] unknown:scaffolding
    Package: scaffolding
    ⚠️  GroupId unknown, searching Maven Central for 'scaffolding'...
    ✓ Found: org.graceframework.plugins:scaffolding
    ℹ️  Other matches found:
       1. org.grails.plugins:scaffolding
    ✓ Fetched 33 versions
    ✓ Found 4 github URL(s)

[1128] unknown:scala
    Package: scala
    ⚠️  GroupId unknown, searching Maven Central for 'scala'...
    ✓ Found: com.regnosys.rosetta.code-generators:scala
    ℹ️  Other matches found:
       1. de.jplag:scala
       2. com.simiacryptus.skyenet:scala
       3. io.github.solven-eu.cleanthat:scala
    ✓ Fetched 216 versions

[1129] unknown:PACKAGE_NAME
    Package: PACKAGE_NAME
    ⚠️  GroupId unknown, searching Maven Central for 'PACKAGE_NAME'...
    ✗ No results found in Maven Central

[1130] unknown:scala-guice
    Package: scala-guice
    ⚠️  GroupId unknown, searching Maven Central for 'scala-guice'...
    ✗ No results found in Maven Central

[1131] unknown:scala-guice
    Package: scala-guice
    ⚠️  GroupId unknown, searching Maven Central for 'scala-guice'...
    ✗ No results found in Maven Central

[1132] unknown:PACKAGE_NAME
    Package: PACKAGE_NAME
    ⚠️  GroupId unknown, searching Maven Central for 'PACKAGE_NAME'...
    ✗ No results found in Maven Central

[1133] unknown:scala-logging
    Package: scala-logging
    ⚠️  GroupId unknown, searching Maven Central for 'scala-logging'...
    ✓ Found: org.helgoboss:scala-logging
    ✓ Fetched 1 versions
    ✓ Found 4 github URL(s)

[1134] unknown:scala-logging
    Package: scala-logging
    ⚠️  GroupId unknown, searching Maven Central for 'scala-logging'...
    ✓ Found: org.helgoboss:scala-logging
    ✓ Fetched 1 versions
    ✓ Found 4 github URL(s)

[1135] unknown:scala-swing
    Package: scala-swing
    ⚠️  GroupId unknown, searching Maven Central for 'scala-swing'...
    ✓ Found: org.scala-lang.virtualized:scala-swing
    ℹ️  Other matches found:
       1. org.scala-lang:scala-swing
       2. org.scala-lang-osgi:scala-swing
    ✓ Fetched 15 versions
    ✓ Found 2 github URL(s)
    ✓ Found 2 other URL(s)

[1136] unknown:PACKAGE_NAME
    Package: PACKAGE_NAME
    ⚠️  GroupId unknown, searching Maven Central for 'PACKAGE_NAME'...
    ✗ No results found in Maven Central

[1137] unknown:scalatest
    Package: scalatest
    ⚠️  GroupId unknown, searching Maven Central for 'scalatest'...
    ✓ Found: org.scalatest:scalatest
    ℹ️  Other matches found:
       1. org.scala-tools.testing:scalatest
    ✓ Fetched 14 versions

[1138] unknown:scalatest
    Package: scalatest
    ⚠️  GroupId unknown, searching Maven Central for 'scalatest'...
    ✓ Found: org.scalatest:scalatest
    ℹ️  Other matches found:
       1. org.scala-tools.testing:scalatest
    ✓ Fetched 14 versions

[1139] unknown:scheduler
    Package: scheduler
    ⚠️  GroupId unknown, searching Maven Central for 'scheduler'...
    ✓ Found: aws.sdk.kotlin:scheduler
    ℹ️  Other matches found:
       1. software.amazon.awssdk:scheduler
       2. org.webjars.npm:scheduler
       3. org.btrplace:scheduler
    ✓ Fetched 581 versions
    ✓ Found 4 github URL(s)

[1140] unknown:sdk-platform-java
    Package: sdk-platform-java
    ⚠️  GroupId unknown, searching Maven Central for 'sdk-platform-java'...
    ✗ No results found in Maven Central

[1141] unknown:servlet-javax-api
    Package: servlet-javax-api
    ⚠️  GroupId unknown, searching Maven Central for 'servlet-javax-api'...
    ✗ No results found in Maven Central

[1142] unknown:servlet-spec
    Package: servlet-spec
    ⚠️  GroupId unknown, searching Maven Central for 'servlet-spec'...
    ✗ No results found in Maven Central

[1143] unknown:shiny-server
    Package: shiny-server
    ⚠️  GroupId unknown, searching Maven Central for 'shiny-server'...
    ✗ No results found in Maven Central

[1144] unknown:shiro
    Package: shiro
    ⚠️  GroupId unknown, searching Maven Central for 'shiro'...
    ✓ Found: com.mikuac:shiro
    ℹ️  Other matches found:
       1. com.weicoder:shiro
       2. com.kangyonggan:shiro
       3. com.silentgo:shiro
    ✓ Fetched 97 versions
    ✓ Found 4 github URL(s)

[1145] unknown:sisu-guice
    Package: sisu-guice
    ⚠️  GroupId unknown, searching Maven Central for 'sisu-guice'...
    ✓ Found: org.sonatype.sisu:sisu-guice
    ✓ Fetched 31 versions

[1146] unknown:sizeof
    Package: sizeof
    ⚠️  GroupId unknown, searching Maven Central for 'sizeof'...
    ✓ Found: org.ehcache:sizeof
    ℹ️  Other matches found:
       1. com.github.houbb:sizeof
    ✓ Fetched 6 versions
    ✓ Found 4 github URL(s)

[1147] unknown:sizeofag
    Package: sizeofag
    ⚠️  GroupId unknown, searching Maven Central for 'sizeofag'...
    ✓ Found: com.github.fracpete:sizeofag
    ℹ️  Other matches found:
       1. com.googlecode.sizeofag:sizeofag
    ✓ Fetched 5 versions
    ✓ Found 4 github URL(s)

[1148] qos-ch:slf4j
    Package: qos-ch/slf4j
    ✗ Error: Artifact not found: qos-ch:slf4j

[1149] qos-ch:slf4j
    Package: qos-ch/slf4j
    ✗ Error: Artifact not found: qos-ch:slf4j

[1150] unknown:slf4j
    Package: slf4j
    ⚠️  GroupId unknown, searching Maven Central for 'slf4j'...
    ✓ Found: org.openidentityplatform.commons.i18n-framework:slf4j
    ℹ️  Other matches found:
       1. org.danbrough.klog:slf4j
       2. org.lable.rfc3881.auditlogger.adapter:slf4j
       3. io.github.mejiomah17.yakl:slf4j
    ✓ Fetched 28 versions

[1151] unknown:slf4j
    Package: slf4j
    ⚠️  GroupId unknown, searching Maven Central for 'slf4j'...
    ✓ Found: org.openidentityplatform.commons.i18n-framework:slf4j
    ℹ️  Other matches found:
       1. org.danbrough.klog:slf4j
       2. org.lable.rfc3881.auditlogger.adapter:slf4j
       3. io.github.mejiomah17.yakl:slf4j
    ✓ Fetched 28 versions

[1152] unknown:PACKAGE_NAME
    Package: PACKAGE_NAME
    ⚠️  GroupId unknown, searching Maven Central for 'PACKAGE_NAME'...
    ✗ No results found in Maven Central

[1153] unknown:slf4j-api
    Package: slf4j-api
    ⚠️  GroupId unknown, searching Maven Central for 'slf4j-api'...
    ✓ Found: io.github.qsy7.java.dependencies:slf4j-api
    ℹ️  Other matches found:
       1. org.slf4j:slf4j-api
       2. org.netbeans.external:slf4j-api
       3. com.walterjwhite.java.dependencies:slf4j-api
    ✓ Fetched 3 versions

[1154] unknown:slf4j-jdk14
    Package: slf4j-jdk14
    ⚠️  GroupId unknown, searching Maven Central for 'slf4j-jdk14'...
    ✓ Found: org.slf4j:slf4j-jdk14
    ℹ️  Other matches found:
       1. org.netbeans.external:slf4j-jdk14
    ✓ Fetched 115 versions
    ✓ Found 1 other URL(s)

[1155] unknown:slf4j-log4j12
    Package: slf4j-log4j12
    ⚠️  GroupId unknown, searching Maven Central for 'slf4j-log4j12'...
    ✓ Found: io.github.qsy7.java.dependencies:slf4j-log4j12
    ℹ️  Other matches found:
       1. org.slf4j:slf4j-log4j12
       2. com.walterjwhite.java.dependencies:slf4j-log4j12
       3. uk.co.nichesolutions:slf4j-log4j12
    ✓ Fetched 4 versions

[1156] unknown:smhasher
    Package: smhasher
    ⚠️  GroupId unknown, searching Maven Central for 'smhasher'...
    ✗ No results found in Maven Central

[1157] unknown:snakeyaml
    Package: snakeyaml
    ⚠️  GroupId unknown, searching Maven Central for 'snakeyaml'...
    ✓ Found: org.yaml:snakeyaml
    ℹ️  Other matches found:
       1. io.github.qsy7.java.dependencies:snakeyaml
       2. io.github.qsy7.java.modules.serialization.providers:snakeyaml
       3. org.wso2.orbit.org.yaml:snakeyaml
    ✓ Fetched 36 versions
    ✓ Found 5 bitbucket URL(s)

[1158] unknown:snakeyaml
    Package: snakeyaml
    ⚠️  GroupId unknown, searching Maven Central for 'snakeyaml'...
    ✓ Found: org.yaml:snakeyaml
    ℹ️  Other matches found:
       1. io.github.qsy7.java.dependencies:snakeyaml
       2. io.github.qsy7.java.modules.serialization.providers:snakeyaml
       3. org.wso2.orbit.org.yaml:snakeyaml
    ✓ Fetched 36 versions
    ✓ Found 5 bitbucket URL(s)

[1159] unknown:snakeyaml
    Package: snakeyaml
    ⚠️  GroupId unknown, searching Maven Central for 'snakeyaml'...
    ✓ Found: org.yaml:snakeyaml
    ℹ️  Other matches found:
       1. io.github.qsy7.java.dependencies:snakeyaml
       2. io.github.qsy7.java.modules.serialization.providers:snakeyaml
       3. org.wso2.orbit.org.yaml:snakeyaml
    ✓ Fetched 36 versions
    ✓ Found 5 bitbucket URL(s)

[1160] unknown:snappy-java
    Package: snappy-java
    ⚠️  GroupId unknown, searching Maven Central for 'snappy-java'...
    ✓ Found: org.xerial.snappy:snappy-java
    ✓ Fetched 83 versions
    ✓ Found 3 github URL(s)

[1161] unknown:snappy-java
    Package: snappy-java
    ⚠️  GroupId unknown, searching Maven Central for 'snappy-java'...
    ✓ Found: org.xerial.snappy:snappy-java
    ✓ Fetched 83 versions
    ✓ Found 3 github URL(s)

[1162] unknown:snappy-java
    Package: snappy-java
    ⚠️  GroupId unknown, searching Maven Central for 'snappy-java'...
    ✓ Found: org.xerial.snappy:snappy-java
    ✓ Fetched 83 versions
    ✓ Found 3 github URL(s)

[1163] unknown:snowflake-jdbc
    Package: snowflake-jdbc
    ⚠️  GroupId unknown, searching Maven Central for 'snowflake-jdbc'...
    ✓ Found: net.snowflake:snowflake-jdbc
    ✓ Fetched 187 versions
    ✓ Found 2 github URL(s)
    ✓ Found 1 other URL(s)

[1164] unknown:snowflake-jdbc
    Package: snowflake-jdbc
    ⚠️  GroupId unknown, searching Maven Central for 'snowflake-jdbc'...
    ✓ Found: net.snowflake:snowflake-jdbc
    ✓ Fetched 187 versions
    ✓ Found 2 github URL(s)
    ✓ Found 1 other URL(s)

[1165] unknown:soap-builder
    Package: soap-builder
    ⚠️  GroupId unknown, searching Maven Central for 'soap-builder'...
    ✓ Found: com.xkcoding:soap-builder
    ✓ Fetched 2 versions

[1166] soap-ws:soap-common
    Package: soap-ws/soap-common
    ✗ Error: Artifact not found: soap-ws:soap-common

[1167] unknown:soap-legacy
    Package: soap-legacy
    ⚠️  GroupId unknown, searching Maven Central for 'soap-legacy'...
    ✓ Found: com.xkcoding:soap-legacy
    ✓ Fetched 2 versions

[1168] unknown:spark-resource-staging-server
    Package: spark-resource-staging-server
    ⚠️  GroupId unknown, searching Maven Central for 'spark-resource-staging-server'...
    ✗ No results found in Maven Central

[1169] unknown:spatial4j
    Package: spatial4j
    ⚠️  GroupId unknown, searching Maven Central for 'spatial4j'...
    ✓ Found: org.locationtech.spatial4j:spatial4j
    ℹ️  Other matches found:
       1. org.xbib.elasticsearch:spatial4j
       2. com.spatial4j:spatial4j
    ✓ Fetched 3 versions
    ✓ Found 4 github URL(s)
    ✓ Found 1 other URL(s)

[1170] unknown:spatial4j
    Package: spatial4j
    ⚠️  GroupId unknown, searching Maven Central for 'spatial4j'...
    ✓ Found: org.locationtech.spatial4j:spatial4j
    ℹ️  Other matches found:
       1. org.xbib.elasticsearch:spatial4j
       2. com.spatial4j:spatial4j
    ✓ Fetched 3 versions
    ✓ Found 4 github URL(s)
    ✓ Found 1 other URL(s)

[1171] unknown:sphinx4
    Package: sphinx4
    ⚠️  GroupId unknown, searching Maven Central for 'sphinx4'...
    ✓ Found: de.sciss:sphinx4
    ✓ Fetched 1 versions
    ✓ Found 2 github URL(s)
    ✓ Found 1 sourceforge URL(s)

[1172] unknown:sphinx4
    Package: sphinx4
    ⚠️  GroupId unknown, searching Maven Central for 'sphinx4'...
    ✓ Found: de.sciss:sphinx4
    ✓ Fetched 1 versions
    ✓ Found 2 github URL(s)
    ✓ Found 1 sourceforge URL(s)

[1173] unknown:spotbugs-annotations
    Package: spotbugs-annotations
    ⚠️  GroupId unknown, searching Maven Central for 'spotbugs-annotations'...
    ✓ Found: dev.ikm.jpms:spotbugs-annotations
    ℹ️  Other matches found:
       1. com.github.spotbugs:spotbugs-annotations
    ✓ Fetched 3 versions

[1174] unknown:spring-boot
    Package: spring-boot
    ⚠️  GroupId unknown, searching Maven Central for 'spring-boot'...
    ✓ Found: org.apache.camel.springboot:spring-boot
    ℹ️  Other matches found:
       1. org.springframework.boot:spring-boot
       2. org.joinedworkz.facilities:spring-boot
       3. net.xdob.springframework.boot:spring-boot
    ✓ Fetched 135 versions
    ✓ Found 5 other URL(s)

[1175] unknown:spring-boot
    Package: spring-boot
    ⚠️  GroupId unknown, searching Maven Central for 'spring-boot'...
    ✓ Found: org.apache.camel.springboot:spring-boot
    ℹ️  Other matches found:
       1. org.springframework.boot:spring-boot
       2. org.joinedworkz.facilities:spring-boot
       3. net.xdob.springframework.boot:spring-boot
    ✓ Fetched 135 versions
    ✓ Found 5 other URL(s)

[1176] unknown:spring-boot
    Package: spring-boot
    ⚠️  GroupId unknown, searching Maven Central for 'spring-boot'...
    ✓ Found: org.apache.camel.springboot:spring-boot
    ℹ️  Other matches found:
       1. org.springframework.boot:spring-boot
       2. org.joinedworkz.facilities:spring-boot
       3. net.xdob.springframework.boot:spring-boot
    ✓ Fetched 135 versions
    ✓ Found 5 other URL(s)

[1177] unknown:spring-boot-actuator
    Package: spring-boot-actuator
    ⚠️  GroupId unknown, searching Maven Central for 'spring-boot-actuator'...
    ✓ Found: org.springframework.boot:spring-boot-actuator
    ℹ️  Other matches found:
       1. net.xdob.springframework.boot:spring-boot-actuator
    ✓ Fetched 271 versions
    ✓ Found 4 github URL(s)
    ✓ Found 1 other URL(s)

[1178] unknown:spring-boot-configuration-processor
    Package: spring-boot-configuration-processor
    ⚠️  GroupId unknown, searching Maven Central for 'spring-boot-configuration-processor'...
    ✓ Found: org.springframework.boot:spring-boot-configuration-processor
    ℹ️  Other matches found:
       1. net.xdob.springframework.boot:spring-boot-configuration-processor
       2. io.sourceforge.github.components:spring-boot-configuration-processor
       3. io.sourceforge.gitee.components:spring-boot-configuration-processor
    ✓ Fetched 255 versions
    ✓ Found 4 github URL(s)
    ✓ Found 1 other URL(s)

[1179] unknown:PACKAGE_NAME
    Package: PACKAGE_NAME
    ⚠️  GroupId unknown, searching Maven Central for 'PACKAGE_NAME'...
    ✗ No results found in Maven Central

[1180] unknown:spring-boot-starter
    Package: spring-boot-starter
    ⚠️  GroupId unknown, searching Maven Central for 'spring-boot-starter'...
    ✓ Found: org.springframework.boot:spring-boot-starter
    ℹ️  Other matches found:
       1. io.github.wooenrico:spring-boot-starter
       2. net.xdob.springframework.boot:spring-boot-starter
       3. io.v47.tmdb-api-client:spring-boot-starter
    ✓ Fetched 271 versions
    ✓ Found 4 github URL(s)
    ✓ Found 1 other URL(s)

[1181] unknown:spring-boot-starter
    Package: spring-boot-starter
    ⚠️  GroupId unknown, searching Maven Central for 'spring-boot-starter'...
    ✓ Found: org.springframework.boot:spring-boot-starter
    ℹ️  Other matches found:
       1. io.github.wooenrico:spring-boot-starter
       2. net.xdob.springframework.boot:spring-boot-starter
       3. io.v47.tmdb-api-client:spring-boot-starter
    ✓ Fetched 271 versions
    ✓ Found 4 github URL(s)
    ✓ Found 1 other URL(s)

[1182] unknown:spring-boot-starter-actuator
    Package: spring-boot-starter-actuator
    ⚠️  GroupId unknown, searching Maven Central for 'spring-boot-starter-actuator'...
    ✓ Found: org.springframework.boot:spring-boot-starter-actuator
    ℹ️  Other matches found:
       1. net.xdob.springframework.boot:spring-boot-starter-actuator
       2. org.activiti:spring-boot-starter-actuator
    ✓ Fetched 271 versions
    ✓ Found 4 github URL(s)
    ✓ Found 1 other URL(s)

[1183] unknown:spring-boot-starter-hateoas
    Package: spring-boot-starter-hateoas
    ⚠️  GroupId unknown, searching Maven Central for 'spring-boot-starter-hateoas'...
    ✓ Found: org.springframework.boot:spring-boot-starter-hateoas
    ℹ️  Other matches found:
       1. net.xdob.springframework.boot:spring-boot-starter-hateoas
    ✓ Fetched 253 versions
    ✓ Found 4 github URL(s)
    ✓ Found 1 other URL(s)

[1184] unknown:spring-boot-starter-undertow
    Package: spring-boot-starter-undertow
    ⚠️  GroupId unknown, searching Maven Central for 'spring-boot-starter-undertow'...
    ✓ Found: org.springframework.boot:spring-boot-starter-undertow
    ℹ️  Other matches found:
       1. net.xdob.springframework.boot:spring-boot-starter-undertow
    ✓ Fetched 249 versions
    ✓ Found 4 github URL(s)
    ✓ Found 1 other URL(s)

[1185] unknown:spring-data-commons
    Package: spring-data-commons
    ⚠️  GroupId unknown, searching Maven Central for 'spring-data-commons'...
    ✓ Found: org.springframework.data:spring-data-commons
    ℹ️  Other matches found:
       1. io.sourceforge.github.components:spring-data-commons
       2. io.sourceforge.gitee.components:spring-data-commons
       3. io.sourceforge.aliyun.components:spring-data-commons
    ✓ Fetched 274 versions
    ✓ Found 4 github URL(s)
    ✓ Found 1 other URL(s)

[1186] unknown:spring-data-commons
    Package: spring-data-commons
    ⚠️  GroupId unknown, searching Maven Central for 'spring-data-commons'...
    ✓ Found: org.springframework.data:spring-data-commons
    ℹ️  Other matches found:
       1. io.sourceforge.github.components:spring-data-commons
       2. io.sourceforge.gitee.components:spring-data-commons
       3. io.sourceforge.aliyun.components:spring-data-commons
    ✓ Fetched 274 versions
    ✓ Found 4 github URL(s)
    ✓ Found 1 other URL(s)

[1187] unknown:spring-data-jpa
    Package: spring-data-jpa
    ⚠️  GroupId unknown, searching Maven Central for 'spring-data-jpa'...
    ✓ Found: org.springframework.data:spring-data-jpa
    ℹ️  Other matches found:
       1. io.sourceforge.github.components:spring-data-jpa
       2. io.sourceforge.gitee.components:spring-data-jpa
       3. io.sourceforge.aliyun.components:spring-data-jpa
    ✓ Fetched 286 versions
    ✓ Found 1 other URL(s)

[1188] unknown:PACKAGE_NAME
    Package: PACKAGE_NAME
    ⚠️  GroupId unknown, searching Maven Central for 'PACKAGE_NAME'...
    ✗ No results found in Maven Central

[1189] unknown:spring-data-jpa
    Package: spring-data-jpa
    ⚠️  GroupId unknown, searching Maven Central for 'spring-data-jpa'...
    ✓ Found: org.springframework.data:spring-data-jpa
    ℹ️  Other matches found:
       1. io.sourceforge.github.components:spring-data-jpa
       2. io.sourceforge.gitee.components:spring-data-jpa
       3. io.sourceforge.aliyun.components:spring-data-jpa
    ✓ Fetched 286 versions
    ✓ Found 1 other URL(s)

[1190] unknown:spring-data-redis
    Package: spring-data-redis
    ⚠️  GroupId unknown, searching Maven Central for 'spring-data-redis'...
    ✓ Found: org.springframework.data:spring-data-redis
    ℹ️  Other matches found:
       1. io.sourceforge.github.components:spring-data-redis
       2. io.sourceforge.gitee.components:spring-data-redis
       3. io.sourceforge.aliyun.components:spring-data-redis
    ✓ Fetched 274 versions
    ✓ Found 4 github URL(s)
    ✓ Found 1 other URL(s)

[1191] unknown:spring-framework
    Package: spring-framework
    ⚠️  GroupId unknown, searching Maven Central for 'spring-framework'...
    ✗ No results found in Maven Central

[1192] unknown:PACKAGE_NAME
    Package: PACKAGE_NAME
    ⚠️  GroupId unknown, searching Maven Central for 'PACKAGE_NAME'...
    ✗ No results found in Maven Central

[1193] unknown:spring-framework
    Package: spring-framework
    ⚠️  GroupId unknown, searching Maven Central for 'spring-framework'...
    ✗ No results found in Maven Central

[1194] unknown:spring-hateoas
    Package: spring-hateoas
    ⚠️  GroupId unknown, searching Maven Central for 'spring-hateoas'...
    ✓ Found: org.springframework.hateoas:spring-hateoas
    ✓ Fetched 113 versions
    ✓ Found 4 github URL(s)

[1195] unknown:spring-jcl
    Package: spring-jcl
    ⚠️  GroupId unknown, searching Maven Central for 'spring-jcl'...
    ✓ Found: org.springframework:spring-jcl
    ℹ️  Other matches found:
       1. net.xdob.springframework:spring-jcl
    ✓ Fetched 170 versions
    ✓ Found 5 github URL(s)

[1196] unknown:spring-plugin
    Package: spring-plugin
    ⚠️  GroupId unknown, searching Maven Central for 'spring-plugin'...
    ✓ Found: com.admin4j.spring:spring-plugin
    ℹ️  Other matches found:
       1. org.springframework.plugin:spring-plugin
       2. cool.taomu.framework:spring-plugin
       3. org.rewedigital.voice.dialog:spring-plugin
    ✓ Fetched 5 versions
    ✓ Found 4 github URL(s)

[1197] unknown:spring-plugin-core
    Package: spring-plugin-core
    ⚠️  GroupId unknown, searching Maven Central for 'spring-plugin-core'...
    ✓ Found: org.springframework.plugin:spring-plugin-core
    ✓ Fetched 9 versions
    ✓ Found 5 github URL(s)

[1198] unknown:spring-plugin-metadata
    Package: spring-plugin-metadata
    ⚠️  GroupId unknown, searching Maven Central for 'spring-plugin-metadata'...
    ✓ Found: org.springframework.plugin:spring-plugin-metadata
    ✓ Fetched 6 versions
    ✓ Found 5 github URL(s)

[1199] unknown:PACKAGE_NAME
    Package: PACKAGE_NAME
    ⚠️  GroupId unknown, searching Maven Central for 'PACKAGE_NAME'...
    ✗ No results found in Maven Central

[1200] unknown:spring-retry
    Package: spring-retry
    ⚠️  GroupId unknown, searching Maven Central for 'spring-retry'...
    ✓ Found: org.springframework.retry:spring-retry
    ✓ Fetched 34 versions
    ✓ Found 4 github URL(s)

[1201] unknown:spring-retry
    Package: spring-retry
    ⚠️  GroupId unknown, searching Maven Central for 'spring-retry'...
    ✓ Found: org.springframework.retry:spring-retry
    ✓ Fetched 34 versions
    ✓ Found 4 github URL(s)

[1202] unknown:spring-retry
    Package: spring-retry
    ⚠️  GroupId unknown, searching Maven Central for 'spring-retry'...
    ✓ Found: org.springframework.retry:spring-retry
    ✓ Fetched 34 versions
    ✓ Found 4 github URL(s)

[1203] unknown:spring-retry
    Package: spring-retry
    ⚠️  GroupId unknown, searching Maven Central for 'spring-retry'...
    ✓ Found: org.springframework.retry:spring-retry
    ✓ Fetched 34 versions
    ✓ Found 4 github URL(s)

[1204] unknown:spring-retry
    Package: spring-retry
    ⚠️  GroupId unknown, searching Maven Central for 'spring-retry'...
    ✓ Found: org.springframework.retry:spring-retry
    ✓ Fetched 34 versions
    ✓ Found 4 github URL(s)

[1205] unknown:spring-retry
    Package: spring-retry
    ⚠️  GroupId unknown, searching Maven Central for 'spring-retry'...
    ✓ Found: org.springframework.retry:spring-retry
    ✓ Fetched 34 versions
    ✓ Found 4 github URL(s)

[1206] unknown:spring-security
    Package: spring-security
    ⚠️  GroupId unknown, searching Maven Central for 'spring-security'...
    ✓ Found: com.sap.cloud.security:spring-security
    ℹ️  Other matches found:
       1. io.miragon.miranum:spring-security
       2. io.miragon.miranum.platform:spring-security
       3. com.kapeta:spring-security
    ✓ Fetched 90 versions
    ✓ Found 4 github URL(s)

[1207] unknown:spring-security
    Package: spring-security
    ⚠️  GroupId unknown, searching Maven Central for 'spring-security'...
    ✓ Found: com.sap.cloud.security:spring-security
    ℹ️  Other matches found:
       1. io.miragon.miranum:spring-security
       2. io.miragon.miranum.platform:spring-security
       3. com.kapeta:spring-security
    ✓ Fetched 90 versions
    ✓ Found 4 github URL(s)

[1208] unknown:springdao
    Package: springdao
    ⚠️  GroupId unknown, searching Maven Central for 'springdao'...
    ✗ No results found in Maven Central

[1209] unknown:springdoc-openapi
    Package: springdoc-openapi
    ⚠️  GroupId unknown, searching Maven Central for 'springdoc-openapi'...
    ✓ Found: org.springdoc:springdoc-openapi
    ℹ️  Other matches found:
       1. org.thingsboard:springdoc-openapi
    ✓ Fetched 188 versions
    ✓ Found 3 github URL(s)
    ✓ Found 1 other URL(s)

[1210] unknown:springdoc-openapi-common
    Package: springdoc-openapi-common
    ⚠️  GroupId unknown, searching Maven Central for 'springdoc-openapi-common'...
    ✓ Found: org.springdoc:springdoc-openapi-common
    ✓ Fetched 132 versions

[1211] unknown:springdoc-openapi-ui
    Package: springdoc-openapi-ui
    ⚠️  GroupId unknown, searching Maven Central for 'springdoc-openapi-ui'...
    ✓ Found: org.springdoc:springdoc-openapi-ui
    ✓ Fetched 149 versions

[1212] unknown:springdoc-openapi-webmvc
    Package: springdoc-openapi-webmvc
    ⚠️  GroupId unknown, searching Maven Central for 'springdoc-openapi-webmvc'...
    ✗ No results found in Maven Central

[1213] unknown:statistics
    Package: statistics
    ⚠️  GroupId unknown, searching Maven Central for 'statistics'...
    ✓ Found: org.terracotta:statistics
    ℹ️  Other matches found:
       1. com.mastfrog:statistics
       2. com.yahoo.vespa:statistics
       3. com.genesys:statistics
    ✓ Fetched 22 versions
    ✓ Found 4 github URL(s)

[1214] unknown:stax-api
    Package: stax-api
    ⚠️  GroupId unknown, searching Maven Central for 'stax-api'...
    ✓ Found: javax.xml.stream:stax-api
    ℹ️  Other matches found:
       1. stax:stax-api
    ✗ Error: Artifact not found: javax.xml.stream:stax-api

[1215] unknown:stax-ex
    Package: stax-ex
    ⚠️  GroupId unknown, searching Maven Central for 'stax-ex'...
    ✓ Found: org.jvnet.staxex:stax-ex
    ✓ Fetched 27 versions
    ✓ Found 4 github URL(s)

[1216] unknown:stax2-api
    Package: stax2-api
    ⚠️  GroupId unknown, searching Maven Central for 'stax2-api'...
    ✓ Found: org.codehaus.woodstox:stax2-api
    ✓ Fetched 18 versions
    ✓ Found 4 github URL(s)

[1217] unknown:stream-lib
    Package: stream-lib
    ⚠️  GroupId unknown, searching Maven Central for 'stream-lib'...
    ✓ Found: com.addthis:stream-lib
    ✓ Fetched 1 versions
    ✓ Found 4 github URL(s)

[1218] unknown:stream-lib
    Package: stream-lib
    ⚠️  GroupId unknown, searching Maven Central for 'stream-lib'...
    ✓ Found: com.addthis:stream-lib
    ✓ Fetched 1 versions
    ✓ Found 4 github URL(s)

[1219] unknown:redhat_ubi8
    Package: redhat_ubi8
    ⚠️  GroupId unknown, searching Maven Central for 'redhat_ubi8'...
    ✗ No results found in Maven Central

[1220] unknown:stringtemplate4
    Package: stringtemplate4
    ⚠️  GroupId unknown, searching Maven Central for 'stringtemplate4'...
    ✓ Found: io.snamp.osgi:stringtemplate4
    ✓ Fetched 1 versions

[1221] unknown:stringtemplate4
    Package: stringtemplate4
    ⚠️  GroupId unknown, searching Maven Central for 'stringtemplate4'...
    ✓ Found: io.snamp.osgi:stringtemplate4
    ✓ Fetched 1 versions

[1222] unknown:sundrio
    Package: sundrio
    ⚠️  GroupId unknown, searching Maven Central for 'sundrio'...
    ✗ No results found in Maven Central

[1223] unknown:swagger-annotations
    Package: swagger-annotations
    ⚠️  GroupId unknown, searching Maven Central for 'swagger-annotations'...
    ✓ Found: io.swagger.core.v3:swagger-annotations
    ℹ️  Other matches found:
       1. io.github.cyrilschumacher:swagger-annotations
       2. com.github.krraghavan:swagger-annotations
       3. io.swagger:swagger-annotations
    ✓ Fetched 69 versions

[1224] unknown:swagger-codegen
    Package: swagger-codegen
    ⚠️  GroupId unknown, searching Maven Central for 'swagger-codegen'...
    ✓ Found: io.swagger.codegen.v3:swagger-codegen
    ℹ️  Other matches found:
       1. org.wso2.orbit.io.swagger:swagger-codegen
       2. org.kathra:swagger-codegen
       3. com.reprezen.genflow:swagger-codegen
    ✓ Fetched 76 versions

[1225] unknown:swagger-core
    Package: swagger-core
    ⚠️  GroupId unknown, searching Maven Central for 'swagger-core'...
    ✓ Found: io.swagger.core.v3:swagger-core
    ℹ️  Other matches found:
       1. org.wso2.orbit.io.swagger:swagger-core
       2. org.wso2.orbit.io.swagger.core:swagger-core
       3. top.andoudou:swagger-core
    ✓ Fetched 69 versions

[1226] unknown:swagger-core
    Package: swagger-core
    ⚠️  GroupId unknown, searching Maven Central for 'swagger-core'...
    ✓ Found: io.swagger.core.v3:swagger-core
    ℹ️  Other matches found:
       1. org.wso2.orbit.io.swagger:swagger-core
       2. org.wso2.orbit.io.swagger.core:swagger-core
       3. top.andoudou:swagger-core
    ✓ Fetched 69 versions

[1227] unknown:swagger-core
    Package: swagger-core
    ⚠️  GroupId unknown, searching Maven Central for 'swagger-core'...
    ✓ Found: io.swagger.core.v3:swagger-core
    ℹ️  Other matches found:
       1. org.wso2.orbit.io.swagger:swagger-core
       2. org.wso2.orbit.io.swagger.core:swagger-core
       3. top.andoudou:swagger-core
    ✓ Fetched 69 versions

[1228] unknown:swagger-core
    Package: swagger-core
    ⚠️  GroupId unknown, searching Maven Central for 'swagger-core'...
    ✓ Found: io.swagger.core.v3:swagger-core
    ℹ️  Other matches found:
       1. org.wso2.orbit.io.swagger:swagger-core
       2. org.wso2.orbit.io.swagger.core:swagger-core
       3. top.andoudou:swagger-core
    ✓ Fetched 69 versions

[1229] unknown:swagger-core
    Package: swagger-core
    ⚠️  GroupId unknown, searching Maven Central for 'swagger-core'...
    ✓ Found: io.swagger.core.v3:swagger-core
    ℹ️  Other matches found:
       1. org.wso2.orbit.io.swagger:swagger-core
       2. org.wso2.orbit.io.swagger.core:swagger-core
       3. top.andoudou:swagger-core
    ✓ Fetched 69 versions

[1230] unknown:swagger-core
    Package: swagger-core
    ⚠️  GroupId unknown, searching Maven Central for 'swagger-core'...
    ✓ Found: io.swagger.core.v3:swagger-core
    ℹ️  Other matches found:
       1. org.wso2.orbit.io.swagger:swagger-core
       2. org.wso2.orbit.io.swagger.core:swagger-core
       3. top.andoudou:swagger-core
    ✓ Fetched 69 versions

[1231] unknown:swagger-core
    Package: swagger-core
    ⚠️  GroupId unknown, searching Maven Central for 'swagger-core'...
    ✓ Found: io.swagger.core.v3:swagger-core
    ℹ️  Other matches found:
       1. org.wso2.orbit.io.swagger:swagger-core
       2. org.wso2.orbit.io.swagger.core:swagger-core
       3. top.andoudou:swagger-core
    ✓ Fetched 69 versions

[1232] unknown:swagger-core
    Package: swagger-core
    ⚠️  GroupId unknown, searching Maven Central for 'swagger-core'...
    ✓ Found: io.swagger.core.v3:swagger-core
    ℹ️  Other matches found:
       1. org.wso2.orbit.io.swagger:swagger-core
       2. org.wso2.orbit.io.swagger.core:swagger-core
       3. top.andoudou:swagger-core
    ✓ Fetched 69 versions

[1233] unknown:PACKAGE_NAME
    Package: PACKAGE_NAME
    ⚠️  GroupId unknown, searching Maven Central for 'PACKAGE_NAME'...
    ✗ No results found in Maven Central

[1234] unknown:swagger-core
    Package: swagger-core
    ⚠️  GroupId unknown, searching Maven Central for 'swagger-core'...
    ✓ Found: io.swagger.core.v3:swagger-core
    ℹ️  Other matches found:
       1. org.wso2.orbit.io.swagger:swagger-core
       2. org.wso2.orbit.io.swagger.core:swagger-core
       3. top.andoudou:swagger-core
    ✓ Fetched 69 versions

[1235] unknown:swagger-jaxrs
    Package: swagger-jaxrs
    ⚠️  GroupId unknown, searching Maven Central for 'swagger-jaxrs'...
    ✓ Found: io.swagger:swagger-jaxrs
    ℹ️  Other matches found:
       1. io.github.qsy7.java.dependencies:swagger-jaxrs
       2. io.github.cyrilschumacher:swagger-jaxrs
       3. com.walterjwhite.java.dependencies:swagger-jaxrs
    ✓ Fetched 42 versions

[1236] unknown:swagger-jersey2-jaxrs
    Package: swagger-jersey2-jaxrs
    ⚠️  GroupId unknown, searching Maven Central for 'swagger-jersey2-jaxrs'...
    ✓ Found: io.swagger:swagger-jersey2-jaxrs
    ℹ️  Other matches found:
       1. io.github.cyrilschumacher:swagger-jersey2-jaxrs
       2. com.wordnik:swagger-jersey2-jaxrs
    ✓ Fetched 42 versions

[1237] unknown:swagger-maven-plugin
    Package: swagger-maven-plugin
    ⚠️  GroupId unknown, searching Maven Central for 'swagger-maven-plugin'...
    ✓ Found: io.swagger.core.v3:swagger-maven-plugin
    ℹ️  Other matches found:
       1. io.github.dgautier:swagger-maven-plugin
       2. com.wangrunxin.plugin:swagger-maven-plugin
       3. io.github.cyrilschumacher:swagger-maven-plugin
    ✓ Fetched 62 versions

[1238] unknown:swagger-maven-plugin
    Package: swagger-maven-plugin
    ⚠️  GroupId unknown, searching Maven Central for 'swagger-maven-plugin'...
    ✓ Found: io.swagger.core.v3:swagger-maven-plugin
    ℹ️  Other matches found:
       1. io.github.dgautier:swagger-maven-plugin
       2. com.wangrunxin.plugin:swagger-maven-plugin
       3. io.github.cyrilschumacher:swagger-maven-plugin
    ✓ Fetched 62 versions

[1239] unknown:PACKAGE_NAME
    Package: PACKAGE_NAME
    ⚠️  GroupId unknown, searching Maven Central for 'PACKAGE_NAME'...
    ✗ No results found in Maven Central

[1240] unknown:swagger-models
    Package: swagger-models
    ⚠️  GroupId unknown, searching Maven Central for 'swagger-models'...
    ✓ Found: io.swagger.core.v3:swagger-models
    ℹ️  Other matches found:
       1. io.github.amayaframework:swagger-models
       2. io.github.cyrilschumacher:swagger-models
       3. com.github.krraghavan:swagger-models
    ✓ Fetched 69 versions

[1241] unknown:swagger-core
    Package: swagger-core
    ⚠️  GroupId unknown, searching Maven Central for 'swagger-core'...
    ✓ Found: io.swagger.core.v3:swagger-core
    ℹ️  Other matches found:
       1. org.wso2.orbit.io.swagger:swagger-core
       2. org.wso2.orbit.io.swagger.core:swagger-core
       3. top.andoudou:swagger-core
    ✓ Fetched 69 versions

[1242] unknown:swagger-parser
    Package: swagger-parser
    ⚠️  GroupId unknown, searching Maven Central for 'swagger-parser'...
    ✓ Found: org.wso2.orbit.io.swagger.v3:swagger-parser
    ℹ️  Other matches found:
       1. io.swagger.parser.v3:swagger-parser
       2. org.wso2.orbit.io.swagger:swagger-parser
       3. com.github.krraghavan:swagger-parser
    ✓ Fetched 20 versions
    ✓ Found 1 other URL(s)

[1243] unknown:swagger-parser
    Package: swagger-parser
    ⚠️  GroupId unknown, searching Maven Central for 'swagger-parser'...
    ✓ Found: org.wso2.orbit.io.swagger.v3:swagger-parser
    ℹ️  Other matches found:
       1. io.swagger.parser.v3:swagger-parser
       2. org.wso2.orbit.io.swagger:swagger-parser
       3. com.github.krraghavan:swagger-parser
    ✓ Fetched 20 versions
    ✓ Found 1 other URL(s)

[1244] unknown:swagger-parser
    Package: swagger-parser
    ⚠️  GroupId unknown, searching Maven Central for 'swagger-parser'...
    ✓ Found: org.wso2.orbit.io.swagger.v3:swagger-parser
    ℹ️  Other matches found:
       1. io.swagger.parser.v3:swagger-parser
       2. org.wso2.orbit.io.swagger:swagger-parser
       3. com.github.krraghavan:swagger-parser
    ✓ Fetched 20 versions
    ✓ Found 1 other URL(s)

[1245] unknown:swagger-parser
    Package: swagger-parser
    ⚠️  GroupId unknown, searching Maven Central for 'swagger-parser'...
    ✓ Found: org.wso2.orbit.io.swagger.v3:swagger-parser
    ℹ️  Other matches found:
       1. io.swagger.parser.v3:swagger-parser
       2. org.wso2.orbit.io.swagger:swagger-parser
       3. com.github.krraghavan:swagger-parser
    ✓ Fetched 20 versions
    ✓ Found 1 other URL(s)

[1246] unknown:swagger-parser
    Package: swagger-parser
    ⚠️  GroupId unknown, searching Maven Central for 'swagger-parser'...
    ✓ Found: org.wso2.orbit.io.swagger.v3:swagger-parser
    ℹ️  Other matches found:
       1. io.swagger.parser.v3:swagger-parser
       2. org.wso2.orbit.io.swagger:swagger-parser
       3. com.github.krraghavan:swagger-parser
    ✓ Fetched 20 versions
    ✓ Found 1 other URL(s)

[1247] unknown:swagger-parser
    Package: swagger-parser
    ⚠️  GroupId unknown, searching Maven Central for 'swagger-parser'...
    ✓ Found: org.wso2.orbit.io.swagger.v3:swagger-parser
    ℹ️  Other matches found:
       1. io.swagger.parser.v3:swagger-parser
       2. org.wso2.orbit.io.swagger:swagger-parser
       3. com.github.krraghavan:swagger-parser
    ✓ Fetched 20 versions
    ✓ Found 1 other URL(s)

[1248] unknown:swagger-parser
    Package: swagger-parser
    ⚠️  GroupId unknown, searching Maven Central for 'swagger-parser'...
    ✓ Found: org.wso2.orbit.io.swagger.v3:swagger-parser
    ℹ️  Other matches found:
       1. io.swagger.parser.v3:swagger-parser
       2. org.wso2.orbit.io.swagger:swagger-parser
       3. com.github.krraghavan:swagger-parser
    ✓ Fetched 20 versions
    ✓ Found 1 other URL(s)

[1249] unknown:t-digest
    Package: t-digest
    ⚠️  GroupId unknown, searching Maven Central for 't-digest'...
    ✓ Found: com.tdunning:t-digest
    ✓ Fetched 8 versions
    ✓ Found 1 github URL(s)

[1250] unknown:t-digest
    Package: t-digest
    ⚠️  GroupId unknown, searching Maven Central for 't-digest'...
    ✓ Found: com.tdunning:t-digest
    ✓ Fetched 8 versions
    ✓ Found 1 github URL(s)

[1251] unknown:t-digest
    Package: t-digest
    ⚠️  GroupId unknown, searching Maven Central for 't-digest'...
    ✓ Found: com.tdunning:t-digest
    ✓ Fetched 8 versions
    ✓ Found 1 github URL(s)

[1252] unknown:terracotta-platform
    Package: terracotta-platform
    ⚠️  GroupId unknown, searching Maven Central for 'terracotta-platform'...
    ✗ No results found in Maven Central

[1253] unknown:tokenizer
    Package: tokenizer
    ⚠️  GroupId unknown, searching Maven Central for 'tokenizer'...
    ✓ Found: com.47deg.xef:tokenizer
    ℹ️  Other matches found:
       1. org.moara.yido:tokenizer
    ✓ Fetched 2 versions
    ✓ Found 4 github URL(s)

[1254] unknown:threetenbp
    Package: threetenbp
    ⚠️  GroupId unknown, searching Maven Central for 'threetenbp'...
    ✓ Found: org.threeten:threetenbp
    ✓ Fetched 40 versions
    ✓ Found 4 github URL(s)
    ✓ Found 1 other URL(s)

[1255] unknown:thrift-java
    Package: thrift-java
    ⚠️  GroupId unknown, searching Maven Central for 'thrift-java'...
    ✗ No results found in Maven Central

[1256] unknown:tiger-types
    Package: tiger-types
    ⚠️  GroupId unknown, searching Maven Central for 'tiger-types'...
    ✓ Found: org.glassfish.main.hk2:tiger-types
    ℹ️  Other matches found:
       1. org.jvnet:tiger-types
    ✓ Fetched 24 versions

[1257] unknown:tiles_core
    Package: tiles_core
    ⚠️  GroupId unknown, searching Maven Central for 'tiles_core'...
    ✗ No results found in Maven Central

[1258] unknown:tinylog
    Package: tinylog
    ⚠️  GroupId unknown, searching Maven Central for 'tinylog'...
    ✓ Found: com.gitee.hljdrl:tinylog
    ℹ️  Other matches found:
       1. org.tinylog:tinylog
       2. org.cooder.tinylog:tinylog
    ✓ Fetched 6 versions
    ✓ Found 4 gitee URL(s)

[1259] unknown:titanium-json-ld
    Package: titanium-json-ld
    ⚠️  GroupId unknown, searching Maven Central for 'titanium-json-ld'...
    ✓ Found: com.apicatalog:titanium-json-ld
    ✓ Fetched 21 versions
    ✓ Found 5 github URL(s)

[1260] unknown:tomcat
    Package: tomcat
    ⚠️  GroupId unknown, searching Maven Central for 'tomcat'...
    ✓ Found: org.wso2.orbit.org.apache.tomcat:tomcat
    ℹ️  Other matches found:
       1. org.apache.tomcat:tomcat
       2. com.github.skjolber.mockito-rest-spring:tomcat
       3. com.weicoder:tomcat
    ✓ Fetched 33 versions

[1261] unknown:PACKAGE_NAME
    Package: PACKAGE_NAME
    ⚠️  GroupId unknown, searching Maven Central for 'PACKAGE_NAME'...
    ✗ No results found in Maven Central

[1262] unknown:transactions
    Package: transactions
    ⚠️  GroupId unknown, searching Maven Central for 'transactions'...
    ✓ Found: com.handpoint.api.transactionfeed:transactions
    ℹ️  Other matches found:
       1. io.github.bluepaybr:transactions
       2. com.atomikos:transactions
       3. io.thorntail:transactions
    ✗ Error: Artifact not found: com.handpoint.api.transactionfeed:transactions

[1263] unknown:treelayout
    Package: treelayout
    ⚠️  GroupId unknown, searching Maven Central for 'treelayout'...
    ✗ No results found in Maven Central

[1264] unknown:type-parser
    Package: type-parser
    ⚠️  GroupId unknown, searching Maven Central for 'type-parser'...
    ✓ Found: com.github.drapostolos:type-parser
    ✓ Fetched 9 versions
    ✓ Found 4 github URL(s)

[1265] unknown:typesafehub-config
    Package: typesafehub-config
    ⚠️  GroupId unknown, searching Maven Central for 'typesafehub-config'...
    ✗ No results found in Maven Central

[1266] unknown:<PACKAGE_NAME>
    Package: <PACKAGE_NAME>
    ⚠️  GroupId unknown, searching Maven Central for '<PACKAGE_NAME>'...
    ✗ No results found in Maven Central

[1267] unknown:undertow
    Package: undertow
    ⚠️  GroupId unknown, searching Maven Central for 'undertow'...
    ✓ Found: com.github.skjolber.mockito-rest-spring:undertow
    ℹ️  Other matches found:
       1. io.thorntail:undertow
       2. org.testifyproject.server:undertow
       3. org.wildfly.swarm:undertow
    ✓ Fetched 8 versions

[1268] unknown:undertow
    Package: undertow
    ⚠️  GroupId unknown, searching Maven Central for 'undertow'...
    ✓ Found: com.github.skjolber.mockito-rest-spring:undertow
    ℹ️  Other matches found:
       1. io.thorntail:undertow
       2. org.testifyproject.server:undertow
       3. org.wildfly.swarm:undertow
    ✓ Fetched 8 versions

[1269] unknown:univocity-parsers
    Package: univocity-parsers
    ⚠️  GroupId unknown, searching Maven Central for 'univocity-parsers'...
    ✓ Found: com.univocity:univocity-parsers
    ✓ Fetched 62 versions
    ✓ Found 5 github URL(s)

[1270] unknown:univocity-parsers
    Package: univocity-parsers
    ⚠️  GroupId unknown, searching Maven Central for 'univocity-parsers'...
    ✓ Found: com.univocity:univocity-parsers
    ✓ Fetched 62 versions
    ✓ Found 5 github URL(s)

[1271] unknown:univocity-parsers
    Package: univocity-parsers
    ⚠️  GroupId unknown, searching Maven Central for 'univocity-parsers'...
    ✓ Found: com.univocity:univocity-parsers
    ✓ Fetched 62 versions
    ✓ Found 5 github URL(s)

[1272] unknown:use-resize-observer
    Package: use-resize-observer
    ⚠️  GroupId unknown, searching Maven Central for 'use-resize-observer'...
    ✓ Found: org.webjars.npm:use-resize-observer
    ✓ Fetched 3 versions
    ✓ Found 4 github URL(s)
    ✓ Found 1 other URL(s)

[1273] unknown:util-geolocation-ejb
    Package: util-geolocation-ejb
    ⚠️  GroupId unknown, searching Maven Central for 'util-geolocation-ejb'...
    ✓ Found: org.ow2.util:util-geolocation-ejb
    ✓ Fetched 5 versions

[1274] unknown:validation
    Package: validation
    ⚠️  GroupId unknown, searching Maven Central for 'validation'...
    ✓ Found: org.ehrbase.openehr.sdk:validation
    ℹ️  Other matches found:
       1. io.openliberty.features:validation
       2. io.github.locke-chappel.oss.commons:validation
       3. no.difi.move-common:validation
    ✓ Fetched 44 versions

[1275] unknown:validation
    Package: validation
    ⚠️  GroupId unknown, searching Maven Central for 'validation'...
    ✓ Found: org.ehrbase.openehr.sdk:validation
    ℹ️  Other matches found:
       1. io.openliberty.features:validation
       2. io.github.locke-chappel.oss.commons:validation
       3. no.difi.move-common:validation
    ✓ Fetched 44 versions

[1276] unknown:validation
    Package: validation
    ⚠️  GroupId unknown, searching Maven Central for 'validation'...
    ✓ Found: org.ehrbase.openehr.sdk:validation
    ℹ️  Other matches found:
       1. io.openliberty.features:validation
       2. io.github.locke-chappel.oss.commons:validation
       3. no.difi.move-common:validation
    ✓ Fetched 44 versions

[1277] unknown:validation-api
    Package: validation-api
    ⚠️  GroupId unknown, searching Maven Central for 'validation-api'...
    ✓ Found: cn.featherfly.validation:validation-api
    ℹ️  Other matches found:
       1. com.yandex.yatagan:validation-api
       2. io.ultreia.java4all:validation-api
       3. com.compilit:validation-api
    ✓ Fetched 3 versions
    ✓ Found 4 github URL(s)

[1278] unknown:PACKAGE_NAME
    Package: PACKAGE_NAME
    ⚠️  GroupId unknown, searching Maven Central for 'PACKAGE_NAME'...
    ✗ No results found in Maven Central

[1279] unknown:vert.x
    Package: vert.x
    ⚠️  GroupId unknown, searching Maven Central for 'vert.x'...
    ✗ No results found in Maven Central

[1280] unknown:vert.x
    Package: vert.x
    ⚠️  GroupId unknown, searching Maven Central for 'vert.x'...
    ✗ No results found in Maven Central

[1281] unknown:vertx-json-schema
    Package: vertx-json-schema
    ⚠️  GroupId unknown, searching Maven Central for 'vertx-json-schema'...
    ✓ Found: io.vertx:vertx-json-schema
    ✓ Fetched 90 versions
    ✓ Found 3 github URL(s)

[1282] unknown:vertx-micrometer-metrics
    Package: vertx-micrometer-metrics
    ⚠️  GroupId unknown, searching Maven Central for 'vertx-micrometer-metrics'...
    ✓ Found: io.vertx:vertx-micrometer-metrics
    ✓ Fetched 133 versions
    ✓ Found 3 github URL(s)

[1283] unknown:vertx-web
    Package: vertx-web
    ⚠️  GroupId unknown, searching Maven Central for 'vertx-web'...
    ✓ Found: io.vertx:vertx-web
    ℹ️  Other matches found:
       1. fr.myprysm.vertx:vertx-web
       2. com.dinstone.vertx:vertx-web
    ✓ Fetched 151 versions

[1284] unknown:vertx-web-api-contract
    Package: vertx-web-api-contract
    ⚠️  GroupId unknown, searching Maven Central for 'vertx-web-api-contract'...
    ✓ Found: io.vertx:vertx-web-api-contract
    ✓ Fetched 120 versions

[1285] unknown:PACKAGE_NAME
    Package: PACKAGE_NAME
    ⚠️  GroupId unknown, searching Maven Central for 'PACKAGE_NAME'...
    ✗ No results found in Maven Central

[1286] unknown:vertx-web-client
    Package: vertx-web-client
    ⚠️  GroupId unknown, searching Maven Central for 'vertx-web-client'...
    ✓ Found: io.vertx:vertx-web-client
    ✓ Fetched 141 versions

[1287] unknown:vertx-web-client
    Package: vertx-web-client
    ⚠️  GroupId unknown, searching Maven Central for 'vertx-web-client'...
    ✓ Found: io.vertx:vertx-web-client
    ✓ Fetched 141 versions

[1288] unknown:vertx-web-common
    Package: vertx-web-common
    ⚠️  GroupId unknown, searching Maven Central for 'vertx-web-common'...
    ✓ Found: io.vertx:vertx-web-common
    ✓ Fetched 140 versions

[1289] unknown:vertx-web-graphql
    Package: vertx-web-graphql
    ⚠️  GroupId unknown, searching Maven Central for 'vertx-web-graphql'...
    ✓ Found: io.vertx:vertx-web-graphql
    ✓ Fetched 120 versions

[1290] unknown:virtualization-services-server
    Package: virtualization-services-server
    ⚠️  GroupId unknown, searching Maven Central for 'virtualization-services-server'...
    ✓ Found: org.odpi.egeria:virtualization-services-server
    ✓ Fetched 14 versions
    ✓ Found 3 github URL(s)

[1291] unknown:waffle
    Package: waffle
    ⚠️  GroupId unknown, searching Maven Central for 'waffle'...
    ✓ Found: com.github.waffle:waffle
    ℹ️  Other matches found:
       1. org.codehaus.waffle:waffle
    ✓ Fetched 3 versions
    ✓ Found 5 github URL(s)

[1292] unknown:WALA-start
    Package: WALA-start
    ⚠️  GroupId unknown, searching Maven Central for 'WALA-start'...
    ✗ No results found in Maven Central

[1293] unknown:wazuh
    Package: wazuh
    ⚠️  GroupId unknown, searching Maven Central for 'wazuh'...
    ✗ No results found in Maven Central

[1294] unknown:webcrawler
    Package: webcrawler
    ⚠️  GroupId unknown, searching Maven Central for 'webcrawler'...
    ✓ Found: io.github.tquality:webcrawler
    ✓ Fetched 17 versions
    ✓ Found 3 github URL(s)
    ✓ Found 1 other URL(s)

[1295] unknown:webcrawler
    Package: webcrawler
    ⚠️  GroupId unknown, searching Maven Central for 'webcrawler'...
    ✓ Found: io.github.tquality:webcrawler
    ✓ Fetched 17 versions
    ✓ Found 3 github URL(s)
    ✓ Found 1 other URL(s)

[1296] unknown:websocket
    Package: websocket
    ⚠️  GroupId unknown, searching Maven Central for 'websocket'...
    ✓ Found: org.wso2.carbon.mediation:websocket
    ℹ️  Other matches found:
       1. com.nb6868.onex:websocket
       2. io.joynr.android.messaging:websocket
       3. io.joynr.java.messaging:websocket
    ✓ Fetched 412 versions
    ✓ Found 1 other URL(s)

[1297] unknown:wildfly
    Package: wildfly
    ⚠️  GroupId unknown, searching Maven Central for 'wildfly'...
    ✓ Found: org.wildfly.channels:wildfly
    ℹ️  Other matches found:
       1. org.wildfly.bom.builder:wildfly
       2. org.opensearch:wildfly
       3. org.wildfly.bom:wildfly
    ✓ Fetched 23 versions

[1298] unknown:wildfly
    Package: wildfly
    ⚠️  GroupId unknown, searching Maven Central for 'wildfly'...
    ✓ Found: org.wildfly.channels:wildfly
    ℹ️  Other matches found:
       1. org.wildfly.bom.builder:wildfly
       2. org.opensearch:wildfly
       3. org.wildfly.bom:wildfly
    ✓ Fetched 23 versions

[1299] unknown:wildfly
    Package: wildfly
    ⚠️  GroupId unknown, searching Maven Central for 'wildfly'...
    ✓ Found: org.wildfly.channels:wildfly
    ℹ️  Other matches found:
       1. org.wildfly.bom.builder:wildfly
       2. org.opensearch:wildfly
       3. org.wildfly.bom:wildfly
    ✓ Fetched 23 versions

[1300] unknown:wildfly-client-config
    Package: wildfly-client-config
    ⚠️  GroupId unknown, searching Maven Central for 'wildfly-client-config'...
    ✓ Found: org.wildfly.client:wildfly-client-config
    ✓ Fetched 13 versions

[1301] unknown:wildfly-common
    Package: wildfly-common
    ⚠️  GroupId unknown, searching Maven Central for 'wildfly-common'...
    ✓ Found: org.wildfly.common:wildfly-common
    ✓ Fetched 48 versions
    ✓ Found 3 github URL(s)

[1302] unknown:wink
    Package: wink
    ⚠️  GroupId unknown, searching Maven Central for 'wink'...
    ✓ Found: org.apache.wink:wink
    ℹ️  Other matches found:
       1. org.apache.geronimo.configs:wink
       2. org.apache.geronimo.plugins:wink
    ✓ Fetched 10 versions
    ✓ Found 3 other URL(s)

[1303] unknown:wink
    Package: wink
    ⚠️  GroupId unknown, searching Maven Central for 'wink'...
    ✓ Found: org.apache.wink:wink
    ℹ️  Other matches found:
       1. org.apache.geronimo.configs:wink
       2. org.apache.geronimo.plugins:wink
    ✓ Fetched 10 versions
    ✓ Found 3 other URL(s)

[1304] unknown:wlp-anttasks
    Package: wlp-anttasks
    ⚠️  GroupId unknown, searching Maven Central for 'wlp-anttasks'...
    ✓ Found: net.wasdev.wlp.ant:wlp-anttasks
    ✓ Fetched 11 versions
    ✓ Found 4 github URL(s)

[1305] unknown:woodstox
    Package: woodstox
    ⚠️  GroupId unknown, searching Maven Central for 'woodstox'...
    ✓ Found: org.ow2.jonas.osgi:woodstox
    ℹ️  Other matches found:
       1. org.apache.geronimo.bundles:woodstox
    ✓ Fetched 1 versions

[1306] unknown:ws-xmlschema
    Package: ws-xmlschema
    ⚠️  GroupId unknown, searching Maven Central for 'ws-xmlschema'...
    ✗ No results found in Maven Central

[1307] unknown:xalan-j
    Package: xalan-j
    ⚠️  GroupId unknown, searching Maven Central for 'xalan-j'...
    ✗ No results found in Maven Central

[1308] unknown:xalan-j
    Package: xalan-j
    ⚠️  GroupId unknown, searching Maven Central for 'xalan-j'...
    ✗ No results found in Maven Central

[1309] unknown:xbean
    Package: xbean
    ⚠️  GroupId unknown, searching Maven Central for 'xbean'...
    ✓ Found: org.apache.xbean:xbean
    ℹ️  Other matches found:
       1. com.google.code.xbean:xbean
       2. org.apache:xbean
       3. xmlbeans:xbean
    ✓ Fetched 60 versions
    ✓ Found 5 other URL(s)

[1310] unknown:xebia-servlet-extras
    Package: xebia-servlet-extras
    ⚠️  GroupId unknown, searching Maven Central for 'xebia-servlet-extras'...
    ✓ Found: fr.xebia.web:xebia-servlet-extras
    ℹ️  Other matches found:
       1. fr.xebia.web.extras:xebia-servlet-extras
    ✓ Fetched 3 versions
    ✓ Found 3 github URL(s)
    ✓ Found 1 other URL(s)

[1311] unknown:xerces2-j
    Package: xerces2-j
    ⚠️  GroupId unknown, searching Maven Central for 'xerces2-j'...
    ✗ No results found in Maven Central

[1312] unknown:xml-language-server
    Package: xml-language-server
    ⚠️  GroupId unknown, searching Maven Central for 'xml-language-server'...
    ✗ No results found in Maven Central

[1313] unknown:xml-language-server
    Package: xml-language-server
    ⚠️  GroupId unknown, searching Maven Central for 'xml-language-server'...
    ✗ No results found in Maven Central

[1314] unknown:rest-assured
    Package: rest-assured
    ⚠️  GroupId unknown, searching Maven Central for 'rest-assured'...
    ✓ Found: io.rest-assured:rest-assured
    ℹ️  Other matches found:
       1. com.jayway.restassured:rest-assured
    ✓ Fetched 43 versions
    ✓ Found 1 other URL(s)

[1315] unknown:xmlbeans
    Package: xmlbeans
    ⚠️  GroupId unknown, searching Maven Central for 'xmlbeans'...
    ✓ Found: org.apache.xmlbeans:xmlbeans
    ℹ️  Other matches found:
       1. org.wso2.orbit.org.apache.xmlbeans:xmlbeans
       2. org.lucee:xmlbeans
       3. com.github.pjfanning:xmlbeans
    ✓ Fetched 15 versions
    ✓ Found 5 other URL(s)

[1316] unknown:xmlenc
    Package: xmlenc
    ⚠️  GroupId unknown, searching Maven Central for 'xmlenc'...
    ✓ Found: org.znerd:xmlenc
    ℹ️  Other matches found:
       1. xmlenc:xmlenc
    ✓ Fetched 1 versions
    ✓ Found 5 github URL(s)

[1317] unknown:xmlpull
    Package: xmlpull
    ⚠️  GroupId unknown, searching Maven Central for 'xmlpull'...
    ✓ Found: org.kie.modules:xmlpull
    ℹ️  Other matches found:
       1. xmlpull:xmlpull
    ✓ Fetched 27 versions

[1318] unknown:xmlpull
    Package: xmlpull
    ⚠️  GroupId unknown, searching Maven Central for 'xmlpull'...
    ✓ Found: org.kie.modules:xmlpull
    ℹ️  Other matches found:
       1. xmlpull:xmlpull
    ✓ Fetched 27 versions

[1319] unknown:PACKAGE_NAME
    Package: PACKAGE_NAME
    ⚠️  GroupId unknown, searching Maven Central for 'PACKAGE_NAME'...
    ✗ No results found in Maven Central

[1320] unknown:xmlpull
    Package: xmlpull
    ⚠️  GroupId unknown, searching Maven Central for 'xmlpull'...
    ✓ Found: org.kie.modules:xmlpull
    ℹ️  Other matches found:
       1. xmlpull:xmlpull
    ✓ Fetched 27 versions

[1321] unknown:xnio
    Package: xnio
    ⚠️  GroupId unknown, searching Maven Central for 'xnio'...
    ✗ No results found in Maven Central

[1322] unknown:xnio
    Package: xnio
    ⚠️  GroupId unknown, searching Maven Central for 'xnio'...
    ✗ No results found in Maven Central

[1323] unknown:xz
    Package: xz
    ⚠️  GroupId unknown, searching Maven Central for 'xz'...
    ✓ Found: org.graalvm.shadowed:xz
    ℹ️  Other matches found:
       1. org.tukaani:xz
       2. io.github.qsy7.java.modules.compression.modules:xz
       3. com.fpliu.ndk.pkg.prefab.android.21:xz
    ✓ Fetched 11 versions
    ✓ Found 3 github URL(s)
    ✓ Found 1 other URL(s)

[1324] unknown:xz-java
    Package: xz-java
    ⚠️  GroupId unknown, searching Maven Central for 'xz-java'...
    ✗ No results found in Maven Central

[1325] unknown:xz-java
    Package: xz-java
    ⚠️  GroupId unknown, searching Maven Central for 'xz-java'...
    ✗ No results found in Maven Central

[1326] unknown:xz-java
    Package: xz-java
    ⚠️  GroupId unknown, searching Maven Central for 'xz-java'...
    ✗ No results found in Maven Central

[1327] unknown:zaproxy
    Package: zaproxy
    ⚠️  GroupId unknown, searching Maven Central for 'zaproxy'...
    ✗ No results found in Maven Central

[1328] unknown:zimbra
    Package: zimbra
    ⚠️  GroupId unknown, searching Maven Central for 'zimbra'...
    ✗ No results found in Maven Central

[1329] unknown:2.24.2_ubi_8_7
    Package: 2.24.2_ubi_8_7
    ⚠️  GroupId unknown, searching Maven Central for '2.24.2_ubi_8_7'...
    ✗ No results found in Maven Central

[1330] unknown:zipkin
    Package: zipkin
    ⚠️  GroupId unknown, searching Maven Central for 'zipkin'...
    ✓ Found: io.zipkin.zipkin2:zipkin
    ℹ️  Other matches found:
       1. org.webjars.npm:zipkin
       2. com.centurylink.mdw.assets:zipkin
       3. org.apache.zipkin.zipkin2:zipkin
    ✓ Fetched 149 versions

[1331] unknown:zipkin
    Package: zipkin
    ⚠️  GroupId unknown, searching Maven Central for 'zipkin'...
    ✓ Found: io.zipkin.zipkin2:zipkin
    ℹ️  Other matches found:
       1. org.webjars.npm:zipkin
       2. com.centurylink.mdw.assets:zipkin
       3. org.apache.zipkin.zipkin2:zipkin
    ✓ Fetched 149 versions

[1332] unknown:zipkin
    Package: zipkin
    ⚠️  GroupId unknown, searching Maven Central for 'zipkin'...
    ✓ Found: io.zipkin.zipkin2:zipkin
    ℹ️  Other matches found:
       1. org.webjars.npm:zipkin
       2. com.centurylink.mdw.assets:zipkin
       3. org.apache.zipkin.zipkin2:zipkin
    ✓ Fetched 149 versions

[1333] unknown:ziplet
    Package: ziplet
    ⚠️  GroupId unknown, searching Maven Central for 'ziplet'...
    ✓ Found: com.faendir.ziplet:ziplet
    ℹ️  Other matches found:
       1. com.github.ziplet:ziplet
    ✓ Fetched 2 versions
    ✓ Found 4 github URL(s)

[1334] unknown:zjsonpatch
    Package: zjsonpatch
    ⚠️  GroupId unknown, searching Maven Central for 'zjsonpatch'...
    ✓ Found: io.fabric8:zjsonpatch
    ℹ️  Other matches found:
       1. com.flipkart.zjsonpatch:zjsonpatch
       2. org.zalando:zjsonpatch
       3. org.zalando.zjsonpatch:zjsonpatch
    ✓ Fetched 11 versions

[1335] unknown:zjsonpatch
    Package: zjsonpatch
    ⚠️  GroupId unknown, searching Maven Central for 'zjsonpatch'...
    ✓ Found: io.fabric8:zjsonpatch
    ℹ️  Other matches found:
       1. com.flipkart.zjsonpatch:zjsonpatch
       2. org.zalando:zjsonpatch
       3. org.zalando.zjsonpatch:zjsonpatch
    ✓ Fetched 11 versions

[1336] unknown:zooinspector
    Package: zooinspector
    ⚠️  GroupId unknown, searching Maven Central for 'zooinspector'...
    ✗ No results found in Maven Central

[1337] unknown:zookeeper
    Package: zookeeper
    ⚠️  GroupId unknown, searching Maven Central for 'zookeeper'...
    ✓ Found: org.apache.zookeeper:zookeeper
    ℹ️  Other matches found:
       1. com.weicoder:zookeeper
       2. io.basc.framework:zookeeper
       3. com.telenav.thirdparty:zookeeper
    ✓ Fetched 52 versions

[1338] unknown:zookeeper
    Package: zookeeper
    ⚠️  GroupId unknown, searching Maven Central for 'zookeeper'...
    ✓ Found: org.apache.zookeeper:zookeeper
    ℹ️  Other matches found:
       1. com.weicoder:zookeeper
       2. io.basc.framework:zookeeper
       3. com.telenav.thirdparty:zookeeper
    ✓ Fetched 52 versions

[1339] unknown:zookeeper
    Package: zookeeper
    ⚠️  GroupId unknown, searching Maven Central for 'zookeeper'...
    ✓ Found: org.apache.zookeeper:zookeeper
    ℹ️  Other matches found:
       1. com.weicoder:zookeeper
       2. io.basc.framework:zookeeper
       3. com.telenav.thirdparty:zookeeper
    ✓ Fetched 52 versions

[1340] unknown:rhel79
    Package: rhel79
    ⚠️  GroupId unknown, searching Maven Central for 'rhel79'...
    ✗ No results found in Maven Central

======================================================================
RESULTS
======================================================================
✓ Fetched: 927 packages
✓ Skipped (cached): 0 packages
✓ Errors: 414
✓ API calls made: 3,149

✓ Saved cache to /home/gerrit/src/PowerCore/02-DatabaseAPI/scripts/version_fetchers/../version_data/maven_versions.json
✓ Saved errors to /home/gerrit/src/PowerCore/02-DatabaseAPI/scripts/version_fetchers/../version_data/maven_errors.json

======================================================================
CACHE STATISTICS
======================================================================

Total packages in cache: 627
Packages with versions:  626
Packages with sources:   399
Total versions:          45,121
Average per package:     72.0

Source platforms:
  github         :  339 packages
  other          :  173 packages
  sourceforge    :    3 packages
  gitlab         :    2 packages
  gitee          :    2 packages
  bitbucket      :    2 packages

Packages fetched in this run:

Output files:
  - /home/gerrit/src/PowerCore/02-DatabaseAPI/scripts/version_fetchers/../version_data/maven_versions.json
  - /home/gerrit/src/PowerCore/02-DatabaseAPI/scripts/version_fetchers/../version_data/maven_errors.json

Next steps:
  ✓ All packages processed!

Rate limit stats:
  Available calls: 1/100
  Utilization: 99.0%
[0;32m✓ Completed: maven[0m

[0;34m--- Processing: packagist ---[0m
[1;33mℹ Running: python3 fetch_packagist_versions.py[0m
[1;33mℹ   Input:  /home/gerrit/src/PowerCore/02-DatabaseAPI/scripts/version_fetchers/../version_data/php2.list[0m
[1;33mℹ   Output: /home/gerrit/src/PowerCore/02-DatabaseAPI/scripts/version_fetchers/../version_data/packagist_versions.json[0m
[1;33mℹ   Errors: /home/gerrit/src/PowerCore/02-DatabaseAPI/scripts/version_fetchers/../version_data/packagist_errors.json[0m
Package not found on Packagist: avatars
Package not found on Packagist: MinkBrowserKitDriver
Package not found on Packagist: MinkExtension
Package not found on Packagist: better_exposed_filters
Package not found on Packagist: ckeditor_media_embed
Package not found on Packagist: clipboardjs
Package not found on Packagist: composer
Package not found on Packagist: composer-merge-plugin
Package not found on Packagist: composer-merge-plugin
Package not found on Packagist: site-process
Package not found on Packagist: devportal
Package not found on Packagist: dflydev-placeholder-resolver
Package not found on Packagist: reflection
Package not found on Packagist: cache
Package not found on Packagist: acl
Package not found on Packagist: address
Package not found on Packagist: addtoany
Package not found on Packagist: admin_toolbar
Package not found on Packagist: adminimal_admin_toolbar
Package not found on Packagist: advagg
Package not found on Packagist: autocomplete_deluxe
Package not found on Packagist: autologout
Package not found on Packagist: back_to_top
======================================================================
PACKAGIST VERSION FETCHER
======================================================================
Input file: /home/gerrit/src/PowerCore/02-DatabaseAPI/scripts/version_fetchers/../version_data/php2.list
Start index: 0
Count: all remaining

[1/6] Loading input CSV file...
✓ Loaded 345 packages from /home/gerrit/src/PowerCore/02-DatabaseAPI/scripts/version_fetchers/../version_data/php2.list

[2/6] Filtering PHP packages...
✓ Found 345 PHP packages
✓ Will fetch packages 0 to 344 (345 packages)

[3/6] Loading existing cache from /home/gerrit/src/PowerCore/02-DatabaseAPI/scripts/version_fetchers/../version_data/packagist_versions.json...
✓ Loaded 142 cached entries

[4/6] Fetching Packagist versions...

[0] abraham/twitteroauth
    Script: a/abraham__twitteroauth/abraham__twitteroauth.sh
    ✓ Already in cache (skipped)

[1] asm89/stack-cors
    Script: a/asm89__stack-cors/asm89__stack-cors.sh
    ✓ Already in cache (skipped)

[2] avatars
    Script: a/avatars/avatars.sh
    ⚠️  No versions found

[3] behat/behat
    Script: b/behat__behat/behat__behat.sh
    ✓ Already in cache (skipped)

[4] behat/gherkin
    Script: b/behat__gherkin/behat__gherkin.sh
    ✓ Already in cache (skipped)

[5] behat/transliterator
    Script: b/behat__transliterator/behat__transliterator.sh
    ✓ Already in cache (skipped)

[6] MinkBrowserKitDriver
    Script: b/behat_minkbrowserkitdriver/behat_mink-browserkit-driver.sh
    ⚠️  No versions found

[7] MinkExtension
    Script: b/behat_minkextension/behat_minkextension.sh
    ⚠️  No versions found

[8] better_exposed_filters
    Script: b/better_exposed_filters/better_exposed_filters_8.5.sh
    ⚠️  No versions found

[9] caxy/php-htmldiff
    Script: c/caxy__php-htmldiff/caxy__php-htmldiff.sh
    ✓ Already in cache (skipped)

[10] chi-teck/drupal-code-generator
    Script: c/chi-teck__drupal-code-generator/chi-teck__drupal-code-generator.sh
    ✓ Already in cache (skipped)

[11] ckeditor_media_embed
    Script: c/ckeditor_media_embed/ckeditor_media_embed.sh
    ⚠️  No versions found

[12] symfony/class-loader
    Script: c/class-loader/class-loader.sh
    ✓ Already in cache (skipped)

[13] clipboardjs
    Script: c/clipboardjs/clipboardjs.sh
    ⚠️  No versions found

[14] commerceguys/addressing
    Script: c/commerceguys__addressing/commerceguys__addressing.sh
    ✓ Already in cache (skipped)

[15] commerceguys/intl
    Script: c/commerceguys__intl/commerceguys__intl.sh
    ✓ Already in cache (skipped)

[16] composer
    Script: c/composer/composer.sh
    ⚠️  No versions found

[17] composer-merge-plugin
    Script: c/composer-merge-plugin/composer-merge-plugin.sh
    ⚠️  No versions found

[18] composer-merge-plugin
    Script: c/composer-merge-plugin/composer-merge-plugin_ubi8.sh
    ⚠️  No versions found

[19] composer/ca-bundle
    Script: c/composer__ca-bundle/composer__ca-bundle.sh
    ✓ Already in cache (skipped)

[20] composer/installers
    Script: c/composer__installers/composer__installers.sh
    ✓ Already in cache (skipped)

[21] composer/metadata-minifier
    Script: c/composer__metadata-minifier/composer__metadata-minifier.sh
    ✓ Already in cache (skipped)

[22] composer/semver
    Script: c/composer__semver/composer__semver.sh
    ✓ Already in cache (skipped)

[23] composer/spdx-licenses
    Script: c/composer__spdx-licenses/composer__spdx-licenses.sh
    ✓ Already in cache (skipped)

[24] composer/xdebug-handler
    Script: c/composer__xdebug-handler/composer__xdebug-handler.sh
    ✓ Already in cache (skipped)

[25] composer/xdebug-handler
    Script: c/composer__xdebug-handler/composer__xdebug-handler_rhel_8.3.sh
    ✓ Already in cache (skipped)

[26] consolidation/annotated-command
    Script: c/consolidation__annotated-command/consolidation__annotated-command.sh
    ✓ Already in cache (skipped)

[27] consolidation/config
    Script: c/consolidation__config/consolidation__config.sh
    ✓ Already in cache (skipped)

[28] consolidation/filter-via-dot-access-data
    Script: c/consolidation__filter-via-dot-access-data/consolidation__filter-via-dot-access-data.sh
    ✓ Already in cache (skipped)

[29] consolidation/log
    Script: c/consolidation__log/consolidation__log.sh
    ✓ Already in cache (skipped)

[30] consolidation/output-formatters
    Script: c/consolidation__output-formatters/consolidation__output-formatters.sh
    ✓ Already in cache (skipped)

[31] consolidation/robo
    Script: c/consolidation__robo/consolidation__robo.sh
    ✓ Already in cache (skipped)

[32] consolidation/robo
    Script: c/consolidation__robo/consolidation__robo_rhel_8.3.sh
    ✓ Already in cache (skipped)

[33] consolidation/site-alias
    Script: c/consolidation__site-alias/consolidation__site-alias.sh
    ✓ Already in cache (skipped)

[34] site-process
    Script: c/consolidation_site-process/consolidation_site-process.sh
    ⚠️  No versions found

[35] container-interop/container-interop
    Script: c/container-interop__container-interop/container-interop__container-interop.sh
    ✓ Already in cache (skipped)

[36] devportal
    Script: d/devportal/devportal_ubi_8.5.sh.sh
    ⚠️  No versions found

[37] dflydev-placeholder-resolver
    Script: d/dflydev-placeholder-resolver/dflydev-placeholder-resolver_8.5.sh
    ⚠️  No versions found

[38] dflydev/dot-access-data
    Script: d/dflydev__dot-access-data/dflydev__dot-access-data.sh
    ✓ Already in cache (skipped)

[39] dflydev/dot-access-data
    Script: d/dflydev__dot-access-data/dflydev__dot-access-data_rhel_8.3.sh
    ✓ Already in cache (skipped)

[40] dflydev/dot-access-data
    Script: d/dflydev__dot-access-data/dot-access-data.sh
    ✓ Already in cache (skipped)

[41] doctrine/annotations
    Script: d/doctrine__annotations/doctrine__annotations.sh
    ✓ Already in cache (skipped)

[42] doctrine/collections
    Script: d/doctrine__collections/doctrine__collections.sh
    ✓ Already in cache (skipped)

[43] doctrine/common
    Script: d/doctrine__common/doctrine__common.sh
    ✓ Already in cache (skipped)

[44] doctrine/event-manager
    Script: d/doctrine__event-manager/doctrine__event-manager.sh
    ✓ Already in cache (skipped)

[45] doctrine/inflector
    Script: d/doctrine__inflector/doctrine__inflector.sh
    ✓ Already in cache (skipped)

[46] doctrine/instantiator
    Script: d/doctrine__instantiator/doctrine__instantiator.sh
    ✓ Already in cache (skipped)

[47] doctrine/lexer
    Script: d/doctrine__lexer/doctrine__lexer.sh
    ✓ Already in cache (skipped)

[48] doctrine/persistence
    Script: d/doctrine__persistence/doctrine__persistence.sh
    ✓ Already in cache (skipped)

[49] reflection
    Script: d/doctrine__reflection/doctrine-reflection.sh
    ⚠️  No versions found

[50] doctrine/reflection
    Script: d/doctrine__reflection/doctrine__reflection.sh
    ✓ Already in cache (skipped)

[51] doctrine/reflection
    Script: d/doctrine__reflection/doctrine__reflection_rhel_8.3.sh
    ✓ Already in cache (skipped)

[52] cache
    Script: d/doctrine_cache/doctrine-cache.sh
    ⚠️  No versions found

[53] acl
    Script: d/drupal-acl/drupal-acl.sh
    ⚠️  No versions found

[54] address
    Script: d/drupal-address/drupal-address.sh
    ⚠️  No versions found

[55] addtoany
    Script: d/drupal-addtoany/drupal-addtoany.sh
    ⚠️  No versions found

[56] admin_toolbar
    Script: d/drupal-admin_toolbar/drupal-admin_toolbar.sh
    ⚠️  No versions found

[57] adminimal_admin_toolbar
    Script: d/drupal-adminimal_admin_toolbar/drupal-adminimal_admin_toolbar.sh
    ⚠️  No versions found

[58] advagg
    Script: d/drupal-advagg/drupal-advagg.sh
    ⚠️  No versions found

[59] autocomplete_deluxe
    Script: d/drupal-autocomplete_deluxe/drupal-autocomplete_deluxe.sh
    ⚠️  No versions found

[60] autologout
    Script: d/drupal-autologout/drupal-autologout.sh
    ⚠️  No versions found

[61] back_to_top
    Script: d/drupal-back_to_top/drupal-back_to_top.sh
    ⚠️  No versions found

[62] blazy
    Script: d/drupal-blazy/drupal-blazy.shPackage not found on Packagist: blazy
Package not found on Packagist: blog
Package not found on Packagist: bootstrap
Package not found on Packagist: bootstrap_site_alert
Package not found on Packagist: captcha
Package not found on Packagist: change_pwd_page
Package not found on Packagist: check_dns
Package not found on Packagist: config_update
Package not found on Packagist: contact_block
Package not found on Packagist: contact_storage
Package not found on Packagist: content_browser
Package not found on Packagist: crop
Package not found on Packagist: cshs
Package not found on Packagist: drush_language
Package not found on Packagist: entity_browser_enhanced
Package not found on Packagist: eu_cookie_compliance
Package not found on Packagist: externalauth
Package not found on Packagist: extlink
Package not found on Packagist: facets
Package not found on Packagist: facets_pretty_paths
Package not found on Packagist: faqfield
Package not found on Packagist: field_encrypt
Package not found on Packagist: field_group
Package not found on Packagist: file_browser
Package not found on Packagist: flood_unblock
Package not found on Packagist: focal_point
Package not found on Packagist: graphql
Package not found on Packagist: graphql_twig
Package not found on Packagist: gutenberg
Package not found on Packagist: health_check
Package not found on Packagist: hierarchical_taxonomy_menu
Package not found on Packagist: intense
Package not found on Packagist: jquery_ui
Package not found on Packagist: jquery_ui_accordion
Package not found on Packagist: jquery_ui_datepicker
Package not found on Packagist: jquery_ui_slider
Package not found on Packagist: jwt
Package not found on Packagist: key
Package not found on Packagist: lang_dropdown
Package not found on Packagist: languageicons
Package not found on Packagist: linkit
Package not found on Packagist: login_security
Package not found on Packagist: masonry
Package not found on Packagist: masonry_views
Package not found on Packagist: media_entity_twitter
Package not found on Packagist: message_subscribe
Package not found on Packagist: mimemail
Package not found on Packagist: openapi
Package not found on Packagist: password_policy
Package not found on Packagist: recaptcha
Package not found on Packagist: facets
Package not found on Packagist: rules
Package not found on Packagist: scheduler
Package not found on Packagist: schema_metatag
Package not found on Packagist: search_api
Package not found on Packagist: search_api_autocomplete
Package not found on Packagist: securitytxt
Package not found on Packagist: simple_sitemap
Package not found on Packagist: slick_extras
Package not found on Packagist: slick_views
Package not found on Packagist: social_api
Package not found on Packagist: social_media_links
Package not found on Packagist: superfish
Package not found on Packagist: terms_of_use
Package not found on Packagist: twig_tweak
Package not found on Packagist: typed_data
Package not found on Packagist: ultimate_cron
Package not found on Packagist: unlimited_number
Package not found on Packagist: views_autocomplete_filters
Package not found on Packagist: views_bootstrap
Package not found on Packagist: views_data_export
Package not found on Packagist: views_infinite_scroll
Package not found on Packagist: views_slideshow
Package not found on Packagist: views_taxonomy_term_name_depth
Package not found on Packagist: votingapi
Package not found on Packagist: warmer

    ⚠️  No versions found

[63] blog
    Script: d/drupal-blog/drupal-blog.sh
    ⚠️  No versions found

[64] bootstrap
    Script: d/drupal-bootstrap/drupal-bootstrap.sh
    ⚠️  No versions found

[65] bootstrap_site_alert
    Script: d/drupal-bootstrap_site_alert/drupal-bootstrap_site_alert.sh
    ⚠️  No versions found

[66] captcha
    Script: d/drupal-captcha/drupal-captcha.sh
    ⚠️  No versions found

[67] change_pwd_page
    Script: d/drupal-change_pwd_page/drupal-change_pwd_page.sh
    ⚠️  No versions found

[68] check_dns
    Script: d/drupal-check_dns/drupal-check_dns.sh
    ⚠️  No versions found

[69] config_update
    Script: d/drupal-config_update/drupal-config_update.sh
    ⚠️  No versions found

[70] contact_block
    Script: d/drupal-contact_block/drupal-contact_block.sh
    ⚠️  No versions found

[71] contact_storage
    Script: d/drupal-contact_storage/drupal-contact_storage.sh
    ⚠️  No versions found

[72] content_browser
    Script: d/drupal-content_browser/drupal-content_browser.sh
    ⚠️  No versions found

[73] crop
    Script: d/drupal-crop/drupal-crop.sh
    ⚠️  No versions found

[74] cshs
    Script: d/drupal-cshs/drupal-cshs.sh
    ⚠️  No versions found

[75] drush_language
    Script: d/drupal-drush_language/drupal-drush_language.sh
    ⚠️  No versions found

[76] entity_browser_enhanced
    Script: d/drupal-entity_browser_enhanced/drupal-entity_browser_enhanced.sh
    ⚠️  No versions found

[77] eu_cookie_compliance
    Script: d/drupal-eu_cookie_compliance/drupal-eu_cookie_compliance.sh
    ⚠️  No versions found

[78] externalauth
    Script: d/drupal-externalauth/drupal-externalauth.sh
    ⚠️  No versions found

[79] extlink
    Script: d/drupal-extlink/drupal-extlink.sh
    ⚠️  No versions found

[80] facets
    Script: d/drupal-facets/drupal-facets.sh
    ⚠️  No versions found

[81] facets_pretty_paths
    Script: d/drupal-facets_pretty_paths/drupal-facets_pretty_paths.sh
    ⚠️  No versions found

[82] faqfield
    Script: d/drupal-faqfield/drupal-faqfield.sh
    ⚠️  No versions found

[83] field_encrypt
    Script: d/drupal-field_encrypt/drupal-field_encrypt.sh
    ⚠️  No versions found

[84] field_group
    Script: d/drupal-field_group/drupal-field_group.sh
    ⚠️  No versions found

[85] file_browser
    Script: d/drupal-file_browser/drupal-file_browser.sh
    ⚠️  No versions found

[86] flood_unblock
    Script: d/drupal-flood_unblock/drupal-flood_unblock.sh
    ⚠️  No versions found

[87] focal_point
    Script: d/drupal-focal_point/drupal-focal_point.sh
    ⚠️  No versions found

[88] graphql
    Script: d/drupal-graphql/drupal-graphql.sh
    ⚠️  No versions found

[89] graphql_twig
    Script: d/drupal-graphql_twig/drupal-graphql_twig.sh
    ⚠️  No versions found

[90] gutenberg
    Script: d/drupal-gutenberg/drupal-gutenberg.sh
    ⚠️  No versions found

[91] health_check
    Script: d/drupal-health_check/drupal-health_check.sh
    ⚠️  No versions found

[92] hierarchical_taxonomy_menu
    Script: d/drupal-hierarchical_taxonomy_menu/drupal-hierarchical_taxonomy_menu.sh
    ⚠️  No versions found

[93] intense
    Script: d/drupal-intense/drupal-intense.sh
    ⚠️  No versions found

[94] jquery_ui
    Script: d/drupal-jquery_ui/drupal-jquery_ui.sh
    ⚠️  No versions found

[95] jquery_ui_accordion
    Script: d/drupal-jquery_ui_accordion/drupal-jquery_ui_accordion.sh
    ⚠️  No versions found

[96] jquery_ui_datepicker
    Script: d/drupal-jquery_ui_datepicker/drupal-jquery_ui_datepicker.sh
    ⚠️  No versions found

[97] jquery_ui_slider
    Script: d/drupal-jquery_ui_slider/drupal-jquery_ui_slider.sh
    ⚠️  No versions found

[98] jwt
    Script: d/drupal-jwt/drupal-jwt-ubi_8.5.sh
    ⚠️  No versions found

[99] key
    Script: d/drupal-key/drupal-key.sh
    ⚠️  No versions found

[100] lang_dropdown
    Script: d/drupal-lang_dropdown/drupal-lang_dropdown.sh
    ⚠️  No versions found

[101] languageicons
    Script: d/drupal-languageicons/drupal-languageicons.sh
    ⚠️  No versions found

[102] linkit
    Script: d/drupal-linkit/drupal-linkit.sh
    ⚠️  No versions found

[103] login_security
    Script: d/drupal-login_security/drupal-login_security.sh
    ⚠️  No versions found

[104] masonry
    Script: d/drupal-masonry/drupal-masonry.sh
    ⚠️  No versions found

[105] masonry_views
    Script: d/drupal-masonry_views/drupal-masonry_views.sh
    ⚠️  No versions found

[106] media_entity_twitter
    Script: d/drupal-media_entity_twitter/drupal-media_entity_twitter.sh
    ⚠️  No versions found

[107] message_subscribe
    Script: d/drupal-message_subscribe/drupal-message_subscribe.sh
    ⚠️  No versions found

[108] mimemail
    Script: d/drupal-mimemail/drupal-mimemail.sh
    ⚠️  No versions found

[109] openapi
    Script: d/drupal-openapi/drupal-openapi.sh
    ⚠️  No versions found

[110] password_policy
    Script: d/drupal-password_policy/drupal-password_policy.sh
    ⚠️  No versions found

[111] recaptcha
    Script: d/drupal-recaptcha/drupal-recaptcha.sh
    ⚠️  No versions found

[112] facets
    Script: d/drupal-restui/drupal-restui.sh
    ⚠️  No versions found

[113] rules
    Script: d/drupal-rules/drupal-rules.sh
    ⚠️  No versions found

[114] scheduler
    Script: d/drupal-scheduler/drupal-scheduler.sh
    ⚠️  No versions found

[115] schema_metatag
    Script: d/drupal-schema_metatag/drupal-schema_metatag.sh
    ⚠️  No versions found

[116] search_api
    Script: d/drupal-search_api/drupal-search_api.sh
    ⚠️  No versions found

[117] search_api_autocomplete
    Script: d/drupal-search_api_autocomplete/drupal-search_api_autocomplete.sh
    ⚠️  No versions found

[118] securitytxt
    Script: d/drupal-securitytxt/drupal-securitytxt.sh
    ⚠️  No versions found

[119] simple_sitemap
    Script: d/drupal-simple_sitemap/drupal-simple_sitemap.sh
    ⚠️  No versions found

[120] slick_extras
    Script: d/drupal-slick_extras/drupal-slick_extras.sh
    ⚠️  No versions found

[121] slick_views
    Script: d/drupal-slick_views/drupal-slick_views.sh
    ⚠️  No versions found

[122] social_api
    Script: d/drupal-social_api/drupal-social_api.sh
    ⚠️  No versions found

[123] social_media_links
    Script: d/drupal-social_media_links/drupal-social_media_links.sh
    ⚠️  No versions found

[124] superfish
    Script: d/drupal-superfish/drupal-superfish.sh
    ⚠️  No versions found

[125] terms_of_use
    Script: d/drupal-terms_of_use/drupal-terms_of_use.sh
    ⚠️  No versions found

[126] twig_tweak
    Script: d/drupal-twig_tweak/drupal-twig_tweak.sh
    ⚠️  No versions found

[127] typed_data
    Script: d/drupal-typed_data/drupal-typed_data.sh
    ⚠️  No versions found

[128] ultimate_cron
    Script: d/drupal-ultimate_cron/drupal-ultimate_cron.sh
    ⚠️  No versions found

[129] unlimited_number
    Script: d/drupal-unlimited_number/drupal-unlimited_number.sh
    ⚠️  No versions found

[130] views_autocomplete_filters
    Script: d/drupal-views_autocomplete_filters/drupal-views_autocomplete_filters.sh
    ⚠️  No versions found

[131] views_bootstrap
    Script: d/drupal-views_bootstrap/drupal-views_bootstrap.sh
    ⚠️  No versions found

[132] views_data_export
    Script: d/drupal-views_data_export/drupal-views_data_export.sh
    ⚠️  No versions found

[133] views_infinite_scroll
    Script: d/drupal-views_infinite_scroll/drupal-views_infinite_scroll.sh
    ⚠️  No versions found

[134] views_slideshow
    Script: d/drupal-views_slideshow/drupal-views_slideshow.sh
    ⚠️  No versions found

[135] views_taxonomy_term_name_depth
    Script: d/drupal-views_taxonomy_term_name_depth/drupal-views_taxonomy_term_name_depth.sh
    ⚠️  No versions found

[136] votingapi
    Script: d/drupal-votingapi/drupal-votingapi.sh
    ⚠️  No versions found

[137] warmer
    Script: d/drupal-warmer/drupal-warmer.sh
    ⚠️  No versions found

[138] workbench
    Script: d/drupal-workbench/drupal-workbench.shPackage not found on Packagist: workbench
Package not found on Packagist: libraries
Package not found on Packagist: mailsystem
Package not found on Packagist: message
Package not found on Packagist: user_pwreset_timeout
Package not found on Packagist: drush
Package not found on Packagist: emogrifier
Package not found on Packagist: expander
Package not found on Packagist: file_upload_secure_validator
Package not found on Packagist: recaptcha
Package not found on Packagist: guzzle
Package not found on Packagist: htmlpurifier
Package not found on Packagist: json-schema
Package not found on Packagist: legal
Package not found on Packagist: lock
Package not found on Packagist: MinkZombieDriver
Package not found on Packagist: mink
Package not found on Packagist: mink
Package not found on Packagist: mink
Package not found on Packagist: Mink
Package not found on Packagist: Mink
Package not found on Packagist: MinkGoutteDriver
Package not found on Packagist: minkseleniumdriver
Package not found on Packagist: multiple_fields_remove_button
Package not found on Packagist: nsc
Package not found on Packagist: neon
Package not found on Packagist: onsi/ginkgo
Package not found on Packagist: opentelemetry-php
Package not found on Packagist: opentelemetry-php-contrib
Package not found on Packagist: opentelemetry-php-contrib
Package not found on Packagist: opentelemetry-php-contrib
Package not found on Packagist: PEAR_Exception
Package not found on Packagist: random_compat
Package not found on Packagist: parser
Package not found on Packagist: parser
Package not found on Packagist: parser
Package not found on Packagist: Archive_Tar
Package not found on Packagist: pecl-encryption-mcrypt
Package not found on Packagist: pecl-file_formats-yaml
Package not found on Packagist: version

    ⚠️  No versions found

[139] libraries
    Script: d/drupal_libraries/drupal_libraries.sh
    ⚠️  No versions found

[140] mailsystem
    Script: d/drupal_mailsystem/drupal_mailsystem.sh
    ⚠️  No versions found

[141] message
    Script: d/drupal_message/drupal_message.sh
    ⚠️  No versions found

[142] user_pwreset_timeout
    Script: d/drupal_user_pwreset_timeout/drupal_user_pwreset_timeout.sh
    ⚠️  No versions found

[143] drush
    Script: d/drush/drush.sh
    ⚠️  No versions found

[144] egulias/email-validator
    Script: e/egulias__email-validator/egulias__email-validator.sh
    ✓ Already in cache (skipped)

[145] emogrifier
    Script: e/emogrifier/emogrifier_8.5.sh
    ⚠️  No versions found

[146] enyo/dropzone
    Script: e/enyo__dropzone/enyo__dropzone.sh
    ✓ Already in cache (skipped)

[147] expander
    Script: e/expander/expander.sh
    ⚠️  No versions found

[148] fabpot/goutte
    Script: f/fabpot__goutte/fabpot__goutte.sh
    ✓ Already in cache (skipped)

[149] file_upload_secure_validator
    Script: f/file_upload_secure_validator/file_upload_secure_validator.sh
    ⚠️  No versions found

[150] recaptcha
    Script: g/google/google_recaptcha.sh
    ⚠️  No versions found

[151] graham-campbell/result-type
    Script: g/graham-campbell__result-type/graham-campbell__result-type.sh
    ✓ Already in cache (skipped)

[152] guzzlehttp/promises
    Script: g/guzzlehttp__promises/guzzlehttp__promises.sh
    ✓ Already in cache (skipped)

[153] guzzlehttp/psr7
    Script: g/guzzlehttp__psr7/guzzlehttp__psr7.sh
    ✓ Already in cache (skipped)

[154] guzzle
    Script: g/guzzlehttp_guzzle/guzzlehttp_guzzle.sh
    ⚠️  No versions found

[155] harvesthq/chosen
    Script: h/harvesthq__chosen/harvesthq__chosen.sh
    ✓ Already in cache (skipped)

[156] html2text/html2text
    Script: h/html2text__html2text/html2text__html2text.sh
    ✓ Already in cache (skipped)

[157] htmlpurifier
    Script: h/htmlpurifier/htmlpurifier.sh
    ⚠️  No versions found

[158] instaclick/php-webdriver
    Script: i/instaclick__php-webdriver/instaclick__php-webdriver.sh
    ✓ Already in cache (skipped)

[159] jean85/pretty-package-versions
    Script: j/jean85__pretty-package-versions/jean85__pretty-package-versions.sh
    ✓ Already in cache (skipped)

[160] salsify/json-streaming-parser
    Script: j/jsonstreamingparser/jsonstreamingparser.sh
    ✓ Already in cache (skipped)

[161] justinrainbow/json-schema
    Script: j/justinrainbow__json-schema/justinrainbow__json-schema.sh
    ✓ Already in cache (skipped)

[162] justinrainbow/json-schema
    Script: j/justinrainbow__json-schema/justinrainbow__json-schema_rhel_8.3.sh
    ✓ Already in cache (skipped)

[163] json-schema
    Script: j/justinrainbow__json-schema/justinrainbow_json-schema.sh
    ⚠️  No versions found

[164] kint-php/kint
    Script: k/kint-php__kint/kint-php__kint.sh
    ✓ Already in cache (skipped)

[165] laminas/laminas-diactoros
    Script: l/laminas__laminas-diactoros/laminas__laminas-diactoros.sh
    ✓ Already in cache (skipped)

[166] laminas/laminas-escaper
    Script: l/laminas__laminas-escaper/laminas__laminas-escaper.sh
    ✓ Already in cache (skipped)

[167] laminas/laminas-feed
    Script: l/laminas__laminas-feed/laminas__laminas-feed.sh
    ✓ Already in cache (skipped)

[168] laminas/laminas-stdlib
    Script: l/laminas__laminas-stdlib/laminas__laminas-stdlib.sh
    ✓ Already in cache (skipped)

[169] laminas/laminas-zendframework-bridge
    Script: l/laminas__laminas-zendframework-bridge/laminas__laminas-zendframework-bridge.sh
    ✓ Already in cache (skipped)

[170] leafo/scssphp
    Script: l/leafo__scssphp/leafo__scssphp.sh
    ✓ Already in cache (skipped)

[171] league/container
    Script: l/league__container/league__container.sh
    ✓ Already in cache (skipped)

[172] league/csv
    Script: l/league__csv/league__csv.sh
    ✓ Already in cache (skipped)

[173] league/oauth2-client
    Script: l/league__oauth2-client/league__oauth2-client.sh
    ✓ Already in cache (skipped)

[174] legal
    Script: l/legal/legal_8.5.sh
    ⚠️  No versions found

[175] lock
    Script: l/lock/lock.sh
    ⚠️  No versions found

[176] MinkZombieDriver
    Script: m/MinkZombieDriver/mink-zombie-driver.sh
    ⚠️  No versions found

[177] maennchen/zipstream-php
    Script: m/maennchen__zipstream-php/maennchen__zipstream-php.sh
    ✓ Already in cache (skipped)

[178] markbaker/matrix
    Script: m/markbaker__matrix/markbaker__matrix.sh
    ✓ Already in cache (skipped)

[179] masterminds/html5
    Script: m/masterminds__html5/masterminds__html5.sh
    ✓ Already in cache (skipped)

[180] mehrpadin/superfish
    Script: m/mehrpadin__superfish/mehrpadin__superfish.sh
    ✓ Already in cache (skipped)

[181] mikey179/vfsstream
    Script: m/mikey179__vfsstream/mikey179__vfsstream.sh
    ✓ Already in cache (skipped)

[182] mink
    Script: m/mink/mink-ubi_8.5.sh
    ⚠️  No versions found

[183] mink
    Script: m/mink/mink.sh
    ⚠️  No versions found

[184] mink
    Script: m/mink/mink_ubi_8.5.sh
    ⚠️  No versions found

[185] Mink
    Script: m/mink/minkphp_mink.sh
    ⚠️  No versions found

[186] Mink
    Script: m/mink/minkphp_mink_ubi_8.5.sh
    ⚠️  No versions found

[187] MinkGoutteDriver
    Script: m/mink-goutte-driver/mink-goutte-driver.sh
    ⚠️  No versions found

[188] minkseleniumdriver
    Script: m/minkseleniumdriver/minkseleniumdriver.sh
    ⚠️  No versions found

[189] multiple_fields_remove_button
    Script: m/multiple_fields_remove_button/multiple_fields_remove_button.sh
    ⚠️  No versions found

[190] myclabs/deep-copy
    Script: m/myclabs__deep-copy/myclabs__deep-copy.sh
    ✓ Already in cache (skipped)

[191] myclabs/php-enum
    Script: m/myclabs__php-enum/myclabs__php-enum.sh
    ✓ Already in cache (skipped)

[192] nsc
    Script: n/nats-io__nsc/nats-io_nsc.sh
    ⚠️  No versions found

[193] neon
    Script: n/nette-neon/nette_neon.sh
    ⚠️  No versions found

[194] nikic/php-parser
    Script: n/nikic__php-parser/nikic__php-parser.sh
    ✓ Already in cache (skipped)

[195] onsi/ginkgo
    Script: o/onsi__ginkgo/onsi_ginkgo.sh
    ⚠️  No versions found

[196] opentelemetry-php
    Script: o/opentelemetry-php/opentelemetry-php.sh
    ⚠️  No versions found

[197] opentelemetry-php-contrib
    Script: o/opentelemetry-php-contrib/opentelemetry-php-contrib.sh
    ⚠️  No versions found

[198] opentelemetry-php-contrib
    Script: o/opentelemetry-php-contrib/opentelemetry-php-contrib_1.0.0beta2.sh
    ⚠️  No versions found

[199] opentelemetry-php-contrib
    Script: o/opentelemetry-php-contrib/opentelemetry-php-contrib_ubi_8.5.sh
    ⚠️  No versions found

[200] PEAR_Exception
    Script: p/PEAR_Exception/PEAR_Exception-ubi_8.5.sh
    ⚠️  No versions found

[201] random_compat
    Script: p/paragonie_randomcompat/paragonie_randomcompat_v2.0.20.sh
    ⚠️  No versions found

[202] parser
    Script: p/parser/parser.sh
    ⚠️  No versions found

[203] parser
    Script: p/parser/parser_4.10.4.sh
    ⚠️  No versions found

[204] parser
    Script: p/parser/parser_4.10.4_rhel_8.4.sh
    ⚠️  No versions found

[205] pear/console_getopt
    Script: p/pear__console_getopt/pear__console_getopt.sh
    ✓ Already in cache (skipped)

[206] pear/pear-core-minimal
    Script: p/pear__pear-core-minimal/pear__pear-core-minimal.sh
    ✓ Already in cache (skipped)

[207] Archive_Tar
    Script: p/pear_archive-tar/pear_archive-tar.sh
    ⚠️  No versions found

[208] pecl-encryption-mcrypt
    Script: p/pecl-encryption-mcrypt/pecl-encryption-mcrypt.sh
    ⚠️  No versions found

[209] pecl-file_formats-yaml
    Script: p/pecl-file_formats-yaml/pecl-file_formats-yaml.sh
    ⚠️  No versions found

[210] phar-io/manifest
    Script: p/phar-io__manifest/phar-io__manifest.sh
    ✓ Already in cache (skipped)

[211] version
    Script: p/phar-io_version/phar-io_version.sh
    ⚠️  No versions found

[212] phar-stream-wrapper
    Script: p/phar-stream-wrapper/phar-stream-wrapper.shPackage not found on Packagist: phar-stream-wrapper
Package not found on Packagist: php-code-coverage
Package not found on Packagist: php-encryption
Package not found on Packagist: php-htmldiff
Package not found on Packagist: php-jwt
Package not found on Packagist: php-src
Package not found on Packagist: php-webdriver
Package not found on Packagist: php-xdg-base-dir
Package not found on Packagist: PHPComplex
Package not found on Packagist: phpstan-drupal
Package not found on Packagist: phpunit
Package not found on Packagist: phpunit-bridge
Package not found on Packagist: pytest-virtualenv
Package not found on Packagist: r4032login
Package not found on Packagist: real_aes
Package not found on Packagist: redirect
Package not found on Packagist: reflection
Package not found on Packagist: robotstxt
Package not found on Packagist: global-state
Package not found on Packagist: session_limit
Package not found on Packagist: spdx-licenses
Package not found on Packagist: symfony-console-completion
Package not found on Packagist: stripe-php
Package not found on Packagist: svg-sanitizer
Package not found on Packagist: svg-sanitizer
Package not found on Packagist: svg-sanitizer
Package not found on Packagist: Routing

    ⚠️  No versions found

[213] php-code-coverage
    Script: p/php-code-coverage/php-code-coverage.sh
    ⚠️  No versions found

[214] php-encryption
    Script: p/php-encryption/php-encryption.sh
    ⚠️  No versions found

[215] php-htmldiff
    Script: p/php-htmldiff/php-htmldiff.sh
    ⚠️  No versions found

[216] php-jwt
    Script: p/php-jwt/php-jwt.sh
    ⚠️  No versions found

[217] php-src
    Script: p/php-src/php-src.sh
    ⚠️  No versions found

[218] php-webdriver
    Script: p/php-webdriver/php-webdriver.sh
    ⚠️  No versions found

[219] php-xdg-base-dir
    Script: p/php-xdg-base-dir/php-xdg-base-dir.sh
    ⚠️  No versions found

[220] squizlabs/php_codesniffer
    Script: p/php_codesniffer/php_codesniffer.sh
    ✓ Already in cache (skipped)

[221] PHPComplex
    Script: p/phpcomplex/phpcomplex.sh
    ⚠️  No versions found

[222] phpdocumentor/reflection-common
    Script: p/phpdocumentor__reflection-common/phpdocumentor__reflection-common.sh
    ✓ Already in cache (skipped)

[223] phpdocumentor/reflection-docblock
    Script: p/phpdocumentor__reflection-docblock/phpdocumentor__reflection-docblock.sh
    ✓ Already in cache (skipped)

[224] phpoffice/phpspreadsheet
    Script: p/phpoffice__phpspreadsheet/phpoffice__phpspreadsheet.sh
    ✓ Already in cache (skipped)

[225] phpoption/phpoption
    Script: p/phpoption__phpoption/phpoption__phpoption.sh
    ✓ Already in cache (skipped)

[226] phpspec/prophecy
    Script: p/phpspec__prophecy/phpspec__prophecy.sh
    ✓ Already in cache (skipped)

[227] phpspec/prophecy-phpunit
    Script: p/phpspec__prophecy-phpunit/phpspec__prophecy-phpunit.sh
    ✓ Already in cache (skipped)

[228] phpstan-drupal
    Script: p/phpstan-drupal/phpstan-drupal.sh
    ⚠️  No versions found

[229] phpunit
    Script: p/phpunit/phpunit.sh
    ⚠️  No versions found

[230] phpunit-bridge
    Script: p/phpunit-bridge/phpunit-bridge.sh
    ⚠️  No versions found

[231] phpunit/php-file-iterator
    Script: p/phpunit__php-file-iterator/phpunit__php-file-iterator.sh
    ✓ Already in cache (skipped)

[232] phpunit/php-text-template
    Script: p/phpunit__php-text-template/phpunit__php-text-template.sh
    ✓ Already in cache (skipped)

[233] phpunit/php-timer
    Script: p/phpunit__php-timer/phpunit__php-timer.sh
    ✓ Already in cache (skipped)

[234] phpunit/php-token-stream
    Script: p/phpunit__php-token-stream/phpunit__php-token-stream.sh
    ✓ Already in cache (skipped)

[235] psr/container
    Script: p/psr__container/psr__container.sh
    ✓ Already in cache (skipped)

[236] psr/http-client
    Script: p/psr__http-client/psr__http-client.sh
    ✓ Already in cache (skipped)

[237] psr/http-factory
    Script: p/psr__http-factory/psr__http-factory.sh
    ✓ Already in cache (skipped)

[238] psr/http-message
    Script: p/psr__http-message/psr__http-message.sh
    ✓ Already in cache (skipped)

[239] psr/simple-cache
    Script: p/psr__simple-cache/psr__simple-cache.sh
    ✓ Already in cache (skipped)

[240] psy/psysh
    Script: p/psy__psysh/psy__psysh.sh
    ✓ Already in cache (skipped)

[241] pytest-virtualenv
    Script: p/pytest-virtualenv/pytest-virtualenv.sh
    ⚠️  No versions found

[242] r4032login
    Script: r/r4032login/r4032login.sh
    ⚠️  No versions found

[243] raveren/kint
    Script: r/raveren__kint/raveren__kint.sh
    ✓ Already in cache (skipped)

[244] react/promise
    Script: r/react__promise/react__promise.sh
    ✓ Already in cache (skipped)

[245] real_aes
    Script: r/real_aes/real_aes.sh
    ⚠️  No versions found

[246] redirect
    Script: r/redirect/redirect_8.5.sh
    ⚠️  No versions found

[247] reflection
    Script: r/reflection/reflection_1.2.1.sh
    ⚠️  No versions found

[248] robotstxt
    Script: r/robotstxt/robotstxt.sh
    ⚠️  No versions found

[249] salsify/json-streaming-parser
    Script: s/salsify__json-streaming-parser/salsify__json-streaming-parser.sh
    ✓ Already in cache (skipped)

[250] scssphp/scssphp
    Script: s/scssphp__scssphp/scssphp__scssphp.sh
    ✓ Already in cache (skipped)

[251] sebastian/code-unit
    Script: s/sebastian__code-unit/sebastian__code-unit.sh
    ✓ Already in cache (skipped)

[252] sebastian/code-unit-reverse-lookup
    Script: s/sebastian__code-unit-reverse-lookup/sebastian__code-unit-reverse-lookup.sh
    ✓ Already in cache (skipped)

[253] sebastian/comparator
    Script: s/sebastian__comparator/sebastian__comparator.sh
    ✓ Already in cache (skipped)

[254] sebastian/complexity
    Script: s/sebastian__complexity/sebastian__complexity.sh
    ✓ Already in cache (skipped)

[255] sebastian/diff
    Script: s/sebastian__diff/sebastian__diff.sh
    ✓ Already in cache (skipped)

[256] sebastian/environment
    Script: s/sebastian__environment/sebastian__environment.sh
    ✓ Already in cache (skipped)

[257] sebastian/exporter
    Script: s/sebastian__exporter/sebastian__exporter.sh
    ✓ Already in cache (skipped)

[258] global-state
    Script: s/sebastian__global-state/global-state.sh
    ⚠️  No versions found

[259] sebastian/global-state
    Script: s/sebastian__global-state/sebastian__global-state.sh
    ✓ Already in cache (skipped)

[260] sebastian/global-state
    Script: s/sebastian__global-state/sebastian__global-state_rhel_8.3.sh
    ✓ Already in cache (skipped)

[261] sebastian/object-enumerator
    Script: s/sebastian__object-enumerator/sebastian__object-enumerator.sh
    ✓ Already in cache (skipped)

[262] sebastian/object-reflector
    Script: s/sebastian__object-reflector/sebastian__object-reflector.sh
    ✓ Already in cache (skipped)

[263] sebastian/recursion-context
    Script: s/sebastian__recursion-context/sebastian__recursion-context.sh
    ✓ Already in cache (skipped)

[264] sebastian/resource-operations
    Script: s/sebastian__resource-operations/sebastian__resource-operations.sh
    ✓ Already in cache (skipped)

[265] sebastian/type
    Script: s/sebastian__type/sebastian__type.sh
    ✓ Already in cache (skipped)

[266] sebastian/version
    Script: s/sebastian__version/sebastian__version.sh
    ✓ Already in cache (skipped)

[267] seld/jsonlint
    Script: s/seld__jsonlint/seld__jsonlint.sh
    ✓ Already in cache (skipped)

[268] seld/phar-utils
    Script: s/seld__phar-utils/seld__phar-utils.sh
    ✓ Already in cache (skipped)

[269] session_limit
    Script: s/session_limit/session_limit_8.5.sh
    ⚠️  No versions found

[270] sirbrillig/phpcs-variable-analysis
    Script: s/sirbrillig__phpcs-variable-analysis/sirbrillig__phpcs-variable-analysis.sh
    ✓ Already in cache (skipped)

[271] spdx-licenses
    Script: s/spdx-licenses/spdx-licenses.sh
    ⚠️  No versions found

[272] squizlabs/php_codesniffer
    Script: s/squizlabs__php_codesniffer/squizlabs__php_codesniffer.sh
    ✓ Already in cache (skipped)

[273] stack/builder
    Script: s/stack__builder/stack__builder.sh
    ✓ Already in cache (skipped)

[274] symfony-console-completion
    Script: s/stecman_symfony-console-completion/stecman_symfony-console-completion_0.11.0.sh
    ⚠️  No versions found

[275] stripe-php
    Script: s/stripe-php/stripe-php.sh
    ⚠️  No versions found

[276] svg-sanitizer
    Script: s/svg-sanitizer/svg-sanitizer.sh
    ⚠️  No versions found

[277] svg-sanitizer
    Script: s/svg-sanitizer/svg-sanitizer_ubi_8.5.sh
    ⚠️  No versions found

[278] svg-sanitizer
    Script: s/svg-sanitizer/svg-sanitizer_v0.14.1.sh
    ⚠️  No versions found

[279] Routing
    Script: s/symfony-cmf-routing/symfony-cmf_routing.sh
    ⚠️  No versions found

[280] symfony/browser-kit
    Script: s/symfony__browser-kit/symfony__browser-kit.sh
    ✓ Already in cache (skipped)

[281] symfony/class-loader
    Script: s/symfony__class-loader/symfony__class-loader.sh
    ✓ Already in cache (skipped)

[282] symfony/css-selector
    Script: s/symfony__css-selector/symfony__css-selector.sh
    ✓ Already in cache (skipped)

[283] symfony/debug
    Script: s/symfony__debug/symfony__debug.sh
    ✓ Already in cache (skipped)

[284] symfony/debug
    Script: s/symfony__debug/symfony__debug_rhel_8.3.shPackage not found on Packagist: debug
Package not found on Packagist: event-dispatcher
Package not found on Packagist: finder
Package not found on Packagist: VarDumper
Package not found on Packagist: config
Package not found on Packagist: symfony_config
Package not found on Packagist: console
Package not found on Packagist: error-handler
Package not found on Packagist: symfony_vardumper
Package not found on Packagist: term_csv_export_import
Package not found on Packagist: tokenizer
Package not found on Packagist: twig
Package not found on Packagist: <PACKAGE_NAME>
Package not found on Packagist: video_embed_field
Package not found on Packagist: video_embed_html5
Package not found on Packagist: view_password
Package not found on Packagist: views_ajax_history
Package not found on Packagist: views_custom_cache_tag
Package not found on Packagist: SitemapParser
Package not found on Packagist: SitemapParser
Package not found on Packagist: SitemapParser
Package not found on Packagist: votingapi_widgets
Package not found on Packagist: drupal-finder
Package not found on Packagist: zabbix
Package not found on Packagist: zabbix
Package not found on Packagist: ZipStream-PHP

    ✓ Already in cache (skipped)

[285] debug
    Script: s/symfony__debug/symfony_debug.sh
    ⚠️  No versions found

[286] symfony/dependency-injection
    Script: s/symfony__dependency-injection/symfony__dependency-injection.sh
    ✓ Already in cache (skipped)

[287] symfony/dom-crawler
    Script: s/symfony__dom-crawler/symfony__dom-crawler.sh
    ✓ Already in cache (skipped)

[288] event-dispatcher
    Script: s/symfony__event-dispatcher/symfony__event-dispatcher.sh
    ⚠️  No versions found

[289] symfony/event-dispatcher
    Script: s/symfony__event-dispatcher/symfony__event-dispatcher_rhel_8.3.sh
    ✓ Already in cache (skipped)

[290] symfony/event-dispatcher-contracts
    Script: s/symfony__event-dispatcher-contracts/symfony__event-dispatcher-contracts.sh
    ✓ Already in cache (skipped)

[291] symfony/filesystem
    Script: s/symfony__filesystem/symfony__filesystem.sh
    ✓ Already in cache (skipped)

[292] symfony/finder
    Script: s/symfony__finder/symfony__finder.sh
    ✓ Already in cache (skipped)

[293] symfony/finder
    Script: s/symfony__finder/symfony__finder_rhel_8.3.sh
    ✓ Already in cache (skipped)

[294] finder
    Script: s/symfony__finder/symfony_finder.sh
    ⚠️  No versions found

[295] symfony/http-foundation
    Script: s/symfony__http-foundation/symfony__http-foundation.sh
    ✓ Already in cache (skipped)

[296] symfony/http-kernel
    Script: s/symfony__http-kernel/symfony__http-kernel.sh
    ✓ Already in cache (skipped)

[297] symfony/intl
    Script: s/symfony__intl/symfony__intl.sh
    ✓ Already in cache (skipped)

[298] symfony/mime
    Script: s/symfony__mime/symfony__mime.sh
    ✓ Already in cache (skipped)

[299] symfony/polyfill-ctype
    Script: s/symfony__polyfill-ctype/symfony__polyfill-ctype.sh
    ✓ Already in cache (skipped)

[300] symfony/polyfill-iconv
    Script: s/symfony__polyfill-iconv/symfony__polyfill-iconv.sh
    ✓ Already in cache (skipped)

[301] symfony/polyfill-intl-idn
    Script: s/symfony__polyfill-intl-idn/symfony__polyfill-intl-idn.sh
    ✓ Already in cache (skipped)

[302] symfony/polyfill-intl-normalizer
    Script: s/symfony__polyfill-intl-normalizer/symfony__polyfill-intl-normalizer.sh
    ✓ Already in cache (skipped)

[303] symfony/polyfill-mbstring
    Script: s/symfony__polyfill-mbstring/symfony__polyfill-mbstring.sh
    ✓ Already in cache (skipped)

[304] symfony/polyfill-php70
    Script: s/symfony__polyfill-php70/symfony__polyfill-php70.sh
    ✓ Already in cache (skipped)

[305] symfony/polyfill-php72
    Script: s/symfony__polyfill-php72/symfony__polyfill-php72.sh
    ✓ Already in cache (skipped)

[306] symfony/polyfill-php80
    Script: s/symfony__polyfill-php80/symfony__polyfill-php80.sh
    ✓ Already in cache (skipped)

[307] symfony/process
    Script: s/symfony__process/symfony__process.sh
    ✓ Already in cache (skipped)

[308] symfony/psr-http-message-bridge
    Script: s/symfony__psr-http-message-bridge/symfony__psr-http-message-bridge.sh
    ✓ Already in cache (skipped)

[309] symfony/routing
    Script: s/symfony__routing/symfony__routing.sh
    ✓ Already in cache (skipped)

[310] symfony/serializer
    Script: s/symfony__serializer/symfony__serializer.sh
    ✓ Already in cache (skipped)

[311] symfony/translation
    Script: s/symfony__translation/symfony__translation.sh
    ✓ Already in cache (skipped)

[312] symfony/validator
    Script: s/symfony__validator/symfony__validator.sh
    ✓ Already in cache (skipped)

[313] VarDumper
    Script: s/symfony__var-dumper/symfony__var-dumper.sh
    ⚠️  No versions found

[314] symfony/yaml
    Script: s/symfony__yaml/symfony__yaml.sh
    ✓ Already in cache (skipped)

[315] config
    Script: s/symfony_config/symfony_config.sh
    ⚠️  No versions found

[316] symfony_config
    Script: s/symfony_config/symfony_config_ubi8.sh
    ⚠️  No versions found

[317] console
    Script: s/symfony_console/symfony_console.sh
    ⚠️  No versions found

[318] error-handler
    Script: s/symfony_error-handler/symfony_error-handler.sh
    ⚠️  No versions found

[319] symfony_vardumper
    Script: s/symfony_vardumper/symfony_vardumper.sh
    ⚠️  No versions found

[320] term_csv_export_import
    Script: t/term_csv_export_import/term_csv_export_import_8.5.sh
    ⚠️  No versions found

[321] tokenizer
    Script: t/theeser_tokenizer/theseer_tokenizer.sh
    ⚠️  No versions found

[322] twig
    Script: t/twig/twig.sh
    ⚠️  No versions found

[323] typo3/phar-stream-wrapper
    Script: t/typo3__phar-stream-wrapper/typo3__phar-stream-wrapper.sh
    ✓ Already in cache (skipped)

[324] <PACKAGE_NAME>
    Script: templates/examples/php_starter.sh
    ⚠️  No versions found

[325] video_embed_field
    Script: v/video_embed_field/video_embed_field.sh
    ⚠️  No versions found

[326] video_embed_html5
    Script: v/video_embed_html5_8.5/video_embed_html5.sh
    ⚠️  No versions found

[327] view_password
    Script: v/view_password/view_password_6.0.0.sh
    ⚠️  No versions found

[328] views_ajax_history
    Script: v/views_ajax_history/views_ajax_history.sh
    ⚠️  No versions found

[329] views_custom_cache_tag
    Script: v/views_custom_cache_tag/views_custom_cache_tag_8.5.sh
    ⚠️  No versions found

[330] SitemapParser
    Script: v/vipnytt__sitemapparser/vipnytt__sitemapparser.sh
    ⚠️  No versions found

[331] SitemapParser
    Script: v/vipnytt__sitemapparser/vipnytt__sitemapparser_1.1.3_1.1.0.sh
    ⚠️  No versions found

[332] SitemapParser
    Script: v/vipnytt__sitemapparser/vipnytt__sitemapparser_1.1.3_1.1.0_UBI_8.5.sh
    ⚠️  No versions found

[333] vipnytt/sitemapparser
    Script: v/vipnytt__sitemapparser/vipnytt__sitemapparser_rhel_8.3.sh
    ✓ Already in cache (skipped)

[334] vlucas/phpdotenv
    Script: v/vlucas__phpdotenv/vlucas__phpdotenv.sh
    ✓ Already in cache (skipped)

[335] votingapi_widgets
    Script: v/votingapi_widgets/votingapi_widgets.sh
    ⚠️  No versions found

[336] drupal-finder
    Script: w/webflo_drupal-finder/webflo_drupal-finder.sh
    ⚠️  No versions found

[337] webmozart/assert
    Script: w/webmozart__assert/webmozart__assert.sh
    ✓ Already in cache (skipped)

[338] webmozart/path-util
    Script: w/webmozart__path-util/webmozart__path-util.sh
    ✓ Already in cache (skipped)

[339] webonyx/graphql-php
    Script: w/webonyx__graphql-php/webonyx__graphql-php.sh
    ✓ Already in cache (skipped)

[340] wikimedia/composer-merge-plugin
    Script: w/wikimedia__composer-merge-plugin/wikimedia__composer-merge-plugin.sh
    ✓ Already in cache (skipped)

[341] zabbix
    Script: z/zabbix/zabbix.sh
    ⚠️  No versions found

[342] zabbix
    Script: z/zabbix/zabbix_ubi_8.sh
    ⚠️  No versions found

[343] zendframework/zend-diactoros
    Script: z/zendframework__zend-diactoros/zendframework__zend-diactoros.sh
    ✓ Already in cache (skipped)

[344] ZipStream-PHP
    Script: z/zipstream_php/zipstream-php_2.1.0.sh
    ⚠️  No versions found

======================================================================
RESULTS
======================================================================
✓ Fetched: 0 packages
✓ Skipped (cached): 153 packages
✓ Errors: 192
✓ API calls made: 192

✓ Saved cache to /home/gerrit/src/PowerCore/02-DatabaseAPI/scripts/version_fetchers/../version_data/packagist_versions.json
✓ Saved errors to /home/gerrit/src/PowerCore/02-DatabaseAPI/scripts/version_fetchers/../version_data/packagist_errors.json

======================================================================
CACHE STATISTICS
======================================================================

Total packages in cache: 142
Packages with versions:  142
Packages with repos:     142
Total versions:          16,955
Average per package:     119.4

Source platforms:
  github         :  142 packages

Output files:
  - /home/gerrit/src/PowerCore/02-DatabaseAPI/scripts/version_fetchers/../version_data/packagist_versions.json
  - /home/gerrit/src/PowerCore/02-DatabaseAPI/scripts/version_fetchers/../version_data/packagist_errors.json

Next steps:
  ✓ All packages processed!

Rate limit stats:
  Available calls: 99/100
  Utilization: 1.0%
[0;32m✓ Completed: packagist[0m

[0;34m======================================================================[0m
[0;34mStep 4: Validating Outputs[0m
[0;34m======================================================================[0m

Checking generated files...

[0;34mruby:[0m
[0;32m✓ Versions: 41 packages (52K)[0m
[1;33mℹ Errors: 18 packages (4.0K)[0m

[0;34mgo:[0m
[0;32m✓ Versions: 908 packages (1.2M)[0m
[1;33mℹ Errors: 152 packages (28K)[0m

[0;34mnpm:[0m
[0;32m✓ Versions: 2088 packages (18M)[0m
[1;33mℹ Errors: 160 packages (28K)[0m

[0;34mpypi:[0m
[0;32m✓ Versions: 521 packages (4.7M)[0m
[1;33mℹ No errors file (all succeeded)[0m

[0;34mmaven:[0m
[0;32m✓ Versions: 627 packages (1.7M)[0m
[1;33mℹ Errors: 414 packages (176K)[0m

[0;34mpackagist:[0m
[0;32m✓ Versions: 142 packages (11M)[0m
[1;33mℹ Errors: 192 packages (28K)[0m


[0;34m======================================================================[0m
[0;34mStep 5: Summary Report[0m
[0;34m======================================================================[0m

Execution Results:
  Total ecosystems: 6
  Successful: 6
  Failed: 0

Individual Results:
  [0;32m✓[0m ruby
  [0;32m✓[0m go
  [0;32m✓[0m npm
  [0;32m✓[0m pypi
  [0;32m✓[0m maven
  [0;32m✓[0m packagist

Output directory: /home/gerrit/src/PowerCore/02-DatabaseAPI/scripts/version_fetchers/../version_data

[1;33mℹ Total data size: 38M[0m


[0;34m======================================================================[0m
[0;34m✓ All Fetchers Completed Successfully[0m
[0;34m======================================================================[0m

