package_name,package_version,language,language_version,script_path,package_url,download_url,status,complexity,priority
jedi,master,node,,j/jedi/jedi_rhel_7.6.sh,https://github.com/baixing/jedi.git,,migrated,,
abort-controller,v3.0.0,node,,a/abort-controller/abort-controller_ubi_9.3.sh,https://github.com/mysticatea/abort-controller,,migrated,,
agentkeepalive,4.5.0,node,,a/agentkeepalive/agentkeepalive_ubi_9.3.sh,https://github.com/node-modules/agentkeepalive,,migrated,,
agentkeepalive,master,node,,a/agentkeepalive/agentkeepalive_ubi_8.5.sh,https://github.com/node-modules/agentkeepalive,,migrated,,
agentkeepalive,3.3.0,node,,a/agentkeepalive/agentkeepalive_rhel_8.3.sh,https://github.com/node-modules/agentkeepalive,,migrated,,
ajv-formats,v3.0.1,node,,a/ajv-formats/ajv-formats_ubi_9.3.sh,https://github.com/ajv-validator/ajv-formats,,migrated,,
amqplib,v0.10.4,node,,a/amqplib/amqplib_ubi_9.3.sh,https://github.com/amqp-node/amqplib,,migrated,,
ansi-regex,v6.1.0,node,,a/ansi-regex/ansi-regex_ubi_9.3.sh,https://github.com/chalk/ansi-regex,,migrated,,
ansi-regex,4.1.0,node,,a/ansi-regex/ansi-regex_rhel_8.3.sh,https://github.com/chalk/ansi-regex,,migrated,,
available-typed-arrays,v1.0.7,node,,a/available-typed-arrays/available-typed-arrays_ubi_9.3.sh,https://github.com/inspect-js/available-typed-arrays,,migrated,,
axios,${1:v1.7.9},node,,a/axios/axios_ubi_9.3.sh,https://github.com/axios/axios,,migrated,,
bowser,v2.11.0,node,,b/bowser/bowser_ubi_9.3.sh,https://github.com/bowser-js/bowser,,migrated,,
busboy-node,v3.0.0,node,,b/busboy-node/busboy-node_ubi_9.3.sh,https://github.com/fastify/busboy,,migrated,,
caniuse-lite,1.0.30001481,node,,c/caniuse-lite/caniuse-lite_ubi_8.5.sh,https://github.com/browserslist/caniuse-lite.git,,migrated,,
chalk,v5.3.0,node,,c/chalk/chalk_ubi_9.3.sh,https://github.com/chalk/chalk,,migrated,,
chalk,4.1.1,node,,c/chalk/chalk_rhel_8.3.sh,https://github.com/chalk/chalk,,migrated,,
character-entities,2.0.2,node,,c/character-entities/character-entities_ubi_9.3.sh,https://github.com/wooorm/character-entities,,migrated,,
chownr,v3.0.0,node,,c/chownr/chownr_ubi_9.3.sh,https://github.com/isaacs/chownr,,migrated,,
chrome-trace-event,v1.0.3,node,,c/chrome-trace-event/chrome-trace-event_ubi_9.3.sh,https://github.com/samccone/chrome-trace-event,,migrated,,
cjs-module-lexer,1.3.1,node,,c/cjs-module-lexer/cjs-module-lexer_ubi_9.3.sh,https://github.com/nodejs/cjs-module-lexer,,migrated,,
clsx,v2.1.1,node,,c/clsx/clsx_ubi_9.3.sh,https://github.com/lukeed/clsx,,migrated,,
cluster-key-slot,v1.1.2,node,,c/cluster-key-slot/cluster-key-slot_ubi_9.3.sh,https://github.com/invertase/cluster-key-slot,,migrated,,
colorette,1.2.2,node,,c/colorette/colorette_rhel_8.3.sh,https://github.com/jorgebucaran/colorette,,migrated,,
connect-redis,v7.1.1,node,,c/connect-redis/connect-redis_ubi_9.3.sh,https://github.com/tj/connect-redis,,migrated,,
create-react-context,80c7bb9,node,,c/create-react-context/create-react-context_ubi_9.3.sh,https://github.com/codemayonnaise/create-react-context,,migrated,,
crypto-browserify,v3.12.0,node,,c/crypto-browserify/crypto-browserify_ubi_9.3.sh,https://github.com/browserify/crypto-browserify,,migrated,,
cssnano,cssnano@7.0.4,node,,c/cssnano/cssnano_ubi_9.3.sh,https://github.com/cssnano/cssnano,,migrated,,
d3,4.13.0,node,,d/d3/d3_rhel_8.3.sh,https://github.com/d3/d3,,migrated,,
d3,4.12.0,node,,d/d3/d3_ubuntu_16.04.sh,https://github.com/mbostock/d3.git,,migrated,,
d3-chord,v3.0.1,node,,d/d3-chord/d3-chord_ubi_9.3.sh,https://github.com/d3/d3-chord,,migrated,,
d3-chord,v3.0.1,node,,d/d3-chord/d3-chord_v3.0.1_UBI_8.5.sh,https://github.com/d3/d3-chord,,migrated,,
d3-chord,1.0.4,node,,d/d3-chord/d3-chord_rhel_8.3.sh,https://github.com/d3/d3-chord,,migrated,,
d3-contour,v4.0.2,node,,d/d3-contour/d3-contour_ubi_9.3.sh,https://github.com/d3/d3-contour,,migrated,,
d3-dispatch,1.0.3,node,,d/d3-dispatch/d3-dispatch_rhel_8.3.sh,https://github.com/d3/d3-dispatch,,migrated,,
d3-dsv,1.0.8,node,,d/d3-dsv/d3-dsv_rhel_8.3.sh,https://github.com/d3/d3-dsv,,migrated,,
d3-polygon,1.0.3,node,,d/d3-polygon/d3-polygon_rhel_8.3.sh,https://github.com/d3/d3-polygon,,migrated,,
d3-quadtree,1.0.3,node,,d/d3-quadtree/d3-quadtree_rhel_8.3.sh,https://github.com/d3/d3-quadtree,,migrated,,
d3-shape,v3.2.0,node,,d/d3-shape/d3-shape_ubi_9.3.sh,https://github.com/d3/d3-shape,,migrated,,
diffie-hellman,v5.0.3,node,,d/diffie-hellman/diffie-hellman_ubi_9.3.sh,https://github.com/browserify/diffie-hellman,,migrated,,
dompurify,3.1.2,node,,d/dompurify/dompurify_ubi_9.3.sh,https://github.com/cure53/DOMPurify,,migrated,,
downshift,v9.0.4,node,,d/downshift/downshift_ubi_9.3.sh,https://github.com/downshift-js/downshift,,migrated,,
downshift,v5.2.1,node,,d/downshift/downshift_rhel_8.5.sh,https://github.com/downshift-js/downshift,,migrated,,
downshift,2.0.17,node,,d/downshift/downshift_ubuntu_18.04.sh,https://github.com/paypal/downshift,,migrated,,
dustjs,v3.0.1,node,,d/dustjs/dustjs_ubi_9.3.sh,https://github.com/linkedin/dustjs,,migrated,,
dustjs,v3.0.0,node,,d/dustjs/dustjs_ubi_8.3.sh,https://github.com/linkedin/dustjs.git,,migrated,,
ejs,v3.1.10,node,,e/ejs/ejs_v3.1.10_ubi_9.3.sh,https://github.com/mde/ejs.git,,migrated,,
entities,2.2.0,node,,e/entities/entities_rhel_8.3.sh,https://github.com/fb55/entities,,migrated,,
es-abstract,v1.23.3,node,,e/es-abstract/es-abstract_ubi_9.3.sh,https://github.com/ljharb/es-abstract,,migrated,,
es-abstract,e48494c,node,,e/es-abstract/es-abstract_ubi_8.5.sh,https://github.com/ljharb/es-abstract.git,,migrated,,
es-abstract,1.18.0,node,,e/es-abstract/es-abstract_rhel_8.3.sh,https://github.com/ljharb/es-abstract,,migrated,,
es-to-primitive,v1.2.1,node,,e/es-to-primitive/es-to-primitive_ubi_8.5.sh,https://github.com/ljharb/es-to-primitive,,migrated,,
eslint,4.16.0,node,,e/eslint/eslint_rhel_7.4.sh,https://github.com/eslint/eslint,,migrated,,
eslint,4.16.0,node,,e/eslint/eslint_ubuntu_16.04.sh,https://github.com/eslint/eslint,,migrated,,
eslint-scope-5-internals,v5.1.1-v1,node,,e/eslint-scope-5-internals/eslint-scope-5-internals_ubi_9.3.sh,https://github.com/nicolo-ribaudo/eslint-scope-5-internals,,migrated,,
eslintrc,v2.1.4,node,,e/eslintrc/eslintrc_ubi_9.3.sh,https://github.com/eslint/eslintrc,,migrated,,
event-loop-stats,v1.4.1,node,,e/event-loop-stats/event-loop-stats_ubi_9.3.sh,https://github.com/bripkens/event-loop-stats,,migrated,,
fancytree,v2.38.3,node,,f/fancytree/fancytree_v2.38.3_debiantrixie.sh,https://github.com/mar10/${PACKAGE_NAME}.git,,migrated,,
fancytree,v2.38.3,node,,f/fancytree/fancytree_v2.38.3_ubi_9.3.sh,https://github.com/mar10/${PACKAGE_NAME}.git,,migrated,,
fancytree,v2.37.0,node,,f/fancytree/fancytree_ubi_8.5.sh,https://github.com/mar10/fancytree.git,,migrated,,
fbjs,${1:-,node,,f/fbjs/fbjs_ubi_8.5.sh,https://github.com/facebook/fbjs,,migrated,,
fbjs,v0.6.1,node,,f/fbjs/fbjs_v0.6.1_ubuntu_18.04.sh,https://github.com/facebook/fbjs.git,,migrated,,
fbjs,v0.6.1,node,,f/fbjs/fbjs_UBI_8.0.sh,https://github.com/facebook/fbjs.git,,migrated,,
fbjs,0.8.17,node,,f/fbjs/fbjs_ubuntu_18.04.sh,https://github.com/facebook/fbjs,,migrated,,
fetch-blob,v4.0.0,node,,f/fetch-blob/fetch-blob_ubi_9.3.sh,https://github.com/node-fetch/fetch-blob,,migrated,,
fetch-blob,v3.2.0,node,,f/fetch-blob/fetch-blob_v3.2.0_ubi_9.3.sh,https://github.com/node-fetch/fetch-blob,,migrated,,
flatpickr,v4.6.9,node,,f/flatpickr/flatpickr_ubi_8.5.sh,https://github.com/chmln/flatpickr.git,,migrated,,
flatpickr,4.6.1,node,,f/flatpickr/flatpickr_rhel_8.3.sh,https://github.com/chmln/flatpickr,,migrated,,
flatpickr,4.5.1,node,,f/flatpickr/flatpickr_ubuntu_18.04.sh,https://github.com/chmln/flatpickr.git,,migrated,,
form-data-encoder,v4.0.2,node,,f/form-data-encoder/form-data-encoder_ubi_9.3.sh,https://github.com/octet-stream/form-data-encoder,,migrated,,
form-data-encoder,v2.1.4,node,,f/form-data-encoder/form-data-encoder_v2.1.14_ubi_9.3.sh,https://github.com/octet-stream/form-data-encoder,,migrated,,
gen-mapping,v0.3.5,node,,g/gen-mapping/gen-mapping_ubi_9.3.sh,https://github.com/jridgewell/gen-mapping,,migrated,,
get-css-data,${1:v2.1.1},node,,g/get-css-data/get-css-data_ubi_9.3.sh,https://github.com/jhildenbiddle/get-css-data,,migrated,,
google-auth-library-nodejs,v9.14.1,node,,g/google-auth-library-nodejs/google-auth-library-nodejs_ubi_9.3.sh,https://github.com/googleapis/google-auth-library-nodejs.git,,migrated,,
gopd,v1.0.1,node,,g/gopd/gopd_ubi_9.3.sh,https://github.com/ljharb/gopd,,migrated,,
got,v14.4.2,node,,g/got/got_ubi_9.3.sh,https://github.com/sindresorhus/got,,migrated,,
got,v13.0.0,node,,g/got/got_v13_ubi_9.3.sh,https://github.com/sindresorhus/got,,migrated,,
graphlib,v3.0.1,node,,g/graphlib/graphlib_ubi_9.3.sh,https://github.com/dagrejs/graphlib,,migrated,,
has-symbols,main,node,,h/has-symbols/has-symbols_ubi_9.3.sh,https://github.com/inspect-js/has-symbols.git,,migrated,,
has-symbols,${1:-,node,,h/has-symbols/has-symbols_ubi_8.5.sh,https://github.com/inspect-js/has-symbols,,migrated,,
hexoid,v1.0.0,node,,h/hexoid/hexoid_ubi_9.3.sh,https://github.com/lukeed/hexoid,,migrated,,
hey-listen,8452583,node,,h/hey-listen/hey-listen_ubi_9.3.sh,https://github.com/mattgperry/hey-listen,,migrated,,
hoek,v11.0.4,node,,h/hoek/hoek_ubi_9.3.sh,https://github.com/hapijs/hoek,,migrated,,
hoek,941a932b8be873bd119c6680c368116c52845e4a,node,,h/hoek/hoek_ubi_8.5.sh,https://github.com/hapijs/hoek,,migrated,,
hoek,5.0.4,node,,h/hoek/hoek_rhel_8.3.sh,https://github.com/hapijs/hoek,,migrated,,
hoek,5.0.3,node,,h/hoek/hoek_ubuntu_18.04.sh,https://github.com/hapijs/hoek,,migrated,,
http-timer,v5.0.1,node,,h/http-timer/http-timer_ubi_9.3.sh,https://github.com/szmarczak/http-timer,,migrated,,
http2-wrapper,v2.2.1,node,,h/http2-wrapper/http2-wrapper_ubi_9.3.sh,https://github.com/szmarczak/http2-wrapper,,migrated,,
i18next-fs-backend,v2.3.2,node,,i/i18next-fs-backend/i18next-fs-backend_ubi_9.3.sh,https://github.com/i18next/i18next-fs-backend,,migrated,,
immer,v10.1.1,node,,i/immer/immer_ubi_9.3.sh,https://github.com/immerjs/immer,,migrated,,
immutable-js,v4.1.0,node,,i/immutable-js/immutable-js_ubi_9.3.sh,https://github.com/immutable-js/immutable-js,,migrated,,
import-fresh,v3.3.0,node,,i/import-fresh/import-fresh_ubi_9.3.sh,https://github.com/sindresorhus/import-fresh,,migrated,,
inert,3.1.3,node,,i/inert/inert_ubi_9.3.sh,https://github.com/WICG/inert,,migrated,,
inert,v3.1.1,node,,i/inert/inert_ubi_8.5.sh,https://github.com/WICG/inert.git,,migrated,,
intl.js,v1.2.5,node,,i/intl.js/intl.js_ubi_9.3.sh,https://github.com/andyearnshaw/Intl.js,,migrated,,
invariant-node,v2.0.0,node,,i/invariant-node/invariant-node_ubi_9.3.sh,https://github.com/react-dnd/invariant,,migrated,,
is-installed-globally,v1.0.0,node,,i/is-installed-globally/is-installed-globally_ubi_9.3.sh,https://github.com/sindresorhus/is-installed-globally,,migrated,,
is-map,v2.0.3,node,,i/is-map/is-map_ubi_9.3.sh,https://github.com/inspect-js/is-map,,migrated,,
is-regex,v1.1.4,node,,i/is-regex/is-regex_ubi_8.5.sh,https://github.com/inspect-js/is-regex.git,,migrated,,
is-set,v2.0.3,node,,i/is-set/is-set_ubi_9.3.sh,https://github.com/inspect-js/is-set,,migrated,,
isexe,v3.1.1,node,,i/isexe/isexe_ubi_9.3.sh,https://github.com/isaacs/isexe,,migrated,,
jest,v29.7.0,node,,j/jest/jest_ubi_9.3.sh,https://github.com/jestjs/jest,,migrated,,
js-cookie,v3.0.0,node,,j/js-cookie/js-cookie_ubi_8.5.sh,https://github.com/js-cookie/js-cookie.git,,migrated,,
js-liftup,v3.0.1,node,,j/js-liftup/js-liftup_ubi_9.3.sh,https://github.com/gruntjs/js-liftup,,migrated,,
lang-javascript,6.2.2,node,,l/lang-javascript/lang-javascript_ubi_9.3.sh,https://github.com/codemirror/lang-javascript,,migrated,,
lang-python,6.1.6,node,,l/lang-python/lang-python_ubi_9.3.sh,https://github.com/codemirror/lang-python,,migrated,,
lang-sql,6.7.0,node,,l/lang-sql/lang-sql_ubi_9.3.sh,https://github.com/codemirror/lang-sql,,migrated,,
language,6.10.2,node,,l/language/language_ubi_9.3.sh,https://github.com/codemirror/language,,migrated,,
legacy-modes,6.4.2,node,,l/legacy-modes/legacy-modes_ubi_9.3.sh,https://github.com/codemirror/legacy-modes,,migrated,,
loopback-datasource-juggler,3.9.2,node,,l/loopback-datasource-juggler/loopback-datasource-juggler_ubuntu_16.04.sh,https://github.com/strongloop/loopback-datasource-juggler.git,,migrated,,
mathjax,,node,,m/mathjax/conda.recipe/build.sh,,,migrated,,
mathjax,1.1,node,,m/mathjax/mathjax_rhel_7.3.sh,https://github.com/mathjax/MathJax.git,,migrated,,
mathjax,1.1,node,,m/mathjax/mathjax_ubuntu_16.04.sh,https://github.com/mathjax/MathJax.git,,migrated,,
mdast-util-definitions,6.0.0,node,,m/mdast-util-definitions/mdast-util-definitions_ubi_9.3.sh,https://github.com/syntax-tree/mdast-util-definitions,,migrated,,
module-importer,v1.0.1,node,,m/module-importer/module-importer_ubi_9.3.sh,https://github.com/humanwhocodes/module-importer,,migrated,,
nan,v2.19.0,node,,n/nan/nan_ubi_9.3.sh,https://github.com/nodejs/nan,,migrated,,
nan,v2.15.0,node,,n/nan/nan_ubi_8.4.sh,https://github.com/nodejs/nan,,migrated,,
nano-css,v5.6.2,node,,n/nano-css/nano-css_ubi_9.3.sh,https://github.com/streamich/nano-css,,migrated,,
nestedsortable,master,node,,n/nestedsortable/nestedsortable_ubi_9.3.sh,https://github.com/ilikenwf/nestedSortable,,migrated,,
node-asn1,master,node,,n/node-asn1/node-asn1_ubi_9.3.sh,https://github.com/TritonDataCenter/node-asn1,,migrated,,
node-assert-plus,v0.1.5,node,,n/node-assert-plus/node-assert-plus_ubi_8.5.sh,https://github.com/mcavage/node-assert-plus,,migrated,,
node-assert-plus,1.0.0,node,,n/node-assert-plus/node-assert-plus_ubuntu_18.04.sh,https://github.com/mcavage/node-assert-plus.git,,migrated,,
node-buffer-more-ints,e0909f1,node,,n/node-buffer-more-ints/node-buffer-more-ints_ubi_9.3.sh,https://github.com/dpw/node-buffer-more-ints,,migrated,,
node-data-uri-to-buffer,4.0.1,node,,n/node-data-uri-to-buffer/node-data-uri-to-buffer_ubi_9.3.sh,https://github.com/TooTallNate/node-data-uri-to-buffer,,migrated,,
node-fetch,2.2.0,node,,n/node-fetch/node-fetch_ubuntu_18.04.sh,https://github.com/bitinn/node-fetch,,migrated,,
node-fibers,v5.0.2,node,,n/node-fibers/node-fibers_ubi_9.3.sh,https://github.com/laverdet/node-fibers,,migrated,,
node-fs-extra,8.1.0,node,,n/node-fs-extra/node-fs-extra_8.1.0_ubi_9.3.sh,https://github.com/jprichardson/node-fs-extra,,migrated,,
node-fs-extra,11.2.0,node,,n/node-fs-extra/node-fs-extra_ubi_9.3.sh,https://github.com/jprichardson/node-fs-extra,,migrated,,
node-graceful-fs,v4.2.11,node,,n/node-graceful-fs/node-graceful-fs_ubi_9.3.sh,https://github.com/isaacs/node-graceful-fs,,migrated,,
node-graceful-fs,v4.2.3,node,,n/node-graceful-fs/node-graceful-fs_ubi_8.5.sh,https://github.com/isaacs/node-graceful-fs.git,,migrated,,
node-http-proxy-agent,5.0.0,node,,n/node-http-proxy-agent/node-http-proxy-agent_ubi_9.3.sh,https://github.com/TooTallNate/node-http-proxy-agent,,migrated,,
node-http-proxy-agent,5.0.0,node,,n/node-http-proxy-agent/node-http-proxy-agent_ubi_8.5.sh,https://github.com/TooTallNate/node-http-proxy-agent.git,,migrated,,
node-ignore,${1:7.0.0},node,,n/node-ignore/node-ignore_ubi_9.3.sh,https://github.com/kaelzhang/node-ignore,,migrated,,
node-lint,6.8.1,node,,n/node-lint/node-lint_ubi_9.3.sh,https://github.com/codemirror/lint,,migrated,,
node-pre-gyp,v1.0.11,node,,n/node-pre-gyp/node-pre-gyp_ubi_9.3.sh,https://github.com/mapbox/node-pre-gyp,,migrated,,
node-prometheus-gc-stats,${1:v1.1.0},node,,n/node-prometheus-gc-stats/node-prometheus-gc-stats_ubi_9.3.sh,https://github.com/SimenB/node-prometheus-gc-stats,,migrated,,
nodelib,${1:-,node,,n/nodelib/nodelib_ubi_9.3.sh,https://github.com/nodelib/nodelib,,migrated,,
nodelib,${1:-,node,,n/nodelib/nodelib_1.2.8_ubi_8.7.sh,https://github.com/nodelib/nodelib,,migrated,,
nodelib,d6a7960,node,,n/nodelib/nodelib_ubi_8.5.sh,https://github.com/nodelib/nodelib,,migrated,,
object-hash,v3.0.0,node,,o/object-hash/object-hash_ubi_9.3.sh,https://github.com/puleos/object-hash,,migrated,,
object-hash,2.1.1,node,,o/object-hash/object-hash_rhel_8.3.sh,https://github.com/puleos/object-hash,,migrated,,
object-schema,v2.0.3,node,,o/object-schema/object-schema_ubi_9.3.sh,https://github.com/humanwhocodes/object-schema,,migrated,,
openapi-specification,main,node,,o/openapi-specification/openapi-specification_ubi_9.3.sh,https://github.com/OAI/OpenAPI-Specification.git,,migrated,,
openapi-specification,main,node,,o/openapi-specification/openapi-specification_ubi_8.7.sh,https://github.com/OAI/OpenAPI-Specification.git,,migrated,,
opentelemetry-js-contrib,${1:-,node,,o/opentelemetry-js-contrib/opentelemetry-js-contrib_ubi_8.5.sh,https://github.com/open-telemetry/opentelemetry-js-contrib,,migrated,,
parse-entities,4.0.1,node,,p/parse-entities/parse-entities_ubi_9.3.sh,https://github.com/wooorm/parse-entities,,migrated,,
passport-local,1.0.0,node,,p/passport-local/passport-local_ubuntu_16.04.sh,https://github.com/jaredhanson/passport-local.git,,migrated,,
picomatch,4.0.2,node,,p/picomatch/picomatch_ubi_9.3.sh,https://github.com/micromatch/picomatch,,migrated,,
picomatch,4.0.1,node,,p/picomatch/picomatch_ubi_8.7.sh,https://github.com/micromatch/picomatch,,migrated,,
picomatch,2.2.3,node,,p/picomatch/picomatch_rhel_8.3.sh,https://github.com/micromatch/picomatch,,migrated,,
promise-pool,v3.2.0,node,,p/promise-pool/promise-pool_ubi_9.3.sh,https://github.com/supercharge/promise-pool,,migrated,,
property-information,6.5.0,node,,p/property-information/property-information_ubi_9.3.sh,https://github.com/wooorm/property-information,,migrated,,
proxy-agents,5.0.1,node,,p/proxy-agents/proxy-agents_ubi_9.3.sh,https://github.com/TooTallNate/proxy-agents,,migrated,,
qunit,v1.14.0,node,,q/qunit/qunit_ubuntu_18.04.sh,https://github.com/qunitjs/qunit,,migrated,,
randomfill,v1.0.4,node,,r/randomfill/randomfill_ubi_9.3.sh,https://github.com/browserify/randomfill,,migrated,,
react-autocomplete,v1.8.2,node,,r/react-autocomplete/react-autocomplete_ubi_9.3.sh,https://github.com/codemayonnaise/react-autocomplete,,migrated,,
react-contextmenu,v2.14.0,node,,r/react-contextmenu/react-contextmenu_ubi_9.3.sh,https://github.com/vkbansal/react-contextmenu,,migrated,,
react-dnd-scrollzone,v4.0.0,node,,r/react-dnd-scrollzone/react-dnd-scrollzone_ubi_9.3.sh,https://github.com/codemayonnaise/react-dnd-scrollzone,,migrated,,
react-from-dom,v0.6.2,node,,r/react-from-dom/react-from-dom_ubi_9.3.sh,https://github.com/gilbarbara/react-from-dom,,migrated,,
react-grid-layout,1.4.1,node,,r/react-grid-layout/react-grid-layout_ubi_9.3.sh,https://github.com/STRML/react-grid-layout,,migrated,,
react-grid-layout,0.16.6,node,,r/react-grid-layout/react-grid-layout_ubuntu_18.04.sh,https://github.com/STRML/react-grid-layout.git,,migrated,,
react-popper,v2.3.0,node,,r/react-popper/react-popper_ubi_9.3.sh,https://github.com/floating-ui/react-popper,,migrated,,
react-sortable-tree,v4.2.2,node,,r/react-sortable-tree/react-sortable-tree_ubi_9.3.sh,https://github.com/codemayonnaise/react-sortable-tree,,migrated,,
react-use,v17.5.1,node,,r/react-use/react-use_ubi_9.3.sh,https://github.com/streamich/react-use,,migrated,,
react-window,1.8.10,node,,r/react-window/react-window_ubi_9.3.sh,https://github.com/bvaughn/react-window,,migrated,,
read-package-json-fast,v3.0.2,node,,r/read-package-json-fast/read-package-json-fast_ubi_9.3.sh,https://github.com/npm/read-package-json-fast,,migrated,,
read-package-json-fast,"v1.2.1, v2.0.2",node,,r/read-package-json-fast/read-package-json-fast_ubi_8.3.sh,https://github.com/npm/read-package-json-fast.git,,migrated,,
remapping,v2.3.0,node,,r/remapping/remapping_ubi_9.3.sh,https://github.com/ampproject/remapping,,migrated,,
requires-port,07e8e82,node,,r/requires-port/requires-port_ubi_9.3.sh,https://github.com/unshiftio/requires-port,,migrated,,
requires-port,115d118,node,,r/requires-port/requires-port_ubi_8.5.sh,https://github.com/unshiftio/requires-port.git,,migrated,,
resolve,6.2.2,node,,r/resolve/resolve_ubi_9.3.sh,https://github.com/browserify/resolve,,migrated,,
resolve-uri,v3.1.2,node,,r/resolve-uri/resolve-uri_ubi_9.3.sh,https://github.com/jridgewell/resolve-uri,,migrated,,
rtl-css-js,v1.16.1,node,,r/rtl-css-js/rtl-css-js_ubi_9.3.sh,https://github.com/kentcdodds/rtl-css-js,,migrated,,
run-parallel,v1.2.0,node,,r/run-parallel/run-parallel_ubi_9.3.sh,https://github.com/feross/run-parallel,,migrated,,
screenfull,v6.0.2,node,,s/screenfull/screenfull_ubi_9.3.sh,https://github.com/sindresorhus/screenfull,,migrated,,
search,6.5.6,node,,s/search/search_ubi_9.3.sh,https://github.com/codemirror/search,,migrated,,
set-array,v1.2.1,node,,s/set-array/set-array_ubi_9.3.sh,https://github.com/jridgewell/set-array,,migrated,,
shallowequal,8e7f1b9,node,,s/shallowequal/shallowequal_ubi_9.3.sh,https://github.com/react-dnd/shallowequal,,migrated,,
sinon,6.1.5,node,,s/sinon/sinon_ubuntu_18.04.sh,https://github.com/sinonjs/sinon.git,,migrated,,
socket.io-redis-adapter,6.1.1,node,,s/socket.io-redis-adapter/socket.io-redis-adapter_ubi_9.3.sh,https://github.com/socketio/socket.io-redis-adapter,,migrated,,
sort-package-json,v2.8.0,node,,s/sort-package-json/sort-package-json_ubi_9.3.sh,https://github.com/keithamus/sort-package-json,,migrated,,
sort-package-json,1.7.0,node,,s/sort-package-json/sort-package-json_ubuntu_18.04.sh,https://github.com/keithamus/sort-package-json.git,,migrated,,
source-map-node,v0.3.6,node,,s/source-map-node/source-map-node_ubi_9.3.sh,https://github.com/jridgewell/source-map,,migrated,,
sourcemap-codec,v1.4.15,node,,s/sourcemap-codec/sourcemap-codec_ubi_9.3.sh,https://github.com/jridgewell/sourcemap-codec,,migrated,,
stack-generator,v2.0.10,node,,s/stack-generator/stack-generator_ubi_9.3.sh,https://github.com/stacktracejs/stack-generator,,migrated,,
stackframe,v1.3.4,node,,s/stackframe/stackframe_ubi_9.3.sh,https://github.com/stacktracejs/stackframe,,migrated,,
stacktrace-gps,v3.1.2,node,,s/stacktrace-gps/stacktrace-gps_ubi_9.3.sh,https://github.com/stacktracejs/stacktrace-gps,,migrated,,
state,6.4.1,node,,s/state/state_ubi_9.3.sh,https://github.com/codemirror/state,,migrated,,
string_decoder,v1.3.0,node,,s/string_decoder/string_decoder_ubi_9.3.sh,https://github.com/nodejs/string_decoder,,migrated,,
string_decoder,v1.1.1,node,,s/string_decoder/string_decoder_ubi_8.5.sh,https://github.com/nodejs/string_decoder.git,,migrated,,
structured-clone,v1.2.0,node,,s/structured-clone/structured-clone_ubi_9.3.sh,https://github.com/ungap/structured-clone,,migrated,,
suretype,${1:v3.3.1},node,,s/suretype/suretype_ubi_9.3.sh,https://github.com/grantila/suretype,,migrated,,
swagger-ui,${1:-,node,,s/swagger-ui/swagger-ui_ubi_9.3.sh,https://github.com/swagger-api/swagger-ui.git,,migrated,,
teeny-request,v7.2.0,node,,t/teeny-request/teeny-request-v7_ubi_9.3.sh,https://github.com/googleapis/teeny-request,,migrated,,
teeny-request,v9.0.0,node,,t/teeny-request/teeny-request_ubi_9.3.sh,https://github.com/googleapis/teeny-request,,migrated,,
theme-one-dark,6.1.2,node,,t/theme-one-dark/theme-one-dark_ubi_9.3.sh,https://github.com/codemirror/theme-one-dark,,migrated,,
throttle-debounce,v5.0.2,node,,t/throttle-debounce/throttle-debounce_ubi_9.3.sh,https://github.com/niksy/throttle-debounce,,migrated,,
trace-mapping,v0.3.25,node,,t/trace-mapping/trace-mapping_ubi_9.3.sh,https://github.com/jridgewell/trace-mapping,,migrated,,
typed-array-byte-length,v1.0.1,node,,t/typed-array-byte-length/typed-array-byte-length_ubi_9.3.sh,https://github.com/inspect-js/typed-array-byte-length,,migrated,,
typed-array-length,v1.0.6,node,,t/typed-array-length/typed-array-length_ubi_9.3.sh,https://github.com/inspect-js/typed-array-length,,migrated,,
templates,# Source repo	:,node,,templates/build_script_node.sh,,,migrated,,
undici,v6.20.1,node,,u/undici/undici_ubi_9.3.sh,https://github.com/nodejs/undici,,migrated,,
undici,v5.28.4,node,,u/undici/undici_v5.28.4_ubi_9.3.sh,https://github.com/nodejs/undici,,migrated,,
unified,11.0.5,node,,u/unified/unified_ubi_9.3.sh,https://github.com/unifiedjs/unified,,migrated,,
unified,11.0.4,node,,u/unified/unified_ubi_8.7.sh,https://github.com/unifiedjs/unified,,migrated,,
unist-util-is,6.0.0,node,,u/unist-util-is/unist-util-is_ubi_9.3.sh,https://github.com/syntax-tree/unist-util-is,,migrated,,
unist-util-position,5.0.0,node,,u/unist-util-position/unist-util-position_ubi_9.3.sh,https://github.com/syntax-tree/unist-util-position,,migrated,,
unist-util-stringify-position,4.0.0,node,,u/unist-util-stringify-position/unist-util-stringify-position_ubi_9.3.sh,https://github.com/syntax-tree/unist-util-stringify-position,,migrated,,
unist-util-visit,5.0.0,node,,u/unist-util-visit/unist-util-visit_ubi_9.3.sh,https://github.com/syntax-tree/unist-util-visit,,migrated,,
unist-util-visit-parents,6.0.1,node,,u/unist-util-visit-parents/unist-util-visit-parents_ubi_9.3.sh,https://github.com/syntax-tree/unist-util-visit-parents,,migrated,,
universalify,2.0.1,node,,u/universalify/universalify_ubi_9.3.sh,https://github.com/RyanZim/universalify,,migrated,,
universalify,1.0.0,node,,u/universalify/universalify_rhel_8.3.sh,https://github.com/RyanZim/universalify,,migrated,,
url-search-params-polyfill,4.0.1,node,,u/url-search-params-polyfill/url-search-params-polyfill_ubuntu_18.04.sh,https://github.com/jerrybendy/url-search-params-polyfill.git,,migrated,,
v8flags,v4.0.1,node,,v/v8flags/v8flags_ubi_9.3.sh,https://github.com/gulpjs/v8flags,,migrated,,
vfile,6.0.1,node,,v/vfile/vfile_ubi_9.3.sh,https://github.com/vfile/vfile,,migrated,,
vfile-message,4.0.2,node,,v/vfile-message/vfile-message_ubi_9.3.sh,https://github.com/vfile/vfile-message,,migrated,,
warning,v4.0.3,node,,w/warning/warning_ubi_8.5.sh,https://github.com/BerkeleyTrue/warning.git,,migrated,,
warning,3.0.0,node,,w/warning/warning_rhel_8.3.sh,https://github.com/BerkeleyTrue/warning,,migrated,,
warning,4.0.1,node,,w/warning/warning_ubuntu_18.04.sh,https://github.com/BerkeleyTrue/warning.git,,migrated,,
web-streams-polyfill,v4.0.0,node,,w/web-streams-polyfill/web-streams-polyfill_ubi_9.3.sh,https://github.com/MattiasBuelens/web-streams-polyfill,,migrated,,
which-typed-array,v1.1.15,node,,w/which-typed-array/which-typed-array_ubi_9.3.sh,https://github.com/inspect-js/which-typed-array,,migrated,,
winston,v3.13.0,node,,w/winston/winston_ubi_9.3.sh,https://github.com/winstonjs/winston,,migrated,,
winston,3.2.1,node,,w/winston/winston_rhel_8.3.sh,https://github.com/winstonjs/winston,,migrated,,
winston-transport,v4.7.0,node,,w/winston-transport/winston-transport_ubi_9.3.sh,https://github.com/winstonjs/winston-transport,,migrated,,
winston-transport,4.4.0,node,,w/winston-transport/winston-transport_rhel_8.3.sh,https://github.com/winstonjs/winston-transport,,migrated,,
word-wrap,v1.2.7,node,,w/word-wrap/word-wrap_ubi_9.3.sh,https://github.com/aashutoshrathi/word-wrap,,migrated,,
word-wrap,1.2.3,node,,w/word-wrap/word-wrap_rhel_8.3.sh,https://github.com/jonschlinkert/word-wrap,,migrated,,
yargs,v12.0.5,node,,y/yargs/yargs_v12.0.5_ubi8.5.sh,https://github.com/yargs/yargs,,migrated,,
yargs,14.2.3,node,,y/yargs/yargs_rhel_8.3.sh,https://github.com/yargs/yargs,,migrated,,
yargs-parser,20.2.7,node,,y/yargs-parser/yargs-parser_rhel_8.3.sh,https://github.com/yargs/yargs-parser,,migrated,,
jaeger,Master,node,,j/jaeger/jaeger-rhel_8.3.sh,https://github.com/jaegertracing/jaeger,,migrated,,
jaeger,Master,node,,j/jaeger/jaeger-ubuntu_18.04.sh,https://github.com/jaegertracing/jaeger,,migrated,,
jaeger,Master,node,,j/jaeger/jaeger-ubuntu_20.04.sh,https://github.com/jaegertracing/jaeger,,migrated,,
log4j-core,rel/2.17.1,node,,l/log4j-core/log4j-core_ubi_8.5.sh,https://github.com/apache/logging-log4j2.git,,migrated,,
loopback-connector,v6.1.0,node,,l/loopback-connector/loopback-connector_ubi_8.7.sh,https://github.com/loopbackio/loopback-connector,,migrated,,
loopback-connector,4.2.1,node,,l/loopback-connector/loopback-connector_ubuntu_16.04.sh,https://github.com/strongloop/loopback-connector.git,,migrated,,
zipkin,,node,,z/zipkin/Dockerfiles/2.24.2_ubi_8_7/build-bin/docker/install.sh,,,migrated,,
zjsonpatch,0.4.11,node,,z/zjsonpatch/zjsonpatch_ubuntu_18.04.sh,https://github.com/flipkart-incubator/zjsonpatch,,migrated,,
accept,v3.2.3,node,,a/accept/accept_ubi_8.5.sh,https://github.com/hapijs/accept,,migrated,,
accepts,1.3.3,node,,a/accepts/accepts_ubuntu_16.04.sh,https://github.com/jshttp/accepts.git,,migrated,,
accessible360_accessible-slick,0693e67,node,,a/accessible360_accessible-slick/accessible360_accessible-slick_ubi_8.5.sh,https://github.com/Accessible360/accessible-slick,,migrated,,
address,v2.1.4,node,,a/address/address_ubi_8.5.sh,https://github.com/hapijs/address.git,,migrated,,
address,1.0.2,node,,a/address/address_rhel_8.3.sh,https://github.com/node-modules/address,,migrated,,
addressparser,v1.0.1,node,,a/addressparser/addressparser_ubi_8.5.sh,https://github.com/andris9/addressparser.git,,migrated,,
ajax-request,75b6b48b0fd0bed9cabe6dc9acbe3e517db03c65,node,,a/ajax-request/ajax-request_ubi_8.5.sh,https://github.com/douzi8/ajax-request.git,,migrated,,
ajaxorg-ace,v1.32.3,node,,a/ajaxorg-ace/ajaxorg-ace_ubi_8.7.sh,https://github.com/ajaxorg/ace,,migrated,,
ajv-i18n,v4.1.0,node,,a/ajv-i18n/ajv-i18n_ubi_8.5.sh,https://github.com/ajv-validator/ajv-i18n,,migrated,,
ammo,v3.1.1,node,,a/ammo/ammo_ubi_8.5.sh,https://github.com/hapijs/ammo,,migrated,,
angular-dragdrop,1.2.2,node,,a/angular-dragdrop/angular-dragdrop_ubi_8.5.sh,https://github.com/angular-dragdrop/angular-dragdrop.git,,migrated,,
angular-markdown-it,v0.6.1,node,,a/angular-markdown-it/angular-markdown-it_ubi_8.5.sh,https://github.com/macedigital/angular-markdown-it,,migrated,,
angular-native-dragdrop,1.2.2,node,,a/angular-native-dragdrop/angular-native-dragdrop_ubi_8.5.sh,https://github.com/angular-dragdrop/angular-dragdrop,,migrated,,
apollo-client,${1:-,node,,a/apollo-client/apollo-client_ubi_8.3.sh,https://github.com/apollographql/apollo-client,,migrated,,
argv-formatter,v1.0.0,node,,a/argv-formatter/argv-formatter_ubi_8.5.sh,https://github.com/bendrucker/argv-formatter.git,,migrated,,
aria-query,${1:-,node,,a/aria-query/aria-query_ubi_8.5.sh,https://github.com/A11yance/aria-query,,migrated,,
ast-types,master,node,,a/ast-types/ast-types_ubi_8.5.sh,https://github.com/benjamn/ast-types.git,,migrated,,
asynckit,v0.4.0,node,,a/asynckit/asynckit_ubi_8.4.sh,https://github.com/alexindigo/asynckit,,migrated,,
BigInteger.js,4e99b15b7951338f164728377c906caae5a78202                  #commit hash for version 1.6.45,node,,b/BigInteger.js/biginteger.js_ubuntu_18.04.sh,https://github.com/peterolson/BigInteger.js.git,,migrated,,
BigInteger.js,1.6.40,node,,b/BigInteger.js/biginteger_rhel_7.6.sh,https://github.com/peterolson/BigInteger.js.git,,migrated,,
b64,v4.2.1,node,,b/b64/b64_ubi_8.5.sh,https://github.com/hapijs/b64.git,,migrated,,
babel,v7.19.2,node,,b/babel/babel_ubi_8.5.sh,https://github.com/babel/babel.git,,migrated,,
babel,6.26.3,node,,b/babel/babel_rhel_7.4.sh,https://github.com/babel/babel.git,,migrated,,
babel,v7.0.0-beta.55,node,,b/babel/babel_ubuntu_18.04.sh,https://github.com/babel/babel.git,,migrated,,
babel-core,${1:-,node,,b/babel-core/babel-core_ubi_8.5.sh,https://github.com/babel/babel,,migrated,,
babel-plugin-syntax-export-namespace-from,v7.8.3,node,,b/babel-plugin-syntax-export-namespace-from/babel-plugin-syntax-export-namespace-from_ubi_8.5.sh,https://github.com/babel/babel,,migrated,,
babel-runtime-corejs3,v7.14.0,node,,b/babel-runtime-corejs3/babel-runtime-corejs3_ubi8.4.sh,https://github.com/babel/babel,,migrated,,
balanced-match,1.0.2,node,,b/balanced-match/balanced-match_rhel_8.3.sh,https://github.com/juliangruber/balanced-match,,migrated,,
balanced-match,1.0.0,node,,b/balanced-match/balanced-match_ubuntu_18.04.sh,https://github.com/juliangruber/balanced-match.git,,migrated,,
base64-img,28af7ac,node,,b/base64-img/base64-img_ubi_8.5.sh,https://github.com/douzi8/base64-img.git,,migrated,,
better-ajv-errors,v0.5.7,node,,b/better-ajv-errors/better-ajv-errors_ubi8.4.sh,https://github.com/atlassian/better-ajv-errors.git,,migrated,,
boom,v7.4.11,node,,b/boom/boom_ubi_8.5.sh,https://github.com/hapijs/boom.git,,migrated,,
bootstrap-select,v1.12.4,node,,b/bootstrap-select/bootstrap-select_ubi_8.5.sh,https://github.com/snapappointments/bootstrap-select.git,,migrated,,
bounce,v1.3.2,node,,b/bounce/bounce_ubi_8.5.sh,https://github.com/hapijs/bounce.git,,migrated,,
bourne,v1.3.2,node,,b/bourne/bourne_ubi_8.5.sh,https://github.com/hapijs/bourne,,migrated,,
buffer,${1:-,node,,b/buffer/buffer_ubi_8.5.sh,https://github.com/feross/buffer,,migrated,,
buffer,5.1.0,node,,b/buffer/buffer_ubuntu_18.04.sh,https://github.com/feross/buffer.git,,migrated,,
cacache,v12.0.3,node,,c/cacache/cacache_ubi_8.5.sh,https://github.com/npm/cacache,,migrated,,
cacheable-request,v7.0.2,node,,c/cacheable-request/cacheable-request_ubi8.5.sh,https://github.com/lukechilds/cacheable-request,,migrated,,
call,v5.1.2,node,,c/call/call_ubi_8.5.sh,https://github.com/hapijs/call,,migrated,,
call-bind,v1.0.2,node,,c/call-bind/call-bind_ubi8.4.sh,https://github.com/ljharb/call-bind.git,,migrated,,
call-bind,v1.0.5,node,,c/call-bind/call-bind_ubi_8.7.sh,https://github.com/ljharb/call-bind.git,,migrated,,
camelcase-keys,v8.0.2,node,,c/camelcase-keys/camelcase-keys_ubi_8.5.sh,https://github.com/sindresorhus/camelcase-keys.git,,migrated,,
carbon-charts,v0.41.15,node,,c/carbon-charts/carbon-charts_0.16.25_0.29.1_0.40.0_0.40.14_0.41.10_0.41.15_ubuntu_18.04.sh,https://github.com/carbon-design-system/carbon-charts.git,,migrated,,
carbon-charts,v0.41.31,node,,c/carbon-charts/carbon-charts_0.41.31_ubuntu_18.04.sh,https://github.com/carbon-design-system/carbon-charts.git,,migrated,,
carbon-charts,v0.41.67,node,,c/carbon-charts/carbon-charts_0.41.67_ubuntu_18.04.sh,https://github.com/carbon-design-system/carbon-charts.git,,migrated,,
carbon-charts,0.41.15,node,,c/carbon-charts/carbon-charts_0.16.25_0.29.1_0.40.0_0.40.14_0.41.10_0.41.15_ubi_8.3.sh,https://github.com/carbon-design-system/carbon-charts.git,,migrated,,
carbon-charts,0.41.31,node,,c/carbon-charts/carbon-charts_0.41.31_ubi_8.3.sh,https://github.com/carbon-design-system/carbon-charts.git,,migrated,,
carbon-charts,0.41.67,node,,c/carbon-charts/carbon-charts_0.41.67_ubi_8.3.sh,https://github.com/carbon-design-system/carbon-charts.git,,migrated,,
carbon-components,v10.29.0,node,,c/carbon-components/carbon-components_10.29.0_10.31.0_ubuntu_18.04.sh,https://github.com/carbon-design-system/carbon.git,,migrated,,
carbon-components,v10.44.2,node,,c/carbon-components/carbon-components_10.44.2_10.45.0_ubuntu_18.04.sh,https://github.com/carbon-design-system/carbon.git,,migrated,,
carbon-components,v10.46.0,node,,c/carbon-components/carbon-components_10.46.0_ubuntu_18.sh,https://github.com/carbon-design-system/carbon.git,,migrated,,
carbon-components,v10.9.1,node,,c/carbon-components/carbon-components_10.9.1_10.7.3_10.5.0_ubuntu_18.04.sh,https://github.com/carbon-design-system/carbon.git,,migrated,,
carbon-components,10.29.0,node,,c/carbon-components/carbon-components_10.29.0_10.31.0_ubi_8.3.sh,https://github.com/carbon-design-system/carbon.git,,migrated,,
carbon-components,10.44.2,node,,c/carbon-components/carbon-components_10.44.2_10.45.0_ubi_8.3.sh,https://github.com/carbon-design-system/carbon.git,,migrated,,
carbon-components,10.46.0,node,,c/carbon-components/carbon-components_10.46.0_ubi8.3.sh,https://github.com/carbon-design-system/carbon.git,,migrated,,
carbon-components,10.9.1,node,,c/carbon-components/carbon-components_10.9.1_10.7.3_10.5.0_ubi8.3.sh,https://github.com/carbon-design-system/carbon.git,,migrated,,
carbon-components,8.16.8,node,,c/carbon-components/carbon-components_ubuntu_18.04.sh,https://github.com/IBM/carbon-components,,migrated,,
catbox,v10.2.3,node,,c/catbox/catbox_ubi_8.5.sh,https://github.com/hapijs/catbox,,migrated,,
catbox-memory,v4.1.1,node,,c/catbox-memory/catbox-memory_ubi_8.5.sh,https://github.com/hapijs/catbox-memory,,migrated,,
chartjs,v2.9.3,node,,c/chartjs/chartjs_ubi_8.5.sh,https://github.com/chartjs/Chart.js.git,,migrated,,
chartjs,2.7.1,node,,c/chartjs/chartjs_rhel_7.4.sh,https://github.com/chartjs/Chart.js.git,,migrated,,
ci-info,v4.0.0,node,,c/ci-info/ci-info_ubi_8.7.sh,https://github.com/watson/ci-info,,migrated,,
ci-info,1.6.0,node,,c/ci-info/ci-info_rhel_8.3.sh,https://github.com/watson/ci-info,,migrated,,
classnames,v2.5.2,node,,c/classnames/classnames_ubi_8.7.sh,https://github.com/JedWatson/classnames.git,,migrated,,
classnames,v2.2.5,node,,c/classnames/classnames_rhel_7.4.sh,https://github.com/JedWatson/classnames.git,,migrated,,
classnames,2.2.6,node,,c/classnames/classnames_ubuntu_18.04.sh,https://github.com/JedWatson/classnames,,migrated,,
cli-cursor,v4.0.0,node,,c/cli-cursor/cli-cursor_ubi_8.7.sh,https://github.com/sindresorhus/cli-cursor,,migrated,,
cli-cursor,3.1.0,node,,c/cli-cursor/cli-cursor_rhel_8.3.sh,https://github.com/sindresorhus/cli-cursor,,migrated,,
cli-table3,v0.5.1,node,,c/cli-table3/cli-table3_ubi8.4.sh,https://github.com/cli-table/cli-table3,,migrated,,
cliui,v2.1.0,node,,c/cliui/cliui_ubi_8.5.sh,https://github.com/yargs/cliui,,migrated,,
cliui,7.0.4,node,,c/cliui/cliui_rhel_8.3.sh,https://github.com/yargs/cliui,,migrated,,
cmd-shim,v6.0.2,node,,c/cmd-shim/cmd-shim_ubi_8.7.sh,https://github.com/npm/cmd-shim,,migrated,,
cmd-shim,3.0.3,node,,c/cmd-shim/cmd-shim_rhel_8.3.sh,https://github.com/npm/cmd-shim,,migrated,,
cmd-shim,2.0.2,node,,c/cmd-shim/cmd-shim_ubuntu_18.04.sh,https://github.com/ForbesLindesay/cmd-shim.git,,migrated,,
codemirror,5.33.1,node,,c/codemirror/codemirror_rhel_7.4.sh,https://github.com/codemirror/CodeMirror,,migrated,,
codemirror,5.33.1,node,,c/codemirror/codemirror_ubuntu_16.04.sh,https://github.com/codemirror/CodeMirror,,migrated,,
colors.js,v1.0.3,node,,c/colors.js/colors.js_ubi_8.4.sh,https://github.com/Marak/colors.js,,migrated,,
columnify,1.5.4,node,,c/columnify/columnify_ubi_8.5.sh,https://github.com/timoxley/columnify.git,,migrated,,
component-emitter,v2.0.0,node,,c/component-emitter/component-emitter_ubi_8.7.sh,https://github.com/sindresorhus/component-emitter,,migrated,,
component-emitter,1.2.0,node,,c/component-emitter/component-emitter_rhel_8.3.sh,https://github.com/component/emitter,,migrated,,
console-browserify,v1.2.0,node,,c/console-browserify/console-browserify_ubi_8.5.sh,https://github.com/browserify/console-browserify,,migrated,,
content,v4.1.0,node,,c/content/content_ubi_8.5.sh,https://github.com/hapijs/content,,migrated,,
couchdb-nano,${1:-,node,,c/couchdb-nano/couchdb-nano_ubi_8.5.sh,https://github.com/apache/couchdb-nano,,migrated,,
cross-spawn,$1,node,,c/cross-spawn/cross-spawn_ubi_8.5.sh,https://github.com/moxystudio/node-cross-spawn.git,,migrated,,
cryptiles,b7e97448a8146859a1551e1a9f8eb2c79e125e15,node,,c/cryptiles/cryptiles_ubi_8.5.sh,https://github.com/hapijs/cryptiles,,migrated,,
css-escape,v1.5.1,node,,c/css-escape/css-escape_8.5.sh,https://github.com/mathiasbynens/CSS.escape.git,,migrated,,
css-select,v5.1.0,node,,c/css-select/css-select_ubi_8.7.sh,https://github.com/fb55/css-select,,migrated,,
css-select,2.1.0,node,,c/css-select/css-select_rhel_8.3.sh,https://github.com/fb55/css-select,,migrated,,
css-select-base-adapter,c6f9de8,node,,c/css-select-base-adapter/css-select-base-adapter_ubi_8.5.sh,https://github.com/nrkn/css-select-base-adapter.git,,migrated,,
csstype,${1:-,node,,c/csstype/csstype_ubi_8.5.sh,https://github.com/frenic/csstype,,migrated,,
csstype,"v2.6.0,v2.6.9",node,,c/csstype/csstype_RHEL7.6.sh,https://github.com/frenic/csstype,,migrated,,
csv-stringify,v5.3.6,node,,c/csv-stringify/csv-stringify_ubi_8.5.sh,https://github.com/adaltas/node-csv-stringify,,migrated,,
csv-stringify,5.5.3,node,,c/csv-stringify/csv-stringify_rhel_8.3.sh,https://github.com/adaltas/node-csv-stringify,,migrated,,
cyclist,v1.0.2,node,,c/cyclist/cyclist_ubi_8.7.sh,https://github.com/mafintosh/cyclist,,migrated,,
cyclist,1.0.1,node,,c/cyclist/cyclist_rhel_8.3.sh,https://github.com/mafintosh/cyclist,,migrated,,
d3-brush,v3.0.0,node,,d/d3-brush/d3-brush_v3.0.0_UBI_8.5.sh,https://github.com/d3/d3-brush,,migrated,,
d3-brush,1.0.4,node,,d/d3-brush/d3-brush_rhel_8.3.sh,https://github.com/d3/d3-brush,,migrated,,
d3-color,1.0.3,node,,d/d3-color/d3-color_rhel_8.3.sh,https://github.com/d3/d3-color,,migrated,,
d3-drag,1.2.1,node,,d/d3-drag/d3-drag_rhel_8.3.sh,https://github.com/d3/d3-drag,,migrated,,
d3-ease,1.0.3,node,,d/d3-ease/d3-ease_rhel_8.3.sh,https://github.com/d3/d3-ease,,migrated,,
d3-format,1.2.2,node,,d/d3-format/d3-format_rhel_8.3.sh,https://github.com/d3/d3-format,,migrated,,
d3-hierarchy,1.1.5,node,,d/d3-hierarchy/d3-hierarchy_rhel_8.3.sh,https://github.com/d3/d3-hierarchy,,migrated,,
d3-path,1.0.5,node,,d/d3-path/d3-path_rhel_8.3.sh,https://github.com/d3/d3-path,,migrated,,
d3-random,1.1.0,node,,d/d3-random/d3-random_rhel_8.3.sh,https://github.com/d3/d3-random,,migrated,,
d3-scale,1.0.7,node,,d/d3-scale/d3-scale_rhel_8.3.sh,https://github.com/d3/d3-scale,,migrated,,
d3-selection,v3.0.0,node,,d/d3-selection/d3-selection_v3.0.0_UBI_8.5.sh,https://github.com/d3/d3-selection,,migrated,,
d3-selection,1.3.0,node,,d/d3-selection/d3-selection_rhel_8.3.sh,https://github.com/d3/d3-selection,,migrated,,
d3-time,1.0.8,node,,d/d3-time/d3-time_rhel_8.3.sh,https://github.com/d3/d3-time,,migrated,,
d3-time-format,v4.1.0,node,,d/d3-time-format/d3-time-format_v4.1.0_UBI_8.5.sh,https://github.com/d3/d3-time-format,,migrated,,
d3-time-format,2.1.1,node,,d/d3-time-format/d3-time-format_rhel_8.3.sh,https://github.com/d3/d3-time-format,,migrated,,
d3-transition,1.1.1,node,,d/d3-transition/d3-transition_rhel_8.3.sh,https://github.com/d3/d3-transition,,migrated,,
d3-zoom,1.7.1,node,,d/d3-zoom/d3-zoom_rhel_8.3.sh,https://github.com/d3/d3-zoom,,migrated,,
date-format,1.2.0,node,,d/date-format/date-format_rhel_8.3.sh,https://github.com/nomiddlename/date-format,,migrated,,
dc-js,4.2.7,node,,d/dc-js/dc-js_v4.2.7_ubuntu_18.04.sh,https://github.com/dc-js/dc.js.git,,migrated,,
dc-js,4.2.7,node,,d/dc-js/dc-js_4.2.7_ubi_8.3.sh,https://github.com/dc-js/dc.js.git,,migrated,,
decamelize-keys,v1.1.0,node,,d/decamelize-keys/decamelize-keys_rhel_7.6.sh,https://github.com/dsblv/decamelize-keys.git,,migrated,,
decimal.js,v10.4.3,node,,d/decimal.js/decimal.js_ubi_8.7.sh,https://github.com/MikeMcl/decimal.js,,migrated,,
decimal.js,10.2.0,node,,d/decimal.js/decimal.js_rhel_8.3.sh,https://github.com/MikeMcl/decimal.js,,migrated,,
decompress-response,v8.1.0,node,,d/decompress-response/decompress-response_ubi_8.7.sh,https://github.com/sindresorhus/decompress-response,,migrated,,
decompress-response,6.0.0,node,,d/decompress-response/decompress-response_rhel_8.3.sh,https://github.com/sindresorhus/decompress-response,,migrated,,
deglob,master,node,,d/deglob/deglob_ubi_8.5.sh,https://github.com/flet/deglob,,migrated,,
detect-indent,main,node,,d/detect-indent/detect-indent_ubi_8.5.sh,https://github.com/sindresorhus/detect-indent,,migrated,,
detect-indent,3.0.1,node,,d/detect-indent/detect-indent_rhel_8.3.sh,https://github.com/sindresorhus/detect-indent,,migrated,,
devfile-converter,main,node,,d/devfile-converter/devfile-converter_ubi_8.7.sh,https://github.com/che-incubator/devfile-converter.git,,migrated,,
dom-testing-library,${1:-,node,,d/dom-testing-library/dom-testing-library_ubi_8.5.sh,https://github.com/testing-library/dom-testing-library,,migrated,,
dom-testing-library,v6.10.0,node,,d/dom-testing-library/dom-testing-library_ubi_8.3.sh,https://github.com/testing-library/dom-testing-library.git,,migrated,,
domelementtype,v2.3.0,node,,d/domelementtype/domelementtype_ubi_8.7.sh,https://github.com/fb55/domelementtype,,migrated,,
domelementtype,2.2.0,node,,d/domelementtype/domelementtype_rhel_8.3.sh,https://github.com/fb55/domelementtype,,migrated,,
domhandler,v5.0.3,node,,d/domhandler/domhandler_ubi_8.7.sh,https://github.com/fb55/DomHandler,,migrated,,
dot-prop,v8.0.2,node,,d/dot-prop/dot-prop_ubi_8.7.sh,https://github.com/sindresorhus/dot-prop,,migrated,,
dot-prop,5.3.0,node,,d/dot-prop/dot-prop_rhel_8.3.sh,https://github.com/sindresorhus/dot-prop,,migrated,,
dropzone,${1:-,node,,d/dropzone/dropzone_ubi_8.5.sh,https://github.com/dropzone/dropzone,,migrated,,
duration,v0.2.2,node,,d/duration/duration_ubi_8.5.sh,https://github.com/medikoo/duration,,migrated,,
dustjs-helpers,v1.7.4,node,,d/dustjs-helpers/dustjs-helpers_rhel_8.5.sh,https://github.com/LinkedInAttic/dustjs-helpers,,migrated,,
engine.io-parser,2.1.3,node,,e/engine.io-parser/engine.io-parser_rhel_7.6.sh,https://github.com/socketio/engine.io-parser.git,,migrated,,
es5-ext,v1.4.0,node,,e/es5-ext/es5-ext_ubi_8.5.sh,https://github.com/medikoo/es5-ext.git,,migrated,,
es5-ext,0.10.53,node,,e/es5-ext/es5-ext_rhel_8.3.sh,https://github.com/medikoo/es5-ext,,migrated,,
es6-promise,$1,node,,e/es6-promise/es6-promise_ubi_8.5.sh,https://github.com/stefanpenner/es6-promise.git,,migrated,,
eslint-plugin-standard,v5.0.0,node,,e/eslint-plugin-standard/eslint-plugin-standard_ubi_8.5.sh,https://github.com/standard/eslint-plugin-standard.git,,migrated,,
eslint-scope,v5.0.0,node,,e/eslint-scope/eslint-scope_ubi_8.5.sh,https://github.com/eslint/eslint-scope.git,,migrated,,
eslint-scope,4.0.3,node,,e/eslint-scope/eslint-scope_rhel_8.3.sh,https://github.com/eslint/eslint-scope,,migrated,,
esrecurse,v4.3.0,node,,e/esrecurse/esrecurse_ubi_8.5.sh,https://github.com/estools/esrecurse.git,,migrated,,
event-emitter,${1:-,node,,e/event-emitter/event-emitter_ubi_8.5.sh,https://github.com/medikoo/event-emitter,,migrated,,
express,4.18.2,node,,e/express/express_ubi_8.7.sh,https://github.com/expressjs/express,,migrated,,
express,4.16.2,node,,e/express/express_rhel_7.4.sh,https://github.com/expressjs/express.git,,migrated,,
express,4.16.2,node,,e/express/express_ubuntu_16.04.sh,https://github.com/expressjs/express.git,,migrated,,
express,4.16.3,node,,e/express/express_ubuntu_18.04.sh,https://github.com/expressjs/express,,migrated,,
fast-deep-equal,v3.1.3,node,,f/fast-deep-equal/fast-deep-equal_rhel_8.5.sh,https://github.com/epoberezkin/fast-deep-equal,,migrated,,
fast-deep-equal,2.0.1,node,,f/fast-deep-equal/fast-deep-equal_rhel_8.3.sh,https://github.com/epoberezkin/fast-deep-equal,,migrated,,
fast-glob,3.2.5,node,,f/fast-glob/fast-glob_ubi8.5.sh,https://github.com/mrmlnc/fast-glob,,migrated,,
fast-glob,${1:-,node,,f/fast-glob/fast-glob_ubi_8.5.sh,https://github.com/mrmlnc/fast-glob,,migrated,,
fast-json-patch,v2.1.0,node,,f/fast-json-patch/fast-json-patch_ubi_8.5.sh,https://github.com/Starcounter-Jack/JSON-Patch.git,,migrated,,
fast-json-patch,3.0.0-1,node,,f/fast-json-patch/fast-json-patch_rhel_8.3.sh,https://github.com/Starcounter-Jack/JSON-Patch,,migrated,,
fast-url-parser,v1.1.3,node,,f/fast-url-parser/fast-url-parser_ubi_8.6.sh,https://github.com/petkaantonov/urlparser.git,,migrated,,
fecha,2.3.3,node,,f/fecha/fecha_ubi_8.5.sh,https://github.com/taylorhakes/fecha.git,,migrated,,
file,v1.0.0,node,,f/file/file_ubi_8.5.sh,https://github.com/hapijs/file,,migrated,,
filehandler,v0.4.1,node,,f/filehandler/finalhandler_ubi_8.3.sh,https://github.com/pillarjs/finalhandler.git,,migrated,,
filehandler,1.1.1,node,,f/filehandler/filehandler_ubi8.sh,https://github.com/pillarjs/finalhandler,,migrated,,
filelist,${1:-,node,,f/filelist/filelist_ubi_8.5.sh,https://github.com/mde/filelist,,migrated,,
filename-regex,2.0.1,node,,f/filename-regex/filename-regex_rhel_8.5.sh,https://github.com/regexhq/filename-regex,,migrated,,
filename-regex,${1:-,node,,f/filename-regex/filename-regex_ubi_8.5.sh,https://github.com/regexhq/filename-regex,,migrated,,
finalhandler,v1.1.2,node,,f/finalhandler/finalhandler_rhel_8.5.sh,https://github.com/pillarjs/finalhandler,,migrated,,
finalhandler,v1.2.0,node,,f/finalhandler/finalhandler_ubi_8.7.sh,https://github.com/pillarjs/finalhandler,,migrated,,
find-my-way,v7.7.0,node,,f/find-my-way/find-my-way_ubi_8.7.sh,https://github.com/delvedor/find-my-way,,migrated,,
find-my-way,3.0.5,node,,f/find-my-way/find-my-way_rhel_8.3.sh,https://github.com/delvedor/find-my-way,,migrated,,
flatted,v3.2.9,node,,f/flatted/flatted_ubi_8.7.sh,https://github.com/WebReflection/flatted,,migrated,,
flatted,3.1.0,node,,f/flatted/flatted_rhel_8.3.sh,https://github.com/WebReflection/flatted,,migrated,,
flux,4.0.1,node,,f/flux/flux_ubi_8.5.sh,https://github.com/facebook/flux.git,,migrated,,
formatjs,v2.2.0,node,,f/formatjs/formatjs_ubi_8.3.sh,https://github.com/formatjs/formatjs.git,,migrated,,
formula,v1.2.0,node,,f/formula/formula_ubi_8.5.sh,https://github.com/hapijs/formula.git,,migrated,,
fs-minipass,v3.0.3,node,,f/fs-minipass/fs-minipass_ubi_8.7.sh,https://github.com/npm/fs-minipass,,migrated,,
fs-minipass,2.1.0,node,,f/fs-minipass/fs-minipass_rhel_8.3.sh,https://github.com/npm/fs-minipass,,migrated,,
fs-readdir-recursive,f810b44,node,,f/fs-readdir-recursive/fs-readdir-recursive_ubi_8.5.sh,https://github.com/fs-utils/fs-readdir-recursive.git,,migrated,,
fs.scandir,${1:-,node,,f/fs.scandir/fs.scandir_ubi_8.5.sh,https://github.com/nodelib/nodelib,,migrated,,
fs.stat,${1:-,node,,f/fs.stat/fs.stat_ubi_8.5.sh,https://github.com/nodelib/nodelib,,migrated,,
fs.walk,${1:-,node,,f/fs.walk/fs.walk_ubi_8.5.sh,https://github.com/nodelib/nodelib,,migrated,,
gaxios,v6.1.1,node,,g/gaxios/gaxios_ubi_8.7.sh,https://github.com/googleapis/gaxios,,migrated,,
gaxios,4.2.0,node,,g/gaxios/gaxios_rhel_8.3.sh,https://github.com/googleapis/gaxios,,migrated,,
gcp-metadata,v6.1.0,node,,g/gcp-metadata/gcp-metadata_ubi_8.7.sh,https://github.com/googleapis/gcp-metadata,,migrated,,
gcp-metadata,v6.1.0,node,,g/gcp-metadata/gcp-metadata_ubi_9.3.sh,https://github.com/googleapis/gcp-metadata,,migrated,,
gcp-metadata,4.2.1,node,,g/gcp-metadata/gcp-metadata_rhel_8.3.sh,https://github.com/googleapis/gcp-metadata,,migrated,,
gdsmith_jquery.easing,c05e039,node,,g/gdsmith_jquery.easing/gdsmith_jquery.easing_ubi_8.5.sh,https://github.com/gdsmith/jquery.easing,,migrated,,
get-intrinsic,0972547efd0abc863fe4c445a6ca7eb4f8c6901d,node,,g/get-intrinsic/get-intrinsic_ubi_8.5.sh,https://github.com/ljharb/get-intrinsic.git,,migrated,,
get-stream,v6.0.1,node,,g/get-stream/get-stream_ubi_8.5.sh,https://github.com/sindresorhus/get-stream.git,,migrated,,
get-stream,5.2.0,node,,g/get-stream/get-stream_rhel_8.3.sh,https://github.com/sindresorhus/get-stream,,migrated,,
getobject,v1.0.0,node,,g/getobject/getobject_ubi_8.5.sh,https://github.com/cowboy/node-getobject,,migrated,,
gh-got,main,node,,g/gh-got/gh-got_ubi_8.5.sh,https://github.com/sindresorhus/gh-got.git,,migrated,,
github-username,v6.0.0,node,,g/github-username/github-username_ubi_8.5.sh,https://github.com/sindresorhus/github-username.git,,migrated,,
globals,v13.22.0,node,,g/globals/globals_ubi_8.7.sh,https://github.com/sindresorhus/globals,,migrated,,
globals,12.3.0,node,,g/globals/globals_rhel_8.3.sh,https://github.com/sindresorhus/globals,,migrated,,
graphiql,@graphiql/react@0.22.0,node,,g/graphiql/graphiql_ubi_9.3.sh,https://github.com/graphql/graphiql,,migrated,,
graphql-language-service,graphql-language-service@3.1.4,node,,g/graphql-language-service/graphql-language-service_ubi_8.5.sh,https://github.com/graphql/graphiql,,migrated,,
grunt-legacy-log,331a476,node,,g/grunt-legacy-log/grunt-legacy-log-utils_ubi_8.5.sh,https://github.com/gruntjs/grunt-legacy-log-utils.git,,migrated,,
grunt-legacy-log,3.0.0,node,,g/grunt-legacy-log/grunt-legacy-log_rhel_8.3.sh,https://github.com/gruntjs/grunt-legacy-log,,migrated,,
grunt-legacy-util,v2.0.0,node,,g/grunt-legacy-util/grunt-legacy-util_ubi_8.5.sh,https://github.com/gruntjs/grunt-legacy-util.git,,migrated,,
grunt-legacy-util,2.0.0,node,,g/grunt-legacy-util/grunt-legacy-util_rhel_8.3.sh,https://github.com/gruntjs/grunt-legacy-util,,migrated,,
gulp-header,111ec87,node,,g/gulp-header/gulp-header_ubi_8.5.sh,https://github.com/gulp-community/gulp-header.git,,migrated,,
h2o2,v8.3.2,node,,h/h2o2/h2o2_ubi_8.5.sh,https://github.com/hapijs/h2o2,,migrated,,
handle-thing,v2.0.1,node,,h/handle-thing/handle-thing_ubi_8.5.sh,https://github.com/spdy-http2/handle-thing.git,,migrated,,
hard-source-webpack-plugin,v0.13.1,node,,h/hard-source-webpack-plugin/hard-source-webpack-plugin_ubi_8.5.sh,https://github.com/mzgoddard/hard-source-webpack-plugin,,migrated,,
heavy,v6.2.2,node,,h/heavy/heavy_ubi_8.5.sh,https://github.com/hapijs/heavy,,migrated,,
highlight.js,9.12.0,node,,h/highlight.js/highlight.js_9.12.0_9.13.1_ubi_8.4.sh,https://github.com/highlightjs/highlight.js,,migrated,,
highlight.js,10.7.2,node,,h/highlight.js/highlight.js_ubi_8.5.sh,https://github.com/highlightjs/highlight.js,,migrated,,
hosted-git-info,v7.0.1,node,,h/hosted-git-info/hosted-git-info_ubi_8.7.sh,https://github.com/npm/hosted-git-info,,migrated,,
hosted-git-info,2.8.9,node,,h/hosted-git-info/hosted-git-info_rhel_8.3.sh,https://github.com/npm/hosted-git-info,,migrated,,
hoverIntent,v1.9.0,node,,h/hoverIntent/hoverIntent_ubi8.5.sh,https://github.com/briancherne/jquery-hoverIntent,,migrated,,
http2-client,v1.3.3,node,,h/http2-client/http2-client_ubi_8.3.sh,https://github.com/hisco/http2-client,,migrated,,
httpsnippet,1.25.0,node,,h/httpsnippet/httpsnippet_rhel_8.3.sh,https://github.com/Mashape/httpsnippet,,migrated,,
i18next-xhr-backend,v3.2.2,node,,i/i18next-xhr-backend/i18next-xhr-backend_ubi_8.5.sh,https://github.com/i18next/i18next-xhr-backend.git,,migrated,,
import-local,v3.0.2,node,,i/import-local/import-local_ubi_8.5.sh,https://github.com/sindresorhus/import-local.git,,migrated,,
insert-line,1.1.0,node,,i/insert-line/insert-line_ubi_8.5.sh,https://github.com/hacksparrow/insert-line.git,,migrated,,
interpret,${1:-,node,,i/interpret/interpret_ubi_8.5.sh,https://github.com/gulpjs/interpret,,migrated,,
interpret,1.4.0,node,,i/interpret/interpret_rhel_8.3.sh,https://github.com/gulpjs/interpret,,migrated,,
invariant,v2.2.4,node,,i/invariant/invariant_ubi_8.5.sh,https://github.com/zertosh/invariant.git,,migrated,,
invariant,v2.2.4,node,,i/invariant/invariant_ubuntu_18.04.sh,https://github.com/zertosh/invariant,,migrated,,
iron,62e00b64bd405a2c8bc773328774da9f7cc92d3c,node,,i/iron/iron_ubi_8.5.sh,https://github.com/hueniverse/iron,,migrated,,
is-boolean-object,v1.1.1,node,,i/is-boolean-object/is-boolean-object_ubi_8.5.sh,https://github.com/inspect-js/is-boolean-object,,migrated,,
is-fullwidth-code-point,v5.0.0,node,,i/is-fullwidth-code-point/is-fullwidth-code-point_ubi_8.7.sh,https://github.com/sindresorhus/is-fullwidth-code-point,,migrated,,
is-fullwidth-code-point,3.0.0,node,,i/is-fullwidth-code-point/is-fullwidth-code-point_rhel_8.3.sh,https://github.com/sindresorhus/is-fullwidth-code-point,,migrated,,
is-natural-number,ee904d17384c85f5ed94c1294afd3cfb4ab48bdc,node,,i/is-natural-number/is-natural-number_ubi_8.5.sh,https://github.com/shinnn/is-natural-number.js,,migrated,,
is-plain-object,2.0.4,node,,i/is-plain-object/is-plain-object_ubi_8.4.sh,https://github.com/jonschlinkert/is-plain-object.git,,migrated,,
is-weakmap,v2.0.1,node,,i/is-weakmap/is-weakmap.sh,https://github.com/inspect-js/is-weakmap,,migrated,,
is-weakset,v2.0.1,node,,i/is-weakset/is-weakset.sh,https://github.com/inspect-js/is-weakset,,migrated,,
isarray,v2.0.5,node,,i/isarray/isarray_ubi_8.5.sh,https://github.com/juliangruber/isarray.git,,migrated,,
isarray,1.0.0,node,,i/isarray/isarray_rhel_8.3.sh,https://github.com/juliangruber/isarray,,migrated,,
isemail,229def1,node,,i/isemail/isemail_ubi_8.5.sh,https://github.com/skeggse/isemail.git,,migrated,,
isomorphic-form-data,v2.0.0,node,,i/isomorphic-form-data/isomorphic-form-data.sh,https://github.com/form-data/isomorphic-form-data,,migrated,,
istanbuljs,istanbul-lib-coverage@3.0.0,node,,i/istanbuljs/istanbul-lib-coverage_ubi_8.3.sh,https://github.com/istanbuljs/istanbuljs,,migrated,,
istanbuljs,istanbul-lib-instrument-v5.1.0,node,,i/istanbuljs/istanbul-lib-instrument_ubi_8.3.sh,https://github.com/istanbuljs/istanbuljs,,migrated,,
lru-queue,v0.1.0,node,,i/lru-queue/lru-queue_ubi_8.5.sh,https://github.com/medikoo/lru-queue.git,,migrated,,
javascript-hooker,4b49d9e,node,,j/javascript-hooker/javascript-hooker_ubi_8.5.sh,https://github.com/cowboy/javascript-hooker.git,,migrated,,
joi,v15.1.1,node,,j/joi/joi_ubi_8.5.sh,https://github.com/sideway/joi.git,,migrated,,
jquery,3.6.0,node,,j/jquery/jquery_v3.4.0_v3.4.1_v3.5.1_v3.6.0_ubuntu_18.04.sh,https://github.com/jquery/jquery.git,,migrated,,
jquery,2.2.4,node,,j/jquery/jquery_rhel_8.3.sh,https://github.com/jquery/jquery,,migrated,,
jquery,3.5.1,node,,j/jquery/jquery_3.4.0_3.4.1_3.5.1_ubi_8.3.sh,https://github.com/jquery/jquery.git,,migrated,,
jquery,3.6.0,node,,j/jquery/jquery_3.6.0_ubi_8.3.sh,https://github.com/jquery/jquery.git,,migrated,,
jquery,3.4.0,node,,j/jquery/jquery_ubi_8.0.sh,https://github.com/jquery/jquery,,migrated,,
jquery-bar-rating,v1.2.2,node,,j/jquery-bar-rating/jquery-bar-rating_ubi_8.5.sh,https://github.com/antennaio/jquery-bar-rating.git,,migrated,,
jquery-labelauty,v1.1.4,node,,j/jquery-labelauty/jquery-labelauty_v1.1.4_ubi8.5.sh,https://github.com/fntneves/jquery-labelauty,,migrated,,
jquery-mousewheel,3.1.11,node,,j/jquery-mousewheel/jquery-mousewheel_ubi_8.sh,https://github.com/jquery/jquery-mousewheel.git,,migrated,,
jquery-ui,1.12.1,node,,j/jquery-ui/jquery-ui_ubuntu_18.04.sh,https://github.com/jquery/jquery-ui,,migrated,,
jquery.i18n,v1.0.7,node,,j/jquery.i18n/jquery.i18n_v1.0.7_ubuntu_18.04.sh,https://github.com/wikimedia/jquery.i18n.git,,migrated,,
jquery.i18n,master,node,,j/jquery.i18n/jquery.i18n-master_ubi8.3.sh,https://github.com/wikimedia/jquery.i18n.git,,migrated,,
js-tokens,v8.0.2,node,,j/js-tokens/js-tokens_ubi_8.7.sh,https://github.com/lydell/js-tokens,,migrated,,
js-tokens,4.0.0,node,,j/js-tokens/js-tokens_ubuntu_18.04.sh,https://github.com/lydell/js-tokens,,migrated,,
js-yaml,4.1.0,node,,j/js-yaml/js-yaml_ubi_8.7.sh,https://github.com/nodeca/js-yaml,,migrated,,
js-yaml,4.0.0,node,,j/js-yaml/js-yaml_rhel_8.3.sh,https://github.com/nodeca/js-yaml,,migrated,,
jsbn,v1.1.0,node,,j/jsbn/jsbn_ubi_8.5.sh,https://github.com/andyperlitch/jsbn,,migrated,,
jsbn,master,node,,j/jsbn/jsbn_ubi_8.sh,https://github.com/andyperlitch/jsbn,,migrated,,
jsdiff,v4.0.1,node,,j/jsdiff/jsdiff_ubi_8.5.sh,https://github.com/kpdecker/jsdiff,,migrated,,
jsdom,9.11.0,node,,j/jsdom/jsdom_rhel_7.6.sh,https://github.com/jsdom/jsdom.git,,migrated,,
jsonfile-updater,2.1.0,node,,j/jsonfile-updater/jsonfile-updater_ubi_8.5.sh,https://github.com/hacksparrow/jsonfile-updater.git,,migrated,,
jsonfile-updater,3.1.0,node,,j/jsonfile-updater/jsonfile-updater_rhel_8.3.sh,https://github.com/hacksparrow/jsonfile-updater,,migrated,,
jss-plugin-camel-case,v10.9.0,node,,j/jss-plugin-camel-case/jss-plugin-camel-case_ubi_8.5.sh,https://github.com/cssinjs/jss,,migrated,,
jss-plugin-compose,v10.9.0,node,,j/jss-plugin-compose/jss-plugin-compose_ubi_8.5.sh,https://github.com/cssinjs/jss,,migrated,,
jss-plugin-default-unit,v10.9.0,node,,j/jss-plugin-default-unit/jss-plugin-default-unit_ubi_8.5.sh,https://github.com/cssinjs/jss,,migrated,,
jss-plugin-global,v10.9.0,node,,j/jss-plugin-global/jss-plugin-global_ubi8.5.sh,https://github.com/cssinjs/jss,,migrated,,
jss-plugin-nested,v10.9.0,node,,j/jss-plugin-nested/jss-plugin-nested_ubi_8.5.sh,https://github.com/cssinjs/jss,,migrated,,
jss-plugin-props-sort,v10.9.0,node,,j/jss-plugin-props-sort/jss-plugin-props-sort-ubi_8.5.sh,https://github.com/cssinjs/jss,,migrated,,
jss-plugin-template,v10.9.0,node,,j/jss-plugin-template/jss-plugin-template_ubi_8.5.sh,https://github.com/cssinjs/jss,,migrated,,
jss-plugin-vendor-prefixer,v10.9.0,node,,j/jss-plugin-vendor-prefixer/jss-plugin-vendor-prefixer_ubi_8.5.sh,https://github.com/cssinjs/jss,,migrated,,
jstransformer,1.0.0,node,,j/jstransformer/jstransformer_ubi_8.3.sh,https://github.com/jstransformers/jstransformer.git,,migrated,,
junk,v4.0.1,node,,j/junk/junk_ubi_8.7.sh,https://github.com/sindresorhus/junk,,migrated,,
junk,3.0.0,node,,j/junk/junk_rhel_8.3.sh,https://github.com/sindresorhus/junk,,migrated,,
keyv,${1:-,node,,k/keyv/keyv_ubi_8.5.sh,https://github.com/lukechilds/keyv,,migrated,,
less-loader,3203eb7,node,,l/less-loader/less-loader_ubi_8.5.sh,https://github.com/webpack-contrib/less-loader.git,,migrated,,
libqp,v1.1.0,node,,l/libqp/libqp_ubi_8.5.sh,https://github.com/nodemailer/libqp.git,,migrated,,
log-symbols,v6.0.0,node,,l/log-symbols/log-symbols_ubi_8.7.sh,https://github.com/sindresorhus/log-symbols,,migrated,,
log-symbols,4.0.0,node,,l/log-symbols/log-symbols_rhel_8.3.sh,https://github.com/sindresorhus/log-symbols,,migrated,,
logform,v2.6.0,node,,l/logform/logform_ubi_8.7.sh,https://github.com/winstonjs/logform,,migrated,,
logform,2.2.0,node,,l/logform/logform_rhel_8.3.sh,https://github.com/winstonjs/logform,,migrated,,
loopback-api-definition,v3.2.0,node,,l/loopback-api-definition/loopback-api-definition_ubi_8.5.sh,https://github.com/strongloop/loopback-api-definition.git,,migrated,,
loopback-connector-rest,v5.0.0,node,,l/loopback-connector-rest/loopback-connector-rest_ubi_8.7.sh,https://github.com/loopbackio/loopback-connector-rest,,migrated,,
loopback-connector-rest,2.1.0,node,,l/loopback-connector-rest/loopback-connector-rest_ubuntu_16.04.sh,https://github.com/strongloop/loopback-connector-rest.git,,migrated,,
loopback-connector-soap,v8.0.2,node,,l/loopback-connector-soap/loopback-connector-soap_ubi_8.7.sh,https://github.com/loopbackio/loopback-connector-soap,,migrated,,
loopback-connector-soap,4.0.0,node,,l/loopback-connector-soap/loopback-connector-soap_ubuntu_16.04.sh,https://github.com/strongloop/loopback-connector-soap.git,,migrated,,
make-dir,v4.0.0,node,,m/make-dir/make-dir_ubi_8.7.sh,https://github.com/sindresorhus/make-dir,,migrated,,
make-dir,3.1.0,node,,m/make-dir/make-dir_rhel_8.3.sh,https://github.com/sindresorhus/make-dir,,migrated,,
make-fetch-happen,v13.0.0,node,,m/make-fetch-happen/make-fetch-happen_ubi_8.7.sh,https://github.com/npm/make-fetch-happen,,migrated,,
make-fetch-happen,5.0.2,node,,m/make-fetch-happen/make-fetch-happen_rhel_8.3.sh,https://github.com/npm/make-fetch-happen,,migrated,,
map-cache,0.2.2,node,,m/map-cache/map-cache_ubi_8.3.sh,https://github.com/jonschlinkert/map-cache.git,,migrated,,
markdown-it,8.4.2,node,,m/markdown-it/markdown-it_rhel_8.3.sh,https://github.com/markdown-it/markdown-it,,migrated,,
marked-terminal,v4.1.0,node,,m/marked-terminal/marked-terminal_ubi_8.5.sh,https://github.com/mikaelbr/marked-terminal.git,,migrated,,
mdast-add-list-metadata,1.1.0,node,,m/mdast-add-list-metadata/mdast-add-list-metadata_ubi_8.5.sh,https://gitlab.com/staltz/mdast-add-list-metadata.git,,migrated,,
merge-deep,3.0.3,node,,m/merge-deep/merge-deep_ubi_8.5.sh,https://github.com/jonschlinkert/merge-deep.git,,migrated,,
mime-db,v1.52.0,node,,m/mime-db/mime-db_ubi_8.7.sh,https://github.com/jshttp/mime-db,,migrated,,
mime-db,1.45.0,node,,m/mime-db/mime-db_rhel_8.3.sh,https://github.com/jshttp/mime-db,,migrated,,
mimos,v4.1.1,node,,m/mimos/mimos_ubi_8.5.sh,https://github.com/hapijs/mimos.git,,migrated,,
minimatch,v9.0.3,node,,m/minimatch/minimatch_ubi_8.7.sh,https://github.com/isaacs/minimatch,,migrated,,
minimatch,3.0.3,node,,m/minimatch/minimatch_rhel_8.3.sh,https://github.com/isaacs/minimatch,,migrated,,
minipass-flush,main,node,,m/minipass-flush/minipass-flush_ubi_9.3.sh,https://github.com/isaacs/minipass-flush,,migrated,,
minipass-flush,1.0.5,node,,m/minipass-flush/minipass-flush_rhel_8.3.sh,https://github.com/isaacs/minipass-flush,,migrated,,
mock-req,master,node,,m/mock-req/mock-req_ubi_8.5.sh.sh,https://github.com/diachedelic/mock-req,,migrated,,
mute-stream,v1.0.0,node,,m/mute-stream/mute-stream_ubi_8.7.sh,https://github.com/npm/mute-stream,,migrated,,
mute-stream,0.0.8,node,,m/mute-stream/mute-stream_rhel_8.3.sh,https://github.com/isaacs/mute-stream,,migrated,,
native-promise-only,0.8.0-a,node,,n/native-promise-only/native-promise-only_ubi_8.3.sh,https://github.com/getify/native-promise-only.git,,migrated,,
negotiator,0.6.3,node,,n/negotiator/negotiator_ubi_8.7.sh,https://github.com/jshttp/negotiator,,migrated,,
negotiator,0.6.1,node,,n/negotiator/negotiator_rhel_8.3.sh,https://github.com/jshttp/negotiator,,migrated,,
next-tick,fe7d65b,node,,n/next-tick/next-tick_ubi_8.5.sh,https://github.com/medikoo/next-tick.git,,migrated,,
next-tick,1.1.0,node,,n/next-tick/next-tick_rhel_8.3.sh,https://github.com/medikoo/next-tick,,migrated,,
ng-resize,3909f67,node,,n/ng-resize/ng-resize_ubi_8.5.sh,https://github.com/danmasta/ng-resize.git,,migrated,,
nigel,v3.1.1,node,,n/nigel/nigel_ubi_8.5.sh,https://github.com/hapijs/nigel.git,,migrated,,
node-backoff,v2.5.0,node,,n/node-backoff/node-backoff_ubi_8.5.sh,https://github.com/MathieuTurcotte/node-backoff.git,,migrated,,
node-cross-spawn,v6.0.5,node,,n/node-cross-spawn/node-cross-spawn_ubi_8.4.sh,https://github.com/moxystudio/node-cross-spawn,,migrated,,
node-fd-slicer,1.1.0,node,,n/node-fd-slicer/node-fd-slicer_ubi_8.5.sh,https://github.com/andrewrk/node-fd-slicer.git,,migrated,,
node-fetch-h2,v2.3.0,node,,n/node-fetch-h2/node-fetch-h2_ubi_8.5.sh,https://github.com/MikeRalphson/node-fetch-h2.git,,migrated,,
node-fetch-npm,${1:-,node,,n/node-fetch-npm/node-fetch-npm_ubi_8.5.sh,https://github.com/npm/node-fetch-npm,,migrated,,
node-getobject,84c746c,node,,n/node-getobject/node-getobject_ubi_8.5.sh,https://github.com/cowboy/node-getobject.git,,migrated,,
node-glob,af57da21c7722bb6edb687ccd4ad3b99d3e7a333,node,,n/node-glob/node-glob_ubi_8.5.sh,https://github.com/isaacs/node-glob,,migrated,,
node-https-proxy-agent,2.2.4,node,,n/node-https-proxy-agent/node-https-proxy-agent_ubi_8.5.sh,https://github.com/TooTallNate/node-https-proxy-agent.git,,migrated,,
node-pg-types,e018c05,node,,n/node-pg-types/node-pg-types_ubi_8.5.sh,https://github.com/brianc/node-pg-types.git,,migrated,,
node-sass,v4.14.1,node,,n/node-sass/node_sass_4.14.1_ubuntu_18.04.sh,https://github.com/sass/node-sass.git,,migrated,,
node-sass,v8.0.0,node,,n/node-sass/node-sass_v8.0.0_ubi_8.7.sh,https://github.com/sass/node-sass.git,,migrated,,
node-sass,v4.14.1,node,,n/node-sass/node-sass-v4.14.1_UBI_8.4.sh,https://github.com/sass/node-sass.git,,migrated,,
node-semver,v5.0.0,node,,n/node-semver/node-semver_ubi_8.5.sh,https://github.com/npm/node-semver.git,,migrated,,
node-socks-proxy-agent,6.0.0,node,,n/node-socks-proxy-agent/node-socks-proxy-agent_ubi_8.5.sh,https://github.com/TooTallNate/node-socks-proxy-agent,,migrated,,
node-spdy,661b14a,node,,n/node-spdy/node-spdy_ubi_8.5.sh,https://github.com/spdy-http2/node-spdy.git,,migrated,,
node-stack-trace,v0.0.10,node,,n/node-stack-trace/node-stack-trace_ubi_8.4.sh,https://github.com/felixge/node-stack-trace,,migrated,,
node-stream-transform,v2.0.1,node,,n/node-stream-transform/node-stream-transform_ubi_8.5.sh,https://github.com/adaltas/node-stream-transform.git,,migrated,,
node-xml2js,7bc3c5d,node,,n/node-xml2js/node-xml2js_ubi_8.5.sh,https://github.com/Leonidas-from-XIV/node-xml2js.git,,migrated,,
nodejs-walker,master,node,,n/nodejs-walker/nodejs-walker_ubi_8.4.sh,https://github.com/daaku/nodejs-walker,,migrated,,
nopt,v7.2.0,node,,n/nopt/nopt_ubi_8.7.sh,https://github.com/npm/nopt,,migrated,,
nopt,2.1.2,node,,n/nopt/nopt_rhel_8.3.sh,https://github.com/npm/nopt,,migrated,,
normalize-package-data,v6.0.0,node,,n/normalize-package-data/normalize-package-data_ubi_8.7.sh,https://github.com/npm/normalize-package-data,,migrated,,
normalize-package-data,2.5.0,node,,n/normalize-package-data/normalize-package-data_rhel_8.3.sh,https://github.com/npm/normalize-package-data,,migrated,,
normalize-url,v6.1.0,node,,n/normalize-url/normalize-url_ubi_8.5.sh,https://github.com/sindresorhus/normalize-url,,migrated,,
npm-audit-report,v5.0.0,node,,n/npm-audit-report/npm-audit-report_ubi_8.7.sh,https://github.com/npm/npm-audit-report,,migrated,,
npm-audit-report,1.3.3,node,,n/npm-audit-report/npm-audit-report_rhel_8.3.sh,https://github.com/npm/npm-audit-report,,migrated,,
npm-bundled,v3.0.0,node,,n/npm-bundled/npm-bundled_ubi_8.7.sh,https://github.com/npm/npm-bundled,,migrated,,
npm-bundled,1.0.3,node,,n/npm-bundled/npm-bundled_rhel_8.3.sh,https://github.com/npm/npm-bundled,,migrated,,
npm-install-checks,v6.3.0,node,,n/npm-install-checks/npm-install-checks_ubi_8.7.sh,https://github.com/npm/npm-install-checks,,migrated,,
npm-install-checks,3.0.0,node,,n/npm-install-checks/npm-install-checks_rhel_8.3.sh,https://github.com/npm/npm-install-checks,,migrated,,
npm-normalize-package-bin,v3.0.1,node,,n/npm-normalize-package-bin/npm-normalize-package-bin_ubi_8.7.sh,https://github.com/npm/npm-normalize-package-bin,,migrated,,
npm-normalize-package-bin,1.0.1,node,,n/npm-normalize-package-bin/npm-normalize-package-bin_rhel_8.3.sh,https://github.com/npm/npm-normalize-package-bin,,migrated,,
npm-package-arg,v11.0.1,node,,n/npm-package-arg/npm-package-arg_ubi_8.7.sh,https://github.com/npm/npm-package-arg,,migrated,,
npm-package-arg,6.0.0,node,,n/npm-package-arg/npm-package-arg_rhel_8.3.sh,https://github.com/npm/npm-package-arg,,migrated,,
npm-profile,v9.0.0,node,,n/npm-profile/npm-profile_ubi_8.7.sh,https://github.com/npm/npm-profile,,migrated,,
npm-profile,4.0.4,node,,n/npm-profile/npm-profile_rhel_8.3.sh,https://github.com/npm/npm-profile,,migrated,,
npm-registry-fetch,v16.1.0,node,,n/npm-registry-fetch/npm-registry-fetch_ubi_8.7.sh,https://github.com/npm/npm-registry-fetch,,migrated,,
npm-registry-fetch,4.0.7,node,,n/npm-registry-fetch/npm-registry-fetch_rhel_8.3.sh,https://github.com/npm/npm-registry-fetch,,migrated,,
npm-user-validate,v2.0.0,node,,n/npm-user-validate/npm-user-validate_ubi_8.7.sh,https://github.com/npm/npm-user-validate,,migrated,,
npm-user-validate,1.0.1,node,,n/npm-user-validate/npm-user-validate_rhel_8.3.sh,https://github.com/npm/npm-user-validate,,migrated,,
npmlog,v7.0.1,node,,n/npmlog/npmlog_ubi_8.7.sh,https://github.com/npm/npmlog,,migrated,,
npmlog,4.0.0,node,,n/npmlog/npmlog_rhel_8.3.sh,https://github.com/npm/npmlog,,migrated,,
nyc,v15.1.0,node,,n/nyc/nyc_ubi_8.5.sh,https://github.com/istanbuljs/nyc.git,,migrated,,
nyc,14.1.1,node,,n/nyc/nyc_rhel_8.3.sh,https://github.com/istanbuljs/nyc,,migrated,,
oas-kit,v5.0.0,node,,o/oas-kit/oas-kit.sh,https://github.com/Mermade/oas-kit,,migrated,,
object-inspect,v1.10.3,node,,o/object-inspect/object-inspect_ubi_8.7.sh,https://github.com/inspect-js/object-inspect,,migrated,,
object-inspect,1.10.2,node,,o/object-inspect/object-inspect_rhel_8.3.sh,https://github.com/inspect-js/object-inspect,,migrated,,
object-unfreeze,091a7b9,node,,o/object-unfreeze/object-unfreeze_ubi_8.3.sh,https://github.com/gajus/object-unfreeze.git,,migrated,,
object.assign,v4.1.1,node,,o/object.assign/object.assign_ubi_8.5.sh,https://github.com/ljharb/object.assign.git,,migrated,,
oclif-plugin-help,v3.1.0,node,,o/oclif-plugin-help/oclif-plugin-help_ubi_8.3.sh,https://github.com/oclif/plugin-help.git,,migrated,,
once,1.1.2,node,,o/once/once_ubi_8.5.sh,https://github.com/TooTallNate/once/,,migrated,,
once,1.3.3,node,,o/once/once_rhel_8.3.sh,https://github.com/isaacs/once,,migrated,,
onetime,v7.0.0,node,,o/onetime/onetime_ubi_8.7.sh,https://github.com/sindresorhus/onetime,,migrated,,
onetime,5.1.2,node,,o/onetime/onetime_rhel_8.3.sh,https://github.com/sindresorhus/onetime,,migrated,,
open,v8.2.1,node,,o/open/open_ubi_8.5.sh,https://github.com/sindresorhus/open.git,,migrated,,
open,7.4.2,node,,o/open/open_rhel_8.3.sh,https://github.com/sindresorhus/open,,migrated,,
openlayers,v5.2.0,node,,o/openlayers/openlayers_5.2.0_ubi_8.5.sh,https://github.com/openlayers/openlayers.git,,migrated,,
opentelemetry-js,${1:-,node,,o/opentelemetry-js/opentelemetry-js_ubi_8.5.sh,https://github.com/open-telemetry/opentelemetry-js,,migrated,,
opentelemetry-js-api,${1:-,node,,o/opentelemetry-js-api/opentelemetry-js-api_ubi_8.5.sh,https://github.com/open-telemetry/opentelemetry-js-api,,migrated,,
original,1.0.2,node,,o/original/original_ubi_8.7.sh,https://github.com/unshiftio/original,,migrated,,
original,1.0.2,node,,o/original/original_rhel_8.3.sh,https://github.com/unshiftio/original,,migrated,,
p-event,v6.0.0,node,,p/p-event/p-event_ubi_8.7.sh,https://github.com/sindresorhus/p-event,,migrated,,
p-event,4.2.0,node,,p/p-event/p-event_rhel_8.3.sh,https://github.com/sindresorhus/p-event,,migrated,,
p-limit,v5.0.0,node,,p/p-limit/p-limit_ubi_8.7.sh,https://github.com/sindresorhus/p-limit,,migrated,,
p-limit,3.0.2,node,,p/p-limit/p-limit_rhel_8.3.sh,https://github.com/sindresorhus/p-limit,,migrated,,
p-timeout,v6.1.2,node,,p/p-timeout/p-timeout_ubi_8.7.sh,https://github.com/sindresorhus/p-timeout,,migrated,,
p-timeout,3.2.0,node,,p/p-timeout/p-timeout_rhel_8.3.sh,https://github.com/sindresorhus/p-timeout,,migrated,,
package-json,v4.0.1,node,,p/package-json/package-json_ubi_8.5.sh,https://github.com/sindresorhus/package-json,,migrated,,
parse-json,v7.1.0,node,,p/parse-json/parse-json_ubi_8.7.sh,https://github.com/sindresorhus/parse-json,,migrated,,
parse-json,5.2.0,node,,p/parse-json/parse-json_rhel_8.3.sh,https://github.com/sindresorhus/parse-json,,migrated,,
parse5,v7.1.2,node,,p/parse5/parse5_ubi_8.7.sh,https://github.com/inikulin/parse5,,migrated,,
parse5,v3.0.2,node,,p/parse5/parse5_rhel_7.3.sh,https://github.com/inikulin/parse5,,migrated,,
parse5,v3.0.2,node,,p/parse5/parse5_ubuntu_16.04.sh,https://github.com/inikulin/parse5,,migrated,,
passport,v0.7.0,node,,p/passport/passport_ubi_8.7.sh,https://github.com/jaredhanson/passport,,migrated,,
path-loader,v1.0.10,node,,p/path-loader/path-loader_ubi_8.3.sh,https://github.com/whitlockjc/path-loader.git,,migrated,,
pathval,v1.1.0,node,,p/pathval/pathval_ubi_8.5.sh,https://github.com/chaijs/pathval.git,,migrated,,
perfect-scrollbar,1.5.5,node,,p/perfect-scrollbar/perfect-scrollbar_ubi_8.5.sh,https://github.com/mdbootstrap/perfect-scrollbar.git,,migrated,,
pez,v4.1.1,node,,p/pez/pez_ubi_8.5.sh,https://github.com/hapijs/pez.git,,migrated,,
picocolors,v1.0.0,node,,p/picocolors/picocolors_8.5.sh,https://github.com/alexeyraspopov/picocolors.git,,migrated,,
pkg-up,v4.0.0,node,,p/pkg-up/pkg-up_8.5.sh,https://github.com/sindresorhus/pkg-up.git,,migrated,,
pkg-up,3.1.0,node,,p/pkg-up/pkg-up_rhel_8.3.sh,https://github.com/sindresorhus/pkg-up,,migrated,,
podium,v3.4.3,node,,p/podium/podium_ubi_8.5.sh,https://github.com/hapijs/podium.git,,migrated,,
pointer-symbol,1.0.0,node,,p/pointer-symbol/pointer-symbol_ubi_8.5.sh,https://github.com/enquirer/pointer-symbol.git,,migrated,,
popmotion,$1,node,,p/popmotion/popmotion_ubi_8.sh,https://github.com/Popmotion/popmotion.git,,migrated,,
popper.js,v2.10.2,node,,p/popper.js/popperjs_2.10.2._ubuntu_18.04.sh,https://github.com/popperjs/popper-core.git,,migrated,,
popper.js,master,node,,p/popper.js/popper_master_ubi_8.3.sh,https://github.com/popperjs/popper-core.git,,migrated,,
postcss-reduce-initial,v1.0.1,node,,p/postcss-reduce-initial/postcss-reduce-initial_1.0.1_4.0.3_Ubuntu_18.04.sh,https://github.com/cssnano/cssnano.git,,migrated,,
postcss-reduce-initial,"1.0.1, 4.0.3",node,,p/postcss-reduce-initial/postcss-reduce-initial_ubi_8.3.sh,https://github.com/cssnano/cssnano.git,,migrated,,
postcss-selector-parser,5.0.0,node,,p/postcss-selector-parser/postcss-selector-parser_ubi_8.5.sh,https://github.com/postcss/postcss-selector-parser.git,,migrated,,
postcss-selector-parser,3.1.2,node,,p/postcss-selector-parser/postcss-selector-parser_rhel_8.3.sh,https://github.com/postcss/postcss-selector-parser,,migrated,,
preset-modules,0.1.4,node,,p/preset-modules/preset-modules_ubi_8.5.sh,https://github.com/babel/preset-modules.git,,migrated,,
prop-types,15.7.2,node,,p/prop-types/prop-types_rhel_8.3.sh,https://github.com/facebook/prop-types,,migrated,,
punycode.js,v2.3.1,node,,p/punycode.js/punycode.js_ubi_8.7.sh,https://github.com/mathiasbynens/punycode.js,,migrated,,
quick-lru,v7.0.0,node,,q/quick-lru/quick-lru_ubi_8.7.sh,https://github.com/sindresorhus/quick-lru,,migrated,,
quick-lru,5.1.1,node,,q/quick-lru/quick-lru_rhel_8.3.sh,https://github.com/sindresorhus/quick-lru,,migrated,,
randombytes,v2.1.0,node,,r/randombytes/randombytes_ubi_8.5.sh,https://github.com/crypto-browserify/randombytes.git,,migrated,,
rasha.js,v1.2.5,node,,r/rasha.js/rasha.js_ubi_8.5.sh,https://git.coolaj86.com/coolaj86/rasha.js.git,,migrated,,
raw-body,2.5.2,node,,r/raw-body/raw-body_ubi_8.7.sh,https://github.com/stream-utils/raw-body,,migrated,,
raw-body,2.3.2,node,,r/raw-body/raw-body_rhel_8.3.sh,https://github.com/stream-utils/raw-body,,migrated,,
rd3,master,node,,r/rd3/rd3_ubi_8.sh,https://github.com/yang-wei/rd3,,migrated,,
react,v15.6.2,node,,r/react/react_ubi_8.3.sh,https://github.com/facebook/react.git,,migrated,,
react,v16.2.0,node,,r/react/react_rhel_7.3.sh,https://github.com/facebook/react,,migrated,,
react,master,node,,r/react/react_rhel_7.6.sh,https://github.com/facebook/react.git,,migrated,,
react,v16.2.0,node,,r/react/react_ubuntu_16.04.sh,https://github.com/facebook/react,,migrated,,
react,16.4.2,node,,r/react/react_ubuntu_18.04.sh,https://github.com/facebook/react,,migrated,,
react-bootstrap-table,v4.3.1,node,,r/react-bootstrap-table/react-bootstrap-table_ubi_8.3.sh,https://github.com/AllenFang/react-bootstrap-table.git,,migrated,,
react-mde,11.3.0,node,,r/react-mde/react-mde_8.5.sh,https://github.com/andrerpena/react-mde.git,,migrated,,
react-scheduler,v16.14.0,node,,r/react-scheduler/react-scheduler_ubi_8.5.sh,https://github.com/facebook/react,,migrated,,
react-testing-library,v10.4.9,node,,r/react-testing-library/react-testing-library_ubi_8.4.sh,https://github.com/testing-library/react-testing-library,,migrated,,
react-testing-library,${1:-,node,,r/react-testing-library/react-testing-library_ubi_8.5.sh,https://github.com/testing-library/react-testing-library,,migrated,,
readable-stream,v2.3.7,node,,r/readable-stream/readable-stream_rhel_8.5.sh,https://github.com/nodejs/readable-stream,,migrated,,
readable-stream,${1:-,node,,r/readable-stream/readable-stream_ubi_8.5.sh,https://github.com/nodejs/readable-stream,,migrated,,
readable-stream,v4.4.2,node,,r/readable-stream/readable-stream_ubi_8.7.sh,https://github.com/nodejs/readable-stream,,migrated,,
readline-ui,${1:-,node,,r/readline-ui/readline-ui_ubi8.sh,https://github.com/enquirer/readline-ui,,migrated,,
realpath-native,${1:-,node,,r/realpath-native/realpath-native_ubi.sh,https://github.com/SimenB/realpath-native,,migrated,,
rechoir,v0.8.0,node,,r/rechoir/rechoir_ubi_8.5.sh,https://github.com/gulpjs/rechoir.git,,migrated,,
regex-cache,${1:-,node,,r/regex-cache/regex-cache_ubi_8.5.sh,https://github.com/jonschlinkert/regex-cache,,migrated,,
regexpu-core,3707196,node,,r/regexpu-core/regexpu-core_ubi_8.5.sh,https://github.com/mathiasbynens/regexpu-core.git,,migrated,,
request-promise-native,v1.0.7,node,,r/request-promise-native/request-promise-native-1.0.7_ubi_8.5.sh,https://github.com/request/request-promise-native.git,,migrated,,
request-promise-native,v1.0.7,node,,r/request-promise-native/request-promise-native-1.0.7_ubuntu_18.04.sh,https://github.com/request/request-promise-native.git,,migrated,,
resolve-from,master,node,,r/resolve-from/resolve-from_ubi_8.4.sh,https://github.com/sindresorhus/resolve-from,,migrated,,
safe-json-stringify,v1.2.0,node,,s/safe-json-stringify/safe-json-stringify_ubi_8.5.sh,https://github.com/debitoor/safe-json-stringify.git,,migrated,,
safer-buffer,v2.1.2,node,,s/safer-buffer/safer-buffer_ubi_8.4.sh,https://github.com/ChALkeR/safer-buffer,,migrated,,
safer-buffer,2.1.1,node,,s/safer-buffer/safer-buffer_ubuntu_18.04.sh,https://github.com/ChALkeR/safer-buffer.git,,migrated,,
schema,${1:-,node,,s/schema/schema_ubi_8.5.sh,https://github.com/istanbuljs/schema,,migrated,,
select2,4.0.2,node,,s/select2/select2_ubi_8.5.sh,https://github.com/select2/select2,,migrated,,
serve-index,d2922cd,node,,s/serve-index/serve-index_ubi_8.5.sh,https://github.com/expressjs/serve-index.git,,migrated,,
set-value,2.0.1,node,,s/set-value/set-value_rhel_8.5.sh,https://github.com/jonschlinkert/set-value,,migrated,,
set-value,3.0.2,node,,s/set-value/set-value_rhel_8.3.sh,https://github.com/jonschlinkert/set-value,,migrated,,
setprototypeof,v1.1.1,node,,s/setprototypeof/setprototypeof_rhel_8.5.sh,https://github.com/wesleytodd/setprototypeof,,migrated,,
setprototypeof,1.2.0,node,,s/setprototypeof/setprototypeof_rhel_8.3.sh,https://github.com/wesleytodd/setprototypeof,,migrated,,
sha,v3.0.0,node,,s/sha/sha_rhel_8.5.sh,https://github.com/ForbesLindesay/sha,,migrated,,
shared-cursor,v1.0.2,node,,s/shared-cursor/shared-cursor_ubi_8.3.sh,https://github.com/rtc-io/rtc-sharedcursor.git,,migrated,,
shelljs,master,node,,s/shelljs/shelljs_ubi_8.4.sh,https://github.com/shelljs/shelljs,,migrated,,
shepherd,v8.3.1,node,,s/shepherd/shepherd_ubi8.5.sh,https://github.com/shipshapecode/shepherd.git,,migrated,,
shot,v4.1.2,node,,s/shot/shot_ubi_8.5.sh,https://github.com/hapijs/shot.git,,migrated,,
sodium-plus,master,node,,s/sodium-plus/sodium-plus_ubi_9.3.sh,https://github.com/paragonie/sodium-plus,,migrated,,
somever,v2.1.1,node,,s/somever/somever_ubi_8.5.sh,https://github.com/hapijs/somever.git,,migrated,,
spdx-license-list,v6.4.0,node,,s/spdx-license-list/spdx-license-list_ubi_8.5.sh,https://github.com/sindresorhus/spdx-license-list,,migrated,,
stack-utils,${1:-,node,,s/stack-utils/stack-utils_ubi8.sh,https://github.com/tapjs/stack-utils,,migrated,,
stacktracejs_error-stack-parser,${1:-,node,,s/stacktracejs_error-stack-parser/stacktracejs_error-stack-parser_ubi_8.5.sh,https://github.com/stacktracejs/error-stack-parser.git,,migrated,,
statehood,v6.1.2,node,,s/statehood/statehood_ubi_8.5.sh,https://github.com/hapijs/statehood.git,,migrated,,
strftime,v0.10.2,node,,s/strftime/strftime_ubi_8.7.sh,https://github.com/samsonjs/strftime/,,migrated,,
strftime,0.10.0,node,,s/strftime/strftime_rhel_7.3.sh,https://github.com/samsonjs/strftime,,migrated,,
strftime,0.10.0,node,,s/strftime/strftime_ubuntu_16.04.sh,https://github.com/samsonjs/strftime,,migrated,,
strip-ansi,6.0.0,node,,s/strip-ansi/strip-ansi_rhel_8.3.sh,https://github.com/chalk/strip-ansi,,migrated,,
subtext,71ff864,node,,s/subtext/subtext_ubi_8.5.sh,https://github.com/hapijs/subtext.git,,migrated,,
superagent,v8.1.2,node,,s/superagent/superagent_ubi_8.7.sh,https://github.com/visionmedia/superagent,,migrated,,
superagent,v3.8.3,node,,s/superagent/superagent_rhel_8.5.sh,https://github.com/visionmedia/superagent,,migrated,,
supports-color,v7.1.0,node,,s/supports-color/supports-color_rhel_7.6.sh,https://github.com/chalk/supports-color.git,,migrated,,
to-fast-properties,v2.0.0,node,,t/to-fast-properties/to-fast-properties_ubi_8.5.sh,https://github.com/sindresorhus/to-fast-properties.git,,migrated,,
topo,v3.1.6,node,,t/topo/topo_ubi_8.5.sh,https://github.com/hapijs/topo.git,,migrated,,
typescript,4.4.4,node,,t/typescript/Typescript_4.4.4_ubi_8.3.sh,https://github.com/microsoft/TypeScript.git,,migrated,,
typescript,v3.9.9,node,,t/typescript/typescript_3.9.9_ubi_8.5.sh,https://github.com/Microsoft/TypeScript,,migrated,,
typescript-eslint-experimental-utils,v4.28.1,node,,t/typescript-eslint-experimental-utils/typescript-eslint-experimental-utils_ubi_8.5.sh,https://github.com/typescript-eslint/typescript-eslint,,migrated,,
typescript-eslint-scope-manager,v4.28.1,node,,t/typescript-eslint-scope-manager/typescript-eslint-scope-manager_ubi_8.5.sh,https://github.com/typescript-eslint/typescript-eslint,,migrated,,
typescript-eslint-types,v4.28.1,node,,t/typescript-eslint-types/typescript-eslint-types_ubi_8.5.sh,https://github.com/typescript-eslint/typescript-eslint,,migrated,,
typescript-eslint-typescript-estree,v4.28.1,node,,t/typescript-eslint-typescript-estree/typescript-eslint-typescript-estree_ubi_8.5.sh,https://github.com/typescript-eslint/typescript-eslint,,migrated,,
typescript-eslint-visitor-keys,v4.28.1,node,,t/typescript-eslint-visitor-keys/typescript-eslint-visitor-keys_ubi_8.5.sh,https://github.com/typescript-eslint/typescript-eslint,,migrated,,
ultron,master,node,,u/ultron/ultron_ubi_8.4.sh,https://github.com/unshiftio/ultron,,migrated,,
underscore,1.13.6,node,,u/underscore/underscore_ubi_8.7.sh,https://github.com/jashkenas/underscore,,migrated,,
underscore,1.13.1,node,,u/underscore/underscore_rhel_8.3.sh,https://github.com/jashkenas/underscore,,migrated,,
underscore.string,3.3.5,node,,u/underscore.string/underscore.string_ubi_8.5.sh,https://github.com/epeli/underscore.string.git,,migrated,,
underscore.string,3.3.4,node,,u/underscore.string/underscore.string_rhel_8.3.sh,https://github.com/epeli/underscore.string,,migrated,,
unique-filename,v3.0.0,node,,u/unique-filename/unique-filename_ubi_8.7.sh,https://github.com/npm/unique-filename,,migrated,,
unique-filename,1.1.0,node,,u/unique-filename/unique-filename_rhel_8.3.sh,https://github.com/iarna/unique-filename,,migrated,,
unique-slug,v4.0.0,node,,u/unique-slug/unique-slug_ubi_8.7.sh,https://github.com/npm/unique-slug,,migrated,,
unique-slug,2.0.2,node,,u/unique-slug/unique-slug_rhel_8.3.sh,https://github.com/iarna/unique-slug,,migrated,,
unist-builder,4.0.0,node,,u/unist-builder/unist-builder_ubi_8.7.sh,https://github.com/syntax-tree/unist-builder,,migrated,,
untildify,v5.0.0,node,,u/untildify/untildify_ubi_8.7.sh,https://github.com/sindresorhus/untildify,,migrated,,
untildify,4.0.0,node,,u/untildify/untildify_rhel_8.3.sh,https://github.com/sindresorhus/untildify,,migrated,,
url-loader,v0.6.2,node,,u/url-loader/url-loader_ubi_8.5.sh,https://github.com/webpack-contrib/url-loader.git,,migrated,,
url-loader,0.5.5,node,,u/url-loader/url-loader_rhel_8.3.sh,https://github.com/webpack-contrib/url-loader,,migrated,,
url-parse,1.4.7,node,,u/url-parse/url-parse_ubi_8.5.sh,https://github.com/unshiftio/url-parse.git,,migrated,,
vise,v3.1.1,node,,v/vise/vise_ubi_8.5.sh,https://github.com/hapijs/vise.git,,migrated,,
vue,${1:-,node,,v/vue/vue_ubi_8.5.sh,https://github.com/vuejs/vue,,migrated,,
webpack,v4.46.0,node,,w/webpack/webpack_ubi_8.5.sh,https://github.com/webpack/webpack.git,,migrated,,
wrap-ansi,6.2.0,node,,w/wrap-ansi/wrap-ansi_rhel_8.3.sh,https://github.com/chalk/wrap-ansi,,migrated,,
wrap-ansi,5.1.0,node,,w/wrap-ansi/wrap-ansi_ubi8.sh,https://github.com/chalk/wrap-ansi,,migrated,,
wreck,v15.1.0,node,,w/wreck/wreck_ubi_8.5.sh,https://github.com/hapijs/wreck.git,,migrated,,
xml-crypto,v4.1.0,node,,x/xml-crypto/xml-crypto_ubi_8.7.sh,https://github.com/node-saml/xml-crypto,,migrated,,
xml-crypto,1.5.3,node,,x/xml-crypto/xml-crypto_rhel_8.3.sh,https://github.com/yaronn/xml-crypto,,migrated,,
yaeti,0.0.6,node,,y/yaeti/yaeti_ubi_8.5.sh,https://github.com/ibc/yaeti.git,,migrated,,
yallist,v4.0.0,node,,y/yallist/yallist_ubi_8.7.sh,https://github.com/isaacs/yallist,,migrated,,
yallist,4.0.0,node,,y/yallist/yallist_rhel_8.3.sh,https://github.com/isaacs/yallist,,migrated,,
yeoman-environment,v2.8.0,node,,y/yeoman-environment/yeoman-environment_ubi_8.5.sh,https://github.com/yeoman/environment.git,,migrated,,
z-schema,$1,node,,z/z-schema/z-schema_rhel_8_4.sh,https://github.com/zaggino/z-schema.git,,migrated,,
z-schema,v6.0.1,node,,z/z-schema/z-schema_ubi_8.5.sh,https://github.com/zaggino/z-schema.git,,migrated,,
apache-avro,1.8.2,node,,a/apache-avro/avro_1.8.2_rhel_7.6.sh,https://github.com/apache/avro,,migrated,,
apache-flink,master,node,,a/apache-flink/apache-flink_master_rhel_8.3.sh,https://github.com/apache/flink,,migrated,,
bootstrap-datepicker,v1.9.0,node,,b/bootstrap-datepicker/Bootstrap-datetimepicker_ubi_8.3.sh,https://github.com/uxsolutions/bootstrap-datepicker,,migrated,,
bytes,3.0.0,node,,b/bytes/bytes_rhel_8.3.sh,https://github.com/visionmedia/bytes.js,,migrated,,
caniuse,60390c9,node,,c/caniuse/caniuse-db_ubi_8.3.sh,https://github.com/Fyrd/caniuse.git,,migrated,,
elasticsearch,,node,,e/elasticsearch/Dockerfiles/7.11.2_ubi_8/bin/docker-entrypoint.sh,,,migrated,,
grafana,v4.3.0-bet1,node,,g/grafana/grafana_rhel_7.3.sh,https://github.com/grafana/grafana,,migrated,,
grafana,v8.1.5,node,,g/grafana/grafana_ubi8.4.sh,https://github.com/grafana/grafana.git,,migrated,,
grafana,v4.3.0-bet1,node,,g/grafana/grafana_ubuntu_16.04.sh,https://github.com/grafana/grafana,,migrated,,
react-draggable,master,node,,r/react-draggable/react-draggable-master_ubi8.3.sh,https://github.com/react-grid-layout/react-draggable.git,,migrated,,
react-draggable,2.2.3,node,,r/react-draggable/react-draggable_ubuntu_18.04.sh,https://github.com/mzabriskie/react-draggable,,migrated,,
use-resize-observer,master,node,,u/use-resize-observer/use-resize-observer_master_ubi_8.3.sh,https://github.com/ZeeCoder/use-resize-observer.git,,migrated,,
wazuh,3.8.2,node,,w/wazuh/wazuh_api_3.8.2_rhel_7.6.sh,https://github.com/wazuh/wazuh.git,,migrated,,
wazuh,3.8.2,node,,w/wazuh/wazuh_api_3.8.2_ubuntu_18.04.sh,https://github.com/wazuh/wazuh.git,,migrated,,
wazuh,3.9.1,node,,w/wazuh/wazuh_api_3.9.1_rhel_7.6.sh,https://github.com/wazuh/wazuh.git,,migrated,,
werkzeug,master,node,,w/werkzeug/werkzeug_rhel_7.6.sh,https://github.com/jarends/werkzeug.git,,migrated,,
yaml,v1.10.0,node,,y/yaml/yaml_rhel_7.6.sh,https://github.com/eemeli/yaml.git,,migrated,,
abbrev,1.1.1,node,,a/abbrev/abbrev_rhel_8.3.sh,https://github.com/isaacs/abbrev-js,,migrated,,
abstract-logging,2.0.1,node,,a/abstract-logging/abstract-logging_rhel_8.3.sh,https://github.com/jsumners/abstract-logging,,migrated,,
acorn-globals,4.3.4,node,,a/acorn-globals/acorn-globals_rhel_8.3.sh,https://github.com/ForbesLindesay/acorn-globals,,migrated,,
acorn-jsx,5.3.1,node,,a/acorn-jsx/acorn-jsx_rhel_8.3.sh,https://github.com/acornjs/acorn-jsx,,migrated,,
adal-node,0.1.28,node,,a/adal-node/adal-node_rhel_8.3.sh,https://github.com/AzureAD/azure-activedirectory-library-for-nodejs,,migrated,,
agent-base,4.3.0,node,,a/agent-base/agent-base_rhel_8.3.sh,https://github.com/TooTallNate/node-agent-base,,migrated,,
agent-base,6.0.2,node,,a/agent-base/agent-base_ubi_8.5.sh,https://github.com/TooTallNate/node-agent-base,,migrated,,
agent-base,6.0.0,node,,a/agent-base/agent_base_rhel_7.6.sh,https://github.com/TooTallNate/node-agent-base,,migrated,,
aggregate-error,3.1.0,node,,a/aggregate-error/aggregate-error_rhel_8.3.sh,https://github.com/sindresorhus/aggregate-error,,migrated,,
ajv-keywords,3.5.2,node,,a/ajv-keywords/ajv-keywords_rhel_8.3.sh,https://github.com/epoberezkin/ajv-keywords,,migrated,,
align-text,0.1.4,node,,a/align-text/align-text_rhel_8.3.sh,https://github.com/jonschlinkert/align-text,,migrated,,
alter,0.2.0,node,,a/alter/alter_rhel_8.3.sh,https://github.com/olov/alter,,migrated,,
ampretia__x509,0.4.8,node,,a/ampretia__x509/ampretia__x509_rhel_8.3.sh,https://github.com/ampretia/node-x509,,migrated,,
anser,1.4.1,node,,a/anser/anser_rhel_8.3.sh,https://github.com/IonicaBizau/anser,,migrated,,
ansi-align,2.0.0,node,,a/ansi-align/ansi-align_rhel_8.3.sh,https://github.com/nexdrew/ansi-align,,migrated,,
ansi-bgblack,0.1.1,node,,a/ansi-bgblack/ansi-bgblack_rhel_8.3.sh,https://github.com/jonschlinkert/ansi-bgblack,,migrated,,
ansi-bgblue,0.1.1,node,,a/ansi-bgblue/ansi-bgblue_rhel_8.3.sh,https://github.com/jonschlinkert/ansi-bgblue,,migrated,,
ansi-bgcyan,0.1.1,node,,a/ansi-bgcyan/ansi-bgcyan_rhel_8.3.sh,https://github.com/jonschlinkert/ansi-bgcyan,,migrated,,
ansi-bggreen,0.1.1,node,,a/ansi-bggreen/ansi-bggreen_rhel_8.3.sh,https://github.com/jonschlinkert/ansi-bggreen,,migrated,,
ansi-bgmagenta,0.1.1,node,,a/ansi-bgmagenta/ansi-bgmagenta_rhel_8.3.sh,https://github.com/jonschlinkert/ansi-bgmagenta,,migrated,,
ansi-bgred,0.1.1,node,,a/ansi-bgred/ansi-bgred_rhel_8.3.sh,https://github.com/jonschlinkert/ansi-bgred,,migrated,,
ansi-bgwhite,0.1.1,node,,a/ansi-bgwhite/ansi-bgwhite_rhel_8.3.sh,https://github.com/jonschlinkert/ansi-bgwhite,,migrated,,
ansi-bgyellow,0.1.1,node,,a/ansi-bgyellow/ansi-bgyellow_rhel_8.3.sh,https://github.com/jonschlinkert/ansi-bgyellow,,migrated,,
ansi-black,0.1.1,node,,a/ansi-black/ansi-black_rhel_8.3.sh,https://github.com/jonschlinkert/ansi-black,,migrated,,
ansi-blue,0.1.1,node,,a/ansi-blue/ansi-blue_rhel_8.3.sh,https://github.com/jonschlinkert/ansi-blue,,migrated,,
ansi-colors,4.1.1,node,,a/ansi-colors/ansi-colors_rhel_8.3.sh,https://github.com/doowb/ansi-colors,,migrated,,
ansi-cyan,0.1.1,node,,a/ansi-cyan/ansi-cyan_rhel_8.3.sh,https://github.com/jonschlinkert/ansi-cyan,,migrated,,
ansi-dim,0.1.1,node,,a/ansi-dim/ansi-dim_rhel_8.3.sh,https://github.com/jonschlinkert/ansi-dim,,migrated,,
ansi-gray,0.1.1,node,,a/ansi-gray/ansi-gray_rhel_8.3.sh,https://github.com/jonschlinkert/ansi-gray,,migrated,,
ansi-green,0.1.1,node,,a/ansi-green/ansi-green_rhel_8.3.sh,https://github.com/jonschlinkert/ansi-green,,migrated,,
ansi-grey,0.1.1,node,,a/ansi-grey/ansi-grey_rhel_8.3.sh,https://github.com/jonschlinkert/ansi-grey,,migrated,,
ansi-hidden,0.1.1,node,,a/ansi-hidden/ansi-hidden_rhel_8.3.sh,https://github.com/jonschlinkert/ansi-hidden,,migrated,,
ansi-inverse,0.1.1,node,,a/ansi-inverse/ansi-inverse_rhel_8.3.sh,https://github.com/jonschlinkert/ansi-inverse,,migrated,,
ansi-italic,0.1.1,node,,a/ansi-italic/ansi-italic_rhel_8.3.sh,https://github.com/jonschlinkert/ansi-italic,,migrated,,
ansi-magenta,0.1.1,node,,a/ansi-magenta/ansi-magenta_rhel_8.3.sh,https://github.com/jonschlinkert/ansi-magenta,,migrated,,
ansi-red,0.1.1,node,,a/ansi-red/ansi-red_rhel_8.3.sh,https://github.com/jonschlinkert/ansi-red,,migrated,,
ansi-reset,0.1.1,node,,a/ansi-reset/ansi-reset_rhel_8.3.sh,https://github.com/jonschlinkert/ansi-reset,,migrated,,
ansi-strikethrough,0.1.1,node,,a/ansi-strikethrough/ansi-strikethrough_rhel_8.3.sh,https://github.com/jonschlinkert/ansi-strikethrough,,migrated,,
ansi-styles,4.3.0,node,,a/ansi-styles/ansi-styles_rhel_8.3.sh,https://github.com/chalk/ansi-styles,,migrated,,
ansi-underline,0.1.1,node,,a/ansi-underline/ansi-underline_rhel_8.3.sh,https://github.com/jonschlinkert/ansi-underline,,migrated,,
ansi-white,0.1.1,node,,a/ansi-white/ansi-white_rhel_8.3.sh,https://github.com/jonschlinkert/ansi-white,,migrated,,
ansi-yellow,0.1.1,node,,a/ansi-yellow/ansi-yellow_rhel_8.3.sh,https://github.com/jonschlinkert/ansi-yellow,,migrated,,
ansicolors,0.3.2,node,,a/ansicolors/ansicolors_rhel_8.3.sh,https://github.com/thlorenz/ansicolors,,migrated,,
ansicolors,0.3.2,node,,a/ansicolors/ansicolors_ubuntu_18.04.sh,https://github.com/thlorenz/ansicolors.git,,migrated,,
ansistyles,0.1.3,node,,a/ansistyles/ansistyles_rhel_8.3.sh,https://github.com/thlorenz/ansistyles,,migrated,,
anymatch,3.1.2,node,,a/anymatch/anymatch_rhel_8.3.sh,https://github.com/micromatch/anymatch,,migrated,,
apidevtools__swagger-methods,3.0.2,node,,a/apidevtools__swagger-methods/apidevtools__swagger-methods_rhel_8.3.sh,https://github.com/APIDevTools/swagger-methods,,migrated,,
app-builder,5.2.0,node,,a/app-builder/app-builder_rhel_8.3.sh,https://github.com/calebboyd/app-builder,,migrated,,
app-root-path,2.2.1,node,,a/app-root-path/app-root-path_rhel_8.3.sh,https://github.com/inxilpro/node-app-root-path,,migrated,,
append-field,1.0.0,node,,a/append-field/append-field_rhel_8.3.sh,https://github.com/LinusU/node-append-field,,migrated,,
append-transform,2.0.0,node,,a/append-transform/append-transform_rhel_8.3.sh,https://github.com/istanbuljs/append-transform,,migrated,,
aproba,2.0.0,node,,a/aproba/aproba_rhel_8.3.sh,https://github.com/iarna/aproba,,migrated,,
aproba,2.0.0,node,,a/aproba/aproba_ubuntu_18.04.sh,https://github.com/iarna/aproba.git,,migrated,,
archiver-utils,1.3.0,node,,a/archiver-utils/archiver-utils_rhel_8.3.sh,https://github.com/archiverjs/archiver-utils,,migrated,,
are-we-there-yet,1.1.4,node,,a/are-we-there-yet/are-we-there-yet_rhel_8.3.sh,https://github.com/iarna/are-we-there-yet,,migrated,,
arity-n,1.0.4,node,,a/arity-n/arity-n_rhel_8.3.sh,http://github.com/stoeffel/arityN,,migrated,,
arr-diff,4.0.0,node,,a/arr-diff/arr-diff_rhel_8.3.sh,https://github.com/jonschlinkert/arr-diff,,migrated,,
arr-filter,1.1.2,node,,a/arr-filter/arr-filter_rhel_8.3.sh,https://github.com/jonschlinkert/arr-filter,,migrated,,
arr-flatten,1.1.0,node,,a/arr-flatten/arr-flatten_rhel_8.3.sh,https://github.com/jonschlinkert/arr-flatten,,migrated,,
arr-swap,1.0.1,node,,a/arr-swap/arr-swap_rhel_8.3.sh,https://github.com/jonschlinkert/arr-swap,,migrated,,
arr-union,3.1.0,node,,a/arr-union/arr-union_rhel_8.3.sh,https://github.com/jonschlinkert/arr-union,,migrated,,
array-differ,3.0.0,node,,a/array-differ/array-differ_rhel_8.3.sh,https://github.com/sindresorhus/array-differ,,migrated,,
array-each,1.0.1,node,,a/array-each/array-each_rhel_8.3.sh,https://github.com/jonschlinkert/array-each,,migrated,,
array-filter,0.0.1,node,,a/array-filter/array-filter_rhel_8.3.sh,https://github.com/juliangruber/array-filter,,migrated,,
array-flatten,2.1.2,node,,a/array-flatten/array-flatten_rhel_8.3.sh,https://github.com/blakeembrey/array-flatten,,migrated,,
array-includes,3.1.3,node,,a/array-includes/array-includes_rhel_8.3.sh,https://github.com/es-shims/array-includes,,migrated,,
array-map,0.0.0,node,,a/array-map/array-map_rhel_8.3.sh,https://github.com/substack/array-map,,migrated,,
array-reduce,0.0.0,node,,a/array-reduce/array-reduce_rhel_8.3.sh,https://github.com/substack/array-reduce,,migrated,,
array-slice,1.1.0,node,,a/array-slice/array-slice_rhel_8.3.sh,https://github.com/jonschlinkert/array-slice,,migrated,,
array-sort,0.1.4,node,,a/array-sort/array-sort_rhel_8.3.sh,https://github.com/jonschlinkert/array-sort,,migrated,,
array-uniq,1.0.2,node,,a/array-uniq/array-uniq_rhel_8.3.sh,https://github.com/sindresorhus/array-uniq,,migrated,,
array-unique,0.3.2,node,,a/array-unique/array-unique_rhel_8.3.sh,https://github.com/jonschlinkert/array-unique,,migrated,,
array.prototype.flat,1.2.4,node,,a/array.prototype.flat/array.prototype.flat_rhel_8.3.sh,https://github.com/es-shims/Array.prototype.flat,,migrated,,
asap,2.0.5,node,,a/asap/asap_rhel_8.3.sh,https://github.com/kriskowal/asap,,migrated,,
asn1,0.2.4,node,,a/asn1/asn1_rhel_8.3.sh,https://github.com/joyent/node-asn1,,migrated,,
asn1,0.2.4,node,,a/asn1/asn1_rhel_7.6.sh,https://github.com/joyent/node-asn1,,migrated,,
asn1.js,5.4.1,node,,a/asn1.js/asn1.js_rhel_8.3.sh,https://github.com/indutny/asn1.js,,migrated,,
asn1js,1.2.12,node,,a/asn1js/asn1js_rhel_8.3.sh,https://github.com/PeculiarVentures/asn1.js,,migrated,,
assert-plus,1.0.0,node,,a/assert-plus/assert-plus_rhel_8.3.sh,https://github.com/mcavage/node-assert-plus,,migrated,,
assertion-error,1.1.0,node,,a/assertion-error/assertion-error_rhel_8.3.sh,https://github.com/chaijs/assertion-error,,migrated,,
assign-symbols,1.0.0,node,,a/assign-symbols/assign-symbols_rhel_8.3.sh,https://github.com/jonschlinkert/assign-symbols,,migrated,,
astral-regex,2.0.0,node,,a/astral-regex/astral-regex_rhel_8.3.sh,https://github.com/kevva/astral-regex,,migrated,,
async-hook-jl,1.7.6,node,,a/async-hook-jl/async-hook-jl_rhel_8.3.sh,https://github.com/jeff-lewis/async-hook-jl,,migrated,,
async-limiter,1.0.1,node,,a/async-limiter/async-limiter_rhel_8.3.sh,https://github.com/strml/async-limiter,,migrated,,
asyncapi__avro-schema-parser,0.2.1,node,,a/asyncapi__avro-schema-parser/asyncapi__avro-schema-parser_rhel_8.3.sh,https://github.com/asyncapi/avro-schema-parser,,migrated,,
asyncapi__openapi-schema-parser,2.0.1,node,,a/asyncapi__openapi-schema-parser/asyncapi__openapi-schema-parser_rhel_8.3.sh,https://github.com/asyncapi/openapi-schema-parser,,migrated,,
asyncapi__specs,2.7.7,node,,a/asyncapi__specs/asyncapi__specs_rhel_8.3.sh,https://github.com/asyncapi/asyncapi-node,,migrated,,
at-least-node,1.0.0,node,,a/at-least-node/at-least-node_rhel_8.3.sh,https://github.com/RyanZim/at-least-node,,migrated,,
avvio,7.2.0,node,,a/avvio/avvio_rhel_8.3.sh,https://github.com/fastify/avvio,,migrated,,
aws4,1.11.0,node,,a/aws4/aws4_rhel_8.3.sh,https://github.com/mhart/aws4,,migrated,,
babel-plugin-dev-expression,0.2.2,node,,b/babel-plugin-dev-expression/babel-plugin-dev-expression_rhel_8.3.sh,https://github.com/4Catalyzer/babel-plugin-dev-expression,,migrated,,
babel-plugin-istanbul,5.2.0,node,,b/babel-plugin-istanbul/babel-plugin-istanbul_rhel_8.3.sh,https://github.com/istanbuljs/babel-plugin-istanbul,,migrated,,
babel-plugin-transform-react-remove-prop-types,0.4.24,node,,b/babel-plugin-transform-react-remove-prop-types/babel-plugin-transform-react-remove-prop-types_rhel_8.3.sh,https://github.com/oliviertassinari/babel-plugin-transform-react-remove-prop-types,,migrated,,
babel-preset-current-node-syntax,0.1.4,node,,b/babel-preset-current-node-syntax/babel-preset-current-node-syntax_rhel_8.3.sh,https://github.com/nicolo-ribaudo/babel-preset-current-node-syntax,,migrated,,
bail,1.0.5,node,,b/bail/bail_rhel_8.3.sh,https://github.com/wooorm/bail,,migrated,,
base,0.11.2,node,,b/base/base_rhel_8.3.sh,https://github.com/node-base/base,,migrated,,
base62,1.2.8,node,,b/base62/base62_rhel_8.3.sh,https://github.com/base62/base62.js,,migrated,,
base64-js,1.0.0,node,,b/base64-js/base64-js_rhel_8.3.sh,https://github.com/beatgammit/base64-js,,migrated,,
basic-auth,1.1.0,node,,b/basic-auth/basic-auth_rhel_8.3.sh,https://github.com/jshttp/basic-auth,,migrated,,
big.js,5.2.2,node,,b/big.js/big.js_rhel_8.3.sh,https://github.com/MikeMcl/big.js,,migrated,,
bignumber.js,9.0.1,node,,b/bignumber.js/bignumber.js_rhel_8.3.sh,https://github.com/MikeMcl/bignumber.js,,migrated,,
bin-links,1.1.8,node,,b/bin-links/bin-links_rhel_8.3.sh,https://github.com/npm/bin-links,,migrated,,
binary,0.3.0,node,,b/binary/binary_rhel_8.3.sh,https://github.com/substack/node-binary,,migrated,,
binary-extensions,1.13.1,node,,b/binary-extensions/binary-extensions_rhel_8.3.sh,https://github.com/sindresorhus/binary-extensions,,migrated,,
binaryextensions,2.3.0,node,,b/binaryextensions/binaryextensions_rhel_8.3.sh,https://github.com/bevry/binaryextensions,,migrated,,
binaryextensions,2.2.0,node,,b/binaryextensions/binaryextensions_ubi_8.3.sh,https://github.com/bevry/binaryextensions,,migrated,,
bl,3.0.1,node,,b/bl/bl_rhel_8.3.sh,https://github.com/rvagg/bl,,migrated,,
block-stream,0.0.9,node,,b/block-stream/block-stream_rhel_8.3.sh,https://github.com/isaacs/block-stream,,migrated,,
bluebird,3.5.1,node,,b/bluebird/bluebird_rhel_8.3.sh,https://github.com/petkaantonov/bluebird,,migrated,,
bluebird,3.5.1,node,,b/bluebird/bluebird_ubuntu_18.04.sh,https://github.com/petkaantonov/bluebird.git,,migrated,,
bn.js,5.2.0,node,,b/bn.js/bn.js_rhel_8.3.sh,https://github.com/indutny/bn.js,,migrated,,
bonjour,3.5.0,node,,b/bonjour/bonjour_rhel_8.3.sh,https://github.com/watson/bonjour,,migrated,,
bops,0.0.7,node,,b/bops/bops_rhel_8.3.sh,https://github.com/chrisdickinson/bops,,migrated,,
brace-expansion,1.1.8,node,,b/brace-expansion/brace-expansion_rhel_8.3.sh,https://github.com/juliangruber/brace-expansion,,migrated,,
brcast,3.0.1,node,,b/brcast/brcast_rhel_8.3.sh,https://github.com/vesparny/brcast,,migrated,,
breakable,1.0.0,node,,b/breakable/breakable_rhel_8.3.sh,https://github.com/olov/breakable,,migrated,,
bresenham,0.0.3,node,,b/bresenham/bresenham_rhel_8.3.sh,https://github.com/madbence/node-bresenham,,migrated,,
brorand,1.1.0,node,,b/brorand/brorand_rhel_8.3.sh,https://github.com/indutny/brorand,,migrated,,
browser-resolve,1.11.3,node,,b/browser-resolve/browser-resolve_rhel_8.3.sh,https://github.com/browserify/browser-resolve,,migrated,,
browserify-cipher,1.0.1,node,,b/browserify-cipher/browserify-cipher_rhel_8.3.sh,https://github.com/crypto-browserify/browserify-cipher,,migrated,,
browserify-des,1.0.2,node,,b/browserify-des/browserify-des_rhel_8.3.sh,https://github.com/crypto-browserify/browserify-des,,migrated,,
browserify-rsa,4.1.0,node,,b/browserify-rsa/browserify-rsa_rhel_8.3.sh,https://github.com/crypto-browserify/browserify-rsa,,migrated,,
browserify-sign,4.2.1,node,,b/browserify-sign/browserify-sign_rhel_8.3.sh,https://github.com/crypto-browserify/browserify-sign,,migrated,,
bser,${1:-,node,,b/bser/bser_ubi_8.5.sh,https://github.com/facebook/watchman,,migrated,,
buffer-alloc,1.2.0,node,,b/buffer-alloc/buffer-alloc_rhel_8.3.sh,https://github.com/LinusU/buffer-alloc,,migrated,,
buffer-alloc-unsafe,1.1.0,node,,b/buffer-alloc-unsafe/buffer-alloc-unsafe_rhel_8.3.sh,https://github.com/LinusU/buffer-alloc-unsafe,,migrated,,
buffer-crc32,0.2.13,node,,b/buffer-crc32/buffer-crc32_rhel_8.3.sh,https://github.com/brianloveswords/buffer-crc32,,migrated,,
buffer-equal-constant-time,1.0.1,node,,b/buffer-equal-constant-time/buffer-equal-constant-time_rhel_8.3.sh,https://github.com/goinstant/buffer-equal-constant-time,,migrated,,
buffer-from,1.0.0,node,,b/buffer-from/buffer-from_rhel_8.3.sh,https://github.com/LinusU/buffer-from,,migrated,,
buffer-indexof,1.1.1,node,,b/buffer-indexof/buffer-indexof_rhel_8.3.sh,https://github.com/soldair/node-buffer-indexof,,migrated,,
buffer-indexof-polyfill,1.0.2,node,,b/buffer-indexof-polyfill/buffer-indexof-polyfill_rhel_8.3.sh,https://github.com/sarosia/buffer-indexof-polyfill,,migrated,,
buffer-writer,2.0.0,node,,b/buffer-writer/buffer-writer_rhel_8.3.sh,https://github.com/brianc/node-buffer-writer,,migrated,,
buffer-xor,1.0.3,node,,b/buffer-xor/buffer-xor_rhel_8.3.sh,https://github.com/crypto-browserify/buffer-xor,,migrated,,
buildmail,4.0.1,node,,b/buildmail/buildmail_rhel_8.3.sh,https://github.com/andris9/buildmail,,migrated,,
builtin-status-codes,3.0.0,node,,b/builtin-status-codes/builtin-status-codes_rhel_8.3.sh,https://github.com/bendrucker/builtin-status-codes,,migrated,,
builtins,1.0.3,node,,b/builtins/builtins_rhel_8.3.sh,https://github.com/juliangruber/builtins,,migrated,,
bunyan,1.8.15,node,,b/bunyan/bunyan_rhel_8.3.sh,https://github.com/trentm/node-bunyan,,migrated,,
bunyan-prettystream,0.1.3,node,,b/bunyan-prettystream/bunyan-prettystream_rhel_8.3.sh,https://github.com/mrrama/node-bunyan-prettystream,,migrated,,
busboy,0.2.14,node,,b/busboy/busboy_rhel_8.3.sh,https://github.com/mscdex/busboy,,migrated,,
byte-size,5.0.1,node,,b/byte-size/byte-size_rhel_8.3.sh,https://github.com/75lb/byte-size,,migrated,,
cache-content-type,1.0.1,node,,c/cache-content-type/cache-content-type_rhel_8.3.sh,https://github.com/node-modules/cache-content-type,,migrated,,
cacheable-lookup,5.0.4,node,,c/cacheable-lookup/cacheable-lookup_rhel_8.3.sh,https://github.com/szmarczak/cacheable-lookup,,migrated,,
caching-transform,4.0.0,node,,c/caching-transform/caching-transform_rhel_8.3.sh,https://github.com/istanbuljs/caching-transform,,migrated,,
call-limit,1.1.0,node,,c/call-limit/call-limit_rhel_8.3.sh,https://github.com/iarna/call-limit,,migrated,,
caller-path,0.1.0,node,,c/caller-path/caller-path_rhel_8.3.sh,https://github.com/sindresorhus/caller-path,,migrated,,
callsites,0.2.0,node,,c/callsites/callsites_rhel_8.3.sh,https://github.com/sindresorhus/callsites,,migrated,,
camel-case,4.1.2,node,,c/camel-case/camel-case_rhel_8.3.sh,https://github.com/blakeembrey/change-case,,migrated,,
camelcase,6.2.0,node,,c/camelcase/camelcase_rhel_8.3.sh,https://github.com/sindresorhus/camelcase,,migrated,,
camelize,1.0.0,node,,c/camelize/camelize_rhel_8.3.sh,https://github.com/substack/camelize,,migrated,,
caniuse-api,3.0.0,node,,c/caniuse-api/caniuse-api_rhel_8.3.sh,https://github.com/nyalab/caniuse-api,,migrated,,
capture-exit,2.0.0,node,,c/capture-exit/capture-exit_rhel_8.3.sh,https://github.com/stefanpenner/capture-exit,,migrated,,
capture-stack-trace,1.0.1,node,,c/capture-stack-trace/capture-stack-trace_rhel_8.3.sh,https://github.com/floatdrop/capture-stack-trace,,migrated,,
cardinal,2.1.1,node,,c/cardinal/cardinal_rhel_8.3.sh,https://github.com/thlorenz/cardinal,,migrated,,
caseless,0.12.0,node,,c/caseless/caseless_rhel_8.3.sh,https://github.com/mikeal/caseless,,migrated,,
caseless,0.12.1,node,,c/caseless/caseless_ubuntu_18.04.sh,https://github.com/mikeal/caseless.git,,migrated,,
center-align,0.1.3,node,,c/center-align/center-align_rhel_8.3.sh,https://github.com/jonschlinkert/center-align,,migrated,,
chai-as-promised,7.1.1,node,,c/chai-as-promised/chai-as-promised_rhel_8.3.sh,https://github.com/domenic/chai-as-promised,,migrated,,
chai-things,0.2.0,node,,c/chai-things/chai-things_rhel_8.3.sh,https://github.com/RubenVerborgh/Chai-Things,,migrated,,
chain-able,3.0.0,node,,c/chain-able/chain-able_rhel_8.3.sh,https://github.com/fluents/chain-able,,migrated,,
chance,1.1.7,node,,c/chance/chance_rhel_8.3.sh,https://github.com/chancejs/chancejs,,migrated,,
change-case,4.1.2,node,,c/change-case/change-case_rhel_8.3.sh,https://github.com/blakeembrey/change-case,,migrated,,
change-emitter,0.1.6,node,,c/change-emitter/change-emitter_rhel_8.3.sh,https://github.com/acdlite/change-emitter,,migrated,,
character-entities-legacy,1.1.4,node,,c/character-entities-legacy/character-entities-legacy_rhel_8.3.sh,https://github.com/wooorm/character-entities-legacy,,migrated,,
cidr-regex,1.0.6,node,,c/cidr-regex/cidr-regex_rhel_8.3.sh,https://github.com/silverwind/cidr-regex,,migrated,,
cipher-base,1.0.4,node,,c/cipher-base/cipher-base_rhel_8.3.sh,https://github.com/crypto-browserify/cipher-base,,migrated,,
circular-json,0.5.9,node,,c/circular-json/circular-json_rhel_8.3.sh,https://github.com/WebReflection/circular-json,,migrated,,
class-utils,0.3.6,node,,c/class-utils/class-utils_rhel_8.3.sh,https://github.com/jonschlinkert/class-utils,,migrated,,
clean-css,4.2.3,node,,c/clean-css/clean-css_rhel_8.3.sh,https://github.com/jakubpawlowicz/clean-css,,migrated,,
clean-stack,2.2.0,node,,c/clean-stack/clean-stack_rhel_8.3.sh,https://github.com/sindresorhus/clean-stack,,migrated,,
cli-columns,3.1.2,node,,c/cli-columns/cli-columns_rhel_8.3.sh,https://github.com/shannonmoeller/cli-columns,,migrated,,
cli-width,3.0.0,node,,c/cli-width/cli-width_rhel_8.3.sh,https://github.com/knownasilya/cli-width,,migrated,,
clone,1.0.2,node,,c/clone/clone_rhel_8.3.sh,https://github.com/pvorb/node-clone,,migrated,,
clone-buffer,1.0.0,node,,c/clone-buffer/clone-buffer_rhel_8.3.sh,https://github.com/gulpjs/clone-buffer,,migrated,,
clone-deep,0.2.4,node,,c/clone-deep/clone-deep_rhel_8.3.sh,https://github.com/jonschlinkert/clone-deep,,migrated,,
clone-stats,1.0.0,node,,c/clone-stats/clone-stats_rhel_8.3.sh,https://github.com/hughsk/clone-stats,,migrated,,
cloneable-readable,1.1.3,node,,c/cloneable-readable/cloneable-readable_rhel_8.3.sh,https://github.com/mcollina/cloneable-readable,,migrated,,
cloudant__cloudant,2.4.1,node,,c/cloudant__cloudant/cloudant__cloudant_rhel_8.3.sh,https://github.com/cloudant/nodejs-cloudant,,migrated,,
co,4.6.0,node,,c/co/co_rhel_8.3.sh,https://github.com/tj/co,,migrated,,
co-from-stream,0.0.0,node,,c/co-from-stream/co-from-stream_rhel_8.3.sh,https://github.com/juliangruber/co-from-stream,,migrated,,
code-block-writer,10.1.1,node,,c/code-block-writer/code-block-writer_rhel_8.3.sh,https://github.com/dsherret/code-block-writer,,migrated,,
code-error-fragment,0.0.230,node,,c/code-error-fragment/code-error-fragment_rhel_8.3.sh,https://github.com/vtrushin/code-error-fragment,,migrated,,
collapse-white-space,1.0.6,node,,c/collapse-white-space/collapse-white-space_rhel_8.3.sh,https://github.com/wooorm/collapse-white-space,,migrated,,
collection-visit,1.0.0,node,,c/collection-visit/collection-visit_rhel_8.3.sh,https://github.com/jonschlinkert/collection-visit,,migrated,,
color,3.1.3,node,,c/color/color_rhel_8.3.sh,https://github.com/Qix-/color,,migrated,,
color-convert,1.9.0,node,,c/color-convert/color-convert_rhel_8.3.sh,https://github.com/Qix-/color-convert,,migrated,,
color-name,1.1.4,node,,c/color-name/color-name_rhel_8.3.sh,https://github.com/colorjs/color-name,,migrated,,
color-string,1.5.5,node,,c/color-string/color-string_rhel_8.3.sh,https://github.com/Qix-/color-string,,migrated,,
colornames,1.1.1,node,,c/colornames/colornames_rhel_8.3.sh,https://github.com/timoxley/colornames,,migrated,,
combined-stream,1.0.6,node,,c/combined-stream/combined-stream_rhel_8.3.sh,https://github.com/felixge/node-combined-stream,,migrated,,
commist,1.1.0,node,,c/commist/commist_rhel_8.3.sh,https://github.com/mcollina/commist,,migrated,,
common-tags,1.8.0,node,,c/common-tags/common-tags_rhel_8.3.sh,https://github.com/declandewet/common-tags,,migrated,,
commondir,0.0.1,node,,c/commondir/commondir_rhel_8.3.sh,http://github.com/substack/node-commondir,,migrated,,
commoner,0.10.8,node,,c/commoner/commoner_rhel_8.3.sh,https://github.com/benjamn/commoner,,migrated,,
component-clone,0.2.2,node,,c/component-clone/component-clone_rhel_8.3.sh,https://github.com/component/clone,,migrated,,
compress-commons,1.2.2,node,,c/compress-commons/compress-commons_rhel_8.3.sh,https://github.com/archiverjs/node-compress-commons,,migrated,,
compressible,2.0.14,node,,c/compressible/compressible_rhel_8.3.sh,https://github.com/jshttp/compressible,,migrated,,
compression,1.7.3,node,,c/compression/compression_rhel_8.3.sh,https://github.com/expressjs/compression,,migrated,,
concat-map,0.0.1,node,,c/concat-map/concat-map_rhel_8.3.sh,https://github.com/substack/node-concat-map,,migrated,,
concat-stream,1.6.0,node,,c/concat-stream/concat-stream_rhel_8.3.sh,https://github.com/maxogden/concat-stream,,migrated,,
concat-stream,1.6.2,node,,c/concat-stream/concat-stream_ubuntu_18.04.sh,https://github.com/maxogden/concat-stream.git,,migrated,,
config-chain,1.1.12,node,,c/config-chain/config-chain_rhel_8.3.sh,https://github.com/dominictarr/config-chain,,migrated,,
config-chain,1.1.11,node,,c/config-chain/config-chain_ubuntu_18.04.sh,https://github.com/dominictarr/config-chain.git,,migrated,,
configstore,5.0.1,node,,c/configstore/configstore_rhel_8.3.sh,https://github.com/yeoman/configstore,,migrated,,
connect-history-api-fallback,1.6.0,node,,c/connect-history-api-fallback/connect-history-api-fallback_rhel_8.3.sh,https://github.com/bripkens/connect-history-api-fallback,,migrated,,
console-control-strings,1.1.0,node,,c/console-control-strings/console-control-strings_rhel_8.3.sh,https://github.com/iarna/console-control-strings,,migrated,,
contains-path,0.1.0,node,,c/contains-path/contains-path_rhel_8.3.sh,https://github.com/jonschlinkert/contains-path,,migrated,,
content-disposition,0.5.2,node,,c/content-disposition/content-disposition_rhel_8.3.sh,https://github.com/jshttp/content-disposition,,migrated,,
content-security-policy-builder,2.0.0,node,,c/content-security-policy-builder/content-security-policy-builder_rhel_8.3.sh,https://github.com/helmetjs/content-security-policy-builder,,migrated,,
content-type,1.0.4,node,,c/content-type/content-type_rhel_8.3.sh,https://github.com/jshttp/content-type,,migrated,,
convert-source-map,0.3.5,node,,c/convert-source-map/convert-source-map_rhel_8.3.sh,https://github.com/thlorenz/convert-source-map,,migrated,,
copy-concurrently,1.0.5,node,,c/copy-concurrently/copy-concurrently_rhel_8.3.sh,https://github.com/npm/copy-concurrently,,migrated,,
copy-descriptor,0.1.1,node,,c/copy-descriptor/copy-descriptor_rhel_8.3.sh,https://github.com/jonschlinkert/copy-descriptor,,migrated,,
copy-to-clipboard,3.3.1,node,,c/copy-to-clipboard/copy-to-clipboard_rhel_8.3.sh,https://github.com/sudodoki/copy-to-clipboard,,migrated,,
core-util-is,1.0.2,node,,c/core-util-is/core-util-is_rhel_8.3.sh,https://github.com/isaacs/core-util-is,,migrated,,
cors,2.8.5,node,,c/cors/cors_rhel_8.3.sh,https://github.com/expressjs/cors,,migrated,,
crc32-stream,2.0.0,node,,c/crc32-stream/crc32-stream_rhel_8.3.sh,https://github.com/archiverjs/node-crc32-stream,,migrated,,
create-ecdh,4.0.4,node,,c/create-ecdh/create-ecdh_rhel_8.3.sh,https://github.com/crypto-browserify/createECDH,,migrated,,
create-error-class,3.0.2,node,,c/create-error-class/create-error-class_rhel_8.3.sh,https://github.com/floatdrop/create-error-class,,migrated,,
create-frame,1.0.0,node,,c/create-frame/create-frame_rhel_8.3.sh,https://github.com/jonschlinkert/create-frame,,migrated,,
cron,1.8.2,node,,c/cron/cron_rhel_8.3.sh,https://github.com/kelektiv/node-cron,,migrated,,
crypto-random-string,2.0.0,node,,c/crypto-random-string/crypto-random-string_rhel_8.3.sh,https://github.com/sindresorhus/crypto-random-string,,migrated,,
css,2.2.4,node,,c/css/css_rhel_8.3.sh,https://github.com/reworkcss/css,,migrated,,
css-blank-pseudo,0.1.4,node,,c/css-blank-pseudo/css-blank-pseudo_rhel_8.3.sh,https://github.com/csstools/css-blank-pseudo,,migrated,,
css-declaration-sorter,4.0.1,node,,c/css-declaration-sorter/css-declaration-sorter_rhel_8.3.sh,https://github.com/Siilwyn/css-declaration-sorter,,migrated,,
css-has-pseudo,0.10.0,node,,c/css-has-pseudo/css-has-pseudo_rhel_8.3.sh,https://github.com/csstools/css-has-pseudo,,migrated,,
css-prefers-color-scheme,3.1.1,node,,c/css-prefers-color-scheme/css-prefers-color-scheme_rhel_8.3.sh,https://github.com/csstools/css-prefers-color-scheme,,migrated,,
css-tree,1.0.0-alpha.37,node,,c/css-tree/css-tree_rhel_8.3.sh,https://github.com/csstree/csstree,,migrated,,
css-what,3.4.2,node,,c/css-what/css-what_rhel_8.3.sh,https://github.com/fb55/css-what,,migrated,,
cssdb,4.4.0,node,,c/cssdb/cssdb_rhel_8.3.sh,https://github.com/csstools/cssdb,,migrated,,
cssesc,3.0.0,node,,c/cssesc/cssesc_rhel_8.3.sh,https://github.com/mathiasbynens/cssesc,,migrated,,
csso,4.2.0,node,,c/csso/csso_rhel_8.3.sh,https://github.com/css/csso,,migrated,,
cssstyle,1.4.0,node,,c/cssstyle/cssstyle_rhel_8.3.sh,https://github.com/jsdom/cssstyle,,migrated,,
csv-generate,3.3.0,node,,c/csv-generate/csv-generate_rhel_8.3.sh,https://github.com/adaltas/node-csv-generate,,migrated,,
csvtojson,2.0.10,node,,c/csvtojson/csvtojson_rhel_8.3.sh,https://github.com/Keyang/node-csvtojson,,migrated,,
curry2,1.0.3,node,,c/curry2/curry2_rhel_8.3.sh,https://github.com/wilmoore/curry2.js,,migrated,,
d,1.0.1,node,,d/d/d_rhel_8.3.sh,https://github.com/medikoo/d,,migrated,,
d3-collection,1.0.4,node,,d/d3-collection/d3-collection_rhel_8.3.sh,https://github.com/d3/d3-collection,,migrated,,
d3-queue,3.0.7,node,,d/d3-queue/d3-queue_rhel_8.3.sh,https://github.com/d3/d3-queue,,migrated,,
d3-request,1.0.6,node,,d/d3-request/d3-request_rhel_8.3.sh,https://github.com/d3/d3-request,,migrated,,
d3-voronoi,1.1.2,node,,d/d3-voronoi/d3-voronoi_rhel_8.3.sh,https://github.com/d3/d3-voronoi,,migrated,,
dabh__diagnostics,2.0.2,node,,d/dabh__diagnostics/dabh__diagnostics_rhel_8.3.sh,https://github.com/3rd-Eden/diagnostics,,migrated,,
damerau-levenshtein,1.0.6,node,,d/damerau-levenshtein/damerau-levenshtein_rhel_8.3.sh,https://github.com/tad-lispy/node-damerau-levenshtein,,migrated,,
dargs,6.1.0,node,,d/dargs/dargs_rhel_8.3.sh,https://github.com/sindresorhus/dargs,,migrated,,
dashdash,1.14.1,node,,d/dashdash/dashdash_rhel_8.3.sh,https://github.com/trentm/node-dashdash,,migrated,,
dasherize,2.0.0,node,,d/dasherize/dasherize_rhel_8.3.sh,https://github.com/shahata/dasherize,,migrated,,
data-urls,1.1.0,node,,d/data-urls/data-urls_rhel_8.3.sh,https://github.com/jsdom/data-urls,,migrated,,
date.js,0.3.3,node,,d/date.js/date.js_rhel_8.3.sh,https://github.com/MatthewMueller/date,,migrated,,
debounce,1.2.1,node,,d/debounce/debounce_rhel_8.3.sh,https://github.com/component/debounce,,migrated,,
debug-log,1.0.1,node,,d/debug-log/debug-log_rhel_8.3.sh,https://github.com/sindresorhus/debug-log,,migrated,,
decamelize,4.0.0,node,,d/decamelize/decamelize_rhel_8.3.sh,https://github.com/sindresorhus/decamelize,,migrated,,
decode-uri-component,0.2.0,node,,d/decode-uri-component/decode-uri-component_rhel_8.3.sh,https://github.com/samverschueren/decode-uri-component,,migrated,,
deep-diff,0.3.8,node,,d/deep-diff/deep-diff_rhel_8.3.sh,https://github.com/flitbit/diff,,migrated,,
deep-equal,2.0.4,node,,d/deep-equal/deep-equal_rhel_8.3.sh,https://github.com/inspect-js/node-deep-equal,,migrated,,
deep-extend,0.6.0,node,,d/deep-extend/deep-extend_rhel_8.3.sh,https://github.com/unclechu/node-deep-extend,,migrated,,
deep-get-set,0.1.1,node,,d/deep-get-set/deep-get-set_rhel_8.3.sh,https://github.com/acstll/deep-get-set,,migrated,,
deep-is,0.1.3,node,,d/deep-is/deep-is_rhel_8.3.sh,http://github.com/thlorenz/deep-is,,migrated,,
deepmerge,4.2.2,node,,d/deepmerge/deepmerge_rhel_8.3.sh,https://github.com/TehShrike/deepmerge,,migrated,,
default-compare,1.0.0,node,,d/default-compare/default-compare_rhel_8.3.sh,https://github.com/doowb/default-compare,,migrated,,
defaults,1.0.3,node,,d/defaults/defaults_rhel_8.3.sh,https://github.com/tmpvar/defaults,,migrated,,
defer-to-connect,2.0.1,node,,d/defer-to-connect/defer-to-connect_rhel_8.3.sh,https://github.com/szmarczak/defer-to-connect,,migrated,,
defer-to-connect,1.1.0,node,,d/defer-to-connect/defer-to-connect_ubi8.sh,https://github.com/szmarczak/defer-to-connect,,migrated,,
define-property,2.0.2,node,,d/define-property/define-property_rhel_8.3.sh,https://github.com/jonschlinkert/define-property,,migrated,,
defined,1.0.0,node,,d/defined/defined_rhel_8.3.sh,https://github.com/substack/defined,,migrated,,
defs,1.1.1,node,,d/defs/defs_rhel_8.3.sh,https://github.com/olov/defs,,migrated,,
del,4.1.1,node,,d/del/del_rhel_8.3.sh,https://github.com/sindresorhus/del,,migrated,,
delayed-stream,1.0.0,node,,d/delayed-stream/delayed-stream_rhel_8.3.sh,https://github.com/felixge/node-delayed-stream,,migrated,,
denque,1.5.0,node,,d/denque/denque_rhel_8.3.sh,https://github.com/invertase/denque,,migrated,,
depd,1.1.1,node,,d/depd/depd_rhel_8.3.sh,https://github.com/dougwilson/nodejs-depd,,migrated,,
deref,0.7.6,node,,d/deref/deref_rhel_8.3.sh,https://github.com/json-schema-faker/deref,,migrated,,
des.js,1.0.1,node,,d/des.js/des.js_rhel_8.3.sh,https://github.com/indutny/des.js,,migrated,,
destroy,1.0.4,node,,d/destroy/destroy_rhel_8.3.sh,https://github.com/stream-utils/destroy,,migrated,,
detect-conflict,1.0.1,node,,d/detect-conflict/detect-conflict_rhel_8.3.sh,https://github.com/SBoudrias/detect-conflict,,migrated,,
detect-file,1.0.0,node,,d/detect-file/detect-file_rhel_8.3.sh,https://github.com/doowb/detect-file,,migrated,,
detect-newline,3.1.0,node,,d/detect-newline/detect-newline_rhel_8.3.sh,https://github.com/sindresorhus/detect-newline,,migrated,,
detect-port-alt,1.1.6,node,,d/detect-port-alt/detect-port-alt_rhel_8.3.sh,https://github.com/node-modules/detect-port,,migrated,,
detective,4.7.1,node,,d/detective/detective_rhel_8.3.sh,https://github.com/browserify/detective,,migrated,,
dezalgo,1.0.3,node,,d/dezalgo/dezalgo_rhel_8.3.sh,https://github.com/npm/dezalgo,,migrated,,
dezalgo,1.0.3,node,,d/dezalgo/dezalgo_ubuntu_18.04.sh,https://github.com/npm/dezalgo.git,,migrated,,
diagnostics,1.1.1,node,,d/diagnostics/diagnostics_rhel_8.3.sh,https://github.com/3rd-Eden/diagnostics,,migrated,,
dicer,0.2.5,node,,d/dicer/dicer_rhel_8.3.sh,https://github.com/mscdex/dicer,,migrated,,
difunc,0.0.4,node,,d/difunc/difunc_rhel_8.3.sh,https://github.com/kogosoftwarellc/js-difunc,,migrated,,
dir-glob,3.0.1,node,,d/dir-glob/dir-glob_rhel_8.3.sh,https://github.com/kevva/dir-glob,,migrated,,
dns-equal,1.0.0,node,,d/dns-equal/dns-equal_rhel_8.3.sh,https://github.com/watson/dns-equal,,migrated,,
dns-packet,1.3.1,node,,d/dns-packet/dns-packet_rhel_8.3.sh,https://github.com/mafintosh/dns-packet,,migrated,,
dns-prefetch-control,0.1.0,node,,d/dns-prefetch-control/dns-prefetch-control_rhel_8.3.sh,https://github.com/helmetjs/dns-prefetch-control,,migrated,,
dns-txt,2.0.2,node,,d/dns-txt/dns-txt_rhel_8.3.sh,https://github.com/watson/dns-txt,,migrated,,
doctrine,1.5.0,node,,d/doctrine/doctrine_rhel_8.3.sh,https://github.com/eslint/doctrine,,migrated,,
dom-converter,0.2.0,node,,d/dom-converter/dom-converter_rhel_8.3.sh,https://github.com/AriaMinaei/dom-converter,,migrated,,
dom-serializer,1.2.0,node,,d/dom-serializer/dom-serializer_rhel_8.3.sh,https://github.com/cheeriojs/dom-renderer,,migrated,,
domain-browser,1.2.0,node,,d/domain-browser/domain-browser_rhel_8.3.sh,https://github.com/bevry/domain-browser,,migrated,,
domutils,2.4.4,node,,d/domutils/domutils_rhel_8.3.sh,https://github.com/fb55/domutils,,migrated,,
dont-sniff-mimetype,1.0.0,node,,d/dont-sniff-mimetype/dont-sniff-mimetype_rhel_8.3.sh,https://github.com/helmetjs/dont-sniff-mimetype,,migrated,,
dot-case,3.0.4,node,,d/dot-case/dot-case_rhel_8.3.sh,https://github.com/blakeembrey/change-case,,migrated,,
dotignore,0.1.2,node,,d/dotignore/dotignore_rhel_8.3.sh,https://github.com/bmeck/dotignore,,migrated,,
dotsplit.js,1.1.0,node,,d/dotsplit.js/dotsplit.js_rhel_8.3.sh,https://github.com/wilmoore/dotsplit.js,,migrated,,
drange,1.1.1,node,,d/drange/drange_rhel_8.3.sh,https://github.com/fent/node-drange,,migrated,,
drawille-blessed-contrib,1.0.0,node,,d/drawille-blessed-contrib/drawille-blessed-contrib_rhel_8.3.sh,https://github.com/madbence/node-drawille,,migrated,,
dset,3.1.0,node,,d/dset/dset_rhel_8.3.sh,https://github.com/lukeed/dset,,migrated,,
duplex,1.0.0,node,,d/duplex/duplex_rhel_8.3.sh,https://github.com/dominictarr/duplex,,migrated,,
duplexer,0.1.2,node,,d/duplexer/duplexer_rhel_8.3.sh,https://github.com/Raynos/duplexer,,migrated,,
duplexer2,0.1.4,node,,d/duplexer2/duplexer2_rhel_8.3.sh,https://github.com/deoxxa/duplexer2,,migrated,,
duplexify,3.5.0,node,,d/duplexify/duplexify_rhel_8.3.sh,https://github.com/mafintosh/duplexify,,migrated,,
eachr,4.5.0,node,,e/eachr/eachr_rhel_8.3.sh,https://github.com/bevry/eachr,,migrated,,
ecdsa-sig-formatter,1.0.10,node,,e/ecdsa-sig-formatter/ecdsa-sig-formatter_rhel_8.3.sh,https://github.com/Brightspace/node-ecdsa-sig-formatter,,migrated,,
editor,1.0.0,node,,e/editor/editor_rhel_8.3.sh,https://github.com/substack/node-editor,,migrated,,
ee-first,1.1.1,node,,e/ee-first/ee-first_rhel_8.3.sh,https://github.com/jonathanong/ee-first,,migrated,,
electron-is-dev,1.2.0,node,,e/electron-is-dev/electron-is-dev_rhel_8.3.sh,https://github.com/sindresorhus/electron-is-dev,,migrated,,
electron-to-chromium,1.3.723,node,,e/electron-to-chromium/electron-to-chromium_rhel_8.3.sh,https://github.com/kilian/electron-to-chromium,,migrated,,
elliptic,6.5.4,node,,e/elliptic/elliptic_rhel_8.3.sh,https://github.com/indutny/elliptic,,migrated,,
emitter-listener,1.1.2,node,,e/emitter-listener/emitter-listener_rhel_8.3.sh,https://github.com/othiym23/emitter-listener,,migrated,,
emoji-regex,8.0.0,node,,e/emoji-regex/emoji-regex_rhel_8.3.sh,https://github.com/mathiasbynens/emoji-regex,,migrated,,
emojis-list,2.1.0,node,,e/emojis-list/emojis-list_rhel_8.3.sh,https://github.com/kikobeats/emojis-list,,migrated,,
enabled,2.0.0,node,,e/enabled/enabled_rhel_8.3.sh,https://github.com/3rd-Eden/enabled,,migrated,,
encode-3986,1.0.0,node,,e/encode-3986/encode-3986_rhel_8.3.sh,https://github.com/m59peacemaker/js-encode-3986,,migrated,,
encodeurl,1.0.2,node,,e/encodeurl/encodeurl_rhel_8.3.sh,https://github.com/pillarjs/encodeurl,,migrated,,
end-of-stream,v1.4.4,node,,e/end-of-stream/end-of-stream_rhel_8.3.sh,https://github.com/mafintosh/end-of-stream,,migrated,,
enquirer,2.3.5,node,,e/enquirer/enquirer_rhel_8.3.sh,https://github.com/enquirer/enquirer,,migrated,,
ent,2.2.0,node,,e/ent/ent_rhel_8.3.sh,https://github.com/substack/node-ent,,migrated,,
env-paths,2.2.0,node,,e/env-paths/env-paths_rhel_8.3.sh,https://github.com/sindresorhus/env-paths,,migrated,,
env-variable,0.0.6,node,,e/env-variable/env-variable_rhel_8.3.sh,https://github.com/3rd-Eden/env-variable,,migrated,,
envify,3.4.1,node,,e/envify/envify_rhel_8.3.sh,https://github.com/hughsk/envify,,migrated,,
err-code,1.1.2,node,,e/err-code/err-code_rhel_8.3.sh,https://github.com/IndigoUnited/js-err-code,,migrated,,
errno,0.1.8,node,,e/errno/errno_rhel_8.3.sh,https://github.com/rvagg/node-errno,,migrated,,
error-ex,1.3.2,node,,e/error-ex/error-ex_rhel_8.3.sh,https://github.com/qix-/node-error-ex,,migrated,,
error-symbol,0.1.0,node,,e/error-symbol/error-symbol_rhel_8.3.sh,https://github.com/jonschlinkert/error-symbol,,migrated,,
errorhandler,1.5.1,node,,e/errorhandler/errorhandler_rhel_8.3.sh,https://github.com/expressjs/errorhandler,,migrated,,
es-get-iterator,1.1.0,node,,e/es-get-iterator/es-get-iterator_rhel_8.3.sh,https://github.com/ljharb/es-get-iterator,,migrated,,
es6-error,4.1.1,node,,e/es6-error/es6-error_rhel_8.3.sh,https://github.com/bjyoungblood/es6-error,,migrated,,
es6-promisify,6.1.1,node,,e/es6-promisify/es6-promisify_rhel_8.3.sh,https://github.com/mikehall314/es6-promisify,,migrated,,
es6-symbol,3.1.3,node,,e/es6-symbol/es6-symbol_rhel_8.3.sh,https://github.com/medikoo/es6-symbol,,migrated,,
escalade,3.1.1,node,,e/escalade/escalade_rhel_8.3.sh,https://github.com/lukeed/escalade,,migrated,,
escape-string-regexp,4.0.0,node,,e/escape-string-regexp/escape-string-regexp_rhel_8.3.sh,https://github.com/sindresorhus/escape-string-regexp,,migrated,,
eslint-config-standard,14.1.0,node,,e/eslint-config-standard/eslint-config-standard_rhel_8.3.sh,https://github.com/standard/eslint-config-standard,,migrated,,
eslint-config-standard-jsx,8.1.0,node,,e/eslint-config-standard-jsx/eslint-config-standard-jsx_rhel_8.3.sh,https://github.com/standard/eslint-config-standard-jsx,,migrated,,
eslint-import-resolver-node,0.3.3,node,,e/eslint-import-resolver-node/eslint-import-resolver-node_rhel_8.3.sh,https://github.com/import-js/eslint-plugin-import,,migrated,,
eslint-loader,3.0.3,node,,e/eslint-loader/eslint-loader_rhel_8.3.sh,https://github.com/webpack-contrib/eslint-loader,,migrated,,
eslint-plugin-es,2.0.0,node,,e/eslint-plugin-es/eslint-plugin-es_rhel_8.3.sh,https://github.com/mysticatea/eslint-plugin-es,,migrated,,
eslint-plugin-eslint-plugin,2.3.0,node,,e/eslint-plugin-eslint-plugin/eslint-plugin-eslint-plugin_rhel_8.3.sh,https://github.com/not-an-aardvark/eslint-plugin-eslint-plugin,,migrated,,
eslint-plugin-import,2.19.1,node,,e/eslint-plugin-import/eslint-plugin-import_rhel_8.3.sh,https://github.com/import-js/eslint-plugin-import,,migrated,,
eslint-plugin-mocha,8.0.0,node,,e/eslint-plugin-mocha/eslint-plugin-mocha_rhel_8.3.sh,https://github.com/lo1tuma/eslint-plugin-mocha,,migrated,,
eslint-plugin-node,10.0.0,node,,e/eslint-plugin-node/eslint-plugin-node_rhel_8.3.sh,https://github.com/mysticatea/eslint-plugin-node,,migrated,,
eslint-plugin-promise,4.3.1,node,,e/eslint-plugin-promise/eslint-plugin-promise_rhel_8.3.sh,https://github.com/xjamundx/eslint-plugin-promise,,migrated,,
eslint-utils,2.1.0,node,,e/eslint-utils/eslint-utils_rhel_8.3.sh,https://github.com/mysticatea/eslint-utils,,migrated,,
eslint-visitor-keys,2.0.0,node,,e/eslint-visitor-keys/eslint-visitor-keys_rhel_8.3.sh,https://github.com/eslint/eslint-visitor-keys,,migrated,,
esprima,4.0.1,node,,e/esprima/esprima_rhel_8.3.sh,https://github.com/jquery/esprima,,migrated,,
esquery,1.4.0,node,,e/esquery/esquery_rhel_8.3.sh,https://github.com/estools/esquery,,migrated,,
estraverse,5.2.0,node,,e/estraverse/estraverse_rhel_8.3.sh,https://github.com/estools/estraverse,,migrated,,
esutils,2.0.3,node,,e/esutils/esutils_rhel_8.3.sh,https://github.com/estools/esutils,,migrated,,
event-lite,0.1.2,node,,e/event-lite/event-lite_rhel_8.3.sh,https://github.com/kawanet/event-lite,,migrated,,
eventemitter2,5.0.1,node,,e/eventemitter2/eventemitter2_rhel_8.3.sh,https://github.com/hij1nx/EventEmitter2,,migrated,,
events,3.3.0,node,,e/events/events_rhel_8.3.sh,https://github.com/Gozala/events,,migrated,,
eventsource,0.1.6,node,,e/eventsource/eventsource_rhel_8.3.sh,https://github.com/EventSource/eventsource,,migrated,,
exec-sh,0.3.6,node,,e/exec-sh/exec-sh_rhel_8.3.sh,https://github.com/tsertkov/exec-sh,,migrated,,
expand-brackets,2.1.4,node,,e/expand-brackets/expand-brackets_rhel_8.3.sh,https://github.com/micromatch/expand-brackets,,migrated,,
expand-range,1.8.2,node,,e/expand-range/expand-range_rhel_8.3.sh,https://github.com/jonschlinkert/expand-range,,migrated,,
expand-tilde,2.0.2,node,,e/expand-tilde/expand-tilde_rhel_8.3.sh,https://github.com/jonschlinkert/expand-tilde,,migrated,,
express-error-handler,1.1.0,node,,e/express-error-handler/express-error-handler_rhel_8.3.sh,https://github.com/dilvie/express-error-handler,,migrated,,
express-http-context,1.2.4,node,,e/express-http-context/express-http-context_rhel_8.3.sh,https://github.com/skonves/express-http-context,,migrated,,
express-normalize-query-params-middleware,0.5.1,node,,e/express-normalize-query-params-middleware/express-normalize-query-params-middleware_rhel_8.3.sh,https://github.com/kogosoftwarellc/express-normalize-query-params-middleware,,migrated,,
extend,3.0.1,node,,e/extend/extend_rhel_8.3.sh,https://github.com/justmoon/node-extend,,migrated,,
extendr,2.0.1,node,,e/extendr/extendr_rhel_8.3.sh,https://github.com/bevry/extendr,,migrated,,
external-editor,3.1.0,node,,e/external-editor/external-editor_rhel_8.3.sh,https://github.com/mrkmg/node-external-editor,,migrated,,
extglob,2.0.4,node,,e/extglob/extglob_rhel_8.3.sh,https://github.com/micromatch/extglob,,migrated,,
extract-opts,4.3.0,node,,e/extract-opts/extract-opts_rhel_8.3.sh,https://github.com/bevry/extract-opts,,migrated,,
fast-decode-uri-component,1.0.1,node,,f/fast-decode-uri-component/fast-decode-uri-component_rhel_8.3.sh,https://github.com/delvedor/fast-decode-uri-component,,migrated,,
fast-json-parse,1.0.3,node,,f/fast-json-parse/fast-json-parse_rhel_8.3.sh,https://github.com/mcollina/fast-json-parse,,migrated,,
fast-json-stable-stringify,2.1.0,node,,f/fast-json-stable-stringify/fast-json-stable-stringify_rhel_8.3.sh,https://github.com/epoberezkin/fast-json-stable-stringify,,migrated,,
fast-json-stringify,2.2.10,node,,f/fast-json-stringify/fast-json-stringify_rhel_8.3.sh,https://github.com/fastify/fast-json-stringify,,migrated,,
fast-memoize,2.5.2,node,,f/fast-memoize/fast-memoize_rhel_8.3.sh,https://github.com/caiogondim/fast-memoize,,migrated,,
fast-redact,3.0.0,node,,f/fast-redact/fast-redact_rhel_8.3.sh,https://github.com/davidmarkclements/fast-redact,,migrated,,
fast-text-encoding,1.0.3,node,,f/fast-text-encoding/fast-text-encoding_rhel_8.3.sh,https://github.com/samthor/fast-text-encoding,,migrated,,
fastfall,1.5.1,node,,f/fastfall/fastfall_rhel_8.3.sh,https://github.com/mcollina/fastfall,,migrated,,
fastify-cli,1.5.0,node,,f/fastify-cli/fastify-cli_rhel_8.3.sh,https://github.com/fastify/fastify-cli,,migrated,,
fastify-error,0.2.0,node,,f/fastify-error/fastify-error_rhel_8.3.sh,https://github.com/fastify/fastify-error,,migrated,,
fastify-formbody,3.2.0,node,,f/fastify-formbody/fastify-formbody_rhel_8.3.sh,https://github.com/fastify/fastify-formbody,,migrated,,
fastify-openapi-glue,1.5.1,node,,f/fastify-openapi-glue/fastify-openapi-glue_rhel_8.3.sh,https://github.com/seriousme/fastify-openapi-glue,,migrated,,
fastify-plugin,1.6.1,node,,f/fastify-plugin/fastify-plugin_rhel_8.3.sh,https://github.com/fastify/fastify-plugin,,migrated,,
fastify-warning,0.2.0,node,,f/fastify-warning/fastify-warning_rhel_8.3.sh,https://github.com/fastify/fastify-warning,,migrated,,
fastparallel,2.3.0,node,,f/fastparallel/fastparallel_rhel_8.3.sh,https://github.com/mcollina/fastparallel,,migrated,,
fastparse,1.1.2,node,,f/fastparse/fastparse_rhel_8.3.sh,https://github.com/webpack/fastparse,,migrated,,
fastq,1.11.0,node,,f/fastq/fastq_rhel_8.3.sh,https://github.com/mcollina/fastq,,migrated,,
fastseries,1.7.2,node,,f/fastseries/fastseries_rhel_8.3.sh,https://github.com/mcollina/fastseries,,migrated,,
fbemitter,3.0.0,node,,f/fbemitter/fbemitter_rhel_8.3.sh,https://github.com/facebook/emitter,,migrated,,
figgy-pudding,3.5.2,node,,f/figgy-pudding/figgy-pudding_rhel_8.3.sh,https://github.com/npm/figgy-pudding,,migrated,,
figures,3.2.0,node,,f/figures/figures_rhel_8.3.sh,https://github.com/sindresorhus/figures,,migrated,,
file-entry-cache,6.0.0,node,,f/file-entry-cache/file-entry-cache_rhel_8.3.sh,https://github.com/royriojas/file-entry-cache,,migrated,,
file-exists,5.0.1,node,,f/file-exists/file-exists_rhel_8.3.sh,https://github.com/scottcorgan/file-exists,,migrated,,
file-loader,4.3.0,node,,f/file-loader/file-loader_rhel_8.3.sh,https://github.com/webpack-contrib/file-loader,,migrated,,
file-match,1.0.2,node,,f/file-match/file-match_rhel_8.3.sh,https://github.com/douzi8/file-match,,migrated,,
file-type,5.2.0,node,,f/file-type/file-type_rhel_8.3.sh,https://github.com/sindresorhus/file-type,,migrated,,
file-uri-to-path,1.0.0,node,,f/file-uri-to-path/file-uri-to-path_rhel_8.3.sh,https://github.com/TooTallNate/file-uri-to-path,,migrated,,
filesize,6.0.1,node,,f/filesize/filesize_rhel_8.3.sh,https://github.com/avoidwork/filesize.js,,migrated,,
fill-keys,1.0.2,node,,f/fill-keys/fill-keys_rhel_8.3.sh,https://github.com/bendrucker/fill-keys,,migrated,,
fill-range,7.0.1,node,,f/fill-range/fill-range_rhel_8.3.sh,https://github.com/jonschlinkert/fill-range,,migrated,,
find-cache-dir,3.3.1,node,,f/find-cache-dir/find-cache-dir_rhel_8.3.sh,https://github.com/avajs/find-cache-dir,,migrated,,
find-npm-prefix,1.0.1,node,,f/find-npm-prefix/find-npm-prefix_rhel_8.3.sh,https://github.com/npm/find-npm-prefix,,migrated,,
find-parent-dir,0.3.0,node,,f/find-parent-dir/find-parent-dir_rhel_8.3.sh,https://github.com/thlorenz/find-parent-dir,,migrated,,
find-root,1.1.0,node,,f/find-root/find-root_rhel_8.3.sh,https://github.com/js-n/find-root,,migrated,,
findup-sync,2.0.0,node,,f/findup-sync/findup-sync_rhel_8.3.sh,https://github.com/gulpjs/findup-sync,,migrated,,
fined,1.2.0,node,,f/fined/fined_rhel_8.3.sh,https://github.com/gulpjs/fined,,migrated,,
flag,1.0.0,node,,f/flag/flag_rhel_8.3.sh,https://github.com/garbles/flag,,migrated,,
flat,4.1.1,node,,f/flat/flat_rhel_8.3.sh,https://github.com/hughsk/flat,,migrated,,
flat-cache,3.0.4,node,,f/flat-cache/flat-cache_rhel_8.3.sh,https://github.com/royriojas/flat-cache,,migrated,,
fliplog,0.3.13,node,,f/fliplog/fliplog_rhel_8.3.sh,https://github.com/fliphub/fliplog,,migrated,,
fluent-logger,3.4.1,node,,f/fluent-logger/fluent-logger_rhel_8.3.sh,https://github.com/fluent/fluent-logger-node,,migrated,,
flush-write-stream,1.1.1,node,,f/flush-write-stream/flush-write-stream_rhel_8.3.sh,https://github.com/mafintosh/flush-write-stream,,migrated,,
flux-standard-action,0.6.1,node,,f/flux-standard-action/flux-standard-action_rhel_8.3.sh,https://github.com/redux-utilities/flux-standard-action,,migrated,,
fn.name,1.1.0,node,,f/fn.name/fn.name_rhel_8.3.sh,https://github.com/3rd-Eden/fn.name,,migrated,,
follow-redirects,1.14.0,node,,f/follow-redirects/follow-redirects_rhel_8.3.sh,https://github.com/follow-redirects/follow-redirects,,migrated,,
for-in,1.0.2,node,,f/for-in/for-in_rhel_8.3.sh,https://github.com/jonschlinkert/for-in,,migrated,,
for-own,1.0.0,node,,f/for-own/for-own_rhel_8.3.sh,https://github.com/jonschlinkert/for-own,,migrated,,
foreground-child,2.0.0,node,,f/foreground-child/foreground-child_rhel_8.3.sh,https://github.com/tapjs/foreground-child,,migrated,,
form-data,3.0.1,node,,f/form-data/form-data_rhel_8.3.sh,https://github.com/form-data/form-data,,migrated,,
format-util,1.0.5,node,,f/format-util/format-util_rhel_8.3.sh,https://github.com/tmpfs/format-util,,migrated,,
formidable,1.2.2,node,,f/formidable/formidable_rhel_8.3.sh,https://github.com/node-formidable/formidable,,migrated,,
forwarded,0.1.2,node,,f/forwarded/forwarded_rhel_8.3.sh,https://github.com/jshttp/forwarded,,migrated,,
fragment-cache,0.2.1,node,,f/fragment-cache/fragment-cache_rhel_8.3.sh,https://github.com/jonschlinkert/fragment-cache,,migrated,,
fresh,0.5.2,node,,f/fresh/fresh_rhel_8.3.sh,https://github.com/jshttp/fresh,,migrated,,
from,0.1.7,node,,f/from/from_rhel_8.3.sh,https://github.com/dominictarr/from,,migrated,,
from2,2.3.0,node,,f/from2/from2_rhel_8.3.sh,https://github.com/hughsk/from2,,migrated,,
from2,2.3.0,node,,f/from2/from2_ubuntu_18.04.sh,https://github.com/hughsk/from2.git,,migrated,,
fromentries,1.3.2,node,,f/fromentries/fromentries_rhel_8.3.sh,https://github.com/feross/fromentries,,migrated,,
fs-exists-sync,0.1.0,node,,f/fs-exists-sync/fs-exists-sync_rhel_8.3.sh,https://github.com/jonschlinkert/fs-exists-sync,,migrated,,
fs-vacuum,1.2.10,node,,f/fs-vacuum/fs-vacuum_rhel_8.3.sh,https://github.com/npm/fs-vacuum,,migrated,,
fs-write-stream-atomic,1.0.10,node,,f/fs-write-stream-atomic/fs-write-stream-atomic_rhel_8.3.sh,https://github.com/npm/fs-write-stream-atomic,,migrated,,
function-bind,1.1.1,node,,f/function-bind/function-bind_rhel_8.3.sh,https://github.com/Raynos/function-bind,,migrated,,
functional-red-black-tree,1.0.1,node,,f/functional-red-black-tree/functional-red-black-tree_rhel_8.3.sh,https://github.com/mikolalysenko/functional-red-black-tree,,migrated,,
g11n-pipeline-flatten,2.0.1,node,,g/g11n-pipeline-flatten/g11n-pipeline-flatten_rhel_8.3.sh,https://github.com/srl295/gp-js-flatten,,migrated,,
gauge,2.7.4,node,,g/gauge/gauge_rhel_8.3.sh,https://github.com/iarna/gauge,,migrated,,
generic-pool,3.7.1,node,,g/generic-pool/generic-pool_rhel_8.3.sh,https://github.com/coopernurse/node-pool,,migrated,,
generify,4.1.0,node,,g/generify/generify_rhel_8.3.sh,https://github.com/mcollina/generify,,migrated,,
genfun,4.0.1,node,,g/genfun/genfun_rhel_8.3.sh,https://github.com/zkat/genfun,,migrated,,
gentle-fs,2.3.1,node,,g/gentle-fs/gentle-fs_rhel_8.3.sh,https://github.com/npm/gentle-fs,,migrated,,
get-caller-file,2.0.5,node,,g/get-caller-file/get-caller-file_rhel_8.3.sh,https://github.com/stefanpenner/get-caller-file,,migrated,,
get-object,0.2.0,node,,g/get-object/get-object_rhel_8.3.sh,https://github.com/jonschlinkert/get-object,,migrated,,
get-own-enumerable-property-symbols,3.0.2,node,,g/get-own-enumerable-property-symbols/get-own-enumerable-property-symbols_rhel_8.3.sh,https://github.com/mightyiam/get-own-enumerable-property-symbols,,migrated,,
get-package-type,0.1.0,node,,g/get-package-type/get-package-type_rhel_8.3.sh,https://github.com/cfware/get-package-type,,migrated,,
get-stdin,7.0.0,node,,g/get-stdin/get-stdin_rhel_8.3.sh,https://github.com/sindresorhus/get-stdin,,migrated,,
get-value,2.0.6,node,,g/get-value/get-value_rhel_8.3.sh,https://github.com/jonschlinkert/get-value,,migrated,,
getopts,2.2.5,node,,g/getopts/getopts_rhel_8.3.sh,https://github.com/jorgebucaran/getopts,,migrated,,
git-log-parser,1.2.0,node,,g/git-log-parser/git-log-parser_rhel_8.3.sh,https://github.com/bendrucker/git-log-parser,,migrated,,
glob,7.1.6,node,,g/glob/glob_rhel_8.3.sh,https://github.com/isaacs/node-glob,,migrated,,
glob,"v7.1.6, v7.1.7, v5.0.15, v7.1.4, v3.2.11",node,,g/glob/glob_ubi_8.3.sh,https://github.com/isaacs/node-glob,,migrated,,
glob-base,0.3.0,node,,g/glob-base/glob-base_rhel_8.3.sh,https://github.com/jonschlinkert/glob-base,,migrated,,
glob-parent,5.1.2,node,,g/glob-parent/glob-parent_rhel_8.3.sh,https://github.com/gulpjs/glob-parent,,migrated,,
glob-to-regexp,0.3.0,node,,g/glob-to-regexp/glob-to-regexp_rhel_8.3.sh,https://github.com/fitzgen/glob-to-regexp,,migrated,,
global-modules,2.0.0,node,,g/global-modules/global-modules_rhel_8.3.sh,https://github.com/jonschlinkert/global-modules,,migrated,,
global-prefix,3.0.0,node,,g/global-prefix/global-prefix_rhel_8.3.sh,https://github.com/jonschlinkert/global-prefix,,migrated,,
google-auth-library,6.1.6,node,,g/google-auth-library/google-auth-library_rhel_8.3.sh,https://github.com/googleapis/google-auth-library-nodejs,,migrated,,
google-p12-pem,3.0.3,node,,g/google-p12-pem/google-p12-pem_rhel_8.3.sh,https://github.com/googleapis/google-p12-pem,,migrated,,
grapheme-splitter,1.0.4,node,,g/grapheme-splitter/grapheme-splitter_rhel_8.3.sh,https://github.com/orling/grapheme-splitter,,migrated,,
graphql-import,0.7.1,node,,g/graphql-import/graphql-import_rhel_8.3.sh,https://github.com/ardatan/graphql-import,,migrated,,
grouped-queue,1.1.0,node,,g/grouped-queue/grouped-queue_rhel_8.3.sh,https://github.com/SBoudrias/grouped-queue,,migrated,,
growl,1.10.3,node,,g/growl/growl_rhel_8.3.sh,https://github.com/tj/node-growl,,migrated,,
grunt,1.3.0,node,,g/grunt/grunt_rhel_8.3.sh,https://github.com/gruntjs/grunt,,migrated,,
grunt-cli,1.3.2,node,,g/grunt-cli/grunt-cli_rhel_8.3.sh,https://github.com/gruntjs/grunt-cli,,migrated,,
grunt-exec,1.0.1,node,,g/grunt-exec/grunt-exec_rhel_8.3.sh,https://github.com/jharding/grunt-exec,,migrated,,
gtoken,5.2.1,node,,g/gtoken/gtoken_rhel_8.3.sh,https://github.com/google/node-gtoken,,migrated,,
gzip-size,5.1.1,node,,g/gzip-size/gzip-size_rhel_8.3.sh,https://github.com/sindresorhus/gzip-size,,migrated,,
handlebars-helpers,0.8.4,node,,h/handlebars-helpers/handlebars-helpers_rhel_8.3.sh,https://github.com/helpers/handlebars-helpers,,migrated,,
hapi__validate,1.1.3,node,,h/hapi__validate/hapi__validate_rhel_8.3.sh,https://github.com/hapijs/validate,,migrated,,
har-schema,2.0.0,node,,h/har-schema/har-schema_rhel_8.3.sh,https://github.com/ahmadnassri/har-schema,,migrated,,
har-validator,5.1.5,node,,h/har-validator/har-validator_rhel_8.3.sh,https://github.com/ahmadnassri/node-har-validator,,migrated,,
has,1.0.3,node,,h/has/has_rhel_8.3.sh,https://github.com/tarruda/has,,migrated,,
has-ansi,2.0.0,node,,h/has-ansi/has-ansi_rhel_8.3.sh,https://github.com/chalk/has-ansi,,migrated,,
has-bigints,1.0.1,node,,h/has-bigints/has-bigints_rhel_8.3.sh,https://github.com/ljharb/has-bigints,,migrated,,
has-flag,4.0.0,node,,h/has-flag/has-flag_rhel_8.3.sh,https://github.com/sindresorhus/has-flag,,migrated,,
has-symbol-support-x,1.4.2,node,,h/has-symbol-support-x/has-symbol-support-x_rhel_8.3.sh,https://github.com/Xotic750/has-symbol-support-x,,migrated,,
has-to-string-tag-x,1.4.1,node,,h/has-to-string-tag-x/has-to-string-tag-x_rhel_8.3.sh,https://github.com/Xotic750/has-to-string-tag-x,,migrated,,
has-unicode,2.0.1,node,,h/has-unicode/has-unicode_rhel_8.3.sh,https://github.com/iarna/has-unicode,,migrated,,
has-value,1.0.0,node,,h/has-value/has-value_rhel_8.3.sh,https://github.com/jonschlinkert/has-value,,migrated,,
has-values,1.0.0,node,,h/has-values/has-values_rhel_8.3.sh,https://github.com/jonschlinkert/has-values,,migrated,,
hash-base,3.1.0,node,,h/hash-base/hash-base_rhel_8.3.sh,https://github.com/crypto-browserify/hash-base,,migrated,,
hash.js,1.1.5,node,,h/hash.js/hash.js_rhel_8.3.sh,https://github.com/indutny/hash.js,,migrated,,
hasha,5.2.2,node,,h/hasha/hasha_rhel_8.3.sh,https://github.com/sindresorhus/hasha,,migrated,,
he,1.2.0,node,,h/he/he_rhel_8.3.sh,https://github.com/mathiasbynens/he,,migrated,,
header-case,2.0.3,node,,h/header-case/header-case_rhel_8.3.sh,https://github.com/blakeembrey/change-case,,migrated,,
heapdump,0.3.15,node,,h/heapdump/heapdump_rhel_8.3.sh,https://github.com/bnoordhuis/node-heapdump,,migrated,,
helmet-crossdomain,0.3.0,node,,h/helmet-crossdomain/helmet-crossdomain_rhel_8.3.sh,https://github.com/helmetjs/crossdomain,,migrated,,
helper-date,0.2.3,node,,h/helper-date/helper-date_rhel_8.3.sh,https://github.com/helpers/helper-date,,migrated,,
helper-markdown,0.2.2,node,,h/helper-markdown/helper-markdown_rhel_8.3.sh,https://github.com/helpers/helper-markdown,,migrated,,
helper-md,0.2.2,node,,h/helper-md/helper-md_rhel_8.3.sh,https://github.com/helpers/helper-md,,migrated,,
here,0.0.2,node,,h/here/here_rhel_8.3.sh,https://github.com/cho45/node-here.js,,migrated,,
hide-powered-by,1.0.0,node,,h/hide-powered-by/hide-powered-by_rhel_8.3.sh,https://github.com/helmetjs/hide-powered-by,,migrated,,
hmac-drbg,1.0.1,node,,h/hmac-drbg/hmac-drbg_rhel_8.3.sh,https://github.com/indutny/hmac-drbg,,migrated,,
homedir-polyfill,1.0.3,node,,h/homedir-polyfill/homedir-polyfill_rhel_8.3.sh,https://github.com/doowb/homedir-polyfill,,migrated,,
hpack.js,2.1.6,node,,h/hpack.js/hpack.js_rhel_8.3.sh,https://github.com/indutny/hpack.js,,migrated,,
hpkp,2.0.0,node,,h/hpkp/hpkp_rhel_8.3.sh,https://github.com/helmetjs/hpkp,,migrated,,
hsl-regex,1.0.0,node,,h/hsl-regex/hsl-regex_rhel_8.3.sh,https://github.com/regexps/hsl-regex,,migrated,,
hsts,2.1.0,node,,h/hsts/hsts_rhel_8.3.sh,https://github.com/helmetjs/hsts,,migrated,,
html-encoding-sniffer,1.0.2,node,,h/html-encoding-sniffer/html-encoding-sniffer_rhel_8.3.sh,https://github.com/jsdom/html-encoding-sniffer,,migrated,,
html-entities,1.4.0,node,,h/html-entities/html-entities_rhel_8.3.sh,https://github.com/mdevils/html-entities,,migrated,,
html-loader,0.5.5,node,,h/html-loader/html-loader_rhel_8.3.sh,https://github.com/webpack-contrib/html-loader,,migrated,,
html-parse-stringify,3.0.1,node,,h/html-parse-stringify/html-parse-stringify_rhel_8.3.sh,https://github.com/henrikjoreteg/html-parse-stringify,,migrated,,
html-react-parser,0.14.3,node,,h/html-react-parser/html-react-parser_rhel_8.3.sh,https://github.com/remarkablemark/html-react-parser,,migrated,,
html-tag,1.0.0,node,,h/html-tag/html-tag_rhel_8.3.sh,https://github.com/jonschlinkert/html-tag,,migrated,,
html-to-react,1.4.5,node,,h/html-to-react/html-to-react_rhel_8.3.sh,https://github.com/aknuds1/html-to-react,,migrated,,
http-assert,1.4.1,node,,h/http-assert/http-assert_rhel_8.3.sh,https://github.com/jshttp/http-assert,,migrated,,
http-cache-semantics,4.1.0,node,,h/http-cache-semantics/http-cache-semantics_rhel_8.3.sh,https://github.com/kornelski/http-cache-semantics,,migrated,,
http-errors,1.8.0,node,,h/http-errors/http-errors_rhel_8.3.sh,https://github.com/jshttp/http-errors,,migrated,,
http-https,1.0.0,node,,h/http-https/http-https_rhel_8.3.sh,https://github.com/isaacs/http-https,,migrated,,
http-proxy-middleware,1.0.6,node,,h/http-proxy-middleware/http-proxy-middleware_rhel_8.3.sh,https://github.com/chimurai/http-proxy-middleware,,migrated,,
http-status,1.2.0,node,,h/http-status/http-status_rhel_8.3.sh,https://github.com/adaltas/node-http-status,,migrated,,
https-browserify,1.0.0,node,,h/https-browserify/https-browserify_rhel_8.3.sh,https://github.com/substack/https-browserify,,migrated,,
human-signals,1.1.1,node,,h/human-signals/human-signals_rhel_8.3.sh,https://github.com/ehmicky/human-signals,,migrated,,
humanize-ms,1.2.1,node,,h/humanize-ms/humanize-ms_rhel_8.3.sh,https://github.com/node-modules/humanize-ms,,migrated,,
hyperid,2.1.0,node,,h/hyperid/hyperid_rhel_8.3.sh,https://github.com/mcollina/hyperid,,migrated,,
hyphenate-style-name,1.0.3,node,,h/hyphenate-style-name/hyphenate-style-name_rhel_8.3.sh,https://github.com/rexxars/hyphenate-style-name,,migrated,,
i18next-browser-languagedetector,6.1.0,node,,i/i18next-browser-languagedetector/i18next-browser-languagedetector_rhel_8.3.sh,https://github.com/i18next/i18next-browser-languageDetector,,migrated,,
i18next-http-backend,1.2.2,node,,i/i18next-http-backend/i18next-http-backend_rhel_8.3.sh,https://github.com/i18next/i18next-http-backend,,migrated,,
iconv-lite,0.6.2,node,,i/iconv-lite/iconv-lite_rhel_8.3.sh,https://github.com/ashtuchkin/iconv-lite,,migrated,,
iconv-lite,v0.5.0,node,,i/iconv-lite/iconv-lite_ubi_8.5.sh,https://github.com/ashtuchkin/iconv-lite.git,,migrated,,
icss-utils,4.1.1,node,,i/icss-utils/icss-utils_rhel_8.3.sh,https://github.com/css-modules/icss-utils,,migrated,,
ignore,5.1.8,node,,i/ignore/ignore_rhel_8.3.sh,https://github.com/kaelzhang/node-ignore,,migrated,,
ignore-walk,3.0.3,node,,i/ignore-walk/ignore-walk_rhel_8.3.sh,https://github.com/isaacs/ignore-walk,,migrated,,
image-size,0.3.5,node,,i/image-size/image-size_rhel_8.3.sh,https://github.com/image-size/image-size,,migrated,,
immediate,3.0.6,node,,i/immediate/immediate_rhel_8.3.sh,https://github.com/calvinmetcalf/immediate,,migrated,,
indent-string,4.0.0,node,,i/indent-string/indent-string_rhel_8.3.sh,https://github.com/sindresorhus/indent-string,,migrated,,
index-of,0.2.0,node,,i/index-of/index-of_rhel_8.3.sh,https://github.com/jonschlinkert/index-of,,migrated,,
infer-owner,1.0.4,node,,i/infer-owner/infer-owner_rhel_8.3.sh,https://github.com/npm/infer-owner,,migrated,,
inflight,1.0.6,node,,i/inflight/inflight_rhel_8.3.sh,https://github.com/npm/inflight,,migrated,,
info-symbol,0.1.0,node,,i/info-symbol/info-symbol_rhel_8.3.sh,https://github.com/jonschlinkert/info-symbol,,migrated,,
inherits,2.0.3,node,,i/inherits/inherits_rhel_8.3.sh,https://github.com/isaacs/inherits,,migrated,,
ini,1.3.8,node,,i/ini/ini_rhel_8.3.sh,https://github.com/isaacs/ini,,migrated,,
inline-style-parser,0.1.1,node,,i/inline-style-parser/inline-style-parser_rhel_8.3.sh,https://github.com/remarkablemark/inline-style-parser,,migrated,,
internal-slot,1.0.3,node,,i/internal-slot/internal-slot_rhel_8.3.sh,https://github.com/ljharb/internal-slot,,migrated,,
invert-kv,3.0.1,node,,i/invert-kv/invert-kv_rhel_8.3.sh,https://github.com/sindresorhus/invert-kv,,migrated,,
ipaddr.js,1.6.0,node,,i/ipaddr.js/ipaddr.js_rhel_8.3.sh,https://github.com/whitequark/ipaddr.js,,migrated,,
is,3.3.0,node,,i/is/is_rhel_8.3.sh,https://github.com/enricomarino/is,,migrated,,
is-absolute-url,3.0.3,node,,i/is-absolute-url/is-absolute-url_rhel_8.3.sh,https://github.com/sindresorhus/is-absolute-url,,migrated,,
is-accessor-descriptor,1.0.0,node,,i/is-accessor-descriptor/is-accessor-descriptor_rhel_8.3.sh,https://github.com/jonschlinkert/is-accessor-descriptor,,migrated,,
is-alphabetical,1.0.4,node,,i/is-alphabetical/is-alphabetical_rhel_8.3.sh,https://github.com/wooorm/is-alphabetical,,migrated,,
is-alphanumerical,1.0.4,node,,i/is-alphanumerical/is-alphanumerical_rhel_8.3.sh,https://github.com/wooorm/is-alphanumerical,,migrated,,
is-arguments,1.1.0,node,,i/is-arguments/is-arguments_rhel_8.3.sh,https://github.com/inspect-js/is-arguments,,migrated,,
is-arrayish,0.2.1,node,,i/is-arrayish/is-arrayish_rhel_8.3.sh,https://github.com/qix-/node-is-arrayish,,migrated,,
is-bigint,1.0.1,node,,i/is-bigint/is-bigint_rhel_8.3.sh,https://github.com/inspect-js/is-bigint,,migrated,,
is-binary-path,2.1.0,node,,i/is-binary-path/is-binary-path_rhel_8.3.sh,https://github.com/sindresorhus/is-binary-path,,migrated,,
is-ci,2.0.0,node,,i/is-ci/is-ci_rhel_8.3.sh,https://github.com/watson/is-ci,,migrated,,
is-cidr,1.0.0,node,,i/is-cidr/is-cidr_rhel_8.3.sh,https://github.com/silverwind/is-cidr,,migrated,,
is-color-stop,1.1.0,node,,i/is-color-stop/is-color-stop_rhel_8.3.sh,https://github.com/pigcan/is-color-stop,,migrated,,
is-data-descriptor,1.0.0,node,,i/is-data-descriptor/is-data-descriptor_rhel_8.3.sh,https://github.com/jonschlinkert/is-data-descriptor,,migrated,,
is-decimal,1.0.4,node,,i/is-decimal/is-decimal_rhel_8.3.sh,https://github.com/wooorm/is-decimal,,migrated,,
is-descriptor,1.0.2,node,,i/is-descriptor/is-descriptor_rhel_8.3.sh,https://github.com/jonschlinkert/is-descriptor,,migrated,,
is-dotfile,1.0.3,node,,i/is-dotfile/is-dotfile_rhel_8.3.sh,https://github.com/jonschlinkert/is-dotfile,,migrated,,
is-equal-shallow,0.1.3,node,,i/is-equal-shallow/is-equal-shallow_rhel_8.3.sh,https://github.com/jonschlinkert/is-equal-shallow,,migrated,,
is-even,0.1.2,node,,i/is-even/is-even_rhel_8.3.sh,https://github.com/jonschlinkert/is-even,,migrated,,
is-extendable,1.0.1,node,,i/is-extendable/is-extendable_rhel_8.3.sh,https://github.com/jonschlinkert/is-extendable,,migrated,,
is-extglob,1.0.0,node,,i/is-extglob/is-extglob_rhel_8.3.sh,https://github.com/jonschlinkert/is-extglob,,migrated,,
is-finite,1.1.0,node,,i/is-finite/is-finite_rhel_8.3.sh,https://github.com/sindresorhus/is-finite,,migrated,,
is-generator,1.0.3,node,,i/is-generator/is-generator_rhel_8.3.sh,https://github.com/blakeembrey/is-generator,,migrated,,
is-generator-fn,2.1.0,node,,i/is-generator-fn/is-generator-fn_rhel_8.3.sh,https://github.com/sindresorhus/is-generator-fn,,migrated,,
is-generator-function,1.0.8,node,,i/is-generator-function/is-generator-function_rhel_8.3.sh,https://github.com/inspect-js/is-generator-function,,migrated,,
is-glob,3.1.0,node,,i/is-glob/is-glob_rhel_8.3.sh,https://github.com/micromatch/is-glob,,migrated,,
is-hexadecimal,1.0.4,node,,i/is-hexadecimal/is-hexadecimal_rhel_8.3.sh,https://github.com/wooorm/is-hexadecimal,,migrated,,
is-in-browser,1.1.3,node,,i/is-in-browser/is-in-browser_rhel_8.3.sh,https://github.com/tuxsudo/is-in-browser,,migrated,,
is-integer,1.0.7,node,,i/is-integer/is-integer_rhel_8.3.sh,https://github.com/parshap/js-is-integer,,migrated,,
is-negative-zero,2.0.1,node,,i/is-negative-zero/is-negative-zero_rhel_8.3.sh,https://github.com/inspect-js/is-negative-zero,,migrated,,
is-npm,1.0.0,node,,i/is-npm/is-npm_rhel_8.3.sh,https://github.com/sindresorhus/is-npm,,migrated,,
is-number,7.0.0,node,,i/is-number/is-number_rhel_8.3.sh,https://github.com/jonschlinkert/is-number,,migrated,,
is-obj,2.0.0,node,,i/is-obj/is-obj_rhel_8.3.sh,https://github.com/sindresorhus/is-obj,,migrated,,
is-object,1.0.2,node,,i/is-object/is-object_rhel_8.3.sh,https://github.com/inspect-js/is-object,,migrated,,
is-odd,0.1.2,node,,i/is-odd/is-odd_rhel_8.3.sh,https://github.com/jonschlinkert/is-odd,,migrated,,
is-path-cwd,2.2.0,node,,i/is-path-cwd/is-path-cwd_rhel_8.3.sh,https://github.com/sindresorhus/is-path-cwd,,migrated,,
is-path-in-cwd,2.1.0,node,,i/is-path-in-cwd/is-path-in-cwd_rhel_8.3.sh,https://github.com/sindresorhus/is-path-in-cwd,,migrated,,
is-path-inside,2.1.0,node,,i/is-path-inside/is-path-inside_rhel_8.3.sh,https://github.com/sindresorhus/is-path-inside,,migrated,,
is-plain-obj,3.0.0,node,,i/is-plain-obj/is-plain-obj_rhel_8.3.sh,https://github.com/sindresorhus/is-plain-obj,,migrated,,
is-posix-bracket,0.1.1,node,,i/is-posix-bracket/is-posix-bracket_rhel_8.3.sh,https://github.com/jonschlinkert/is-posix-bracket,,migrated,,
is-primitive,2.0.0,node,,i/is-primitive/is-primitive_rhel_8.3.sh,https://github.com/jonschlinkert/is-primitive,,migrated,,
is-promise,2.2.2,node,,i/is-promise/is-promise_rhel_8.3.sh,https://github.com/then/is-promise,,migrated,,
is-redirect,1.0.0,node,,i/is-redirect/is-redirect_rhel_8.3.sh,https://github.com/sindresorhus/is-redirect,,migrated,,
is-resolvable,1.1.0,node,,i/is-resolvable/is-resolvable_rhel_8.3.sh,https://github.com/shinnn/is-resolvable,,migrated,,
is-root,2.1.0,node,,i/is-root/is-root_rhel_8.3.sh,https://github.com/sindresorhus/is-root,,migrated,,
is-typedarray,1.0.0,node,,i/is-typedarray/is-typedarray_rhel_8.3.sh,https://github.com/hughsk/is-typedarray,,migrated,,
is-utf8,0.2.1,node,,i/is-utf8/is-utf8_rhel_8.3.sh,https://github.com/wayfind/is-utf8,,migrated,,
is-whitespace-character,1.0.4,node,,i/is-whitespace-character/is-whitespace-character_rhel_8.3.sh,https://github.com/wooorm/is-whitespace-character,,migrated,,
is-windows,1.0.2,node,,i/is-windows/is-windows_rhel_8.3.sh,https://github.com/jonschlinkert/is-windows,,migrated,,
is-word-character,1.0.4,node,,i/is-word-character/is-word-character_rhel_8.3.sh,https://github.com/wooorm/is-word-character,,migrated,,
isbinaryfile,4.0.6,node,,i/isbinaryfile/isbinaryfile_rhel_8.3.sh,https://github.com/gjtorikian/isBinaryFile,,migrated,,
isobject,3.0.1,node,,i/isobject/isobject_rhel_8.3.sh,https://github.com/jonschlinkert/isobject,,migrated,,
isomorphic-fetch,3.0.0,node,,i/isomorphic-fetch/isomorphic-fetch_rhel_8.3.sh,https://github.com/matthew-andrews/isomorphic-fetch,,migrated,,
isomorphic-fetch,2.1.1,node,,i/isomorphic-fetch/isomorphic-fetch_ubuntu_18.04.sh,https://github.com/matthew-andrews/isomorphic-fetch,,migrated,,
isstream,0.1.2,node,,i/isstream/isstream_rhel_8.3.sh,https://github.com/rvagg/isstream,,migrated,,
istanbul-lib-processinfo,2.0.2,node,,i/istanbul-lib-processinfo/istanbul-lib-processinfo_rhel_8.3.sh,https://github.com/istanbuljs/istanbul-lib-processinfo,,migrated,,
istanbuljs__load-nyc-config,1.1.0,node,,i/istanbuljs__load-nyc-config/istanbuljs__load-nyc-config_rhel_8.3.sh,https://github.com/istanbuljs/load-nyc-config,,migrated,,
istextorbinary,2.6.0,node,,i/istextorbinary/istextorbinary_rhel_8.3.sh,https://github.com/bevry/istextorbinary,,migrated,,
isurl,1.0.0,node,,i/isurl/isurl_rhel_8.3.sh,https://github.com/stevenvachon/isurl,,migrated,,
jayson,2.0.6,node,,j/jayson/jayson_rhel_8.3.sh,https://github.com/tedeh/jayson,,migrated,,
jest-environment-jsdom-fourteen,1.0.1,node,,j/jest-environment-jsdom-fourteen/jest-environment-jsdom-fourteen_rhel_8.3.sh,https://github.com/ianschmitz/jest-environment-jsdom-fourteen,,migrated,,
jest-watch-typeahead,0.4.2,node,,j/jest-watch-typeahead/jest-watch-typeahead_rhel_8.3.sh,https://github.com/jest-community/jest-watch-typeahead,,migrated,,
jsbi,3.1.4,node,,j/jsbi/jsbi_rhel_8.3.sh,https://github.com/GoogleChromeLabs/jsbi,,migrated,,
jsdoctypeparser,1.2.0,node,,j/jsdoctypeparser/jsdoctypeparser_rhel_8.3.sh,https://github.com/jsdoctypeparser/jsdoctypeparser,,migrated,,
jsesc,0.5.0,node,,j/jsesc/jsesc_rhel_8.3.sh,https://github.com/mathiasbynens/jsesc,,migrated,,
json-bigint,1.0.0,node,,j/json-bigint/json-bigint_rhel_8.3.sh,https://github.com/sidorares/json-bigint,,migrated,,
json-buffer,3.0.1,node,,j/json-buffer/json-buffer_rhel_8.3.sh,https://github.com/dominictarr/json-buffer,,migrated,,
json-editor,0.7.28,node,,j/json-editor/json-editor_rhel_8.3.sh,https://github.com/jdorn/json-editor,,migrated,,
json-formatter-js,2.3.4,node,,j/json-formatter-js/json-formatter-js_rhel_8.3.sh,https://github.com/mohsen1/json-formatter-js,,migrated,,
json-parse-better-errors,1.0.1,node,,j/json-parse-better-errors/json-parse-better-errors_rhel_8.3.sh,https://github.com/zkat/json-parse-better-errors,,migrated,,
json-parse-even-better-errors,2.3.1,node,,j/json-parse-even-better-errors/json-parse-even-better-errors_rhel_8.3.sh,https://github.com/npm/json-parse-even-better-errors,,migrated,,
json-schema-traverse,1.0.0,node,,j/json-schema-traverse/json-schema-traverse_rhel_8.3.sh,https://github.com/epoberezkin/json-schema-traverse,,migrated,,
json-schema-view-js,v2.0.1,node,,j/json-schema-view-js/json-schema-view-js_ubi_8.5.sh,https://github.com/mohsen1/json-schema-view-js,,migrated,,
json-stable-stringify,1.0.1,node,,j/json-stable-stringify/json-stable-stringify_rhel_8.3.sh,https://github.com/substack/json-stable-stringify,,migrated,,
json-stable-stringify-without-jsonify,1.0.1,node,,j/json-stable-stringify-without-jsonify/json-stable-stringify-without-jsonify_rhel_8.3.sh,https://github.com/samn/json-stable-stringify,,migrated,,
json-to-ast,2.1.0,node,,j/json-to-ast/json-to-ast_rhel_8.3.sh,https://github.com/vtrushin/json-to-ast,,migrated,,
json3,3.3.3,node,,j/json3/json3_rhel_8.3.sh,https://github.com/bestiejs/json3,,migrated,,
jsonata,1.6.5,node,,j/jsonata/jsonata_rhel_8.3.sh,https://github.com/jsonata-js/jsonata,,migrated,,
jsonfile,6.1.0,node,,j/jsonfile/jsonfile_rhel_8.3.sh,https://github.com/jprichardson/node-jsonfile,,migrated,,
jsonify,0.0.0,node,,j/jsonify/jsonify_rhel_8.3.sh,https://github.com/substack/jsonify,,migrated,,
jsonparse,1.3.1,node,,j/jsonparse/jsonparse_rhel_8.3.sh,https://github.com/creationix/jsonparse,,migrated,,
jsonparse,1.3.1,node,,j/jsonparse/jsonparse_ubuntu_18.04.sh,https://github.com/creationix/jsonparse.git,,migrated,,
jsonpath-plus,4.0.0,node,,j/jsonpath-plus/jsonpath-plus_rhel_8.3.sh,https://github.com/s3u/JSONPath,,migrated,,
jwa,2.0.0,node,,j/jwa/jwa_rhel_8.3.sh,https://github.com/brianloveswords/node-jwa,,migrated,,
jws,4.0.0,node,,j/jws/jws_rhel_8.3.sh,https://github.com/brianloveswords/node-jws,,migrated,,
keygrip,1.1.0,node,,k/keygrip/keygrip_rhel_8.3.sh,https://github.com/crypto-utils/keygrip,,migrated,,
kind-of,6.0.2,node,,k/kind-of/kind-of_rhel_8.3.sh,https://github.com/jonschlinkert/kind-of,,migrated,,
kleur,3.0.3,node,,k/kleur/kleur_rhel_8.3.sh,https://github.com/lukeed/kleur,,migrated,,
koa,2.13.1,node,,k/koa/koa_rhel_8.3.sh,https://github.com/koajs/koa,,migrated,,
koa-compose,4.1.0,node,,k/koa-compose/koa-compose_rhel_8.3.sh,https://github.com/koajs/compose,,migrated,,
koa-convert,1.2.0,node,,k/koa-convert/koa-convert_rhel_8.3.sh,https://github.com/gyson/koa-convert,,migrated,,
koalas,1.0.2,node,,k/koalas/koalas_rhel_8.3.sh,https://github.com/doowb/koalas,,migrated,,
kuler,2.0.0,node,,k/kuler/kuler_rhel_8.3.sh,https://github.com/3rd-Eden/kuler,,migrated,,
lazy-cache,0.2.7,node,,l/lazy-cache/lazy-cache_rhel_8.3.sh,https://github.com/jonschlinkert/lazy-cache,,migrated,,
lazy-property,1.0.0,node,,l/lazy-property/lazy-property_rhel_8.3.sh,https://github.com/mikolalysenko/lazy-property,,migrated,,
lazybird,1.0.0,node,,l/lazybird/lazybird_rhel_8.3.sh,http://github.com/assaf/lazybird,,migrated,,
lazystream,1.0.0,node,,l/lazystream/lazystream_rhel_8.3.sh,https://github.com/jpommerening/node-lazystream,,migrated,,
lcid,1.0.0,node,,l/lcid/lcid_rhel_8.3.sh,https://github.com/sindresorhus/lcid,,migrated,,
ldap-filter,0.3.3,node,,l/ldap-filter/ldap-filter_rhel_8.3.sh,https://github.com/pfmooney/node-ldap-filter,,migrated,,
ldapjs,2.2.3,node,,l/ldapjs/ldapjs_rhel_8.3.sh,https://github.com/ldapjs/node-ldapjs,,migrated,,
left-pad,1.3.0,node,,l/left-pad/left-pad_rhel_8.3.sh,https://github.com/stevemao/left-pad,,migrated,,
lego-api,1.0.8,node,,l/lego-api/lego-api_rhel_8.3.sh,https://github.com/fuse-box/lego-api,,migrated,,
leven,2.1.0,node,,l/leven/leven_rhel_8.3.sh,https://github.com/sindresorhus/leven,,migrated,,
levenary,1.1.1,node,,l/levenary/levenary_rhel_8.3.sh,https://github.com/tanhauhau/levenary,,migrated,,
levn,0.4.1,node,,l/levn/levn_rhel_8.3.sh,https://github.com/gkz/levn,,migrated,,
libmime,3.0.0,node,,l/libmime/libmime_rhel_8.3.sh,https://github.com/andris9/libmime,,migrated,,
libnpm,3.0.1,node,,l/libnpm/libnpm_rhel_8.3.sh,https://github.com/npm/libnpm,,migrated,,
libnpmaccess,3.0.2,node,,l/libnpmaccess/libnpmaccess_rhel_8.3.sh,https://github.com/npm/libnpmaccess,,migrated,,
libnpmconfig,1.2.1,node,,l/libnpmconfig/libnpmconfig_rhel_8.3.sh,https://github.com/npm/libnpmconfig,,migrated,,
libnpmhook,5.0.3,node,,l/libnpmhook/libnpmhook_rhel_8.3.sh,https://github.com/npm/libnpmhook,,migrated,,
libnpmorg,1.0.1,node,,l/libnpmorg/libnpmorg_rhel_8.3.sh,https://github.com/npm/libnpmorg,,migrated,,
libnpmpublish,1.1.2,node,,l/libnpmpublish/libnpmpublish_rhel_8.3.sh,https://github.com/npm/libnpmpublish,,migrated,,
libnpmsearch,2.0.2,node,,l/libnpmsearch/libnpmsearch_rhel_8.3.sh,https://github.com/npm/libnpmsearch,,migrated,,
libnpmteam,1.0.2,node,,l/libnpmteam/libnpmteam_rhel_8.3.sh,https://github.com/npm/libnpmteam,,migrated,,
liftoff,2.5.0,node,,l/liftoff/liftoff_rhel_8.3.sh,https://github.com/js-cli/js-liftoff,,migrated,,
light-my-request,4.3.0,node,,l/light-my-request/light-my-request_rhel_8.3.sh,https://github.com/fastify/light-my-request,,migrated,,
line-numbers,0.2.0,node,,l/line-numbers/line-numbers_rhel_8.3.sh,https://github.com/lydell/line-numbers,,migrated,,
linkify-it,2.2.0,node,,l/linkify-it/linkify-it_rhel_8.3.sh,https://github.com/markdown-it/linkify-it,,migrated,,
listenercount,1.0.1,node,,l/listenercount/listenercount_rhel_8.3.sh,https://github.com/jden/node-listenercount,,migrated,,
livereach__jsonpath,1.2.2,node,,l/livereach__jsonpath/livereach__jsonpath_rhel_8.3.sh,https://github.com/livereach/jsonpath,,migrated,,
load-json-file,5.3.0,node,,l/load-json-file/load-json-file_rhel_8.3.sh,https://github.com/sindresorhus/load-json-file,,migrated,,
loader-utils,2.0.0,node,,l/loader-utils/loader-utils_rhel_8.3.sh,https://github.com/webpack/loader-utils,,migrated,,
locate-path,6.0.0,node,,l/locate-path/locate-path_rhel_8.3.sh,https://github.com/sindresorhus/locate-path,,migrated,,
lodash,4.17.21,node,,l/lodash/lodash_4.17.21_UBI_8.5.sh,https://github.com/lodash/lodash,,migrated,,
lodash,4.17.21,node,,l/lodash/lodash_rhel_8.3.sh,https://github.com/lodash/lodash,,migrated,,
lodash._baseclone,2.4.1,node,,l/lodash._baseclone/lodash._baseclone_rhel_8.3.sh,https://github.com/lodash/lodash,,migrated,,
lodash._basecreate,2.4.1,node,,l/lodash._basecreate/lodash._basecreate_rhel_8.3.sh,https://github.com/lodash/lodash,,migrated,,
lodash._baseindexof,3.1.0,node,,l/lodash._baseindexof/lodash._baseindexof_rhel_8.3.sh,https://github.com/lodash/lodash,,migrated,,
lodash._baseuniq,4.6.0,node,,l/lodash._baseuniq/lodash._baseuniq_rhel_8.3.sh,https://github.com/lodash/lodash,,migrated,,
lodash._bindcallback,3.0.1,node,,l/lodash._bindcallback/lodash._bindcallback_rhel_8.3.sh,https://github.com/lodash/lodash,,migrated,,
lodash._cacheindexof,3.0.2,node,,l/lodash._cacheindexof/lodash._cacheindexof_rhel_8.3.sh,https://github.com/lodash/lodash,,migrated,,
lodash._createcache,3.1.2,node,,l/lodash._createcache/lodash._createcache_rhel_8.3.sh,https://github.com/lodash/lodash,,migrated,,
lodash._createset,4.0.3,node,,l/lodash._createset/lodash._createset_rhel_8.3.sh,https://github.com/lodash/lodash,,migrated,,
lodash._createwrapper,2.4.1,node,,l/lodash._createwrapper/lodash._createwrapper_rhel_8.3.sh,https://github.com/lodash/lodash,,migrated,,
lodash._getnative,3.9.1,node,,l/lodash._getnative/lodash._getnative_rhel_8.3.sh,https://github.com/lodash/lodash,,migrated,,
lodash.assign,2.4.1,node,,l/lodash.assign/lodash.assign_rhel_8.3.sh,https://github.com/lodash/lodash,,migrated,,
lodash.bind,2.4.1,node,,l/lodash.bind/lodash.bind_rhel_8.3.sh,https://github.com/lodash/lodash,,migrated,,
lodash.clonedeep,2.4.1,node,,l/lodash.clonedeep/lodash.clonedeep_rhel_8.3.sh,https://github.com/lodash/lodash,,migrated,,
lodash.curry,4.1.1,node,,l/lodash.curry/lodash.curry_rhel_8.3.sh,https://github.com/lodash/lodash,,migrated,,
lodash.defaults,4.2.0,node,,l/lodash.defaults/lodash.defaults_rhel_8.3.sh,https://github.com/lodash/lodash,,migrated,,
lodash.defaultsdeep,4.6.1,node,,l/lodash.defaultsdeep/lodash.defaultsdeep_rhel_8.3.sh,https://github.com/lodash/lodash,,migrated,,
lodash.findlast,4.6.0,node,,l/lodash.findlast/lodash.findlast_rhel_8.3.sh,https://github.com/lodash/lodash,,migrated,,
lodash.flatten,4.4.0,node,,l/lodash.flatten/lodash.flatten_rhel_8.3.sh,https://github.com/lodash/lodash,,migrated,,
lodash.flattendeep,4.4.0,node,,l/lodash.flattendeep/lodash.flattendeep_rhel_8.3.sh,https://github.com/lodash/lodash,,migrated,,
lodash.flow,3.5.0,node,,l/lodash.flow/lodash.flow_rhel_8.3.sh,https://github.com/lodash/lodash,,migrated,,
lodash.foreach,2.4.1,node,,l/lodash.foreach/lodash.foreach_rhel_8.3.sh,https://github.com/lodash/lodash,,migrated,,
lodash.forown,2.4.1,node,,l/lodash.forown/lodash.forown_rhel_8.3.sh,https://github.com/lodash/lodash,,migrated,,
lodash.identity,2.4.1,node,,l/lodash.identity/lodash.identity_rhel_8.3.sh,https://github.com/lodash/lodash,,migrated,,
lodash.includes,4.3.0,node,,l/lodash.includes/lodash.includes_rhel_8.3.sh,https://github.com/lodash/lodash,,migrated,,
lodash.isarguments,3.1.0,node,,l/lodash.isarguments/lodash.isarguments_rhel_8.3.sh,https://github.com/lodash/lodash,,migrated,,
lodash.isarray,2.4.1,node,,l/lodash.isarray/lodash.isarray_rhel_8.3.sh,https://github.com/lodash/lodash,,migrated,,
lodash.isboolean,3.0.3,node,,l/lodash.isboolean/lodash.isboolean_rhel_8.3.sh,https://github.com/lodash/lodash,,migrated,,
lodash.isequal,4.5.0,node,,l/lodash.isequal/lodash.isequal_rhel_8.3.sh,https://github.com/lodash/lodash,,migrated,,
lodash.isfunction,2.4.1,node,,l/lodash.isfunction/lodash.isfunction_rhel_8.3.sh,https://github.com/lodash/lodash,,migrated,,
lodash.isinteger,4.0.4,node,,l/lodash.isinteger/lodash.isinteger_rhel_8.3.sh,https://github.com/lodash/lodash,,migrated,,
lodash.isnumber,3.0.3,node,,l/lodash.isnumber/lodash.isnumber_rhel_8.3.sh,https://github.com/lodash/lodash,,migrated,,
lodash.isobject,2.4.1,node,,l/lodash.isobject/lodash.isobject_rhel_8.3.sh,https://github.com/lodash/lodash,,migrated,,
lodash.isplainobject,4.0.6,node,,l/lodash.isplainobject/lodash.isplainobject_rhel_8.3.sh,https://github.com/lodash/lodash,,migrated,,
lodash.isstring,4.0.1,node,,l/lodash.isstring/lodash.isstring_rhel_8.3.sh,https://github.com/lodash/lodash,,migrated,,
lodash.keys,2.4.1,node,,l/lodash.keys/lodash.keys_rhel_8.3.sh,https://github.com/lodash/lodash,,migrated,,
lodash.keysin,3.0.8,node,,l/lodash.keysin/lodash.keysin_rhel_8.3.sh,https://github.com/lodash/lodash,,migrated,,
lodash.noop,2.4.1,node,,l/lodash.noop/lodash.noop_rhel_8.3.sh,https://github.com/lodash/lodash,,migrated,,
lodash.omit,4.5.0,node,,l/lodash.omit/lodash.omit_rhel_8.3.sh,https://github.com/lodash/lodash,,migrated,,
lodash.once,4.1.1,node,,l/lodash.once/lodash.once_rhel_8.3.sh,https://github.com/lodash/lodash,,migrated,,
lodash.restparam,3.6.1,node,,l/lodash.restparam/lodash.restparam_rhel_8.3.sh,https://github.com/lodash/lodash,,migrated,,
lodash.set,4.3.2,node,,l/lodash.set/lodash.set_rhel_8.3.sh,https://github.com/lodash/lodash,,migrated,,
lodash.sortby,4.7.0,node,,l/lodash.sortby/lodash.sortby_rhel_8.3.sh,https://github.com/lodash/lodash,,migrated,,
lodash.support,2.4.1,node,,l/lodash.support/lodash.support_rhel_8.3.sh,https://github.com/lodash/lodash,,migrated,,
lodash.template,4.5.0,node,,l/lodash.template/lodash.template_rhel_8.3.sh,https://github.com/lodash/lodash,,migrated,,
lodash.templatesettings,4.2.0,node,,l/lodash.templatesettings/lodash.templatesettings_rhel_8.3.sh,https://github.com/lodash/lodash,,migrated,,
lodash.throttle,4.1.1,node,,l/lodash.throttle/lodash.throttle_rhel_8.3.sh,https://github.com/lodash/lodash,,migrated,,
lodash.toarray,4.4.0,node,,l/lodash.toarray/lodash.toarray_rhel_8.3.sh,https://github.com/lodash/lodash,,migrated,,
lodash.union,4.6.0,node,,l/lodash.union/lodash.union_rhel_8.3.sh,https://github.com/lodash/lodash,,migrated,,
lodash.uniq,4.5.0,node,,l/lodash.uniq/lodash.uniq_rhel_8.3.sh,https://github.com/lodash/lodash,,migrated,,
lodash.without,4.4.0,node,,l/lodash.without/lodash.without_rhel_8.3.sh,https://github.com/lodash/lodash,,migrated,,
log,6.0.0,node,,l/log/log_rhel_8.3.sh,https://github.com/medikoo/log,,migrated,,
log-ok,0.1.1,node,,l/log-ok/log-ok_rhel_8.3.sh,https://github.com/jonschlinkert/log-ok,,migrated,,
log-utils,0.2.1,node,,l/log-utils/log-utils_rhel_8.3.sh,https://github.com/jonschlinkert/log-utils,,migrated,,
logging-helpers,0.4.0,node,,l/logging-helpers/logging-helpers_rhel_8.3.sh,https://github.com/helpers/logging-helpers,,migrated,,
long,4.0.0,node,,l/long/long_rhel_8.3.sh,https://github.com/dcodeIO/long.js,,migrated,,
longest,1.0.1,node,,l/longest/longest_rhel_8.3.sh,https://github.com/jonschlinkert/longest,,migrated,,
loopback-bluemix,3.1.1,node,,l/loopback-bluemix/loopback-bluemix_rhel_8.3.sh,https://github.com/strongloop/loopback-bluemix,,migrated,,
loopback-connector-grpc,2.0.0,node,,l/loopback-connector-grpc/loopback-connector-grpc_rhel_8.3.sh,https://github.com/strongloop/loopback-connector-grpc,,migrated,,
loopback-context,1.0.0,node,,l/loopback-context/loopback-context_rhel_8.3.sh,https://github.com/strongloop/loopback-context,,migrated,,
loopback-datatype-geopoint,1.0.0,node,,l/loopback-datatype-geopoint/loopback-datatype-geopoint_rhel_8.3.sh,https://github.com/strongloop/loopback-datatype-geopoint,,migrated,,
loopback-filters,1.1.0,node,,l/loopback-filters/loopback-filters_rhel_8.3.sh,https://github.com/strongloop/loopback-filters,,migrated,,
loopback-soap,1.3.2,node,,l/loopback-soap/loopback-soap_rhel_8.3.sh,https://github.com/strongloop/loopback-soap,,migrated,,
loose-envify,1.4.0,node,,l/loose-envify/loose-envify_rhel_8.3.sh,https://github.com/zertosh/loose-envify,,migrated,,
loose-envify,1.4.0,node,,l/loose-envify/loose-envify_ubuntu_18.04.sh,https://github.com/zertosh/loose-envify,,migrated,,
lower-case,2.0.1,node,,l/lower-case/lower-case_rhel_8.3.sh,https://github.com/blakeembrey/change-case,,migrated,,
lowercase-keys,2.0.0,node,,l/lowercase-keys/lowercase-keys_rhel_8.3.sh,https://github.com/sindresorhus/lowercase-keys,,migrated,,
make-iterator,1.0.1,node,,m/make-iterator/make-iterator_rhel_8.3.sh,https://github.com/jonschlinkert/make-iterator,,migrated,,
make-promises-safe,5.1.0,node,,m/make-promises-safe/make-promises-safe_rhel_8.3.sh,https://github.com/mcollina/make-promises-safe,,migrated,,
map-age-cleaner,0.1.3,node,,m/map-age-cleaner/map-age-cleaner_rhel_8.3.sh,https://github.com/SamVerschueren/map-age-cleaner,,migrated,,
map-obj,4.1.0,node,,m/map-obj/map-obj_rhel_8.3.sh,https://github.com/sindresorhus/map-obj,,migrated,,
map-stream,0.1.0,node,,m/map-stream/map-stream_rhel_8.3.sh,https://github.com/dominictarr/map-stream,,migrated,,
map-visit,1.0.0,node,,m/map-visit/map-visit_rhel_8.3.sh,https://github.com/jonschlinkert/map-visit,,migrated,,
markdown-escapes,1.0.4,node,,m/markdown-escapes/markdown-escapes_rhel_8.3.sh,https://github.com/wooorm/markdown-escapes,,migrated,,
math-random,1.0.4,node,,m/math-random/math-random_rhel_8.3.sh,https://github.com/michaelrhodes/math-random,,migrated,,
md5.js,1.3.5,node,,m/md5.js/md5.js_rhel_8.3.sh,https://github.com/crypto-browserify/md5.js,,migrated,,
mdn-data,2.0.4,node,,m/mdn-data/mdn-data_rhel_8.3.sh,https://github.com/mdn/data,,migrated,,
mdurl,1.0.1,node,,m/mdurl/mdurl_rhel_8.3.sh,https://github.com/markdown-it/mdurl,,migrated,,
meant,1.0.2,node,,m/meant/meant_rhel_8.3.sh,https://github.com/watilde/meant,,migrated,,
media-typer,0.3.0,node,,m/media-typer/media-typer_rhel_8.3.sh,https://github.com/jshttp/media-typer,,migrated,,
mem,5.1.1,node,,m/mem/mem_rhel_8.3.sh,https://github.com/sindresorhus/mem,,migrated,,
mem-fs,1.2.0,node,,m/mem-fs/mem-fs_rhel_8.3.sh,https://github.com/SBoudrias/mem-fs,,migrated,,
mem-fs-editor,7.1.0,node,,m/mem-fs-editor/mem-fs-editor_rhel_8.3.sh,https://github.com/SBoudrias/mem-fs-editor,,migrated,,
memoizee,0.4.15,node,,m/memoizee/memoizee_rhel_8.3.sh,https://github.com/medikoo/memoizee,,migrated,,
memory-fs,0.4.1,node,,m/memory-fs/memory-fs_rhel_8.3.sh,https://github.com/webpack/memory-fs,,migrated,,
merge-stream,2.0.0,node,,m/merge-stream/merge-stream_rhel_8.3.sh,https://github.com/grncdr/merge-stream,,migrated,,
merge2,1.3.0,node,,m/merge2/merge2_rhel_8.3.sh,https://github.com/teambition/merge2,,migrated,,
meros,1.1.4,node,,m/meros/meros_rhel_8.3.sh,https://github.com/maraisr/meros,,migrated,,
method-override,3.0.0,node,,m/method-override/method-override_rhel_8.3.sh,https://github.com/expressjs/method-override,,migrated,,
methods,1.1.2,node,,m/methods/methods_rhel_8.3.sh,https://github.com/jshttp/methods,,migrated,,
microevent.ts,0.1.1,node,,m/microevent.ts/microevent.ts_rhel_8.3.sh,https://github.com/DirtyHairy/microevent,,migrated,,
microservice,1.0.0,node,,m/microservice/microservice_rhel_8.3.sh,https://github.com/nherment/node-microservice,,migrated,,
middie,4.1.0,node,,m/middie/middie_rhel_8.3.sh,https://github.com/fastify/middleman,,migrated,,
mime,2.5.2,node,,m/mime/mime_rhel_8.3.sh,https://github.com/broofa/mime,,migrated,,
mimic-fn,2.1.0,node,,m/mimic-fn/mimic-fn_rhel_8.3.sh,https://github.com/sindresorhus/mimic-fn,,migrated,,
mini-css-extract-plugin,0.9.0,node,,m/mini-css-extract-plugin/mini-css-extract-plugin_rhel_8.3.sh,https://github.com/webpack-contrib/mini-css-extract-plugin,,migrated,,
minimalistic-crypto-utils,1.0.1,node,,m/minimalistic-crypto-utils/minimalistic-crypto-utils_rhel_8.3.sh,https://github.com/indutny/minimalistic-crypto-utils,,migrated,,
minimist,1.2.5,node,,m/minimist/minimist_rhel_8.3.sh,https://github.com/substack/minimist,,migrated,,
minipass,3.1.3,node,,m/minipass/minipass_rhel_8.3.sh,https://github.com/isaacs/minipass,,migrated,,
minizlib,1.0.4,node,,m/minizlib/minizlib_rhel_8.3.sh,https://github.com/isaacs/minizlib,,migrated,,
mixin-deep,1.3.2,node,,m/mixin-deep/mixin-deep_rhel_8.3.sh,https://github.com/jonschlinkert/mixin-deep,,migrated,,
mixin-object,2.0.1,node,,m/mixin-object/mixin-object_rhel_8.3.sh,https://github.com/jonschlinkert/mixin-object,,migrated,,
mixme,0.4.0,node,,m/mixme/mixme_rhel_8.3.sh,https://github.com/adaltas/node-mixme,,migrated,,
mkdirp,1.0.4,node,,m/mkdirp/mkdirp_rhel_8.3.sh,https://github.com/isaacs/node-mkdirp,,migrated,,
mkdirp-promise,1.1.0,node,,m/mkdirp-promise/mkdirp-promise_rhel_8.3.sh,https://github.com/ahmadnassri/mkdirp-promise,,migrated,,
mock-spawn,0.2.6,node,,m/mock-spawn/mock-spawn_rhel_8.3.sh,https://github.com/gotwarlost/mock-spawn,,migrated,,
module-alias,2.2.2,node,,m/module-alias/module-alias_rhel_8.3.sh,https://github.com/ilearnio/module-alias,,migrated,,
moment,2.29.1,node,,m/moment/moment_rhel_8.3.sh,https://github.com/moment/moment,,migrated,,
moment,2.22.2,node,,m/moment/moment_ubuntu_18.04.sh,https://github.com/moment/moment.git,,migrated,,
moment-timezone,0.5.33,node,,m/moment-timezone/moment-timezone_rhel_8.3.sh,https://github.com/moment/moment-timezone,,migrated,,
moment-timezone,0.5.14,node,,m/moment-timezone/moment-timezone_rhel_7.4.sh,https://github.com/moment/moment-timezone.git,,migrated,,
moment-timezone,0.5.14,node,,m/moment-timezone/moment-timezone_ubuntu_16.04.sh,https://github.com/moment/moment-timezone.git,,migrated,,
mongodb-uri,0.9.7,node,,m/mongodb-uri/mongodb-uri_rhel_8.3.sh,https://github.com/mongolab/mongodb-uri-node,,migrated,,
morgan,1.10.0,node,,m/morgan/morgan_rhel_8.3.sh,https://github.com/expressjs/morgan,,migrated,,
morgan,1.9.0,node,,m/morgan/morgan_ubuntu_18.04.sh,https://github.com/expressjs/morgan,,migrated,,
mout,0.12.0,node,,m/mout/mout_rhel_8.3.sh,https://github.com/mout/mout,,migrated,,
move-concurrently,1.0.1,node,,m/move-concurrently/move-concurrently_rhel_8.3.sh,https://github.com/npm/move-concurrently,,migrated,,
mri,1.1.4,node,,m/mri/mri_rhel_8.3.sh,https://github.com/lukeed/mri,,migrated,,
ms,2.1.3,node,,m/ms/ms_rhel_8.3.sh,https://github.com/vercel/ms,,migrated,,
msgpack-lite,0.1.26,node,,m/msgpack-lite/msgpack-lite_rhel_8.3.sh,https://github.com/kawanet/msgpack-lite,,migrated,,
msgpack-stream,0.0.13,node,,m/msgpack-stream/msgpack-stream_rhel_8.3.sh,https://github.com/dominictarr/msgpack-stream,,migrated,,
msgpack5,4.2.0,node,,m/msgpack5/msgpack5_rhel_8.3.sh,https://github.com/mcollina/msgpack5,,migrated,,
multicast-dns,6.2.3,node,,m/multicast-dns/multicast-dns_rhel_8.3.sh,https://github.com/mafintosh/multicast-dns,,migrated,,
multicast-dns-service-types,1.1.0,node,,m/multicast-dns-service-types/multicast-dns-service-types_rhel_8.3.sh,https://github.com/mafintosh/multicast-dns-service-types,,migrated,,
multimatch,5.0.0,node,,m/multimatch/multimatch_rhel_8.3.sh,https://github.com/sindresorhus/multimatch,,migrated,,
mux-demux,3.7.9,node,,m/mux-demux/mux-demux_rhel_8.3.sh,https://github.com/dominictarr/mux-demux,,migrated,,
mv,2.1.1,node,,m/mv/mv_rhel_8.3.sh,https://github.com/andrewrk/node-mv,,migrated,,
mz,2.7.0,node,,m/mz/mz_rhel_8.3.sh,https://github.com/normalize/mz,,migrated,,
named-placeholders,1.1.2,node,,n/named-placeholders/named-placeholders_rhel_8.3.sh,https://github.com/sidorares/named-placeholders,,migrated,,
native-duplexpair,1.0.0,node,,n/native-duplexpair/native-duplexpair_rhel_8.3.sh,https://github.com/tediousjs/native-duplexpair,,migrated,,
natural-compare,1.4.0,node,,n/natural-compare/natural-compare_rhel_8.3.sh,https://github.com/litejs/natural-compare-lite,,migrated,,
nconf,0.8.5,node,,n/nconf/nconf_rhel_8.3.sh,https://github.com/flatiron/nconf,,migrated,,
nconf-yaml,1.0.2,node,,n/nconf-yaml/nconf-yaml_rhel_8.3.sh,https://github.com/tellnes/nconf-yaml,,migrated,,
nested-error-stacks,2.1.0,node,,n/nested-error-stacks/nested-error-stacks_rhel_8.3.sh,https://github.com/mdlavin/nested-error-stacks,,migrated,,
newrelic__native-metrics,6.0.0,node,,n/newrelic__native-metrics/newrelic__native-metrics_rhel_8.3.sh,https://github.com/newrelic/node-native-metrics,,migrated,,
newrelic__superagent,4.0.0,node,,n/newrelic__superagent/newrelic__superagent_rhel_8.3.sh,https://github.com/newrelic/node-newrelic-superagent,,migrated,,
nexe,2.0.0-rc.34,node,,n/nexe/nexe_rhel_8.3.sh,https://github.com/nexe/nexe,,migrated,,
ng-annotate,1.2.1,node,,n/ng-annotate/ng-annotate_rhel_8.3.sh,https://github.com/olov/ng-annotate,,migrated,,
nice-try,1.0.5,node,,n/nice-try/nice-try_rhel_8.3.sh,https://github.com/electerious/nice-try,,migrated,,
nise,4.0.4,node,,n/nise/nise_rhel_8.3.sh,https://github.com/sinonjs/nise,,migrated,,
njwt,1.0.0,node,,n/njwt/njwt_rhel_8.3.sh,https://github.com/jwtk/njwt,,migrated,,
no-case,3.0.4,node,,n/no-case/no-case_rhel_8.3.sh,https://github.com/blakeembrey/change-case,,migrated,,
nocache,2.0.0,node,,n/nocache/nocache_rhel_8.3.sh,https://github.com/helmetjs/nocache,,migrated,,
nock,11.7.2,node,,n/nock/nock_rhel_8.3.sh,https://github.com/nock/nock,,migrated,,
node-cache,5.1.2,node,,n/node-cache/node-cache_rhel_8.3.sh,https://github.com/node-cache/node-cache,,migrated,,
node-emoji,1.10.0,node,,n/node-emoji/node-emoji_rhel_8.3.sh,https://github.com/omnidan/node-emoji,,migrated,,
node-environment-flags,1.0.6,node,,n/node-environment-flags/node-environment-flags_rhel_8.3.sh,https://github.com/boneskull/node-environment-flags,,migrated,,
node-forge,0.10.0,node,,n/node-forge/node-forge_rhel_8.3.sh,https://github.com/digitalbazaar/forge,,migrated,,
node-int64,0.4.0,node,,n/node-int64/node-int64_rhel_8.3.sh,https://github.com/broofa/node-int64,,migrated,,
node-jose,2.0.0,node,,n/node-jose/node-jose_rhel_8.3.sh,https://github.com/cisco/node-jose,,migrated,,
node-mocks-http,1.10.1,node,,n/node-mocks-http/node-mocks-http_rhel_8.3.sh,https://github.com/howardabrams/node-mocks-http,,migrated,,
node-notifier,5.4.3,node,,n/node-notifier/node-notifier_rhel_8.3.sh,https://github.com/mikaelbr/node-notifier,,migrated,,
node-object-hash,1.4.2,node,,n/node-object-hash/node-object-hash_rhel_8.3.sh,https://github.com/SkeLLLa/node-object-hash,,migrated,,
node-rsa,1.0.8,node,,n/node-rsa/node-rsa_rhel_8.3.sh,https://github.com/rzcoder/node-rsa,,migrated,,
node-yaml,3.0.3,node,,n/node-yaml/node-yaml_rhel_8.3.sh,https://github.com/octet-stream/node-yaml,,migrated,,
node.extend,1.1.8,node,,n/node.extend/node.extend_rhel_8.3.sh,https://github.com/dreamerslab/node.extend,,migrated,,
nodemailer,4.6.7,node,,n/nodemailer/nodemailer_rhel_8.3.sh,https://github.com/nodemailer/nodemailer,,migrated,,
nodemailer-direct-transport,3.3.2,node,,n/nodemailer-direct-transport/nodemailer-direct-transport_rhel_8.3.sh,https://github.com/andris9/nodemailer-direct-transport,,migrated,,
nodemailer-shared,1.1.0,node,,n/nodemailer-shared/nodemailer-shared_rhel_8.3.sh,https://github.com/nodemailer/nodemailer-shared,,migrated,,
nodemailer-smtp-pool,2.8.2,node,,n/nodemailer-smtp-pool/nodemailer-smtp-pool_rhel_8.3.sh,https://github.com/andris9/nodemailer-smtp-pool,,migrated,,
nodemailer-smtp-transport,2.7.2,node,,n/nodemailer-smtp-transport/nodemailer-smtp-transport_rhel_8.3.sh,https://github.com/andris9/nodemailer-smtp-transport,,migrated,,
nodemailer-stub-transport,1.1.0,node,,n/nodemailer-stub-transport/nodemailer-stub-transport_rhel_8.3.sh,https://github.com/andris9/nodemailer-stub-transport,,migrated,,
nodemailer-wellknown,0.1.10,node,,n/nodemailer-wellknown/nodemailer-wellknown_rhel_8.3.sh,https://github.com/andris9/nodemailer-wellknown,,migrated,,
normalize-git-url,3.0.2,node,,n/normalize-git-url/normalize-git-url_rhel_8.3.sh,https://github.com/npm/normalize-git-url,,migrated,,
normalize-path,3.0.0,node,,n/normalize-path/normalize-path_rhel_8.3.sh,https://github.com/jonschlinkert/normalize-path,,migrated,,
normalize-scroll-left,0.1.2,node,,n/normalize-scroll-left/normalize-scroll-left_rhel_8.3.sh,https://github.com/alitaheri/normalize-scroll-left,,migrated,,
npm-cache-filename,1.0.2,node,,n/npm-cache-filename/npm-cache-filename_rhel_8.3.sh,https://github.com/npm/npm-cache-filename,,migrated,,
npm-lifecycle,3.1.5,node,,n/npm-lifecycle/npm-lifecycle_rhel_8.3.sh,https://github.com/npm/lifecycle,,migrated,,
npm-logical-tree,1.2.1,node,,n/npm-logical-tree/npm-logical-tree_rhel_8.3.sh,https://github.com/npm/logical-tree,,migrated,,
npm-packlist,1.1.10,node,,n/npm-packlist/npm-packlist_rhel_8.3.sh,https://github.com/npm/npm-packlist,,migrated,,
npm-pick-manifest,2.1.0,node,,n/npm-pick-manifest/npm-pick-manifest_rhel_8.3.sh,https://github.com/npm/npm-pick-manifest,,migrated,,
npm-run-path,4.0.1,node,,n/npm-run-path/npm-run-path_rhel_8.3.sh,https://github.com/sindresorhus/npm-run-path,,migrated,,
nth-check,1.0.2,node,,n/nth-check/nth-check_rhel_8.3.sh,https://github.com/fb55/nth-check,,migrated,,
nuid,1.1.4,node,,n/nuid/nuid_rhel_8.3.sh,https://github.com/nats-io/node-nuid,,migrated,,
oauth-sign,0.9.0,node,,o/oauth-sign/oauth-sign_rhel_8.3.sh,https://github.com/mikeal/oauth-sign,,migrated,,
object-copy,0.1.0,node,,o/object-copy/object-copy_rhel_8.3.sh,https://github.com/jonschlinkert/object-copy,,migrated,,
object-is,1.1.5,node,,o/object-is/object-is_rhel_8.3.sh,https://github.com/es-shims/object-is,,migrated,,
object-keys,1.1.1,node,,o/object-keys/object-keys_rhel_8.3.sh,https://github.com/ljharb/object-keys,,migrated,,
object-visit,1.0.1,node,,o/object-visit/object-visit_rhel_8.3.sh,https://github.com/jonschlinkert/object-visit,,migrated,,
object.defaults,1.1.0,node,,o/object.defaults/object.defaults_rhel_8.3.sh,https://github.com/jonschlinkert/object.defaults,,migrated,,
object.entries,1.1.3,node,,o/object.entries/object.entries_rhel_8.3.sh,https://github.com/es-shims/Object.entries,,migrated,,
object.fromentries,2.0.4,node,,o/object.fromentries/object.fromentries_rhel_8.3.sh,https://github.com/es-shims/Object.fromEntries,,migrated,,
object.getownpropertydescriptors,2.1.2,node,,o/object.getownpropertydescriptors/object.getownpropertydescriptors_rhel_8.3.sh,https://github.com/es-shims/object.getownpropertydescriptors,,migrated,,
object.map,1.0.1,node,,o/object.map/object.map_rhel_8.3.sh,https://github.com/jonschlinkert/object.map,,migrated,,
object.omit,2.0.1,node,,o/object.omit/object.omit_rhel_8.3.sh,https://github.com/jonschlinkert/object.omit,,migrated,,
object.pick,1.3.0,node,,o/object.pick/object.pick_rhel_8.3.sh,https://github.com/jonschlinkert/object.pick,,migrated,,
object.values,1.1.3,node,,o/object.values/object.values_rhel_8.3.sh,https://github.com/es-shims/Object.values,,migrated,,
obuf,1.1.2,node,,o/obuf/obuf_rhel_8.3.sh,https://github.com/indutny/offset-buffer,,migrated,,
octetstream__promisify,2.0.2,node,,o/octetstream__promisify/octetstream__promisify_rhel_8.3.sh,https://github.com/octet-stream/promisify,,migrated,,
oidc-token-hash,5.0.0,node,,o/oidc-token-hash/oidc-token-hash_rhel_8.3.sh,https://github.com/panva/oidc-token-hash,,migrated,,
omatch,1.2.13,node,,o/omatch/omatch_rhel_8.3.sh,https://github.com/micromatch/omatch,,migrated,,
on-finished,2.3.0,node,,o/on-finished/on-finished_rhel_8.3.sh,https://github.com/jshttp/on-finished,,migrated,,
on-headers,1.0.1,node,,o/on-headers/on-headers_rhel_8.3.sh,https://github.com/jshttp/on-headers,,migrated,,
one-time,1.0.0,node,,o/one-time/one-time_rhel_8.3.sh,https://github.com/3rd-Eden/one-time,,migrated,,
openapi-contrib__openapi-schema-to-json-schema,3.1.0,node,,o/openapi-contrib__openapi-schema-to-json-schema/openapi-contrib__openapi-schema-to-json-schema_rhel_8.3.sh,https://github.com/openapi-contrib/openapi-schema-to-json-schema,,migrated,,
openapi3-ts,2.0.0,node,,o/openapi3-ts/openapi3-ts_rhel_8.3.sh,https://github.com/metadevpro/openapi3-ts,,migrated,,
openid-client,4.2.2,node,,o/openid-client/openid-client_rhel_8.3.sh,https://github.com/panva/node-openid-client,,migrated,,
openssl-wrapper,0.3.4,node,,o/openssl-wrapper/openssl-wrapper_rhel_8.3.sh,https://github.com/mgcrea/node-openssl-wrapper,,migrated,,
opn,5.1.0,node,,o/opn/opn_rhel_8.3.sh,https://github.com/sindresorhus/open,,migrated,,
optimize-css-assets-webpack-plugin,5.0.3,node,,o/optimize-css-assets-webpack-plugin/optimize-css-assets-webpack-plugin_rhel_8.3.sh,https://github.com/NMFR/optimize-css-assets-webpack-plugin,,migrated,,
optionator,0.9.1,node,,o/optionator/optionator_rhel_8.3.sh,https://github.com/gkz/optionator,,migrated,,
options,0.0.6,node,,o/options/options_rhel_8.3.sh,https://github.com/einaros/options.js,,migrated,,
os-locale,5.0.0,node,,o/os-locale/os-locale_rhel_8.3.sh,https://github.com/sindresorhus/os-locale,,migrated,,
oseconds,0.1.0,node,,o/oseconds/oseconds_rhel_8.3.sh,https://github.com/jonschlinkert/oseconds,,migrated,,
osenv,0.1.4,node,,o/osenv/osenv_rhel_8.3.sh,https://github.com/npm/osenv,,migrated,,
ovotech__avro-mock-generator,2.0.3,node,,o/ovotech__avro-mock-generator/ovotech__avro-mock-generator_rhel_8.3.sh,https://github.com/ovotech/avro-mock-generator,,migrated,,
p-any,3.0.0,node,,p/p-any/p-any_rhel_8.3.sh,https://github.com/sindresorhus/p-any,,migrated,,
p-cancelable,2.1.0,node,,p/p-cancelable/p-cancelable_rhel_8.3.sh,https://github.com/sindresorhus/p-cancelable,,migrated,,
p-each-series,2.2.0,node,,p/p-each-series/p-each-series_rhel_8.3.sh,https://github.com/sindresorhus/p-each-series,,migrated,,
p-finally,2.0.1,node,,p/p-finally/p-finally_rhel_8.3.sh,https://github.com/sindresorhus/p-finally,,migrated,,
p-locate,5.0.0,node,,p/p-locate/p-locate_rhel_8.3.sh,https://github.com/sindresorhus/p-locate,,migrated,,
p-retry,3.0.1,node,,p/p-retry/p-retry_rhel_8.3.sh,https://github.com/sindresorhus/p-retry,,migrated,,
p-some,5.0.0,node,,p/p-some/p-some_rhel_8.3.sh,https://github.com/sindresorhus/p-some,,migrated,,
p-try,2.2.0,node,,p/p-try/p-try_rhel_8.3.sh,https://github.com/sindresorhus/p-try,,migrated,,
package-hash,4.0.0,node,,p/package-hash/package-hash_rhel_8.3.sh,https://github.com/novemberborn/package-hash,,migrated,,
packet-reader,1.0.0,node,,p/packet-reader/packet-reader_rhel_8.3.sh,https://github.com/brianc/node-packet-reader,,migrated,,
pad-left,2.1.0,node,,p/pad-left/pad-left_rhel_8.3.sh,https://github.com/jonschlinkert/pad-left,,migrated,,
pad-right,0.2.2,node,,p/pad-right/pad-right_rhel_8.3.sh,https://github.com/jonschlinkert/pad-right,,migrated,,
paged-request,2.0.2,node,,p/paged-request/paged-request_rhel_8.3.sh,https://github.com/jonschlinkert/paged-request,,migrated,,
pako,1.0.11,node,,p/pako/pako_rhel_8.3.sh,https://github.com/nodeca/pako,,migrated,,
pako,1.0.6,node,,p/pako/pako_ubuntu_18.04.sh,https://github.com/nodeca/pako,,migrated,,
panva__asn1.js,1.0.0,node,,p/panva__asn1.js/panva__asn1.js_rhel_8.3.sh,https://github.com/panva/asn1.js,,migrated,,
param-case,3.0.4,node,,p/param-case/param-case_rhel_8.3.sh,https://github.com/blakeembrey/change-case,,migrated,,
parent-module,1.0.1,node,,p/parent-module/parent-module_rhel_8.3.sh,https://github.com/sindresorhus/parent-module,,migrated,,
parse-asn1,5.1.6,node,,p/parse-asn1/parse-asn1_rhel_8.3.sh,https://github.com/crypto-browserify/parse-asn1,,migrated,,
parse-filepath,1.0.2,node,,p/parse-filepath/parse-filepath_rhel_8.3.sh,https://github.com/jonschlinkert/parse-filepath,,migrated,,
parse-glob,3.0.4,node,,p/parse-glob/parse-glob_rhel_8.3.sh,https://github.com/jonschlinkert/parse-glob,,migrated,,
parse-ms,2.1.0,node,,p/parse-ms/parse-ms_rhel_8.3.sh,https://github.com/sindresorhus/parse-ms,,migrated,,
parse-passwd,1.0.0,node,,p/parse-passwd/parse-passwd_rhel_8.3.sh,https://github.com/doowb/parse-passwd,,migrated,,
parseurl,1.3.2,node,,p/parseurl/parseurl_rhel_8.3.sh,https://github.com/pillarjs/parseurl,,migrated,,
pascal-case,3.1.2,node,,p/pascal-case/pascal-case_rhel_8.3.sh,https://github.com/blakeembrey/change-case,,migrated,,
pascalcase,0.1.1,node,,p/pascalcase/pascalcase_rhel_8.3.sh,https://github.com/jonschlinkert/pascalcase,,migrated,,
path-dirname,1.0.2,node,,p/path-dirname/path-dirname_rhel_8.3.sh,https://github.com/es128/path-dirname,,migrated,,
path-exists,4.0.0,node,,p/path-exists/path-exists_rhel_8.3.sh,https://github.com/sindresorhus/path-exists,,migrated,,
path-is-absolute,1.0.1,node,,p/path-is-absolute/path-is-absolute_rhel_8.3.sh,https://github.com/sindresorhus/path-is-absolute,,migrated,,
path-is-inside,1.0.2,node,,p/path-is-inside/path-is-inside_rhel_8.3.sh,https://github.com/domenic/path-is-inside,,migrated,,
path-key,3.1.1,node,,p/path-key/path-key_rhel_8.3.sh,https://github.com/sindresorhus/path-key,,migrated,,
path-match,1.2.4,node,,p/path-match/path-match_rhel_8.3.sh,https://github.com/pillarjs/path-match,,migrated,,
path-parse,1.0.6,node,,p/path-parse/path-parse_rhel_8.3.sh,https://github.com/jbgutierrez/path-parse,,migrated,,
path-root,0.1.1,node,,p/path-root/path-root_rhel_8.3.sh,https://github.com/jonschlinkert/path-root,,migrated,,
path-root-regex,0.1.2,node,,p/path-root-regex/path-root-regex_rhel_8.3.sh,https://github.com/regexhq/path-root-regex,,migrated,,
path-to-regexp,6.2.0,node,,p/path-to-regexp/path-to-regexp_rhel_8.3.sh,https://github.com/pillarjs/path-to-regexp,,migrated,,
path-type,4.0.0,node,,p/path-type/path-type_rhel_8.3.sh,https://github.com/sindresorhus/path-type,,migrated,,
pause-stream,0.0.11,node,,p/pause-stream/pause-stream_rhel_8.3.sh,https://github.com/dominictarr/pause-stream,,migrated,,
pbkdf2-compat,2.0.1,node,,p/pbkdf2-compat/pbkdf2-compat_rhel_8.3.sh,https://github.com/crypto-browserify/pbkdf2-compat,,migrated,,
pend,1.2.0,node,,p/pend/pend_rhel_8.3.sh,https://github.com/andrewrk/node-pend,,migrated,,
pg-int8,1.0.1,node,,p/pg-int8/pg-int8_rhel_8.3.sh,https://github.com/charmander/pg-int8,,migrated,,
pg-types,2.2.0,node,,p/pg-types/pg-types_rhel_8.3.sh,https://github.com/brianc/node-pg-types,,migrated,,
phenomnomnominal__tsquery,4.1.1,node,,p/phenomnomnominal__tsquery/phenomnomnominal__tsquery_rhel_8.3.sh,https://github.com/phenomnomnominal/tsquery,,migrated,,
pify,4.0.1,node,,p/pify/pify_rhel_8.3.sh,https://github.com/sindresorhus/pify,,migrated,,
pinkie-promise,1.0.0,node,,p/pinkie-promise/pinkie-promise_rhel_8.3.sh,https://github.com/floatdrop/pinkie-promise,,migrated,,
pino-colada,2.1.0,node,,p/pino-colada/pino-colada_rhel_8.3.sh,https://github.com/lrlna/pino-colada,,migrated,,
pino-pretty,2.6.1,node,,p/pino-pretty/pino-pretty_rhel_8.3.sh,https://github.com/pinojs/pino-pretty,,migrated,,
pino-std-serializers,2.5.0,node,,p/pino-std-serializers/pino-std-serializers_rhel_8.3.sh,https://github.com/pinojs/pino-std-serializers,,migrated,,
pirates,4.0.1,node,,p/pirates/pirates_rhel_8.3.sh,https://github.com/ariporad/pirates,,migrated,,
pkg-conf,3.1.0,node,,p/pkg-conf/pkg-conf_rhel_8.3.sh,https://github.com/sindresorhus/pkg-conf,,migrated,,
plur,1.0.0,node,,p/plur/plur_rhel_8.3.sh,https://github.com/sindresorhus/plur,,migrated,,
pluralize,7.0.0,node,,p/pluralize/pluralize_rhel_8.3.sh,https://github.com/blakeembrey/pluralize,,migrated,,
pn,1.1.0,node,,p/pn/pn_rhel_8.3.sh,https://github.com/cscott/node-pn,,migrated,,
png-js,0.1.1,node,,p/png-js/png-js_rhel_8.3.sh,https://github.com/devongovett/png.js,,migrated,,
portfinder,1.0.28,node,,p/portfinder/portfinder_rhel_8.3.sh,https://github.com/http-party/node-portfinder,,migrated,,
posix-character-classes,0.1.1,node,,p/posix-character-classes/posix-character-classes_rhel_8.3.sh,https://github.com/jonschlinkert/posix-character-classes,,migrated,,
posix-getopt,1.2.0,node,,p/posix-getopt/posix-getopt_rhel_8.3.sh,https://github.com/davepacheco/node-getopt,,migrated,,
postcss-browser-comments,3.0.0,node,,p/postcss-browser-comments/postcss-browser-comments_rhel_8.3.sh,https://github.com/csstools/postcss-browser-comments,,migrated,,
postcss-calc,7.0.5,node,,p/postcss-calc/postcss-calc_rhel_8.3.sh,https://github.com/postcss/postcss-calc,,migrated,,
postcss-color-functional-notation,2.0.1,node,,p/postcss-color-functional-notation/postcss-color-functional-notation_rhel_8.3.sh,https://github.com/csstools/postcss-color-functional-notation,,migrated,,
postcss-color-gray,5.0.0,node,,p/postcss-color-gray/postcss-color-gray_rhel_8.3.sh,https://github.com/postcss/postcss-color-gray,,migrated,,
postcss-color-hex-alpha,5.0.3,node,,p/postcss-color-hex-alpha/postcss-color-hex-alpha_rhel_8.3.sh,https://github.com/postcss/postcss-color-hex-alpha,,migrated,,
postcss-color-mod-function,3.0.3,node,,p/postcss-color-mod-function/postcss-color-mod-function_rhel_8.3.sh,https://github.com/jonathantneal/postcss-color-mod-function,,migrated,,
postcss-custom-media,7.0.8,node,,p/postcss-custom-media/postcss-custom-media_rhel_8.3.sh,https://github.com/postcss/postcss-custom-media,,migrated,,
postcss-custom-properties,8.0.11,node,,p/postcss-custom-properties/postcss-custom-properties_rhel_8.3.sh,https://github.com/postcss/postcss-custom-properties,,migrated,,
postcss-custom-selectors,5.1.2,node,,p/postcss-custom-selectors/postcss-custom-selectors_rhel_8.3.sh,https://github.com/postcss/postcss-custom-selectors,,migrated,,
postcss-dir-pseudo-class,5.0.0,node,,p/postcss-dir-pseudo-class/postcss-dir-pseudo-class_rhel_8.3.sh,https://github.com/jonathantneal/postcss-dir-pseudo-class,,migrated,,
postcss-double-position-gradients,1.0.0,node,,p/postcss-double-position-gradients/postcss-double-position-gradients_rhel_8.3.sh,https://github.com/csstools/postcss-double-position-gradients,,migrated,,
postcss-env-function,2.0.2,node,,p/postcss-env-function/postcss-env-function_rhel_8.3.sh,https://github.com/csstools/postcss-env-function,,migrated,,
postcss-focus-visible,4.0.0,node,,p/postcss-focus-visible/postcss-focus-visible_rhel_8.3.sh,https://github.com/csstools/postcss-focus-visible,,migrated,,
postcss-focus-within,3.0.0,node,,p/postcss-focus-within/postcss-focus-within_rhel_8.3.sh,https://github.com/csstools/postcss-focus-within,,migrated,,
postcss-font-variant,4.0.1,node,,p/postcss-font-variant/postcss-font-variant_rhel_8.3.sh,https://github.com/postcss/postcss-font-variant,,migrated,,
postcss-gap-properties,2.0.0,node,,p/postcss-gap-properties/postcss-gap-properties_rhel_8.3.sh,https://github.com/jonathantneal/postcss-gap-properties,,migrated,,
postcss-image-set-function,3.0.1,node,,p/postcss-image-set-function/postcss-image-set-function_rhel_8.3.sh,https://github.com/jonathantneal/postcss-image-set-function,,migrated,,
postcss-initial,3.0.4,node,,p/postcss-initial/postcss-initial_rhel_8.3.sh,https://github.com/maximkoretskiy/postcss-initial,,migrated,,
postcss-lab-function,2.0.1,node,,p/postcss-lab-function/postcss-lab-function_rhel_8.3.sh,https://github.com/csstools/postcss-lab-function,,migrated,,
postcss-logical,3.0.0,node,,p/postcss-logical/postcss-logical_rhel_8.3.sh,https://github.com/csstools/postcss-logical,,migrated,,
postcss-media-minmax,4.0.0,node,,p/postcss-media-minmax/postcss-media-minmax_rhel_8.3.sh,https://github.com/postcss/postcss-media-minmax,,migrated,,
postcss-modules-extract-imports,2.0.0,node,,p/postcss-modules-extract-imports/postcss-modules-extract-imports_rhel_8.3.sh,https://github.com/css-modules/postcss-modules-extract-imports,,migrated,,
postcss-modules-local-by-default,3.0.3,node,,p/postcss-modules-local-by-default/postcss-modules-local-by-default_rhel_8.3.sh,https://github.com/css-modules/postcss-modules-local-by-default,,migrated,,
postcss-modules-scope,2.2.0,node,,p/postcss-modules-scope/postcss-modules-scope_rhel_8.3.sh,https://github.com/css-modules/postcss-modules-scope,,migrated,,
postcss-modules-values,3.0.0,node,,p/postcss-modules-values/postcss-modules-values_rhel_8.3.sh,https://github.com/css-modules/postcss-modules-values,,migrated,,
postcss-nesting,7.0.1,node,,p/postcss-nesting/postcss-nesting_rhel_8.3.sh,https://github.com/csstools/postcss-nesting,,migrated,,
postcss-page-break,2.0.0,node,,p/postcss-page-break/postcss-page-break_rhel_8.3.sh,https://github.com/shrpne/postcss-page-break,,migrated,,
postcss-place,4.0.1,node,,p/postcss-place/postcss-place_rhel_8.3.sh,https://github.com/csstools/postcss-place,,migrated,,
postcss-pseudo-class-any-link,6.0.0,node,,p/postcss-pseudo-class-any-link/postcss-pseudo-class-any-link_rhel_8.3.sh,https://github.com/jonathantneal/postcss-pseudo-class-any-link,,migrated,,
postcss-selector-matches,4.0.0,node,,p/postcss-selector-matches/postcss-selector-matches_rhel_8.3.sh,https://github.com/postcss/postcss-selector-matches,,migrated,,
postcss-selector-not,4.0.1,node,,p/postcss-selector-not/postcss-selector-not_rhel_8.3.sh,https://github.com/postcss/postcss-selector-not,,migrated,,
postcss-value-parser,4.1.0,node,,p/postcss-value-parser/postcss-value-parser_rhel_8.3.sh,https://github.com/TrySound/postcss-value-parser,,migrated,,
postgres-array,2.0.0,node,,p/postgres-array/postgres-array_rhel_8.3.sh,https://github.com/bendrucker/postgres-array,,migrated,,
postgres-bytea,1.0.0,node,,p/postgres-bytea/postgres-bytea_rhel_8.3.sh,https://github.com/bendrucker/postgres-bytea,,migrated,,
postgres-date,1.0.7,node,,p/postgres-date/postgres-date_rhel_8.3.sh,https://github.com/bendrucker/postgres-date,,migrated,,
postgres-interval,1.2.0,node,,p/postgres-interval/postgres-interval_rhel_8.3.sh,https://github.com/bendrucker/postgres-interval,,migrated,,
precond,0.2.3,node,,p/precond/precond_rhel_8.3.sh,https://github.com/MathieuTurcotte/node-precond,,migrated,,
prelude-ls,1.2.1,node,,p/prelude-ls/prelude-ls_rhel_8.3.sh,https://github.com/gkz/prelude-ls,,migrated,,
prettier-bytes,1.0.4,node,,p/prettier-bytes/prettier-bytes_rhel_8.3.sh,https://github.com/Flet/prettier-bytes,,migrated,,
pretty-bytes,5.6.0,node,,p/pretty-bytes/pretty-bytes_rhel_8.3.sh,https://github.com/sindresorhus/pretty-bytes,,migrated,,
pretty-error,2.1.2,node,,p/pretty-error/pretty-error_rhel_8.3.sh,https://github.com/AriaMinaei/pretty-error,,migrated,,
pretty-ms,5.1.0,node,,p/pretty-ms/pretty-ms_rhel_8.3.sh,https://github.com/sindresorhus/pretty-ms,,migrated,,
pretty-time,0.2.0,node,,p/pretty-time/pretty-time_rhel_8.3.sh,https://github.com/jonschlinkert/pretty-time,,migrated,,
prettysize,0.0.3,node,,p/prettysize/prettysize_rhel_8.3.sh,https://github.com/davglass/prettysize,,migrated,,
private,0.1.8,node,,p/private/private_rhel_8.3.sh,https://github.com/benjamn/private,,migrated,,
process-nextick-args,2.0.0,node,,p/process-nextick-args/process-nextick-args_rhel_8.3.sh,https://github.com/calvinmetcalf/process-nextick-args,,migrated,,
promise-retry,1.1.1,node,,p/promise-retry/promise-retry_rhel_8.3.sh,https://github.com/IndigoUnited/node-promise-retry,,migrated,,
promised-ldap,v0.2.0,node,,p/promised-ldap/promised-ldap_ubi_8.5.sh,https://github.com/stewartml/promised-ldap,,migrated,,
prompt-choices,4.1.0,node,,p/prompt-choices/prompt-choices_rhel_8.3.sh,https://github.com/enquirer/prompt-choices,,migrated,,
prompt-password,1.2.0,node,,p/prompt-password/prompt-password_rhel_8.3.sh,https://github.com/enquirer/prompt-password,,migrated,,
prompt-question,5.0.2,node,,p/prompt-question/prompt-question_rhel_8.3.sh,https://github.com/enquirer/prompt-question,,migrated,,
prompts,2.4.1,node,,p/prompts/prompts_rhel_8.3.sh,https://github.com/terkelg/prompts,,migrated,,
promzard,0.3.0,node,,p/promzard/promzard_rhel_8.3.sh,https://github.com/isaacs/promzard,,migrated,,
properties-reader,0.0.16,node,,p/properties-reader/properties-reader_rhel_8.3.sh,https://github.com/steveukx/properties,,migrated,,
proto-list,1.2.4,node,,p/proto-list/proto-list_rhel_8.3.sh,https://github.com/isaacs/proto-list,,migrated,,
protobufjs,6.10.2,node,,p/protobufjs/protobufjs_rhel_8.3.sh,https://github.com/protobufjs/protobuf.js,,migrated,,
protobufjs__aspromise,1.1.2,node,,p/protobufjs__aspromise/protobufjs__aspromise_rhel_8.3.sh,https://github.com/dcodeIO/protobuf.js,,migrated,,
protobufjs__base64,1.1.2,node,,p/protobufjs__base64/protobufjs__base64_rhel_8.3.sh,https://github.com/dcodeIO/protobuf.js,,migrated,,
protobufjs__eventemitter,1.1.0,node,,p/protobufjs__eventemitter/protobufjs__eventemitter_rhel_8.3.sh,https://github.com/dcodeIO/protobuf.js,,migrated,,
protobufjs__fetch,1.1.0,node,,p/protobufjs__fetch/protobufjs__fetch_rhel_8.3.sh,https://github.com/dcodeIO/protobuf.js,,migrated,,
protobufjs__float,1.0.2,node,,p/protobufjs__float/protobufjs__float_rhel_8.3.sh,https://github.com/dcodeIO/protobuf.js,,migrated,,
protobufjs__inquire,1.1.0,node,,p/protobufjs__inquire/protobufjs__inquire_rhel_8.3.sh,https://github.com/dcodeIO/protobuf.js,,migrated,,
protobufjs__path,1.1.2,node,,p/protobufjs__path/protobufjs__path_rhel_8.3.sh,https://github.com/dcodeIO/protobuf.js,,migrated,,
protobufjs__pool,1.1.0,node,,p/protobufjs__pool/protobufjs__pool_rhel_8.3.sh,https://github.com/dcodeIO/protobuf.js,,migrated,,
protobufjs__utf8,1.1.0,node,,p/protobufjs__utf8/protobufjs__utf8_rhel_8.3.sh,https://github.com/dcodeIO/protobuf.js,,migrated,,
protoduck,4.0.0,node,,p/protoduck/protoduck_rhel_8.3.sh,https://github.com/zkat/protoduck,,migrated,,
proxy-addr,2.0.3,node,,p/proxy-addr/proxy-addr_rhel_8.3.sh,https://github.com/jshttp/proxy-addr,,migrated,,
prr,0.0.0,node,,p/prr/prr_rhel_8.3.sh,https://github.com/rvagg/prr,,migrated,,
pseudomap,1.0.2,node,,p/pseudomap/pseudomap_rhel_8.3.sh,https://github.com/isaacs/pseudomap,,migrated,,
public-encrypt,4.0.3,node,,p/public-encrypt/public-encrypt_rhel_8.3.sh,https://github.com/crypto-browserify/publicEncrypt,,migrated,,
pump,1.0.2,node,,p/pump/pump_rhel_8.3.sh,https://github.com/mafintosh/pump,,migrated,,
pumpify,1.3.5,node,,p/pumpify/pumpify_rhel_8.3.sh,https://github.com/mafintosh/pumpify,,migrated,,
punycode,2.1.0,node,,p/punycode/punycode_rhel_8.3.sh,https://github.com/bestiejs/punycode.js,,migrated,,
pure-color,1.3.0,node,,p/pure-color/pure-color_rhel_8.3.sh,https://github.com/WickyNilliams/pure-color,,migrated,,
query-string,6.13.7,node,,q/query-string/query-string_rhel_8.3.sh,https://github.com/sindresorhus/query-string,,migrated,,
query-string,6.1.0,node,,q/query-string/query-string_ubuntu_18.04.sh,https://github.com/sindresorhus/query-string.git,,migrated,,
querystringify,2.2.0,node,,q/querystringify/querystringify_rhel_8.3.sh,https://github.com/unshiftio/querystringify,,migrated,,
queue-microtask,1.2.3,node,,q/queue-microtask/queue-microtask_rhel_8.3.sh,https://github.com/feross/queue-microtask,,migrated,,
quick-format-unescaped,4.0.1,node,,q/quick-format-unescaped/quick-format-unescaped_rhel_8.3.sh,https://github.com/davidmarkclements/quick-format,,migrated,,
qw,1.0.1,node,,q/qw/qw_rhel_8.3.sh,https://github.com/iarna/node-qw,,migrated,,
radio-symbol,2.0.0,node,,r/radio-symbol/radio-symbol_rhel_8.3.sh,https://github.com/enquirer/radio-symbol,,migrated,,
ramda,0.27.1,node,,r/ramda/ramda_rhel_8.3.sh,https://github.com/ramda/ramda,,migrated,,
ramda,v0.21.0,node,,r/ramda/ramda_ubi_8.0.sh,https://github.com/ramda/ramda.git,,migrated,,
randexp,0.5.3,node,,r/randexp/randexp_rhel_8.3.sh,https://github.com/fent/randexp.js,,migrated,,
randomatic,3.1.1,node,,r/randomatic/randomatic_rhel_8.3.sh,https://github.com/jonschlinkert/randomatic,,migrated,,
randomstring,1.1.5,node,,r/randomstring/randomstring_rhel_8.3.sh,https://github.com/klughammer/node-randomstring,,migrated,,
range-parser,1.2.0,node,,r/range-parser/range-parser_rhel_8.3.sh,https://github.com/jshttp/range-parser,,migrated,,
raw-loader,0.5.1,node,,r/raw-loader/raw-loader_rhel_8.3.sh,https://github.com/webpack-contrib/raw-loader,,migrated,,
react-copy-to-clipboard,5.0.3,node,,r/react-copy-to-clipboard/react-copy-to-clipboard_rhel_8.3.sh,https://github.com/nkbt/react-copy-to-clipboard,,migrated,,
react-event-listener,0.6.6,node,,r/react-event-listener/react-event-listener_rhel_8.3.sh,https://github.com/oliviertassinari/react-event-listener,,migrated,,
react-i18next,11.8.15,node,,r/react-i18next/react-i18next_rhel_8.3.sh,https://github.com/i18next/react-i18next,,migrated,,
react-mock-router,1.0.15,node,,r/react-mock-router/react-mock-router_rhel_8.3.sh,https://github.com/rkoeze/react-mock-router,,migrated,,
react-style-proptype,3.2.2,node,,r/react-style-proptype/react-style-proptype_rhel_8.3.sh,https://github.com/brigand/react-style-proptype,,migrated,,
react-textarea-autosize,8.3.2,node,,r/react-textarea-autosize/react-textarea-autosize_rhel_8.3.sh,https://github.com/Andarist/react-textarea-autosize,,migrated,,
read,1.0.7,node,,r/read/read_rhel_8.3.sh,https://github.com/isaacs/read,,migrated,,
read-cmd-shim,1.0.5,node,,r/read-cmd-shim/read-cmd-shim_rhel_8.3.sh,https://github.com/npm/read-cmd-shim,,migrated,,
read-package-json,1,node,,r/read-package-json/read-package-json_rhel_8.3.sh,https://github.com/npm/read-package-json,,migrated,,
read-package-tree,5.1.6,node,,r/read-package-tree/read-package-tree_rhel_8.3.sh,https://github.com/npm/read-package-tree,,migrated,,
read-pkg,5.2.0,node,,r/read-pkg/read-pkg_rhel_8.3.sh,https://github.com/sindresorhus/read-pkg,,migrated,,
read-pkg-up,7.0.1,node,,r/read-pkg-up/read-pkg-up_rhel_8.3.sh,https://github.com/sindresorhus/read-pkg-up,,migrated,,
readdir-scoped-modules,1.0.2,node,,r/readdir-scoped-modules/readdir-scoped-modules_rhel_8.3.sh,https://github.com/npm/readdir-scoped-modules,,migrated,,
readdirp,3.2.0,node,,r/readdirp/readdirp_rhel_8.3.sh,https://github.com/paulmillr/readdirp,,migrated,,
readdirp,3.6.0,node,,r/readdirp/readdirp_ubi_8.4.sh,https://github.com/paulmillr/readdirp,,migrated,,
readline-utils,2.2.3,node,,r/readline-utils/readline-utils_rhel_8.3.sh,https://github.com/enquirer/readline-utils,,migrated,,
recast,0.11.23,node,,r/recast/recast_rhel_8.3.sh,https://github.com/benjamn/recast,,migrated,,
recursive-readdir,2.2.2,node,,r/recursive-readdir/recursive-readdir_rhel_8.3.sh,https://github.com/jergason/recursive-readdir,,migrated,,
redis-commands,1.7.0,node,,r/redis-commands/redis-commands_rhel_8.3.sh,https://github.com/NodeRedis/redis-commands,,migrated,,
redis-errors,1.2.0,node,,r/redis-errors/redis-errors_rhel_8.3.sh,https://github.com/NodeRedis/redis-errors,,migrated,,
reduce-reducers,0.4.3,node,,r/reduce-reducers/reduce-reducers_rhel_8.3.sh,https://github.com/redux-utilities/reduce-reducers,,migrated,,
redux-logger,3.0.6,node,,r/redux-logger/redux-logger_rhel_8.3.sh,https://github.com/theaqua/redux-logger,,migrated,,
redux-logger,3.0.6,node,,r/redux-logger/redux_logger_ubuntu_18.04.sh,https://github.com/evgenyrodionov/redux-logger.git,,migrated,,
referrer-policy,1.1.0,node,,r/referrer-policy/referrer-policy_rhel_8.3.sh,https://github.com/helmetjs/referrer-policy,,migrated,,
regenerate,1.4.2,node,,r/regenerate/regenerate_rhel_8.3.sh,https://github.com/mathiasbynens/regenerate,,migrated,,
regenerate-unicode-properties,8.2.0,node,,r/regenerate-unicode-properties/regenerate-unicode-properties_rhel_8.3.sh,https://github.com/mathiasbynens/regenerate-unicode-properties,,migrated,,
regenerator,0.8.46,node,,r/regenerator/regenerator_rhel_8.3.sh,https://github.com/facebook/regenerator,,migrated,,
regex-not,1.0.2,node,,r/regex-not/regex-not_rhel_8.3.sh,https://github.com/jonschlinkert/regex-not,,migrated,,
regex-parser,2.2.11,node,,r/regex-parser/regex-parser_rhel_8.3.sh,https://github.com/IonicaBizau/regex-parser.js,,migrated,,
regexp.prototype.flags,1.3.1,node,,r/regexp.prototype.flags/regexp.prototype.flags_rhel_8.3.sh,https://github.com/es-shims/RegExp.prototype.flags,,migrated,,
regexpp,3.1.0,node,,r/regexpp/regexpp_rhel_8.3.sh,https://github.com/mysticatea/regexpp,,migrated,,
regexpu,1.3.0,node,,r/regexpu/regexpu_rhel_8.3.sh,https://github.com/mathiasbynens/regexpu,,migrated,,
registry-auth-token,3.4.0,node,,r/registry-auth-token/registry-auth-token_rhel_8.3.sh,https://github.com/rexxars/registry-auth-token,,migrated,,
regjsgen,0.2.0,node,,r/regjsgen/regjsgen_rhel_8.3.sh,https://github.com/bnjmnt4n/regjsgen,,migrated,,
regjsparser,0.6.9,node,,r/regjsparser/regjsparser_rhel_8.3.sh,https://github.com/jviereck/regjsparser,,migrated,,
relateurl,0.2.7,node,,r/relateurl/relateurl_rhel_8.3.sh,https://github.com/stevenvachon/relateurl,,migrated,,
relative,3.0.2,node,,r/relative/relative_rhel_8.3.sh,https://github.com/jonschlinkert/relative,,migrated,,
release-zalgo,1.0.0,node,,r/release-zalgo/release-zalgo_rhel_8.3.sh,https://github.com/novemberborn/release-zalgo,,migrated,,
remove-trailing-separator,1.1.0,node,,r/remove-trailing-separator/remove-trailing-separator_rhel_8.3.sh,https://github.com/darsain/remove-trailing-separator,,migrated,,
renderkid,2.0.5,node,,r/renderkid/renderkid_rhel_8.3.sh,https://github.com/AriaMinaei/RenderKid,,migrated,,
repeat-element,1.1.4,node,,r/repeat-element/repeat-element_rhel_8.3.sh,https://github.com/jonschlinkert/repeat-element,,migrated,,
repeat-string,1.6.1,node,,r/repeat-string/repeat-string_rhel_8.3.sh,https://github.com/jonschlinkert/repeat-string,,migrated,,
replace-ext,1.0.0,node,,r/replace-ext/replace-ext_rhel_8.3.sh,https://github.com/gulpjs/replace-ext,,migrated,,
request-progress,0.3.1,node,,r/request-progress/request-progress_rhel_8.3.sh,https://github.com/IndigoUnited/node-request-progress,,migrated,,
require-directory,2.1.1,node,,r/require-directory/require-directory_rhel_8.3.sh,https://github.com/troygoode/node-require-directory,,migrated,,
require-main-filename,2.0.0,node,,r/require-main-filename/require-main-filename_rhel_8.3.sh,https://github.com/yargs/require-main-filename,,migrated,,
requirefresh,4.13.0,node,,r/requirefresh/requirefresh_rhel_8.3.sh,https://github.com/bevry/requirefresh,,migrated,,
resolve-alpn,1.1.2,node,,r/resolve-alpn/resolve-alpn_rhel_8.3.sh,https://github.com/szmarczak/resolve-alpn,,migrated,,
resolve-cwd,3.0.0,node,,r/resolve-cwd/resolve-cwd_rhel_8.3.sh,https://github.com/sindresorhus/resolve-cwd,,migrated,,
resolve-dir,1.0.1,node,,r/resolve-dir/resolve-dir_rhel_8.3.sh,https://github.com/jonschlinkert/resolve-dir,,migrated,,
resolve-pathname,3.0.0,node,,r/resolve-pathname/resolve-pathname_rhel_8.3.sh,https://github.com/mjackson/resolve-pathname,,migrated,,
responselike,1.0.2,node,,r/responselike/responselike_rhel_8.3.sh,https://github.com/lukechilds/responselike,,migrated,,
restore-cursor,3.1.0,node,,r/restore-cursor/restore-cursor_rhel_8.3.sh,https://github.com/sindresorhus/restore-cursor,,migrated,,
resumer,0.0.0,node,,r/resumer/resumer_rhel_8.3.sh,https://github.com/substack/resumer,,migrated,,
retry,0.12.0,node,,r/retry/retry_rhel_8.3.sh,https://github.com/tim-kos/node-retry,,migrated,,
reusify,1.0.4,node,,r/reusify/reusify_rhel_8.3.sh,https://github.com/mcollina/reusify,,migrated,,
rewire,5.0.0,node,,r/rewire/rewire_rhel_8.3.sh,https://github.com/jhnns/rewire,,migrated,,
rfc4648,1.3.0,node,,r/rfc4648/rfc4648_rhel_8.3.sh,https://github.com/swansontec/rfc4648.js,,migrated,,
rfdc,1.1.4,node,,r/rfdc/rfdc_rhel_8.3.sh,https://github.com/davidmarkclements/rfdc,,migrated,,
rgb-regex,1.0.1,node,,r/rgb-regex/rgb-regex_rhel_8.3.sh,https://github.com/regexps/rgb-regex,,migrated,,
right-align,0.1.3,node,,r/right-align/right-align_rhel_8.3.sh,https://github.com/jonschlinkert/right-align,,migrated,,
rimraf,2.2.8,node,,r/rimraf/rimraf_rhel_8.3.sh,https://github.com/isaacs/rimraf,,migrated,,
ripemd160,2.0.2,node,,r/ripemd160/ripemd160_rhel_8.3.sh,https://github.com/crypto-browserify/ripemd160,,migrated,,
round-to,4.1.0,node,,r/round-to/round-to_rhel_8.3.sh,https://github.com/sindresorhus/round-to,,migrated,,
run-async,2.4.1,node,,r/run-async/run-async_rhel_8.3.sh,https://github.com/SBoudrias/run-async,,migrated,,
run-queue,1.0.3,node,,r/run-queue/run-queue_rhel_8.3.sh,https://github.com/iarna/run-queue,,migrated,,
rw,1.3.3,node,,r/rw/rw_rhel_8.3.sh,https://github.com/mbostock/rw,,migrated,,
safe-buffer,5.2.0,node,,s/safe-buffer/safe-buffer_rhel_8.3.sh,https://github.com/feross/safe-buffer,,migrated,,
safe-regex,1.1.0,node,,s/safe-regex/safe-regex_rhel_8.3.sh,https://github.com/davisjam/safe-regex,,migrated,,
safe-regex2,2.0.0,node,,s/safe-regex2/safe-regex2_rhel_8.3.sh,https://github.com/fastify/safe-regex,,migrated,,
safefs,6.13.0,node,,s/safefs/safefs_rhel_8.3.sh,https://github.com/bevry/safefs,,migrated,,
sane,${1:-,node,,s/sane/sane_ubi_8.5.sh,https://github.com/amasad/sane,,migrated,,
sax,1.2.1,node,,s/sax/sax_rhel_8.3.sh,https://github.com/isaacs/sax-js,,migrated,,
saxes,3.1.11,node,,s/saxes/saxes_rhel_8.3.sh,https://github.com/lddubeau/saxes,,migrated,,
schema-utils,2.7.1,node,,s/schema-utils/schema-utils_rhel_8.3.sh,https://github.com/webpack/schema-utils,,migrated,,
secure-random,1.1.2,node,,s/secure-random/secure-random_rhel_8.3.sh,https://github.com/jprichardson/secure-random,,migrated,,
selectn,1.1.2,node,,s/selectn/selectn_rhel_8.3.sh,https://github.com/wilmoore/selectn.js,,migrated,,
semver-compare,1.0.0,node,,s/semver-compare/semver-compare_rhel_8.3.sh,https://github.com/substack/semver-compare,,migrated,,
semver-diff,2.1.0,node,,s/semver-diff/semver-diff_rhel_8.3.sh,https://github.com/sindresorhus/semver-diff,,migrated,,
semver-store,0.3.0,node,,s/semver-store/semver-store_rhel_8.3.sh,https://github.com/delvedor/semver-store,,migrated,,
serialize-javascript,3.0.0,node,,s/serialize-javascript/serialize-javascript_rhel_8.3.sh,https://github.com/yahoo/serialize-javascript,,migrated,,
serve-favicon,2.5.0,node,,s/serve-favicon/serve-favicon_rhel_8.3.sh,https://github.com/expressjs/serve-favicon,,migrated,,
set-blocking,2.0.0,node,,s/set-blocking/set-blocking_rhel_8.3.sh,https://github.com/yargs/set-blocking,,migrated,,
set-getter,0.1.0,node,,s/set-getter/set-getter_rhel_8.3.sh,https://github.com/doowb/set-getter,,migrated,,
set-immediate-shim,1.0.1,node,,s/set-immediate-shim/set-immediate-shim_rhel_8.3.sh,https://github.com/sindresorhus/set-immediate-shim,,migrated,,
setImmediate,1.0.5,node,,s/setImmediate/setimmediate_rhel_8.3.sh,https://github.com/yuzujs/setImmediate,,migrated,,
setImmediate,1.0.5,node,,s/setImmediate/setImmediate_ubuntu_18.04.sh,https://github.com/YuzuJS/setImmediate.git,,migrated,,
shallow-clone,0.1.2,node,,s/shallow-clone/shallow-clone_rhel_8.3.sh,https://github.com/jonschlinkert/shallow-clone,,migrated,,
shallow-equal,1.2.1,node,,s/shallow-equal/shallow-equal_rhel_8.3.sh,https://github.com/moroshko/shallow-equal,,migrated,,
shebang-command,2.0.0,node,,s/shebang-command/shebang-command_rhel_8.3.sh,https://github.com/kevva/shebang-command,,migrated,,
shebang-regex,3.0.0,node,,s/shebang-regex/shebang-regex_rhel_8.3.sh,https://github.com/sindresorhus/shebang-regex,,migrated,,
shell-quote,1.7.2,node,,s/shell-quote/shell-quote_rhel_8.3.sh,https://github.com/substack/node-shell-quote,,migrated,,
shellwords,0.1.1,node,,s/shellwords/shellwords_rhel_8.3.sh,https://github.com/jimmycuadra/shellwords,,migrated,,
shimmer,1.2.1,node,,s/shimmer/shimmer_rhel_8.3.sh,https://github.com/othiym23/shimmer,,migrated,,
should,13.2.3,node,,s/should/should_rhel_8.3.sh,https://github.com/shouldjs/should.js,,migrated,,
should-equal,2.0.0,node,,s/should-equal/should-equal_rhel_8.3.sh,https://github.com/shouldjs/equal,,migrated,,
side-channel,1.0.4,node,,s/side-channel/side-channel_rhel_8.3.sh,https://github.com/ljharb/side-channel,,migrated,,
signal-exit,3.0.2,node,,s/signal-exit/signal-exit_rhel_8.3.sh,https://github.com/tapjs/signal-exit,,migrated,,
simple-fmt,0.1.0,node,,s/simple-fmt/simple-fmt_rhel_8.3.sh,https://github.com/olov/simple-fmt,,migrated,,
simple-is,0.2.0,node,,s/simple-is/simple-is_rhel_8.3.sh,https://github.com/olov/simple-is,,migrated,,
simple-swizzle,0.2.2,node,,s/simple-swizzle/simple-swizzle_rhel_8.3.sh,https://github.com/qix-/node-simple-swizzle,,migrated,,
sindresorhus__is,4.0.0,node,,s/sindresorhus__is/sindresorhus__is_rhel_8.3.sh,https://github.com/sindresorhus/is,,migrated,,
sinonjs__commons,1.8.2,node,,s/sinonjs__commons/sinonjs__commons_rhel_8.3.sh,https://github.com/sinonjs/commons,,migrated,,
sinonjs__formatio,5.0.1,node,,s/sinonjs__formatio/sinonjs__formatio_rhel_8.3.sh,https://github.com/sinonjs/formatio,,migrated,,
sinonjs__samsam,5.3.0,node,,s/sinonjs__samsam/sinonjs__samsam_rhel_8.3.sh,https://github.com/sinonjs/samsam,,migrated,,
sisteransi,1.0.5,node,,s/sisteransi/sisteransi_rhel_8.3.sh,https://github.com/terkelg/sisteransi,,migrated,,
slash,3.0.0,node,,s/slash/slash_rhel_8.3.sh,https://github.com/sindresorhus/slash,,migrated,,
slugify,1.4.0,node,,s/slugify/slugify_rhel_8.3.sh,https://github.com/simov/slugify,,migrated,,
smart-buffer,4.1.0,node,,s/smart-buffer/smart-buffer_rhel_8.3.sh,https://github.com/JoshGlazebrook/smart-buffer,,migrated,,
smtp-connection,2.12.0,node,,s/smtp-connection/smtp-connection_rhel_8.3.sh,https://github.com/andris9/smtp-connection,,migrated,,
snapdragon,0.8.2,node,,s/snapdragon/snapdragon_rhel_8.3.sh,https://github.com/here-be/snapdragon,,migrated,,
snapdragon-node,2.1.1,node,,s/snapdragon-node/snapdragon-node_rhel_8.3.sh,https://github.com/here-be/snapdragon-node,,migrated,,
snapdragon-util,3.0.1,node,,s/snapdragon-util/snapdragon-util_rhel_8.3.sh,https://github.com/here-be/snapdragon-util,,migrated,,
sockjs-client,1.4.0,node,,s/sockjs-client/sockjs-client_rhel_8.3.sh,https://github.com/sockjs/sockjs-client,,migrated,,
socks,2.3.3,node,,s/socks/socks_rhel_8.3.sh,https://github.com/JoshGlazebrook/socks,,migrated,,
sonic-boom,1.3.0,node,,s/sonic-boom/sonic-boom_rhel_8.3.sh,https://github.com/pinojs/sonic-boom,,migrated,,
sort-keys-length,1.0.1,node,,s/sort-keys-length/sort-keys-length_rhel_8.3.sh,https://github.com/kevva/sort-keys-length,,migrated,,
sorted-object,2.0.1,node,,s/sorted-object/sorted-object_rhel_8.3.sh,https://github.com/domenic/sorted-object,,migrated,,
sorted-union-stream,2.1.3,node,,s/sorted-union-stream/sorted-union-stream_rhel_8.3.sh,https://github.com/mafintosh/sorted-union-stream,,migrated,,
source-list-map,2.0.1,node,,s/source-list-map/source-list-map_rhel_8.3.sh,https://github.com/webpack/source-list-map,,migrated,,
source-map-resolve,0.5.1,node,,s/source-map-resolve/source-map-resolve_rhel_8.3.sh,https://github.com/lydell/source-map-resolve,,migrated,,
source-map-url,0.4.1,node,,s/source-map-url/source-map-url_rhel_8.3.sh,https://github.com/lydell/source-map-url,,migrated,,
sparkline,0.1.1,node,,s/sparkline/sparkline_rhel_8.3.sh,https://github.com/shiwano/sparkline,,migrated,,
spawn-wrap,2.0.0,node,,s/spawn-wrap/spawn-wrap_rhel_8.3.sh,https://github.com/istanbuljs/spawn-wrap,,migrated,,
spdx-correct,1.0.2,node,,s/spdx-correct/spdx-correct_rhel_8.3.sh,https://github.com/jslicense/spdx-correct.js,,migrated,,
spdx-license-ids,3.0.7,node,,s/spdx-license-ids/spdx-license-ids_rhel_8.3.sh,https://github.com/jslicense/spdx-license-ids,,migrated,,
split,0.3.3,node,,s/split/split_rhel_8.3.sh,https://github.com/dominictarr/split,,migrated,,
split-ca,1.0.1,node,,s/split-ca/split-ca_rhel_8.3.sh,https://github.com/bushong1/split-ca,,migrated,,
split-on-first,1.1.0,node,,s/split-on-first/split-on-first_rhel_8.3.sh,https://github.com/sindresorhus/split-on-first,,migrated,,
split-string,3.1.0,node,,s/split-string/split-string_rhel_8.3.sh,https://github.com/jonschlinkert/split-string,,migrated,,
split2,3.1.1,node,,s/split2/split2_rhel_8.3.sh,https://github.com/mcollina/split2,,migrated,,
sprintf-js,1.0.3,node,,s/sprintf-js/sprintf-js_rhel_8.3.sh,https://github.com/alexei/sprintf.js,,migrated,,
sprintf-kit,2.0.0,node,,s/sprintf-kit/sprintf-kit_rhel_8.3.sh,https://github.com/medikoo/sprintf-kit,,migrated,,
sqlstring,2.3.2,node,,s/sqlstring/sqlstring_rhel_8.3.sh,https://github.com/mysqljs/sqlstring,,migrated,,
ssri,7.1.0,node,,s/ssri/ssri_rhel_8.3.sh,https://github.com/npm/ssri,,migrated,,
stable,0.1.8,node,,s/stable/stable_rhel_8.3.sh,https://github.com/Two-Screen/stable,,migrated,,
state-toggle,1.0.3,node,,s/state-toggle/state-toggle_rhel_8.3.sh,https://github.com/wooorm/state-toggle,,migrated,,
static-eval,2.0.2,node,,s/static-eval/static-eval_rhel_8.3.sh,https://github.com/browserify/static-eval,,migrated,,
static-extend,0.1.2,node,,s/static-extend/static-extend_rhel_8.3.sh,https://github.com/jonschlinkert/static-extend,,migrated,,
statuses,1.5.0,node,,s/statuses/statuses_rhel_8.3.sh,https://github.com/jshttp/statuses,,migrated,,
stealthy-require,ae19570,node,,s/stealthy-require/stealthy-require_ubi_8.5.sh,https://github.com/analog-nico/stealthy-require.git,,migrated,,
steed,1.1.3,node,,s/steed/steed_rhel_8.3.sh,https://github.com/mcollina/steed,,migrated,,
stream-browserify,2.0.2,node,,s/stream-browserify/stream-browserify_rhel_8.3.sh,https://github.com/browserify/stream-browserify,,migrated,,
stream-combiner,0.0.4,node,,s/stream-combiner/stream-combiner_rhel_8.3.sh,https://github.com/dominictarr/stream-combiner,,migrated,,
stream-combiner2,1.1.1,node,,s/stream-combiner2/stream-combiner2_rhel_8.3.sh,https://github.com/substack/stream-combiner2,,migrated,,
stream-each,1.2.3,node,,s/stream-each/stream-each_rhel_8.3.sh,https://github.com/mafintosh/stream-each,,migrated,,
stream-iterate,1.2.0,node,,s/stream-iterate/stream-iterate_rhel_8.3.sh,https://github.com/mafintosh/stream-iterate,,migrated,,
stream-serializer,1.1.2,node,,s/stream-serializer/stream-serializer_rhel_8.3.sh,https://github.com/dominictarr/stream-serializer,,migrated,,
stream-shift,1.0.0,node,,s/stream-shift/stream-shift_rhel_8.3.sh,https://github.com/mafintosh/stream-shift,,migrated,,
strict-uri-encode,1.1.0,node,,s/strict-uri-encode/strict-uri-encode_rhel_8.3.sh,https://github.com/kevva/strict-uri-encode,,migrated,,
string-length,3.1.0,node,,s/string-length/string-length_rhel_8.3.sh,https://github.com/sindresorhus/string-length,,migrated,,
string-similarity,4.0.1,node,,s/string-similarity/string-similarity_rhel_8.3.sh,https://github.com/aceakash/string-similarity,,migrated,,
string-template,0.2.1,node,,s/string-template/string-template_rhel_8.3.sh,https://github.com/Matt-Esch/string-template,,migrated,,
string-width,4.2.2,node,,s/string-width/string-width_rhel_8.3.sh,https://github.com/sindresorhus/string-width,,migrated,,
string.fromcodepoint,0.2.1,node,,s/string.fromcodepoint/string.fromcodepoint_rhel_8.3.sh,https://github.com/mathiasbynens/String.fromCodePoint,,migrated,,
string.prototype.matchall,4.0.4,node,,s/string.prototype.matchall/string.prototype.matchall_rhel_8.3.sh,https://github.com/es-shims/String.prototype.matchAll,,migrated,,
string.prototype.repeat,0.2.0,node,,s/string.prototype.repeat/string.prototype.repeat_rhel_8.3.sh,https://github.com/mathiasbynens/String.prototype.repeat,,migrated,,
string.prototype.trim,1.2.4,node,,s/string.prototype.trim/string.prototype.trim_rhel_8.3.sh,https://github.com/es-shims/String.prototype.trim,,migrated,,
string.prototype.trimend,1.0.4,node,,s/string.prototype.trimend/string.prototype.trimend_rhel_8.3.sh,https://github.com/es-shims/String.prototype.trimEnd,,migrated,,
string.prototype.trimleft,2.1.0,node,,s/string.prototype.trimleft/string.prototype.trimleft_rhel_8.3.sh,https://github.com/es-shims/String.prototype.trimLeft,,migrated,,
string.prototype.trimright,2.1.0,node,,s/string.prototype.trimright/string.prototype.trimright_rhel_8.3.sh,https://github.com/es-shims/String.prototype.trimRight,,migrated,,
string.prototype.trimstart,1.0.4,node,,s/string.prototype.trimstart/string.prototype.trimstart_rhel_8.3.sh,https://github.com/es-shims/String.prototype.trimStart,,migrated,,
stringify-package,1.0.1,node,,s/stringify-package/stringify-package_rhel_8.3.sh,https://github.com/npm/stringify-package,,migrated,,
strip-bom,4.0.0,node,,s/strip-bom/strip-bom_rhel_8.3.sh,https://github.com/sindresorhus/strip-bom,,migrated,,
strip-bom-stream,2.0.0,node,,s/strip-bom-stream/strip-bom-stream_rhel_8.3.sh,https://github.com/sindresorhus/strip-bom-stream,,migrated,,
strip-color,0.1.0,node,,s/strip-color/strip-color_rhel_8.3.sh,https://github.com/jonschlinkert/strip-color,,migrated,,
strip-final-newline,2.0.0,node,,s/strip-final-newline/strip-final-newline_rhel_8.3.sh,https://github.com/sindresorhus/strip-final-newline,,migrated,,
strip-json-comments,3.1.0,node,,s/strip-json-comments/strip-json-comments_rhel_8.3.sh,https://github.com/sindresorhus/strip-json-comments,,migrated,,
striptags,2.2.1,node,,s/striptags/striptags_rhel_8.3.sh,https://github.com/ericnorris/striptags,,migrated,,
strong-error-handler,3.5.0,node,,s/strong-error-handler/strong-error-handler_rhel_8.3.sh,https://github.com/strongloop/strong-error-handler,,migrated,,
strong-globalize,6.0.5,node,,s/strong-globalize/strong-globalize_rhel_8.3.sh,https://github.com/strongloop/strong-globalize,,migrated,,
strong-soap,1.22.1,node,,s/strong-soap/strong-soap_rhel_8.3.sh,https://github.com/strongloop/strong-soap,,migrated,,
style-loader,0.23.1,node,,s/style-loader/style-loader_rhel_8.3.sh,https://github.com/webpack-contrib/style-loader,,migrated,,
success-symbol,0.1.0,node,,s/success-symbol/success-symbol_rhel_8.3.sh,https://github.com/jonschlinkert/success-symbol,,migrated,,
svg-parser,2.0.4,node,,s/svg-parser/svg-parser_rhel_8.3.sh,https://github.com/Rich-Harris/svg-parser,,migrated,,
svgo,1.3.2,node,,s/svgo/svgo_rhel_8.3.sh,https://github.com/svg/svgo,,migrated,,
swagger-client,3.10.8,node,,s/swagger-client/swagger-client_rhel_8.3.sh,https://github.com/swagger-api/swagger-js,,migrated,,
swagger-converter,0.1.7,node,,s/swagger-converter/swagger-converter_rhel_8.3.sh,https://github.com/apigee-127/swagger-converter,,migrated,,
symbol-observable,1.2.0,node,,s/symbol-observable/symbol-observable_rhel_8.3.sh,https://github.com/blesh/symbol-observable,,migrated,,
symbol-tree,3.2.4,node,,s/symbol-tree/symbol-tree_rhel_8.3.sh,https://github.com/jsdom/js-symbol-tree,,migrated,,
tapable,1.1.3,node,,t/tapable/tapable_rhel_8.3.sh,https://github.com/webpack/tapable,,migrated,,
tape,4.13.3,node,,t/tape/tape_rhel_8.3.sh,https://github.com/substack/tape,,migrated,,
tar-fs,1.16.3,node,,t/tar-fs/tar-fs_rhel_8.3.sh,https://github.com/mafintosh/tar-fs,,migrated,,
tar-stream,1.6.2,node,,t/tar-stream/tar-stream_rhel_8.3.sh,https://github.com/mafintosh/tar-stream,,migrated,,
tarn,1.1.5,node,,t/tarn/tarn_rhel_8.3.sh,https://github.com/vincit/tarn.js,,migrated,,
taskgroup,2.0.0,node,,t/taskgroup/taskgroup_rhel_8.3.sh,https://github.com/bevry/taskgroup,,migrated,,
tedious,6.7.0,node,,t/tedious/tedious_rhel_8.3.sh,https://github.com/tediousjs/tedious,,migrated,,
temp,0.9.4,node,,t/temp/temp_rhel_8.3.sh,https://github.com/bruce/node-temp,,migrated,,
terminal-link,2.1.1,node,,t/terminal-link/terminal-link_rhel_8.3.sh,https://github.com/sindresorhus/terminal-link,,migrated,,
terser-webpack-plugin,2.3.8,node,,t/terser-webpack-plugin/terser-webpack-plugin_rhel_8.3.sh,https://github.com/webpack-contrib/terser-webpack-plugin,,migrated,,
test-exclude,6.0.0,node,,t/test-exclude/test-exclude_rhel_8.3.sh,https://github.com/istanbuljs/test-exclude,,migrated,,
text-hex,1.0.0,node,,t/text-hex/text-hex_rhel_8.3.sh,https://github.com/3rd-Eden/text-hex,,migrated,,
text-table,0.2.0,node,,t/text-table/text-table_rhel_8.3.sh,https://github.com/substack/text-table,,migrated,,
textextensions,2.6.0,node,,t/textextensions/textextensions_rhel_8.3.sh,https://github.com/bevry/textextensions,,migrated,,
thenify,3.3.0,node,,t/thenify/thenify_rhel_8.3.sh,https://github.com/thenables/thenify,,migrated,,
thenify-all,1.6.0,node,,t/thenify-all/thenify-all_rhel_8.3.sh,https://github.com/thenables/thenify-all,,migrated,,
through,2.3.8,node,,t/through/through_rhel_8.3.sh,https://github.com/dominictarr/through,,migrated,,
through2,3.0.1,node,,t/through2/through2_rhel_8.3.sh,https://github.com/rvagg/through2,,migrated,,
through2,2.0.3,node,,t/through2/through2_ubuntu_18.04.sh,https://github.com/rvagg/through2.git,,migrated,,
through2-filter,3.0.0,node,,t/through2-filter/through2-filter_rhel_8.3.sh,https://github.com/brycebaril/through2-filter,,migrated,,
tildify,2.0.0,node,,t/tildify/tildify_rhel_8.3.sh,https://github.com/sindresorhus/tildify,,migrated,,
time-stamp,1.1.0,node,,t/time-stamp/time-stamp_rhel_8.3.sh,https://github.com/jonschlinkert/time-stamp,,migrated,,
timsort,0.3.0,node,,t/timsort/timsort_rhel_8.3.sh,https://github.com/mziccard/node-timsort,,migrated,,
tiny-invariant,1.1.0,node,,t/tiny-invariant/tiny-invariant_rhel_8.3.sh,https://github.com/alexreardon/tiny-invariant,,migrated,,
tiny-invariant,"master(c6eed03b479f7b121ca156df96f7a9fa606897aa),",node,,t/tiny-invariant/tiny-invariant_ubi_8.3.sh,https://github.com/alexreardon/tiny-invariant,,migrated,,
tiny-lru,7.0.4,node,,t/tiny-lru/tiny-lru_rhel_8.3.sh,https://github.com/avoidwork/tiny-lru,,migrated,,
tiny-relative-date,1.3.0,node,,t/tiny-relative-date/tiny-relative-date_rhel_8.3.sh,https://github.com/wildlyinaccurate/relative-date,,migrated,,
tiny-warning,1.0.3,node,,t/tiny-warning/tiny-warning_rhel_8.3.sh,https://github.com/alexreardon/tiny-warning,,migrated,,
tmp,0.0.33,node,,t/tmp/tmp_rhel_8.3.sh,https://github.com/raszi/node-tmp,,migrated,,
to-buffer,1.1.1,node,,t/to-buffer/to-buffer_rhel_8.3.sh,https://github.com/mafintosh/to-buffer,,migrated,,
to-gfm-code-block,0.1.1,node,,t/to-gfm-code-block/to-gfm-code-block_rhel_8.3.sh,https://github.com/jonschlinkert/to-gfm-code-block,,migrated,,
to-object-path,0.3.0,node,,t/to-object-path/to-object-path_rhel_8.3.sh,https://github.com/jonschlinkert/to-object-path,,migrated,,
to-regex,3.0.2,node,,t/to-regex/to-regex_rhel_8.3.sh,https://github.com/jonschlinkert/to-regex,,migrated,,
to-regex-range,5.0.1,node,,t/to-regex-range/to-regex-range_rhel_8.3.sh,https://github.com/micromatch/to-regex-range,,migrated,,
to-utf8,0.0.1,node,,t/to-utf8/to-utf8_rhel_8.3.sh,https://github.com/chrisdickinson/to-utf8,,migrated,,
toggle-array,1.0.1,node,,t/toggle-array/toggle-array_rhel_8.3.sh,https://github.com/jonschlinkert/toggle-array,,migrated,,
toidentifier,1.0.0,node,,t/toidentifier/toidentifier_rhel_8.3.sh,https://github.com/component/toidentifier,,migrated,,
toobusy-js,0.5.1,node,,t/toobusy-js/toobusy-js_rhel_8.3.sh,https://github.com/strml/node-toobusy,,migrated,,
toposort,0.2.12,node,,t/toposort/toposort_rhel_8.3.sh,https://github.com/marcelklehr/toposort,,migrated,,
tough-cookie,0.12.1,node,,t/tough-cookie/tough-cookie_rhel_8.3.sh,https://github.com/salesforce/tough-cookie,,migrated,,
tough-cookie,2.4.3,node,,t/tough-cookie/tough-cookie_ubuntu_18.04.sh,https://github.com/salesforce/tough-cookie.git,,migrated,,
tr46,1.0.1,node,,t/tr46/tr46_rhel_8.3.sh,https://github.com/jsdom/tr46,,migrated,,
traverse,0.3.9,node,,t/traverse/traverse_rhel_8.3.sh,https://github.com/substack/js-traverse,,migrated,,
trim-repeated,1.0.0,node,,t/trim-repeated/trim-repeated_rhel_8.3.sh,https://github.com/sindresorhus/trim-repeated,,migrated,,
trim-right,1.0.1,node,,t/trim-right/trim-right_rhel_8.3.sh,https://github.com/sindresorhus/trim-right,,migrated,,
trim-trailing-lines,1.1.4,node,,t/trim-trailing-lines/trim-trailing-lines_rhel_8.3.sh,https://github.com/wooorm/trim-trailing-lines,,migrated,,
triple-beam,1.3.0,node,,t/triple-beam/triple-beam_rhel_8.3.sh,https://github.com/winstonjs/triple-beam,,migrated,,
ts-essentials,2.0.12,node,,t/ts-essentials/ts-essentials_rhel_8.3.sh,https://github.com/krzkaczor/ts-essentials,,migrated,,
ts-morph,10.0.2,node,,t/ts-morph/ts-morph_rhel_8.3.sh,https://github.com/dsherret/ts-morph,,migrated,,
ts-nkeys,1.0.16,node,,t/ts-nkeys/ts-nkeys_rhel_8.3.sh,https://github.com//nats-io/ts-nkeys,,migrated,,
tsscmp,1.0.6,node,,t/tsscmp/tsscmp_rhel_8.3.sh,https://github.com/suryagh/tsscmp,,migrated,,
tsutils,v3.21.0,node,,t/tsutils/tsutils_ubi_8.4.sh,https://github.com/ajafff/tsutils.git,,migrated,,
tweetnacl,1.0.3,node,,t/tweetnacl/tweetnacl_rhel_8.3.sh,https://github.com/dchest/tweetnacl-js,,migrated,,
tweetnacl,1.0.0,node,,t/tweetnacl/tweetnacl_ubuntu_18.04.sh,https://github.com/dchest/tweetnacl-js.git,,migrated,,
type,2.5.0,node,,t/type/type_rhel_8.3.sh,https://github.com/medikoo/type,,migrated,,
type-check,0.4.0,node,,t/type-check/type-check_rhel_8.3.sh,https://github.com/gkz/type-check,,migrated,,
type-detect,4.0.8,node,,t/type-detect/type-detect_rhel_8.3.sh,https://github.com/chaijs/type-detect,,migrated,,
type-fest,0.21.3,node,,t/type-fest/type-fest_rhel_8.3.sh,https://github.com/sindresorhus/type-fest,,migrated,,
type-is,1.6.18,node,,t/type-is/type-is_rhel_8.3.sh,https://github.com/jshttp/type-is,,migrated,,
typedarray,0.0.6,node,,t/typedarray/typedarray_rhel_8.3.sh,https://github.com/substack/typedarray,,migrated,,
typedarray,0.0.6,node,,t/typedarray/typedarray_ubuntu_18.04.sh,https://github.com/substack/typedarray.git,,migrated,,
tyriar__fibonacci-heap,2.0.7,node,,t/tyriar__fibonacci-heap/tyriar__fibonacci-heap_rhel_8.3.sh,https://github.com/gwtw/ts-fibonacci-heap,,migrated,,
ua-parser-js,0.7.28,node,,u/ua-parser-js/ua-parser-js_rhel_8.3.sh,https://github.com/faisalman/ua-parser-js,,migrated,,
ua-parser-js,0.7.18,node,,u/ua-parser-js/ua-parser-js_ubuntu_18.04.sh,https://github.com/faisalman/ua-parser-js.git,,migrated,,
ua-parser-js,master,node,,u/ua-parser-js/ua_parser_js_ubi8_3.sh,https://github.com/faisalman/ua-parser-js.git,,migrated,,
uc.micro,1.0.6,node,,u/uc.micro/uc.micro_rhel_8.3.sh,https://github.com/markdown-it/uc.micro,,migrated,,
unbox-primitive,1.0.1,node,,u/unbox-primitive/unbox-primitive_rhel_8.3.sh,https://github.com/ljharb/unbox-primitive,,migrated,,
unescape-js,1.1.4,node,,u/unescape-js/unescape-js_rhel_8.3.sh,https://github.com/iamakulov/unescape-js,,migrated,,
ungap__promise-all-settled,1.1.2,node,,u/ungap__promise-all-settled/ungap__promise-all-settled_rhel_8.3.sh,https://github.com/ungap/promise-all-settled,,migrated,,
unherit,1.1.3,node,,u/unherit/unherit_rhel_8.3.sh,https://github.com/wooorm/unherit,,migrated,,
unicode-match-property-value-ecmascript,1.2.0,node,,u/unicode-match-property-value-ecmascript/unicode-match-property-value-ecmascript_rhel_8.3.sh,https://github.com/mathiasbynens/unicode-match-property-value-ecmascript,,migrated,,
unicode-property-aliases-ecmascript,1.1.0,node,,u/unicode-property-aliases-ecmascript/unicode-property-aliases-ecmascript_rhel_8.3.sh,https://github.com/mathiasbynens/unicode-property-aliases-ecmascript,,migrated,,
union-value,1.0.0,node,,u/union-value/union-value_rhel_8.3.sh,https://github.com/jonschlinkert/union-value,,migrated,,
unique-stream,2.3.1,node,,u/unique-stream/unique-stream_rhel_8.3.sh,https://github.com/eugeneware/unique-stream,,migrated,,
unique-string,2.0.0,node,,u/unique-string/unique-string_rhel_8.3.sh,https://github.com/sindresorhus/unique-string,,migrated,,
unpipe,1.0.0,node,,u/unpipe/unpipe_rhel_8.3.sh,https://github.com/stream-utils/unpipe,,migrated,,
unset-value,1.0.0,node,,u/unset-value/unset-value_rhel_8.3.sh,https://github.com/jonschlinkert/unset-value,,migrated,,
upath,v1.2.0,node,,u/upath/upath_ubi_8.4.sh,https://github.com/anodynos/upath,,migrated,,
update-notifier,5.1.0,node,,u/update-notifier/update-notifier_rhel_8.3.sh,https://github.com/yeoman/update-notifier,,migrated,,
upper-case,2.0.1,node,,u/upper-case/upper-case_rhel_8.3.sh,https://github.com/blakeembrey/change-case,,migrated,,
upper-case-first,2.0.1,node,,u/upper-case-first/upper-case-first_rhel_8.3.sh,https://github.com/blakeembrey/change-case,,migrated,,
uri-js,4.4.1,node,,u/uri-js/uri-js_rhel_8.3.sh,https://github.com/garycourt/uri-js,,migrated,,
urix,0.1.0,node,,u/urix/urix_rhel_8.3.sh,https://github.com/lydell/urix,,migrated,,
url-parse-lax,1.0.0,node,,u/url-parse-lax/url-parse-lax_rhel_8.3.sh,https://github.com/sindresorhus/url-parse-lax,,migrated,,
url-slug,2.3.2,node,,u/url-slug/url-slug_rhel_8.3.sh,https://github.com/stldo/url-slug,,migrated,,
url-to-options,1.0.1,node,,u/url-to-options/url-to-options_rhel_8.3.sh,https://github.com/stevenvachon/url-to-options,,migrated,,
use,3.1.1,node,,u/use/use_rhel_8.3.sh,https://github.com/jonschlinkert/use,,migrated,,
use-composed-ref,1.1.0,node,,u/use-composed-ref/use-composed-ref_rhel_8.3.sh,https://github.com/Andarist/use-composed-ref,,migrated,,
use-isomorphic-layout-effect,1.1.1,node,,u/use-isomorphic-layout-effect/use-isomorphic-layout-effect_rhel_8.3.sh,https://github.com/Andarist/use-isomorphic-layout-effect,,migrated,,
use-latest,1.2.0,node,,u/use-latest/use-latest_rhel_8.3.sh,https://github.com/Andarist/use-latest,,migrated,,
utf8,3.0.0,node,,u/utf8/utf8_rhel_8.3.sh,https://github.com/mathiasbynens/utf8.js,,migrated,,
util,0.11.1,node,,u/util/util_rhel_8.3.sh,https://github.com/browserify/node-util,,migrated,,
util-extend,1.0.3,node,,u/util-extend/util-extend_rhel_8.3.sh,https://github.com/isaacs/util-extend,,migrated,,
util-promisify,2.1.0,node,,u/util-promisify/util-promisify_rhel_8.3.sh,https://github.com/juliangruber/util-promisify,,migrated,,
util.promisify,1.0.0,node,,u/util.promisify/util.promisify_rhel_8.3.sh,https://github.com/ljharb/util.promisify,,migrated,,
utils-extend,1.0.8,node,,u/utils-extend/utils-extend_rhel_8.3.sh,https://github.com/douzi8/utils-extend,,migrated,,
utils-merge,1.0.1,node,,u/utils-merge/utils-merge_rhel_8.3.sh,https://github.com/jaredhanson/utils-merge,,migrated,,
uuid-parse,1.1.0,node,,u/uuid-parse/uuid-parse_rhel_8.3.sh,https://github.com/zefferus/uuid-parse,,migrated,,
v8-compile-cache,2.3.0,node,,v/v8-compile-cache/v8-compile-cache_rhel_8.3.sh,https://github.com/zertosh/v8-compile-cache,,migrated,,
v8-to-istanbul,4.1.4,node,,v/v8-to-istanbul/v8-to-istanbul_rhel_8.3.sh,https://github.com/istanbuljs/v8-to-istanbul,,migrated,,
validate-npm-package-license,3.0.1,node,,v/validate-npm-package-license/validate-npm-package-license_rhel_8.3.sh,https://github.com/kemitchell/validate-npm-package-license.js,,migrated,,
validate-npm-package-name,3.0.0,node,,v/validate-npm-package-name/validate-npm-package-name_rhel_8.3.sh,https://github.com/npm/validate-npm-package-name,,migrated,,
validator,9.4.1,node,,v/validator/validator_rhel_8.3.sh,https://github.com/validatorjs/validator.js,,migrated,,
value-equal,1.0.1,node,,v/value-equal/value-equal_rhel_8.3.sh,https://github.com/mjackson/value-equal,,migrated,,
vanderlaan__nconf-secrets,1.0.1,node,,v/vanderlaan__nconf-secrets/vanderlaan__nconf-secrets_rhel_8.3.sh,https://github.com/bvanderlaan/nconf-secrets,,migrated,,
vary,1.1.2,node,,v/vary/vary_rhel_8.3.sh,https://github.com/jshttp/vary,,migrated,,
vasync,2.2.0,node,,v/vasync/vasync_rhel_8.3.sh,https://github.com/davepacheco/node-vasync,,migrated,,
vendors,1.0.4,node,,v/vendors/vendors_rhel_8.3.sh,https://github.com/wooorm/vendors,,migrated,,
verror,1.6.0,node,,v/verror/verror_rhel_8.3.sh,https://github.com/davepacheco/node-verror,,migrated,,
vinyl,2.2.1,node,,v/vinyl/vinyl_rhel_8.3.sh,https://github.com/gulpjs/vinyl,,migrated,,
w3c-hr-time,1.0.2,node,,w/w3c-hr-time/w3c-hr-time_rhel_8.3.sh,https://github.com/jsdom/w3c-hr-time,,migrated,,
w3c-xmlserializer,1.1.2,node,,w/w3c-xmlserializer/w3c-xmlserializer_rhel_8.3.sh,https://github.com/jsdom/w3c-xmlserializer,,migrated,,
warning-symbol,0.1.0,node,,w/warning-symbol/warning-symbol_rhel_8.3.sh,https://github.com/jonschlinkert/warning-symbol,,migrated,,
watchpack,1.7.5,node,,w/watchpack/watchpack_rhel_8.3.sh,https://github.com/webpack/watchpack,,migrated,,
watchpack,1.7.5,node,,w/watchpack/watchpack_ubi_8.3.sh,https://github.com/webpack/watchpack,,migrated,,
weakset,0.2.2,node,,w/weakset/weakset_rhel_8.3.sh,https://github.com/dfcreative/weakset,,migrated,,
webidl-conversions,4.0.2,node,,w/webidl-conversions/webidl-conversions_rhel_8.3.sh,https://github.com/jsdom/webidl-conversions,,migrated,,
webpack-dev-middleware,3.7.3,node,,w/webpack-dev-middleware/webpack-dev-middleware_rhel_8.3.sh,https://github.com/webpack/webpack-dev-middleware,,migrated,,
webpack-log,2.0.0,node,,w/webpack-log/webpack-log_rhel_8.3.sh,https://github.com/shellscape/webpack-log,,migrated,,
webpack-sources,1.4.3,node,,w/webpack-sources/webpack-sources_rhel_8.3.sh,https://github.com/webpack/webpack-sources,,migrated,,
websocket-driver,0.7.4,node,,w/websocket-driver/websocket-driver_rhel_8.3.sh,https://github.com/faye/websocket-driver-node,,migrated,,
websocket-extensions,0.1.4,node,,w/websocket-extensions/websocket-extensions_rhel_8.3.sh,https://github.com/faye/websocket-extensions-node,,migrated,,
whatwg-mimetype,2.3.0,node,,w/whatwg-mimetype/whatwg-mimetype_rhel_8.3.sh,https://github.com/jsdom/whatwg-mimetype,,migrated,,
whatwg-url,7.1.0,node,,w/whatwg-url/whatwg-url_rhel_8.3.sh,https://github.com/jsdom/whatwg-url,,migrated,,
which-boxed-primitive,1.0.2,node,,w/which-boxed-primitive/which-boxed-primitive_rhel_8.3.sh,https://github.com/inspect-js/which-boxed-primitive,,migrated,,
which-module,2.0.0,node,,w/which-module/which-module_rhel_8.3.sh,https://github.com/nexdrew/which-module,,migrated,,
wide-align,1.1.3,node,,w/wide-align/wide-align_rhel_8.3.sh,https://github.com/iarna/wide-align,,migrated,,
with-open-file,0.1.7,node,,w/with-open-file/with-open-file_rhel_8.3.sh,https://github.com/raphinesse/with-open-file,,migrated,,
word-count,0.2.2,node,,w/word-count/word-count_rhel_8.3.sh,https://github.com/yuehu/word-count,,migrated,,
worker-farm,1.5.1,node,,w/worker-farm/worker-farm_rhel_8.3.sh,https://github.com/rvagg/node-worker-farm,,migrated,,
worker-rpc,0.1.1,node,,w/worker-rpc/worker-rpc_rhel_8.3.sh,https://github.com/DirtyHairy/worker-rpc,,migrated,,
wrappy,1.0.2,node,,w/wrappy/wrappy_rhel_8.3.sh,https://github.com/npm/wrappy,,migrated,,
write,0.2.1,node,,w/write/write_rhel_8.3.sh,https://github.com/jonschlinkert/write,,migrated,,
write-file-atomic,2.4.1,node,,w/write-file-atomic/write-file-atomic_rhel_8.3.sh,https://github.com/npm/write-file-atomic,,migrated,,
write-file-atomic,v3.0.3,node,,w/write-file-atomic/write-file-atomic_ubi_8.4.sh,https://github.com/npm/write-file-atomic,,migrated,,
ws,master,node,,w/ws/ws_master_ubi_8.5.sh,https://github.com/websockets/ws,,migrated,,
ws,7.4.4,node,,w/ws/ws_rhel_8.3.sh,https://github.com/websockets/ws,,migrated,,
x-is-string,0.1.0,node,,x/x-is-string/x-is-string_rhel_8.3.sh,https://github.com/Matt-Esch/x-is-string,,migrated,,
x256,0.0.2,node,,x/x256/x256_rhel_8.3.sh,https://github.com/substack/node-x256,,migrated,,
xdg-basedir,4.0.0,node,,x/xdg-basedir/xdg-basedir_rhel_8.3.sh,https://github.com/sindresorhus/xdg-basedir,,migrated,,
xml-name-validator,3.0.0,node,,x/xml-name-validator/xml-name-validator_rhel_8.3.sh,https://github.com/jsdom/xml-name-validator,,migrated,,
xmlchars,2.2.0,node,,x/xmlchars/xmlchars_rhel_8.3.sh,https://github.com/lddubeau/xmlchars,,migrated,,
xmldom,0.5.0,node,,x/xmldom/xmldom_rhel_8.3.sh,https://github.com/xmldom/xmldom,,migrated,,
xtend,4.0.2,node,,x/xtend/xtend_rhel_8.3.sh,https://github.com/Raynos/xtend,,migrated,,
y18n,5.0.8,node,,y/y18n/y18n_rhel_8.3.sh,https://github.com/yargs/y18n,,migrated,,
yamljs,0.3.0,node,,y/yamljs/yamljs_rhel_8.3.sh,https://github.com/jeremyfa/yaml.js,,migrated,,
yauzl,2.10.0,node,,y/yauzl/yauzl_rhel_8.3.sh,https://github.com/thejoshwolfe/yauzl,,migrated,,
yeoman-generator,4.13.0,node,,y/yeoman-generator/yeoman-generator_rhel_8.3.sh,https://github.com/yeoman/generator,,migrated,,
ylru,1.2.1,node,,y/ylru/ylru_rhel_8.3.sh,https://github.com/node-modules/ylru,,migrated,,
yocto-queue,0.1.0,node,,y/yocto-queue/yocto-queue_rhel_8.3.sh,https://github.com/sindresorhus/yocto-queue,,migrated,,
zip-stream,1.2.0,node,,z/zip-stream/zip-stream_rhel_8.3.sh,https://github.com/archiverjs/node-zip-stream,,migrated,,
logstash-logback-encoder,4.9,node,,l/logstash-logback-encoder/logstash-logback-encoder_ubuntu_16.04.sh,https://github.com/logstash/logstash-logback-encoder,,migrated,,
manageiq,,node,,m/manageiq/manageiq-pods/images/manageiq-ui-worker/container-assets/npm_registry/npm_yarn_registry_cleanup.sh,,,migrated,,
manageiq,,node,,m/manageiq/manageiq-pods/images/manageiq-ui-worker/container-assets/npm_registry/yarn_registry_setup.sh,,,migrated,,
abbrev-js,1.1.1,node,,a/abbrev-js/abbrev-js_ubuntu_18.04.sh,https://github.com/isaacs/abbrev-js,,migrated,,
airbnb-javascript,16.1.0,node,,a/airbnb-javascript/airbnb-javascript_rhel_7.4.sh,https://github.com/airbnb/javascript.git,,migrated,,
airbnb-javascript,16.1.0,node,,a/airbnb-javascript/airbnb-javascript_ubuntu_16.04.sh,https://github.com/airbnb/javascript.git,,migrated,,
ajv,6.12.2,node,,a/ajv/ajv_rhel_7.6.sh,https://github.com/epoberezkin/ajv,,migrated,,
angular-local-storage,v0.7.1,node,,a/angular-local-storage/angular-local-storage_ubuntu_18.04.sh,https://github.com/grevory/angular-local-storage.git,,migrated,,
angular-moment,1.2.0,node,,a/angular-moment/angular-moment_ubuntu_18.04.sh,https://github.com/urish/angular-moment.git,,migrated,,
angular-spinner,1.0.1,node,,a/angular-spinner/angular-spinner_ubuntu_18.04.sh,https://github.com/urish/angular-spinner,,migrated,,
angular-translate,2.18.1,node,,a/angular-translate/angular-translate_ubuntu_18.04.sh,https://github.com/angular-translate/angular-translate,,migrated,,
angular-ui-bootstrap,2.5.6,node,,a/angular-ui-bootstrap/angular-ui-bootstrap_ubuntu_18.04.sh,https://github.com/angular-ui/bootstrap,,migrated,,
angular-ui-router,1.0.19,node,,a/angular-ui-router/angular-ui-router_ubuntu_18.04.sh,https://github.com/angular-ui/ui-router,,migrated,,
angular.js,1.8.2,node,,a/angular.js/angular.js_master_1.8.2_ubi_8.3.sh,https://github.com/angular/angular.js.git,,migrated,,
animate.css,3.5.2,node,,a/animate.css/animate.css_rhel_7.4.sh,https://github.com/daneden/animate.css.git,,migrated,,
ansi-escapes,v4.3.1,node,,a/ansi-escapes/ansi-escapes_rhel_7.6.sh,https://github.com/sindresorhus/ansi-escapes.git,,migrated,,
ansi-html,0.0.7,node,,a/ansi-html/ansi_html_rhel_7.6.sh,https://github.com/Tjatse/ansi-html,,migrated,,
archy,1.0.0,node,,a/archy/archy_rhel_7.6.sh,https://github.com/substack/node-archy.git,,migrated,,
async-json,0.0.2,node,,a/async-json/async-json_ubuntu_18.04.sh,https://github.com/ckknight/async-json,,migrated,,
axon,2.0.3,node,,a/axon/axon_rhel_7.2.sh,https://github.com/tj/axon,,migrated,,
axon,2.0.3,node,,a/axon/axon_ubuntu_16.04.sh,https://github.com/tj/axon,,migrated,,
babel-preset-env,1.2.1,node,,b/babel-preset-env/babel-preset-env_rhel_7.6.sh,https://github.com/babel/babel-preset-env.git,,migrated,,
babel-preset-es2015,master,node,,b/babel-preset-es2015/babel-preset-es2015_rhel_7.4.sh,https://github.com/babel/babel,,migrated,,
babel-preset-es2015,master,node,,b/babel-preset-es2015/babel-preset-es2015_ubuntu_16.04.sh,https://github.com/babel/babel,,migrated,,
babel-preset-react,master,node,,b/babel-preset-react/babel-preset-react_rhel_7.4.sh,https://github.com/babel/babel,,migrated,,
babel-preset-react,master,node,,b/babel-preset-react/babel-preset-react_ubuntu_16.04.sh,https://github.com/babel/babel,,migrated,,
babelify,8.0.0,node,,b/babelify/babelify_rhel_7.4.sh,https://github.com/babel/babelify.git,,migrated,,
babelify,8.0.0,node,,b/babelify/babelify_ubuntu_16.04.sh,https://github.com/babel/babelify.git,,migrated,,
base64url,v3.0.1,node,,b/base64url/base64url_ubi_8.4.sh,https://github.com/brianloveswords/base64url,,migrated,,
bean,1.0.14,node,,b/bean/bean_ubuntu_18.04.sh,https://github.com/fat/bean,,migrated,,
blockly,1.20180629.0,node,,b/blockly/blockly_ubuntu_18.04.sh,https://github.com/google/blockly.git,,migrated,,
bluebird-retry,0.10.1,node,,b/bluebird-retry/bluebird-retry_ubi8.sh,https://github.com/demmer/bluebird-retry,,migrated,,
bonzo,2.0.0,node,,b/bonzo/bonzo_ubuntu_18.04.sh,https://github.com/ded/bonzo,,migrated,,
Cordova-spatialite-storage,0.7.11,node,,c/Cordova-spatialite-storage/Cordova-spatialite-storage_0.7.11_UBI_8.0.sh,https://github.com/DisyInformationssysteme/Cordova-spatialite-storage.git,,migrated,,
Cordova-spatialite-storage,0.7.11,node,,c/Cordova-spatialite-storage/Cordova-spatialite-storage_0.7.11_ubuntu_18.04.sh,https://github.com/DisyInformationssysteme/Cordova-spatialite-storage.git,,migrated,,
Cordova-spatialite-storage,92c4df0,node,,c/Cordova-spatialite-storage/Cordova-spatialite-storage_92c4df0_UBI_8.0.sh,https://github.com/DisyInformationssysteme/Cordova-spatialite-storage.git,,migrated,,
Cordova-spatialite-storage,92c4df0,node,,c/Cordova-spatialite-storage/Cordova-spatialite-storage_92c4df0_ubuntu_18.04.sh,https://github.com/DisyInformationssysteme/Cordova-spatialite-storage.git,,migrated,,
c3js,0.4.21,node,,c/c3js/c3js_ubuntu_16.04.sh,"https://github.com/c3js/c3.git""",,migrated,,
call-me-maybe,1.0.1,node,,c/call-me-maybe/call-me-maybe_ubi_8.4.sh,https://github.com/limulus/call-me-maybe,,migrated,,
caller,v1.0.1,node,,c/caller/caller_rhel_7.6.sh,https://github.com/totherik/caller.git,,migrated,,
carbon-components-react,6.20.0,node,,c/carbon-components-react/carbon-components-react_ubuntu_18.04.sh,https://github.com/IBM/carbon-components-react,,migrated,,
carbon-icons,7.0.7,node,,c/carbon-icons/carbon-icons_ubuntu_18.04.sh,https://github.com/carbon-design-system/carbon-icons.git,,migrated,,
chai,4.2.0,node,,c/chai/chai_rhel_7.6.sh,https://github.com/chaijs/chai.git,,migrated,,
chokidar,1.7.0,node,,c/chokidar/chokidar_ubi_8.4.sh,https://github.com/paulmillr/chokidar,,migrated,,
closure-library,1559,node,,c/closure-library/closure-library_ubuntu_18.04.sh,https://github.com/gregrperkins/closure-library,,migrated,,
code-prettify,2013-03-04,node,,c/code-prettify/code-prettify_ubuntu_18.04.sh,https://github.com/google/code-prettify,,migrated,,
connect,3.6.2,node,,c/connect/connect_ubuntu_16.04.sh,https://github.com/senchalabs/connect.git,,migrated,,
constants-browserify,v1.0.0,node,,c/constants-browserify/constants-browserify_rhel_7.6.sh,https://github.com/juliangruber/constants-browserify.git,,migrated,,
cookie-parser,1.4.3,node,,c/cookie-parser/cookie-parser_ubuntu_18.04.sh,https://github.com/expressjs/cookie-parser,,migrated,,
cordova-plugin-file-opener2,3.0.5,node,,c/cordova-plugin-file-opener2/cordova-plugin-file-opener2_UBI_8.3.sh,https://github.com/pwlin/cordova-plugin-file-opener2.git,,migrated,,
core-js,2.5.7,node,,c/core-js/core-js_ubuntu_18.04.sh,https://github.com/zloirock/core-js,,migrated,,
cross-env,5.2.0,node,,c/cross-env/cross-env_ubuntu_18.04.sh,https://github.com/kentcdodds/cross-env.git,,migrated,,
crossfilter,1.4.7,node,,c/crossfilter/crossfilter_ubi_8.3.sh,https://github.com/crossfilter/crossfilter,,migrated,,
cson,7.0.0,node,,c/cson/cson_ubi8.sh,https://github.com/bevry/cson,,migrated,,
cson-parser,4.0.4,node,,c/cson-parser/cson-parser_ubi8.sh,https://github.com/groupon/cson-parser,,migrated,,
d3-force,v1.1.0,node,,d/d3-force/d3-force_rhel_7.4.sh,https://github.com/d3/d3-force.git,,migrated,,
d3-force,v1.1.0,node,,d/d3-force/d3-force_ubuntu_16.04.sh,https://github.com/d3/d3-force.git,,migrated,,
d3-timer,v1.0.9,node,,d/d3-timer/d3-timer_UBI_8.0.sh,https://github.com/d3/d3-timer.git,,migrated,,
dagre,0.8.3-pre,node,,d/dagre/dagre_ubuntu_18.04.sh,https://github.com/dagrejs/dagre.git,,migrated,,
dataTables,1.10.11,node,,d/dataTables/DataTables_ubi_8.3.sh,https://github.com/DataTables/DataTables.git,,migrated,,
debounce-promise,master,node,,d/debounce-promise/debounce-promise_rhel_7.4.sh,https://github.com/bjoerge/debounce-promise.git,,migrated,,
debounce-promise,master,node,,d/debounce-promise/debounce-promise_ubuntu_16.04.sh,https://github.com/bjoerge/debounce-promise.git,,migrated,,
debug,4.2.0,node,,d/debug/debug_rhel_7.6.sh,https://github.com/visionmedia/debug.git,,migrated,,
default,0.1.1,node,,d/default/default_ubuntu_18.04.sh,https://github.com/safareli/default.git,,migrated,,
dgrid,1.2.1,node,,d/dgrid/dgrid_ubuntu_18.04.sh,https://github.com/SitePen/dgrid,,migrated,,
duplexer3,v0.1.4,node,,d/duplexer3/duplexer3_rhel_7.6.sh,https://github.com/floatdrop/duplexer3.git,,migrated,,
dygraphs,v2.1.0,node,,d/dygraphs/dygraphs_2.1.0_master_UBI_8.3.sh,https://github.com/danvk/$NAME,,migrated,,
EVP_BytesToKey,v1.0.3,node,,e/EVP_BytesToKey/EVP_BytesToKey_rhel_7.6.sh,https://github.com/crypto-browserify/EVP_BytesToKey.git,,migrated,,
eclipse-che,7.13.1,node,,e/eclipse-che/che-theia/che-theia_7.13.1_rhel_7.6.sh,https://github.com/eclipse/che-theia,,migrated,,
eclipse-che,latest (20200521073352) (7.13.1),node,,e/eclipse-che/chectl/chectl_rhel_7.6.sh,https://github.com/che-incubator/chectl,,migrated,,
eclipse-che,7.26.2,node,,e/eclipse-che/eclipse-che/build.sh,https://github.com/eclipse/che-operator.git,,migrated,,
empty,master,node,,e/empty/empty_rhel_8.3.sh,https://github.com/iclanzan/empty.git,,migrated,,
encoding,0.1.12,node,,e/encoding/encoding_rhel_7.6.sh,https://github.com/andris9/encoding.git,,migrated,,
encoding,0.1.12,node,,e/encoding/encoding_ubuntu_18.04.sh,https://github.com/andris9/encoding,,migrated,,
ender-js,2.0.0,node,,e/ender-js/ender-js_ubuntu_18.04.sh,https://github.com/ender-js/ender-js,,migrated,,
enhanced-resolve,7d273fc,node,,e/enhanced-resolve/enhanced-resolve_rhel_7.6.sh,https://github.com/webpack/enhanced-resolve.git,,migrated,,
enzyme,master,node,,e/enzyme/enzyme_rhel_7.4.sh,https://github.com/airbnb/enzyme.git,,migrated,,
enzyme,master,node,,e/enzyme/enzyme_ubuntu_16.04.sh,https://github.com/airbnb/enzyme.git,,migrated,,
escape-html,1.0.3,node,,e/escape-html/escape-html_ubuntu_18.04.sh,https://github.com/component/escape-html,,migrated,,
eslint-plugin-jsx-a11y,v6.3.1,node,,e/eslint-plugin-jsx-a11y/eslint-plugin-jsx-a11y_rhel_7.6.sh,https://github.com/evcohen/eslint-plugin-jsx-a11y.git,,migrated,,
eslint-plugin-react,7.6.1,node,,e/eslint-plugin-react/eslint-plugin-react_rhel_7.4.sh,https://github.com/yannickcr/eslint-plugin-react.git,,migrated,,
eslint-plugin-react,7.6.1,node,,e/eslint-plugin-react/eslint-plugin-react_ubuntu_16.04.sh,https://github.com/yannickcr/eslint-plugin-react.git,,migrated,,
eventemitter3,4.0.0,node,,e/eventemitter3/eventemitter3_rhel_7.6.sh,https://github.com/primus/eventemitter3.git,,migrated,,
exit,0.1.2,node,,e/exit/node_exit_RHEL_8.4.sh,https://github.com/cowboy/node-exit.git,,migrated,,
expect,v25.2.4,node,,e/expect/expect_rhel_7.6.sh,https://github.com/facebook/jest.git,,migrated,,
express-history-api-fallback,2.2.1,node,,e/express-history-api-fallback/express-history-api-fallback_ubuntu_18.04.sh,https://github.com/sebdeckers/express-history-api-fallback.git,,migrated,,
extend-shallow,3.0.2,node,,e/extend-shallow/extend-shallow_rhel_7.6.sh,https://github.com/jonschlinkert/extend-shallow.git,,migrated,,
Font-Awesome,5.1.0,node,,f/Font-Awesome/Font-Awesome_5.1.0_ubi_8.3.sh,https://github.com/FortAwesome/Font-Awesome.git,,migrated,,
fast-levenshtein,3.0.0,node,,f/fast-levenshtein/fast-levenshtein_ubi8.4.sh,https://github.com/hiddentao/fast-levenshtein,,migrated,,
fixed-data-table,0.6.5,node,,f/fixed-data-table/fixed-data-table_ubuntu_18.04.sh,https://github.com/facebook/fixed-data-table.git,,migrated,,
flagged-respawn,v1.0.1,node,,f/flagged-respawn/flagged-respawn_rhel_7.6.sh,https://github.com/gulpjs/flagged-respawn.git,,migrated,,
flatten,9e94c8a,node,,f/flatten/flatten_rhel_7.6.sh,https://github.com/mk-pmb/flatten-js.git,,migrated,,
flexicolorpicker,master,node,,f/flexicolorpicker/FlexiColorPicker_rhel_7.4.sh,https://github.com/slidebean/FlexiColorPicker.git,,migrated,,
flexicolorpicker,master,node,,f/flexicolorpicker/FlexiColorPicker_ubuntu_16.04.sh,https://github.com/slidebean/FlexiColorPicker.git,,migrated,,
for-each,v0.3.3,node,,f/for-each/for-each_rhel_7.6.sh,https://github.com/Raynos/for-each.git,,migrated,,
fs.realpath,v1.0.0,node,,f/fs.realpath/fs.realpath_rhel_7.6.sh,https://github.com/isaacs/fs.realpath.git,,migrated,,
gensync,1.0.0-beta.1,node,,g/gensync/gensync_rhel_7.6.sh,https://registry.npmjs.org/gensync/-/gensync-1.0.0-beta.1.tgz,,migrated,,
gerrit,2.13.10,node,,g/gerrit/gerrit_rhel_7.4.sh,https://gerrit.googlesource.com/gerrit,,migrated,,
gerrit,2.13.10,node,,g/gerrit/gerrit_ubuntu_16.04.sh,https://gerrit.googlesource.com/gerrit,,migrated,,
gremlin-console-js,v0.9.9,node,,g/gremlin-console-js/gremlin-console-js_ubuntu_18.04.sh,https://github.com/PommeVerte/gremlin-console-js,,migrated,,
griddle,1.0,node,,g/griddle/griddle_rhel_7.4.sh,https://github.com/allenai/griddle,,migrated,,
griddle,1.0,node,,g/griddle/griddle_ubuntu_16.04.sh,https://github.com/allenai/griddle,,migrated,,
grunt-spritesmith,6.4.0,node,,g/grunt-spritesmith/grunt_spritesmith_rhel_7.6.sh,https://github.com/twolfson/grunt-spritesmith.git,,migrated,,
handlebars,v4.0.14,node,,h/handlebars/handlebars_rhel_7.6.sh,https://github.com/wycats/handlebars.js.git,,migrated,,
handlebars-layouts,3.1.4,node,,h/handlebars-layouts/handlebars_layout_rhel_7.6.sh,https://github.com/shannonmoeller/handlebars-layouts,,migrated,,
highlight-js,11.2.0,node,,h/highlight-js/highlight_js.sh,https://github.com/highlightjs/highlight.js.git,,migrated,,
hoist-non-react-statics,3.3.1,node,,h/hoist-non-react-statics/hoist_non_react_statics_rhel_7.6.sh,https://github.com/mridgway/hoist-non-react-statics.git,,migrated,,
html-minifier,4.0.0,node,,h/html-minifier/html-minifier_rhel_7.6.sh,https://github.com/kangax/html-minifier.git,,migrated,,
html5shiv,3.7.3,node,,h/html5shiv/html5shiv_ubuntu_18.04.sh,https://github.com/aFarkas/html5shiv,,migrated,,
http-deceiver,v1.2.7,node,,h/http-deceiver/http-deceiver_rhel_7.6.sh,https://github.com/indutny/http-deceiver.git,,migrated,,
http-parser-js,0.4.5,node,,h/http-parser-js/http-parser-js_rhel_7.6.sh,https://github.com/creationix/http-parser-js.git,,migrated,,
httplib2,0.11.3,node,,h/httplib2/httplib2_ubuntu_18.04.sh,https://github.com/httplib2/httplib2,,migrated,,
hue,4.5.0,node,,h/hue/hue_rhel_7.6.sh,https://github.com/cloudera/hue/,,migrated,,
i18next,11.5.0,node,,i/i18next/i18next_ubuntu_18.04.sh,https://github.com/i18next/i18next,,migrated,,
ieee754,v1.1.13,node,,i/ieee754/ieee754_rhel_7.6.sh,https://github.com/feross/ieee754.git,,migrated,,
inquirer,v3.3.0,node,,i/inquirer/inquirer_rhel_7.6.sh,https://github.com/SBoudrias/Inquirer.js.git,,migrated,,
is-absolute,7291e9c,node,,i/is-absolute/is-absolute_rhel_7.6.sh,https://github.com/jonschlinkert/is-absolute.git,,migrated,,
is-buffer,v2.0.4,node,,i/is-buffer/is-buffer_rhel_7.6.sh,https://github.com/feross/is-buffer.git,,migrated,,
is-property,186608b,node,,i/is-property/is-property_rhel_7.6.sh,https://github.com/mikolalysenko/is-property.git,,migrated,,
is-stream,1.1.0,node,,i/is-stream/is-stream_ubuntu_18.04.sh,https://github.com/sindresorhus/is-stream,,migrated,,
is-subset,0.1.1,node,,i/is-subset/is_subset_rhel_7.6.sh,https://github.com/studio-b12/is-subset.git,,migrated,,
is-supported-regexp-flag,v1.0.1,node,,i/is-supported-regexp-flag/is-supported-regexp-flag_rhel_7.6.sh,https://github.com/sindresorhus/is-supported-regexp-flag.git,,migrated,,
isomorphic,NA,node,,i/isomorphic/isomorphic_ubuntu_18.04.sh,https://github.com/ndreckshage/isomorphic,,migrated,,
jline,NA,node,,j/jline/jline_ubuntu_18.04.sh,https://github.com/bitdivine/jline.git,,migrated,,
jotted,master,node,,j/jotted/jotted_rhel_7.4.sh,https://github.com/ghinda/jotted.git,,migrated,,
jotted,master,node,,j/jotted/jotted_ubuntu_16.04.sh,https://github.com/ghinda/jotted.git,,migrated,,
js-file-download,0.3.2,node,,j/js-file-download/js-file-download_ubuntu_18.04.sh,https://github.com/kennethjiang/js-file-download.git,,migrated,,
jsdoc,3.5.5,node,,j/jsdoc/jsdoc_rhel_7.4.sh,https://github.com/jsdoc3/jsdoc.git,,migrated,,
jsdump,NA,node,,j/jsdump/jsdump_ubuntu_18.04.sh,https://github.com/NV/jsDump.git,,migrated,,
jslitmus-js,NA,node,,j/jslitmus-js/jslitmus-js_ubuntu_18.04.sh,https://github.com/broofa/jslitmus,,migrated,,
json-content-demux,0.2.0,node,,j/json-content-demux/json-content-demux_ubuntu_18.04.sh,https://github.com/twolfson/json-content-demux,,migrated,,
json-schema,0.2.3,node,,j/json-schema/json-schema_ubuntu_18.04.sh,https://github.com/kriszyp/json-schema.git,,migrated,,
jsonpath,1.1.0,node,,j/jsonpath/jsonpath_ubi_8.3.sh,https://github.com/dchester/jsonpath,,migrated,,
jsonstream,1.3.3,node,,j/jsonstream/jsonstream_ubuntu_18.04.sh,https://github.com/dominictarr/JSONStream.git,,migrated,,
jszip,3.3.0,node,,j/jszip/jszip_ubi8.sh,https://github.com/Stuk/jszip,,migrated,,
jwt-decode,2.2.0,node,,j/jwt-decode/jwt-decode_ubuntu_18.04.sh,https://github.com/auth0/jwt-decode.git,,migrated,,
jwt-node,master,node,,j/jwt-node/jwt-node_rhel_7.6.sh,https://github.com/mattrobenolt/jwt-node.git,,migrated,,
karma,2.0.0,node,,k/karma/karma_rhel_7.4.sh,https://github.com/karma-runner/karma.git,,migrated,,
karma,2.0.0,node,,k/karma/karma_ubuntu_16.04.sh,https://github.com/karma-runner/karma.git,,migrated,,
kibana,5.6.3,node,,k/kibana/kibana_5.6.3_ubuntu_16.04.sh,https://github.com/elastic/kibana.git,,migrated,,
kibana,6.5.4,node,,k/kibana/kibana_6.5.4_rhel_7.6.sh,https://github.com/elastic/kibana.git,,migrated,,
kibana,6.5.4,node,,k/kibana/kibana_6.5.4_ubuntu_18.04.sh,https://github.com/elastic/kibana.git,,migrated,,
kibana,6.7.2,node,,k/kibana/kibana_6.7.2_rhel_7.6.sh,https://github.com/elastic/kibana.git,,migrated,,
kibana,7.6.0,node,,k/kibana/kibana_7.6.0_rhel_7.6.sh,https://github.com/elastic/kibana.git,,migrated,,
libcipm,4.0.7,node,,l/libcipm/libcipm_ubi8.sh,https://github.com/npm/libcipm,,migrated,,
load-bmfont,v1.4.1,node,,l/load-bmfont/load-bmfont_rhel_7.6.sh,https://github.com/Jam3/load-bmfont.git,,migrated,,
loadash,4.17.10,node,,l/loadash/loadash_ubuntu_18.04.sh,https://github.com/lodash/lodash,,migrated,,
lolex,v6.0.1,node,,l/lolex/lolex_rhel_7.6.sh,https://github.com/sinonjs/lolex.git,,migrated,,
loopback-boot,3.0.1,node,,l/loopback-boot/loopback-boot_ubuntu_16.04.sh,https://github.com/strongloop/loopback-boot.git,,migrated,,
loopback-cli,5.1.0,node,,l/loopback-cli/loopback-cli_ubi8.sh,https://github.com/strongloop/loopback-cli,,migrated,,
loopback-component-explorer,4.2.0,node,,l/loopback-component-explorer/loopback-component-explorer_ubuntu_16.04.sh,https://github.com/strongloop/loopback-component-explorer.git,,migrated,,
loopback-component-passport,3.3.0,node,,l/loopback-component-passport/loopback-component-passport_ubuntu_16.04.sh,https://github.com/strongloop/loopback-component-passport.git,,migrated,,
loopback-component-push,3.0.0,node,,l/loopback-component-push/loopback-component-push_ubuntu_16.04.sh,https://github.com/strongloop/loopback-component-push.git,,migrated,,
loopback-component-storage,3.2.0,node,,l/loopback-component-storage/loopback-component-storage_ubuntu_16.04.sh,https://github.com/strongloop/loopback-component-storage.git,,migrated,,
loopback-connector-remote,3.1.1,node,,l/loopback-connector-remote/loopback-connector-remote_ubuntu_16.04.sh,https://github.com/strongloop/loopback-connector-remote.git,,migrated,,
loopback-explorer,4.2.0,node,,l/loopback-explorer/loopback-explorer_ubuntu_16.04.sh,https://github.com/strongloop/loopback-explorer.git,,migrated,,
loopback-phase,3.0.0,node,,l/loopback-phase/loopback-phase_ubuntu_16.04.sh,https://github.com/strongloop/loopback-phase.git,,migrated,,
loopback-sdk-android,1.6.0,node,,l/loopback-sdk-android/loopback-sdk-android_ubuntu_16.04.sh,https://github.com/strongloop/loopback-sdk-android.git,,migrated,,
loopback-sdk-angular-cli,3.0.0,node,,l/loopback-sdk-angular-cli/loopback-sdk-angular-cli_ubuntu_16.04.sh,https://github.com/strongloop/loopback-sdk-angular-cli.git,,migrated,,
loopback-swagger,4.0.3,node,,l/loopback-swagger/loopback-swagger_ubuntu_16.04.sh,https://github.com/strongloop/loopback-swagger.git,,migrated,,
markdown-js,master,node,,m/markdown-js/markdown-js_rhel_7.6.sh,https://github.com/evilstreak/markdown-js.git,,migrated,,
markdown-parser,0.0.8,node,,m/markdown-parser/markdown-parser_ubuntu_18.04.sh,https://github.com/darul75/markdown-parser,,migrated,,
marked,0.3.19,node,,m/marked/marked_ubuntu_18.04.sh,https://github.com/markedjs/marked.git,,migrated,,
memorystream,6d57b08,node,,m/memorystream/memorystream_rhel_7.6.sh,https://github.com/JSBizon/node-memorystream.git,,migrated,,
miller-rabin,4.0.1,node,,m/miller-rabin/miller-rabin_rhel_7.6.sh,https://github.com/indutny/miller-rabin.git,,migrated,,
mobx,mobx@6.3.3,node,,m/mobx/mobx_ubi_8.3.sh,https://github.com/mobxjs/mobx.git,,migrated,,
mocha,5.2.0,node,,m/mocha/mocha_ubuntu_18.04.sh,https://github.com/mochajs/mocha.git,,migrated,,
mongodb,,node,,m/mongodb/Dockerfiles/mongoDB_5_0/docker-entrypoint.sh,,,migrated,,
ndarray-ops,061007427b2ddd9e19775d43deb94a87b5fd1aef,node,,n/ndarray-ops/ndarray-ops_rhel_7.6.sh,https://github.com/mikolalysenko/ndarray-ops.git,,migrated,,
ng2d3,7.0.1,node,,n/ng2d3/ng2d3_rhel_7.4.sh,https://github.com/swimlane/ng2d3.git,,migrated,,
node-clone,2.1.2,node,,n/node-clone/node-clone_ubuntu_18.04.sh,https://github.com/pvorb/node-clone.git,,migrated,,
node-ctype,0.5.5,node,,n/node-ctype/node-ctype_ubuntu_18.04.sh,https://github.com/rmustacc/node-ctype.git,,migrated,,
node-dashdash,1.14.1,node,,n/node-dashdash/node-dashdash_ubuntu_18.04.sh,https://github.com/trentm/node-dashdash.git,,migrated,,
node-editor,1.0.0,node,,n/node-editor/node-editor_ubuntu_18.04.sh,https://github.com/substack/node-editor.git,,migrated,,
node-hashtable,2.0.2,node,,n/node-hashtable/node-hashtable_ubuntu_18.04.sh,https://github.com/chad3814/node-hashtable.git,,migrated,,
node-heapdump,0.3.9,node,,n/node-heapdump/node-heapdump_ubuntu_16.04.sh,https://github.com/bnoordhuis/node-heapdump.git,,migrated,,
node-http-proxy,1.16.2,node,,n/node-http-proxy/node-http-proxy_rhel_7.4.sh,https://github.com/nodejitsu/node-http-proxy.git,,migrated,,
node-http-proxy,1.16.2,node,,n/node-http-proxy/node-http-proxy_ubuntu_16.04.sh,https://github.com/nodejitsu/node-http-proxy.git,,migrated,,
node-jersey,1.19,node,,n/node-jersey/node-jersey_ubuntu_18.04.sh,https://github.com/mojodna/node-jersey.git,,migrated,,
node-normalize,0.3.1,node,,n/node-normalize/node-normalize_ubuntu_18.04.sh,https://github.com/nulltask/normalize.styl,,migrated,,
node-oauth,0.0.7,node,,n/node-oauth/node-oauth_ubuntu_18.04.sh,https://github.com/ciaranj/node-oauth.git,,migrated,,
normalize-css,8.0.0,node,,n/normalize-css/normalize-css_ubuntu_18.04.sh,https://github.com/necolas/normalize.css.git,,migrated,,
normalize.css,7.0.0,node,,n/normalize.css/normalize.css_rhel_7.4.sh,https://github.com/necolas/normalize.css.git,,migrated,,
nvd3,1.8.6,node,,n/nvd3/nvd3_ubuntu_16.04.sh,https://github.com/novus/nvd3.git,,migrated,,
object-assign,4.1.1,node,,o/object-assign/object-assign_ubuntu_18.04.sh,https://github.com/sindresorhus/object-assign.git,,migrated,,
oclif-command,v1.8.0,node,,o/oclif-command/oclif-command_ubi_8.3.sh,https://github.com/oclif/command.git,,migrated,,
oclif-config,v1.17.0,node,,o/oclif-config/oclif_config_ubi_8.3.sh,https://github.com/oclif/config.git,,migrated,,
opener,1.4.3,node,,o/opener/opener_ubuntu_18.04.sh,https://github.com/domenic/opener.git,,migrated,,
osapi,0.9.2,node,,o/osapi/osapi_ubuntu_18.04.sh,https://github.com/YounGoat/nodejs.osapi,,migrated,,
p-is-promise,v3.0.0,node,,p/p-is-promise/p-is-promise_rhel_7.6.sh,https://github.com/sindresorhus/p-is-promise.git,,migrated,,
p-map,v4.0.0,node,,p/p-map/p-map_rhel_7.6.sh,https://github.com/sindresorhus/p-map.git,,migrated,,
papaparse,5.3.0,node,,p/papaparse/papaparse_rhel_7.6.sh,https://github.com/mholt/PapaParse.git,,migrated,,
parseqs,4d037fc,node,,p/parseqs/parseqs_rhel_7.6.sh,https://github.com/galkn/querystring.git,,migrated,,
parseuri,NA,node,,p/parseuri/parseuri_ubuntu_18.04.sh,https://github.com/get/parseuri,,migrated,,
particles.js,2.0.0,node,,p/particles.js/particles.js_ubi_8.3.sh,https://github.com/VincentGarreau/particles.js.git,,migrated,,
pdfkit,v0.8.0,node,,p/pdfkit/pdfkit_rhel_7.3.sh,https://github.com/devongovett/pdfkit,,migrated,,
pdfkit,v0.8.0,node,,p/pdfkit/pdfkit_ubuntu_16.04.sh,https://github.com/devongovett/pdfkit,,migrated,,
performance-now,master,node,,p/performance-now/performance_now_rhel_7.6.sh,https://github.com/myrne/performance-now.git,,migrated,,
persevere,NA,node,,p/persevere/persevere_ubuntu_18.04.sh,https://github.com/kriszyp/persevere,,migrated,,
pkg-json,2.0.6,node,,p/pkg-json/pkg-json_ubuntu_18.04.sh,https://github.com/IonicaBizau/pkg.json.git,,migrated,,
polished,v4.1.3,node,,p/polished/polished_ubi_8.3.sh,https://github.com/styled-components/polished.git,,migrated,,
print-html-element,0.5.1,node,,p/print-html-element/print-html-element_ubuntu_18.04.sh,https://github.com/rpdasilva/print-html-element.git,,migrated,,
promise,8.0.1,node,,p/promise/promise_ubuntu_18.04.sh,https://github.com/then/promise,,migrated,,
psl,v1.6.0,node,,p/psl/psl_rhel_7.6.sh,https://github.com/lupomontero/psl,,migrated,,
pstree.remy,1.1.8,node,,p/pstree.remy/pstree.remy_rhel_7.6.sh,https://registry.npmjs.org/pstree.remy/-/pstree.remy-1.1.8.tgz,,migrated,,
qs,v6.7.0,node,,q/qs/qs_rhel_7.6.sh,https://github.com/ljharb/qs.git,,migrated,,
qwery,4.0.0,node,,q/qwery/qwery_ubuntu_18.04.sh,https://github.com/ded/qwery,,migrated,,
react-blockly-component,3.0.2,node,,r/react-blockly-component/react-blockly-component_ubuntu_18.04.sh,https://github.com/patientslikeme/react-blockly-component,,migrated,,
react-collapse,1.9.3,node,,r/react-collapse/react-collapse_ubuntu_18.04.sh,https://github.com/react-component/collapse,,migrated,,
react-hot-loader,v4.12.19,node,,r/react-hot-loader/react-hot-loader_rhel_7.6.sh,https://github.com/gaearon/react-hot-loader.git,,migrated,,
react-html-table-to-excel,2.0.0,node,,r/react-html-table-to-excel/react-html-table-to-excel_ubuntu_18.04.sh,https://github.com/zsusac/ReactHTMLTableToExcel.git,,migrated,,
react-intl,2.4.0,node,,r/react-intl/react-intl_ubuntu_18.04.sh,https://github.com/yahoo/react-intl.git,,migrated,,
react-modal,3.5.1,node,,r/react-modal/react-modal_ubuntu_18.04.sh,https://github.com/reactjs/react-modal.git,,migrated,,
react-motion,0.5.2,node,,r/react-motion/react-motion_ubuntu_18.04.sh,https://github.com/chenglou/react-motion,,migrated,,
react-native-listener,1.0.2,node,,r/react-native-listener/react-native-listener_ubuntu_18.04.sh,https://github.com/erikras/react-native-listener.git,,migrated,,
react-proxy,1.1.8,node,,r/react-proxy/react_proxy_rhel_7.6.sh,https://github.com/gaearon/react-proxy.git,,migrated,,
react-redux,4.0.0,node,,r/react-redux/react-redux_ubuntu_18.04.sh,https://github.com/reduxjs/react-redux,,migrated,,
react-resize-detector,v4.2.1,node,,r/react-resize-detector/react_resize_detector_rhel_7.6.sh,https://github.com/maslianok/react-resize-detector.git,,migrated,,
react-router,4.2.2,node,,r/react-router/react-router_rhel_7.4.sh,https://github.com/ReactTraining/react-router,,migrated,,
react-router,4.3.1,node,,r/react-router/react-router_ubuntu_18.04.sh,https://github.com/ReactTraining/react-router,,migrated,,
react-router-redux,4.0.7,node,,r/react-router-redux/react-router-redux_ubuntu_18.04.sh,https://github.com/reactjs/react-router-redux.git,,migrated,,
react-tap-event-plugin,3.0.3,node,,r/react-tap-event-plugin/react-tap-event-plugin_ubuntu_18.04.sh,https://github.com/zilverline/react-tap-event-plugin.git,,migrated,,
react-transition-group,2.4.0,node,,r/react-transition-group/react-transition-group_ubuntu_18.04.sh,https://github.com/reactjs/react-transition-group.git,,migrated,,
react-zoom-pan-pinch,f78c546,node,,r/react-zoom-pan-pinch/react_zoom_pan_pinch_rhel_7.6.sh,https://github.com/prc5/react-zoom-pan-pinch.git,,migrated,,
reactivestack-cookies,2.1.5,node,,r/reactivestack-cookies/reactivestack-cookies_rhel_7.4.sh,https://github.com/reactivestack/cookies.git,,migrated,,
recharts,1.1.0,node,,r/recharts/recharts_ubuntu_18.04.sh,https://github.com/recharts/recharts.git,,migrated,,
redux,4.0.0,node,,r/redux/redux_ubuntu_18.04.sh,https://github.com/reduxjs/redux.git,,migrated,,
redux-catch,1.3.1,node,,r/redux-catch/redux-catch_ubuntu_18.04.sh,https://github.com/PlatziDev/redux-catch.git,,migrated,,
redux-mock-store,1.4.0,node,,r/redux-mock-store/redux-mock-store_rhel_7.4.sh,https://github.com/arnaudbenard/redux-mock-store.git,,migrated,,
redux-mock-store,1.4.0,node,,r/redux-mock-store/redux-mock-store_ubuntu_16.04.sh,https://github.com/arnaudbenard/redux-mock-store.git,,migrated,,
redux-thunk,2.3.0,node,,r/redux-thunk/redux_thunk_ubuntu_18.04.sh,https://github.com/reduxjs/redux-thunk.git,,migrated,,
registry,0.3.0,node,,r/registry/registry_ubuntu_18.04.sh,https://github.com/DamonOehlman/registry.git,,migrated,,
registry-url,5.1.0,node,,r/registry-url/registry-url_rhel_7.6.sh,https://github.com/sindresorhus/registry-url.git,,migrated,,
repeating,v2.0.1,node,,r/repeating/repeating_rhel_7.6.sh,https://github.com/sindresorhus/repeating.git,,migrated,,
request-promise,4.2.2,node,,r/request-promise/request-promise_rhel_7.4.sh,https://github.com/request/request-promise.git,,migrated,,
request-promise,4.2.2,node,,r/request-promise/request-promise_ubuntu_16.04.sh,https://github.com/request/request-promise.git,,migrated,,
requestretry,v2.0.2,node,,r/requestretry/requestretry_rhel_7.6.sh,https://github.com/FGRibreau/node-request-retry.git,,migrated,,
requirejs,2.3.5,node,,r/requirejs/requirejs_ubuntu_18.04.sh,https://github.com/requirejs/requirejs.git,,migrated,,
resources,0.4.3,node,,r/resources/resources_ubuntu_18.04.sh,https://github.com/bigcompany/resources.git,,migrated,,
rest,2.0.0,node,,r/rest/rest_ubuntu_18.04.sh,https://github.com/cujojs/rest.git,,migrated,,
resumable-js,1.1.0,node,,r/resumable-js/resumable-js_rhel_7.4.sh,https://github.com/23/resumable.js,,migrated,,
resumable-js,1.1.0,node,,r/resumable-js/resumable-js_ubuntu_16.04.sh,https://github.com/23/resumable.js,,migrated,,
rop-type,1.0,node,,r/rop-type/rop-type_ubuntu_18.04.sh,https://github.com/jasmine1569/rop-type.git,,migrated,,
router,v1.2.0,node,,r/router/router_UBI_8.0.sh,https://github.com/reach/router.git,,migrated,,
rsvp,v4.8.5,node,,r/rsvp/rsvp_rhel_7.6.sh,https://github.com/tildeio/rsvp.js.git,,migrated,,
rxjs,7.3.0,node,,r/rxjs/rxjs_ubi_8.3.sh,https://github.com/ReactiveX/rxjs,,migrated,,
sasslint-webpack-plugin,v1.0.4,node,,s/sasslint-webpack-plugin/sasslint_webpack_plugin_rhel_7.6.sh,https://github.com/alleyinteractive/sasslint-webpack-plugin.git,,migrated,,
sax_js,v1.2.2,node,,s/sax_js/sax-js_rhel_7.3.sh,https://github.com/isaacs/sax-js,,migrated,,
sax_js,v1.2.2,node,,s/sax_js/sax-js_ubuntu_16.04.sh,https://github.com/isaacs/sax-js,,migrated,,
script_js,v2.5.8,node,,s/script_js/script-js_rhel_7.3.sh,https://github.com/ded/script.js,,migrated,,
script_js,v2.5.8,node,,s/script_js/script-js_ubuntu_16.04.sh,https://github.com/ded/script.js,,migrated,,
scss-tokenizer,v0.4.2,node,,s/scss-tokenizer/scss-tokenizer_rhel_7.6.sh,https://github.com/sasstools/scss-tokenizer.git,,migrated,,
seamless-immutable,7.1.4,node,,s/seamless-immutable/seamless-immutable_rhel_7.6.sh,https://github.com/rtfeldman/seamless-immutable.git,,migrated,,
secure-keys,1.0.0,node,,s/secure-keys/secure-keys_rhel_7.6.sh,https://registry.npmjs.org/secure-keys/-/secure-keys-1.0.0.tgz,,migrated,,
selfsigned,v1.10.7,node,,s/selfsigned/selfsigned_rhel_7.6.sh,https://github.com/jfromaniello/selfsigned.git,,migrated,,
sha.js,v2.4.11,node,,s/sha.js/sha.js_rhel_7.6.sh,https://github.com/crypto-browserify/sha.js.git,,migrated,,
sinon-chai,3.3.0,node,,s/sinon-chai/sinon-chai_ubi8.sh,https://github.com/domenic/sinon-chai,,migrated,,
sizzle,2.0.0,node,,s/sizzle/sizzle_ubuntu_18.04.sh,https://github.com/jquery/sizzle.git,,migrated,,
socket.io-parser,3.3.0,node,,s/socket.io-parser/socket.io-parser_rhel_7.6.sh,https://github.com/socketio/socket.io-parser.git,,migrated,,
spdx-exceptions.json,v2.3.0,node,,s/spdx-exceptions.json/spdx-exceptions.json_ubi_8.3.sh,https://github.com/jslicense/spdx-exceptions.json.git,,migrated,,
spin-js,4.0.0,node,,s/spin-js/spin-js_ubuntu_18.04.sh,https://github.com/fgnass/spin.js.git,,migrated,,
stdout-stream,v1.4.1,node,,s/stdout-stream/stdout-stream_rhel_7.6.sh,https://github.com/mafintosh/stdout-stream.git,,migrated,,
storybook-readme,storybook-readme@5.0.5,node,,s/storybook-readme/storybook-readme_ubi_8.3.sh,https://github.com/tuchk4/storybook-readme.git,,migrated,,
stream-http,v2.8.3,node,,s/stream-http/stream_http_rhel_7.6.sh,https://github.com/jhiesey/stream-http.git,,migrated,,
strong-agent-statsd,1.0.6,node,,s/strong-agent-statsd/strong-agent-statsd_ubuntu_16.04.sh,https://github.com/strongloop/strong-agent-statsd.git,,migrated,,
strong-build,2.1.2,node,,s/strong-build/strong-build_ubuntu_16.04.sh,https://github.com/strongloop/strong-build.git,,migrated,,
strong-caching-http-client,n/a,node,,s/strong-caching-http-client/strong-caching-http-client_ubuntu_16.04.sh,https://github.com/strongloop/strong-caching-http-client.git,,migrated,,
strong-cluster-connect-store,1.0.3,node,,s/strong-cluster-connect-store/strong-cluster-connect-store_ubuntu_16.04.sh,https://github.com/strongloop/strong-cluster-connect-store.git,,migrated,,
strong-cluster-control,2.2.3,node,,s/strong-cluster-control/strong-cluster-control_ubuntu_16.04.sh,https://github.com/strongloop/strong-cluster-control.git,,migrated,,
strong-cluster-tls-store,1.0.3,node,,s/strong-cluster-tls-store/strong-cluster-tls-store_ubuntu_16.04.sh,https://github.com/strongloop/strong-cluster-tls-store.git,,migrated,,
strong-log-transformer,1.0.6,node,,s/strong-log-transformer/strong-log-transformer_ubuntu_16.04.sh,https://github.com/strongloop/strong-log-transformer.git,,migrated,,
strong-nginx-controller,1.0.2,node,,s/strong-nginx-controller/strong-nginx-controller_ubuntu_16.04.sh,https://github.com/strongloop/strong-nginx-controller.git,,migrated,,
strong-npm-ls,1.0.10,node,,s/strong-npm-ls/strong-npm-ls_ubuntu_16.04.sh,https://github.com/strongloop/strong-npm-ls,,migrated,,
strong-pubsub,0.2.0,node,,s/strong-pubsub/strong-pubsub_ubuntu_16.04.sh,https://github.com/strongloop/strong-pubsub.git,,migrated,,
strong-registry,1.1.6,node,,s/strong-registry/strong-registry_ubuntu_16.04.sh,https://github.com/strongloop/strong-registry,,migrated,,
strong-service-install,2.0.3,node,,s/strong-service-install/strong-service-install_ubuntu_16.04.sh,https://github.com/strongloop/strong-service-install,,migrated,,
strong-service-systemd,1.2.3,node,,s/strong-service-systemd/strong-service-systemd_ubuntu_16.04.sh,https://github.com/strongloop/strong-service-systemd,,migrated,,
strong-service-upstart,1.1.3,node,,s/strong-service-upstart/strong-service-upstart_ubuntu_16.04.sh,https://github.com/strongloop/strong-service-upstart,,migrated,,
strong-store-cluster,1.0.1,node,,s/strong-store-cluster/strong-store-cluster_ubuntu_16.04.sh,https://github.com/strongloop/strong-store-cluster,,migrated,,
strong-url-defaults,1.2.3,node,,s/strong-url-defaults/strong-url-defaults_ubuntu_16.04.sh,https://github.com/strongloop/strong-url-defaults,,migrated,,
strongloop,6.0.3,node,,s/strongloop/strongloop_ubuntu_16.04.sh,https://github.com/strongloop/strongloop,,migrated,,
swagger-spec,3.0.0-rc2,node,,s/swagger-spec/swagger-spec_ubuntu_16.04.sh,https://github.com/swagger-api/swagger-spec.git,,migrated,,
table,v3.8.3,node,,t/table/table_rhel_7.6.sh,https://github.com/gajus/table.git,,migrated,,
tar,5.0.5,node,,t/tar/tar_rhel_7.6.sh,https://github.com/npm/node-tar.git,,migrated,,
to-arraybuffer,v1.0.1,node,,t/to-arraybuffer/to_arraybuffer_rhel_7.6.sh,https://github.com/jhiesey/to-arraybuffer.git,,migrated,,
trim-newlines,v3.0.0,node,,t/trim-newlines/trim-newlines_rhel_7.6.sh,https://github.com/sindresorhus/trim-newlines.git,,migrated,,
true-case-path,master(8a016e6a8be64c873aba414fbcdb4748e24dc796),node,,t/true-case-path/true-case-path_ubi_8.3.sh,https://github.com/Profiscience/true-case-path,,migrated,,
tty-browserify,v0.0.1,node,,t/tty-browserify/tty-browserify_ubi_8.3.sh,https://github.com/browserify/tty-browserify,,migrated,,
typedarray-to-buffer,v3.1.5,node,,t/typedarray-to-buffer/typedarray-to-buffer_rhel_7.6.sh,https://github.com/feross/typedarray-to-buffer.git,,migrated,,
uglifyjs2,3.3.10,node,,u/uglifyjs2/uglifyjs2_rhel_7.4.sh,https://github.com/mishoo/UglifyJS2,,migrated,,
underscore-js,1.9.1,node,,u/underscore-js/underscore-js_ubuntu_18.04.sh,https://github.com/jashkenas/underscore.git,,migrated,,
uniq,4e0fc2c02bfdc17141301845c885f21b9fdacc21,node,,u/uniq/uniq_rhel_7.6.sh,https://github.com/mikolalysenko/uniq.git,,migrated,,
url,v0.11.0,node,,u/url/url_rhel_7.6.sh,https://github.com/defunctzombie/node-url.git,,migrated,,
uue,e2c4f45e0886ba022a1ef2e1545ada74e1143218,node,,u/uue/uue_rhel_7.6.sh,https://github.com/Mithgol/node-uue.git,,migrated,,
void-elements,2.0.1,node,,v/void-elements/void-elements_ubi_8.4.sh,https://github.com/pugjs/void-elements,,migrated,,
watchify,3.10.0,node,,w/watchify/watchify_rhel_7.4.sh,https://github.com/substack/watchify.git,,migrated,,
watchify,3.10.0,node,,w/watchify/watchify_ubuntu_16.04.sh,https://github.com/substack/watchify.git,,migrated,,
webdriverio,v5.0.0-beta.1,node,,w/webdriverio/webdriverio_ubuntu_18.04.sh,https://github.com/webdriverio/webdriverio.git,,migrated,,
webpack-hot-middleware-example,1.0.0,node,,w/webpack-hot-middleware-example/webpack_hot_middleware_example_rhel_7.6.sh,https://registry.npmjs.org/webpack-hot-middleware-example/-/webpack-hot-middleware-example-1.0.0.tgz,,migrated,,
webpack-permissions-plugin,v1.0.7,node,,w/webpack-permissions-plugin/PermissionsPlugin.js_ubi_8.3.sh,https://github.com/GeKorm/webpack-permissions-plugin,,migrated,,
whatwg-fetch,v3.0.0,node,,w/whatwg-fetch/whatwg-fetch_rhel_7.6.sh,https://github.com/github/fetch.git,,migrated,,
whatwg-fetch,2.0.4,node,,w/whatwg-fetch/whatwg-fetch_ubuntu_18.04.sh,https://github.com/github/fetch.git,,migrated,,
which,"v1.3.1, v2.0.2",node,,w/which/which_v2.0.2_v1.3.1_rhel_7.6.sh,https://github.com/isaacs/node-which.git,,migrated,,
window-or-global,v1.0.1,node,,w/window-or-global/window-or-global_rhel_7.6.sh,https://github.com/purposeindustries/window-or-global.git,,migrated,,
window-or-global,1.0.1,node,,w/window-or-global/window-or-global_ubuntu_18.04.sh,https://github.com/purposeindustries/window-or-global.git,,migrated,,
window-size,1.1.1,node,,w/window-size/window-size_rhel_7.6.sh,https://github.com/jonschlinkert/window-size.git,,migrated,,
xpath,0.0.27,node,,x/xpath/xpath_ubi8.sh,https://github.com/goto100/xpath,,migrated,,
xregexp,3.2.0,node,,x/xregexp/xregexp_rhel_7.3.sh,https://github.com/slevithan/xregexp.git,,migrated,,
xregexp,3.2.0,node,,x/xregexp/xregexp_ubuntu_16.04.sh,https://github.com/slevithan/xregexp.git,,migrated,,
xstyle,0.2.0,node,,x/xstyle/xstyle_ubuntu_18.04.sh,https://github.com/kriszyp/xstyle.git,,migrated,,
zmq,2.15.3,node,,z/zmq/zmq_rhel_7.6.sh,https://github.com/JustinTulloss/zeromq.node.git,,migrated,,
cockroachdb,v19.1.5,node,,c/cockroachdb/v19.1.5/cockroachdb_debian9.8slim.sh,https://github.com/cockroachdb/cockroach,,migrated,,
cockroachdb,v20.2.17,node,,c/cockroachdb/v20.2.17-oss/cockroachdb_ubi8.sh,https://github.com/cockroachdb/cockroach,,migrated,,
cockroachdb,v19.1.5,node,,c/cockroachdb/v19.1.5/cockroachdb_ubi7.6.sh,https://github.com/cockroachdb/cockroach,,migrated,,
cockroachdb,v19.1.8,node,,c/cockroachdb/v19.1.8/cockroachdb_ubi7.sh,https://github.com/cockroachdb/cockroach,,migrated,,
adaro,1.0.4,node,,a/adaro/adaro_rhel_7.6.sh,https://github.com/krakenjs/adaro,,migrated,,
apache-oozie,5.1.0,node,,a/apache-oozie/oozie_5.1.0_rhel_7.6.sh,https://github.com/apache/oozie,,migrated,,
backbone,1.3.3,node,,b/backbone/backbone_ubuntu_18.04.sh,https://github.com/jashkenas/backbone,,migrated,,
jquery-cron,v0.1.4.1,node,,c/jquery-cron/jquery-cron_UBI_8.0.sh,https://github.com/shawnchin/jquery-cron.git,,migrated,,
date-fns,v1.29.0,node,,d/date-fns/date-fns_UBI_8.0.sh,https://github.com/date-fns/date-fns.git,,migrated,,
jodid25519,0.7.1,node,,j/jodid25519/jodid25519_ubuntu_18.04.sh,https://github.com/meganz/jodid25519,,migrated,,
micromatch,4.0.2,node,,m/micromatch/micromatch_rhel_7.6.sh,https://github.com/micromatch/micromatch.git,,migrated,,
preserve,0.2.0,node,,p/preserve/preserve_rhel_7.6.sh,https://github.com/jonschlinkert/preserve.git,,migrated,,
jquery.sparkline,v2.1.2,node,,s/jquery.sparkline/jquery.sparkline_UBI_8.0.sh,https://github.com/gwatts/jquery.sparkline.git,,migrated,,
styled-components,v5.3.3,node,,s/styled-components/styled-components_ubi_8.3.sh,https://github.com/styled-components/styled-components.git,,migrated,,
theia,v0.3.15,node,,t/theia/Theia_alpine_3.8.sh,https://github.com/theia-ide/theia.git,,migrated,,
theia,v0.3.12,node,,t/theia/theia_ubuntu_16.04.sh,https://github.com/theia-ide/theia.git,,migrated,,
